solid PS52_BeutelRevision_LVOT_006
  facet normal 0.23752236366271973 0.38160011172294617 -0.8932886719703674
    outer loop
      vertex 4.95185661315918 0.17419779300689697 14.23570728302002
      vertex 5.992115497589111 0.8097219467163086 14.783795356750488
      vertex 5.531796932220459 -1.8618639707565308 13.520134925842285
    endloop
  endfacet
  facet normal 0.3944176137447357 0.3926892578601837 -0.8308006525039673
    outer loop
      vertex 5.992115497589111 0.8097219467163086 14.783795356750488
      vertex 7.231688976287842 1.7379318475723267 15.811006546020508
      vertex 6.829288482666016 -1.269593358039856 14.198421478271484
    endloop
  endfacet
  facet normal 0.3853190541267395 0.19002825021743774 -0.9030053019523621
    outer loop
      vertex 5.531796932220459 -1.8618639707565308 13.520134925842285
      vertex 6.829288482666016 -1.269593358039856 14.198421478271484
      vertex 6.075089931488037 -4.213954925537109 13.256988525390625
    endloop
  endfacet
  facet normal 0.29395791888237 0.36683136224746704 -0.8826230764389038
    outer loop
      vertex 6.829288482666016 -1.269593358039856 14.198421478271484
      vertex 5.531796932220459 -1.8618639707565308 13.520134925842285
      vertex 5.992115497589111 0.8097219467163086 14.783795356750488
    endloop
  endfacet
  facet normal 0.707323431968689 0.36653339862823486 -0.6044392585754395
    outer loop
      vertex 7.231688976287842 1.7379318475723267 15.811006546020508
      vertex 8.333251953125 2.6325764656066895 17.64258575439453
      vertex 8.082428932189941 -0.28888049721717834 15.57749080657959
    endloop
  endfacet
  facet normal 0.8971356153488159 0.17904093861579895 -0.4038466215133667
    outer loop
      vertex 8.333251953125 2.6325764656066895 17.64258575439453
      vertex 9.317472457885742 3.3569655418395996 20.150157928466797
      vertex 9.016815185546875 0.6105839014053345 18.264677047729492
    endloop
  endfacet
  facet normal 0.9441110491752625 0.003939441870898008 -0.3296041190624237
    outer loop
      vertex 8.082428932189941 -0.28888049721717834 15.57749080657959
      vertex 9.016815185546875 0.6105839014053345 18.264677047729492
      vertex 8.49170970916748 -2.396772861480713 16.724632263183594
    endloop
  endfacet
  facet normal 0.905918538570404 0.1897975504398346 -0.3785349428653717
    outer loop
      vertex 9.016815185546875 0.6105839014053345 18.264677047729492
      vertex 8.082428932189941 -0.28888049721717834 15.57749080657959
      vertex 8.333251953125 2.6325764656066895 17.64258575439453
    endloop
  endfacet
  facet normal 0.6461319923400879 -0.02655716985464096 -0.7627635598182678
    outer loop
      vertex 6.075089931488037 -4.213954925537109 13.256988525390625
      vertex 7.390688896179199 -3.517918109893799 14.347189903259277
      vertex 6.47755765914917 -6.451207160949707 13.675810813903809
    endloop
  endfacet
  facet normal 0.9200354218482971 -0.10029677301645279 -0.37878137826919556
    outer loop
      vertex 7.390688896179199 -3.517918109893799 14.347189903259277
      vertex 8.49170970916748 -2.396772861480713 16.724632263183594
      vertex 7.710569858551025 -5.453088283538818 15.63656997680664
    endloop
  endfacet
  facet normal 0.871496319770813 -0.18208840489387512 -0.4553438723087311
    outer loop
      vertex 6.47755765914917 -6.451207160949707 13.675810813903809
      vertex 7.710569858551025 -5.453088283538818 15.63656997680664
      vertex 6.71671199798584 -8.367093086242676 14.899682998657227
    endloop
  endfacet
  facet normal 0.8706032633781433 -0.16492697596549988 -0.4635182023048401
    outer loop
      vertex 7.710569858551025 -5.453088283538818 15.63656997680664
      vertex 6.47755765914917 -6.451207160949707 13.675810813903809
      vertex 7.390688896179199 -3.517918109893799 14.347189903259277
    endloop
  endfacet
  facet normal 0.9140327572822571 -0.04208902642130852 -0.4034508466720581
    outer loop
      vertex 8.49170970916748 -2.396772861480713 16.724632263183594
      vertex 7.390688896179199 -3.517918109893799 14.347189903259277
      vertex 8.082428932189941 -0.28888049721717834 15.57749080657959
    endloop
  endfacet
  facet normal 0.6036008596420288 0.0983651652932167 -0.7911955714225769
    outer loop
      vertex 7.390688896179199 -3.517918109893799 14.347189903259277
      vertex 6.075089931488037 -4.213954925537109 13.256988525390625
      vertex 6.829288482666016 -1.269593358039856 14.198421478271484
    endloop
  endfacet
  facet normal 0.5720995664596558 0.32680544257164 -0.7522634267807007
    outer loop
      vertex 8.082428932189941 -0.28888049721717834 15.57749080657959
      vertex 6.829288482666016 -1.269593358039856 14.198421478271484
      vertex 7.231688976287842 1.7379318475723267 15.811006546020508
    endloop
  endfacet
  facet normal 0.6885820031166077 0.12466872483491898 -0.7143616080284119
    outer loop
      vertex 6.829288482666016 -1.269593358039856 14.198421478271484
      vertex 8.082428932189941 -0.28888049721717834 15.57749080657959
      vertex 7.390688896179199 -3.517918109893799 14.347189903259277
    endloop
  endfacet
  facet normal 0.928753137588501 0.14464949071407318 -0.3413122296333313
    outer loop
      vertex 9.317472457885742 3.3569655418395996 20.150157928466797
      vertex 10.200780868530273 3.9981324672698975 22.82547950744629
      vertex 9.918526649475098 1.5129899978637695 21.00421714782715
    endloop
  endfacet
  facet normal 0.954287588596344 0.11329536139965057 -0.2765853703022003
    outer loop
      vertex 10.200780868530273 3.9981324672698975 22.82547950744629
      vertex 10.987656593322754 4.432737827301025 25.71841812133789
      vertex 10.742277145385742 2.2624306678771973 23.9827938079834
    endloop
  endfacet
  facet normal 0.9652745127677917 -0.029251568019390106 -0.25959479808807373
    outer loop
      vertex 9.918526649475098 1.5129899978637695 21.00421714782715
      vertex 10.742277145385742 2.2624306678771973 23.9827938079834
      vertex 10.301342010498047 -0.21778178215026855 22.622699737548828
    endloop
  endfacet
  facet normal 0.951570451259613 0.10395581275224686 -0.2893211841583252
    outer loop
      vertex 10.742277145385742 2.2624306678771973 23.9827938079834
      vertex 9.918526649475098 1.5129899978637695 21.00421714782715
      vertex 10.200780868530273 3.9981324672698975 22.82547950744629
    endloop
  endfacet
  facet normal 0.9605825543403625 0.12081776559352875 -0.2503681182861328
    outer loop
      vertex 10.987656593322754 4.432737827301025 25.71841812133789
      vertex 11.732781410217285 4.626521110534668 28.67073631286621
      vertex 11.557291984558105 2.8004212379455566 27.116235733032227
    endloop
  endfacet
  facet normal 0.961634635925293 0.15473467111587524 -0.22653023898601532
    outer loop
      vertex 11.732781410217285 4.626521110534668 28.67073631286621
      vertex 12.342573165893555 4.615227699279785 31.251625061035156
      vertex 12.33910846710205 3.1844096183776855 30.25957679748535
    endloop
  endfacet
  facet normal 0.970824658870697 -0.021939914673566818 -0.2387848049402237
    outer loop
      vertex 11.557291984558105 2.8004212379455566 27.116235733032227
      vertex 12.33910846710205 3.1844096183776855 30.25957679748535
      vertex 12.077736854553223 1.2363723516464233 29.37590980529785
    endloop
  endfacet
  facet normal 0.9593209028244019 0.12379816919565201 -0.2537268102169037
    outer loop
      vertex 12.33910846710205 3.1844096183776855 30.25957679748535
      vertex 11.557291984558105 2.8004212379455566 27.116235733032227
      vertex 11.732781410217285 4.626521110534668 28.67073631286621
    endloop
  endfacet
  facet normal 0.9635067582130432 -0.1639208197593689 -0.2116241455078125
    outer loop
      vertex 10.301342010498047 -0.21778178215026855 22.622699737548828
      vertex 11.172369003295898 0.6099197268486023 25.94728660583496
      vertex 10.565428733825684 -1.8069028854370117 25.055973052978516
    endloop
  endfacet
  facet normal 0.9602687954902649 -0.16794893145561218 -0.22288377583026886
    outer loop
      vertex 11.172369003295898 0.6099197268486023 25.94728660583496
      vertex 12.077736854553223 1.2363723516464233 29.37590980529785
      vertex 11.53625202178955 -0.967391312122345 28.703580856323242
    endloop
  endfacet
  facet normal 0.9423062205314636 -0.27773404121398926 -0.18687643110752106
    outer loop
      vertex 10.565428733825684 -1.8069028854370117 25.055973052978516
      vertex 11.53625202178955 -0.967391312122345 28.703580856323242
      vertex 10.75072193145752 -3.2843124866485596 28.18600845336914
    endloop
  endfacet
  facet normal 0.9623475670814514 -0.1608700007200241 -0.21910721063613892
    outer loop
      vertex 11.53625202178955 -0.967391312122345 28.703580856323242
      vertex 10.565428733825684 -1.8069028854370117 25.055973052978516
      vertex 11.172369003295898 0.6099197268486023 25.94728660583496
    endloop
  endfacet
  facet normal 0.9678478837013245 -0.03732919320464134 -0.2487509697675705
    outer loop
      vertex 12.077736854553223 1.2363723516464233 29.37590980529785
      vertex 11.172369003295898 0.6099197268486023 25.94728660583496
      vertex 11.557291984558105 2.8004212379455566 27.116235733032227
    endloop
  endfacet
  facet normal 0.9689369797706604 -0.03827453777194023 -0.24432821571826935
    outer loop
      vertex 11.172369003295898 0.6099197268486023 25.94728660583496
      vertex 10.301342010498047 -0.21778178215026855 22.622699737548828
      vertex 10.742277145385742 2.2624306678771973 23.9827938079834
    endloop
  endfacet
  facet normal 0.9578472375869751 0.10541728883981705 -0.2672375440597534
    outer loop
      vertex 11.557291984558105 2.8004212379455566 27.116235733032227
      vertex 10.742277145385742 2.2624306678771973 23.9827938079834
      vertex 10.987656593322754 4.432737827301025 25.71841812133789
    endloop
  endfacet
  facet normal 0.9686741232872009 -0.03937245160341263 -0.2451942265033722
    outer loop
      vertex 10.742277145385742 2.2624306678771973 23.9827938079834
      vertex 11.557291984558105 2.8004212379455566 27.116235733032227
      vertex 11.172369003295898 0.6099197268486023 25.94728660583496
    endloop
  endfacet
  facet normal 0.893670380115509 -0.4098469614982605 -0.1826982945203781
    outer loop
      vertex 6.71671199798584 -8.367093086242676 14.899682998657227
      vertex 7.874217987060547 -7.049671173095703 17.60626220703125
      vertex 6.813980579376221 -9.427395820617676 17.75404930114746
    endloop
  endfacet
  facet normal 0.9321370720863342 -0.3362237811088562 -0.13444022834300995
    outer loop
      vertex 7.874217987060547 -7.049671173095703 17.60626220703125
      vertex 8.841744422912598 -5.64030647277832 20.789873123168945
      vertex 7.89094352722168 -8.156560897827148 20.490467071533203
    endloop
  endfacet
  facet normal 0.8593264222145081 -0.5003582835197449 -0.10582813620567322
    outer loop
      vertex 6.813980579376221 -9.427395820617676 17.75404930114746
      vertex 7.89094352722168 -8.156560897827148 20.490467071533203
      vertex 6.837936878204346 -10.102434158325195 21.140174865722656
    endloop
  endfacet
  facet normal 0.8973552584648132 -0.4102437198162079 -0.162645623087883
    outer loop
      vertex 7.89094352722168 -8.156560897827148 20.490467071533203
      vertex 6.813980579376221 -9.427395820617676 17.75404930114746
      vertex 7.874217987060547 -7.049671173095703 17.60626220703125
    endloop
  endfacet
  facet normal 0.9324001669883728 -0.3435373306274414 -0.11230318248271942
    outer loop
      vertex 8.841744422912598 -5.64030647277832 20.789873123168945
      vertex 9.762439727783203 -4.319278717041016 24.39292335510254
      vertex 8.820826530456543 -6.745080471038818 23.995723724365234
    endloop
  endfacet
  facet normal 0.9209217429161072 -0.36343422532081604 -0.14077942073345184
    outer loop
      vertex 9.762439727783203 -4.319278717041016 24.39292335510254
      vertex 10.75072193145752 -3.2843124866485596 28.18600845336914
      vertex 9.787726402282715 -5.579555511474609 27.811851501464844
    endloop
  endfacet
  facet normal 0.8915733098983765 -0.44376975297927856 -0.09036315232515335
    outer loop
      vertex 8.820826530456543 -6.745080471038818 23.995723724365234
      vertex 9.787726402282715 -5.579555511474609 27.811851501464844
      vertex 8.72812271118164 -7.677443027496338 27.65985107421875
    endloop
  endfacet
  facet normal 0.931164562702179 -0.3398086130619049 -0.13214637339115143
    outer loop
      vertex 9.787726402282715 -5.579555511474609 27.811851501464844
      vertex 8.820826530456543 -6.745080471038818 23.995723724365234
      vertex 9.762439727783203 -4.319278717041016 24.39292335510254
    endloop
  endfacet
  facet normal 0.824738085269928 -0.5648255348205566 -0.027916911989450455
    outer loop
      vertex 6.837936878204346 -10.102434158325195 21.140174865722656
      vertex 7.809398651123047 -8.829527854919434 24.085756301879883
      vertex 6.815086364746094 -10.328849792480469 25.046037673950195
    endloop
  endfacet
  facet normal 0.8461225628852844 -0.5309698581695557 -0.04634202644228935
    outer loop
      vertex 7.809398651123047 -8.829527854919434 24.085756301879883
      vertex 8.72812271118164 -7.677443027496338 27.65985107421875
      vertex 7.669337272644043 -9.38175106048584 27.855655670166016
    endloop
  endfacet
  facet normal 0.7853387594223022 -0.6183221340179443 -0.030347255989909172
    outer loop
      vertex 6.815086364746094 -10.328849792480469 25.046037673950195
      vertex 7.669337272644043 -9.38175106048584 27.855655670166016
      vertex 6.804060935974121 -10.507241249084473 28.395423889160156
    endloop
  endfacet
  facet normal 0.8158933520317078 -0.5756741762161255 -0.054013509303331375
    outer loop
      vertex 7.669337272644043 -9.38175106048584 27.855655670166016
      vertex 6.815086364746094 -10.328849792480469 25.046037673950195
      vertex 7.809398651123047 -8.829527854919434 24.085756301879883
    endloop
  endfacet
  facet normal 0.8946148753166199 -0.437925785779953 -0.08879914879798889
    outer loop
      vertex 8.72812271118164 -7.677443027496338 27.65985107421875
      vertex 7.809398651123047 -8.829527854919434 24.085756301879883
      vertex 8.820826530456543 -6.745080471038818 23.995723724365234
    endloop
  endfacet
  facet normal 0.8667978048324585 -0.4933343827724457 -0.07268257439136505
    outer loop
      vertex 7.809398651123047 -8.829527854919434 24.085756301879883
      vertex 6.837936878204346 -10.102434158325195 21.140174865722656
      vertex 7.89094352722168 -8.156560897827148 20.490467071533203
    endloop
  endfacet
  facet normal 0.9339619874954224 -0.3397057056427002 -0.1109725832939148
    outer loop
      vertex 8.820826530456543 -6.745080471038818 23.995723724365234
      vertex 7.89094352722168 -8.156560897827148 20.490467071533203
      vertex 8.841744422912598 -5.64030647277832 20.789873123168945
    endloop
  endfacet
  facet normal 0.896923303604126 -0.43787187337875366 -0.06161779165267944
    outer loop
      vertex 7.89094352722168 -8.156560897827148 20.490467071533203
      vertex 8.820826530456543 -6.745080471038818 23.995723724365234
      vertex 7.809398651123047 -8.829527854919434 24.085756301879883
    endloop
  endfacet
  facet normal 0.9500306248664856 -0.2568092346191406 -0.17745698988437653
    outer loop
      vertex 10.75072193145752 -3.2843124866485596 28.18600845336914
      vertex 9.762439727783203 -4.319278717041016 24.39292335510254
      vertex 10.565428733825684 -1.8069028854370117 25.055973052978516
    endloop
  endfacet
  facet normal 0.9576627016067505 -0.2419634908437729 -0.1559998244047165
    outer loop
      vertex 9.762439727783203 -4.319278717041016 24.39292335510254
      vertex 8.841744422912598 -5.64030647277832 20.789873123168945
      vertex 9.658241271972656 -2.9059178829193115 21.56106948852539
    endloop
  endfacet
  facet normal 0.9673361778259277 -0.15101082623004913 -0.20360849797725677
    outer loop
      vertex 10.565428733825684 -1.8069028854370117 25.055973052978516
      vertex 9.658241271972656 -2.9059178829193115 21.56106948852539
      vertex 10.301342010498047 -0.21778178215026855 22.622699737548828
    endloop
  endfacet
  facet normal 0.9512708187103271 -0.2604902386665344 -0.1650112122297287
    outer loop
      vertex 9.658241271972656 -2.9059178829193115 21.56106948852539
      vertex 10.565428733825684 -1.8069028854370117 25.055973052978516
      vertex 9.762439727783203 -4.319278717041016 24.39292335510254
    endloop
  endfacet
  facet normal 0.9522976875305176 -0.24608951807022095 -0.1804690659046173
    outer loop
      vertex 8.841744422912598 -5.64030647277832 20.789873123168945
      vertex 7.874217987060547 -7.049671173095703 17.60626220703125
      vertex 8.754030227661133 -4.193838596343994 18.354604721069336
    endloop
  endfacet
  facet normal 0.9286454916000366 -0.24665667116641998 -0.2770884037017822
    outer loop
      vertex 7.874217987060547 -7.049671173095703 17.60626220703125
      vertex 6.71671199798584 -8.367093086242676 14.899682998657227
      vertex 7.710569858551025 -5.453088283538818 15.63656997680664
    endloop
  endfacet
  facet normal 0.9443393349647522 -0.13447153568267822 -0.3002343475818634
    outer loop
      vertex 8.754030227661133 -4.193838596343994 18.354604721069336
      vertex 7.710569858551025 -5.453088283538818 15.63656997680664
      vertex 8.49170970916748 -2.396772861480713 16.724632263183594
    endloop
  endfacet
  facet normal 0.9402576088905334 -0.22203834354877472 -0.25809818506240845
    outer loop
      vertex 7.710569858551025 -5.453088283538818 15.63656997680664
      vertex 8.754030227661133 -4.193838596343994 18.354604721069336
      vertex 7.874217987060547 -7.049671173095703 17.60626220703125
    endloop
  endfacet
  facet normal 0.9654492735862732 -0.028665674850344658 -0.25900962948799133
    outer loop
      vertex 10.301342010498047 -0.21778178215026855 22.622699737548828
      vertex 9.438643455505371 -1.2595480680465698 19.52231788635254
      vertex 9.918526649475098 1.5129899978637695 21.00421714782715
    endloop
  endfacet
  facet normal 0.9474010467529297 -0.0015300754457712173 -0.3200452923774719
    outer loop
      vertex 9.438643455505371 -1.2595480680465698 19.52231788635254
      vertex 8.49170970916748 -2.396772861480713 16.724632263183594
      vertex 9.016815185546875 0.6105839014053345 18.264677047729492
    endloop
  endfacet
  facet normal 0.9260441064834595 0.13940668106079102 -0.35072532296180725
    outer loop
      vertex 9.918526649475098 1.5129899978637695 21.00421714782715
      vertex 9.016815185546875 0.6105839014053345 18.264677047729492
      vertex 9.317472457885742 3.3569655418395996 20.150157928466797
    endloop
  endfacet
  facet normal 0.9495434761047363 0.0032752412371337414 -0.3136183023452759
    outer loop
      vertex 9.016815185546875 0.6105839014053345 18.264677047729492
      vertex 9.918526649475098 1.5129899978637695 21.00421714782715
      vertex 9.438643455505371 -1.2595480680465698 19.52231788635254
    endloop
  endfacet
  facet normal 0.9541926980018616 -0.11226135492324829 -0.2773331105709076
    outer loop
      vertex 8.49170970916748 -2.396772861480713 16.724632263183594
      vertex 9.438643455505371 -1.2595480680465698 19.52231788635254
      vertex 8.754030227661133 -4.193838596343994 18.354604721069336
    endloop
  endfacet
  facet normal 0.9648038148880005 -0.1438862532377243 -0.22011446952819824
    outer loop
      vertex 9.438643455505371 -1.2595480680465698 19.52231788635254
      vertex 10.301342010498047 -0.21778178215026855 22.622699737548828
      vertex 9.658241271972656 -2.9059178829193115 21.56106948852539
    endloop
  endfacet
  facet normal 0.955881655216217 -0.23615778982639313 -0.17469903826713562
    outer loop
      vertex 8.754030227661133 -4.193838596343994 18.354604721069336
      vertex 9.658241271972656 -2.9059178829193115 21.56106948852539
      vertex 8.841744422912598 -5.64030647277832 20.789873123168945
    endloop
  endfacet
  facet normal 0.9662866592407227 -0.1392725706100464 -0.21654847264289856
    outer loop
      vertex 9.658241271972656 -2.9059178829193115 21.56106948852539
      vertex 8.754030227661133 -4.193838596343994 18.354604721069336
      vertex 9.438643455505371 -1.2595480680465698 19.52231788635254
    endloop
  endfacet
  facet normal 0.9497750401496887 0.2751105725765228 -0.14913585782051086
    outer loop
      vertex 12.342573165893555 4.615227699279785 31.251625061035156
      vertex 12.562901496887207 5.2780609130859375 33.87751770019531
      vertex 12.972919464111328 3.62148380279541 33.43284225463867
    endloop
  endfacet
  facet normal 0.9226169586181641 0.3826136291027069 -0.04883452132344246
    outer loop
      vertex 12.562901496887207 5.2780609130859375 33.87751770019531
      vertex 12.483384132385254 5.936710834503174 37.535675048828125
      vertex 13.188604354858398 4.16743278503418 36.99708557128906
    endloop
  endfacet
  facet normal 0.9822666645050049 0.16709616780281067 -0.08503517508506775
    outer loop
      vertex 12.972919464111328 3.62148380279541 33.43284225463867
      vertex 13.188604354858398 4.16743278503418 36.99708557128906
      vertex 13.47204875946045 2.262871742248535 36.52872848510742
    endloop
  endfacet
  facet normal 0.9595023393630981 0.2639230191707611 -0.09848897904157639
    outer loop
      vertex 13.188604354858398 4.16743278503418 36.99708557128906
      vertex 12.972919464111328 3.62148380279541 33.43284225463867
      vertex 12.562901496887207 5.2780609130859375 33.87751770019531
    endloop
  endfacet
  facet normal 0.9031966924667358 0.42919600009918213 -0.005156634375452995
    outer loop
      vertex 12.483384132385254 5.936710834503174 37.535675048828125
      vertex 12.126371383666992 6.734051704406738 41.36817169189453
      vertex 13.012203216552734 4.86246395111084 40.748069763183594
    endloop
  endfacet
  facet normal 0.8784018158912659 0.4776821434497833 0.015170481987297535
    outer loop
      vertex 12.126371383666992 6.734051704406738 41.36817169189453
      vertex 11.418973922729492 7.914307117462158 45.16450881958008
      vertex 12.565423965454102 5.827790260314941 44.48213577270508
    endloop
  endfacet
  facet normal 0.9428737759590149 0.3320566713809967 0.02697150409221649
    outer loop
      vertex 13.012203216552734 4.86246395111084 40.748069763183594
      vertex 12.565423965454102 5.827790260314941 44.48213577270508
      vertex 13.34421443939209 3.6654603481292725 43.87834930419922
    endloop
  endfacet
  facet normal 0.9035239219665527 0.4285292327404022 -0.0026766513474285603
    outer loop
      vertex 12.565423965454102 5.827790260314941 44.48213577270508
      vertex 13.012203216552734 4.86246395111084 40.748069763183594
      vertex 12.126371383666992 6.734051704406738 41.36817169189453
    endloop
  endfacet
  facet normal 0.9945881962776184 0.09698721021413803 -0.03725429251790047
    outer loop
      vertex 13.47204875946045 2.262871742248535 36.52872848510742
      vertex 13.5480375289917 2.8923685550689697 40.19624328613281
      vertex 13.734902381896973 0.8208468556404114 39.79206085205078
    endloop
  endfacet
  facet normal 0.9845144152641296 0.17438898980617523 0.017883265390992165
    outer loop
      vertex 13.5480375289917 2.8923685550689697 40.19624328613281
      vertex 13.34421443939209 3.6654603481292725 43.87834930419922
      vertex 13.731098175048828 1.5564265251159668 43.14580154418945
    endloop
  endfacet
  facet normal 0.999845564365387 0.01737363077700138 -0.002676435513421893
    outer loop
      vertex 13.734902381896973 0.8208468556404114 39.79206085205078
      vertex 13.731098175048828 1.5564265251159668 43.14580154418945
      vertex 13.767640113830566 -0.5816342234611511 42.91804122924805
    endloop
  endfacet
  facet normal 0.9954230189323425 0.09357801079750061 -0.01939544267952442
    outer loop
      vertex 13.731098175048828 1.5564265251159668 43.14580154418945
      vertex 13.734902381896973 0.8208468556404114 39.79206085205078
      vertex 13.5480375289917 2.8923685550689697 40.19624328613281
    endloop
  endfacet
  facet normal 0.964816689491272 0.26291725039482117 -0.0017944284481927752
    outer loop
      vertex 13.34421443939209 3.6654603481292725 43.87834930419922
      vertex 13.5480375289917 2.8923685550689697 40.19624328613281
      vertex 13.012203216552734 4.86246395111084 40.748069763183594
    endloop
  endfacet
  facet normal 0.9862114191055298 0.15848641097545624 -0.04763653129339218
    outer loop
      vertex 13.5480375289917 2.8923685550689697 40.19624328613281
      vertex 13.47204875946045 2.262871742248535 36.52872848510742
      vertex 13.188604354858398 4.16743278503418 36.99708557128906
    endloop
  endfacet
  facet normal 0.9258232712745667 0.3770388960838318 -0.026323091238737106
    outer loop
      vertex 13.012203216552734 4.86246395111084 40.748069763183594
      vertex 13.188604354858398 4.16743278503418 36.99708557128906
      vertex 12.483384132385254 5.936710834503174 37.535675048828125
    endloop
  endfacet
  facet normal 0.96469646692276 0.26334208250045776 -0.003427736461162567
    outer loop
      vertex 13.188604354858398 4.16743278503418 36.99708557128906
      vertex 13.012203216552734 4.86246395111084 40.748069763183594
      vertex 13.5480375289917 2.8923685550689697 40.19624328613281
    endloop
  endfacet
  facet normal 0.883404016494751 0.46671250462532043 -0.04215296730399132
    outer loop
      vertex 12.009326934814453 6.950458526611328 46.86498260498047
      vertex 11.418973922729492 7.914307117462158 45.16450881958008
      vertex 11.498014450073242 7.971917152404785 47.45882034301758
    endloop
  endfacet
  facet normal 0.8372446894645691 0.5414426922798157 -0.0765577033162117
    outer loop
      vertex 10.96884536743164 8.826448440551758 47.617340087890625
      vertex 10.662911415100098 9.519808769226074 49.17529296875
      vertex 11.216155052185059 8.620111465454102 48.86266326904297
    endloop
  endfacet
  facet normal 0.9117417335510254 0.4104040861129761 -0.017190564423799515
    outer loop
      vertex 12.009326934814453 6.950458526611328 46.86498260498047
      vertex 11.722808837890625 7.659628868103027 48.59941482543945
      vertex 12.195745468139648 6.600333213806152 48.39330291748047
    endloop
  endfacet
  facet normal 0.9984713792800903 -0.05090723931789398 0.021527374163269997
    outer loop
      vertex 13.767640113830566 -0.5816342234611511 42.91804122924805
      vertex 13.745989799499512 0.35371801257133484 46.13410568237305
      vertex 13.637160301208496 -1.9210234880447388 45.80254364013672
    endloop
  endfacet
  facet normal 0.9998339414596558 -0.01719873771071434 0.006027717608958483
    outer loop
      vertex 13.71420669555664 -0.9655908942222595 47.64170455932617
      vertex 13.745989799499512 0.35371801257133484 46.13410568237305
      vertex 13.72889232635498 0.03063030168414116 48.04825210571289
    endloop
  endfacet
  facet normal 0.9845035076141357 -0.17535866796970367 -0.0014907201984897256
    outer loop
      vertex 13.425701141357422 -3.1222009658813477 47.44914245605469
      vertex 13.637160301208496 -1.9210234880447388 45.80254364013672
      vertex 13.616402626037598 -2.0542221069335938 47.76235580444336
    endloop
  endfacet
  facet normal 0.998812735080719 -0.04510205239057541 -0.018412169069051743
    outer loop
      vertex 13.71420669555664 -0.9655908942222595 47.64170455932617
      vertex 13.637160301208496 -1.9210234880447388 45.80254364013672
      vertex 13.745989799499512 0.35371801257133484 46.13410568237305
    endloop
  endfacet
  facet normal 0.9907310009002686 0.09910863637924194 0.09289535880088806
    outer loop
      vertex 13.663102149963379 0.9588932394981384 48.14936828613281
      vertex 13.509712219238281 1.3273934125900269 49.392127990722656
      vertex 13.624408721923828 0.4204478859901428 49.13649368286133
    endloop
  endfacet
  facet normal 0.9756100177764893 -0.20842306315898895 0.06888412684202194
    outer loop
      vertex 13.425701141357422 -3.1222009658813477 47.44914245605469
      vertex 13.441032409667969 -2.594783067703247 48.827816009521484
      vertex 13.206926345825195 -3.6992440223693848 48.801700592041016
    endloop
  endfacet
  facet normal 0.9954032301902771 -0.06361301988363266 0.07159493118524551
    outer loop
      vertex 13.71420669555664 -0.9655908942222595 47.64170455932617
      vertex 13.64632511138916 -0.5253598690032959 48.97663116455078
      vertex 13.588881492614746 -1.5381797552108765 48.87538146972656
    endloop
  endfacet
  facet normal 0.9956139326095581 0.09263089299201965 0.013132873922586441
    outer loop
      vertex 13.663102149963379 0.9588932394981384 48.14936828613281
      vertex 13.745989799499512 0.35371801257133484 46.13410568237305
      vertex 13.608635902404785 1.6649212837219238 47.29862976074219
    endloop
  endfacet
  facet normal 0.9998556971549988 0.01689510978758335 0.0018172245472669601
    outer loop
      vertex 13.745989799499512 0.35371801257133484 46.13410568237305
      vertex 13.767640113830566 -0.5816342234611511 42.91804122924805
      vertex 13.731098175048828 1.5564265251159668 43.14580154418945
    endloop
  endfacet
  facet normal 0.9844140410423279 0.17517651617527008 0.015562881715595722
    outer loop
      vertex 13.566581726074219 2.2486329078674316 45.76061248779297
      vertex 13.731098175048828 1.5564265251159668 43.14580154418945
      vertex 13.34421443939209 3.6654603481292725 43.87834930419922
    endloop
  endfacet
  facet normal 0.9942247271537781 0.10118194669485092 0.03576837107539177
    outer loop
      vertex 13.731098175048828 1.5564265251159668 43.14580154418945
      vertex 13.566581726074219 2.2486329078674316 45.76061248779297
      vertex 13.745989799499512 0.35371801257133484 46.13410568237305
    endloop
  endfacet
  facet normal 0.9424141049385071 0.3338530957698822 0.019945096224546432
    outer loop
      vertex 12.918264389038086 4.721395015716553 46.32979202270508
      vertex 13.34421443939209 3.6654603481292725 43.87834930419922
      vertex 12.565423965454102 5.827790260314941 44.48213577270508
    endloop
  endfacet
  facet normal 0.8724590539932251 0.48797905445098877 -0.026299072429537773
    outer loop
      vertex 12.009326934814453 6.950458526611328 46.86498260498047
      vertex 12.565423965454102 5.827790260314941 44.48213577270508
      vertex 11.418973922729492 7.914307117462158 45.16450881958008
    endloop
  endfacet
  facet normal 0.9421715140342712 0.33451056480407715 0.0203851368278265
    outer loop
      vertex 12.918264389038086 4.721395015716553 46.32979202270508
      vertex 12.565423965454102 5.827790260314941 44.48213577270508
      vertex 12.492910385131836 5.8852105140686035 46.8913688659668
    endloop
  endfacet
  facet normal 0.9777132868766785 0.20616142451763153 0.03967761620879173
    outer loop
      vertex 13.566581726074219 2.2486329078674316 45.76061248779297
      vertex 13.34421443939209 3.6654603481292725 43.87834930419922
      vertex 13.279358863830566 3.4986932277679443 46.34299087524414
    endloop
  endfacet
  facet normal 0.9569240212440491 0.2877427041530609 0.03873681277036667
    outer loop
      vertex 12.918264389038086 4.721395015716553 46.32979202270508
      vertex 12.630010604858398 5.424376964569092 48.228736877441406
      vertex 13.034934997558594 4.109416961669922 47.99351501464844
    endloop
  endfacet
  facet normal 0.9824188947677612 0.1818668693304062 0.04216011241078377
    outer loop
      vertex 13.566581726074219 2.2486329078674316 45.76061248779297
      vertex 13.38539981842041 2.797844886779785 47.61338424682617
      vertex 13.608635902404785 1.6649212837219238 47.29862976074219
    endloop
  endfacet
  facet normal 0.9520894289016724 -0.3035922646522522 0.036844268441200256
    outer loop
      vertex 12.841180801391602 -5.23956298828125 47.2843132019043
      vertex 12.931641578674316 -4.784923076629639 48.692901611328125
      vertex 12.616031646728516 -5.788559913635254 48.578704833984375
    endloop
  endfacet
  facet normal 0.8832668662071228 -0.45946747064590454 -0.09343121945858002
    outer loop
      vertex 12.021438598632812 -7.1912760734558105 47.13532638549805
      vertex 11.407979965209961 -8.000659942626953 45.31621170043945
      vertex 12.400980949401855 -6.1226115226745605 45.46800994873047
    endloop
  endfacet
  facet normal 0.8366249203681946 -0.5355937480926514 -0.11488297581672668
    outer loop
      vertex 11.407979965209961 -8.000659942626953 45.31621170043945
      vertex 10.537130355834961 -8.699549674987793 42.232608795166016
      vertex 11.727109909057617 -6.881885051727295 42.4244270324707
    endloop
  endfacet
  facet normal 0.8958304524421692 -0.43523532152175903 -0.08976643532514572
    outer loop
      vertex 12.400980949401855 -6.1226115226745605 45.46800994873047
      vertex 11.727109909057617 -6.881885051727295 42.4244270324707
      vertex 12.713147163391113 -4.884299278259277 42.57929992675781
    endloop
  endfacet
  facet normal 0.8838289976119995 -0.4607909619808197 -0.08073391020298004
    outer loop
      vertex 11.727109909057617 -6.881885051727295 42.4244270324707
      vertex 12.400980949401855 -6.1226115226745605 45.46800994873047
      vertex 11.407979965209961 -8.000659942626953 45.31621170043945
    endloop
  endfacet
  facet normal 0.9767714142799377 -0.2122577279806137 -0.02940119430422783
    outer loop
      vertex 13.425701141357422 -3.1222009658813477 47.44914245605469
      vertex 13.162779808044434 -4.0789899826049805 45.621726989746094
      vertex 13.637160301208496 -1.9210234880447388 45.80254364013672
    endloop
  endfacet
  facet normal 0.9509201049804688 -0.30352547764778137 -0.060193005949258804
    outer loop
      vertex 13.162779808044434 -4.0789899826049805 45.621726989746094
      vertex 12.713147163391113 -4.884299278259277 42.57929992675781
      vertex 13.400384902954102 -2.7577288150787354 42.712867736816406
    endloop
  endfacet
  facet normal 0.9860528707504272 -0.16346322000026703 -0.031298600137233734
    outer loop
      vertex 13.637160301208496 -1.9210234880447388 45.80254364013672
      vertex 13.400384902954102 -2.7577288150787354 42.712867736816406
      vertex 13.767640113830566 -0.5816342234611511 42.91804122924805
    endloop
  endfacet
  facet normal 0.9768365025520325 -0.21330316364765167 -0.01709531620144844
    outer loop
      vertex 13.400384902954102 -2.7577288150787354 42.712867736816406
      vertex 13.637160301208496 -1.9210234880447388 45.80254364013672
      vertex 13.162779808044434 -4.0789899826049805 45.621726989746094
    endloop
  endfacet
  facet normal 0.9371317625045776 -0.34580111503601074 -0.04696520045399666
    outer loop
      vertex 12.713147163391113 -4.884299278259277 42.57929992675781
      vertex 13.162779808044434 -4.0789899826049805 45.621726989746094
      vertex 12.400980949401855 -6.1226115226745605 45.46800994873047
    endloop
  endfacet
  facet normal 0.9549756050109863 -0.2958812713623047 -0.02181696891784668
    outer loop
      vertex 12.841180801391602 -5.23956298828125 47.2843132019043
      vertex 13.162779808044434 -4.0789899826049805 45.621726989746094
      vertex 13.166106224060059 -4.21530294418335 47.616004943847656
    endloop
  endfacet
  facet normal 0.9082419872283936 -0.41429463028907776 -0.05879247561097145
    outer loop
      vertex 12.021438598632812 -7.1912760734558105 47.13532638549805
      vertex 12.400980949401855 -6.1226115226745605 45.46800994873047
      vertex 12.469465255737305 -6.25336217880249 47.44733810424805
    endloop
  endfacet
  facet normal 0.9368130564689636 -0.3447440266609192 -0.059439003467559814
    outer loop
      vertex 12.841180801391602 -5.23956298828125 47.2843132019043
      vertex 12.400980949401855 -6.1226115226745605 45.46800994873047
      vertex 13.162779808044434 -4.0789899826049805 45.621726989746094
    endloop
  endfacet
  facet normal 0.7998300790786743 -0.5795078873634338 -0.1563403606414795
    outer loop
      vertex 10.537130355834961 -8.699549674987793 42.232608795166016
      vertex 9.450607299804688 -9.26638126373291 38.77508544921875
      vertex 10.763665199279785 -7.517727851867676 39.01088333129883
    endloop
  endfacet
  facet normal 0.7912402749061584 -0.5902389287948608 -0.1598656177520752
    outer loop
      vertex 9.450607299804688 -9.26638126373291 38.77508544921875
      vertex 8.31623649597168 -9.7758207321167 35.04151916503906
      vertex 9.616143226623535 -8.085433006286621 35.23421859741211
    endloop
  endfacet
  facet normal 0.831749677658081 -0.5273587703704834 -0.17345114052295685
    outer loop
      vertex 10.763665199279785 -7.517727851867676 39.01088333129883
      vertex 9.616143226623535 -8.085433006286621 35.23421859741211
      vertex 10.879162788391113 -6.168232440948486 35.46173858642578
    endloop
  endfacet
  facet normal 0.7998573184013367 -0.579586386680603 -0.1559099555015564
    outer loop
      vertex 9.616143226623535 -8.085433006286621 35.23421859741211
      vertex 10.763665199279785 -7.517727851867676 39.01088333129883
      vertex 9.450607299804688 -9.26638126373291 38.77508544921875
    endloop
  endfacet
  facet normal 0.7862222194671631 -0.6036522388458252 -0.13213081657886505
    outer loop
      vertex 8.31623649597168 -9.7758207321167 35.04151916503906
      vertex 7.401821136474609 -10.162467956542969 31.366878509521484
      vertex 8.555501937866211 -8.666191101074219 31.39577865600586
    endloop
  endfacet
  facet normal 0.7708056569099426 -0.6318029761314392 -0.08175394684076309
    outer loop
      vertex 7.401821136474609 -10.162467956542969 31.366878509521484
      vertex 6.804060935974121 -10.507241249084473 28.395423889160156
      vertex 7.669337272644043 -9.38175106048584 27.855655670166016
    endloop
  endfacet
  facet normal 0.8396533727645874 -0.5333878397941589 -0.10236937552690506
    outer loop
      vertex 8.555501937866211 -8.666191101074219 31.39577865600586
      vertex 7.669337272644043 -9.38175106048584 27.855655670166016
      vertex 8.72812271118164 -7.677443027496338 27.65985107421875
    endloop
  endfacet
  facet normal 0.7904045581817627 -0.6079810857772827 -0.07496395707130432
    outer loop
      vertex 7.669337272644043 -9.38175106048584 27.855655670166016
      vertex 8.555501937866211 -8.666191101074219 31.39577865600586
      vertex 7.401821136474609 -10.162467956542969 31.366878509521484
    endloop
  endfacet
  facet normal 0.8746377825737 -0.45043250918388367 -0.17921847105026245
    outer loop
      vertex 10.879162788391113 -6.168232440948486 35.46173858642578
      vertex 9.736024856567383 -6.81610107421875 31.511194229125977
      vertex 10.860991477966309 -4.72743034362793 31.751867294311523
    endloop
  endfacet
  facet normal 0.8883994221687317 -0.4389820098876953 -0.13431835174560547
    outer loop
      vertex 9.736024856567383 -6.81610107421875 31.511194229125977
      vertex 8.72812271118164 -7.677443027496338 27.65985107421875
      vertex 9.787726402282715 -5.579555511474609 27.811851501464844
    endloop
  endfacet
  facet normal 0.9179824590682983 -0.3569721579551697 -0.17285554111003876
    outer loop
      vertex 10.860991477966309 -4.72743034362793 31.751867294311523
      vertex 9.787726402282715 -5.579555511474609 27.811851501464844
      vertex 10.75072193145752 -3.2843124866485596 28.18600845336914
    endloop
  endfacet
  facet normal 0.8783582448959351 -0.45690372586250305 -0.14044919610023499
    outer loop
      vertex 9.787726402282715 -5.579555511474609 27.811851501464844
      vertex 10.860991477966309 -4.72743034362793 31.751867294311523
      vertex 9.736024856567383 -6.81610107421875 31.511194229125977
    endloop
  endfacet
  facet normal 0.8415044546127319 -0.5306199789047241 -0.10155130922794342
    outer loop
      vertex 8.72812271118164 -7.677443027496338 27.65985107421875
      vertex 9.736024856567383 -6.81610107421875 31.511194229125977
      vertex 8.555501937866211 -8.666191101074219 31.39577865600586
    endloop
  endfacet
  facet normal 0.8334030508995056 -0.5307425260543823 -0.15411628782749176
    outer loop
      vertex 9.736024856567383 -6.81610107421875 31.511194229125977
      vertex 10.879162788391113 -6.168232440948486 35.46173858642578
      vertex 9.616143226623535 -8.085433006286621 35.23421859741211
    endloop
  endfacet
  facet normal 0.7931360602378845 -0.5952033400535583 -0.12910549342632294
    outer loop
      vertex 8.555501937866211 -8.666191101074219 31.39577865600586
      vertex 9.616143226623535 -8.085433006286621 35.23421859741211
      vertex 8.31623649597168 -9.7758207321167 35.04151916503906
    endloop
  endfacet
  facet normal 0.8374797701835632 -0.5249049663543701 -0.1519947648048401
    outer loop
      vertex 9.616143226623535 -8.085433006286621 35.23421859741211
      vertex 8.555501937866211 -8.666191101074219 31.39577865600586
      vertex 9.736024856567383 -6.81610107421875 31.511194229125977
    endloop
  endfacet
  facet normal 0.9959521293640137 -0.07765273749828339 -0.045269545167684555
    outer loop
      vertex 13.767640113830566 -0.5816342234611511 42.91804122924805
      vertex 13.555930137634277 -1.3382065296173096 39.55809783935547
      vertex 13.734902381896973 0.8208468556404114 39.79206085205078
    endloop
  endfacet
  facet normal 0.9747313261032104 -0.17495135962963104 -0.13889159262180328
    outer loop
      vertex 13.555930137634277 -1.3382065296173096 39.55809783935547
      vertex 12.924905776977539 -1.9585806131362915 35.91105270385742
      vertex 13.348878860473633 0.20066440105438232 36.1666259765625
    endloop
  endfacet
  facet normal 0.9942313432693481 -0.04205763339996338 -0.0986676961183548
    outer loop
      vertex 13.734902381896973 0.8208468556404114 39.79206085205078
      vertex 13.348878860473633 0.20066440105438232 36.1666259765625
      vertex 13.47204875946045 2.262871742248535 36.52872848510742
    endloop
  endfacet
  facet normal 0.9930094480514526 -0.0721951499581337 -0.09338212758302689
    outer loop
      vertex 13.348878860473633 0.20066440105438232 36.1666259765625
      vertex 13.734902381896973 0.8208468556404114 39.79206085205078
      vertex 13.555930137634277 -1.3382065296173096 39.55809783935547
    endloop
  endfacet
  facet normal 0.9355157613754272 -0.27427950501441956 -0.22266802191734314
    outer loop
      vertex 12.924905776977539 -1.9585806131362915 35.91105270385742
      vertex 11.840826034545898 -2.530378818511963 32.06074142456055
      vertex 12.567052841186523 -0.3320503234863281 32.40403366088867
    endloop
  endfacet
  facet normal 0.9390325546264648 -0.27113986015319824 -0.21142661571502686
    outer loop
      vertex 11.840826034545898 -2.530378818511963 32.06074142456055
      vertex 10.75072193145752 -3.2843124866485596 28.18600845336914
      vertex 11.53625202178955 -0.967391312122345 28.703580856323242
    endloop
  endfacet
  facet normal 0.9573926329612732 -0.1623828262090683 -0.23881204426288605
    outer loop
      vertex 12.567052841186523 -0.3320503234863281 32.40403366088867
      vertex 11.53625202178955 -0.967391312122345 28.703580856323242
      vertex 12.077736854553223 1.2363723516464233 29.37590980529785
    endloop
  endfacet
  facet normal 0.9370610117912292 -0.2762051224708557 -0.21360599994659424
    outer loop
      vertex 11.53625202178955 -0.967391312122345 28.703580856323242
      vertex 12.567052841186523 -0.3320503234863281 32.40403366088867
      vertex 11.840826034545898 -2.530378818511963 32.06074142456055
    endloop
  endfacet
  facet normal 0.9890260696411133 0.03804286569356918 -0.14275924861431122
    outer loop
      vertex 13.47204875946045 2.262871742248535 36.52872848510742
      vertex 12.96078109741211 1.761818528175354 32.853179931640625
      vertex 12.972919464111328 3.62148380279541 33.43284225463867
    endloop
  endfacet
  facet normal 0.9697545170783997 -0.019756587222218513 -0.24328137934207916
    outer loop
      vertex 12.96078109741211 1.761818528175354 32.853179931640625
      vertex 12.077736854553223 1.2363723516464233 29.37590980529785
      vertex 12.33910846710205 3.1844096183776855 30.25957679748535
    endloop
  endfacet
  facet normal 0.9661818146705627 0.14534172415733337 -0.21299880743026733
    outer loop
      vertex 12.972919464111328 3.62148380279541 33.43284225463867
      vertex 12.33910846710205 3.1844096183776855 30.25957679748535
      vertex 12.342573165893555 4.615227699279785 31.251625061035156
    endloop
  endfacet
  facet normal 0.9775059223175049 0.056920766830444336 -0.20308183133602142
    outer loop
      vertex 12.33910846710205 3.1844096183776855 30.25957679748535
      vertex 12.972919464111328 3.62148380279541 33.43284225463867
      vertex 12.96078109741211 1.761818528175354 32.853179931640625
    endloop
  endfacet
  facet normal 0.9652109146118164 -0.13323760032653809 -0.22497957944869995
    outer loop
      vertex 12.077736854553223 1.2363723516464233 29.37590980529785
      vertex 12.96078109741211 1.761818528175354 32.853179931640625
      vertex 12.567052841186523 -0.3320503234863281 32.40403366088867
    endloop
  endfacet
  facet normal 0.9904829263687134 -0.035824261605739594 -0.13289228081703186
    outer loop
      vertex 12.96078109741211 1.761818528175354 32.853179931640625
      vertex 13.47204875946045 2.262871742248535 36.52872848510742
      vertex 13.348878860473633 0.20066440105438232 36.1666259765625
    endloop
  endfacet
  facet normal 0.969447135925293 -0.16934826970100403 -0.17746399343013763
    outer loop
      vertex 12.567052841186523 -0.3320503234863281 32.40403366088867
      vertex 13.348878860473633 0.20066440105438232 36.1666259765625
      vertex 12.924905776977539 -1.9585806131362915 35.91105270385742
    endloop
  endfacet
  facet normal 0.9727545380592346 -0.14392904937267303 -0.18175014853477478
    outer loop
      vertex 13.348878860473633 0.20066440105438232 36.1666259765625
      vertex 12.567052841186523 -0.3320503234863281 32.40403366088867
      vertex 12.96078109741211 1.761818528175354 32.853179931640625
    endloop
  endfacet
  facet normal 0.9073619246482849 -0.37914612889289856 -0.18150103092193604
    outer loop
      vertex 10.75072193145752 -3.2843124866485596 28.18600845336914
      vertex 11.840826034545898 -2.530378818511963 32.06074142456055
      vertex 10.860991477966309 -4.72743034362793 31.751867294311523
    endloop
  endfacet
  facet normal 0.9100677967071533 -0.3616023063659668 -0.20253494381904602
    outer loop
      vertex 11.840826034545898 -2.530378818511963 32.06074142456055
      vertex 12.924905776977539 -1.9585806131362915 35.91105270385742
      vertex 12.025853157043457 -4.104966163635254 35.7033805847168
    endloop
  endfacet
  facet normal 0.8682272434234619 -0.46106088161468506 -0.18331477046012878
    outer loop
      vertex 10.860991477966309 -4.72743034362793 31.751867294311523
      vertex 12.025853157043457 -4.104966163635254 35.7033805847168
      vertex 10.879162788391113 -6.168232440948486 35.46173858642578
    endloop
  endfacet
  facet normal 0.9039249420166016 -0.37394973635673523 -0.20756025612354279
    outer loop
      vertex 12.025853157043457 -4.104966163635254 35.7033805847168
      vertex 10.860991477966309 -4.72743034362793 31.751867294311523
      vertex 11.840826034545898 -2.530378818511963 32.06074142456055
    endloop
  endfacet
  facet normal 0.9591241478919983 -0.255066841840744 -0.12256328761577606
    outer loop
      vertex 12.924905776977539 -1.9585806131362915 35.91105270385742
      vertex 13.555930137634277 -1.3382065296173096 39.55809783935547
      vertex 12.96069049835205 -3.5062437057495117 39.41193389892578
    endloop
  endfacet
  facet normal 0.9861299395561218 -0.1640516221523285 -0.025195850059390068
    outer loop
      vertex 13.555930137634277 -1.3382065296173096 39.55809783935547
      vertex 13.767640113830566 -0.5816342234611511 42.91804122924805
      vertex 13.400384902954102 -2.7577288150787354 42.712867736816406
    endloop
  endfacet
  facet normal 0.9510108828544617 -0.30370450019836426 -0.05780994892120361
    outer loop
      vertex 12.96069049835205 -3.5062437057495117 39.41193389892578
      vertex 13.400384902954102 -2.7577288150787354 42.712867736816406
      vertex 12.713147163391113 -4.884299278259277 42.57929992675781
    endloop
  endfacet
  facet normal 0.9631755948066711 -0.2597636878490448 -0.06939428299665451
    outer loop
      vertex 13.400384902954102 -2.7577288150787354 42.712867736816406
      vertex 12.96069049835205 -3.5062437057495117 39.41193389892578
      vertex 13.555930137634277 -1.3382065296173096 39.55809783935547
    endloop
  endfacet
  facet normal 0.8429964780807495 -0.5113410949707031 -0.16699470579624176
    outer loop
      vertex 10.879162788391113 -6.168232440948486 35.46173858642578
      vertex 11.981612205505371 -5.5861310958862305 39.244544982910156
      vertex 10.763665199279785 -7.517727851867676 39.01088333129883
    endloop
  endfacet
  facet normal 0.8949519991874695 -0.43361562490463257 -0.10506421327590942
    outer loop
      vertex 11.981612205505371 -5.5861310958862305 39.244544982910156
      vertex 12.713147163391113 -4.884299278259277 42.57929992675781
      vertex 11.727109909057617 -6.881885051727295 42.4244270324707
    endloop
  endfacet
  facet normal 0.835354745388031 -0.5324716567993164 -0.1365882158279419
    outer loop
      vertex 10.763665199279785 -7.517727851867676 39.01088333129883
      vertex 11.727109909057617 -6.881885051727295 42.4244270324707
      vertex 10.537130355834961 -8.699549674987793 42.232608795166016
    endloop
  endfacet
  facet normal 0.8449432849884033 -0.5155379176139832 -0.14244875311851501
    outer loop
      vertex 11.727109909057617 -6.881885051727295 42.4244270324707
      vertex 10.763665199279785 -7.517727851867676 39.01088333129883
      vertex 11.981612205505371 -5.5861310958862305 39.244544982910156
    endloop
  endfacet
  facet normal 0.902627170085907 -0.4160100519657135 -0.11045317351818085
    outer loop
      vertex 12.713147163391113 -4.884299278259277 42.57929992675781
      vertex 11.981612205505371 -5.5861310958862305 39.244544982910156
      vertex 12.96069049835205 -3.5062437057495117 39.41193389892578
    endloop
  endfacet
  facet normal 0.8683672547340393 -0.4612818658351898 -0.1820918470621109
    outer loop
      vertex 11.981612205505371 -5.5861310958862305 39.244544982910156
      vertex 10.879162788391113 -6.168232440948486 35.46173858642578
      vertex 12.025853157043457 -4.104966163635254 35.7033805847168
    endloop
  endfacet
  facet normal 0.9145100712776184 -0.3664793074131012 -0.17136028409004211
    outer loop
      vertex 12.96069049835205 -3.5062437057495117 39.41193389892578
      vertex 12.025853157043457 -4.104966163635254 35.7033805847168
      vertex 12.924905776977539 -1.9585806131362915 35.91105270385742
    endloop
  endfacet
  facet normal 0.8979878425598145 -0.4098227024078369 -0.1601979285478592
    outer loop
      vertex 12.025853157043457 -4.104966163635254 35.7033805847168
      vertex 12.96069049835205 -3.5062437057495117 39.41193389892578
      vertex 11.981612205505371 -5.5861310958862305 39.244544982910156
    endloop
  endfacet
  facet normal -0.1491827517747879 0.28976744413375854 -0.9453991055488586
    outer loop
      vertex 4.95185661315918 0.17419779300689697 14.23570728302002
      vertex 5.531796932220459 -1.8618639707565308 13.520134925842285
      vertex 4.137639999389648 -1.618754506111145 13.814644813537598
    endloop
  endfacet
  facet normal 0.08748356252908707 0.13069261610507965 -0.9875556826591492
    outer loop
      vertex 5.531796932220459 -1.8618639707565308 13.520134925842285
      vertex 6.075089931488037 -4.213954925537109 13.256988525390625
      vertex 4.632022380828857 -4.252974987030029 13.12398910522461
    endloop
  endfacet
  facet normal -0.4734901785850525 0.13916915655136108 -0.869735062122345
    outer loop
      vertex 4.137639999389648 -1.618754506111145 13.814644813537598
      vertex 4.632022380828857 -4.252974987030029 13.12398910522461
      vertex 3.0008344650268555 -3.411515474319458 14.1466646194458
    endloop
  endfacet
  facet normal -0.16449828445911407 0.22115755081176758 -0.9612645506858826
    outer loop
      vertex 4.632022380828857 -4.252974987030029 13.12398910522461
      vertex 4.137639999389648 -1.618754506111145 13.814644813537598
      vertex 5.531796932220459 -1.8618639707565308 13.520134925842285
    endloop
  endfacet
  facet normal 0.3978923559188843 -0.09916234016418457 -0.9120573997497559
    outer loop
      vertex 6.075089931488037 -4.213954925537109 13.256988525390625
      vertex 6.47755765914917 -6.451207160949707 13.675810813903809
      vertex 5.068139553070068 -6.700325965881348 13.08802604675293
    endloop
  endfacet
  facet normal 0.650521993637085 -0.34952783584594727 -0.6742784380912781
    outer loop
      vertex 6.47755765914917 -6.451207160949707 13.675810813903809
      vertex 6.71671199798584 -8.367093086242676 14.899682998657227
      vertex 5.386358261108398 -8.817895889282227 13.849884986877441
    endloop
  endfacet
  facet normal -0.15062755346298218 -0.3546373248100281 -0.9227913022041321
    outer loop
      vertex 5.068139553070068 -6.700325965881348 13.08802604675293
      vertex 5.386358261108398 -8.817895889282227 13.849884986877441
      vertex 3.8866357803344727 -8.485774040222168 13.967047691345215
    endloop
  endfacet
  facet normal 0.41016706824302673 -0.25354957580566406 -0.8760569095611572
    outer loop
      vertex 5.386358261108398 -8.817895889282227 13.849884986877441
      vertex 5.068139553070068 -6.700325965881348 13.08802604675293
      vertex 6.47755765914917 -6.451207160949707 13.675810813903809
    endloop
  endfacet
  facet normal -0.681461751461029 -0.005951967556029558 -0.7318295240402222
    outer loop
      vertex 3.0008344650268555 -3.411515474319458 14.1466646194458
      vertex 3.4833731651306152 -6.078091144561768 13.719023704528809
      vertex 1.7409695386886597 -4.781523704528809 15.330962181091309
    endloop
  endfacet
  facet normal -0.680271565914154 -0.18694624304771423 -0.7087183594703674
    outer loop
      vertex 3.4833731651306152 -6.078091144561768 13.719023704528809
      vertex 3.8866357803344727 -8.485774040222168 13.967047691345215
      vertex 2.2336652278900146 -7.3425397872924805 15.252107620239258
    endloop
  endfacet
  facet normal -0.7974794507026672 -0.13531742990016937 -0.5879759192466736
    outer loop
      vertex 1.7409695386886597 -4.781523704528809 15.330962181091309
      vertex 2.2336652278900146 -7.3425397872924805 15.252107620239258
      vertex 0.4708305597305298 -5.777190208435059 17.282812118530273
    endloop
  endfacet
  facet normal -0.7200822830200195 -0.11747484654188156 -0.6838721632957458
    outer loop
      vertex 2.2336652278900146 -7.3425397872924805 15.252107620239258
      vertex 1.7409695386886597 -4.781523704528809 15.330962181091309
      vertex 3.4833731651306152 -6.078091144561768 13.719023704528809
    endloop
  endfacet
  facet normal -0.41934874653816223 -0.16224929690361023 -0.8932087421417236
    outer loop
      vertex 3.8866357803344727 -8.485774040222168 13.967047691345215
      vertex 3.4833731651306152 -6.078091144561768 13.719023704528809
      vertex 5.068139553070068 -6.700325965881348 13.08802604675293
    endloop
  endfacet
  facet normal -0.5141513347625732 0.04432627931237221 -0.8565534353256226
    outer loop
      vertex 3.4833731651306152 -6.078091144561768 13.719023704528809
      vertex 3.0008344650268555 -3.411515474319458 14.1466646194458
      vertex 4.632022380828857 -4.252974987030029 13.12398910522461
    endloop
  endfacet
  facet normal 0.09090525656938553 0.03082612156867981 -0.9953823089599609
    outer loop
      vertex 5.068139553070068 -6.700325965881348 13.08802604675293
      vertex 4.632022380828857 -4.252974987030029 13.12398910522461
      vertex 6.075089931488037 -4.213954925537109 13.256988525390625
    endloop
  endfacet
  facet normal -0.3881295323371887 -0.05564658343791962 -0.9199232459068298
    outer loop
      vertex 4.632022380828857 -4.252974987030029 13.12398910522461
      vertex 5.068139553070068 -6.700325965881348 13.08802604675293
      vertex 3.4833731651306152 -6.078091144561768 13.719023704528809
    endloop
  endfacet
  facet normal 0.807769775390625 -0.5430885553359985 -0.22926592826843262
    outer loop
      vertex 6.71671199798584 -8.367093086242676 14.899682998657227
      vertex 6.813980579376221 -9.427395820617676 17.75404930114746
      vertex 5.571453094482422 -10.402322769165039 15.685688972473145
    endloop
  endfacet
  facet normal 0.8156663179397583 -0.5662248730659485 -0.11865002661943436
    outer loop
      vertex 6.813980579376221 -9.427395820617676 17.75404930114746
      vertex 6.837936878204346 -10.102434158325195 21.140174865722656
      vertex 5.652099609375 -11.302057266235352 18.71294403076172
    endloop
  endfacet
  facet normal 0.39998435974121094 -0.8755757212638855 -0.2708866596221924
    outer loop
      vertex 5.571453094482422 -10.402322769165039 15.685688972473145
      vertex 5.652099609375 -11.302057266235352 18.71294403076172
      vertex 4.360847473144531 -11.598679542541504 17.765073776245117
    endloop
  endfacet
  facet normal 0.7857270836830139 -0.5869107842445374 -0.1953684240579605
    outer loop
      vertex 5.652099609375 -11.302057266235352 18.71294403076172
      vertex 5.571453094482422 -10.402322769165039 15.685688972473145
      vertex 6.813980579376221 -9.427395820617676 17.75404930114746
    endloop
  endfacet
  facet normal 0.704622209072113 -0.7086196541786194 -0.03695511072874069
    outer loop
      vertex 6.837936878204346 -10.102434158325195 21.140174865722656
      vertex 6.815086364746094 -10.328849792480469 25.046037673950195
      vertex 5.762665271759033 -11.272298812866211 23.070323944091797
    endloop
  endfacet
  facet normal 0.6753075122833252 -0.7366071939468384 -0.037009429186582565
    outer loop
      vertex 6.815086364746094 -10.328849792480469 25.046037673950195
      vertex 6.804060935974121 -10.507241249084473 28.395423889160156
      vertex 5.922525405883789 -11.256587028503418 27.224531173706055
    endloop
  endfacet
  facet normal 0.44583722949028015 -0.8950080275535583 -0.013771440833806992
    outer loop
      vertex 5.762665271759033 -11.272298812866211 23.070323944091797
      vertex 5.922525405883789 -11.256587028503418 27.224531173706055
      vertex 4.687286376953125 -11.85470199584961 26.106435775756836
    endloop
  endfacet
  facet normal 0.6918107271194458 -0.7216835618019104 -0.02389240823686123
    outer loop
      vertex 5.922525405883789 -11.256587028503418 27.224531173706055
      vertex 5.762665271759033 -11.272298812866211 23.070323944091797
      vertex 6.815086364746094 -10.328849792480469 25.046037673950195
    endloop
  endfacet
  facet normal -0.09614463895559311 -0.9928898811340332 -0.07018468528985977
    outer loop
      vertex 4.360847473144531 -11.598679542541504 17.765073776245117
      vertex 4.497925281524658 -11.890698432922363 21.708431243896484
      vertex 3.1440584659576416 -11.740837097167969 21.44300651550293
    endloop
  endfacet
  facet normal 0.07029759883880615 -0.9975128173828125 0.005137620028108358
    outer loop
      vertex 4.497925281524658 -11.890698432922363 21.708431243896484
      vertex 4.687286376953125 -11.85470199584961 26.106435775756836
      vertex 3.389148473739624 -11.948554039001465 25.64656639099121
    endloop
  endfacet
  facet normal -0.32979831099510193 -0.9436537623405457 -0.02740120328962803
    outer loop
      vertex 3.1440584659576416 -11.740837097167969 21.44300651550293
      vertex 3.389148473739624 -11.948554039001465 25.64656639099121
      vertex 1.98654043674469 -11.463678359985352 25.829879760742188
    endloop
  endfacet
  facet normal -0.10154756158590317 -0.9938926696777344 -0.043191976845264435
    outer loop
      vertex 3.389148473739624 -11.948554039001465 25.64656639099121
      vertex 3.1440584659576416 -11.740837097167969 21.44300651550293
      vertex 4.497925281524658 -11.890698432922363 21.708431243896484
    endloop
  endfacet
  facet normal 0.4496685266494751 -0.8931142091751099 -0.01205110177397728
    outer loop
      vertex 4.687286376953125 -11.85470199584961 26.106435775756836
      vertex 4.497925281524658 -11.890698432922363 21.708431243896484
      vertex 5.762665271759033 -11.272298812866211 23.070323944091797
    endloop
  endfacet
  facet normal 0.27895697951316833 -0.9569185972213745 -0.08056005090475082
    outer loop
      vertex 4.497925281524658 -11.890698432922363 21.708431243896484
      vertex 4.360847473144531 -11.598679542541504 17.765073776245117
      vertex 5.652099609375 -11.302057266235352 18.71294403076172
    endloop
  endfacet
  facet normal 0.7248232960700989 -0.6887988448143005 -0.013687808997929096
    outer loop
      vertex 5.762665271759033 -11.272298812866211 23.070323944091797
      vertex 5.652099609375 -11.302057266235352 18.71294403076172
      vertex 6.837936878204346 -10.102434158325195 21.140174865722656
    endloop
  endfacet
  facet normal 0.44371187686920166 -0.8961548805236816 -0.00513866450637579
    outer loop
      vertex 5.652099609375 -11.302057266235352 18.71294403076172
      vertex 5.762665271759033 -11.272298812866211 23.070323944091797
      vertex 4.497925281524658 -11.890698432922363 21.708431243896484
    endloop
  endfacet
  facet normal -0.8513842821121216 -0.2828231453895569 -0.4417646825313568
    outer loop
      vertex 0.4708305597305298 -5.777190208435059 17.282812118530273
      vertex 0.9750585556030273 -8.053958892822266 17.768661499023438
      vertex -0.730205774307251 -6.385890007019043 19.9871883392334
    endloop
  endfacet
  facet normal -0.8323190808296204 -0.44771483540534973 -0.326797217130661
    outer loop
      vertex 0.9750585556030273 -8.053958892822266 17.768661499023438
      vertex 1.3737471103668213 -9.860858917236328 19.228710174560547
      vertex -0.2194448709487915 -8.259897232055664 21.093076705932617
    endloop
  endfacet
  facet normal -0.8501021862030029 -0.4195334315299988 -0.3183048665523529
    outer loop
      vertex -0.730205774307251 -6.385890007019043 19.9871883392334
      vertex -0.2194448709487915 -8.259897232055664 21.093076705932617
      vertex -1.8015676736831665 -6.674736022949219 23.229198455810547
    endloop
  endfacet
  facet normal -0.8435140252113342 -0.4242658019065857 -0.329367071390152
    outer loop
      vertex -0.2194448709487915 -8.259897232055664 21.093076705932617
      vertex -0.730205774307251 -6.385890007019043 19.9871883392334
      vertex 0.9750585556030273 -8.053958892822266 17.768661499023438
    endloop
  endfacet
  facet normal -0.7339619398117065 -0.6558507680892944 -0.17652109265327454
    outer loop
      vertex 1.3737471103668213 -9.860858917236328 19.228710174560547
      vertex 1.688085913658142 -10.954338073730469 21.984451293945312
      vertex 0.1830587238073349 -9.618915557861328 23.28058433532715
    endloop
  endfacet
  facet normal -0.5698778629302979 -0.8192116022109985 -0.06427758932113647
    outer loop
      vertex 1.688085913658142 -10.954338073730469 21.984451293945312
      vertex 1.98654043674469 -11.463678359985352 25.829879760742188
      vertex 0.5324978828430176 -10.508333206176758 26.545475006103516
    endloop
  endfacet
  facet normal -0.6770936250686646 -0.7251880764961243 -0.1250859647989273
    outer loop
      vertex 0.1830587238073349 -9.618915557861328 23.28058433532715
      vertex 0.5324978828430176 -10.508333206176758 26.545475006103516
      vertex -0.909635066986084 -9.327093124389648 27.50351905822754
    endloop
  endfacet
  facet normal -0.711982786655426 -0.6931082010269165 -0.11261267960071564
    outer loop
      vertex 0.5324978828430176 -10.508333206176758 26.545475006103516
      vertex 0.1830587238073349 -9.618915557861328 23.28058433532715
      vertex 1.688085913658142 -10.954338073730469 21.984451293945312
    endloop
  endfacet
  facet normal -0.8011618256568909 -0.5422642827033997 -0.2531583309173584
    outer loop
      vertex -1.8015676736831665 -6.674736022949219 23.229198455810547
      vertex -1.305274248123169 -8.161810874938965 24.843904495239258
      vertex -2.6921932697296143 -6.904567241668701 26.540029525756836
    endloop
  endfacet
  facet normal -0.7214257121086121 -0.6673074960708618 -0.18505585193634033
    outer loop
      vertex -1.305274248123169 -8.161810874938965 24.843904495239258
      vertex -0.909635066986084 -9.327093124389648 27.50351905822754
      vertex -2.250880479812622 -8.150994300842285 28.49127197265625
    endloop
  endfacet
  facet normal -0.7320583462715149 -0.6370493173599243 -0.24136865139007568
    outer loop
      vertex -2.6921932697296143 -6.904567241668701 26.540029525756836
      vertex -2.250880479812622 -8.150994300842285 28.49127197265625
      vertex -3.299109935760498 -7.251139163970947 29.295490264892578
    endloop
  endfacet
  facet normal -0.7812948822975159 -0.5909789800643921 -0.2008036971092224
    outer loop
      vertex -2.250880479812622 -8.150994300842285 28.49127197265625
      vertex -2.6921932697296143 -6.904567241668701 26.540029525756836
      vertex -1.305274248123169 -8.161810874938965 24.843904495239258
    endloop
  endfacet
  facet normal -0.769976794719696 -0.6185852885246277 -0.156486377120018
    outer loop
      vertex -0.909635066986084 -9.327093124389648 27.50351905822754
      vertex -1.305274248123169 -8.161810874938965 24.843904495239258
      vertex 0.1830587238073349 -9.618915557861328 23.28058433532715
    endloop
  endfacet
  facet normal -0.8243200778961182 -0.5194706320762634 -0.2250484675168991
    outer loop
      vertex -1.305274248123169 -8.161810874938965 24.843904495239258
      vertex -1.8015676736831665 -6.674736022949219 23.229198455810547
      vertex -0.2194448709487915 -8.259897232055664 21.093076705932617
    endloop
  endfacet
  facet normal -0.8016919493675232 -0.5625731945037842 -0.20199403166770935
    outer loop
      vertex 0.1830587238073349 -9.618915557861328 23.28058433532715
      vertex -0.2194448709487915 -8.259897232055664 21.093076705932617
      vertex 1.3737471103668213 -9.860858917236328 19.228710174560547
    endloop
  endfacet
  facet normal -0.7886047959327698 -0.5767526626586914 -0.21321123838424683
    outer loop
      vertex -0.2194448709487915 -8.259897232055664 21.093076705932617
      vertex 0.1830587238073349 -9.618915557861328 23.28058433532715
      vertex -1.305274248123169 -8.161810874938965 24.843904495239258
    endloop
  endfacet
  facet normal -0.4956645965576172 -0.865171492099762 -0.07612503319978714
    outer loop
      vertex 1.98654043674469 -11.463678359985352 25.829879760742188
      vertex 1.688085913658142 -10.954338073730469 21.984451293945312
      vertex 3.1440584659576416 -11.740837097167969 21.44300651550293
    endloop
  endfacet
  facet normal -0.7039698958396912 -0.6840306520462036 -0.19112400710582733
    outer loop
      vertex 1.688085913658142 -10.954338073730469 21.984451293945312
      vertex 1.3737471103668213 -9.860858917236328 19.228710174560547
      vertex 2.920787811279297 -11.101495742797852 17.9706974029541
    endloop
  endfacet
  facet normal -0.3416409492492676 -0.9279612302780151 -0.14889387786388397
    outer loop
      vertex 3.1440584659576416 -11.740837097167969 21.44300651550293
      vertex 2.920787811279297 -11.101495742797852 17.9706974029541
      vertex 4.360847473144531 -11.598679542541504 17.765073776245117
    endloop
  endfacet
  facet normal -0.5070092082023621 -0.8529102206230164 -0.12444183230400085
    outer loop
      vertex 2.920787811279297 -11.101495742797852 17.9706974029541
      vertex 3.1440584659576416 -11.740837097167969 21.44300651550293
      vertex 1.688085913658142 -10.954338073730469 21.984451293945312
    endloop
  endfacet
  facet normal -0.8130417466163635 -0.4637841284275055 -0.35194793343544006
    outer loop
      vertex 1.3737471103668213 -9.860858917236328 19.228710174560547
      vertex 0.9750585556030273 -8.053958892822266 17.768661499023438
      vertex 2.6336636543273926 -9.579648971557617 15.94758415222168
    endloop
  endfacet
  facet normal -0.821821928024292 -0.28703030943870544 -0.4921609163284302
    outer loop
      vertex 0.9750585556030273 -8.053958892822266 17.768661499023438
      vertex 0.4708305597305298 -5.777190208435059 17.282812118530273
      vertex 2.2336652278900146 -7.3425397872924805 15.252107620239258
    endloop
  endfacet
  facet normal -0.7097363471984863 -0.3217337429523468 -0.626707136631012
    outer loop
      vertex 2.6336636543273926 -9.579648971557617 15.94758415222168
      vertex 2.2336652278900146 -7.3425397872924805 15.252107620239258
      vertex 3.8866357803344727 -8.485774040222168 13.967047691345215
    endloop
  endfacet
  facet normal -0.816819429397583 -0.29935798048973083 -0.4931439459323883
    outer loop
      vertex 2.2336652278900146 -7.3425397872924805 15.252107620239258
      vertex 2.6336636543273926 -9.579648971557617 15.94758415222168
      vertex 0.9750585556030273 -8.053958892822266 17.768661499023438
    endloop
  endfacet
  facet normal 0.17794883251190186 -0.8941675424575806 -0.4108511209487915
    outer loop
      vertex 4.360847473144531 -11.598679542541504 17.765073776245117
      vertex 4.183754920959473 -10.435853958129883 15.157622337341309
      vertex 5.571453094482422 -10.402322769165039 15.685688972473145
    endloop
  endfacet
  facet normal -0.18248561024665833 -0.5324416756629944 -0.8265621066093445
    outer loop
      vertex 4.183754920959473 -10.435853958129883 15.157622337341309
      vertex 3.8866357803344727 -8.485774040222168 13.967047691345215
      vertex 5.386358261108398 -8.817895889282227 13.849884986877441
    endloop
  endfacet
  facet normal 0.6215697526931763 -0.5609434247016907 -0.5468029975891113
    outer loop
      vertex 5.571453094482422 -10.402322769165039 15.685688972473145
      vertex 5.386358261108398 -8.817895889282227 13.849884986877441
      vertex 6.71671199798584 -8.367093086242676 14.899682998657227
    endloop
  endfacet
  facet normal 0.2629401683807373 -0.717125654220581 -0.645440399646759
    outer loop
      vertex 5.386358261108398 -8.817895889282227 13.849884986877441
      vertex 5.571453094482422 -10.402322769165039 15.685688972473145
      vertex 4.183754920959473 -10.435853958129883 15.157622337341309
    endloop
  endfacet
  facet normal -0.5944456458091736 -0.48306190967559814 -0.6428728699684143
    outer loop
      vertex 3.8866357803344727 -8.485774040222168 13.967047691345215
      vertex 4.183754920959473 -10.435853958129883 15.157622337341309
      vertex 2.6336636543273926 -9.579648971557617 15.94758415222168
    endloop
  endfacet
  facet normal -0.34998244047164917 -0.8641481995582581 -0.3616076707839966
    outer loop
      vertex 4.183754920959473 -10.435853958129883 15.157622337341309
      vertex 4.360847473144531 -11.598679542541504 17.765073776245117
      vertex 2.920787811279297 -11.101495742797852 17.9706974029541
    endloop
  endfacet
  facet normal -0.7399231195449829 -0.5838248133659363 -0.33415931463241577
    outer loop
      vertex 2.6336636543273926 -9.579648971557617 15.94758415222168
      vertex 2.920787811279297 -11.101495742797852 17.9706974029541
      vertex 1.3737471103668213 -9.860858917236328 19.228710174560547
    endloop
  endfacet
  facet normal -0.5942374467849731 -0.6809970140457153 -0.42793112993240356
    outer loop
      vertex 2.920787811279297 -11.101495742797852 17.9706974029541
      vertex 2.6336636543273926 -9.579648971557617 15.94758415222168
      vertex 4.183754920959473 -10.435853958129883 15.157622337341309
    endloop
  endfacet
  facet normal 0.7116167545318604 -0.6998308897018433 -0.06195390224456787
    outer loop
      vertex 6.804060935974121 -10.507241249084473 28.395423889160156
      vertex 7.401821136474609 -10.162467956542969 31.366878509521484
      vertex 6.304570198059082 -11.252142906188965 31.07256317138672
    endloop
  endfacet
  facet normal 0.7348880767822266 -0.6687919497489929 -0.11250252276659012
    outer loop
      vertex 7.401821136474609 -10.162467956542969 31.366878509521484
      vertex 8.31623649597168 -9.7758207321167 35.04151916503906
      vertex 7.024890422821045 -11.156676292419434 34.81494903564453
    endloop
  endfacet
  facet normal 0.6202207803726196 -0.7780874967575073 -0.09952906519174576
    outer loop
      vertex 6.304570198059082 -11.252142906188965 31.07256317138672
      vertex 7.024890422821045 -11.156676292419434 34.81494903564453
      vertex 5.755196571350098 -12.131317138671875 34.52222442626953
    endloop
  endfacet
  facet normal 0.715589702129364 -0.6881046295166016 -0.12018073350191116
    outer loop
      vertex 7.024890422821045 -11.156676292419434 34.81494903564453
      vertex 6.304570198059082 -11.252142906188965 31.07256317138672
      vertex 7.401821136474609 -10.162467956542969 31.366878509521484
    endloop
  endfacet
  facet normal 0.7500194311141968 -0.6465017795562744 -0.13966451585292816
    outer loop
      vertex 8.31623649597168 -9.7758207321167 35.04151916503906
      vertex 9.450607299804688 -9.26638126373291 38.77508544921875
      vertex 8.103446960449219 -10.783307075500488 38.56242370605469
    endloop
  endfacet
  facet normal 0.784640908241272 -0.6020572781562805 -0.14787042140960693
    outer loop
      vertex 9.450607299804688 -9.26638126373291 38.77508544921875
      vertex 10.537130355834961 -8.699549674987793 42.232608795166016
      vertex 9.249740600585938 -10.338099479675293 42.07275390625
    endloop
  endfacet
  facet normal 0.7114209532737732 -0.6876228451728821 -0.14510385692119598
    outer loop
      vertex 8.103446960449219 -10.783307075500488 38.56242370605469
      vertex 9.249740600585938 -10.338099479675293 42.07275390625
      vertex 7.884218215942383 -11.718681335449219 41.920162200927734
    endloop
  endfacet
  facet normal 0.7489367127418518 -0.6422533988952637 -0.16310864686965942
    outer loop
      vertex 9.249740600585938 -10.338099479675293 42.07275390625
      vertex 8.103446960449219 -10.783307075500488 38.56242370605469
      vertex 9.450607299804688 -9.26638126373291 38.77508544921875
    endloop
  endfacet
  facet normal 0.5065478682518005 -0.8568675518035889 -0.09585071355104446
    outer loop
      vertex 5.755196571350098 -12.131317138671875 34.52222442626953
      vertex 6.738763332366943 -11.977975845336914 38.349327087402344
      vertex 5.333365440368652 -12.788476943969727 38.16769790649414
    endloop
  endfacet
  facet normal 0.5906075239181519 -0.7961487174034119 -0.13164351880550385
    outer loop
      vertex 6.738763332366943 -11.977975845336914 38.349327087402344
      vertex 7.884218215942383 -11.718681335449219 41.920162200927734
      vertex 6.45064115524292 -12.758659362792969 41.778079986572266
    endloop
  endfacet
  facet normal 0.4175627827644348 -0.9004501104354858 -0.12178310006856918
    outer loop
      vertex 5.333365440368652 -12.788476943969727 38.16769790649414
      vertex 6.45064115524292 -12.758659362792969 41.778079986572266
      vertex 4.9474263191223145 -13.444596290588379 41.695682525634766
    endloop
  endfacet
  facet normal 0.508411705493927 -0.8478904366493225 -0.15033145248889923
    outer loop
      vertex 6.45064115524292 -12.758659362792969 41.778079986572266
      vertex 5.333365440368652 -12.788476943969727 38.16769790649414
      vertex 6.738763332366943 -11.977975845336914 38.349327087402344
    endloop
  endfacet
  facet normal 0.6642225384712219 -0.730201005935669 -0.1600465625524521
    outer loop
      vertex 7.884218215942383 -11.718681335449219 41.920162200927734
      vertex 6.738763332366943 -11.977975845336914 38.349327087402344
      vertex 8.103446960449219 -10.783307075500488 38.56242370605469
    endloop
  endfacet
  facet normal 0.622363269329071 -0.7720228433609009 -0.129014790058136
    outer loop
      vertex 6.738763332366943 -11.977975845336914 38.349327087402344
      vertex 5.755196571350098 -12.131317138671875 34.52222442626953
      vertex 7.024890422821045 -11.156676292419434 34.81494903564453
    endloop
  endfacet
  facet normal 0.7344129085540771 -0.6629632711410522 -0.14531806111335754
    outer loop
      vertex 8.103446960449219 -10.783307075500488 38.56242370605469
      vertex 7.024890422821045 -11.156676292419434 34.81494903564453
      vertex 8.31623649597168 -9.7758207321167 35.04151916503906
    endloop
  endfacet
  facet normal 0.6644460558891296 -0.7380089163780212 -0.11770400404930115
    outer loop
      vertex 7.024890422821045 -11.156676292419434 34.81494903564453
      vertex 8.103446960449219 -10.783307075500488 38.56242370605469
      vertex 6.738763332366943 -11.977975845336914 38.349327087402344
    endloop
  endfacet
  facet normal 0.8179961442947388 -0.5659748911857605 -0.10273618251085281
    outer loop
      vertex 10.537130355834961 -8.699549674987793 42.232608795166016
      vertex 11.407979965209961 -8.000659942626953 45.31621170043945
      vertex 10.231856346130371 -9.674436569213867 45.17264938354492
    endloop
  endfacet
  facet normal 0.8454798460006714 -0.5260928869247437 -0.09159786999225616
    outer loop
      vertex 11.001641273498535 -8.948150634765625 47.007484436035156
      vertex 11.407979965209961 -8.000659942626953 45.31621170043945
      vertex 11.553497314453125 -8.113865852355957 47.30958557128906
    endloop
  endfacet
  facet normal 0.7602881789207458 -0.6409173011779785 -0.10576900839805603
    outer loop
      vertex 9.78817367553711 -10.492192268371582 46.93864059448242
      vertex 10.231856346130371 -9.674436569213867 45.17264938354492
      vertex 10.4468994140625 -9.756261825561523 47.21424865722656
    endloop
  endfacet
  facet normal 0.8171253800392151 -0.5639166235923767 -0.11959990859031677
    outer loop
      vertex 11.001641273498535 -8.948150634765625 47.007484436035156
      vertex 10.231856346130371 -9.674436569213867 45.17264938354492
      vertex 11.407979965209961 -8.000659942626953 45.31621170043945
    endloop
  endfacet
  facet normal 0.9073771238327026 -0.42030084133148193 -0.0037326179444789886
    outer loop
      vertex 12.021438598632812 -7.1912760734558105 47.13532638549805
      vertex 12.229992866516113 -6.753381729125977 48.52577590942383
      vertex 11.797513961791992 -7.686410903930664 48.453834533691406
    endloop
  endfacet
  facet normal 0.7372733354568481 -0.6748534440994263 -0.03163726255297661
    outer loop
      vertex 9.78817367553711 -10.492192268371582 46.93864059448242
      vertex 10.209234237670898 -10.098562240600586 48.35450744628906
      vertex 9.55607795715332 -10.813003540039062 48.37310791015625
    endloop
  endfacet
  facet normal 0.8351456522941589 -0.5488157272338867 -0.03651344031095505
    outer loop
      vertex 11.001641273498535 -8.948150634765625 47.007484436035156
      vertex 11.32369327545166 -8.54990005493164 48.387638092041016
      vertex 10.798538208007812 -9.346923828125 48.35581970214844
    endloop
  endfacet
  facet normal 0.32696789503097534 -0.9443219900131226 -0.036714017391204834
    outer loop
      vertex 4.9474263191223145 -13.444596290588379 41.695682525634766
      vertex 5.942433834075928 -13.222331047058105 44.84013748168945
      vertex 4.376769542694092 -13.761625289916992 44.7678337097168
    endloop
  endfacet
  facet normal 0.39152902364730835 -0.9149180054664612 -0.09813392162322998
    outer loop
      vertex 5.28432559967041 -13.701887130737305 46.68543243408203
      vertex 5.942433834075928 -13.222331047058105 44.84013748168945
      vertex 6.079629898071289 -13.396109580993652 47.0076789855957
    endloop
  endfacet
  facet normal 0.17247357964515686 -0.9793172478675842 -0.10578620433807373
    outer loop
      vertex 3.6874966621398926 -14.084775924682617 46.635616302490234
      vertex 4.376769542694092 -13.761625289916992 44.7678337097168
      vertex 4.5077619552612305 -13.969837188720703 46.90892791748047
    endloop
  endfacet
  facet normal 0.32827335596084595 -0.9361141324043274 -0.12620195746421814
    outer loop
      vertex 5.28432559967041 -13.701887130737305 46.68543243408203
      vertex 4.376769542694092 -13.761625289916992 44.7678337097168
      vertex 5.942433834075928 -13.222331047058105 44.84013748168945
    endloop
  endfacet
  facet normal 0.5374460816383362 -0.8431100249290466 -0.01781328022480011
    outer loop
      vertex 6.845606803894043 -12.942360877990723 46.81510543823242
      vertex 7.251410007476807 -12.717024803161621 48.39337921142578
      vertex 6.453784942626953 -13.222996711730957 48.276023864746094
    endloop
  endfacet
  facet normal 0.12774010002613068 -0.9902623891830444 -0.055342644453048706
    outer loop
      vertex 3.6874966621398926 -14.084775924682617 46.635616302490234
      vertex 4.115359306335449 -14.110600471496582 48.08528137207031
      vertex 3.299206256866455 -14.216544151306152 48.097145080566406
    endloop
  endfacet
  facet normal 0.3587588369846344 -0.9324663281440735 -0.042410124093294144
    outer loop
      vertex 5.28432559967041 -13.701887130737305 46.68543243408203
      vertex 5.6742658615112305 -13.619812965393066 48.17948913574219
      vertex 4.899860382080078 -13.914705276489258 48.112342834472656
    endloop
  endfacet
  facet normal 0.6331461668014526 -0.7739080190658569 -0.013871154747903347
    outer loop
      vertex 8.382162094116211 -11.837984085083008 46.907493591308594
      vertex 8.840961456298828 -11.489435195922852 48.40284729003906
      vertex 8.061543464660645 -12.12772274017334 48.438194274902344
    endloop
  endfacet
  facet normal 0.5116702318191528 -0.8516843318939209 -0.11325778812170029
    outer loop
      vertex 6.845606803894043 -12.942360877990723 46.81510543823242
      vertex 5.942433834075928 -13.222331047058105 44.84013748168945
      vertex 7.458710193634033 -12.325906753540039 44.94929504394531
    endloop
  endfacet
  facet normal 0.4172567129135132 -0.9062429070472717 -0.06797593832015991
    outer loop
      vertex 5.942433834075928 -13.222331047058105 44.84013748168945
      vertex 4.9474263191223145 -13.444596290588379 41.695682525634766
      vertex 6.45064115524292 -12.758659362792969 41.778079986572266
    endloop
  endfacet
  facet normal 0.5904684662818909 -0.8032748103141785 -0.07808166742324829
    outer loop
      vertex 7.458710193634033 -12.325906753540039 44.94929504394531
      vertex 6.45064115524292 -12.758659362792969 41.778079986572266
      vertex 7.884218215942383 -11.718681335449219 41.920162200927734
    endloop
  endfacet
  facet normal 0.5108053684234619 -0.8585062623023987 -0.045221224427223206
    outer loop
      vertex 6.45064115524292 -12.758659362792969 41.778079986572266
      vertex 7.458710193634033 -12.325906753540039 44.94929504394531
      vertex 5.942433834075928 -13.222331047058105 44.84013748168945
    endloop
  endfacet
  facet normal 0.7370189428329468 -0.6646580696105957 -0.12260843813419342
    outer loop
      vertex 9.78817367553711 -10.492192268371582 46.93864059448242
      vertex 8.904359817504883 -11.124781608581543 45.05514907836914
      vertex 10.231856346130371 -9.674436569213867 45.17264938354492
    endloop
  endfacet
  facet normal 0.7129054069519043 -0.6940203905105591 -0.10050632804632187
    outer loop
      vertex 8.904359817504883 -11.124781608581543 45.05514907836914
      vertex 7.884218215942383 -11.718681335449219 41.920162200927734
      vertex 9.249740600585938 -10.338099479675293 42.07275390625
    endloop
  endfacet
  facet normal 0.7863308787345886 -0.6061673760414124 -0.11935148388147354
    outer loop
      vertex 10.231856346130371 -9.674436569213867 45.17264938354492
      vertex 9.249740600585938 -10.338099479675293 42.07275390625
      vertex 10.537130355834961 -8.699549674987793 42.232608795166016
    endloop
  endfacet
  facet normal 0.7382627725601196 -0.668373167514801 -0.09080467373132706
    outer loop
      vertex 9.249740600585938 -10.338099479675293 42.07275390625
      vertex 10.231856346130371 -9.674436569213867 45.17264938354492
      vertex 8.904359817504883 -11.124781608581543 45.05514907836914
    endloop
  endfacet
  facet normal 0.6405154466629028 -0.7653201222419739 -0.06344301998615265
    outer loop
      vertex 7.884218215942383 -11.718681335449219 41.920162200927734
      vertex 8.904359817504883 -11.124781608581543 45.05514907836914
      vertex 7.458710193634033 -12.325906753540039 44.94929504394531
    endloop
  endfacet
  facet normal 0.66293865442276 -0.7421198487281799 -0.09884589165449142
    outer loop
      vertex 8.382162094116211 -11.837984085083008 46.907493591308594
      vertex 8.904359817504883 -11.124781608581543 45.05514907836914
      vertex 9.135648727416992 -11.201411247253418 47.181678771972656
    endloop
  endfacet
  facet normal 0.5556676983833313 -0.826467752456665 -0.09046881645917892
    outer loop
      vertex 6.845606803894043 -12.942360877990723 46.81510543823242
      vertex 7.458710193634033 -12.325906753540039 44.94929504394531
      vertex 7.641424179077148 -12.443540573120117 47.14617156982422
    endloop
  endfacet
  facet normal 0.63986736536026 -0.7602322101593018 -0.11232372373342514
    outer loop
      vertex 8.382162094116211 -11.837984085083008 46.907493591308594
      vertex 7.458710193634033 -12.325906753540039 44.94929504394531
      vertex 8.904359817504883 -11.124781608581543 45.05514907836914
    endloop
  endfacet
  facet normal -0.04723483696579933 -0.9966610074043274 -0.06660180538892746
    outer loop
      vertex 2.019778251647949 -14.125458717346191 46.63825607299805
      vertex 2.446559429168701 -14.244529724121094 48.11741256713867
      vertex 1.5761890411376953 -14.203442573547363 48.119842529296875
    endloop
  endfacet
  facet normal -0.2782284915447235 -0.9472002983093262 -0.15937583148479462
    outer loop
      vertex 0.34558239579200745 -13.860989570617676 46.61455535888672
      vertex -0.4860834777355194 -13.298274040222168 44.722103118896484
      vertex 1.122221827507019 -13.774255752563477 44.74327087402344
    endloop
  endfacet
  facet normal -0.43310996890068054 -0.8917723298072815 -0.13098880648612976
    outer loop
      vertex -0.4860834777355194 -13.298274040222168 44.722103118896484
      vertex -1.3664425611495972 -12.413654327392578 41.6104850769043
      vertex 0.16518253087997437 -13.164148330688477 41.65558624267578
    endloop
  endfacet
  facet normal -0.2769239842891693 -0.9553620219230652 -0.10294002294540405
    outer loop
      vertex 1.122221827507019 -13.774255752563477 44.74327087402344
      vertex 0.16518253087997437 -13.164148330688477 41.65558624267578
      vertex 1.7488934993743896 -13.623262405395508 41.656097412109375
    endloop
  endfacet
  facet normal -0.2810934782028198 -0.9543042778968811 -0.10143867135047913
    outer loop
      vertex 0.16518253087997437 -13.164148330688477 41.65558624267578
      vertex 1.122221827507019 -13.774255752563477 44.74327087402344
      vertex -0.4860834777355194 -13.298274040222168 44.722103118896484
    endloop
  endfacet
  facet normal 0.11108051985502243 -0.9853400588035583 -0.12948426604270935
    outer loop
      vertex 3.6874966621398926 -14.084775924682617 46.635616302490234
      vertex 2.7625417709350586 -13.941417694091797 44.7512092590332
      vertex 4.376769542694092 -13.761625289916992 44.7678337097168
    endloop
  endfacet
  facet normal -0.07088014483451843 -0.9943516254425049 -0.07899897545576096
    outer loop
      vertex 2.7625417709350586 -13.941417694091797 44.7512092590332
      vertex 1.7488934993743896 -13.623262405395508 41.656097412109375
      vertex 3.360722303390503 -13.738791465759277 41.66407012939453
    endloop
  endfacet
  facet normal 0.1831875741481781 -0.9807796478271484 -0.06718365848064423
    outer loop
      vertex 4.376769542694092 -13.761625289916992 44.7678337097168
      vertex 3.360722303390503 -13.738791465759277 41.66407012939453
      vertex 4.9474263191223145 -13.444596290588379 41.695682525634766
    endloop
  endfacet
  facet normal 0.1110338494181633 -0.9928575158119202 -0.043652284890413284
    outer loop
      vertex 3.360722303390503 -13.738791465759277 41.66407012939453
      vertex 4.376769542694092 -13.761625289916992 44.7678337097168
      vertex 2.7625417709350586 -13.941417694091797 44.7512092590332
    endloop
  endfacet
  facet normal -0.10081081837415695 -0.9925095438957214 -0.06900732964277267
    outer loop
      vertex 1.7488934993743896 -13.623262405395508 41.656097412109375
      vertex 2.7625417709350586 -13.941417694091797 44.7512092590332
      vertex 1.122221827507019 -13.774255752563477 44.74327087402344
    endloop
  endfacet
  facet normal -0.029156360775232315 -0.9936808943748474 -0.10838858783245087
    outer loop
      vertex 2.019778251647949 -14.125458717346191 46.63825607299805
      vertex 2.7625417709350586 -13.941417694091797 44.7512092590332
      vertex 2.8721232414245605 -14.178997039794922 46.899803161621094
    endloop
  endfacet
  facet normal -0.20041821897029877 -0.9712866544723511 -0.12819862365722656
    outer loop
      vertex 0.34558239579200745 -13.860989570617676 46.61455535888672
      vertex 1.122221827507019 -13.774255752563477 44.74327087402344
      vertex 1.180249810218811 -14.070331573486328 46.895748138427734
    endloop
  endfacet
  facet normal -0.09980044513940811 -0.9857488870620728 -0.13542130589485168
    outer loop
      vertex 2.019778251647949 -14.125458717346191 46.63825607299805
      vertex 1.122221827507019 -13.774255752563477 44.74327087402344
      vertex 2.7625417709350586 -13.941417694091797 44.7512092590332
    endloop
  endfacet
  facet normal -0.5409921407699585 -0.8213971853256226 -0.18064919114112854
    outer loop
      vertex -1.3664425611495972 -12.413654327392578 41.6104850769043
      vertex -2.199702262878418 -11.121389389038086 38.23003387451172
      vertex -0.7730872631072998 -12.067998886108398 38.26189041137695
    endloop
  endfacet
  facet normal -0.6320410370826721 -0.7440915703773499 -0.216452956199646
    outer loop
      vertex -2.199702262878418 -11.121389389038086 38.23003387451172
      vertex -2.7665607929229736 -9.645050048828125 34.81010437011719
      vertex -1.5014381408691406 -10.715361595153809 34.79532241821289
    endloop
  endfacet
  facet normal -0.5492749214172363 -0.811089038848877 -0.2010762095451355
    outer loop
      vertex -0.7730872631072998 -12.067998886108398 38.26189041137695
      vertex -1.5014381408691406 -10.715361595153809 34.79532241821289
      vertex -0.07613468170166016 -11.638961791992188 34.627418518066406
    endloop
  endfacet
  facet normal -0.5378388166427612 -0.8174972534179688 -0.20597949624061584
    outer loop
      vertex -1.5014381408691406 -10.715361595153809 34.79532241821289
      vertex -0.7730872631072998 -12.067998886108398 38.26189041137695
      vertex -2.199702262878418 -11.121389389038086 38.23003387451172
    endloop
  endfacet
  facet normal -0.7152976989746094 -0.662006139755249 -0.22382372617721558
    outer loop
      vertex -2.7665607929229736 -9.645050048828125 34.81010437011719
      vertex -3.184372901916504 -8.153604507446289 31.734085083007812
      vertex -1.898214340209961 -9.411154747009277 31.34324073791504
    endloop
  endfacet
  facet normal -0.724358081817627 -0.6569665670394897 -0.2090461552143097
    outer loop
      vertex -3.184372901916504 -8.153604507446289 31.734085083007812
      vertex -3.299109935760498 -7.251139163970947 29.295490264892578
      vertex -2.250880479812622 -8.150994300842285 28.49127197265625
    endloop
  endfacet
  facet normal -0.7253859639167786 -0.658289909362793 -0.2011704444885254
    outer loop
      vertex -1.898214340209961 -9.411154747009277 31.34324073791504
      vertex -2.250880479812622 -8.150994300842285 28.49127197265625
      vertex -0.909635066986084 -9.327093124389648 27.50351905822754
    endloop
  endfacet
  facet normal -0.7154039144515991 -0.6675061583518982 -0.20647704601287842
    outer loop
      vertex -2.250880479812622 -8.150994300842285 28.49127197265625
      vertex -1.898214340209961 -9.411154747009277 31.34324073791504
      vertex -3.184372901916504 -8.153604507446289 31.734085083007812
    endloop
  endfacet
  facet normal -0.5607874989509583 -0.8067994713783264 -0.1859893798828125
    outer loop
      vertex -0.07613468170166016 -11.638961791992188 34.627418518066406
      vertex -0.5205001831054688 -10.463231086730957 30.86707305908203
      vertex 0.9175004959106445 -11.355031967163086 30.399797439575195
    endloop
  endfacet
  facet normal -0.6869295239448547 -0.708896815776825 -0.1599784791469574
    outer loop
      vertex -0.5205001831054688 -10.463231086730957 30.86707305908203
      vertex -0.909635066986084 -9.327093124389648 27.50351905822754
      vertex 0.5324978828430176 -10.508333206176758 26.545475006103516
    endloop
  endfacet
  facet normal -0.5851327180862427 -0.8023352026939392 -0.11780505627393723
    outer loop
      vertex 0.9175004959106445 -11.355031967163086 30.399797439575195
      vertex 0.5324978828430176 -10.508333206176758 26.545475006103516
      vertex 1.98654043674469 -11.463678359985352 25.829879760742188
    endloop
  endfacet
  facet normal -0.5520771145820618 -0.8242304921150208 -0.1259167492389679
    outer loop
      vertex 0.5324978828430176 -10.508333206176758 26.545475006103516
      vertex 0.9175004959106445 -11.355031967163086 30.399797439575195
      vertex -0.5205001831054688 -10.463231086730957 30.86707305908203
    endloop
  endfacet
  facet normal -0.6355502009391785 -0.7507678270339966 -0.1800657957792282
    outer loop
      vertex -0.909635066986084 -9.327093124389648 27.50351905822754
      vertex -0.5205001831054688 -10.463231086730957 30.86707305908203
      vertex -1.898214340209961 -9.411154747009277 31.34324073791504
    endloop
  endfacet
  facet normal -0.5495814681053162 -0.8136732578277588 -0.189462810754776
    outer loop
      vertex -0.5205001831054688 -10.463231086730957 30.86707305908203
      vertex -0.07613468170166016 -11.638961791992188 34.627418518066406
      vertex -1.5014381408691406 -10.715361595153809 34.79532241821289
    endloop
  endfacet
  facet normal -0.6330578923225403 -0.7453984618186951 -0.20885123312473297
    outer loop
      vertex -1.898214340209961 -9.411154747009277 31.34324073791504
      vertex -1.5014381408691406 -10.715361595153809 34.79532241821289
      vertex -2.7665607929229736 -9.645050048828125 34.81010437011719
    endloop
  endfacet
  facet normal -0.6379500031471252 -0.7417590022087097 -0.20691391825675964
    outer loop
      vertex -1.5014381408691406 -10.715361595153809 34.79532241821289
      vertex -1.898214340209961 -9.411154747009277 31.34324073791504
      vertex -0.5205001831054688 -10.463231086730957 30.86707305908203
    endloop
  endfacet
  facet normal 0.26671281456947327 -0.9523541927337646 -0.14793804287910461
    outer loop
      vertex 4.9474263191223145 -13.444596290588379 41.695682525634766
      vertex 3.8296937942504883 -13.195530891418457 38.07719421386719
      vertex 5.333365440368652 -12.788476943969727 38.16769790649414
    endloop
  endfacet
  facet normal 0.07189905643463135 -0.9888054132461548 -0.13074573874473572
    outer loop
      vertex 3.8296937942504883 -13.195530891418457 38.07719421386719
      vertex 2.8444066047668457 -12.759245872497559 34.2358283996582
      vertex 4.404536724090576 -12.650862693786621 34.274085998535156
    endloop
  endfacet
  facet normal 0.37579232454299927 -0.918623149394989 -0.122113436460495
    outer loop
      vertex 5.333365440368652 -12.788476943969727 38.16769790649414
      vertex 4.404536724090576 -12.650862693786621 34.274085998535156
      vertex 5.755196571350098 -12.131317138671875 34.52222442626953
    endloop
  endfacet
  facet normal 0.2655121684074402 -0.9591912031173706 -0.09723971039056778
    outer loop
      vertex 4.404536724090576 -12.650862693786621 34.274085998535156
      vertex 5.333365440368652 -12.788476943969727 38.16769790649414
      vertex 3.8296937942504883 -13.195530891418457 38.07719421386719
    endloop
  endfacet
  facet normal -0.15119148790836334 -0.9742914438247681 -0.16702453792095184
    outer loop
      vertex 2.8444066047668457 -12.759245872497559 34.2358283996582
      vertex 2.3542532920837402 -11.972891807556152 30.092538833618164
      vertex 3.7330870628356934 -12.187941551208496 30.098844528198242
    endloop
  endfacet
  facet normal -0.3352852463722229 -0.938437283039093 -0.08318193256855011
    outer loop
      vertex 2.3542532920837402 -11.972891807556152 30.092538833618164
      vertex 1.98654043674469 -11.463678359985352 25.829879760742188
      vertex 3.389148473739624 -11.948554039001465 25.64656639099121
    endloop
  endfacet
  facet normal 0.09333125501871109 -0.9937865138053894 -0.06064317747950554
    outer loop
      vertex 3.7330870628356934 -12.187941551208496 30.098844528198242
      vertex 3.389148473739624 -11.948554039001465 25.64656639099121
      vertex 4.687286376953125 -11.85470199584961 26.106435775756836
    endloop
  endfacet
  facet normal -0.15378715097904205 -0.9872446060180664 -0.04120153561234474
    outer loop
      vertex 3.389148473739624 -11.948554039001465 25.64656639099121
      vertex 3.7330870628356934 -12.187941551208496 30.098844528198242
      vertex 2.3542532920837402 -11.972891807556152 30.092538833618164
    endloop
  endfacet
  facet normal 0.5457781553268433 -0.8286629319190979 -0.12427394092082977
    outer loop
      vertex 5.755196571350098 -12.131317138671875 34.52222442626953
      vertex 5.125752925872803 -11.942902565002441 30.50152015686035
      vertex 6.304570198059082 -11.252142906188965 31.07256317138672
    endloop
  endfacet
  facet normal 0.48238280415534973 -0.8734967708587646 -0.0656532570719719
    outer loop
      vertex 5.125752925872803 -11.942902565002441 30.50152015686035
      vertex 4.687286376953125 -11.85470199584961 26.106435775756836
      vertex 5.922525405883789 -11.256587028503418 27.224531173706055
    endloop
  endfacet
  facet normal 0.6973435878753662 -0.7134647369384766 -0.0684104859828949
    outer loop
      vertex 6.304570198059082 -11.252142906188965 31.07256317138672
      vertex 5.922525405883789 -11.256587028503418 27.224531173706055
      vertex 6.804060935974121 -10.507241249084473 28.395423889160156
    endloop
  endfacet
  facet normal 0.523176372051239 -0.8506995439529419 -0.050960130989551544
    outer loop
      vertex 5.922525405883789 -11.256587028503418 27.224531173706055
      vertex 6.304570198059082 -11.252142906188965 31.07256317138672
      vertex 5.125752925872803 -11.942902565002441 30.50152015686035
    endloop
  endfacet
  facet normal 0.18382343649864197 -0.9822224974632263 -0.03805001080036163
    outer loop
      vertex 4.687286376953125 -11.85470199584961 26.106435775756836
      vertex 5.125752925872803 -11.942902565002441 30.50152015686035
      vertex 3.7330870628356934 -12.187941551208496 30.098844528198242
    endloop
  endfacet
  facet normal 0.373370498418808 -0.9220951795578003 -0.10166175663471222
    outer loop
      vertex 5.125752925872803 -11.942902565002441 30.50152015686035
      vertex 5.755196571350098 -12.131317138671875 34.52222442626953
      vertex 4.404536724090576 -12.650862693786621 34.274085998535156
    endloop
  endfacet
  facet normal 0.07175183296203613 -0.9900185465812683 -0.12130514532327652
    outer loop
      vertex 3.7330870628356934 -12.187941551208496 30.098844528198242
      vertex 4.404536724090576 -12.650862693786621 34.274085998535156
      vertex 2.8444066047668457 -12.759245872497559 34.2358283996582
    endloop
  endfacet
  facet normal 0.211003839969635 -0.9672370553016663 -0.1411733627319336
    outer loop
      vertex 4.404536724090576 -12.650862693786621 34.274085998535156
      vertex 3.7330870628356934 -12.187941551208496 30.098844528198242
      vertex 5.125752925872803 -11.942902565002441 30.50152015686035
    endloop
  endfacet
  facet normal -0.4072315990924835 -0.9103529453277588 -0.07362063974142075
    outer loop
      vertex 1.98654043674469 -11.463678359985352 25.829879760742188
      vertex 2.3542532920837402 -11.972891807556152 30.092538833618164
      vertex 0.9175004959106445 -11.355031967163086 30.399797439575195
    endloop
  endfacet
  facet normal -0.2786836624145508 -0.9490427374839783 -0.1471502035856247
    outer loop
      vertex 2.3542532920837402 -11.972891807556152 30.092538833618164
      vertex 2.8444066047668457 -12.759245872497559 34.2358283996582
      vertex 1.3891162872314453 -12.356498718261719 34.39445114135742
    endloop
  endfacet
  facet normal -0.45484328269958496 -0.8750262260437012 -0.16567100584506989
    outer loop
      vertex 0.9175004959106445 -11.355031967163086 30.399797439575195
      vertex 1.3891162872314453 -12.356498718261719 34.39445114135742
      vertex -0.07613468170166016 -11.638961791992188 34.627418518066406
    endloop
  endfacet
  facet normal -0.42016685009002686 -0.8906698226928711 -0.17368687689304352
    outer loop
      vertex 1.3891162872314453 -12.356498718261719 34.39445114135742
      vertex 0.9175004959106445 -11.355031967163086 30.399797439575195
      vertex 2.3542532920837402 -11.972891807556152 30.092538833618164
    endloop
  endfacet
  facet normal -0.0016428036615252495 -0.9936579465866089 -0.11243382096290588
    outer loop
      vertex 2.8444066047668457 -12.759245872497559 34.2358283996582
      vertex 3.8296937942504883 -13.195530891418457 38.07719421386719
      vertex 2.2624521255493164 -13.195394515991211 38.0988883972168
    endloop
  endfacet
  facet normal 0.1832873374223709 -0.9752401113510132 -0.12374360859394073
    outer loop
      vertex 3.8296937942504883 -13.195530891418457 38.07719421386719
      vertex 4.9474263191223145 -13.444596290588379 41.695682525634766
      vertex 3.360722303390503 -13.738791465759277 41.66407012939453
    endloop
  endfacet
  facet normal -0.0702584832906723 -0.9891371130943298 -0.12911859154701233
    outer loop
      vertex 2.2624521255493164 -13.195394515991211 38.0988883972168
      vertex 3.360722303390503 -13.738791465759277 41.66407012939453
      vertex 1.7488934993743896 -13.623262405395508 41.656097412109375
    endloop
  endfacet
  facet normal -0.0021627326495945454 -0.9886796474456787 -0.15002606809139252
    outer loop
      vertex 3.360722303390503 -13.738791465759277 41.66407012939453
      vertex 2.2624521255493164 -13.195394515991211 38.0988883972168
      vertex 3.8296937942504883 -13.195530891418457 38.07719421386719
    endloop
  endfacet
  facet normal -0.43025580048561096 -0.8831759691238403 -0.18676252663135529
    outer loop
      vertex -0.07613468170166016 -11.638961791992188 34.627418518066406
      vertex 0.7275058031082153 -12.784031867980957 38.190914154052734
      vertex -0.7730872631072998 -12.067998886108398 38.26189041137695
    endloop
  endfacet
  facet normal -0.27528634667396545 -0.9497641921043396 -0.14888015389442444
    outer loop
      vertex 0.7275058031082153 -12.784031867980957 38.190914154052734
      vertex 1.7488934993743896 -13.623262405395508 41.656097412109375
      vertex 0.16518253087997437 -13.164148330688477 41.65558624267578
    endloop
  endfacet
  facet normal -0.42979249358177185 -0.8872104287147522 -0.16773861646652222
    outer loop
      vertex -0.7730872631072998 -12.067998886108398 38.26189041137695
      vertex 0.16518253087997437 -13.164148330688477 41.65558624267578
      vertex -1.3664425611495972 -12.413654327392578 41.6104850769043
    endloop
  endfacet
  facet normal -0.431018590927124 -0.886709988117218 -0.16723798215389252
    outer loop
      vertex 0.16518253087997437 -13.164148330688477 41.65558624267578
      vertex -0.7730872631072998 -12.067998886108398 38.26189041137695
      vertex 0.7275058031082153 -12.784031867980957 38.190914154052734
    endloop
  endfacet
  facet normal -0.2643585801124573 -0.9522581696510315 -0.15270519256591797
    outer loop
      vertex 1.7488934993743896 -13.623262405395508 41.656097412109375
      vertex 0.7275058031082153 -12.784031867980957 38.190914154052734
      vertex 2.2624521255493164 -13.195394515991211 38.0988883972168
    endloop
  endfacet
  facet normal -0.45544055104255676 -0.8723694682121277 -0.1776103675365448
    outer loop
      vertex 0.7275058031082153 -12.784031867980957 38.190914154052734
      vertex -0.07613468170166016 -11.638961791992188 34.627418518066406
      vertex 1.3891162872314453 -12.356498718261719 34.39445114135742
    endloop
  endfacet
  facet normal -0.2788030207157135 -0.9487016201019287 -0.14911121129989624
    outer loop
      vertex 2.2624521255493164 -13.195394515991211 38.0988883972168
      vertex 1.3891162872314453 -12.356498718261719 34.39445114135742
      vertex 2.8444066047668457 -12.759245872497559 34.2358283996582
    endloop
  endfacet
  facet normal -0.2643679082393646 -0.9521603584289551 -0.15329760313034058
    outer loop
      vertex 1.3891162872314453 -12.356498718261719 34.39445114135742
      vertex 2.2624521255493164 -13.195394515991211 38.0988883972168
      vertex 0.7275058031082153 -12.784031867980957 38.190914154052734
    endloop
  endfacet
  facet normal -0.32454076409339905 0.35342323780059814 -0.8773627877235413
    outer loop
      vertex 4.95185661315918 0.17419779300689697 14.23570728302002
      vertex 4.137639999389648 -1.618754506111145 13.814644813537598
      vertex 3.7254838943481445 1.119931936264038 15.070313453674316
    endloop
  endfacet
  facet normal -0.5376980900764465 0.18877393007278442 -0.8217330574989319
    outer loop
      vertex 4.137639999389648 -1.618754506111145 13.814644813537598
      vertex 3.0008344650268555 -3.411515474319458 14.1466646194458
      vertex 2.4900617599487305 -0.594921350479126 15.127933502197266
    endloop
  endfacet
  facet normal -0.5276907682418823 0.35421979427337646 -0.7720562219619751
    outer loop
      vertex 3.7254838943481445 1.119931936264038 15.070313453674316
      vertex 2.4900617599487305 -0.594921350479126 15.127933502197266
      vertex 1.9571149349212646 2.142613649368286 16.748178482055664
    endloop
  endfacet
  facet normal -0.46782439947128296 0.30921199917793274 -0.8279663920402527
    outer loop
      vertex 2.4900617599487305 -0.594921350479126 15.127933502197266
      vertex 3.7254838943481445 1.119931936264038 15.070313453674316
      vertex 4.137639999389648 -1.618754506111145 13.814644813537598
    endloop
  endfacet
  facet normal -0.6976714134216309 0.02258484996855259 -0.7160618305206299
    outer loop
      vertex 3.0008344650268555 -3.411515474319458 14.1466646194458
      vertex 1.7409695386886597 -4.781523704528809 15.330962181091309
      vertex 1.1765789985656738 -2.0907113552093506 15.965726852416992
    endloop
  endfacet
  facet normal -0.7952321767807007 -0.1413598209619522 -0.5895957946777344
    outer loop
      vertex 1.7409695386886597 -4.781523704528809 15.330962181091309
      vertex 0.4708305597305298 -5.777190208435059 17.282812118530273
      vertex -0.1289134919643402 -3.267568349838257 17.490032196044922
    endloop
  endfacet
  facet normal -0.7535064816474915 -0.015436777845025063 -0.6572593450546265
    outer loop
      vertex 1.1765789985656738 -2.0907113552093506 15.965726852416992
      vertex -0.1289134919643402 -3.267568349838257 17.490032196044922
      vertex -0.797917366027832 -0.7362027764320374 18.19754981994629
    endloop
  endfacet
  facet normal -0.7576190233230591 -0.004941211547702551 -0.6526783108711243
    outer loop
      vertex -0.1289134919643402 -3.267568349838257 17.490032196044922
      vertex 1.1765789985656738 -2.0907113552093506 15.965726852416992
      vertex 1.7409695386886597 -4.781523704528809 15.330962181091309
    endloop
  endfacet
  facet normal -0.5774860978126526 0.3832535743713379 -0.7208512425422668
    outer loop
      vertex 1.9571149349212646 2.142613649368286 16.748178482055664
      vertex 0.5751612186431885 0.583886981010437 17.026559829711914
      vertex -0.04821670055389404 3.0439562797546387 18.833898544311523
    endloop
  endfacet
  facet normal -0.7233242392539978 0.15559349954128265 -0.6727501749992371
    outer loop
      vertex 0.5751612186431885 0.583886981010437 17.026559829711914
      vertex -0.797917366027832 -0.7362027764320374 18.19754981994629
      vertex -1.4850903749465942 1.6393803358078003 19.48580551147461
    endloop
  endfacet
  facet normal -0.6418949365615845 0.3369695842266083 -0.6887832880020142
    outer loop
      vertex -0.04821670055389404 3.0439562797546387 18.833898544311523
      vertex -1.4850903749465942 1.6393803358078003 19.48580551147461
      vertex -2.157447099685669 3.8350462913513184 21.186565399169922
    endloop
  endfacet
  facet normal -0.6437169909477234 0.34041228890419006 -0.6853816509246826
    outer loop
      vertex -1.4850903749465942 1.6393803358078003 19.48580551147461
      vertex -0.04821670055389404 3.0439562797546387 18.833898544311523
      vertex 0.5751612186431885 0.583886981010437 17.026559829711914
    endloop
  endfacet
  facet normal -0.7073439955711365 0.117417111992836 -0.6970493197441101
    outer loop
      vertex -0.797917366027832 -0.7362027764320374 18.19754981994629
      vertex 0.5751612186431885 0.583886981010437 17.026559829711914
      vertex 1.1765789985656738 -2.0907113552093506 15.965726852416992
    endloop
  endfacet
  facet normal -0.5444113612174988 0.3462173044681549 -0.7640352249145508
    outer loop
      vertex 0.5751612186431885 0.583886981010437 17.026559829711914
      vertex 1.9571149349212646 2.142613649368286 16.748178482055664
      vertex 2.4900617599487305 -0.594921350479126 15.127933502197266
    endloop
  endfacet
  facet normal -0.6440793871879578 0.14487934112548828 -0.7511136531829834
    outer loop
      vertex 1.1765789985656738 -2.0907113552093506 15.965726852416992
      vertex 2.4900617599487305 -0.594921350479126 15.127933502197266
      vertex 3.0008344650268555 -3.411515474319458 14.1466646194458
    endloop
  endfacet
  facet normal -0.6477816104888916 0.15054459869861603 -0.7468034029006958
    outer loop
      vertex 2.4900617599487305 -0.594921350479126 15.127933502197266
      vertex 1.1765789985656738 -2.0907113552093506 15.965726852416992
      vertex 0.5751612186431885 0.583886981010437 17.026559829711914
    endloop
  endfacet
  facet normal -0.8395628929138184 -0.31377947330474854 -0.44348230957984924
    outer loop
      vertex 0.4708305597305298 -5.777190208435059 17.282812118530273
      vertex -0.730205774307251 -6.385890007019043 19.9871883392334
      vertex -1.360365629196167 -4.194058418273926 19.62935447692871
    endloop
  endfacet
  facet normal -0.8427472114562988 -0.434895396232605 -0.3172430098056793
    outer loop
      vertex -0.730205774307251 -6.385890007019043 19.9871883392334
      vertex -1.8015676736831665 -6.674736022949219 23.229198455810547
      vertex -2.447199821472168 -4.83742618560791 22.425609588623047
    endloop
  endfacet
  facet normal -0.8363552093505859 -0.36495962738990784 -0.4090408682823181
    outer loop
      vertex -1.360365629196167 -4.194058418273926 19.62935447692871
      vertex -2.447199821472168 -4.83742618560791 22.425609588623047
      vertex -3.225714921951294 -2.791095495223999 22.19161605834961
    endloop
  endfacet
  facet normal -0.8586613535881042 -0.31311556696891785 -0.4057823717594147
    outer loop
      vertex -2.447199821472168 -4.83742618560791 22.425609588623047
      vertex -1.360365629196167 -4.194058418273926 19.62935447692871
      vertex -0.730205774307251 -6.385890007019043 19.9871883392334
    endloop
  endfacet
  facet normal -0.8143540024757385 -0.521226167678833 -0.25524666905403137
    outer loop
      vertex -1.8015676736831665 -6.674736022949219 23.229198455810547
      vertex -2.6921932697296143 -6.904567241668701 26.540029525756836
      vertex -3.333442211151123 -5.394975662231445 25.50324821472168
    endloop
  endfacet
  facet normal -0.7712798118591309 -0.5879404544830322 -0.2438308149576187
    outer loop
      vertex -2.6921932697296143 -6.904567241668701 26.540029525756836
      vertex -3.299109935760498 -7.251139163970947 29.295490264892578
      vertex -3.9620587825775146 -6.072984218597412 28.551671981811523
    endloop
  endfacet
  facet normal -0.7999014854431152 -0.5293813943862915 -0.2826891541481018
    outer loop
      vertex -3.333442211151123 -5.394975662231445 25.50324821472168
      vertex -3.9620587825775146 -6.072984218597412 28.551671981811523
      vertex -4.803370952606201 -4.497224807739258 27.981395721435547
    endloop
  endfacet
  facet normal -0.7973556518554688 -0.5330532789230347 -0.28298088908195496
    outer loop
      vertex -3.9620587825775146 -6.072984218597412 28.551671981811523
      vertex -3.333442211151123 -5.394975662231445 25.50324821472168
      vertex -2.6921932697296143 -6.904567241668701 26.540029525756836
    endloop
  endfacet
  facet normal -0.8164114356040955 -0.4224746823310852 -0.39368465542793274
    outer loop
      vertex -3.225714921951294 -2.791095495223999 22.19161605834961
      vertex -4.1408305168151855 -3.619746446609497 24.978605270385742
      vertex -5.0736494064331055 -1.706608533859253 24.86001205444336
    endloop
  endfacet
  facet normal -0.813093900680542 -0.48545676469802856 -0.32126298546791077
    outer loop
      vertex -4.1408305168151855 -3.619746446609497 24.978605270385742
      vertex -4.803370952606201 -4.497224807739258 27.981395721435547
      vertex -5.761515140533447 -2.7268481254577637 27.7311954498291
    endloop
  endfacet
  facet normal -0.8319597840309143 -0.42906227707862854 -0.3517793118953705
    outer loop
      vertex -5.0736494064331055 -1.706608533859253 24.86001205444336
      vertex -5.761515140533447 -2.7268481254577637 27.7311954498291
      vertex -6.798651218414307 -0.8066889643669128 27.842025756835938
    endloop
  endfacet
  facet normal -0.832715630531311 -0.42781034111976624 -0.3515155017375946
    outer loop
      vertex -5.761515140533447 -2.7268481254577637 27.7311954498291
      vertex -5.0736494064331055 -1.706608533859253 24.86001205444336
      vertex -4.1408305168151855 -3.619746446609497 24.978605270385742
    endloop
  endfacet
  facet normal -0.8237511515617371 -0.46885424852371216 -0.31876280903816223
    outer loop
      vertex -4.803370952606201 -4.497224807739258 27.981395721435547
      vertex -4.1408305168151855 -3.619746446609497 24.978605270385742
      vertex -3.333442211151123 -5.394975662231445 25.50324821472168
    endloop
  endfacet
  facet normal -0.8463378548622131 -0.36621230840682983 -0.3867826759815216
    outer loop
      vertex -4.1408305168151855 -3.619746446609497 24.978605270385742
      vertex -3.225714921951294 -2.791095495223999 22.19161605834961
      vertex -2.447199821472168 -4.83742618560791 22.425609588623047
    endloop
  endfacet
  facet normal -0.8407824635505676 -0.43588244915008545 -0.3210783302783966
    outer loop
      vertex -3.333442211151123 -5.394975662231445 25.50324821472168
      vertex -2.447199821472168 -4.83742618560791 22.425609588623047
      vertex -1.8015676736831665 -6.674736022949219 23.229198455810547
    endloop
  endfacet
  facet normal -0.8224017024040222 -0.4691412150859833 -0.3218105733394623
    outer loop
      vertex -2.447199821472168 -4.83742618560791 22.425609588623047
      vertex -3.333442211151123 -5.394975662231445 25.50324821472168
      vertex -4.1408305168151855 -3.619746446609497 24.978605270385742
    endloop
  endfacet
  facet normal -0.667110800743103 0.34052810072898865 -0.6625736355781555
    outer loop
      vertex -2.157447099685669 3.8350462913513184 21.186565399169922
      vertex -3.585336685180664 2.5358691215515137 21.956523895263672
      vertex -4.275689125061035 4.516722679138184 23.669658660888672
    endloop
  endfacet
  facet normal -0.7769434452056885 0.10533375293016434 -0.6206961870193481
    outer loop
      vertex -3.585336685180664 2.5358691215515137 21.956523895263672
      vertex -4.879837512969971 1.3466947078704834 23.37508201599121
      vertex -5.6136860847473145 3.293102979660034 24.623971939086914
    endloop
  endfacet
  facet normal -0.7314544916152954 0.3379003405570984 -0.5922817587852478
    outer loop
      vertex -4.275689125061035 4.516722679138184 23.669658660888672
      vertex -5.6136860847473145 3.293102979660034 24.623971939086914
      vertex -6.217191696166992 5.01554536819458 26.351951599121094
    endloop
  endfacet
  facet normal -0.7186068892478943 0.29442310333251953 -0.6300152540206909
    outer loop
      vertex -5.6136860847473145 3.293102979660034 24.623971939086914
      vertex -4.275689125061035 4.516722679138184 23.669658660888672
      vertex -3.585336685180664 2.5358691215515137 21.956523895263672
    endloop
  endfacet
  facet normal -0.8346824645996094 -0.06069866195321083 -0.5473763346672058
    outer loop
      vertex -4.879837512969971 1.3466947078704834 23.37508201599121
      vertex -6.021777629852295 0.21723972260951996 25.241647720336914
      vertex -6.786496162414551 2.1378955841064453 26.19476890563965
    endloop
  endfacet
  facet normal -0.8757803440093994 -0.29864344000816345 -0.37923723459243774
    outer loop
      vertex -6.021777629852295 0.21723972260951996 25.241647720336914
      vertex -6.798651218414307 -0.8066889643669128 27.842025756835938
      vertex -7.650134086608887 0.9642595648765564 28.41377830505371
    endloop
  endfacet
  facet normal -0.8843212723731995 -0.17080116271972656 -0.43451452255249023
    outer loop
      vertex -6.786496162414551 2.1378955841064453 26.19476890563965
      vertex -7.650134086608887 0.9642595648765564 28.41377830505371
      vertex -8.358983993530273 2.7013304233551025 29.173608779907227
    endloop
  endfacet
  facet normal -0.8936834335327148 -0.1451277881860733 -0.4245796203613281
    outer loop
      vertex -7.650134086608887 0.9642595648765564 28.41377830505371
      vertex -6.786496162414551 2.1378955841064453 26.19476890563965
      vertex -6.021777629852295 0.21723972260951996 25.241647720336914
    endloop
  endfacet
  facet normal -0.7987135052680969 0.35865119099617004 -0.48314204812049866
    outer loop
      vertex -6.217191696166992 5.01554536819458 26.351951599121094
      vertex -7.379368782043457 3.851555824279785 27.409156799316406
      vertex -7.763780117034912 5.250608444213867 29.08321189880371
    endloop
  endfacet
  facet normal -0.8950605988502502 0.09338442981243134 -0.4360571503639221
    outer loop
      vertex -7.379368782043457 3.851555824279785 27.409156799316406
      vertex -8.358983993530273 2.7013304233551025 29.173608779907227
      vertex -8.715550422668457 4.212063789367676 30.22903823852539
    endloop
  endfacet
  facet normal -0.8509735465049744 0.32261940836906433 -0.414440393447876
    outer loop
      vertex -7.763780117034912 5.250608444213867 29.08321189880371
      vertex -8.715550422668457 4.212063789367676 30.22903823852539
      vertex -8.833756446838379 5.320616245269775 31.334699630737305
    endloop
  endfacet
  facet normal -0.849016547203064 0.29290491342544556 -0.439747154712677
    outer loop
      vertex -8.715550422668457 4.212063789367676 30.22903823852539
      vertex -7.763780117034912 5.250608444213867 29.08321189880371
      vertex -7.379368782043457 3.851555824279785 27.409156799316406
    endloop
  endfacet
  facet normal -0.8817368745803833 0.028630852699279785 -0.4708719253540039
    outer loop
      vertex -8.358983993530273 2.7013304233551025 29.173608779907227
      vertex -7.379368782043457 3.851555824279785 27.409156799316406
      vertex -6.786496162414551 2.1378955841064453 26.19476890563965
    endloop
  endfacet
  facet normal -0.7842800617218018 0.28040727972984314 -0.5534225702285767
    outer loop
      vertex -7.379368782043457 3.851555824279785 27.409156799316406
      vertex -6.217191696166992 5.01554536819458 26.351951599121094
      vertex -5.6136860847473145 3.293102979660034 24.623971939086914
    endloop
  endfacet
  facet normal -0.8195804357528687 0.05681949481368065 -0.5701398253440857
    outer loop
      vertex -6.786496162414551 2.1378955841064453 26.19476890563965
      vertex -5.6136860847473145 3.293102979660034 24.623971939086914
      vertex -4.879837512969971 1.3466947078704834 23.37508201599121
    endloop
  endfacet
  facet normal -0.8311479091644287 0.10006291419267654 -0.5469740629196167
    outer loop
      vertex -5.6136860847473145 3.293102979660034 24.623971939086914
      vertex -6.786496162414551 2.1378955841064453 26.19476890563965
      vertex -7.379368782043457 3.851555824279785 27.409156799316406
    endloop
  endfacet
  facet normal -0.8541480302810669 -0.34349769353866577 -0.3904363811016083
    outer loop
      vertex -6.798651218414307 -0.8066889643669128 27.842025756835938
      vertex -6.021777629852295 0.21723972260951996 25.241647720336914
      vertex -5.0736494064331055 -1.706608533859253 24.86001205444336
    endloop
  endfacet
  facet normal -0.8275085091590881 -0.08140986412763596 -0.555519700050354
    outer loop
      vertex -6.021777629852295 0.21723972260951996 25.241647720336914
      vertex -4.879837512969971 1.3466947078704834 23.37508201599121
      vertex -4.074222564697266 -0.7144727110862732 22.477087020874023
    endloop
  endfacet
  facet normal -0.8388492465019226 -0.2784515917301178 -0.4677571654319763
    outer loop
      vertex -5.0736494064331055 -1.706608533859253 24.86001205444336
      vertex -4.074222564697266 -0.7144727110862732 22.477087020874023
      vertex -3.225714921951294 -2.791095495223999 22.19161605834961
    endloop
  endfacet
  facet normal -0.8230961561203003 -0.311442106962204 -0.4748857915401459
    outer loop
      vertex -4.074222564697266 -0.7144727110862732 22.477087020874023
      vertex -5.0736494064331055 -1.706608533859253 24.86001205444336
      vertex -6.021777629852295 0.21723972260951996 25.241647720336914
    endloop
  endfacet
  facet normal -0.7791934013366699 0.11270943284034729 -0.6165664792060852
    outer loop
      vertex -4.879837512969971 1.3466947078704834 23.37508201599121
      vertex -3.585336685180664 2.5358691215515137 21.956523895263672
      vertex -2.853083848953247 0.41591233015060425 20.643598556518555
    endloop
  endfacet
  facet normal -0.6598892211914062 0.3233003616333008 -0.6782500743865967
    outer loop
      vertex -3.585336685180664 2.5358691215515137 21.956523895263672
      vertex -2.157447099685669 3.8350462913513184 21.186565399169922
      vertex -1.4850903749465942 1.6393803358078003 19.48580551147461
    endloop
  endfacet
  facet normal -0.717259407043457 0.1602630764245987 -0.6781259179115295
    outer loop
      vertex -2.853083848953247 0.41591233015060425 20.643598556518555
      vertex -1.4850903749465942 1.6393803358078003 19.48580551147461
      vertex -0.797917366027832 -0.7362027764320374 18.19754981994629
    endloop
  endfacet
  facet normal -0.7201222777366638 0.16816289722919464 -0.6731605529785156
    outer loop
      vertex -1.4850903749465942 1.6393803358078003 19.48580551147461
      vertex -2.853083848953247 0.41591233015060425 20.643598556518555
      vertex -3.585336685180664 2.5358691215515137 21.956523895263672
    endloop
  endfacet
  facet normal -0.8406904339790344 -0.19543685019016266 -0.505018949508667
    outer loop
      vertex -3.225714921951294 -2.791095495223999 22.19161605834961
      vertex -2.084010124206543 -1.8521920442581177 19.92770767211914
      vertex -1.360365629196167 -4.194058418273926 19.62935447692871
    endloop
  endfacet
  facet normal -0.7901443243026733 -0.03783908113837242 -0.6117516756057739
    outer loop
      vertex -2.084010124206543 -1.8521920442581177 19.92770767211914
      vertex -0.797917366027832 -0.7362027764320374 18.19754981994629
      vertex -0.1289134919643402 -3.267568349838257 17.490032196044922
    endloop
  endfacet
  facet normal -0.8264528512954712 -0.15276029706001282 -0.5418856143951416
    outer loop
      vertex -1.360365629196167 -4.194058418273926 19.62935447692871
      vertex -0.1289134919643402 -3.267568349838257 17.490032196044922
      vertex 0.4708305597305298 -5.777190208435059 17.282812118530273
    endloop
  endfacet
  facet normal -0.8159686326980591 -0.18224309384822845 -0.5486189126968384
    outer loop
      vertex -0.1289134919643402 -3.267568349838257 17.490032196044922
      vertex -1.360365629196167 -4.194058418273926 19.62935447692871
      vertex -2.084010124206543 -1.8521920442581177 19.92770767211914
    endloop
  endfacet
  facet normal -0.7793391942977905 -0.06763861328363419 -0.6229410767555237
    outer loop
      vertex -0.797917366027832 -0.7362027764320374 18.19754981994629
      vertex -2.084010124206543 -1.8521920442581177 19.92770767211914
      vertex -2.853083848953247 0.41591233015060425 20.643598556518555
    endloop
  endfacet
  facet normal -0.8139683604240417 -0.2612626254558563 -0.5188425183296204
    outer loop
      vertex -2.084010124206543 -1.8521920442581177 19.92770767211914
      vertex -3.225714921951294 -2.791095495223999 22.19161605834961
      vertex -4.074222564697266 -0.7144727110862732 22.477087020874023
    endloop
  endfacet
  facet normal -0.811786949634552 -0.0644303485751152 -0.5803884267807007
    outer loop
      vertex -2.853083848953247 0.41591233015060425 20.643598556518555
      vertex -4.074222564697266 -0.7144727110862732 22.477087020874023
      vertex -4.879837512969971 1.3466947078704834 23.37508201599121
    endloop
  endfacet
  facet normal -0.803678572177887 -0.08669471740722656 -0.588714599609375
    outer loop
      vertex -4.074222564697266 -0.7144727110862732 22.477087020874023
      vertex -2.853083848953247 0.41591233015060425 20.643598556518555
      vertex -2.084010124206543 -1.8521920442581177 19.92770767211914
    endloop
  endfacet
  facet normal -0.7113324999809265 -0.6694014668464661 -0.21426084637641907
    outer loop
      vertex -3.299109935760498 -7.251139163970947 29.295490264892578
      vertex -3.184372901916504 -8.153604507446289 31.734085083007812
      vertex -4.235170364379883 -6.973877429962158 31.53692054748535
    endloop
  endfacet
  facet normal -0.681139349937439 -0.69084632396698 -0.24244694411754608
    outer loop
      vertex -3.184372901916504 -8.153604507446289 31.734085083007812
      vertex -2.7665607929229736 -9.645050048828125 34.81010437011719
      vertex -3.99043869972229 -8.398588180541992 34.69675064086914
    endloop
  endfacet
  facet normal -0.7407342195510864 -0.6320633292198181 -0.22761555016040802
    outer loop
      vertex -4.235170364379883 -6.973877429962158 31.53692054748535
      vertex -3.99043869972229 -8.398588180541992 34.69675064086914
      vertex -5.131203651428223 -6.958495140075684 34.410186767578125
    endloop
  endfacet
  facet normal -0.7028886675834656 -0.6672539710998535 -0.24641351401805878
    outer loop
      vertex -3.99043869972229 -8.398588180541992 34.69675064086914
      vertex -4.235170364379883 -6.973877429962158 31.53692054748535
      vertex -3.184372901916504 -8.153604507446289 31.734085083007812
    endloop
  endfacet
  facet normal -0.6337327361106873 -0.7428844571113586 -0.2156514823436737
    outer loop
      vertex -2.7665607929229736 -9.645050048828125 34.81010437011719
      vertex -2.199702262878418 -11.121389389038086 38.23003387451172
      vertex -3.519962787628174 -9.956009864807129 38.0953254699707
    endloop
  endfacet
  facet normal -0.559987485408783 -0.8104932308197021 -0.17179866135120392
    outer loop
      vertex -2.199702262878418 -11.121389389038086 38.23003387451172
      vertex -1.3664425611495972 -12.413654327392578 41.6104850769043
      vertex -2.8172378540039062 -11.393828392028809 41.5282096862793
    endloop
  endfacet
  facet normal -0.6837145686149597 -0.7123509645462036 -0.1583997905254364
    outer loop
      vertex -3.519962787628174 -9.956009864807129 38.0953254699707
      vertex -2.8172378540039062 -11.393828392028809 41.5282096862793
      vertex -4.16066312789917 -10.06907844543457 41.36932373046875
    endloop
  endfacet
  facet normal -0.6402915716171265 -0.7463716864585876 -0.18153780698776245
    outer loop
      vertex -2.8172378540039062 -11.393828392028809 41.5282096862793
      vertex -3.519962787628174 -9.956009864807129 38.0953254699707
      vertex -2.199702262878418 -11.121389389038086 38.23003387451172
    endloop
  endfacet
  facet normal -0.7651514410972595 -0.6102283596992493 -0.20534014701843262
    outer loop
      vertex -5.131203651428223 -6.958495140075684 34.410186767578125
      vertex -4.776026725769043 -8.580572128295898 37.90718078613281
      vertex -5.983945369720459 -6.999917984008789 37.7108268737793
    endloop
  endfacet
  facet normal -0.7251956462860107 -0.6699044704437256 -0.15912051498889923
    outer loop
      vertex -4.776026725769043 -8.580572128295898 37.90718078613281
      vertex -4.16066312789917 -10.06907844543457 41.36932373046875
      vertex -5.491788864135742 -8.694990158081055 41.6509895324707
    endloop
  endfacet
  facet normal -0.7764965891838074 -0.6082243919372559 -0.1646699607372284
    outer loop
      vertex -5.983945369720459 -6.999917984008789 37.7108268737793
      vertex -5.491788864135742 -8.694990158081055 41.6509895324707
      vertex -6.809475898742676 -7.018365383148193 41.671730041503906
    endloop
  endfacet
  facet normal -0.773367702960968 -0.6116887331008911 -0.16655109822750092
    outer loop
      vertex -5.491788864135742 -8.694990158081055 41.6509895324707
      vertex -5.983945369720459 -6.999917984008789 37.7108268737793
      vertex -4.776026725769043 -8.580572128295898 37.90718078613281
    endloop
  endfacet
  facet normal -0.7172018885612488 -0.6773545742034912 -0.16374443471431732
    outer loop
      vertex -4.16066312789917 -10.06907844543457 41.36932373046875
      vertex -4.776026725769043 -8.580572128295898 37.90718078613281
      vertex -3.519962787628174 -9.956009864807129 38.0953254699707
    endloop
  endfacet
  facet normal -0.7434937953948975 -0.6322908401489258 -0.21777348220348358
    outer loop
      vertex -4.776026725769043 -8.580572128295898 37.90718078613281
      vertex -5.131203651428223 -6.958495140075684 34.410186767578125
      vertex -3.99043869972229 -8.398588180541992 34.69675064086914
    endloop
  endfacet
  facet normal -0.6854000687599182 -0.6932432055473328 -0.2228015959262848
    outer loop
      vertex -3.519962787628174 -9.956009864807129 38.0953254699707
      vertex -3.99043869972229 -8.398588180541992 34.69675064086914
      vertex -2.7665607929229736 -9.645050048828125 34.81010437011719
    endloop
  endfacet
  facet normal -0.7071882486343384 -0.6747143268585205 -0.21129436790943146
    outer loop
      vertex -3.99043869972229 -8.398588180541992 34.69675064086914
      vertex -3.519962787628174 -9.956009864807129 38.0953254699707
      vertex -4.776026725769043 -8.580572128295898 37.90718078613281
    endloop
  endfacet
  facet normal -0.43710264563560486 -0.8900585174560547 -0.12937194108963013
    outer loop
      vertex -1.3664425611495972 -12.413654327392578 41.6104850769043
      vertex -0.4860834777355194 -13.298274040222168 44.722103118896484
      vertex -2.037285327911377 -12.536599159240723 44.722869873046875
    endloop
  endfacet
  facet normal -0.3628179430961609 -0.9184672236442566 -0.1574200540781021
    outer loop
      vertex -1.2544811964035034 -13.314004898071289 46.584869384765625
      vertex -0.4860834777355194 -13.298274040222168 44.722103118896484
      vertex -0.4679992198944092 -13.671324729919434 46.85698699951172
    endloop
  endfacet
  facet normal -0.5075084567070007 -0.8426017761230469 -0.18015962839126587
    outer loop
      vertex -2.78711199760437 -12.499411582946777 46.66120147705078
      vertex -2.037285327911377 -12.536599159240723 44.722869873046875
      vertex -2.027655601501465 -12.999357223510742 46.860050201416016
    endloop
  endfacet
  facet normal -0.4331284165382385 -0.8819076418876648 -0.1861146241426468
    outer loop
      vertex -1.2544811964035034 -13.314004898071289 46.584869384765625
      vertex -2.037285327911377 -12.536599159240723 44.722869873046875
      vertex -0.4860834777355194 -13.298274040222168 44.722103118896484
    endloop
  endfacet
  facet normal -0.20349426567554474 -0.9738522171974182 -0.10100536048412323
    outer loop
      vertex 0.34558239579200745 -13.860989570617676 46.61455535888672
      vertex 0.7148400545120239 -14.092375755310059 48.10154724121094
      vertex -0.12338388711214066 -13.913871765136719 48.069244384765625
    endloop
  endfacet
  facet normal -0.5037580132484436 -0.8457783460617065 -0.17574645578861237
    outer loop
      vertex -2.78711199760437 -12.499411582946777 46.66120147705078
      vertex -2.450298309326172 -12.99029541015625 48.058135986328125
      vertex -3.1900806427001953 -12.566740989685059 48.140289306640625
    endloop
  endfacet
  facet normal -0.36359015107154846 -0.9204013347625732 -0.14374849200248718
    outer loop
      vertex -1.2544811964035034 -13.314004898071289 46.584869384765625
      vertex -0.926056981086731 -13.670073509216309 48.034027099609375
      vertex -1.6956243515014648 -13.364099502563477 48.02142333984375
    endloop
  endfacet
  facet normal -0.8146034479141235 -0.5480482578277588 -0.18990615010261536
    outer loop
      vertex -7.635598182678223 -6.671324253082275 44.213863372802734
      vertex -6.809475898742676 -7.018365383148193 41.671730041503906
      vertex -7.051758766174316 -7.666017055511475 44.580055236816406
    endloop
  endfacet
  facet normal -0.7571691274642944 -0.621086061000824 -0.20235390961170197
    outer loop
      vertex -6.330036163330078 -8.478005409240723 44.20170211791992
      vertex -6.115790367126465 -9.41231918334961 46.267730712890625
      vertex -6.892199516296387 -8.485418319702148 46.32796096801758
    endloop
  endfacet
  facet normal -0.8241278529167175 -0.5310096740722656 -0.19708427786827087
    outer loop
      vertex -7.635598182678223 -6.671324253082275 44.213863372802734
      vertex -7.568927764892578 -7.541546821594238 46.27973937988281
      vertex -8.163738250732422 -6.610213756561279 46.25768280029297
    endloop
  endfacet
  facet normal -0.6141207814216614 -0.7662773132324219 -0.18887747824192047
    outer loop
      vertex -4.165799617767334 -11.605554580688477 47.08181381225586
      vertex -3.877408981323242 -12.129388809204102 48.26933288574219
      vertex -4.539425849914551 -11.66128921508789 48.52274703979492
    endloop
  endfacet
  facet normal -0.7712297439575195 -0.6036220192909241 -0.2021021544933319
    outer loop
      vertex -6.330036163330078 -8.478005409240723 44.20170211791992
      vertex -6.809475898742676 -7.018365383148193 41.671730041503906
      vertex -5.491788864135742 -8.694990158081055 41.6509895324707
    endloop
  endfacet
  facet normal -0.7243320345878601 -0.6626973152160645 -0.1901981383562088
    outer loop
      vertex -4.779509544372559 -10.177324295043945 44.103233337402344
      vertex -5.491788864135742 -8.694990158081055 41.6509895324707
      vertex -4.16066312789917 -10.06907844543457 41.36932373046875
    endloop
  endfacet
  facet normal -0.7518913745880127 -0.6302574872970581 -0.19348108768463135
    outer loop
      vertex -6.330036163330078 -8.478005409240723 44.20170211791992
      vertex -5.491788864135742 -8.694990158081055 41.6509895324707
      vertex -5.604895114898682 -9.434701919555664 44.500118255615234
    endloop
  endfacet
  facet normal -0.567003071308136 -0.7980473637580872 -0.204029381275177
    outer loop
      vertex -2.78711199760437 -12.499411582946777 46.66120147705078
      vertex -3.5936927795410156 -11.461785316467285 44.8441047668457
      vertex -2.037285327911377 -12.536599159240723 44.722869873046875
    endloop
  endfacet
  facet normal -0.680915355682373 -0.7113860845565796 -0.17402350902557373
    outer loop
      vertex -3.5936927795410156 -11.461785316467285 44.8441047668457
      vertex -4.16066312789917 -10.06907844543457 41.36932373046875
      vertex -2.8172378540039062 -11.393828392028809 41.5282096862793
    endloop
  endfacet
  facet normal -0.5624430179595947 -0.8124959468841553 -0.15332390367984772
    outer loop
      vertex -2.037285327911377 -12.536599159240723 44.722869873046875
      vertex -2.8172378540039062 -11.393828392028809 41.5282096862793
      vertex -1.3664425611495972 -12.413654327392578 41.6104850769043
    endloop
  endfacet
  facet normal -0.5697018504142761 -0.8080539107322693 -0.14996273815631866
    outer loop
      vertex -2.8172378540039062 -11.393828392028809 41.5282096862793
      vertex -2.037285327911377 -12.536599159240723 44.722869873046875
      vertex -3.5936927795410156 -11.461785316467285 44.8441047668457
    endloop
  endfacet
  facet normal -0.6688517332077026 -0.7212849855422974 -0.17995934188365936
    outer loop
      vertex -4.16066312789917 -10.06907844543457 41.36932373046875
      vertex -3.5936927795410156 -11.461785316467285 44.8441047668457
      vertex -4.779509544372559 -10.177324295043945 44.103233337402344
    endloop
  endfacet
  facet normal -0.6021610498428345 -0.771990180015564 -0.20355144143104553
    outer loop
      vertex -4.165799617767334 -11.605554580688477 47.08181381225586
      vertex -3.5936927795410156 -11.461785316467285 44.8441047668457
      vertex -3.512462615966797 -12.107089042663574 47.051185607910156
    endloop
  endfacet
  facet normal -0.6840656995773315 -0.6998941898345947 -0.20543172955513
    outer loop
      vertex -4.779509544372559 -10.177324295043945 44.103233337402344
      vertex -4.552631378173828 -10.947551727294922 45.97187423706055
      vertex -5.300359725952148 -10.251340866088867 46.089778900146484
    endloop
  endfacet
  facet normal -0.6497982144355774 -0.7273032069206238 -0.2208898812532425
    outer loop
      vertex -4.552631378173828 -10.947551727294922 45.97187423706055
      vertex -4.779509544372559 -10.177324295043945 44.103233337402344
      vertex -3.5936927795410156 -11.461785316467285 44.8441047668457
    endloop
  endfacet
  facet normal -0.9602401852607727 -0.2569730877876282 -0.1091034933924675
    outer loop
      vertex -10.178885459899902 -1.0742841958999634 44.54723358154297
      vertex -10.286425590515137 0.2751382887363434 42.315399169921875
      vertex -9.76308536529541 -1.5506428480148315 42.009674072265625
    endloop
  endfacet
  facet normal -0.917486310005188 -0.37112924456596375 -0.14311525225639343
    outer loop
      vertex -9.570955276489258 -2.936347723007202 44.37139892578125
      vertex -9.76308536529541 -1.5506428480148315 42.009674072265625
      vertex -8.981996536254883 -3.3978583812713623 41.79248809814453
    endloop
  endfacet
  facet normal -0.9610196352005005 -0.25372472405433655 -0.1098410040140152
    outer loop
      vertex -10.178885459899902 -1.0742841958999634 44.54723358154297
      vertex -9.76308536529541 -1.5506428480148315 42.009674072265625
      vertex -9.945717811584473 -2.063164234161377 44.791446685791016
    endloop
  endfacet
  facet normal -0.8694363236427307 -0.46327754855155945 -0.17162317037582397
    outer loop
      vertex -8.710917472839355 -4.818998336791992 44.25542068481445
      vertex -8.981996536254883 -3.3978583812713623 41.79248809814453
      vertex -7.983073711395264 -5.2319746017456055 41.68297576904297
    endloop
  endfacet
  facet normal -0.8205786943435669 -0.5378757119178772 -0.19323663413524628
    outer loop
      vertex -7.635598182678223 -6.671324253082275 44.213863372802734
      vertex -7.983073711395264 -5.2319746017456055 41.68297576904297
      vertex -6.809475898742676 -7.018365383148193 41.671730041503906
    endloop
  endfacet
  facet normal -0.8698978424072266 -0.46230369806289673 -0.1719101220369339
    outer loop
      vertex -8.710917472839355 -4.818998336791992 44.25542068481445
      vertex -7.983073711395264 -5.2319746017456055 41.68297576904297
      vertex -8.23999309539795 -5.8258585929870605 44.58012008666992
    endloop
  endfacet
  facet normal -0.9185726046562195 -0.3681264817714691 -0.14390069246292114
    outer loop
      vertex -9.570955276489258 -2.936347723007202 44.37139892578125
      vertex -8.981996536254883 -3.3978583812713623 41.79248809814453
      vertex -9.210105895996094 -3.949131727218628 44.65886306762695
    endloop
  endfacet
  facet normal -0.8800714015960693 -0.439037024974823 -0.1808890402317047
    outer loop
      vertex -8.710917472839355 -4.818998336791992 44.25542068481445
      vertex -8.698264122009277 -5.674098968505859 46.26927947998047
      vertex -9.178879737854004 -4.723778247833252 46.30106735229492
    endloop
  endfacet
  facet normal -0.9279851317405701 -0.33822932839393616 -0.1563473790884018
    outer loop
      vertex -9.570955276489258 -2.936347723007202 44.37139892578125
      vertex -9.600936889648438 -3.7639877796173096 46.33980178833008
      vertex -9.95643138885498 -2.8045806884765625 46.37430191040039
    endloop
  endfacet
  facet normal -0.9703655242919922 -0.22555485367774963 -0.08669435977935791
    outer loop
      vertex -10.286425590515137 0.2751382887363434 42.315399169921875
      vertex -10.350728988647461 1.9282892942428589 38.734100341796875
      vertex -9.897919654846191 0.15171752870082855 38.28797912597656
    endloop
  endfacet
  facet normal -0.9812816977500916 -0.1451704502105713 -0.12653771042823792
    outer loop
      vertex -10.350728988647461 1.9282892942428589 38.734100341796875
      vertex -10.168641090393066 3.407914161682129 35.624534606933594
      vertex -9.848499298095703 1.7237664461135864 35.07402038574219
    endloop
  endfacet
  facet normal -0.9445697069168091 -0.28895530104637146 -0.15586163103580475
    outer loop
      vertex -9.897919654846191 0.15171752870082855 38.28797912597656
      vertex -9.848499298095703 1.7237664461135864 35.07402038574219
      vertex -9.227546691894531 -0.01811968721449375 34.54017639160156
    endloop
  endfacet
  facet normal -0.9687600135803223 -0.2165738195180893 -0.12082953751087189
    outer loop
      vertex -9.848499298095703 1.7237664461135864 35.07402038574219
      vertex -9.897919654846191 0.15171752870082855 38.28797912597656
      vertex -10.350728988647461 1.9282892942428589 38.734100341796875
    endloop
  endfacet
  facet normal -0.9772164821624756 0.03177829831838608 -0.2098524123430252
    outer loop
      vertex -10.168641090393066 3.407914161682129 35.624534606933594
      vertex -9.587281227111816 4.561522483825684 33.092018127441406
      vertex -9.468737602233887 3.0862131118774414 32.31658935546875
    endloop
  endfacet
  facet normal -0.92828369140625 0.20828334987163544 -0.3080706000328064
    outer loop
      vertex -9.587281227111816 4.561522483825684 33.092018127441406
      vertex -8.833756446838379 5.320616245269775 31.334699630737305
      vertex -8.715550422668457 4.212063789367676 30.22903823852539
    endloop
  endfacet
  facet normal -0.9424667358398438 0.010979975573718548 -0.3341197073459625
    outer loop
      vertex -9.468737602233887 3.0862131118774414 32.31658935546875
      vertex -8.715550422668457 4.212063789367676 30.22903823852539
      vertex -8.358983993530273 2.7013304233551025 29.173608779907227
    endloop
  endfacet
  facet normal -0.9507017731666565 0.08095133304595947 -0.2993542551994324
    outer loop
      vertex -8.715550422668457 4.212063789367676 30.22903823852539
      vertex -9.468737602233887 3.0862131118774414 32.31658935546875
      vertex -9.587281227111816 4.561522483825684 33.092018127441406
    endloop
  endfacet
  facet normal -0.9217117428779602 -0.30126282572746277 -0.24431173503398895
    outer loop
      vertex -9.227546691894531 -0.01811968721449375 34.54017639160156
      vertex -8.932661056518555 1.4100459814071655 31.666582107543945
      vertex -8.209748268127441 -0.299594521522522 31.04743003845215
    endloop
  endfacet
  facet normal -0.9157876372337341 -0.2295226901769638 -0.32962462306022644
    outer loop
      vertex -8.932661056518555 1.4100459814071655 31.666582107543945
      vertex -8.358983993530273 2.7013304233551025 29.173608779907227
      vertex -7.650134086608887 0.9642595648765564 28.41377830505371
    endloop
  endfacet
  facet normal -0.8857342004776001 -0.31612589955329895 -0.33991071581840515
    outer loop
      vertex -8.209748268127441 -0.299594521522522 31.04743003845215
      vertex -7.650134086608887 0.9642595648765564 28.41377830505371
      vertex -6.798651218414307 -0.8066889643669128 27.842025756835938
    endloop
  endfacet
  facet normal -0.9083105325698853 -0.26766031980514526 -0.321449875831604
    outer loop
      vertex -7.650134086608887 0.9642595648765564 28.41377830505371
      vertex -8.209748268127441 -0.299594521522522 31.04743003845215
      vertex -8.932661056518555 1.4100459814071655 31.666582107543945
    endloop
  endfacet
  facet normal -0.9343387484550476 -0.17940743267536163 -0.3079353868961334
    outer loop
      vertex -8.358983993530273 2.7013304233551025 29.173608779907227
      vertex -8.932661056518555 1.4100459814071655 31.666582107543945
      vertex -9.468737602233887 3.0862131118774414 32.31658935546875
    endloop
  endfacet
  facet normal -0.937195360660553 -0.2643536627292633 -0.22755692899227142
    outer loop
      vertex -8.932661056518555 1.4100459814071655 31.666582107543945
      vertex -9.227546691894531 -0.01811968721449375 34.54017639160156
      vertex -9.848499298095703 1.7237664461135864 35.07402038574219
    endloop
  endfacet
  facet normal -0.9734119772911072 -0.12157882750034332 -0.19413329660892487
    outer loop
      vertex -9.468737602233887 3.0862131118774414 32.31658935546875
      vertex -9.848499298095703 1.7237664461135864 35.07402038574219
      vertex -10.168641090393066 3.407914161682129 35.624534606933594
    endloop
  endfacet
  facet normal -0.9484809637069702 -0.2120572328567505 -0.2354051172733307
    outer loop
      vertex -9.848499298095703 1.7237664461135864 35.07402038574219
      vertex -9.468737602233887 3.0862131118774414 32.31658935546875
      vertex -8.932661056518555 1.4100459814071655 31.666582107543945
    endloop
  endfacet
  facet normal -0.8112534880638123 -0.5589206218719482 -0.1716843694448471
    outer loop
      vertex -6.809475898742676 -7.018365383148193 41.671730041503906
      vertex -7.147037506103516 -5.27031135559082 37.575984954833984
      vertex -5.983945369720459 -6.999917984008789 37.7108268737793
    endloop
  endfacet
  facet normal -0.8173338174819946 -0.5378666520118713 -0.20655490458011627
    outer loop
      vertex -7.147037506103516 -5.27031135559082 37.575984954833984
      vertex -7.361583709716797 -3.5497400760650635 33.9445915222168
      vertex -6.24650764465332 -5.307123184204102 34.108463287353516
    endloop
  endfacet
  facet normal -0.7915449142456055 -0.5732728838920593 -0.21169531345367432
    outer loop
      vertex -5.983945369720459 -6.999917984008789 37.7108268737793
      vertex -6.24650764465332 -5.307123184204102 34.108463287353516
      vertex -5.131203651428223 -6.958495140075684 34.410186767578125
    endloop
  endfacet
  facet normal -0.8051086664199829 -0.5572434663772583 -0.20317429304122925
    outer loop
      vertex -6.24650764465332 -5.307123184204102 34.108463287353516
      vertex -5.983945369720459 -6.999917984008789 37.7108268737793
      vertex -7.147037506103516 -5.27031135559082 37.575984954833984
    endloop
  endfacet
  facet normal -0.8244556188583374 -0.5021340847015381 -0.26102566719055176
    outer loop
      vertex -7.361583709716797 -3.5497400760650635 33.9445915222168
      vertex -7.24492883682251 -2.0674800872802734 30.724716186523438
      vertex -6.19190788269043 -3.8251404762268066 30.779930114746094
    endloop
  endfacet
  facet normal -0.8409826755523682 -0.43572574853897095 -0.3207666277885437
    outer loop
      vertex -7.24492883682251 -2.0674800872802734 30.724716186523438
      vertex -6.798651218414307 -0.8066889643669128 27.842025756835938
      vertex -5.761515140533447 -2.7268481254577637 27.7311954498291
    endloop
  endfacet
  facet normal -0.8233790397644043 -0.4868333339691162 -0.29161661863327026
    outer loop
      vertex -6.19190788269043 -3.8251404762268066 30.779930114746094
      vertex -5.761515140533447 -2.7268481254577637 27.7311954498291
      vertex -4.803370952606201 -4.497224807739258 27.981395721435547
    endloop
  endfacet
  facet normal -0.8156745433807373 -0.49792566895484924 -0.2945249378681183
    outer loop
      vertex -5.761515140533447 -2.7268481254577637 27.7311954498291
      vertex -6.19190788269043 -3.8251404762268066 30.779930114746094
      vertex -7.24492883682251 -2.0674800872802734 30.724716186523438
    endloop
  endfacet
  facet normal -0.7801504135131836 -0.5776416659355164 -0.24019886553287506
    outer loop
      vertex -5.131203651428223 -6.958495140075684 34.410186767578125
      vertex -5.200290203094482 -5.479887962341309 31.078750610351562
      vertex -4.235170364379883 -6.973877429962158 31.53692054748535
    endloop
  endfacet
  facet normal -0.8051080703735352 -0.5277933478355408 -0.2706199288368225
    outer loop
      vertex -5.200290203094482 -5.479887962341309 31.078750610351562
      vertex -4.803370952606201 -4.497224807739258 27.981395721435547
      vertex -3.9620587825775146 -6.072984218597412 28.551671981811523
    endloop
  endfacet
  facet normal -0.7688389420509338 -0.5893147587776184 -0.24818319082260132
    outer loop
      vertex -4.235170364379883 -6.973877429962158 31.53692054748535
      vertex -3.9620587825775146 -6.072984218597412 28.551671981811523
      vertex -3.299109935760498 -7.251139163970947 29.295490264892578
    endloop
  endfacet
  facet normal -0.778170108795166 -0.5780282616615295 -0.24563078582286835
    outer loop
      vertex -3.9620587825775146 -6.072984218597412 28.551671981811523
      vertex -4.235170364379883 -6.973877429962158 31.53692054748535
      vertex -5.200290203094482 -5.479887962341309 31.078750610351562
    endloop
  endfacet
  facet normal -0.8032518625259399 -0.5303252935409546 -0.27118533849716187
    outer loop
      vertex -4.803370952606201 -4.497224807739258 27.981395721435547
      vertex -5.200290203094482 -5.479887962341309 31.078750610351562
      vertex -6.19190788269043 -3.8251404762268066 30.779930114746094
    endloop
  endfacet
  facet normal -0.7841379046440125 -0.573094367980957 -0.2380979359149933
    outer loop
      vertex -5.200290203094482 -5.479887962341309 31.078750610351562
      vertex -5.131203651428223 -6.958495140075684 34.410186767578125
      vertex -6.24650764465332 -5.307123184204102 34.108463287353516
    endloop
  endfacet
  facet normal -0.8064500689506531 -0.5351516604423523 -0.25149741768836975
    outer loop
      vertex -6.19190788269043 -3.8251404762268066 30.779930114746094
      vertex -6.24650764465332 -5.307123184204102 34.108463287353516
      vertex -7.361583709716797 -3.5497400760650635 33.9445915222168
    endloop
  endfacet
  facet normal -0.8101200461387634 -0.5305246114730835 -0.24949751794338226
    outer loop
      vertex -6.24650764465332 -5.307123184204102 34.108463287353516
      vertex -6.19190788269043 -3.8251404762268066 30.779930114746094
      vertex -5.200290203094482 -5.479887962341309 31.078750610351562
    endloop
  endfacet
  facet normal -0.8567203879356384 -0.4105638265609741 -0.31219804286956787
    outer loop
      vertex -6.798651218414307 -0.8066889643669128 27.842025756835938
      vertex -7.24492883682251 -2.0674800872802734 30.724716186523438
      vertex -8.209748268127441 -0.299594521522522 31.04743003845215
    endloop
  endfacet
  facet normal -0.846916913986206 -0.4706844985485077 -0.2473616898059845
    outer loop
      vertex -7.24492883682251 -2.0674800872802734 30.724716186523438
      vertex -7.361583709716797 -3.5497400760650635 33.9445915222168
      vertex -8.39212703704834 -1.7729841470718384 34.09212112426758
    endloop
  endfacet
  facet normal -0.8998696208000183 -0.36903277039527893 -0.23248538374900818
    outer loop
      vertex -8.209748268127441 -0.299594521522522 31.04743003845215
      vertex -8.39212703704834 -1.7729841470718384 34.09212112426758
      vertex -9.227546691894531 -0.01811968721449375 34.54017639160156
    endloop
  endfacet
  facet normal -0.8670759201049805 -0.4260849952697754 -0.2581297755241394
    outer loop
      vertex -8.39212703704834 -1.7729841470718384 34.09212112426758
      vertex -8.209748268127441 -0.299594521522522 31.04743003845215
      vertex -7.24492883682251 -2.0674800872802734 30.724716186523438
    endloop
  endfacet
  facet normal -0.8425450325012207 -0.5043146014213562 -0.18916822969913483
    outer loop
      vertex -7.361583709716797 -3.5497400760650635 33.9445915222168
      vertex -7.147037506103516 -5.27031135559082 37.575984954833984
      vertex -8.233495712280273 -3.469712018966675 37.614688873291016
    endloop
  endfacet
  facet normal -0.8250789642333984 -0.5410232543945312 -0.16290634870529175
    outer loop
      vertex -7.147037506103516 -5.27031135559082 37.575984954833984
      vertex -6.809475898742676 -7.018365383148193 41.671730041503906
      vertex -7.983073711395264 -5.2319746017456055 41.68297576904297
    endloop
  endfacet
  facet normal -0.8721858859062195 -0.4661710262298584 -0.14824451506137848
    outer loop
      vertex -8.233495712280273 -3.469712018966675 37.614688873291016
      vertex -7.983073711395264 -5.2319746017456055 41.68297576904297
      vertex -8.981996536254883 -3.3978583812713623 41.79248809814453
    endloop
  endfacet
  facet normal -0.8457128405570984 -0.5066933035850525 -0.16742712259292603
    outer loop
      vertex -7.983073711395264 -5.2319746017456055 41.68297576904297
      vertex -8.233495712280273 -3.469712018966675 37.614688873291016
      vertex -7.147037506103516 -5.27031135559082 37.575984954833984
    endloop
  endfacet
  facet normal -0.9284414649009705 -0.3395451307296753 -0.1506842076778412
    outer loop
      vertex -9.227546691894531 -0.01811968721449375 34.54017639160156
      vertex -9.17167854309082 -1.6539978981018066 37.88216018676758
      vertex -9.897919654846191 0.15171752870082855 38.28797912597656
    endloop
  endfacet
  facet normal -0.9192034006118774 -0.3742985725402832 -0.12233453243970871
    outer loop
      vertex -9.17167854309082 -1.6539978981018066 37.88216018676758
      vertex -8.981996536254883 -3.3978583812713623 41.79248809814453
      vertex -9.76308536529541 -1.5506428480148315 42.009674072265625
    endloop
  endfacet
  facet normal -0.9614998698234558 -0.2614137828350067 -0.08474023640155792
    outer loop
      vertex -9.897919654846191 0.15171752870082855 38.28797912597656
      vertex -9.76308536529541 -1.5506428480148315 42.009674072265625
      vertex -10.286425590515137 0.2751382887363434 42.315399169921875
    endloop
  endfacet
  facet normal -0.9299238324165344 -0.34600821137428284 -0.12457900494337082
    outer loop
      vertex -9.76308536529541 -1.5506428480148315 42.009674072265625
      vertex -9.897919654846191 0.15171752870082855 38.28797912597656
      vertex -9.17167854309082 -1.6539978981018066 37.88216018676758
    endloop
  endfacet
  facet normal -0.8870885372161865 -0.4360528886318207 -0.15143249928951263
    outer loop
      vertex -8.981996536254883 -3.3978583812713623 41.79248809814453
      vertex -9.17167854309082 -1.6539978981018066 37.88216018676758
      vertex -8.233495712280273 -3.469712018966675 37.614688873291016
    endloop
  endfacet
  facet normal -0.9056279063224792 -0.3866724371910095 -0.1741340607404709
    outer loop
      vertex -9.17167854309082 -1.6539978981018066 37.88216018676758
      vertex -9.227546691894531 -0.01811968721449375 34.54017639160156
      vertex -8.39212703704834 -1.7729841470718384 34.09212112426758
    endloop
  endfacet
  facet normal -0.8556587100028992 -0.4802846312522888 -0.1928076446056366
    outer loop
      vertex -8.233495712280273 -3.469712018966675 37.614688873291016
      vertex -8.39212703704834 -1.7729841470718384 34.09212112426758
      vertex -7.361583709716797 -3.5497400760650635 33.9445915222168
    endloop
  endfacet
  facet normal -0.8856074213981628 -0.4327632188796997 -0.1685691624879837
    outer loop
      vertex -8.39212703704834 -1.7729841470718384 34.09212112426758
      vertex -8.233495712280273 -3.469712018966675 37.614688873291016
      vertex -9.17167854309082 -1.6539978981018066 37.88216018676758
    endloop
  endfacet
  facet normal -0.1593083143234253 0.5290057063102722 -0.8335309624671936
    outer loop
      vertex 4.95185661315918 0.17419779300689697 14.23570728302002
      vertex 3.7254838943481445 1.119931936264038 15.070313453674316
      vertex 4.86428689956665 2.41984486579895 15.677658081054688
    endloop
  endfacet
  facet normal -0.4102446138858795 0.5199069976806641 -0.7492636442184448
    outer loop
      vertex 3.7254838943481445 1.119931936264038 15.070313453674316
      vertex 1.9571149349212646 2.142613649368286 16.748178482055664
      vertex 3.3099663257598877 3.5863122940063477 17.009220123291016
    endloop
  endfacet
  facet normal -0.21541565656661987 0.5959957242012024 -0.7735536098480225
    outer loop
      vertex 4.86428689956665 2.41984486579895 15.677658081054688
      vertex 3.3099663257598877 3.5863122940063477 17.009220123291016
      vertex 4.683670520782471 4.913233280181885 17.649023056030273
    endloop
  endfacet
  facet normal -0.23892393708229065 0.5749303698539734 -0.782541036605835
    outer loop
      vertex 3.3099663257598877 3.5863122940063477 17.009220123291016
      vertex 4.86428689956665 2.41984486579895 15.677658081054688
      vertex 3.7254838943481445 1.119931936264038 15.070313453674316
    endloop
  endfacet
  facet normal -0.5089439749717712 0.495876669883728 -0.7036209106445312
    outer loop
      vertex 1.9571149349212646 2.142613649368286 16.748178482055664
      vertex -0.04821670055389404 3.0439562797546387 18.833898544311523
      vertex 1.4225655794143677 4.511744499206543 18.804473876953125
    endloop
  endfacet
  facet normal -0.56182861328125 0.4881870746612549 -0.6678488850593567
    outer loop
      vertex -0.04821670055389404 3.0439562797546387 18.833898544311523
      vertex -2.157447099685669 3.8350462913513184 21.186565399169922
      vertex -0.6503689289093018 5.251622676849365 20.9542293548584
    endloop
  endfacet
  facet normal -0.4821840226650238 0.5734438896179199 -0.6623147130012512
    outer loop
      vertex 1.4225655794143677 4.511744499206543 18.804473876953125
      vertex -0.6503689289093018 5.251622676849365 20.9542293548584
      vertex 0.926433801651001 6.764068126678467 21.115774154663086
    endloop
  endfacet
  facet normal -0.5239295363426208 0.5113424062728882 -0.681195080280304
    outer loop
      vertex -0.6503689289093018 5.251622676849365 20.9542293548584
      vertex 1.4225655794143677 4.511744499206543 18.804473876953125
      vertex -0.04821670055389404 3.0439562797546387 18.833898544311523
    endloop
  endfacet
  facet normal -0.19399210810661316 0.6890206933021545 -0.6982961893081665
    outer loop
      vertex 4.683670520782471 4.913233280181885 17.649023056030273
      vertex 2.9280338287353516 5.977226734161377 19.186613082885742
      vertex 4.405873775482178 7.279751777648926 20.061281204223633
    endloop
  endfacet
  facet normal -0.33604657649993896 0.6973350048065186 -0.6330849528312683
    outer loop
      vertex 2.9280338287353516 5.977226734161377 19.186613082885742
      vertex 0.926433801651001 6.764068126678467 21.115774154663086
      vertex 2.509420394897461 8.165976524353027 21.8196964263916
    endloop
  endfacet
  facet normal -0.16053050756454468 0.8009530901908875 -0.5768052339553833
    outer loop
      vertex 4.405873775482178 7.279751777648926 20.061281204223633
      vertex 2.509420394897461 8.165976524353027 21.8196964263916
      vertex 4.011996269226074 9.325425148010254 23.01152801513672
    endloop
  endfacet
  facet normal -0.2571914494037628 0.7226459980010986 -0.6415882110595703
    outer loop
      vertex 2.509420394897461 8.165976524353027 21.8196964263916
      vertex 4.405873775482178 7.279751777648926 20.061281204223633
      vertex 2.9280338287353516 5.977226734161377 19.186613082885742
    endloop
  endfacet
  facet normal -0.4164600372314453 0.6048233509063721 -0.678785502910614
    outer loop
      vertex 0.926433801651001 6.764068126678467 21.115774154663086
      vertex 2.9280338287353516 5.977226734161377 19.186613082885742
      vertex 1.4225655794143677 4.511744499206543 18.804473876953125
    endloop
  endfacet
  facet normal -0.26315534114837646 0.6262730956077576 -0.73384690284729
    outer loop
      vertex 2.9280338287353516 5.977226734161377 19.186613082885742
      vertex 4.683670520782471 4.913233280181885 17.649023056030273
      vertex 3.3099663257598877 3.5863122940063477 17.009220123291016
    endloop
  endfacet
  facet normal -0.4300009608268738 0.5345034599304199 -0.7276023626327515
    outer loop
      vertex 1.4225655794143677 4.511744499206543 18.804473876953125
      vertex 3.3099663257598877 3.5863122940063477 17.009220123291016
      vertex 1.9571149349212646 2.142613649368286 16.748178482055664
    endloop
  endfacet
  facet normal -0.3893592953681946 0.5854142904281616 -0.7111185193061829
    outer loop
      vertex 3.3099663257598877 3.5863122940063477 17.009220123291016
      vertex 1.4225655794143677 4.511744499206543 18.804473876953125
      vertex 2.9280338287353516 5.977226734161377 19.186613082885742
    endloop
  endfacet
  facet normal -0.5844999551773071 0.5029695630073547 -0.6366956830024719
    outer loop
      vertex -2.157447099685669 3.8350462913513184 21.186565399169922
      vertex -4.275689125061035 4.516722679138184 23.669658660888672
      vertex -2.794098138809204 5.830075263977051 23.347034454345703
    endloop
  endfacet
  facet normal -0.6332388520240784 0.5362449288368225 -0.5580769777297974
    outer loop
      vertex -4.275689125061035 4.516722679138184 23.669658660888672
      vertex -6.217191696166992 5.01554536819458 26.351951599121094
      vertex -4.857961654663086 6.223113059997559 25.969987869262695
    endloop
  endfacet
  facet normal -0.5500884652137756 0.6457053422927856 -0.5295916199684143
    outer loop
      vertex -2.794098138809204 5.830075263977051 23.347034454345703
      vertex -4.857961654663086 6.223113059997559 25.969987869262695
      vertex -3.350687026977539 7.553013324737549 26.025859832763672
    endloop
  endfacet
  facet normal -0.61280357837677 0.5525170564651489 -0.5649750232696533
    outer loop
      vertex -4.857961654663086 6.223113059997559 25.969987869262695
      vertex -2.794098138809204 5.830075263977051 23.347034454345703
      vertex -4.275689125061035 4.516722679138184 23.669658660888672
    endloop
  endfacet
  facet normal -0.7140677571296692 0.5358991622924805 -0.45046570897102356
    outer loop
      vertex -6.217191696166992 5.01554536819458 26.351951599121094
      vertex -7.763780117034912 5.250608444213867 29.08321189880371
      vertex -6.66990852355957 6.387190818786621 28.701374053955078
    endloop
  endfacet
  facet normal -0.7673801183700562 0.5159229636192322 -0.3807247579097748
    outer loop
      vertex -7.763780117034912 5.250608444213867 29.08321189880371
      vertex -8.833756446838379 5.320616245269775 31.334699630737305
      vertex -8.148653030395508 6.312139511108398 31.297441482543945
    endloop
  endfacet
  facet normal -0.6491202116012573 0.6752678751945496 -0.35022324323654175
    outer loop
      vertex -6.66990852355957 6.387190818786621 28.701374053955078
      vertex -8.148653030395508 6.312139511108398 31.297441482543945
      vertex -7.074740409851074 7.480142593383789 31.559036254882812
    endloop
  endfacet
  facet normal -0.724415123462677 0.5640456080436707 -0.396327406167984
    outer loop
      vertex -8.148653030395508 6.312139511108398 31.297441482543945
      vertex -6.66990852355957 6.387190818786621 28.701374053955078
      vertex -7.763780117034912 5.250608444213867 29.08321189880371
    endloop
  endfacet
  facet normal -0.5039563775062561 0.7728908658027649 -0.3855745792388916
    outer loop
      vertex -3.350687026977539 7.553013324737549 26.025859832763672
      vertex -5.344073295593262 7.625449180603027 28.77646827697754
      vertex -3.773776054382324 8.888200759887695 29.2552547454834
    endloop
  endfacet
  facet normal -0.5374473929405212 0.7907671928405762 -0.29298076033592224
    outer loop
      vertex -5.344073295593262 7.625449180603027 28.77646827697754
      vertex -7.074740409851074 7.480142593383789 31.559036254882812
      vertex -5.63838529586792 8.671862602233887 32.14067077636719
    endloop
  endfacet
  facet normal -0.4834681749343872 0.8390469551086426 -0.24951733648777008
    outer loop
      vertex -3.773776054382324 8.888200759887695 29.2552547454834
      vertex -5.63838529586792 8.671862602233887 32.14067077636719
      vertex -4.0001068115234375 9.84294319152832 32.90428924560547
    endloop
  endfacet
  facet normal -0.5435941219329834 0.7868119478225708 -0.292288213968277
    outer loop
      vertex -5.63838529586792 8.671862602233887 32.14067077636719
      vertex -3.773776054382324 8.888200759887695 29.2552547454834
      vertex -5.344073295593262 7.625449180603027 28.77646827697754
    endloop
  endfacet
  facet normal -0.6275419592857361 0.6933999061584473 -0.3541012108325958
    outer loop
      vertex -7.074740409851074 7.480142593383789 31.559036254882812
      vertex -5.344073295593262 7.625449180603027 28.77646827697754
      vertex -6.66990852355957 6.387190818786621 28.701374053955078
    endloop
  endfacet
  facet normal -0.584396243095398 0.6808857917785645 -0.44144707918167114
    outer loop
      vertex -5.344073295593262 7.625449180603027 28.77646827697754
      vertex -3.350687026977539 7.553013324737549 26.025859832763672
      vertex -4.857961654663086 6.223113059997559 25.969987869262695
    endloop
  endfacet
  facet normal -0.6562144756317139 0.589729905128479 -0.47074535489082336
    outer loop
      vertex -6.66990852355957 6.387190818786621 28.701374053955078
      vertex -4.857961654663086 6.223113059997559 25.969987869262695
      vertex -6.217191696166992 5.01554536819458 26.351951599121094
    endloop
  endfacet
  facet normal -0.6001172661781311 0.6691418290138245 -0.4383019506931305
    outer loop
      vertex -4.857961654663086 6.223113059997559 25.969987869262695
      vertex -6.66990852355957 6.387190818786621 28.701374053955078
      vertex -5.344073295593262 7.625449180603027 28.77646827697754
    endloop
  endfacet
  facet normal -0.14135019481182098 0.8925323486328125 -0.42825961112976074
    outer loop
      vertex 4.011996269226074 9.325425148010254 23.01152801513672
      vertex 2.0435314178466797 9.957605361938477 24.978755950927734
      vertex 3.5289156436920166 10.88089656829834 26.412717819213867
    endloop
  endfacet
  facet normal -0.30291613936424255 0.8884192705154419 -0.3448956608772278
    outer loop
      vertex 2.0435314178466797 9.957605361938477 24.978755950927734
      vertex -0.031686797738075256 10.167821884155273 27.342884063720703
      vertex 1.5737274885177612 11.17523193359375 28.527870178222656
    endloop
  endfacet
  facet normal -0.17230483889579773 0.9413071274757385 -0.29026201367378235
    outer loop
      vertex 3.5289156436920166 10.88089656829834 26.412717819213867
      vertex 1.5737274885177612 11.17523193359375 28.527870178222656
      vertex 3.01914381980896 11.897210121154785 30.011188507080078
    endloop
  endfacet
  facet normal -0.2342125028371811 0.909637451171875 -0.3430807292461395
    outer loop
      vertex 1.5737274885177612 11.17523193359375 28.527870178222656
      vertex 3.5289156436920166 10.88089656829834 26.412717819213867
      vertex 2.0435314178466797 9.957605361938477 24.978755950927734
    endloop
  endfacet
  facet normal -0.3956957161426544 0.8737644553184509 -0.2827729880809784
    outer loop
      vertex -0.031686797738075256 10.167821884155273 27.342884063720703
      vertex -2.0855553150177 10.100878715515137 30.01009178161621
      vertex -0.3947875201702118 11.178179740905762 30.972976684570312
    endloop
  endfacet
  facet normal -0.4391980469226837 0.8728367686271667 -0.21274693310260773
    outer loop
      vertex -2.0855553150177 10.100878715515137 30.01009178161621
      vertex -4.0001068115234375 9.84294319152832 32.90428924560547
      vertex -2.2787673473358154 10.9209566116333 33.773494720458984
    endloop
  endfacet
  facet normal -0.391392320394516 0.902364194393158 -0.18041884899139404
    outer loop
      vertex -0.3947875201702118 11.178179740905762 30.972976684570312
      vertex -2.2787673473358154 10.9209566116333 33.773494720458984
      vertex -0.5850209593772888 11.838616371154785 34.6888313293457
    endloop
  endfacet
  facet normal -0.43590420484542847 0.8744422793388367 -0.2129276990890503
    outer loop
      vertex -2.2787673473358154 10.9209566116333 33.773494720458984
      vertex -0.3947875201702118 11.178179740905762 30.972976684570312
      vertex -2.0855553150177 10.100878715515137 30.01009178161621
    endloop
  endfacet
  facet normal -0.19699618220329285 0.9562712907791138 -0.21618905663490295
    outer loop
      vertex 3.01914381980896 11.897210121154785 30.011188507080078
      vertex 1.190777063369751 11.999983787536621 32.1318359375
      vertex 2.559676170349121 12.582833290100098 33.462589263916016
    endloop
  endfacet
  facet normal -0.316132128238678 0.9350332617759705 -0.1605411022901535
    outer loop
      vertex 1.190777063369751 11.999983787536621 32.1318359375
      vertex -0.5850209593772888 11.838616371154785 34.6888313293457
      vertex 0.9722463488578796 12.519196510314941 35.58618927001953
    endloop
  endfacet
  facet normal -0.19339053332805634 0.9743155241012573 -0.11536616086959839
    outer loop
      vertex 2.559676170349121 12.582833290100098 33.462589263916016
      vertex 0.9722463488578796 12.519196510314941 35.58618927001953
      vertex 2.19584584236145 12.852330207824707 36.3484992980957
    endloop
  endfacet
  facet normal -0.25150802731513977 0.9546388983726501 -0.15939970314502716
    outer loop
      vertex 0.9722463488578796 12.519196510314941 35.58618927001953
      vertex 2.559676170349121 12.582833290100098 33.462589263916016
      vertex 1.190777063369751 11.999983787536621 32.1318359375
    endloop
  endfacet
  facet normal -0.3448106646537781 0.9209885001182556 -0.18134433031082153
    outer loop
      vertex -0.5850209593772888 11.838616371154785 34.6888313293457
      vertex 1.190777063369751 11.999983787536621 32.1318359375
      vertex -0.3947875201702118 11.178179740905762 30.972976684570312
    endloop
  endfacet
  facet normal -0.22532476484775543 0.944253146648407 -0.24003079533576965
    outer loop
      vertex 1.190777063369751 11.999983787536621 32.1318359375
      vertex 3.01914381980896 11.897210121154785 30.011188507080078
      vertex 1.5737274885177612 11.17523193359375 28.527870178222656
    endloop
  endfacet
  facet normal -0.3507993221282959 0.8925067782402039 -0.28349876403808594
    outer loop
      vertex -0.3947875201702118 11.178179740905762 30.972976684570312
      vertex 1.5737274885177612 11.17523193359375 28.527870178222656
      vertex -0.031686797738075256 10.167821884155273 27.342884063720703
    endloop
  endfacet
  facet normal -0.3004447817802429 0.9223266243934631 -0.24299509823322296
    outer loop
      vertex 1.5737274885177612 11.17523193359375 28.527870178222656
      vertex -0.3947875201702118 11.178179740905762 30.972976684570312
      vertex 1.190777063369751 11.999983787536621 32.1318359375
    endloop
  endfacet
  facet normal -0.4890993535518646 0.8359169363975525 -0.24904769659042358
    outer loop
      vertex -4.0001068115234375 9.84294319152832 32.90428924560547
      vertex -2.0855553150177 10.100878715515137 30.01009178161621
      vertex -3.773776054382324 8.888200759887695 29.2552547454834
    endloop
  endfacet
  facet normal -0.4560595750808716 0.8263260722160339 -0.3304465115070343
    outer loop
      vertex -2.0855553150177 10.100878715515137 30.01009178161621
      vertex -0.031686797738075256 10.167821884155273 27.342884063720703
      vertex -1.7078202962875366 8.909089088439941 26.50853729248047
    endloop
  endfacet
  facet normal -0.5181112885475159 0.7643241286277771 -0.3838871121406555
    outer loop
      vertex -3.773776054382324 8.888200759887695 29.2552547454834
      vertex -1.7078202962875366 8.909089088439941 26.50853729248047
      vertex -3.350687026977539 7.553013324737549 26.025859832763672
    endloop
  endfacet
  facet normal -0.4484247863292694 0.830285370349884 -0.33097049593925476
    outer loop
      vertex -1.7078202962875366 8.909089088439941 26.50853729248047
      vertex -3.773776054382324 8.888200759887695 29.2552547454834
      vertex -2.0855553150177 10.100878715515137 30.01009178161621
    endloop
  endfacet
  facet normal -0.37548699975013733 0.8342484831809998 -0.40378108620643616
    outer loop
      vertex -0.031686797738075256 10.167821884155273 27.342884063720703
      vertex 2.0435314178466797 9.957605361938477 24.978755950927734
      vertex 0.4316520690917969 8.735608100891113 23.95292854309082
    endloop
  endfacet
  facet normal -0.2388634979724884 0.8291292190551758 -0.5054592490196228
    outer loop
      vertex 2.0435314178466797 9.957605361938477 24.978755950927734
      vertex 4.011996269226074 9.325425148010254 23.01152801513672
      vertex 2.509420394897461 8.165976524353027 21.8196964263916
    endloop
  endfacet
  facet normal -0.38742882013320923 0.7240245938301086 -0.5706901550292969
    outer loop
      vertex 0.4316520690917969 8.735608100891113 23.95292854309082
      vertex 2.509420394897461 8.165976524353027 21.8196964263916
      vertex 0.926433801651001 6.764068126678467 21.115774154663086
    endloop
  endfacet
  facet normal -0.2947964668273926 0.8118823766708374 -0.503926694393158
    outer loop
      vertex 2.509420394897461 8.165976524353027 21.8196964263916
      vertex 0.4316520690917969 8.735608100891113 23.95292854309082
      vertex 2.0435314178466797 9.957605361938477 24.978755950927734
    endloop
  endfacet
  facet normal -0.5666184425354004 0.6344318985939026 -0.5257754325866699
    outer loop
      vertex -3.350687026977539 7.553013324737549 26.025859832763672
      vertex -1.2170711755752563 7.290510654449463 23.40974998474121
      vertex -2.794098138809204 5.830075263977051 23.347034454345703
    endloop
  endfacet
  facet normal -0.5117142796516418 0.5992485880851746 -0.6156700253486633
    outer loop
      vertex -1.2170711755752563 7.290510654449463 23.40974998474121
      vertex 0.926433801651001 6.764068126678467 21.115774154663086
      vertex -0.6503689289093018 5.251622676849365 20.9542293548584
    endloop
  endfacet
  facet normal -0.5765785574913025 0.5085296630859375 -0.6394957304000854
    outer loop
      vertex -2.794098138809204 5.830075263977051 23.347034454345703
      vertex -0.6503689289093018 5.251622676849365 20.9542293548584
      vertex -2.157447099685669 3.8350462913513184 21.186565399169922
    endloop
  endfacet
  facet normal -0.5238723158836365 0.5919954180717468 -0.6124534010887146
    outer loop
      vertex -0.6503689289093018 5.251622676849365 20.9542293548584
      vertex -2.794098138809204 5.830075263977051 23.347034454345703
      vertex -1.2170711755752563 7.290510654449463 23.40974998474121
    endloop
  endfacet
  facet normal -0.4311082363128662 0.7039958238601685 -0.5643895864486694
    outer loop
      vertex 0.926433801651001 6.764068126678467 21.115774154663086
      vertex -1.2170711755752563 7.290510654449463 23.40974998474121
      vertex 0.4316520690917969 8.735608100891113 23.95292854309082
    endloop
  endfacet
  facet normal -0.4783668518066406 0.7450082302093506 -0.4648955166339874
    outer loop
      vertex -1.2170711755752563 7.290510654449463 23.40974998474121
      vertex -3.350687026977539 7.553013324737549 26.025859832763672
      vertex -1.7078202962875366 8.909089088439941 26.50853729248047
    endloop
  endfacet
  facet normal -0.4136059582233429 0.8170380592346191 -0.40171995759010315
    outer loop
      vertex 0.4316520690917969 8.735608100891113 23.95292854309082
      vertex -1.7078202962875366 8.909089088439941 26.50853729248047
      vertex -0.031686797738075256 10.167821884155273 27.342884063720703
    endloop
  endfacet
  facet normal -0.493142694234848 0.7366032600402832 -0.46284547448158264
    outer loop
      vertex -1.7078202962875366 8.909089088439941 26.50853729248047
      vertex 0.4316520690917969 8.735608100891113 23.95292854309082
      vertex -1.2170711755752563 7.290510654449463 23.40974998474121
    endloop
  endfacet
  facet normal -0.8979408740997314 0.38089826703071594 -0.22049684822559357
    outer loop
      vertex -8.833756446838379 5.320616245269775 31.334699630737305
      vertex -9.587281227111816 4.561522483825684 33.092018127441406
      vertex -9.218026161193848 5.822736740112305 33.766971588134766
    endloop
  endfacet
  facet normal -0.9745369553565979 0.16991057991981506 -0.14631550014019012
    outer loop
      vertex -9.587281227111816 4.561522483825684 33.092018127441406
      vertex -10.168641090393066 3.407914161682129 35.624534606933594
      vertex -10.009320259094238 4.909605503082275 36.30723190307617
    endloop
  endfacet
  facet normal -0.864574670791626 0.4940631091594696 -0.09171833842992783
    outer loop
      vertex -9.218026161193848 5.822736740112305 33.766971588134766
      vertex -10.009320259094238 4.909605503082275 36.30723190307617
      vertex -9.343069076538086 6.22318172454834 37.1027717590332
    endloop
  endfacet
  facet normal -0.921192467212677 0.35498204827308655 -0.15934939682483673
    outer loop
      vertex -10.009320259094238 4.909605503082275 36.30723190307617
      vertex -9.218026161193848 5.822736740112305 33.766971588134766
      vertex -9.587281227111816 4.561522483825684 33.092018127441406
    endloop
  endfacet
  facet normal -0.9976282715797424 -0.017261674627661705 -0.06663207709789276
    outer loop
      vertex -10.168641090393066 3.407914161682129 35.624534606933594
      vertex -10.350728988647461 1.9282892942428589 38.734100341796875
      vertex -10.415813446044922 3.6066064834594727 39.273773193359375
    endloop
  endfacet
  facet normal -0.992707371711731 -0.11524304747581482 -0.03537255898118019
    outer loop
      vertex -10.350728988647461 1.9282892942428589 38.734100341796875
      vertex -10.286425590515137 0.2751382887363434 42.315399169921875
      vertex -10.50766372680664 2.0614378452301025 42.70457458496094
    endloop
  endfacet
  facet normal -0.9963410496711731 0.08469417691230774 0.011470375582575798
    outer loop
      vertex -10.415813446044922 3.6066064834594727 39.273773193359375
      vertex -10.50766372680664 2.0614378452301025 42.70457458496094
      vertex -10.356989860534668 3.7681198120117188 43.19074249267578
    endloop
  endfacet
  facet normal -0.9989079236984253 -0.02632535621523857 -0.03859946131706238
    outer loop
      vertex -10.50766372680664 2.0614378452301025 42.70457458496094
      vertex -10.415813446044922 3.6066064834594727 39.273773193359375
      vertex -10.350728988647461 1.9282892942428589 38.734100341796875
    endloop
  endfacet
  facet normal -0.8580427169799805 0.513564944267273 0.00371260242536664
    outer loop
      vertex -9.343069076538086 6.22318172454834 37.1027717590332
      vertex -9.994020462036133 5.114642143249512 40.001808166503906
      vertex -9.154499053955078 6.511190891265869 40.84401321411133
    endloop
  endfacet
  facet normal -0.9483689665794373 0.3161391615867615 0.02554444782435894
    outer loop
      vertex -9.994020462036133 5.114642143249512 40.001808166503906
      vertex -10.356989860534668 3.7681198120117188 43.19074249267578
      vertex -9.807341575622559 5.364205837249756 43.84387969970703
    endloop
  endfacet
  facet normal -0.8559091091156006 0.5170004963874817 0.011406486853957176
    outer loop
      vertex -9.154499053955078 6.511190891265869 40.84401321411133
      vertex -9.807341575622559 5.364205837249756 43.84387969970703
      vertex -8.844221115112305 6.938820838928223 44.74397277832031
    endloop
  endfacet
  facet normal -0.8592941761016846 0.5114105343818665 0.008532527834177017
    outer loop
      vertex -9.807341575622559 5.364205837249756 43.84387969970703
      vertex -9.154499053955078 6.511190891265869 40.84401321411133
      vertex -9.994020462036133 5.114642143249512 40.001808166503906
    endloop
  endfacet
  facet normal -0.9634619355201721 0.2678236961364746 0.003425397677347064
    outer loop
      vertex -10.356989860534668 3.7681198120117188 43.19074249267578
      vertex -9.994020462036133 5.114642143249512 40.001808166503906
      vertex -10.415813446044922 3.6066064834594727 39.273773193359375
    endloop
  endfacet
  facet normal -0.8861846923828125 0.46280908584594727 -0.022014539688825607
    outer loop
      vertex -9.994020462036133 5.114642143249512 40.001808166503906
      vertex -9.343069076538086 6.22318172454834 37.1027717590332
      vertex -10.009320259094238 4.909605503082275 36.30723190307617
    endloop
  endfacet
  facet normal -0.9875453114509583 0.13861297070980072 -0.07443615049123764
    outer loop
      vertex -10.415813446044922 3.6066064834594727 39.273773193359375
      vertex -10.009320259094238 4.909605503082275 36.30723190307617
      vertex -10.168641090393066 3.407914161682129 35.624534606933594
    endloop
  endfacet
  facet normal -0.9615575671195984 0.2743734121322632 -0.011244856752455235
    outer loop
      vertex -10.009320259094238 4.909605503082275 36.30723190307617
      vertex -10.415813446044922 3.6066064834594727 39.273773193359375
      vertex -9.994020462036133 5.114642143249512 40.001808166503906
    endloop
  endfacet
  facet normal -0.9919334650039673 -0.10828596353530884 -0.06589627265930176
    outer loop
      vertex -10.50533390045166 0.7491950392723083 44.831607818603516
      vertex -10.286425590515137 0.2751382887363434 42.315399169921875
      vertex -10.410898208618164 -0.22156548500061035 45.00530242919922
    endloop
  endfacet
  facet normal -0.9684215188026428 -0.21623580157756805 -0.12410382181406021
    outer loop
      vertex -10.178885459899902 -1.0742841958999634 44.54723358154297
      vertex -10.241515159606934 -1.864160418510437 46.41221618652344
      vertex -10.454967498779297 -0.9486641883850098 46.48271179199219
    endloop
  endfacet
  facet normal -0.9945560693740845 -0.06485354155302048 -0.08156179636716843
    outer loop
      vertex -10.50533390045166 0.7491950392723083 44.831607818603516
      vertex -10.599990844726562 -0.03865078091621399 46.61229705810547
      vertex -10.673612594604492 0.8895947337150574 46.771942138671875
    endloop
  endfacet
  facet normal -0.8386121988296509 0.544011116027832 -0.027956845238804817
    outer loop
      vertex -8.710153579711914 7.27494478225708 47.26301574707031
      vertex -8.844221115112305 6.938820838928223 44.74397277832031
      vertex -9.162471771240234 6.564321994781494 47.003074645996094
    endloop
  endfacet
  facet normal -0.9031880497932434 0.4257366359233856 -0.054769329726696014
    outer loop
      vertex -9.540987014770508 5.838950157165527 46.30067825317383
      vertex -9.903597831726074 5.25277853012085 47.72393798828125
      vertex -9.541805267333984 6.064252853393555 48.06550979614258
    endloop
  endfacet
  facet normal -0.8327139019966125 0.543696403503418 -0.1047942116856575
    outer loop
      vertex -8.710153579711914 7.27494478225708 47.26301574707031
      vertex -9.13987922668457 6.8432512283325195 48.43796920776367
      vertex -8.717435836791992 7.568069934844971 48.84168243408203
    endloop
  endfacet
  facet normal -0.850649893283844 0.5256494879722595 -0.009351448155939579
    outer loop
      vertex -9.540987014770508 5.838950157165527 46.30067825317383
      vertex -8.844221115112305 6.938820838928223 44.74397277832031
      vertex -9.807341575622559 5.364205837249756 43.84387969970703
    endloop
  endfacet
  facet normal -0.9452251195907593 0.32641175389289856 -0.0022045508958399296
    outer loop
      vertex -10.199796676635742 4.239821434020996 45.63388442993164
      vertex -9.807341575622559 5.364205837249756 43.84387969970703
      vertex -10.356989860534668 3.7681198120117188 43.19074249267578
    endloop
  endfacet
  facet normal -0.9020968079566956 0.4312915802001953 0.014459616504609585
    outer loop
      vertex -9.540987014770508 5.838950157165527 46.30067825317383
      vertex -9.807341575622559 5.364205837249756 43.84387969970703
      vertex -9.940947532653809 5.00502347946167 46.222007751464844
    endloop
  endfacet
  facet normal -0.9952529668807983 0.09449709206819534 -0.023279763758182526
    outer loop
      vertex -10.519966125488281 2.5442349910736084 45.19029235839844
      vertex -10.356989860534668 3.7681198120117188 43.19074249267578
      vertex -10.50766372680664 2.0614378452301025 42.70457458496094
    endloop
  endfacet
  facet normal -0.9919124245643616 -0.10850382596254349 -0.06585339456796646
    outer loop
      vertex -10.50533390045166 0.7491950392723083 44.831607818603516
      vertex -10.50766372680664 2.0614378452301025 42.70457458496094
      vertex -10.286425590515137 0.2751382887363434 42.315399169921875
    endloop
  endfacet
  facet normal -0.9978570938110352 0.0631299838423729 -0.017200268805027008
    outer loop
      vertex -10.519966125488281 2.5442349910736084 45.19029235839844
      vertex -10.50766372680664 2.0614378452301025 42.70457458496094
      vertex -10.582097053527832 1.5998696088790894 45.32866287231445
    endloop
  endfacet
  facet normal -0.9676584005355835 0.25189587473869324 0.013625731691718102
    outer loop
      vertex -10.199796676635742 4.239821434020996 45.63388442993164
      vertex -10.356989860534668 3.7681198120117188 43.19074249267578
      vertex -10.427068710327148 3.363187074661255 45.69985580444336
    endloop
  endfacet
  facet normal -0.9943273663520813 0.09517218172550201 -0.04749118909239769
    outer loop
      vertex -10.519966125488281 2.5442349910736084 45.19029235839844
      vertex -10.671764373779297 1.8247984647750854 46.9267578125
      vertex -10.591075897216797 2.7396352291107178 47.07070541381836
    endloop
  endfacet
  facet normal -0.961200475692749 0.27390623092651367 -0.03269518166780472
    outer loop
      vertex -10.199796676635742 4.239821434020996 45.63388442993164
      vertex -10.433577537536621 3.6099817752838135 47.23024368286133
      vertex -10.204215049743652 4.439711093902588 47.43836975097656
    endloop
  endfacet
  facet normal -0.5330445170402527 0.8341659903526306 -0.1415296196937561
    outer loop
      vertex -4.234363555908203 11.054781913757324 45.97304916381836
      vertex -4.905475616455078 10.901806831359863 47.59904098510742
      vertex -3.9781384468078613 11.520576477050781 47.753387451171875
    endloop
  endfacet
  facet normal -0.7407201528549194 0.6696611046791077 -0.05373763293027878
    outer loop
      vertex -8.189258575439453 7.789443016052246 46.31614303588867
      vertex -7.690756797790527 8.206171035766602 44.63792037963867
      vertex -8.844221115112305 6.938820838928223 44.74397277832031
    endloop
  endfacet
  facet normal -0.7438732385635376 0.6660054326057434 -0.05558202415704727
    outer loop
      vertex -7.690756797790527 8.206171035766602 44.63792037963867
      vertex -8.189258575439453 7.789443016052246 46.31614303588867
      vertex -7.520883560180664 8.572672843933105 46.75601577758789
    endloop
  endfacet
  facet normal -0.6414661407470703 0.7593158483505249 -0.10936445742845535
    outer loop
      vertex -6.01397180557251 9.752758026123047 45.43914031982422
      vertex -6.700675010681152 9.419770240783691 47.154998779296875
      vertex -5.8096513748168945 10.207884788513184 47.400657653808594
    endloop
  endfacet
  facet normal -0.39828383922576904 0.9102908968925476 -0.11287393420934677
    outer loop
      vertex -2.370727062225342 12.097996711730957 46.28533935546875
      vertex -1.2524099349975586 12.359415054321289 44.44752883911133
      vertex -3.1018245220184326 11.509601593017578 44.11985778808594
    endloop
  endfacet
  facet normal -0.3360380232334137 0.9380250573158264 -0.08477886021137238
    outer loop
      vertex -1.2524099349975586 12.359415054321289 44.44752883911133
      vertex -0.023481518030166626 12.547340393066406 41.65570068359375
      vertex -1.8323631286621094 11.863910675048828 41.26384353637695
    endloop
  endfacet
  facet normal -0.4297740161418915 0.899434506893158 -0.0794476866722107
    outer loop
      vertex -3.1018245220184326 11.509601593017578 44.11985778808594
      vertex -1.8323631286621094 11.863910675048828 41.26384353637695
      vertex -3.640150308609009 10.944785118103027 40.637603759765625
    endloop
  endfacet
  facet normal -0.40664321184158325 0.9110735058784485 -0.06772242486476898
    outer loop
      vertex -1.8323631286621094 11.863910675048828 41.26384353637695
      vertex -3.1018245220184326 11.509601593017578 44.11985778808594
      vertex -1.2524099349975586 12.359415054321289 44.44752883911133
    endloop
  endfacet
  facet normal -0.2676909565925598 0.9618043303489685 -0.05721969157457352
    outer loop
      vertex -0.023481518030166626 12.547340393066406 41.65570068359375
      vertex 1.1709527969360352 12.708037376403809 38.76892852783203
      vertex -0.47330451011657715 12.223393440246582 38.31489181518555
    endloop
  endfacet
  facet normal -0.23757512867450714 0.9704282283782959 -0.04274582117795944
    outer loop
      vertex 1.1709527969360352 12.708037376403809 38.76892852783203
      vertex 2.19584584236145 12.852330207824707 36.3484992980957
      vertex 0.9722463488578796 12.519196510314941 35.58618927001953
    endloop
  endfacet
  facet normal -0.35602647066116333 0.9303463101387024 -0.08775418251752853
    outer loop
      vertex -0.47330451011657715 12.223393440246582 38.31489181518555
      vertex 0.9722463488578796 12.519196510314941 35.58618927001953
      vertex -0.5850209593772888 11.838616371154785 34.6888313293457
    endloop
  endfacet
  facet normal -0.2723086476325989 0.9613764882087708 -0.040040258318185806
    outer loop
      vertex 0.9722463488578796 12.519196510314941 35.58618927001953
      vertex -0.47330451011657715 12.223393440246582 38.31489181518555
      vertex 1.1709527969360352 12.708037376403809 38.76892852783203
    endloop
  endfacet
  facet normal -0.45963147282600403 0.8856480121612549 -0.06607973575592041
    outer loop
      vertex -3.640150308609009 10.944785118103027 40.637603759765625
      vertex -2.209123373031616 11.461613655090332 37.61070251464844
      vertex -3.962031126022339 10.489997863769531 36.7811279296875
    endloop
  endfacet
  facet normal -0.42253419756889343 0.898510217666626 -0.11892994493246078
    outer loop
      vertex -2.209123373031616 11.461613655090332 37.61070251464844
      vertex -0.5850209593772888 11.838616371154785 34.6888313293457
      vertex -2.2787673473358154 10.9209566116333 33.773494720458984
    endloop
  endfacet
  facet normal -0.4735898971557617 0.8694722056388855 -0.14046593010425568
    outer loop
      vertex -3.962031126022339 10.489997863769531 36.7811279296875
      vertex -2.2787673473358154 10.9209566116333 33.773494720458984
      vertex -4.0001068115234375 9.84294319152832 32.90428924560547
    endloop
  endfacet
  facet normal -0.4382774531841278 0.8911131620407104 -0.11760196834802628
    outer loop
      vertex -2.2787673473358154 10.9209566116333 33.773494720458984
      vertex -3.962031126022339 10.489997863769531 36.7811279296875
      vertex -2.209123373031616 11.461613655090332 37.61070251464844
    endloop
  endfacet
  facet normal -0.3706457018852234 0.9247181415557861 -0.08670652657747269
    outer loop
      vertex -0.5850209593772888 11.838616371154785 34.6888313293457
      vertex -2.209123373031616 11.461613655090332 37.61070251464844
      vertex -0.47330451011657715 12.223393440246582 38.31489181518555
    endloop
  endfacet
  facet normal -0.4377162754535675 0.8975085020065308 -0.053693775087594986
    outer loop
      vertex -2.209123373031616 11.461613655090332 37.61070251464844
      vertex -3.640150308609009 10.944785118103027 40.637603759765625
      vertex -1.8323631286621094 11.863910675048828 41.26384353637695
    endloop
  endfacet
  facet normal -0.3446294963359833 0.9376824498176575 -0.0445212684571743
    outer loop
      vertex -0.47330451011657715 12.223393440246582 38.31489181518555
      vertex -1.8323631286621094 11.863910675048828 41.26384353637695
      vertex -0.023481518030166626 12.547340393066406 41.65570068359375
    endloop
  endfacet
  facet normal -0.379715234041214 0.9229910373687744 -0.062481824308633804
    outer loop
      vertex -1.8323631286621094 11.863910675048828 41.26384353637695
      vertex -0.47330451011657715 12.223393440246582 38.31489181518555
      vertex -2.209123373031616 11.461613655090332 37.61070251464844
    endloop
  endfacet
  facet normal -0.741844654083252 0.6704151630401611 -0.014490311034023762
    outer loop
      vertex -8.844221115112305 6.938820838928223 44.74397277832031
      vertex -7.976290225982666 7.832244396209717 41.644989013671875
      vertex -9.154499053955078 6.511190891265869 40.84401321411133
    endloop
  endfacet
  facet normal -0.6758469343185425 0.7370288372039795 -0.004418044351041317
    outer loop
      vertex -7.976290225982666 7.832244396209717 41.644989013671875
      vertex -7.006586074829102 8.704980850219727 38.897254943847656
      vertex -8.332401275634766 7.483473777770996 37.93803787231445
    endloop
  endfacet
  facet normal -0.7770891785621643 0.6293219923973083 -0.009278951212763786
    outer loop
      vertex -9.154499053955078 6.511190891265869 40.84401321411133
      vertex -8.332401275634766 7.483473777770996 37.93803787231445
      vertex -9.343069076538086 6.22318172454834 37.1027717590332
    endloop
  endfacet
  facet normal -0.749169647693634 0.662307858467102 0.009655934758484364
    outer loop
      vertex -8.332401275634766 7.483473777770996 37.93803787231445
      vertex -9.154499053955078 6.511190891265869 40.84401321411133
      vertex -7.976290225982666 7.832244396209717 41.644989013671875
    endloop
  endfacet
  facet normal -0.5778400301933289 0.8126412034034729 -0.07559967041015625
    outer loop
      vertex -7.006586074829102 8.704980850219727 38.897254943847656
      vertex -5.655547618865967 9.387534141540527 35.907649993896484
      vertex -7.186163425445557 8.219977378845215 35.0564079284668
    endloop
  endfacet
  facet normal -0.5230171084403992 0.8369042873382568 -0.1613825559616089
    outer loop
      vertex -5.655547618865967 9.387534141540527 35.907649993896484
      vertex -4.0001068115234375 9.84294319152832 32.90428924560547
      vertex -5.63838529586792 8.671862602233887 32.14067077636719
    endloop
  endfacet
  facet normal -0.5816639065742493 0.7918680906295776 -0.18604321777820587
    outer loop
      vertex -7.186163425445557 8.219977378845215 35.0564079284668
      vertex -5.63838529586792 8.671862602233887 32.14067077636719
      vertex -7.074740409851074 7.480142593383789 31.559036254882812
    endloop
  endfacet
  facet normal -0.5412042737007141 0.8256586790084839 -0.1593289077281952
    outer loop
      vertex -5.63838529586792 8.671862602233887 32.14067077636719
      vertex -7.186163425445557 8.219977378845215 35.0564079284668
      vertex -5.655547618865967 9.387534141540527 35.907649993896484
    endloop
  endfacet
  facet normal -0.7918349504470825 0.6021626591682434 -0.10196845233440399
    outer loop
      vertex -9.343069076538086 6.22318172454834 37.1027717590332
      vertex -8.382819175720215 7.0172438621521 34.335201263427734
      vertex -9.218026161193848 5.822736740112305 33.766971588134766
    endloop
  endfacet
  facet normal -0.6950163245201111 0.6867273449897766 -0.21297398209571838
    outer loop
      vertex -8.382819175720215 7.0172438621521 34.335201263427734
      vertex -7.074740409851074 7.480142593383789 31.559036254882812
      vertex -8.148653030395508 6.312139511108398 31.297441482543945
    endloop
  endfacet
  facet normal -0.8029464483261108 0.5458034873008728 -0.23953206837177277
    outer loop
      vertex -9.218026161193848 5.822736740112305 33.766971588134766
      vertex -8.148653030395508 6.312139511108398 31.297441482543945
      vertex -8.833756446838379 5.320616245269775 31.334699630737305
    endloop
  endfacet
  facet normal -0.7544872164726257 0.624122679233551 -0.2030268907546997
    outer loop
      vertex -8.148653030395508 6.312139511108398 31.297441482543945
      vertex -9.218026161193848 5.822736740112305 33.766971588134766
      vertex -8.382819175720215 7.0172438621521 34.335201263427734
    endloop
  endfacet
  facet normal -0.642055332660675 0.7456623315811157 -0.1781928837299347
    outer loop
      vertex -7.074740409851074 7.480142593383789 31.559036254882812
      vertex -8.382819175720215 7.0172438621521 34.335201263427734
      vertex -7.186163425445557 8.219977378845215 35.0564079284668
    endloop
  endfacet
  facet normal -0.7534870505332947 0.653285562992096 -0.07399503886699677
    outer loop
      vertex -8.382819175720215 7.0172438621521 34.335201263427734
      vertex -9.343069076538086 6.22318172454834 37.1027717590332
      vertex -8.332401275634766 7.483473777770996 37.93803787231445
    endloop
  endfacet
  facet normal -0.6502279043197632 0.7569379210472107 -0.06518128514289856
    outer loop
      vertex -7.186163425445557 8.219977378845215 35.0564079284668
      vertex -8.332401275634766 7.483473777770996 37.93803787231445
      vertex -7.006586074829102 8.704980850219727 38.897254943847656
    endloop
  endfacet
  facet normal -0.6805061101913452 0.7278348803520203 -0.08466348797082901
    outer loop
      vertex -8.332401275634766 7.483473777770996 37.93803787231445
      vertex -7.186163425445557 8.219977378845215 35.0564079284668
      vertex -8.382819175720215 7.0172438621521 34.335201263427734
    endloop
  endfacet
  facet normal -0.48895853757858276 0.8611724972724915 -0.13892976939678192
    outer loop
      vertex -4.0001068115234375 9.84294319152832 32.90428924560547
      vertex -5.655547618865967 9.387534141540527 35.907649993896484
      vertex -3.962031126022339 10.489997863769531 36.7811279296875
    endloop
  endfacet
  facet normal -0.558731198310852 0.8268980979919434 -0.06370918452739716
    outer loop
      vertex -5.655547618865967 9.387534141540527 35.907649993896484
      vertex -7.006586074829102 8.704980850219727 38.897254943847656
      vertex -5.390610694885254 9.868827819824219 39.83098220825195
    endloop
  endfacet
  facet normal -0.5025899410247803 0.8624570965766907 -0.05975933372974396
    outer loop
      vertex -3.962031126022339 10.489997863769531 36.7811279296875
      vertex -5.390610694885254 9.868827819824219 39.83098220825195
      vertex -3.640150308609009 10.944785118103027 40.637603759765625
    endloop
  endfacet
  facet normal -0.5188337564468384 0.8520463705062866 -0.06948845833539963
    outer loop
      vertex -5.390610694885254 9.868827819824219 39.83098220825195
      vertex -3.962031126022339 10.489997863769531 36.7811279296875
      vertex -5.655547618865967 9.387534141540527 35.907649993896484
    endloop
  endfacet
  facet normal -0.6784974336624146 0.7345772385597229 -0.006132127251476049
    outer loop
      vertex -7.006586074829102 8.704980850219727 38.897254943847656
      vertex -7.976290225982666 7.832244396209717 41.644989013671875
      vertex -6.583907604217529 9.127949714660645 42.79753875732422
    endloop
  endfacet
  facet normal -0.7400460839271545 0.672422468662262 -0.013407845981419086
    outer loop
      vertex -7.976290225982666 7.832244396209717 41.644989013671875
      vertex -8.844221115112305 6.938820838928223 44.74397277832031
      vertex -7.690756797790527 8.206171035766602 44.63792037963867
    endloop
  endfacet
  facet normal -0.6441230773925781 0.7637853026390076 -0.04168328642845154
    outer loop
      vertex -6.01397180557251 9.752758026123047 45.43914031982422
      vertex -6.583907604217529 9.127949714660645 42.79753875732422
      vertex -6.905320167541504 8.99881362915039 45.39802932739258
    endloop
  endfacet
  facet normal -0.66788649559021 0.7436902523040771 -0.029196009039878845
    outer loop
      vertex -7.690756797790527 8.206171035766602 44.63792037963867
      vertex -6.583907604217529 9.127949714660645 42.79753875732422
      vertex -7.976290225982666 7.832244396209717 41.644989013671875
    endloop
  endfacet
  facet normal -0.5056403875350952 0.8605557680130005 -0.061413343995809555
    outer loop
      vertex -3.640150308609009 10.944785118103027 40.637603759765625
      vertex -4.9027791023254395 10.412595748901367 43.576011657714844
      vertex -3.1018245220184326 11.509601593017578 44.11985778808594
    endloop
  endfacet
  facet normal -0.542717695236206 0.8367511630058289 -0.07283534854650497
    outer loop
      vertex -4.234363555908203 11.054781913757324 45.97304916381836
      vertex -4.9027791023254395 10.412595748901367 43.576011657714844
      vertex -5.17509126663208 10.451005935668945 46.046356201171875
    endloop
  endfacet
  facet normal -0.43904823064804077 0.8934754729270935 -0.09454230219125748
    outer loop
      vertex -2.370727062225342 12.097996711730957 46.28533935546875
      vertex -3.1018245220184326 11.509601593017578 44.11985778808594
      vertex -3.343532085418701 11.637423515319824 46.4503173828125
    endloop
  endfacet
  facet normal -0.49750223755836487 0.8625328540802002 -0.09235084801912308
    outer loop
      vertex -4.234363555908203 11.054781913757324 45.97304916381836
      vertex -3.1018245220184326 11.509601593017578 44.11985778808594
      vertex -4.9027791023254395 10.412595748901367 43.576011657714844
    endloop
  endfacet
  facet normal -0.5869666934013367 0.8070577383041382 -0.06425002962350845
    outer loop
      vertex -6.01397180557251 9.752758026123047 45.43914031982422
      vertex -4.9027791023254395 10.412595748901367 43.576011657714844
      vertex -6.583907604217529 9.127949714660645 42.79753875732422
    endloop
  endfacet
  facet normal -0.5025902986526489 0.8624569773674011 -0.05975840985774994
    outer loop
      vertex -4.9027791023254395 10.412595748901367 43.576011657714844
      vertex -3.640150308609009 10.944785118103027 40.637603759765625
      vertex -5.390610694885254 9.868827819824219 39.83098220825195
    endloop
  endfacet
  facet normal -0.5740715861320496 0.8183750510215759 -0.02653639204800129
    outer loop
      vertex -6.583907604217529 9.127949714660645 42.79753875732422
      vertex -5.390610694885254 9.868827819824219 39.83098220825195
      vertex -7.006586074829102 8.704980850219727 38.897254943847656
    endloop
  endfacet
  facet normal -0.5952497720718384 0.8025938868522644 -0.038996536284685135
    outer loop
      vertex -5.390610694885254 9.868827819824219 39.83098220825195
      vertex -6.583907604217529 9.127949714660645 42.79753875732422
      vertex -4.9027791023254395 10.412595748901367 43.576011657714844
    endloop
  endfacet
  facet normal 0.1096963956952095 0.5400768518447876 -0.8344362378120422
    outer loop
      vertex 4.95185661315918 0.17419779300689697 14.23570728302002
      vertex 4.86428689956665 2.41984486579895 15.677658081054688
      vertex 5.992115497589111 0.8097219467163086 14.783795356750488
    endloop
  endfacet
  facet normal -0.04817069321870804 0.6173367500305176 -0.7852228283882141
    outer loop
      vertex 4.86428689956665 2.41984486579895 15.677658081054688
      vertex 4.683670520782471 4.913233280181885 17.649023056030273
      vertex 6.137124061584473 3.52909255027771 16.471656799316406
    endloop
  endfacet
  facet normal 0.3090502619743347 0.4895899295806885 -0.8153462409973145
    outer loop
      vertex 5.992115497589111 0.8097219467163086 14.783795356750488
      vertex 6.137124061584473 3.52909255027771 16.471656799316406
      vertex 7.231688976287842 1.7379318475723267 15.811006546020508
    endloop
  endfacet
  facet normal 0.07381376624107361 0.5230745077133179 -0.8490845561027527
    outer loop
      vertex 6.137124061584473 3.52909255027771 16.471656799316406
      vertex 5.992115497589111 0.8097219467163086 14.783795356750488
      vertex 4.86428689956665 2.41984486579895 15.677658081054688
    endloop
  endfacet
  facet normal -0.09904360771179199 0.7046064734458923 -0.7026521563529968
    outer loop
      vertex 4.683670520782471 4.913233280181885 17.649023056030273
      vertex 4.405873775482178 7.279751777648926 20.061281204223633
      vertex 6.070179462432861 6.105551242828369 18.649219512939453
    endloop
  endfacet
  facet normal -0.12080136686563492 0.8081327676773071 -0.5764793753623962
    outer loop
      vertex 4.405873775482178 7.279751777648926 20.061281204223633
      vertex 4.011996269226074 9.325425148010254 23.01152801513672
      vertex 5.824801445007324 8.400806427001953 21.335485458374023
    endloop
  endfacet
  facet normal 0.340645432472229 0.729941725730896 -0.5925755500793457
    outer loop
      vertex 6.070179462432861 6.105551242828369 18.649219512939453
      vertex 5.824801445007324 8.400806427001953 21.335485458374023
      vertex 7.281680583953857 6.932037353515625 20.363733291625977
    endloop
  endfacet
  facet normal -0.015988482162356377 0.7594518661499023 -0.6503671407699585
    outer loop
      vertex 5.824801445007324 8.400806427001953 21.335485458374023
      vertex 6.070179462432861 6.105551242828369 18.649219512939453
      vertex 4.405873775482178 7.279751777648926 20.061281204223633
    endloop
  endfacet
  facet normal 0.7224245071411133 0.3414420485496521 -0.601265549659729
    outer loop
      vertex 7.231688976287842 1.7379318475723267 15.811006546020508
      vertex 7.437566757202148 4.6008381843566895 17.68413543701172
      vertex 8.333251953125 2.6325764656066895 17.64258575439453
    endloop
  endfacet
  facet normal 0.6088760495185852 0.6156798601150513 -0.5002082586288452
    outer loop
      vertex 7.437566757202148 4.6008381843566895 17.68413543701172
      vertex 7.281680583953857 6.932037353515625 20.363733291625977
      vertex 8.471121788024902 5.298158645629883 19.800519943237305
    endloop
  endfacet
  facet normal 0.8564134240150452 0.297374963760376 -0.4220476448535919
    outer loop
      vertex 8.333251953125 2.6325764656066895 17.64258575439453
      vertex 8.471121788024902 5.298158645629883 19.800519943237305
      vertex 9.317472457885742 3.3569655418395996 20.150157928466797
    endloop
  endfacet
  facet normal 0.7825966477394104 0.36675044894218445 -0.5030273795127869
    outer loop
      vertex 8.471121788024902 5.298158645629883 19.800519943237305
      vertex 8.333251953125 2.6325764656066895 17.64258575439453
      vertex 7.437566757202148 4.6008381843566895 17.68413543701172
    endloop
  endfacet
  facet normal 0.36197081208229065 0.713615894317627 -0.5997745394706726
    outer loop
      vertex 7.281680583953857 6.932037353515625 20.363733291625977
      vertex 7.437566757202148 4.6008381843566895 17.68413543701172
      vertex 6.070179462432861 6.105551242828369 18.649219512939453
    endloop
  endfacet
  facet normal 0.3341370224952698 0.4990898072719574 -0.7995384931564331
    outer loop
      vertex 7.437566757202148 4.6008381843566895 17.68413543701172
      vertex 7.231688976287842 1.7379318475723267 15.811006546020508
      vertex 6.137124061584473 3.52909255027771 16.471656799316406
    endloop
  endfacet
  facet normal -0.004053596872836351 0.6454404592514038 -0.7637998461723328
    outer loop
      vertex 6.070179462432861 6.105551242828369 18.649219512939453
      vertex 6.137124061584473 3.52909255027771 16.471656799316406
      vertex 4.683670520782471 4.913233280181885 17.649023056030273
    endloop
  endfacet
  facet normal 0.17315244674682617 0.6383773684501648 -0.7499951124191284
    outer loop
      vertex 6.137124061584473 3.52909255027771 16.471656799316406
      vertex 6.070179462432861 6.105551242828369 18.649219512939453
      vertex 7.437566757202148 4.6008381843566895 17.68413543701172
    endloop
  endfacet
  facet normal -0.07174026966094971 0.9031733870506287 -0.423239141702652
    outer loop
      vertex 4.011996269226074 9.325425148010254 23.01152801513672
      vertex 3.5289156436920166 10.88089656829834 26.412717819213867
      vertex 5.381155490875244 10.197772979736328 24.641002655029297
    endloop
  endfacet
  facet normal -0.020780742168426514 0.9613729119300842 -0.2744637429714203
    outer loop
      vertex 3.5289156436920166 10.88089656829834 26.412717819213867
      vertex 3.01914381980896 11.897210121154785 30.011188507080078
      vertex 4.839844226837158 11.4331636428833 28.247905731201172
    endloop
  endfacet
  facet normal 0.1950995773077011 0.9364731907844543 -0.2914690375328064
    outer loop
      vertex 5.381155490875244 10.197772979736328 24.641002655029297
      vertex 4.839844226837158 11.4331636428833 28.247905731201172
      vertex 6.559483528137207 10.614114761352539 26.767417907714844
    endloop
  endfacet
  facet normal 0.04555447772145271 0.9471412897109985 -0.3175661265850067
    outer loop
      vertex 4.839844226837158 11.4331636428833 28.247905731201172
      vertex 5.381155490875244 10.197772979736328 24.641002655029297
      vertex 3.5289156436920166 10.88089656829834 26.412717819213867
    endloop
  endfacet
  facet normal 0.001017085276544094 0.9808597564697266 -0.19471308588981628
    outer loop
      vertex 3.01914381980896 11.897210121154785 30.011188507080078
      vertex 2.559676170349121 12.582833290100098 33.462589263916016
      vertex 4.256284236907959 12.267552375793457 31.883235931396484
    endloop
  endfacet
  facet normal 0.04164518788456917 0.995276689529419 -0.08769234269857407
    outer loop
      vertex 2.559676170349121 12.582833290100098 33.462589263916016
      vertex 2.19584584236145 12.852330207824707 36.3484992980957
      vertex 3.612379550933838 12.708916664123535 35.39352035522461
    endloop
  endfacet
  facet normal 0.14848828315734863 0.9841936826705933 -0.09650945663452148
    outer loop
      vertex 4.256284236907959 12.267552375793457 31.883235931396484
      vertex 3.612379550933838 12.708916664123535 35.39352035522461
      vertex 5.285250663757324 12.344489097595215 34.25098419189453
    endloop
  endfacet
  facet normal 0.08216852694749832 0.990587055683136 -0.10947860777378082
    outer loop
      vertex 3.612379550933838 12.708916664123535 35.39352035522461
      vertex 4.256284236907959 12.267552375793457 31.883235931396484
      vertex 2.559676170349121 12.582833290100098 33.462589263916016
    endloop
  endfacet
  facet normal 0.38283997774124146 0.9000928997993469 -0.20800569653511047
    outer loop
      vertex 6.559483528137207 10.614114761352539 26.767417907714844
      vertex 5.9829840660095215 11.711241722106934 30.453899383544922
      vertex 7.585009574890137 10.750372886657715 29.244548797607422
    endloop
  endfacet
  facet normal 0.34648397564888 0.9335317015647888 -0.09201876074075699
    outer loop
      vertex 5.9829840660095215 11.711241722106934 30.453899383544922
      vertex 5.285250663757324 12.344489097595215 34.25098419189453
      vertex 6.947831153869629 11.616570472717285 33.12645721435547
    endloop
  endfacet
  facet normal 0.5874511003494263 0.8049719929695129 -0.0831945464015007
    outer loop
      vertex 7.585009574890137 10.750372886657715 29.244548797607422
      vertex 6.947831153869629 11.616570472717285 33.12645721435547
      vertex 8.506385803222656 10.387029647827148 32.23491668701172
    endloop
  endfacet
  facet normal 0.43815404176712036 0.8899319171905518 -0.12665794789791107
    outer loop
      vertex 6.947831153869629 11.616570472717285 33.12645721435547
      vertex 7.585009574890137 10.750372886657715 29.244548797607422
      vertex 5.9829840660095215 11.711241722106934 30.453899383544922
    endloop
  endfacet
  facet normal 0.21060389280319214 0.9697980284690857 -0.12303562462329865
    outer loop
      vertex 5.285250663757324 12.344489097595215 34.25098419189453
      vertex 5.9829840660095215 11.711241722106934 30.453899383544922
      vertex 4.256284236907959 12.267552375793457 31.883235931396484
    endloop
  endfacet
  facet normal 0.23911288380622864 0.940240740776062 -0.24243034422397614
    outer loop
      vertex 5.9829840660095215 11.711241722106934 30.453899383544922
      vertex 6.559483528137207 10.614114761352539 26.767417907714844
      vertex 4.839844226837158 11.4331636428833 28.247905731201172
    endloop
  endfacet
  facet normal 0.037633080035448074 0.9752666354179382 -0.21780425310134888
    outer loop
      vertex 4.256284236907959 12.267552375793457 31.883235931396484
      vertex 4.839844226837158 11.4331636428833 28.247905731201172
      vertex 3.01914381980896 11.897210121154785 30.011188507080078
    endloop
  endfacet
  facet normal 0.1476980447769165 0.9688735604286194 -0.19866876304149628
    outer loop
      vertex 4.839844226837158 11.4331636428833 28.247905731201172
      vertex 4.256284236907959 12.267552375793457 31.883235931396484
      vertex 5.9829840660095215 11.711241722106934 30.453899383544922
    endloop
  endfacet
  facet normal 0.8822121620178223 0.2997470200061798 -0.36311644315719604
    outer loop
      vertex 9.317472457885742 3.3569655418395996 20.150157928466797
      vertex 9.424907684326172 5.7660932540893555 22.39987564086914
      vertex 10.200780868530273 3.9981324672698975 22.82547950744629
    endloop
  endfacet
  facet normal 0.8115996718406677 0.48869019746780396 -0.3201373517513275
    outer loop
      vertex 9.424907684326172 5.7660932540893555 22.39987564086914
      vertex 9.317758560180664 7.758680820465088 25.169923782348633
      vertex 10.286033630371094 6.111817836761475 25.1107177734375
    endloop
  endfacet
  facet normal 0.9157027006149292 0.2774091362953186 -0.2907450795173645
    outer loop
      vertex 10.200780868530273 3.9981324672698975 22.82547950744629
      vertex 10.286033630371094 6.111817836761475 25.1107177734375
      vertex 10.987656593322754 4.432737827301025 25.71841812133789
    endloop
  endfacet
  facet normal 0.8926369547843933 0.3138395845890045 -0.32358023524284363
    outer loop
      vertex 10.286033630371094 6.111817836761475 25.1107177734375
      vertex 10.200780868530273 3.9981324672698975 22.82547950744629
      vertex 9.424907684326172 5.7660932540893555 22.39987564086914
    endloop
  endfacet
  facet normal 0.73389732837677 0.6404953002929688 -0.22618697583675385
    outer loop
      vertex 9.317758560180664 7.758680820465088 25.169923782348633
      vertex 9.004631996154785 9.287714958190918 28.483715057373047
      vertex 10.16773509979248 7.782472610473633 27.99517059326172
    endloop
  endfacet
  facet normal 0.6710336208343506 0.7308071255683899 -0.12503916025161743
    outer loop
      vertex 9.004631996154785 9.287714958190918 28.483715057373047
      vertex 8.506385803222656 10.387029647827148 32.23491668701172
      vertex 9.862120628356934 9.013079643249512 31.480361938476562
    endloop
  endfacet
  facet normal 0.7846782803535461 0.6029263734817505 -0.14408285915851593
    outer loop
      vertex 10.16773509979248 7.782472610473633 27.99517059326172
      vertex 9.862120628356934 9.013079643249512 31.480361938476562
      vertex 10.941513061523438 7.501803398132324 31.034698486328125
    endloop
  endfacet
  facet normal 0.755866527557373 0.635360062122345 -0.15806153416633606
    outer loop
      vertex 9.862120628356934 9.013079643249512 31.480361938476562
      vertex 10.16773509979248 7.782472610473633 27.99517059326172
      vertex 9.004631996154785 9.287714958190918 28.483715057373047
    endloop
  endfacet
  facet normal 0.9207995533943176 0.2977485656738281 -0.2519407272338867
    outer loop
      vertex 10.987656593322754 4.432737827301025 25.71841812133789
      vertex 11.04755687713623 6.192115783691406 28.016611099243164
      vertex 11.732781410217285 4.626521110534668 28.67073631286621
    endloop
  endfacet
  facet normal 0.861598789691925 0.47599557042121887 -0.17628324031829834
    outer loop
      vertex 11.04755687713623 6.192115783691406 28.016611099243164
      vertex 10.941513061523438 7.501803398132324 31.034698486328125
      vertex 11.786377906799316 5.95073938369751 30.975900650024414
    endloop
  endfacet
  facet normal 0.916504442691803 0.33729079365730286 -0.21506842970848083
    outer loop
      vertex 11.732781410217285 4.626521110534668 28.67073631286621
      vertex 11.786377906799316 5.95073938369751 30.975900650024414
      vertex 12.342573165893555 4.615227699279785 31.251625061035156
    endloop
  endfacet
  facet normal 0.9252204298973083 0.3193182349205017 -0.2049466222524643
    outer loop
      vertex 11.786377906799316 5.95073938369751 30.975900650024414
      vertex 11.732781410217285 4.626521110534668 28.67073631286621
      vertex 11.04755687713623 6.192115783691406 28.016611099243164
    endloop
  endfacet
  facet normal 0.8624105453491211 0.47473642230033875 -0.1757083237171173
    outer loop
      vertex 10.941513061523438 7.501803398132324 31.034698486328125
      vertex 11.04755687713623 6.192115783691406 28.016611099243164
      vertex 10.16773509979248 7.782472610473633 27.99517059326172
    endloop
  endfacet
  facet normal 0.9222687482833862 0.294956773519516 -0.24984173476696014
    outer loop
      vertex 11.04755687713623 6.192115783691406 28.016611099243164
      vertex 10.987656593322754 4.432737827301025 25.71841812133789
      vertex 10.286033630371094 6.111817836761475 25.1107177734375
    endloop
  endfacet
  facet normal 0.8297939896583557 0.4970037043094635 -0.25382915139198303
    outer loop
      vertex 10.16773509979248 7.782472610473633 27.99517059326172
      vertex 10.286033630371094 6.111817836761475 25.1107177734375
      vertex 9.317758560180664 7.758680820465088 25.169923782348633
    endloop
  endfacet
  facet normal 0.8516272306442261 0.4679565131664276 -0.23610980808734894
    outer loop
      vertex 10.286033630371094 6.111817836761475 25.1107177734375
      vertex 10.16773509979248 7.782472610473633 27.99517059326172
      vertex 11.04755687713623 6.192115783691406 28.016611099243164
    endloop
  endfacet
  facet normal 0.6798952221870422 0.7231537103652954 -0.12161923199892044
    outer loop
      vertex 8.506385803222656 10.387029647827148 32.23491668701172
      vertex 9.004631996154785 9.287714958190918 28.483715057373047
      vertex 7.585009574890137 10.750372886657715 29.244548797607422
    endloop
  endfacet
  facet normal 0.7480289340019226 0.6266749501228333 -0.21847471594810486
    outer loop
      vertex 9.004631996154785 9.287714958190918 28.483715057373047
      vertex 9.317758560180664 7.758680820465088 25.169923782348633
      vertex 8.071985244750977 9.407989501953125 25.63545036315918
    endloop
  endfacet
  facet normal 0.48455384373664856 0.8392338752746582 -0.2467673271894455
    outer loop
      vertex 7.585009574890137 10.750372886657715 29.244548797607422
      vertex 8.071985244750977 9.407989501953125 25.63545036315918
      vertex 6.559483528137207 10.614114761352539 26.767417907714844
    endloop
  endfacet
  facet normal 0.6558429002761841 0.7321715354919434 -0.18383410573005676
    outer loop
      vertex 8.071985244750977 9.407989501953125 25.63545036315918
      vertex 7.585009574890137 10.750372886657715 29.244548797607422
      vertex 9.004631996154785 9.287714958190918 28.483715057373047
    endloop
  endfacet
  facet normal 0.8173893690109253 0.48218488693237305 -0.31523385643959045
    outer loop
      vertex 9.317758560180664 7.758680820465088 25.169923782348633
      vertex 9.424907684326172 5.7660932540893555 22.39987564086914
      vertex 8.379570007324219 7.571706295013428 22.45123863220215
    endloop
  endfacet
  facet normal 0.8722065091133118 0.31250110268592834 -0.3762964904308319
    outer loop
      vertex 9.424907684326172 5.7660932540893555 22.39987564086914
      vertex 9.317472457885742 3.3569655418395996 20.150157928466797
      vertex 8.471121788024902 5.298158645629883 19.800519943237305
    endloop
  endfacet
  facet normal 0.604677140712738 0.6147569417953491 -0.5063984990119934
    outer loop
      vertex 8.379570007324219 7.571706295013428 22.45123863220215
      vertex 8.471121788024902 5.298158645629883 19.800519943237305
      vertex 7.281680583953857 6.932037353515625 20.363733291625977
    endloop
  endfacet
  facet normal 0.7967625260353088 0.4720095098018646 -0.3773282766342163
    outer loop
      vertex 8.471121788024902 5.298158645629883 19.800519943237305
      vertex 8.379570007324219 7.571706295013428 22.45123863220215
      vertex 9.424907684326172 5.7660932540893555 22.39987564086914
    endloop
  endfacet
  facet normal 0.34964337944984436 0.8637562394142151 -0.36287009716033936
    outer loop
      vertex 6.559483528137207 10.614114761352539 26.767417907714844
      vertex 7.001885414123535 9.000251770019531 23.352142333984375
      vertex 5.381155490875244 10.197772979736328 24.641002655029297
    endloop
  endfacet
  facet normal 0.4411390423774719 0.7567448616027832 -0.48242461681365967
    outer loop
      vertex 7.001885414123535 9.000251770019531 23.352142333984375
      vertex 7.281680583953857 6.932037353515625 20.363733291625977
      vertex 5.824801445007324 8.400806427001953 21.335485458374023
    endloop
  endfacet
  facet normal 0.007460621651262045 0.8789653182029724 -0.4768274426460266
    outer loop
      vertex 5.381155490875244 10.197772979736328 24.641002655029297
      vertex 5.824801445007324 8.400806427001953 21.335485458374023
      vertex 4.011996269226074 9.325425148010254 23.01152801513672
    endloop
  endfacet
  facet normal 0.29371145367622375 0.85580974817276 -0.4258206784725189
    outer loop
      vertex 5.824801445007324 8.400806427001953 21.335485458374023
      vertex 5.381155490875244 10.197772979736328 24.641002655029297
      vertex 7.001885414123535 9.000251770019531 23.352142333984375
    endloop
  endfacet
  facet normal 0.4653575122356415 0.7476109862327576 -0.4738357365131378
    outer loop
      vertex 7.281680583953857 6.932037353515625 20.363733291625977
      vertex 7.001885414123535 9.000251770019531 23.352142333984375
      vertex 8.379570007324219 7.571706295013428 22.45123863220215
    endloop
  endfacet
  facet normal 0.4140472114086151 0.8425448536872864 -0.344504177570343
    outer loop
      vertex 7.001885414123535 9.000251770019531 23.352142333984375
      vertex 6.559483528137207 10.614114761352539 26.767417907714844
      vertex 8.071985244750977 9.407989501953125 25.63545036315918
    endloop
  endfacet
  facet normal 0.7216557860374451 0.6275625228881836 -0.2921954393386841
    outer loop
      vertex 8.379570007324219 7.571706295013428 22.45123863220215
      vertex 8.071985244750977 9.407989501953125 25.63545036315918
      vertex 9.317758560180664 7.758680820465088 25.169923782348633
    endloop
  endfacet
  facet normal 0.5316762924194336 0.7549027800559998 -0.38398194313049316
    outer loop
      vertex 8.071985244750977 9.407989501953125 25.63545036315918
      vertex 8.379570007324219 7.571706295013428 22.45123863220215
      vertex 7.001885414123535 9.000251770019531 23.352142333984375
    endloop
  endfacet
  facet normal -0.08222576975822449 0.9963106513023376 0.02457740157842636
    outer loop
      vertex 2.19584584236145 12.852330207824707 36.3484992980957
      vertex 1.1709527969360352 12.708037376403809 38.76892852783203
      vertex 2.7861833572387695 12.84421157836914 38.65263366699219
    endloop
  endfacet
  facet normal -0.2017688900232315 0.9790041446685791 -0.028986234217882156
    outer loop
      vertex 1.1709527969360352 12.708037376403809 38.76892852783203
      vertex -0.023481518030166626 12.547340393066406 41.65570068359375
      vertex 1.7689733505249023 12.91896915435791 41.73037338256836
    endloop
  endfacet
  facet normal -0.013375435955822468 0.9994986653327942 -0.02869824320077896
    outer loop
      vertex 2.7861833572387695 12.84421157836914 38.65263366699219
      vertex 1.7689733505249023 12.91896915435791 41.73037338256836
      vertex 3.558403968811035 12.935040473937988 41.45610046386719
    endloop
  endfacet
  facet normal -0.08768826723098755 0.9947294592857361 -0.0531432069838047
    outer loop
      vertex 1.7689733505249023 12.91896915435791 41.73037338256836
      vertex 2.7861833572387695 12.84421157836914 38.65263366699219
      vertex 1.1709527969360352 12.708037376403809 38.76892852783203
    endloop
  endfacet
  facet normal -0.2794744372367859 0.958368718624115 -0.058510880917310715
    outer loop
      vertex -0.023481518030166626 12.547340393066406 41.65570068359375
      vertex -1.2524099349975586 12.359415054321289 44.44752883911133
      vertex 0.583829402923584 12.902661323547363 44.574825286865234
    endloop
  endfacet
  facet normal -0.32319727540016174 0.9399340748786926 -0.10985175520181656
    outer loop
      vertex -0.5025445818901062 12.842995643615723 46.37903594970703
      vertex -1.2524099349975586 12.359415054321289 44.44752883911133
      vertex -1.4532824754714966 12.545321464538574 46.629207611083984
    endloop
  endfacet
  facet normal -0.1856665015220642 0.9743090867996216 -0.12747514247894287
    outer loop
      vertex 1.288820743560791 13.27613353729248 46.40250778198242
      vertex 0.583829402923584 12.902661323547363 44.574825286865234
      vertex 0.37036803364753723 13.132810592651367 46.64479064941406
    endloop
  endfacet
  facet normal -0.27271369099617004 0.9529001712799072 -0.13269716501235962
    outer loop
      vertex -0.5025445818901062 12.842995643615723 46.37903594970703
      vertex 0.583829402923584 12.902661323547363 44.574825286865234
      vertex -1.2524099349975586 12.359415054321289 44.44752883911133
    endloop
  endfacet
  facet normal 0.06618718057870865 0.9970644116401672 -0.03849645331501961
    outer loop
      vertex 3.558403968811035 12.935040473937988 41.45610046386719
      vertex 2.3998327255249023 13.130568504333496 44.52836990356445
      vertex 4.22073221206665 13.000635147094727 44.293758392333984
    endloop
  endfacet
  facet normal -0.010193445719778538 0.9902061820030212 -0.13924041390419006
    outer loop
      vertex 3.1259231567382812 13.39521312713623 46.35723114013672
      vertex 2.3998327255249023 13.130568504333496 44.52836990356445
      vertex 2.1647555828094482 13.429339408874512 46.670284271240234
    endloop
  endfacet
  facet normal 0.20329506695270538 0.9693120718002319 -0.1382216513156891
    outer loop
      vertex 4.975110054016113 13.107155799865723 46.150291442871094
      vertex 4.22073221206665 13.000635147094727 44.293758392333984
      vertex 4.030859470367432 13.362235069274902 46.55030059814453
    endloop
  endfacet
  facet normal 0.04942081868648529 0.985514760017395 -0.16222946345806122
    outer loop
      vertex 3.1259231567382812 13.39521312713623 46.35723114013672
      vertex 4.22073221206665 13.000635147094727 44.293758392333984
      vertex 2.3998327255249023 13.130568504333496 44.52836990356445
    endloop
  endfacet
  facet normal -0.1268988996744156 0.9802982807159424 -0.15136736631393433
    outer loop
      vertex 1.288820743560791 13.27613353729248 46.40250778198242
      vertex 2.3998327255249023 13.130568504333496 44.52836990356445
      vertex 0.583829402923584 12.902661323547363 44.574825286865234
    endloop
  endfacet
  facet normal -0.01983138918876648 0.997282862663269 -0.07094848155975342
    outer loop
      vertex 2.3998327255249023 13.130568504333496 44.52836990356445
      vertex 3.558403968811035 12.935040473937988 41.45610046386719
      vertex 1.7689733505249023 12.91896915435791 41.73037338256836
    endloop
  endfacet
  facet normal -0.19930823147296906 0.9768721461296082 -0.07744138687849045
    outer loop
      vertex 0.583829402923584 12.902661323547363 44.574825286865234
      vertex 1.7689733505249023 12.91896915435791 41.73037338256836
      vertex -0.023481518030166626 12.547340393066406 41.65570068359375
    endloop
  endfacet
  facet normal -0.1255614310503006 0.9909892678260803 -0.046633753925561905
    outer loop
      vertex 1.7689733505249023 12.91896915435791 41.73037338256836
      vertex 0.583829402923584 12.902661323547363 44.574825286865234
      vertex 2.3998327255249023 13.130568504333496 44.52836990356445
    endloop
  endfacet
  facet normal -0.4236709773540497 0.8919461369514465 -0.15790829062461853
    outer loop
      vertex -2.370727062225342 12.097996711730957 46.28533935546875
      vertex -3.02480149269104 12.065834045410156 47.85856246948242
      vertex -2.0534942150115967 12.533681869506836 47.89516830444336
    endloop
  endfacet
  facet normal 0.2214188575744629 0.9593489766120911 -0.17499542236328125
    outer loop
      vertex 4.975110054016113 13.107155799865723 46.150291442871094
      vertex 4.323707580566406 13.56036376953125 47.810630798339844
      vertex 5.241730690002441 13.335199356079102 47.73780822753906
    endloop
  endfacet
  facet normal 0.00015244896349031478 0.9832247495651245 -0.18239814043045044
    outer loop
      vertex 3.1259231567382812 13.39521312713623 46.35723114013672
      vertex 2.4246582984924316 13.684228897094727 47.91459655761719
      vertex 3.383316993713379 13.678135871887207 47.88255310058594
    endloop
  endfacet
  facet normal -0.30713847279548645 0.9372094869613647 -0.1652406007051468
    outer loop
      vertex -0.5025445818901062 12.842995643615723 46.37903594970703
      vertex -1.096491813659668 12.910075187683105 47.863487243652344
      vertex -0.19957631826400757 13.190980911254883 47.78959655761719
    endloop
  endfacet
  facet normal -0.1814170777797699 0.9672378897666931 -0.17759187519550323
    outer loop
      vertex 1.288820743560791 13.27613353729248 46.40250778198242
      vertex 0.6357577443122864 13.409436225891113 47.795658111572266
      vertex 1.4943803548812866 13.585714340209961 47.878623962402344
    endloop
  endfacet
  facet normal 0.7906744480133057 0.6069090962409973 -0.0805932879447937
    outer loop
      vertex 10.96884536743164 8.826448440551758 47.617340087890625
      vertex 11.418973922729492 7.914307117462158 45.16450881958008
      vertex 10.58253002166748 9.19389533996582 46.594390869140625
    endloop
  endfacet
  facet normal 0.7682734727859497 0.6365106105804443 -0.06789685040712357
    outer loop
      vertex 10.290146827697754 9.359574317932129 44.83917236328125
      vertex 9.837346076965332 10.129149436950684 46.93010711669922
      vertex 10.58253002166748 9.19389533996582 46.594390869140625
    endloop
  endfacet
  facet normal 0.444731742143631 0.8829630017280579 -0.15029960870742798
    outer loop
      vertex 6.780900001525879 12.367783546447754 45.850868225097656
      vertex 6.157254219055176 12.989168167114258 47.65596008300781
      vertex 7.081272125244141 12.506272315979004 47.55323791503906
    endloop
  endfacet
  facet normal 0.6332311034202576 0.7654837965965271 -0.11424971371889114
    outer loop
      vertex 8.557231903076172 11.124098777770996 45.43243408203125
      vertex 8.009203910827637 11.873739242553711 47.417640686035156
      vertex 8.943445205688477 11.074759483337402 47.24245071411133
    endloop
  endfacet
  facet normal 0.8012450337409973 0.5972297787666321 -0.03637322783470154
    outer loop
      vertex 11.418973922729492 7.914307117462158 45.16450881958008
      vertex 12.126371383666992 6.734051704406738 41.36817169189453
      vertex 10.840985298156738 8.489287376403809 41.87321090698242
    endloop
  endfacet
  facet normal 0.839345395565033 0.5424914956092834 -0.0346754714846611
    outer loop
      vertex 12.126371383666992 6.734051704406738 41.36817169189453
      vertex 12.483384132385254 5.936710834503174 37.535675048828125
      vertex 11.422882080078125 7.616394996643066 38.143795013427734
    endloop
  endfacet
  facet normal 0.7787768840789795 0.6267949938774109 -0.025193437933921814
    outer loop
      vertex 10.840985298156738 8.489287376403809 41.87321090698242
      vertex 11.422882080078125 7.616394996643066 38.143795013427734
      vertex 10.159631729125977 9.213556289672852 38.83058166503906
    endloop
  endfacet
  facet normal 0.8049017786979675 0.5932596921920776 -0.013268032111227512
    outer loop
      vertex 11.422882080078125 7.616394996643066 38.143795013427734
      vertex 10.840985298156738 8.489287376403809 41.87321090698242
      vertex 12.126371383666992 6.734051704406738 41.36817169189453
    endloop
  endfacet
  facet normal 0.8617541790008545 0.502234697341919 -0.0716952383518219
    outer loop
      vertex 12.483384132385254 5.936710834503174 37.535675048828125
      vertex 12.562901496887207 5.2780609130859375 33.87751770019531
      vertex 11.70180892944336 6.820669174194336 34.33363342285156
    endloop
  endfacet
  facet normal 0.9220588803291321 0.34980377554893494 -0.16566450893878937
    outer loop
      vertex 12.562901496887207 5.2780609130859375 33.87751770019531
      vertex 12.342573165893555 4.615227699279785 31.251625061035156
      vertex 11.786377906799316 5.95073938369751 30.975900650024414
    endloop
  endfacet
  facet normal 0.8719545006752014 0.4788239300251007 -0.10209356248378754
    outer loop
      vertex 11.70180892944336 6.820669174194336 34.33363342285156
      vertex 11.786377906799316 5.95073938369751 30.975900650024414
      vertex 10.941513061523438 7.501803398132324 31.034698486328125
    endloop
  endfacet
  facet normal 0.853584885597229 0.5091203451156616 -0.11040549725294113
    outer loop
      vertex 11.786377906799316 5.95073938369751 30.975900650024414
      vertex 11.70180892944336 6.820669174194336 34.33363342285156
      vertex 12.562901496887207 5.2780609130859375 33.87751770019531
    endloop
  endfacet
  facet normal 0.7351089119911194 0.6758828163146973 -0.052889011800289154
    outer loop
      vertex 10.159631729125977 9.213556289672852 38.83058166503906
      vertex 10.628244400024414 8.390564918518066 34.82664108276367
      vertex 9.325935363769531 9.859062194824219 35.49205780029297
    endloop
  endfacet
  facet normal 0.8012822866439819 0.5938184857368469 -0.07298274338245392
    outer loop
      vertex 10.628244400024414 8.390564918518066 34.82664108276367
      vertex 10.941513061523438 7.501803398132324 31.034698486328125
      vertex 9.862120628356934 9.013079643249512 31.480361938476562
    endloop
  endfacet
  facet normal 0.6943582892417908 0.7172519564628601 -0.05844857916235924
    outer loop
      vertex 9.325935363769531 9.859062194824219 35.49205780029297
      vertex 9.862120628356934 9.013079643249512 31.480361938476562
      vertex 8.506385803222656 10.387029647827148 32.23491668701172
    endloop
  endfacet
  facet normal 0.7375948429107666 0.6738399863243103 -0.043515101075172424
    outer loop
      vertex 9.862120628356934 9.013079643249512 31.480361938476562
      vertex 9.325935363769531 9.859062194824219 35.49205780029297
      vertex 10.628244400024414 8.390564918518066 34.82664108276367
    endloop
  endfacet
  facet normal 0.8134185075759888 0.5776675343513489 -0.06819462776184082
    outer loop
      vertex 10.941513061523438 7.501803398132324 31.034698486328125
      vertex 10.628244400024414 8.390564918518066 34.82664108276367
      vertex 11.70180892944336 6.820669174194336 34.33363342285156
    endloop
  endfacet
  facet normal 0.7755642533302307 0.6300788521766663 -0.03873937949538231
    outer loop
      vertex 10.628244400024414 8.390564918518066 34.82664108276367
      vertex 10.159631729125977 9.213556289672852 38.83058166503906
      vertex 11.422882080078125 7.616394996643066 38.143795013427734
    endloop
  endfacet
  facet normal 0.8356029987335205 0.546769380569458 -0.05301780253648758
    outer loop
      vertex 11.70180892944336 6.820669174194336 34.33363342285156
      vertex 11.422882080078125 7.616394996643066 38.143795013427734
      vertex 12.483384132385254 5.936710834503174 37.535675048828125
    endloop
  endfacet
  facet normal 0.8149397969245911 0.5763571858406067 -0.06070969998836517
    outer loop
      vertex 11.422882080078125 7.616394996643066 38.143795013427734
      vertex 11.70180892944336 6.820669174194336 34.33363342285156
      vertex 10.628244400024414 8.390564918518066 34.82664108276367
    endloop
  endfacet
  facet normal 0.25473883748054504 0.9539741277694702 -0.15824508666992188
    outer loop
      vertex 4.975110054016113 13.107155799865723 46.150291442871094
      vertex 6.012261390686035 12.45816421508789 43.90745162963867
      vertex 4.22073221206665 13.000635147094727 44.293758392333984
    endloop
  endfacet
  facet normal 0.3899978995323181 0.9191906452178955 -0.054683130234479904
    outer loop
      vertex 6.012261390686035 12.45816421508789 43.90745162963867
      vertex 7.062994480133057 11.79550838470459 40.26239013671875
      vertex 5.337128639221191 12.567131042480469 40.92409896850586
    endloop
  endfacet
  facet normal 0.18330495059490204 0.9808743000030518 -0.0654582604765892
    outer loop
      vertex 4.22073221206665 13.000635147094727 44.293758392333984
      vertex 5.337128639221191 12.567131042480469 40.92409896850586
      vertex 3.558403968811035 12.935040473937988 41.45610046386719
    endloop
  endfacet
  facet normal 0.2838987410068512 0.9584083557128906 -0.029240457341074944
    outer loop
      vertex 5.337128639221191 12.567131042480469 40.92409896850586
      vertex 4.22073221206665 13.000635147094727 44.293758392333984
      vertex 6.012261390686035 12.45816421508789 43.90745162963867
    endloop
  endfacet
  facet normal 0.47665321826934814 0.8774487972259521 -0.053715042769908905
    outer loop
      vertex 7.062994480133057 11.79550838470459 40.26239013671875
      vertex 7.812960624694824 11.143800735473633 36.271583557128906
      vertex 6.1692047119140625 12.08958911895752 37.13501739501953
    endloop
  endfacet
  facet normal 0.60239177942276 0.7968789339065552 -0.0459144301712513
    outer loop
      vertex 7.812960624694824 11.143800735473633 36.271583557128906
      vertex 8.506385803222656 10.387029647827148 32.23491668701172
      vertex 6.947831153869629 11.616570472717285 33.12645721435547
    endloop
  endfacet
  facet normal 0.3808283507823944 0.9239808320999146 -0.03505925461649895
    outer loop
      vertex 6.1692047119140625 12.08958911895752 37.13501739501953
      vertex 6.947831153869629 11.616570472717285 33.12645721435547
      vertex 5.285250663757324 12.344489097595215 34.25098419189453
    endloop
  endfacet
  facet normal 0.4963289201259613 0.8681135773658752 -0.006031859200447798
    outer loop
      vertex 6.947831153869629 11.616570472717285 33.12645721435547
      vertex 6.1692047119140625 12.08958911895752 37.13501739501953
      vertex 7.812960624694824 11.143800735473633 36.271583557128906
    endloop
  endfacet
  facet normal 0.09691667556762695 0.9935489892959595 -0.05888567119836807
    outer loop
      vertex 3.558403968811035 12.935040473937988 41.45610046386719
      vertex 4.464319229125977 12.641144752502441 37.988338470458984
      vertex 2.7861833572387695 12.84421157836914 38.65263366699219
    endloop
  endfacet
  facet normal 0.1889181286096573 0.9813181757926941 -0.036396004259586334
    outer loop
      vertex 4.464319229125977 12.641144752502441 37.988338470458984
      vertex 5.285250663757324 12.344489097595215 34.25098419189453
      vertex 3.612379550933838 12.708916664123535 35.39352035522461
    endloop
  endfacet
  facet normal 0.08799766004085541 0.995938777923584 -0.01903650350868702
    outer loop
      vertex 2.7861833572387695 12.84421157836914 38.65263366699219
      vertex 3.612379550933838 12.708916664123535 35.39352035522461
      vertex 2.19584584236145 12.852330207824707 36.3484992980957
    endloop
  endfacet
  facet normal 0.1154533326625824 0.9932408928871155 -0.011964401230216026
    outer loop
      vertex 3.612379550933838 12.708916664123535 35.39352035522461
      vertex 2.7861833572387695 12.84421157836914 38.65263366699219
      vertex 4.464319229125977 12.641144752502441 37.988338470458984
    endloop
  endfacet
  facet normal 0.3037605583667755 0.9527068138122559 -0.008899151347577572
    outer loop
      vertex 5.285250663757324 12.344489097595215 34.25098419189453
      vertex 4.464319229125977 12.641144752502441 37.988338470458984
      vertex 6.1692047119140625 12.08958911895752 37.13501739501953
    endloop
  endfacet
  facet normal 0.1930621862411499 0.9806422591209412 -0.032674841582775116
    outer loop
      vertex 4.464319229125977 12.641144752502441 37.988338470458984
      vertex 3.558403968811035 12.935040473937988 41.45610046386719
      vertex 5.337128639221191 12.567131042480469 40.92409896850586
    endloop
  endfacet
  facet normal 0.3990727961063385 0.9164955615997314 -0.027871156111359596
    outer loop
      vertex 6.1692047119140625 12.08958911895752 37.13501739501953
      vertex 5.337128639221191 12.567131042480469 40.92409896850586
      vertex 7.062994480133057 11.79550838470459 40.26239013671875
    endloop
  endfacet
  facet normal 0.28032785654067993 0.9580778479576111 -0.05918802693486214
    outer loop
      vertex 5.337128639221191 12.567131042480469 40.92409896850586
      vertex 6.1692047119140625 12.08958911895752 37.13501739501953
      vertex 4.464319229125977 12.641144752502441 37.988338470458984
    endloop
  endfacet
  facet normal 0.6362775564193726 0.7706578969955444 -0.03517770767211914
    outer loop
      vertex 8.506385803222656 10.387029647827148 32.23491668701172
      vertex 7.812960624694824 11.143800735473633 36.271583557128906
      vertex 9.325935363769531 9.859062194824219 35.49205780029297
    endloop
  endfacet
  facet normal 0.5656520128250122 0.8241587281227112 -0.028287677094340324
    outer loop
      vertex 7.812960624694824 11.143800735473633 36.271583557128906
      vertex 7.062994480133057 11.79550838470459 40.26239013671875
      vertex 8.697946548461914 10.649160385131836 39.556827545166016
    endloop
  endfacet
  facet normal 0.6918510794639587 0.7212714552879333 -0.033310748636722565
    outer loop
      vertex 9.325935363769531 9.859062194824219 35.49205780029297
      vertex 8.697946548461914 10.649160385131836 39.556827545166016
      vertex 10.159631729125977 9.213556289672852 38.83058166503906
    endloop
  endfacet
  facet normal 0.6302955746650696 0.7745321393013 -0.05317346751689911
    outer loop
      vertex 8.697946548461914 10.649160385131836 39.556827545166016
      vertex 9.325935363769531 9.859062194824219 35.49205780029297
      vertex 7.812960624694824 11.143800735473633 36.271583557128906
    endloop
  endfacet
  facet normal 0.48581060767173767 0.8738613724708557 -0.018823284655809402
    outer loop
      vertex 7.062994480133057 11.79550838470459 40.26239013671875
      vertex 6.012261390686035 12.45816421508789 43.90745162963867
      vertex 7.750000476837158 11.48144817352295 43.41326141357422
    endloop
  endfacet
  facet normal 0.4197736084461212 0.8990893959999084 -0.12421109527349472
    outer loop
      vertex 6.780900001525879 12.367783546447754 45.850868225097656
      vertex 6.012261390686035 12.45816421508789 43.90745162963867
      vertex 5.861435413360596 12.860641479492188 46.3110237121582
    endloop
  endfacet
  facet normal 0.6024205088615417 0.7918004393577576 -0.1007063016295433
    outer loop
      vertex 8.557231903076172 11.124098777770996 45.43243408203125
      vertex 7.750000476837158 11.48144817352295 43.41326141357422
      vertex 7.662363529205322 11.874923706054688 45.98271179199219
    endloop
  endfacet
  facet normal 0.45488041639328003 0.8796378374099731 -0.1390007734298706
    outer loop
      vertex 6.780900001525879 12.367783546447754 45.850868225097656
      vertex 7.750000476837158 11.48144817352295 43.41326141357422
      vertex 6.012261390686035 12.45816421508789 43.90745162963867
    endloop
  endfacet
  facet normal 0.7428003549575806 0.6694766283035278 -0.00697703892365098
    outer loop
      vertex 10.159631729125977 9.213556289672852 38.83058166503906
      vertex 9.402405738830566 10.094985961914062 42.79054641723633
      vertex 10.840985298156738 8.489287376403809 41.87321090698242
    endloop
  endfacet
  facet normal 0.7296948432922363 0.6799598932266235 -0.0721115991473198
    outer loop
      vertex 10.290146827697754 9.359574317932129 44.83917236328125
      vertex 9.402405738830566 10.094985961914062 42.79054641723633
      vertex 9.431560516357422 10.34995174407959 45.48970413208008
    endloop
  endfacet
  facet normal 0.791199803352356 0.6107065677642822 -0.032254837453365326
    outer loop
      vertex 10.840985298156738 8.489287376403809 41.87321090698242
      vertex 10.290146827697754 9.359574317932129 44.83917236328125
      vertex 11.418973922729492 7.914307117462158 45.16450881958008
    endloop
  endfacet
  facet normal 0.7237687110900879 0.6867727637290955 -0.06709789484739304
    outer loop
      vertex 10.290146827697754 9.359574317932129 44.83917236328125
      vertex 10.840985298156738 8.489287376403809 41.87321090698242
      vertex 9.402405738830566 10.094985961914062 42.79054641723633
    endloop
  endfacet
  facet normal 0.6149331331253052 0.7812061309814453 -0.10758360475301743
    outer loop
      vertex 8.557231903076172 11.124098777770996 45.43243408203125
      vertex 9.402405738830566 10.094985961914062 42.79054641723633
      vertex 7.750000476837158 11.48144817352295 43.41326141357422
    endloop
  endfacet
  facet normal 0.6934137940406799 0.7200081944465637 -0.027668317779898643
    outer loop
      vertex 9.402405738830566 10.094985961914062 42.79054641723633
      vertex 10.159631729125977 9.213556289672852 38.83058166503906
      vertex 8.697946548461914 10.649160385131836 39.556827545166016
    endloop
  endfacet
  facet normal 0.5619497299194336 0.8261951804161072 -0.04017549008131027
    outer loop
      vertex 7.750000476837158 11.48144817352295 43.41326141357422
      vertex 8.697946548461914 10.649160385131836 39.556827545166016
      vertex 7.062994480133057 11.79550838470459 40.26239013671875
    endloop
  endfacet
  facet normal 0.6409552693367004 0.7675355672836304 -0.008095410652458668
    outer loop
      vertex 8.697946548461914 10.649160385131836 39.556827545166016
      vertex 7.750000476837158 11.48144817352295 43.41326141357422
      vertex 9.402405738830566 10.094985961914062 42.79054641723633
    endloop
  endfacet
  facet normal 0.6637590527534485 0.743926465511322 -0.07744176685810089
    outer loop
      vertex 9.402405738830566 10.094985961914062 42.79054641723633
      vertex 8.557231903076172 11.124098777770996 45.43243408203125
      vertex 9.431560516357422 10.34995174407959 45.48970413208008
    endloop
  endfacet
  facet normal 0.4978226125240326 0.8596652150154114 -0.11466637253761292
    outer loop
      vertex 7.750000476837158 11.48144817352295 43.41326141357422
      vertex 6.780900001525879 12.367783546447754 45.850868225097656
      vertex 7.662363529205322 11.874923706054688 45.98271179199219
    endloop
  endfacet
  facet normal 0.2888633608818054 0.9470119476318359 -0.14045041799545288
    outer loop
      vertex 6.012261390686035 12.45816421508789 43.90745162963867
      vertex 4.975110054016113 13.107155799865723 46.150291442871094
      vertex 5.861435413360596 12.860641479492188 46.3110237121582
    endloop
  endfacet
  facet normal 0.29423096776008606 0.9378290772438049 -0.18413281440734863
    outer loop
      vertex 5.241730690002441 13.335199356079102 47.73780822753906
      vertex 5.861435413360596 12.860641479492188 46.3110237121582
      vertex 4.975110054016113 13.107155799865723 46.150291442871094
    endloop
  endfacet
  facet normal 0.3360951542854309 0.9276899695396423 -0.16257734596729279
    outer loop
      vertex 5.241730690002441 13.335199356079102 47.73780822753906
      vertex 6.157254219055176 12.989168167114258 47.65596008300781
      vertex 5.861435413360596 12.860641479492188 46.3110237121582
    endloop
  endfacet
  facet normal 0.3964826762676239 0.9015254378318787 -0.1733592003583908
    outer loop
      vertex 6.157254219055176 12.989168167114258 47.65596008300781
      vertex 6.780900001525879 12.367783546447754 45.850868225097656
      vertex 5.861435413360596 12.860641479492188 46.3110237121582
    endloop
  endfacet
  facet normal 0.49978092312812805 0.8517170548439026 -0.15747077763080597
    outer loop
      vertex 7.081272125244141 12.506272315979004 47.55323791503906
      vertex 7.662363529205322 11.874923706054688 45.98271179199219
      vertex 6.780900001525879 12.367783546447754 45.850868225097656
    endloop
  endfacet
  facet normal 0.5452336668968201 0.8279682397842407 -0.1311063915491104
    outer loop
      vertex 7.081272125244141 12.506272315979004 47.55323791503906
      vertex 8.009203910827637 11.873739242553711 47.417640686035156
      vertex 7.662363529205322 11.874923706054688 45.98271179199219
    endloop
  endfacet
  facet normal 0.5842293500900269 0.7993248701095581 -0.14055578410625458
    outer loop
      vertex 8.009203910827637 11.873739242553711 47.417640686035156
      vertex 8.557231903076172 11.124098777770996 45.43243408203125
      vertex 7.662363529205322 11.874923706054688 45.98271179199219
    endloop
  endfacet
  facet normal 0.797489583492279 0.5970707535743713 -0.0867009311914444
    outer loop
      vertex 10.58253002166748 9.19389533996582 46.594390869140625
      vertex 10.268097877502441 9.847949981689453 48.20637512207031
      vertex 10.96884536743164 8.826448440551758 47.617340087890625
    endloop
  endfacet
  facet normal 0.7567672729492188 0.6437413096427917 -0.11358052492141724
    outer loop
      vertex 10.58253002166748 9.19389533996582 46.594390869140625
      vertex 9.837346076965332 10.129149436950684 46.93010711669922
      vertex 10.268097877502441 9.847949981689453 48.20637512207031
    endloop
  endfacet
  facet normal 0.6624625325202942 0.7392247915267944 -0.12120277434587479
    outer loop
      vertex 8.943445205688477 11.074759483337402 47.24245071411133
      vertex 9.431560516357422 10.34995174407959 45.48970413208008
      vertex 8.557231903076172 11.124098777770996 45.43243408203125
    endloop
  endfacet
  facet normal 0.7082147598266602 0.6999481320381165 -0.09221946448087692
    outer loop
      vertex 8.943445205688477 11.074759483337402 47.24245071411133
      vertex 9.837346076965332 10.129149436950684 46.93010711669922
      vertex 9.431560516357422 10.34995174407959 45.48970413208008
    endloop
  endfacet
  facet normal 0.7194948792457581 0.6876506209373474 -0.09728232771158218
    outer loop
      vertex 9.837346076965332 10.129149436950684 46.93010711669922
      vertex 10.290146827697754 9.359574317932129 44.83917236328125
      vertex 9.431560516357422 10.34995174407959 45.48970413208008
    endloop
  endfacet
  facet normal 0.7940167784690857 0.6032106280326843 -0.07532841712236404
    outer loop
      vertex 11.418973922729492 7.914307117462158 45.16450881958008
      vertex 10.290146827697754 9.359574317932129 44.83917236328125
      vertex 10.58253002166748 9.19389533996582 46.594390869140625
    endloop
  endfacet
  facet normal 0.7868562340736389 0.6062694191932678 -0.11530334502458572
    outer loop
      vertex 10.662911415100098 9.519808769226074 49.17529296875
      vertex 10.96884536743164 8.826448440551758 47.617340087890625
      vertex 10.268097877502441 9.847949981689453 48.20637512207031
    endloop
  endfacet
  facet normal -0.3791303038597107 0.9093324542045593 -0.17139092087745667
    outer loop
      vertex -2.0534942150115967 12.533681869506836 47.89516830444336
      vertex -1.4532824754714966 12.545321464538574 46.629207611083984
      vertex -2.370727062225342 12.097996711730957 46.28533935546875
    endloop
  endfacet
  facet normal -0.36572280526161194 0.9159862995147705 -0.16497306525707245
    outer loop
      vertex -2.0534942150115967 12.533681869506836 47.89516830444336
      vertex -1.096491813659668 12.910075187683105 47.863487243652344
      vertex -1.4532824754714966 12.545321464538574 46.629207611083984
    endloop
  endfacet
  facet normal -0.33606046438217163 0.925198495388031 -0.17626990377902985
    outer loop
      vertex -1.096491813659668 12.910075187683105 47.863487243652344
      vertex -0.5025445818901062 12.842995643615723 46.37903594970703
      vertex -1.4532824754714966 12.545321464538574 46.629207611083984
    endloop
  endfacet
  facet normal -0.260810524225235 0.9488273859024048 -0.17805732786655426
    outer loop
      vertex -0.19957631826400757 13.190980911254883 47.78959655761719
      vertex 0.37036803364753723 13.132810592651367 46.64479064941406
      vertex -0.5025445818901062 12.842995643615723 46.37903594970703
    endloop
  endfacet
  facet normal -0.24807339906692505 0.9533594250679016 -0.17194639146327972
    outer loop
      vertex -0.19957631826400757 13.190980911254883 47.78959655761719
      vertex 0.6357577443122864 13.409436225891113 47.795658111572266
      vertex 0.37036803364753723 13.132810592651367 46.64479064941406
    endloop
  endfacet
  facet normal -0.1990692913532257 0.9622893333435059 -0.18539316952228546
    outer loop
      vertex 0.6357577443122864 13.409436225891113 47.795658111572266
      vertex 1.288820743560791 13.27613353729248 46.40250778198242
      vertex 0.37036803364753723 13.132810592651367 46.64479064941406
    endloop
  endfacet
  facet normal -0.11288177222013474 0.9754931926727295 -0.18886727094650269
    outer loop
      vertex 1.4943803548812866 13.585714340209961 47.878623962402344
      vertex 2.1647555828094482 13.429339408874512 46.670284271240234
      vertex 1.288820743560791 13.27613353729248 46.40250778198242
    endloop
  endfacet
  facet normal -0.09668519347906113 0.9788453578948975 -0.18031537532806396
    outer loop
      vertex 1.4943803548812866 13.585714340209961 47.878623962402344
      vertex 2.4246582984924316 13.684228897094727 47.91459655761719
      vertex 2.1647555828094482 13.429339408874512 46.670284271240234
    endloop
  endfacet
  facet normal -0.02865222655236721 0.9804150462150574 -0.19484713673591614
    outer loop
      vertex 2.4246582984924316 13.684228897094727 47.91459655761719
      vertex 3.1259231567382812 13.39521312713623 46.35723114013672
      vertex 2.1647555828094482 13.429339408874512 46.670284271240234
    endloop
  endfacet
  facet normal 0.07711099088191986 0.9778878092765808 -0.19439475238323212
    outer loop
      vertex 3.383316993713379 13.678135871887207 47.88255310058594
      vertex 4.030859470367432 13.362235069274902 46.55030059814453
      vertex 3.1259231567382812 13.39521312713623 46.35723114013672
    endloop
  endfacet
  facet normal 0.1087702065706253 0.9778198003768921 -0.1789906620979309
    outer loop
      vertex 3.383316993713379 13.678135871887207 47.88255310058594
      vertex 4.323707580566406 13.56036376953125 47.810630798339844
      vertex 4.030859470367432 13.362235069274902 46.55030059814453
    endloop
  endfacet
  facet normal 0.17876923084259033 0.9647361636161804 -0.19319868087768555
    outer loop
      vertex 4.323707580566406 13.56036376953125 47.810630798339844
      vertex 4.975110054016113 13.107155799865723 46.150291442871094
      vertex 4.030859470367432 13.362235069274902 46.55030059814453
    endloop
  endfacet
  facet normal 0.06841204315423965 0.9859728217124939 -0.15224093198776245
    outer loop
      vertex 4.22073221206665 13.000635147094727 44.293758392333984
      vertex 3.1259231567382812 13.39521312713623 46.35723114013672
      vertex 4.030859470367432 13.362235069274902 46.55030059814453
    endloop
  endfacet
  facet normal -0.12548808753490448 0.980604887008667 -0.1505548655986786
    outer loop
      vertex 2.3998327255249023 13.130568504333496 44.52836990356445
      vertex 1.288820743560791 13.27613353729248 46.40250778198242
      vertex 2.1647555828094482 13.429339408874512 46.670284271240234
    endloop
  endfacet
  facet normal -0.2751990556716919 0.9519712924957275 -0.13422439992427826
    outer loop
      vertex 0.583829402923584 12.902661323547363 44.574825286865234
      vertex -0.5025445818901062 12.842995643615723 46.37903594970703
      vertex 0.37036803364753723 13.132810592651367 46.64479064941406
    endloop
  endfacet
  facet normal -0.4004315137863159 0.9091648459434509 -0.11434097588062286
    outer loop
      vertex -1.2524099349975586 12.359415054321289 44.44752883911133
      vertex -2.370727062225342 12.097996711730957 46.28533935546875
      vertex -1.4532824754714966 12.545321464538574 46.629207611083984
    endloop
  endfacet
  facet normal -0.5067523121833801 0.8563273549079895 -0.09952685236930847
    outer loop
      vertex -3.1018245220184326 11.509601593017578 44.11985778808594
      vertex -4.234363555908203 11.054781913757324 45.97304916381836
      vertex -3.343532085418701 11.637423515319824 46.4503173828125
    endloop
  endfacet
  facet normal -0.603413999080658 0.7935197949409485 -0.07885385304689407
    outer loop
      vertex -4.9027791023254395 10.412595748901367 43.576011657714844
      vertex -6.01397180557251 9.752758026123047 45.43914031982422
      vertex -5.17509126663208 10.451005935668945 46.046356201171875
    endloop
  endfacet
  facet normal -0.6857476234436035 0.7262087464332581 -0.0486939400434494
    outer loop
      vertex -6.583907604217529 9.127949714660645 42.79753875732422
      vertex -7.690756797790527 8.206171035766602 44.63792037963867
      vertex -6.905320167541504 8.99881362915039 45.39802932739258
    endloop
  endfacet
  facet normal -0.725504994392395 0.6797075271606445 -0.107889823615551
    outer loop
      vertex -7.520883560180664 8.572672843933105 46.75601577758789
      vertex -8.189258575439453 7.789443016052246 46.31614303588867
      vertex -8.165135383605957 8.079180717468262 47.979278564453125
    endloop
  endfacet
  facet normal -0.7822633981704712 0.6155242323875427 -0.09588509052991867
    outer loop
      vertex -8.189258575439453 7.789443016052246 46.31614303588867
      vertex -8.710153579711914 7.27494478225708 47.26301574707031
      vertex -8.165135383605957 8.079180717468262 47.979278564453125
    endloop
  endfacet
  facet normal -0.7455565929412842 0.6646381616592407 -0.049005065113306046
    outer loop
      vertex -8.710153579711914 7.27494478225708 47.26301574707031
      vertex -8.189258575439453 7.789443016052246 46.31614303588867
      vertex -8.844221115112305 6.938820838928223 44.74397277832031
    endloop
  endfacet
  facet normal -0.6722437739372253 0.7366669774055481 -0.07355362176895142
    outer loop
      vertex -7.520883560180664 8.572672843933105 46.75601577758789
      vertex -6.905320167541504 8.99881362915039 45.39802932739258
      vertex -7.690756797790527 8.206171035766602 44.63792037963867
    endloop
  endfacet
  facet normal -0.6938764452934265 0.7144041061401367 -0.09034571051597595
    outer loop
      vertex -7.520883560180664 8.572672843933105 46.75601577758789
      vertex -6.700675010681152 9.419770240783691 47.154998779296875
      vertex -6.905320167541504 8.99881362915039 45.39802932739258
    endloop
  endfacet
  facet normal -0.639119565486908 0.761486291885376 -0.1080041229724884
    outer loop
      vertex -6.700675010681152 9.419770240783691 47.154998779296875
      vertex -6.01397180557251 9.752758026123047 45.43914031982422
      vertex -6.905320167541504 8.99881362915039 45.39802932739258
    endloop
  endfacet
  facet normal -0.7688403129577637 0.6280490756034851 -0.12016205489635468
    outer loop
      vertex -8.717435836791992 7.568069934844971 48.84168243408203
      vertex -8.165135383605957 8.079180717468262 47.979278564453125
      vertex -8.710153579711914 7.27494478225708 47.26301574707031
    endloop
  endfacet
  facet normal -0.5788519382476807 0.8055431246757507 -0.12661269307136536
    outer loop
      vertex -5.8096513748168945 10.207884788513184 47.400657653808594
      vertex -5.17509126663208 10.451005935668945 46.046356201171875
      vertex -6.01397180557251 9.752758026123047 45.43914031982422
    endloop
  endfacet
  facet normal -0.5854109525680542 0.8001393675804138 -0.13065601885318756
    outer loop
      vertex -5.8096513748168945 10.207884788513184 47.400657653808594
      vertex -4.905475616455078 10.901806831359863 47.59904098510742
      vertex -5.17509126663208 10.451005935668945 46.046356201171875
    endloop
  endfacet
  facet normal -0.542383074760437 0.8273433446884155 -0.1460258811712265
    outer loop
      vertex -4.905475616455078 10.901806831359863 47.59904098510742
      vertex -4.234363555908203 11.054781913757324 45.97304916381836
      vertex -5.17509126663208 10.451005935668945 46.046356201171875
    endloop
  endfacet
  facet normal -0.4804728031158447 0.8629119992256165 -0.15661659836769104
    outer loop
      vertex -3.9781384468078613 11.520576477050781 47.753387451171875
      vertex -3.343532085418701 11.637423515319824 46.4503173828125
      vertex -4.234363555908203 11.054781913757324 45.97304916381836
    endloop
  endfacet
  facet normal -0.4775348901748657 0.8648301959037781 -0.1550137847661972
    outer loop
      vertex -3.9781384468078613 11.520576477050781 47.753387451171875
      vertex -3.02480149269104 12.065834045410156 47.85856246948242
      vertex -3.343532085418701 11.637423515319824 46.4503173828125
    endloop
  endfacet
  facet normal -0.44489526748657227 0.879878580570221 -0.1669790893793106
    outer loop
      vertex -3.02480149269104 12.065834045410156 47.85856246948242
      vertex -2.370727062225342 12.097996711730957 46.28533935546875
      vertex -3.343532085418701 11.637423515319824 46.4503173828125
    endloop
  endfacet
  facet normal -0.9880889058113098 0.14468775689601898 -0.0524006150662899
    outer loop
      vertex -10.591075897216797 2.7396352291107178 47.07070541381836
      vertex -10.427068710327148 3.363187074661255 45.69985580444336
      vertex -10.519966125488281 2.5442349910736084 45.19029235839844
    endloop
  endfacet
  facet normal -0.9823489189147949 0.1839703917503357 -0.033845577389001846
    outer loop
      vertex -10.591075897216797 2.7396352291107178 47.07070541381836
      vertex -10.433577537536621 3.6099817752838135 47.23024368286133
      vertex -10.427068710327148 3.363187074661255 45.69985580444336
    endloop
  endfacet
  facet normal -0.9678586721420288 0.24760767817497253 -0.04404628276824951
    outer loop
      vertex -10.433577537536621 3.6099817752838135 47.23024368286133
      vertex -10.199796676635742 4.239821434020996 45.63388442993164
      vertex -10.427068710327148 3.363187074661255 45.69985580444336
    endloop
  endfacet
  facet normal -0.9929708242416382 0.11804015934467316 -0.008683517575263977
    outer loop
      vertex -10.356989860534668 3.7681198120117188 43.19074249267578
      vertex -10.519966125488281 2.5442349910736084 45.19029235839844
      vertex -10.427068710327148 3.363187074661255 45.69985580444336
    endloop
  endfacet
  facet normal -0.9969781637191772 -0.0665966346859932 -0.03999381139874458
    outer loop
      vertex -10.50766372680664 2.0614378452301025 42.70457458496094
      vertex -10.50533390045166 0.7491950392723083 44.831607818603516
      vertex -10.582097053527832 1.5998696088790894 45.32866287231445
    endloop
  endfacet
  facet normal -0.9956691265106201 -0.04113064333796501 -0.08337490260601044
    outer loop
      vertex -10.673612594604492 0.8895947337150574 46.771942138671875
      vertex -10.582097053527832 1.5998696088790894 45.32866287231445
      vertex -10.50533390045166 0.7491950392723083 44.831607818603516
    endloop
  endfacet
  facet normal -0.9982714653015137 0.011513452045619488 -0.05763239040970802
    outer loop
      vertex -10.673612594604492 0.8895947337150574 46.771942138671875
      vertex -10.671764373779297 1.8247984647750854 46.9267578125
      vertex -10.582097053527832 1.5998696088790894 45.32866287231445
    endloop
  endfacet
  facet normal -0.9963778257369995 0.056202419102191925 -0.06381603330373764
    outer loop
      vertex -10.671764373779297 1.8247984647750854 46.9267578125
      vertex -10.519966125488281 2.5442349910736084 45.19029235839844
      vertex -10.582097053527832 1.5998696088790894 45.32866287231445
    endloop
  endfacet
  facet normal -0.9462493062019348 0.32340943813323975 -0.004314987920224667
    outer loop
      vertex -9.807341575622559 5.364205837249756 43.84387969970703
      vertex -10.199796676635742 4.239821434020996 45.63388442993164
      vertex -9.940947532653809 5.00502347946167 46.222007751464844
    endloop
  endfacet
  facet normal -0.936524510383606 0.3482123017311096 -0.04086592048406601
    outer loop
      vertex -10.204215049743652 4.439711093902588 47.43836975097656
      vertex -9.940947532653809 5.00502347946167 46.222007751464844
      vertex -10.199796676635742 4.239821434020996 45.63388442993164
    endloop
  endfacet
  facet normal -0.933189868927002 0.35759788751602173 -0.035782165825366974
    outer loop
      vertex -10.204215049743652 4.439711093902588 47.43836975097656
      vertex -9.903597831726074 5.25277853012085 47.72393798828125
      vertex -9.940947532653809 5.00502347946167 46.222007751464844
    endloop
  endfacet
  facet normal -0.8987237215042114 0.4357099235057831 -0.0495244525372982
    outer loop
      vertex -9.903597831726074 5.25277853012085 47.72393798828125
      vertex -9.540987014770508 5.838950157165527 46.30067825317383
      vertex -9.940947532653809 5.00502347946167 46.222007751464844
    endloop
  endfacet
  facet normal -0.8571765422821045 0.5108265280723572 -0.06561078876256943
    outer loop
      vertex -9.541805267333984 6.064252853393555 48.06550979614258
      vertex -9.162471771240234 6.564321994781494 47.003074645996094
      vertex -9.540987014770508 5.838950157165527 46.30067825317383
    endloop
  endfacet
  facet normal -0.869442880153656 0.48734065890312195 -0.08104472607374191
    outer loop
      vertex -9.541805267333984 6.064252853393555 48.06550979614258
      vertex -9.13987922668457 6.8432512283325195 48.43796920776367
      vertex -9.162471771240234 6.564321994781494 47.003074645996094
    endloop
  endfacet
  facet normal -0.8234982490539551 0.5591831803321838 -0.09573359787464142
    outer loop
      vertex -9.13987922668457 6.8432512283325195 48.43796920776367
      vertex -8.710153579711914 7.27494478225708 47.26301574707031
      vertex -9.162471771240234 6.564321994781494 47.003074645996094
    endloop
  endfacet
  facet normal -0.8691060543060303 0.492946982383728 -0.040717724710702896
    outer loop
      vertex -8.844221115112305 6.938820838928223 44.74397277832031
      vertex -9.540987014770508 5.838950157165527 46.30067825317383
      vertex -9.162471771240234 6.564321994781494 47.003074645996094
    endloop
  endfacet
  facet normal -0.9723024368286133 -0.1969117820262909 -0.12591159343719482
    outer loop
      vertex -10.454967498779297 -0.9486641883850098 46.48271179199219
      vertex -10.410898208618164 -0.22156548500061035 45.00530242919922
      vertex -10.178885459899902 -1.0742841958999634 44.54723358154297
    endloop
  endfacet
  facet normal -0.9847329258918762 -0.1427445113658905 -0.09962427616119385
    outer loop
      vertex -10.454967498779297 -0.9486641883850098 46.48271179199219
      vertex -10.599990844726562 -0.03865078091621399 46.61229705810547
      vertex -10.410898208618164 -0.22156548500061035 45.00530242919922
    endloop
  endfacet
  facet normal -0.9880366325378418 -0.1145847737789154 -0.10321826487779617
    outer loop
      vertex -10.599990844726562 -0.03865078091621399 46.61229705810547
      vertex -10.50533390045166 0.7491950392723083 44.831607818603516
      vertex -10.410898208618164 -0.22156548500061035 45.00530242919922
    endloop
  endfacet
  facet normal -0.9720666408538818 -0.2186349481344223 -0.08535343408584595
    outer loop
      vertex -10.286425590515137 0.2751382887363434 42.315399169921875
      vertex -10.178885459899902 -1.0742841958999634 44.54723358154297
      vertex -10.410898208618164 -0.22156548500061035 45.00530242919922
    endloop
  endfacet
  facet normal -0.8869321942329407 -0.4240340292453766 -0.18315687775611877
    outer loop
      vertex -9.178879737854004 -4.723778247833252 46.30106735229492
      vertex -9.210105895996094 -3.949131727218628 44.65886306762695
      vertex -8.710917472839355 -4.818998336791992 44.25542068481445
    endloop
  endfacet
  facet normal -0.90496826171875 -0.39119693636894226 -0.16732430458068848
    outer loop
      vertex -9.178879737854004 -4.723778247833252 46.30106735229492
      vertex -9.600936889648438 -3.7639877796173096 46.33980178833008
      vertex -9.210105895996094 -3.949131727218628 44.65886306762695
    endloop
  endfacet
  facet normal -0.9118077754974365 -0.37337324023246765 -0.17087768018245697
    outer loop
      vertex -9.600936889648438 -3.7639877796173096 46.33980178833008
      vertex -9.570955276489258 -2.936347723007202 44.37139892578125
      vertex -9.210105895996094 -3.949131727218628 44.65886306762695
    endloop
  endfacet
  facet normal -0.88615483045578 -0.4368603229522705 -0.1545400321483612
    outer loop
      vertex -8.981996536254883 -3.3978583812713623 41.79248809814453
      vertex -8.710917472839355 -4.818998336791992 44.25542068481445
      vertex -9.210105895996094 -3.949131727218628 44.65886306762695
    endloop
  endfacet
  facet normal -0.8354656100273132 -0.5190573930740356 -0.18049055337905884
    outer loop
      vertex -7.983073711395264 -5.2319746017456055 41.68297576904297
      vertex -7.635598182678223 -6.671324253082275 44.213863372802734
      vertex -8.23999309539795 -5.8258585929870605 44.58012008666992
    endloop
  endfacet
  facet normal -0.8360112905502319 -0.5106654167175293 -0.20076335966587067
    outer loop
      vertex -8.163738250732422 -6.610213756561279 46.25768280029297
      vertex -8.23999309539795 -5.8258585929870605 44.58012008666992
      vertex -7.635598182678223 -6.671324253082275 44.213863372802734
    endloop
  endfacet
  facet normal -0.8539072275161743 -0.4852551519870758 -0.1880691796541214
    outer loop
      vertex -8.163738250732422 -6.610213756561279 46.25768280029297
      vertex -8.698264122009277 -5.674098968505859 46.26927947998047
      vertex -8.23999309539795 -5.8258585929870605 44.58012008666992
    endloop
  endfacet
  facet normal -0.8636137843132019 -0.46598321199417114 -0.19243401288986206
    outer loop
      vertex -8.698264122009277 -5.674098968505859 46.26927947998047
      vertex -8.710917472839355 -4.818998336791992 44.25542068481445
      vertex -8.23999309539795 -5.8258585929870605 44.58012008666992
    endloop
  endfacet
  facet normal -0.932070255279541 -0.3404266834259033 -0.12391459196805954
    outer loop
      vertex -9.76308536529541 -1.5506428480148315 42.009674072265625
      vertex -9.570955276489258 -2.936347723007202 44.37139892578125
      vertex -9.945717811584473 -2.063164234161377 44.791446685791016
    endloop
  endfacet
  facet normal -0.9326699376106262 -0.32420459389686584 -0.1581716537475586
    outer loop
      vertex -9.95643138885498 -2.8045806884765625 46.37430191040039
      vertex -9.945717811584473 -2.063164234161377 44.791446685791016
      vertex -9.570955276489258 -2.936347723007202 44.37139892578125
    endloop
  endfacet
  facet normal -0.9492947459220886 -0.2821860909461975 -0.13860253989696503
    outer loop
      vertex -9.95643138885498 -2.8045806884765625 46.37430191040039
      vertex -10.241515159606934 -1.864160418510437 46.41221618652344
      vertex -9.945717811584473 -2.063164234161377 44.791446685791016
    endloop
  endfacet
  facet normal -0.9549747705459595 -0.26032131910324097 -0.1423237919807434
    outer loop
      vertex -10.241515159606934 -1.864160418510437 46.41221618652344
      vertex -10.178885459899902 -1.0742841958999634 44.54723358154297
      vertex -9.945717811584473 -2.063164234161377 44.791446685791016
    endloop
  endfacet
  facet normal -0.6435121893882751 -0.7355543375015259 -0.2117825448513031
    outer loop
      vertex -4.165799617767334 -11.605554580688477 47.08181381225586
      vertex -4.552631378173828 -10.947551727294922 45.97187423706055
      vertex -3.5936927795410156 -11.461785316467285 44.8441047668457
    endloop
  endfacet
  facet normal -0.6839137673377991 -0.6993120908737183 -0.2079053819179535
    outer loop
      vertex -5.300359725952148 -10.251340866088867 46.089778900146484
      vertex -4.552631378173828 -10.947551727294922 45.97187423706055
      vertex -4.945229530334473 -11.020956039428711 47.51024627685547
    endloop
  endfacet
  facet normal -0.6563223600387573 -0.7268867492675781 -0.2021796703338623
    outer loop
      vertex -4.552631378173828 -10.947551727294922 45.97187423706055
      vertex -4.165799617767334 -11.605554580688477 47.08181381225586
      vertex -4.945229530334473 -11.020956039428711 47.51024627685547
    endloop
  endfacet
  facet normal -0.5516126155853271 -0.8058327436447144 -0.21530669927597046
    outer loop
      vertex -3.5936927795410156 -11.461785316467285 44.8441047668457
      vertex -2.78711199760437 -12.499411582946777 46.66120147705078
      vertex -3.512462615966797 -12.107089042663574 47.051185607910156
    endloop
  endfacet
  facet normal -0.7071617841720581 -0.6770288348197937 -0.2038484811782837
    outer loop
      vertex -5.491788864135742 -8.694990158081055 41.6509895324707
      vertex -4.779509544372559 -10.177324295043945 44.103233337402344
      vertex -5.604895114898682 -9.434701919555664 44.500118255615234
    endloop
  endfacet
  facet normal -0.7078862190246582 -0.6741623878479004 -0.21071848273277283
    outer loop
      vertex -5.300359725952148 -10.251340866088867 46.089778900146484
      vertex -5.604895114898682 -9.434701919555664 44.500118255615234
      vertex -4.779509544372559 -10.177324295043945 44.103233337402344
    endloop
  endfacet
  facet normal -0.7234574556350708 -0.6605404615402222 -0.2007376104593277
    outer loop
      vertex -5.300359725952148 -10.251340866088867 46.089778900146484
      vertex -6.115790367126465 -9.41231918334961 46.267730712890625
      vertex -5.604895114898682 -9.434701919555664 44.500118255615234
    endloop
  endfacet
  facet normal -0.7471998929977417 -0.631221354007721 -0.20797115564346313
    outer loop
      vertex -6.115790367126465 -9.41231918334961 46.267730712890625
      vertex -6.330036163330078 -8.478005409240723 44.20170211791992
      vertex -5.604895114898682 -9.434701919555664 44.500118255615234
    endloop
  endfacet
  facet normal -0.5426713824272156 -0.8192863464355469 -0.18514223396778107
    outer loop
      vertex -3.1900806427001953 -12.566740989685059 48.140289306640625
      vertex -3.512462615966797 -12.107089042663574 47.051185607910156
      vertex -2.78711199760437 -12.499411582946777 46.66120147705078
    endloop
  endfacet
  facet normal -0.5519146919250488 -0.8141859769821167 -0.18025358021259308
    outer loop
      vertex -3.1900806427001953 -12.566740989685059 48.140289306640625
      vertex -3.877408981323242 -12.129388809204102 48.26933288574219
      vertex -3.512462615966797 -12.107089042663574 47.051185607910156
    endloop
  endfacet
  facet normal -0.6029865145683289 -0.77359938621521 -0.19481129944324493
    outer loop
      vertex -3.877408981323242 -12.129388809204102 48.26933288574219
      vertex -4.165799617767334 -11.605554580688477 47.08181381225586
      vertex -3.512462615966797 -12.107089042663574 47.051185607910156
    endloop
  endfacet
  facet normal -0.6554975509643555 -0.7287372350692749 -0.19815422594547272
    outer loop
      vertex -4.539425849914551 -11.66128921508789 48.52274703979492
      vertex -4.945229530334473 -11.020956039428711 47.51024627685547
      vertex -4.165799617767334 -11.605554580688477 47.08181381225586
    endloop
  endfacet
  facet normal -0.7771762609481812 -0.5940709710121155 -0.20754943788051605
    outer loop
      vertex -6.892199516296387 -8.485418319702148 46.32796096801758
      vertex -7.051758766174316 -7.666017055511475 44.580055236816406
      vertex -6.330036163330078 -8.478005409240723 44.20170211791992
    endloop
  endfacet
  facet normal -0.7916828393936157 -0.5777586102485657 -0.1985781043767929
    outer loop
      vertex -6.892199516296387 -8.485418319702148 46.32796096801758
      vertex -7.568927764892578 -7.541546821594238 46.27973937988281
      vertex -7.051758766174316 -7.666017055511475 44.580055236816406
    endloop
  endfacet
  facet normal -0.8089859485626221 -0.5506136417388916 -0.20583084225654602
    outer loop
      vertex -7.568927764892578 -7.541546821594238 46.27973937988281
      vertex -7.635598182678223 -6.671324253082275 44.213863372802734
      vertex -7.051758766174316 -7.666017055511475 44.580055236816406
    endloop
  endfacet
  facet normal -0.7766213417053223 -0.5980814099311829 -0.19788381457328796
    outer loop
      vertex -6.809475898742676 -7.018365383148193 41.671730041503906
      vertex -6.330036163330078 -8.478005409240723 44.20170211791992
      vertex -7.051758766174316 -7.666017055511475 44.580055236816406
    endloop
  endfacet
  facet normal -0.25873085856437683 -0.9586827158927917 -0.11826120316982269
    outer loop
      vertex -0.12338388711214066 -13.913871765136719 48.069244384765625
      vertex -0.4679992198944092 -13.671324729919434 46.85698699951172
      vertex 0.34558239579200745 -13.860989570617676 46.61455535888672
    endloop
  endfacet
  facet normal -0.2844603359699249 -0.9523921608924866 -0.10968835651874542
    outer loop
      vertex -0.12338388711214066 -13.913871765136719 48.069244384765625
      vertex -0.926056981086731 -13.670073509216309 48.034027099609375
      vertex -0.4679992198944092 -13.671324729919434 46.85698699951172
    endloop
  endfacet
  facet normal -0.3681940734386444 -0.9187933206558228 -0.1423099786043167
    outer loop
      vertex -0.926056981086731 -13.670073509216309 48.034027099609375
      vertex -1.2544811964035034 -13.314004898071289 46.584869384765625
      vertex -0.4679992198944092 -13.671324729919434 46.85698699951172
    endloop
  endfacet
  facet normal -0.42046689987182617 -0.8930422067642212 -0.1602603793144226
    outer loop
      vertex -1.6956243515014648 -13.364099502563477 48.02142333984375
      vertex -2.027655601501465 -12.999357223510742 46.860050201416016
      vertex -1.2544811964035034 -13.314004898071289 46.584869384765625
    endloop
  endfacet
  facet normal -0.4446772634983063 -0.8830094933509827 -0.15018786489963531
    outer loop
      vertex -1.6956243515014648 -13.364099502563477 48.02142333984375
      vertex -2.450298309326172 -12.99029541015625 48.058135986328125
      vertex -2.027655601501465 -12.999357223510742 46.860050201416016
    endloop
  endfacet
  facet normal -0.5094591379165649 -0.8428541421890259 -0.17334432899951935
    outer loop
      vertex -2.450298309326172 -12.99029541015625 48.058135986328125
      vertex -2.78711199760437 -12.499411582946777 46.66120147705078
      vertex -2.027655601501465 -12.999357223510742 46.860050201416016
    endloop
  endfacet
  facet normal -0.4272204637527466 -0.8840659856796265 -0.18949951231479645
    outer loop
      vertex -2.037285327911377 -12.536599159240723 44.722869873046875
      vertex -1.2544811964035034 -13.314004898071289 46.584869384765625
      vertex -2.027655601501465 -12.999357223510742 46.860050201416016
    endloop
  endfacet
  facet normal -0.2699354887008667 -0.9488914012908936 -0.16352318227291107
    outer loop
      vertex -0.4860834777355194 -13.298274040222168 44.722103118896484
      vertex 0.34558239579200745 -13.860989570617676 46.61455535888672
      vertex -0.4679992198944092 -13.671324729919434 46.85698699951172
    endloop
  endfacet
  facet normal -0.10542063415050507 -0.9855314493179321 -0.1327190101146698
    outer loop
      vertex 1.122221827507019 -13.774255752563477 44.74327087402344
      vertex 2.019778251647949 -14.125458717346191 46.63825607299805
      vertex 1.180249810218811 -14.070331573486328 46.895748138427734
    endloop
  endfacet
  facet normal 0.07768751680850983 -0.9904977083206177 -0.11348579823970795
    outer loop
      vertex 2.7625417709350586 -13.941417694091797 44.7512092590332
      vertex 3.6874966621398926 -14.084775924682617 46.635616302490234
      vertex 2.8721232414245605 -14.178997039794922 46.899803161621094
    endloop
  endfacet
  facet normal 0.09386106580495834 -0.9934850335121155 -0.06463397294282913
    outer loop
      vertex 3.299206256866455 -14.216544151306152 48.097145080566406
      vertex 2.8721232414245605 -14.178997039794922 46.899803161621094
      vertex 3.6874966621398926 -14.084775924682617 46.635616302490234
    endloop
  endfacet
  facet normal 0.03176192566752434 -0.9985853433609009 -0.042643606662750244
    outer loop
      vertex 3.299206256866455 -14.216544151306152 48.097145080566406
      vertex 2.446559429168701 -14.244529724121094 48.11741256713867
      vertex 2.8721232414245605 -14.178997039794922 46.899803161621094
    endloop
  endfacet
  facet normal -0.041679516434669495 -0.996799647808075 -0.06821583956480026
    outer loop
      vertex 2.446559429168701 -14.244529724121094 48.11741256713867
      vertex 2.019778251647949 -14.125458717346191 46.63825607299805
      vertex 2.8721232414245605 -14.178997039794922 46.899803161621094
    endloop
  endfacet
  facet normal -0.08943632990121841 -0.9928516149520874 -0.07903648912906647
    outer loop
      vertex 1.5761890411376953 -14.203442573547363 48.119842529296875
      vertex 1.180249810218811 -14.070331573486328 46.895748138427734
      vertex 2.019778251647949 -14.125458717346191 46.63825607299805
    endloop
  endfacet
  facet normal -0.12620481848716736 -0.9897521138191223 -0.06680651009082794
    outer loop
      vertex 1.5761890411376953 -14.203442573547363 48.119842529296875
      vertex 0.7148400545120239 -14.092375755310059 48.10154724121094
      vertex 1.180249810218811 -14.070331573486328 46.895748138427734
    endloop
  endfacet
  facet normal -0.21055547893047333 -0.9725511074066162 -0.0990493968129158
    outer loop
      vertex 0.7148400545120239 -14.092375755310059 48.10154724121094
      vertex 0.34558239579200745 -13.860989570617676 46.61455535888672
      vertex 1.180249810218811 -14.070331573486328 46.895748138427734
    endloop
  endfacet
  facet normal 0.6120587587356567 -0.7853301167488098 -0.09295611828565598
    outer loop
      vertex 7.458710193634033 -12.325906753540039 44.94929504394531
      vertex 8.382162094116211 -11.837984085083008 46.907493591308594
      vertex 7.641424179077148 -12.443540573120117 47.14617156982422
    endloop
  endfacet
  facet normal 0.7142502069473267 -0.6923245191574097 -0.10263235867023468
    outer loop
      vertex 8.904359817504883 -11.124781608581543 45.05514907836914
      vertex 9.78817367553711 -10.492192268371582 46.93864059448242
      vertex 9.135648727416992 -11.201411247253418 47.181678771972656
    endloop
  endfacet
  facet normal 0.7295048832893372 -0.6830929517745972 -0.03473691642284393
    outer loop
      vertex 9.55607795715332 -10.813003540039062 48.37310791015625
      vertex 9.135648727416992 -11.201411247253418 47.181678771972656
      vertex 9.78817367553711 -10.492192268371582 46.93864059448242
    endloop
  endfacet
  facet normal 0.6870507597923279 -0.7265880703926086 -0.0055763376876711845
    outer loop
      vertex 9.55607795715332 -10.813003540039062 48.37310791015625
      vertex 8.840961456298828 -11.489435195922852 48.40284729003906
      vertex 9.135648727416992 -11.201411247253418 47.181678771972656
    endloop
  endfacet
  facet normal 0.649925172328949 -0.7596697807312012 -0.022337984293699265
    outer loop
      vertex 8.840961456298828 -11.489435195922852 48.40284729003906
      vertex 8.382162094116211 -11.837984085083008 46.907493591308594
      vertex 9.135648727416992 -11.201411247253418 47.181678771972656
    endloop
  endfacet
  facet normal 0.6299444437026978 -0.7764947414398193 -0.015031407587230206
    outer loop
      vertex 8.061543464660645 -12.12772274017334 48.438194274902344
      vertex 7.641424179077148 -12.443540573120117 47.14617156982422
      vertex 8.382162094116211 -11.837984085083008 46.907493591308594
    endloop
  endfacet
  facet normal 0.58799809217453 -0.8088361620903015 0.006513469852507114
    outer loop
      vertex 8.061543464660645 -12.12772274017334 48.438194274902344
      vertex 7.251410007476807 -12.717024803161621 48.39337921142578
      vertex 7.641424179077148 -12.443540573120117 47.14617156982422
    endloop
  endfacet
  facet normal 0.5361965894699097 -0.8439142107963562 -0.017377184703946114
    outer loop
      vertex 7.251410007476807 -12.717024803161621 48.39337921142578
      vertex 6.845606803894043 -12.942360877990723 46.81510543823242
      vertex 7.641424179077148 -12.443540573120117 47.14617156982422
    endloop
  endfacet
  facet normal 0.5036910772323608 -0.8633363246917725 -0.030751844868063927
    outer loop
      vertex 6.453784942626953 -13.222996711730957 48.276023864746094
      vertex 6.079629898071289 -13.396109580993652 47.0076789855957
      vertex 6.845606803894043 -12.942360877990723 46.81510543823242
    endloop
  endfacet
  facet normal 0.4548628330230713 -0.8904717564582825 -0.012644123286008835
    outer loop
      vertex 6.453784942626953 -13.222996711730957 48.276023864746094
      vertex 5.6742658615112305 -13.619812965393066 48.17948913574219
      vertex 6.079629898071289 -13.396109580993652 47.0076789855957
    endloop
  endfacet
  facet normal 0.3750113546848297 -0.9258272051811218 -0.04701664298772812
    outer loop
      vertex 5.6742658615112305 -13.619812965393066 48.17948913574219
      vertex 5.28432559967041 -13.701887130737305 46.68543243408203
      vertex 6.079629898071289 -13.396109580993652 47.0076789855957
    endloop
  endfacet
  facet normal 0.31073036789894104 -0.9487404227256775 -0.05777809023857117
    outer loop
      vertex 4.899860382080078 -13.914705276489258 48.112342834472656
      vertex 4.5077619552612305 -13.969837188720703 46.90892791748047
      vertex 5.28432559967041 -13.701887130737305 46.68543243408203
    endloop
  endfacet
  facet normal 0.24325203895568848 -0.9693368673324585 -0.034848615527153015
    outer loop
      vertex 4.899860382080078 -13.914705276489258 48.112342834472656
      vertex 4.115359306335449 -14.110600471496582 48.08528137207031
      vertex 4.5077619552612305 -13.969837188720703 46.90892791748047
    endloop
  endfacet
  facet normal 0.1595710813999176 -0.98506760597229 -0.06464488804340363
    outer loop
      vertex 4.115359306335449 -14.110600471496582 48.08528137207031
      vertex 3.6874966621398926 -14.084775924682617 46.635616302490234
      vertex 4.5077619552612305 -13.969837188720703 46.90892791748047
    endloop
  endfacet
  facet normal 0.2956509590148926 -0.9488995671272278 -0.11036422848701477
    outer loop
      vertex 4.376769542694092 -13.761625289916992 44.7678337097168
      vertex 5.28432559967041 -13.701887130737305 46.68543243408203
      vertex 4.5077619552612305 -13.969837188720703 46.90892791748047
    endloop
  endfacet
  facet normal 0.48828381299972534 -0.8668894171714783 -0.10040747374296188
    outer loop
      vertex 5.942433834075928 -13.222331047058105 44.84013748168945
      vertex 6.845606803894043 -12.942360877990723 46.81510543823242
      vertex 6.079629898071289 -13.396109580993652 47.0076789855957
    endloop
  endfacet
  facet normal 0.8901565670967102 -0.4552256464958191 -0.019772415980696678
    outer loop
      vertex 11.797513961791992 -7.686410903930664 48.453834533691406
      vertex 11.553497314453125 -8.113865852355957 47.30958557128906
      vertex 12.021438598632812 -7.1912760734558105 47.13532638549805
    endloop
  endfacet
  facet normal 0.8769031167030334 -0.4806091785430908 -0.007463587448000908
    outer loop
      vertex 11.797513961791992 -7.686410903930664 48.453834533691406
      vertex 11.32369327545166 -8.54990005493164 48.387638092041016
      vertex 11.553497314453125 -8.113865852355957 47.30958557128906
    endloop
  endfacet
  facet normal 0.839959979057312 -0.5411840081214905 -0.0398389995098114
    outer loop
      vertex 11.32369327545166 -8.54990005493164 48.387638092041016
      vertex 11.001641273498535 -8.948150634765625 47.007484436035156
      vertex 11.553497314453125 -8.113865852355957 47.30958557128906
    endloop
  endfacet
  facet normal 0.8179780840873718 -0.5733778476715088 -0.04636372998356819
    outer loop
      vertex 10.798538208007812 -9.346923828125 48.35581970214844
      vertex 10.4468994140625 -9.756261825561523 47.21424865722656
      vertex 11.001641273498535 -8.948150634765625 47.007484436035156
    endloop
  endfacet
  facet normal 0.7868049144744873 -0.6168384552001953 -0.021177588030695915
    outer loop
      vertex 10.798538208007812 -9.346923828125 48.35581970214844
      vertex 10.209234237670898 -10.098562240600586 48.35450744628906
      vertex 10.4468994140625 -9.756261825561523 47.21424865722656
    endloop
  endfacet
  facet normal 0.7520257830619812 -0.657873272895813 -0.04074511677026749
    outer loop
      vertex 10.209234237670898 -10.098562240600586 48.35450744628906
      vertex 9.78817367553711 -10.492192268371582 46.93864059448242
      vertex 10.4468994140625 -9.756261825561523 47.21424865722656
    endloop
  endfacet
  facet normal 0.8064567446708679 -0.5813011527061462 -0.10824260860681534
    outer loop
      vertex 10.231856346130371 -9.674436569213867 45.17264938354492
      vertex 11.001641273498535 -8.948150634765625 47.007484436035156
      vertex 10.4468994140625 -9.756261825561523 47.21424865722656
    endloop
  endfacet
  facet normal 0.8811541795730591 -0.4640524387359619 -0.09067877382040024
    outer loop
      vertex 11.407979965209961 -8.000659942626953 45.31621170043945
      vertex 12.021438598632812 -7.1912760734558105 47.13532638549805
      vertex 11.553497314453125 -8.113865852355957 47.30958557128906
    endloop
  endfacet
  facet normal 0.9345088005065918 -0.3515773415565491 -0.05555832386016846
    outer loop
      vertex 12.400980949401855 -6.1226115226745605 45.46800994873047
      vertex 12.841180801391602 -5.23956298828125 47.2843132019043
      vertex 12.469465255737305 -6.25336217880249 47.44733810424805
    endloop
  endfacet
  facet normal 0.9721826910972595 -0.23356296122074127 -0.017586087808012962
    outer loop
      vertex 13.162779808044434 -4.0789899826049805 45.621726989746094
      vertex 13.425701141357422 -3.1222009658813477 47.44914245605469
      vertex 13.166106224060059 -4.21530294418335 47.616004943847656
    endloop
  endfacet
  facet normal 0.9731292128562927 -0.22150099277496338 0.06290341168642044
    outer loop
      vertex 13.206926345825195 -3.6992440223693848 48.801700592041016
      vertex 13.166106224060059 -4.21530294418335 47.616004943847656
      vertex 13.425701141357422 -3.1222009658813477 47.44914245605469
    endloop
  endfacet
  facet normal 0.9646228551864624 -0.2522646188735962 0.07658574730157852
    outer loop
      vertex 13.206926345825195 -3.6992440223693848 48.801700592041016
      vertex 12.931641578674316 -4.784923076629639 48.692901611328125
      vertex 13.166106224060059 -4.21530294418335 47.616004943847656
    endloop
  endfacet
  facet normal 0.9485602378845215 -0.31400439143180847 0.040431562811136246
    outer loop
      vertex 12.931641578674316 -4.784923076629639 48.692901611328125
      vertex 12.841180801391602 -5.23956298828125 47.2843132019043
      vertex 13.166106224060059 -4.21530294418335 47.616004943847656
    endloop
  endfacet
  facet normal 0.9396796822547913 -0.34155040979385376 0.018586307764053345
    outer loop
      vertex 12.616031646728516 -5.788559913635254 48.578704833984375
      vertex 12.469465255737305 -6.25336217880249 47.44733810424805
      vertex 12.841180801391602 -5.23956298828125 47.2843132019043
    endloop
  endfacet
  facet normal 0.9273065328598022 -0.3728411793708801 0.03304450213909149
    outer loop
      vertex 12.616031646728516 -5.788559913635254 48.578704833984375
      vertex 12.229992866516113 -6.753381729125977 48.52577590942383
      vertex 12.469465255737305 -6.25336217880249 47.44733810424805
    endloop
  endfacet
  facet normal 0.9022783041000366 -0.431153804063797 0.00045009588939137757
    outer loop
      vertex 12.229992866516113 -6.753381729125977 48.52577590942383
      vertex 12.021438598632812 -7.1912760734558105 47.13532638549805
      vertex 12.469465255737305 -6.25336217880249 47.44733810424805
    endloop
  endfacet
  facet normal 0.9582844376564026 0.28340527415275574 0.03704595938324928
    outer loop
      vertex 13.034934997558594 4.109416961669922 47.99351501464844
      vertex 13.279358863830566 3.4986932277679443 46.34299087524414
      vertex 12.918264389038086 4.721395015716553 46.32979202270508
    endloop
  endfacet
  facet normal 0.9684774875640869 0.2433125376701355 0.05339048057794571
    outer loop
      vertex 13.034934997558594 4.109416961669922 47.99351501464844
      vertex 13.38539981842041 2.797844886779785 47.61338424682617
      vertex 13.279358863830566 3.4986932277679443 46.34299087524414
    endloop
  endfacet
  facet normal 0.9773607850074768 0.20888561010360718 0.03365638852119446
    outer loop
      vertex 13.38539981842041 2.797844886779785 47.61338424682617
      vertex 13.566581726074219 2.2486329078674316 45.76061248779297
      vertex 13.279358863830566 3.4986932277679443 46.34299087524414
    endloop
  endfacet
  facet normal 0.9874904155731201 0.14648661017417908 0.05834784731268883
    outer loop
      vertex 13.608635902404785 1.6649212837219238 47.29862976074219
      vertex 13.474671363830566 2.0317366123199463 48.644954681396484
      vertex 13.663102149963379 0.9588932394981384 48.14936828613281
    endloop
  endfacet
  facet normal 0.9824500679969788 0.18005602061748505 0.04870009794831276
    outer loop
      vertex 13.608635902404785 1.6649212837219238 47.29862976074219
      vertex 13.38539981842041 2.797844886779785 47.61338424682617
      vertex 13.474671363830566 2.0317366123199463 48.644954681396484
    endloop
  endfacet
  facet normal 0.9579761028289795 0.2833934426307678 0.04438406601548195
    outer loop
      vertex 13.34421443939209 3.6654603481292725 43.87834930419922
      vertex 12.918264389038086 4.721395015716553 46.32979202270508
      vertex 13.279358863830566 3.4986932277679443 46.34299087524414
    endloop
  endfacet
  facet normal 0.9102624654769897 0.41366010904312134 0.017538325861096382
    outer loop
      vertex 12.565423965454102 5.827790260314941 44.48213577270508
      vertex 12.009326934814453 6.950458526611328 46.86498260498047
      vertex 12.492910385131836 5.8852105140686035 46.8913688659668
    endloop
  endfacet
  facet normal 0.9105961322784424 0.41296935081481934 -0.0164631437510252
    outer loop
      vertex 12.195745468139648 6.600333213806152 48.39330291748047
      vertex 12.492910385131836 5.8852105140686035 46.8913688659668
      vertex 12.009326934814453 6.950458526611328 46.86498260498047
    endloop
  endfacet
  facet normal 0.9388527274131775 0.343605637550354 0.022154036909341812
    outer loop
      vertex 12.195745468139648 6.600333213806152 48.39330291748047
      vertex 12.630010604858398 5.424376964569092 48.228736877441406
      vertex 12.492910385131836 5.8852105140686035 46.8913688659668
    endloop
  endfacet
  facet normal 0.941976010799408 0.33514660596847534 0.01891901157796383
    outer loop
      vertex 12.630010604858398 5.424376964569092 48.228736877441406
      vertex 12.918264389038086 4.721395015716553 46.32979202270508
      vertex 12.492910385131836 5.8852105140686035 46.8913688659668
    endloop
  endfacet
  facet normal 0.9953328371047974 0.096058189868927 0.009240712970495224
    outer loop
      vertex 13.745989799499512 0.35371801257133484 46.13410568237305
      vertex 13.566581726074219 2.2486329078674316 45.76061248779297
      vertex 13.608635902404785 1.6649212837219238 47.29862976074219
    endloop
  endfacet
  facet normal 0.987379789352417 0.13571332395076752 0.08162780106067657
    outer loop
      vertex 13.509712219238281 1.3273934125900269 49.392127990722656
      vertex 13.663102149963379 0.9588932394981384 48.14936828613281
      vertex 13.474671363830566 2.0317366123199463 48.644954681396484
    endloop
  endfacet
  facet normal 0.9953559041023254 0.06257709860801697 0.07314985990524292
    outer loop
      vertex 13.624408721923828 0.4204478859901428 49.13649368286133
      vertex 13.72889232635498 0.03063030168414116 48.04825210571289
      vertex 13.663102149963379 0.9588932394981384 48.14936828613281
    endloop
  endfacet
  facet normal 0.9956430196762085 0.0073594022542238235 0.09295688569545746
    outer loop
      vertex 13.624408721923828 0.4204478859901428 49.13649368286133
      vertex 13.64632511138916 -0.5253598690032959 48.97663116455078
      vertex 13.72889232635498 0.03063030168414116 48.04825210571289
    endloop
  endfacet
  facet normal 0.9970995783805847 -0.040893327444791794 0.06418871134519577
    outer loop
      vertex 13.64632511138916 -0.5253598690032959 48.97663116455078
      vertex 13.71420669555664 -0.9655908942222595 47.64170455932617
      vertex 13.72889232635498 0.03063030168414116 48.04825210571289
    endloop
  endfacet
  facet normal 0.9946191310882568 -0.08239827305078506 0.06279643625020981
    outer loop
      vertex 13.588881492614746 -1.5381797552108765 48.87538146972656
      vertex 13.616402626037598 -2.0542221069335938 47.76235580444336
      vertex 13.71420669555664 -0.9655908942222595 47.64170455932617
    endloop
  endfacet
  facet normal 0.985748291015625 -0.1419953852891922 0.09020864963531494
    outer loop
      vertex 13.588881492614746 -1.5381797552108765 48.87538146972656
      vertex 13.441032409667969 -2.594783067703247 48.827816009521484
      vertex 13.616402626037598 -2.0542221069335938 47.76235580444336
    endloop
  endfacet
  facet normal 0.9791046380996704 -0.1933290809392929 0.06307098269462585
    outer loop
      vertex 13.441032409667969 -2.594783067703247 48.827816009521484
      vertex 13.425701141357422 -3.1222009658813477 47.44914245605469
      vertex 13.616402626037598 -2.0542221069335938 47.76235580444336
    endloop
  endfacet
  facet normal 0.9960228204727173 -0.08898509293794632 0.004501671995967627
    outer loop
      vertex 13.637160301208496 -1.9210234880447388 45.80254364013672
      vertex 13.71420669555664 -0.9655908942222595 47.64170455932617
      vertex 13.616402626037598 -2.0542221069335938 47.76235580444336
    endloop
  endfacet
  facet normal 0.997443675994873 0.06846402585506439 0.020465336740016937
    outer loop
      vertex 13.745989799499512 0.35371801257133484 46.13410568237305
      vertex 13.663102149963379 0.9588932394981384 48.14936828613281
      vertex 13.72889232635498 0.03063030168414116 48.04825210571289
    endloop
  endfacet
  facet normal 0.8410083055496216 0.5353235006332397 -0.07831898331642151
    outer loop
      vertex 11.216155052185059 8.620111465454102 48.86266326904297
      vertex 11.498014450073242 7.971917152404785 47.45882034301758
      vertex 10.96884536743164 8.826448440551758 47.617340087890625
    endloop
  endfacet
  facet normal 0.8787500858306885 0.475337415933609 -0.04304402321577072
    outer loop
      vertex 11.216155052185059 8.620111465454102 48.86266326904297
      vertex 11.722808837890625 7.659628868103027 48.59941482543945
      vertex 11.498014450073242 7.971917152404785 47.45882034301758
    endloop
  endfacet
  facet normal 0.8824018836021423 0.4682719111442566 -0.04569823294878006
    outer loop
      vertex 11.722808837890625 7.659628868103027 48.59941482543945
      vertex 12.009326934814453 6.950458526611328 46.86498260498047
      vertex 11.498014450073242 7.971917152404785 47.45882034301758
    endloop
  endfacet
  facet normal 0.8458727598190308 0.5316895842552185 -0.04249155521392822
    outer loop
      vertex 11.418973922729492 7.914307117462158 45.16450881958008
      vertex 10.96884536743164 8.826448440551758 47.617340087890625
      vertex 11.498014450073242 7.971917152404785 47.45882034301758
    endloop
  endfacet
  facet normal -0.8977928161621094 -0.10089152306318283 0.42870622873306274
    outer loop
      vertex -10.051161766052246 -0.8434876203536987 53.22062301635742
      vertex -9.528980255126953 -2.0625271797180176 54.02728271484375
      vertex -9.335399627685547 -0.8255090713500977 54.72379684448242
    endloop
  endfacet
  facet normal -0.8211365938186646 -0.361934632062912 0.44129133224487305
    outer loop
      vertex -9.107034683227539 -3.678110122680664 53.947357177734375
      vertex -8.960150718688965 -5.291082382202148 52.89775848388672
      vertex -7.936588287353516 -5.541614055633545 54.59688186645508
    endloop
  endfacet
  facet normal -0.8214632272720337 -0.36251944303512573 0.44020214676856995
    outer loop
      vertex -9.107034683227539 -3.678110122680664 53.947357177734375
      vertex -7.936588287353516 -5.541614055633545 54.59688186645508
      vertex -8.26256275177002 -3.80090594291687 55.42210388183594
    endloop
  endfacet
  facet normal -0.8493445515632629 -0.24854962527751923 0.46565747261047363
    outer loop
      vertex -8.816258430480957 -2.3203012943267822 55.20246887207031
      vertex -9.107034683227539 -3.678110122680664 53.947357177734375
      vertex -8.26256275177002 -3.80090594291687 55.42210388183594
    endloop
  endfacet
  facet normal -0.877919614315033 -0.24950547516345978 0.408661425113678
    outer loop
      vertex -9.528980255126953 -2.0625271797180176 54.02728271484375
      vertex -9.929825782775879 -2.559278964996338 52.86286544799805
      vertex -9.107034683227539 -3.678110122680664 53.947357177734375
    endloop
  endfacet
  facet normal -0.8411574363708496 -0.11708661913871765 0.5279631018638611
    outer loop
      vertex -8.358528137207031 -0.7388749122619629 56.28244400024414
      vertex -8.816258430480957 -2.3203012943267822 55.20246887207031
      vertex -7.855356693267822 -2.721975088119507 56.644309997558594
    endloop
  endfacet
  facet normal -0.5718134641647339 -0.6800931692123413 0.4588056802749634
    outer loop
      vertex -5.827223300933838 -9.21870231628418 53.825801849365234
      vertex -4.553572654724121 -10.859956741333008 52.98031234741211
      vertex -4.493776321411133 -9.674615859985352 54.81188201904297
    endloop
  endfacet
  facet normal -0.41631877422332764 -0.7903910875320435 0.4494004547595978
    outer loop
      vertex -4.553572654724121 -10.859956741333008 52.98031234741211
      vertex -2.5499610900878906 -11.860221862792969 53.07719802856445
      vertex -3.3294150829315186 -10.766313552856445 54.279052734375
    endloop
  endfacet
  facet normal -0.25959089398384094 -0.8341080546379089 0.4866994023323059
    outer loop
      vertex -1.8575353622436523 -11.190000534057617 54.59514617919922
      vertex -2.5499610900878906 -11.860221862792969 53.07719802856445
      vertex -0.646561861038208 -12.301895141601562 53.335472106933594
    endloop
  endfacet
  facet normal -0.33670133352279663 -0.8038284778594971 0.49039995670318604
    outer loop
      vertex -3.3294150829315186 -10.766313552856445 54.279052734375
      vertex -1.8575353622436523 -11.190000534057617 54.59514617919922
      vertex -2.964912176132202 -9.990547180175781 55.80089569091797
    endloop
  endfacet
  facet normal -0.19078178703784943 -0.859491229057312 0.4742121994495392
    outer loop
      vertex -1.4260612726211548 -10.569036483764648 55.89420700073242
      vertex -1.8575353622436523 -11.190000534057617 54.59514617919922
      vertex -0.011406397446990013 -11.349206924438477 55.049312591552734
    endloop
  endfacet
  facet normal -0.3396282196044922 -0.8330011963844299 0.4367627799510956
    outer loop
      vertex -1.842186450958252 -9.733421325683594 57.16432571411133
      vertex -2.964912176132202 -9.990547180175781 55.80089569091797
      vertex -1.4260612726211548 -10.569036483764648 55.89420700073242
    endloop
  endfacet
  facet normal -0.11434450000524521 -0.8497052788734436 0.5147099494934082
    outer loop
      vertex -0.011406397446990013 -11.349206924438477 55.049312591552734
      vertex -0.646561861038208 -12.301895141601562 53.335472106933594
      vertex 0.9252259731292725 -12.287824630737305 53.70787811279297
    endloop
  endfacet
  facet normal -0.20445695519447327 -0.865648627281189 0.45700082182884216
    outer loop
      vertex -1.4260612726211548 -10.569036483764648 55.89420700073242
      vertex -0.011406397446990013 -11.349206924438477 55.049312591552734
      vertex -0.291464239358902 -10.368366241455078 56.78192138671875
    endloop
  endfacet
  facet normal -0.2646045386791229 -0.8816163539886475 0.3908158242702484
    outer loop
      vertex -1.842186450958252 -9.733421325683594 57.16432571411133
      vertex -0.291464239358902 -10.368366241455078 56.78192138671875
      vertex -0.6296658515930176 -9.522843360900879 58.46030044555664
    endloop
  endfacet
  facet normal -0.7714585065841675 -0.463032603263855 0.43640875816345215
    outer loop
      vertex -8.050737380981445 -7.01876974105835 52.827823638916016
      vertex -6.897925853729248 -7.586248397827148 54.26359939575195
      vertex -7.936588287353516 -5.541614055633545 54.59688186645508
    endloop
  endfacet
  facet normal -0.7976048588752747 -0.43668314814567566 0.41609421372413635
    outer loop
      vertex -8.960150718688965 -5.291082382202148 52.89775848388672
      vertex -8.050737380981445 -7.01876974105835 52.827823638916016
      vertex -7.936588287353516 -5.541614055633545 54.59688186645508
    endloop
  endfacet
  facet normal -0.7773452997207642 -0.4230795204639435 0.465551495552063
    outer loop
      vertex -7.936588287353516 -5.541614055633545 54.59688186645508
      vertex -6.537080764770508 -6.561616897583008 56.00673294067383
      vertex -7.242180347442627 -4.631892204284668 56.58308410644531
    endloop
  endfacet
  facet normal -0.8113226890563965 -0.2769775688648224 0.5148192048072815
    outer loop
      vertex -8.26256275177002 -3.80090594291687 55.42210388183594
      vertex -7.242180347442627 -4.631892204284668 56.58308410644531
      vertex -7.855356693267822 -2.721975088119507 56.644309997558594
    endloop
  endfacet
  facet normal -0.8599072098731995 -0.11191682517528534 0.49803030490875244
    outer loop
      vertex -7.387543678283691 -1.4942362308502197 57.72793960571289
      vertex -7.855356693267822 -2.721975088119507 56.644309997558594
      vertex -6.693874359130859 -3.262855052947998 58.5281982421875
    endloop
  endfacet
  facet normal -0.681035041809082 -0.5699664950370789 0.45970582962036133
    outer loop
      vertex -7.002460956573486 -8.698416709899902 52.72981262207031
      vertex -5.827223300933838 -9.21870231628418 53.825801849365234
      vertex -6.897925853729248 -7.586248397827148 54.26359939575195
    endloop
  endfacet
  facet normal -0.6957873702049255 -0.5469503998756409 0.46553754806518555
    outer loop
      vertex -6.537080764770508 -6.561616897583008 56.00673294067383
      vertex -6.897925853729248 -7.586248397827148 54.26359939575195
      vertex -5.631497383117676 -8.233065605163574 55.39645767211914
    endloop
  endfacet
  facet normal -0.5812230110168457 -0.6546970009803772 0.48327192664146423
    outer loop
      vertex -5.631497383117676 -8.233065605163574 55.39645767211914
      vertex -5.827223300933838 -9.21870231628418 53.825801849365234
      vertex -4.493776321411133 -9.674615859985352 54.81188201904297
    endloop
  endfacet
  facet normal -0.6096732020378113 -0.6405642628669739 0.46687912940979004
    outer loop
      vertex -5.631497383117676 -8.233065605163574 55.39645767211914
      vertex -4.341803073883057 -8.701171875 56.4383544921875
      vertex -5.34613037109375 -7.418207168579102 56.88710021972656
    endloop
  endfacet
  facet normal -0.715267539024353 -0.5454766154289246 0.4368610680103302
    outer loop
      vertex -5.815464019775391 -5.771087169647217 58.1753044128418
      vertex -6.537080764770508 -6.561616897583008 56.00673294067383
      vertex -5.34613037109375 -7.418207168579102 56.88710021972656
    endloop
  endfacet
  facet normal -0.808141827583313 -0.34970033168792725 0.47393715381622314
    outer loop
      vertex -6.693874359130859 -3.262855052947998 58.5281982421875
      vertex -7.242180347442627 -4.631892204284668 56.58308410644531
      vertex -5.815464019775391 -5.771087169647217 58.1753044128418
    endloop
  endfacet
  facet normal -0.4669652283191681 -0.738854706287384 0.48583659529685974
    outer loop
      vertex -4.341803073883057 -8.701171875 56.4383544921875
      vertex -4.493776321411133 -9.674615859985352 54.81188201904297
      vertex -2.964912176132202 -9.990547180175781 55.80089569091797
    endloop
  endfacet
  facet normal -0.6419224143028259 -0.6466367244720459 0.4120638370513916
    outer loop
      vertex -4.1632184982299805 -7.671299457550049 58.332698822021484
      vertex -5.34613037109375 -7.418207168579102 56.88710021972656
      vertex -4.341803073883057 -8.701171875 56.4383544921875
    endloop
  endfacet
  facet normal -0.6870293617248535 -0.558915376663208 0.4643321633338928
    outer loop
      vertex -5.815464019775391 -5.771087169647217 58.1753044128418
      vertex -5.34613037109375 -7.418207168579102 56.88710021972656
      vertex -4.1632184982299805 -7.671299457550049 58.332698822021484
    endloop
  endfacet
  facet normal -0.5157940983772278 -0.731331467628479 0.44621822237968445
    outer loop
      vertex -4.1632184982299805 -7.671299457550049 58.332698822021484
      vertex -4.341803073883057 -8.701171875 56.4383544921875
      vertex -3.175015926361084 -9.000625610351562 57.29627990722656
    endloop
  endfacet
  facet normal -0.41403841972351074 -0.8230679035186768 0.38875603675842285
    outer loop
      vertex -2.3832144737243652 -8.74465560913086 58.68151092529297
      vertex -3.175015926361084 -9.000625610351562 57.29627990722656
      vertex -1.842186450958252 -9.733421325683594 57.16432571411133
    endloop
  endfacet
  facet normal -0.8068384528160095 -0.5038483738899231 0.30846163630485535
    outer loop
      vertex -5.730179786682129 -4.463415145874023 60.53436279296875
      vertex -5.815464019775391 -5.771087169647217 58.1753044128418
      vertex -4.7163777351379395 -6.2522969245910645 60.2641487121582
    endloop
  endfacet
  facet normal -0.535483717918396 -0.8029632568359375 0.26173850893974304
    outer loop
      vertex -3.134711742401123 -7.646965980529785 60.51154327392578
      vertex -4.1632184982299805 -7.671299457550049 58.332698822021484
      vertex -2.3832144737243652 -8.74465560913086 58.68151092529297
    endloop
  endfacet
  facet normal -0.36363330483436584 -0.8939087390899658 0.2621033489704132
    outer loop
      vertex -1.208999752998352 -8.754732131958008 60.27621078491211
      vertex -2.3832144737243652 -8.74465560913086 58.68151092529297
      vertex -0.6296658515930176 -9.522843360900879 58.46030044555664
    endloop
  endfacet
  facet normal -0.9006750583648682 -0.06472120434045792 0.4296461343765259
    outer loop
      vertex -9.725263595581055 0.6077728271484375 54.1224250793457
      vertex -10.051161766052246 -0.8434876203536987 53.22062301635742
      vertex -9.335399627685547 -0.8255090713500977 54.72379684448242
    endloop
  endfacet
  facet normal -0.8745171427726746 -0.03491098806262016 0.48373645544052124
    outer loop
      vertex -9.725263595581055 0.6077728271484375 54.1224250793457
      vertex -9.335399627685547 -0.8255090713500977 54.72379684448242
      vertex -9.062812805175781 0.45640793442726135 55.309104919433594
    endloop
  endfacet
  facet normal -0.8889701962471008 0.07248254865407944 0.45219260454177856
    outer loop
      vertex -9.936957359313965 2.241119861602783 53.44444274902344
      vertex -9.725263595581055 0.6077728271484375 54.1224250793457
      vertex -9.186408996582031 1.914278507232666 54.97234344482422
    endloop
  endfacet
  facet normal -0.8850666284561157 0.09635569155216217 0.4553819000720978
    outer loop
      vertex -9.936957359313965 2.241119861602783 53.44444274902344
      vertex -9.186408996582031 1.914278507232666 54.97234344482422
      vertex -9.22430419921875 3.594576835632324 54.54315185546875
    endloop
  endfacet
  facet normal -0.811627984046936 -0.0025285431183874607 0.5841692686080933
    outer loop
      vertex -9.062812805175781 0.45640793442726135 55.309104919433594
      vertex -8.358528137207031 -0.7388749122619629 56.28244400024414
      vertex -8.336493492126465 1.3248391151428223 56.321990966796875
    endloop
  endfacet
  facet normal -0.8335902690887451 0.056263819336891174 0.5495104789733887
    outer loop
      vertex -9.186408996582031 1.914278507232666 54.97234344482422
      vertex -9.062812805175781 0.45640793442726135 55.309104919433594
      vertex -8.336493492126465 1.3248391151428223 56.321990966796875
    endloop
  endfacet
  facet normal -0.8246592879295349 0.08967125415802002 0.5584765672683716
    outer loop
      vertex -8.387763977050781 3.2122743129730225 55.94322967529297
      vertex -9.186408996582031 1.914278507232666 54.97234344482422
      vertex -8.336493492126465 1.3248391151428223 56.321990966796875
    endloop
  endfacet
  facet normal -0.8030385375022888 0.09620526432991028 0.5881102085113525
    outer loop
      vertex -8.387763977050781 3.2122743129730225 55.94322967529297
      vertex -8.336493492126465 1.3248391151428223 56.321990966796875
      vertex -7.3831939697265625 2.6251091957092285 57.41097640991211
    endloop
  endfacet
  facet normal -0.8940705060958862 0.14102789759635925 0.4251458942890167
    outer loop
      vertex -9.21221923828125 4.927472114562988 54.12642288208008
      vertex -9.767646789550781 4.037656307220459 53.2535400390625
      vertex -9.22430419921875 3.594576835632324 54.54315185546875
    endloop
  endfacet
  facet normal -0.8283872008323669 0.15678107738494873 0.5377680063247681
    outer loop
      vertex -8.404074668884277 5.120426177978516 55.36180114746094
      vertex -9.22430419921875 3.594576835632324 54.54315185546875
      vertex -8.387763977050781 3.2122743129730225 55.94322967529297
    endloop
  endfacet
  facet normal -0.875119149684906 0.26238784193992615 0.40659448504447937
    outer loop
      vertex -8.789708137512207 6.1723456382751465 54.232444763183594
      vertex -9.495552062988281 5.56716775894165 53.10378646850586
      vertex -9.21221923828125 4.927472114562988 54.12642288208008
    endloop
  endfacet
  facet normal -0.8283027410507202 0.007340653799474239 0.5602326989173889
    outer loop
      vertex -7.25112247467041 0.44501397013664246 57.90422821044922
      vertex -8.358528137207031 -0.7388749122619629 56.28244400024414
      vertex -7.387543678283691 -1.4942362308502197 57.72793960571289
    endloop
  endfacet
  facet normal -0.8066051602363586 0.16596941649913788 0.5673115849494934
    outer loop
      vertex -8.404074668884277 5.120426177978516 55.36180114746094
      vertex -8.387763977050781 3.2122743129730225 55.94322967529297
      vertex -7.401498794555664 4.596808910369873 56.940452575683594
    endloop
  endfacet
  facet normal -0.791720449924469 0.134834885597229 0.5958173274993896
    outer loop
      vertex -7.401498794555664 4.596808910369873 56.940452575683594
      vertex -8.387763977050781 3.2122743129730225 55.94322967529297
      vertex -7.3831939697265625 2.6251091957092285 57.41097640991211
    endloop
  endfacet
  facet normal -0.8403584361076355 0.35899806022644043 0.4061012268066406
    outer loop
      vertex -8.179957389831543 7.520617961883545 54.30233383178711
      vertex -8.960257530212402 6.989169120788574 53.157440185546875
      vertex -8.789708137512207 6.1723456382751465 54.232444763183594
    endloop
  endfacet
  facet normal -0.8271594047546387 0.24153180420398712 0.5074149370193481
    outer loop
      vertex -8.052875518798828 6.678240776062012 55.192779541015625
      vertex -8.789708137512207 6.1723456382751465 54.232444763183594
      vertex -8.404074668884277 5.120426177978516 55.36180114746094
    endloop
  endfacet
  facet normal -0.8155307769775391 0.4699989855289459 0.3376544117927551
    outer loop
      vertex -8.175985336303711 8.38164234161377 53.11342239379883
      vertex -8.960257530212402 6.989169120788574 53.157440185546875
      vertex -8.179957389831543 7.520617961883545 54.30233383178711
    endloop
  endfacet
  facet normal -0.8497031927108765 -0.09892498701810837 0.5178981423377991
    outer loop
      vertex -6.523038864135742 -1.1623358726501465 59.20970916748047
      vertex -7.387543678283691 -1.4942362308502197 57.72793960571289
      vertex -6.693874359130859 -3.262855052947998 58.5281982421875
    endloop
  endfacet
  facet normal -0.8064926862716675 0.1069633811712265 0.5814881324768066
    outer loop
      vertex -6.152078628540039 0.46064844727516174 59.42566680908203
      vertex -7.25112247467041 0.44501397013664246 57.90422821044922
      vertex -6.523038864135742 -1.1623358726501465 59.20970916748047
    endloop
  endfacet
  facet normal -0.8034318089485168 0.13898368179798126 0.5789480209350586
    outer loop
      vertex -6.275055408477783 2.0850071907043457 58.86505889892578
      vertex -7.25112247467041 0.44501397013664246 57.90422821044922
      vertex -6.152078628540039 0.46064844727516174 59.42566680908203
    endloop
  endfacet
  facet normal -0.7666109800338745 0.12354534864425659 0.6301144361495972
    outer loop
      vertex -7.3831939697265625 2.6251091957092285 57.41097640991211
      vertex -6.275055408477783 2.0850071907043457 58.86505889892578
      vertex -6.333071231842041 4.016188144683838 58.41583251953125
    endloop
  endfacet
  facet normal -0.7953378558158875 0.2011406123638153 0.5718217492103577
    outer loop
      vertex -8.404074668884277 5.120426177978516 55.36180114746094
      vertex -7.401498794555664 4.596808910369873 56.940452575683594
      vertex -7.30156135559082 6.463602066040039 56.42280197143555
    endloop
  endfacet
  facet normal -0.8105900287628174 0.47557997703552246 0.3417127728462219
    outer loop
      vertex -8.175985336303711 8.38164234161377 53.11342239379883
      vertex -8.179957389831543 7.520617961883545 54.30233383178711
      vertex -7.434892654418945 8.702217102050781 54.425235748291016
    endloop
  endfacet
  facet normal -0.8072631359100342 0.3668910562992096 0.46229568123817444
    outer loop
      vertex -7.2782135009765625 7.925414085388184 55.55570602416992
      vertex -8.179957389831543 7.520617961883545 54.30233383178711
      vertex -8.052875518798828 6.678240776062012 55.192779541015625
    endloop
  endfacet
  facet normal -0.7793219089508057 0.32884353399276733 0.5334034562110901
    outer loop
      vertex -7.2782135009765625 7.925414085388184 55.55570602416992
      vertex -8.052875518798828 6.678240776062012 55.192779541015625
      vertex -7.30156135559082 6.463602066040039 56.42280197143555
    endloop
  endfacet
  facet normal -0.7884877920150757 0.22688651084899902 0.5716727375984192
    outer loop
      vertex -7.30156135559082 6.463602066040039 56.42280197143555
      vertex -6.278711795806885 6.015289306640625 58.01150894165039
      vertex -6.078754425048828 8.262178421020508 57.39555358886719
    endloop
  endfacet
  facet normal -0.7888765335083008 0.4499914050102234 0.41854721307754517
    outer loop
      vertex -7.2782135009765625 7.925414085388184 55.55570602416992
      vertex -6.302430152893066 9.685882568359375 55.502132415771484
      vertex -7.434892654418945 8.702217102050781 54.425235748291016
    endloop
  endfacet
  facet normal -0.8288245797157288 0.21532776951789856 0.516414225101471
    outer loop
      vertex -6.078754425048828 8.262178421020508 57.39555358886719
      vertex -6.278711795806885 6.015289306640625 58.01150894165039
      vertex -5.081485271453857 7.344309329986572 59.37885284423828
    endloop
  endfacet
  facet normal -0.8882462382316589 0.33181846141815186 0.3176715075969696
    outer loop
      vertex -4.6989336013793945 9.906458854675293 59.53618621826172
      vertex -5.353128433227539 10.30024242401123 57.29566192626953
      vertex -6.078754425048828 8.262178421020508 57.39555358886719
    endloop
  endfacet
  facet normal -0.8491834402084351 0.2245795577764511 0.4779660403728485
    outer loop
      vertex -6.523038864135742 -1.1623358726501465 59.20970916748047
      vertex -6.021052360534668 -2.5214102268218994 60.740150451660156
      vertex -5.429661750793457 -0.5868617296218872 60.881874084472656
    endloop
  endfacet
  facet normal -0.7571368217468262 0.29093560576438904 0.5848935842514038
    outer loop
      vertex -6.152078628540039 0.46064844727516174 59.42566680908203
      vertex -5.429661750793457 -0.5868617296218872 60.881874084472656
      vertex -5.125254154205322 1.5097434520721436 60.23303985595703
    endloop
  endfacet
  facet normal -0.7256193161010742 0.14778852462768555 0.6720381379127502
    outer loop
      vertex -6.275055408477783 2.0850071907043457 58.86505889892578
      vertex -5.125254154205322 1.5097434520721436 60.23303985595703
      vertex -5.183145999908447 3.4071972370147705 59.75326156616211
    endloop
  endfacet
  facet normal -0.7367640137672424 0.0826043114066124 0.6710852384567261
    outer loop
      vertex -6.333071231842041 4.016188144683838 58.41583251953125
      vertex -5.183145999908447 3.4071972370147705 59.75326156616211
      vertex -5.237043380737305 5.279526710510254 59.463623046875
    endloop
  endfacet
  facet normal -0.7889018058776855 0.08442489057779312 0.6086923480033875
    outer loop
      vertex -6.278711795806885 6.015289306640625 58.01150894165039
      vertex -5.237043380737305 5.279526710510254 59.463623046875
      vertex -5.081485271453857 7.344309329986572 59.37885284423828
    endloop
  endfacet
  facet normal -0.614626944065094 0.19838322699069977 0.7634642720222473
    outer loop
      vertex -5.125254154205322 1.5097434520721436 60.23303985595703
      vertex -3.896228790283203 0.7393248081207275 61.42265701293945
      vertex -3.6852312088012695 2.926128387451172 61.024288177490234
    endloop
  endfacet
  facet normal -0.6440402269363403 0.015403477475047112 0.7648365497589111
    outer loop
      vertex -4.283307075500488 4.570940017700195 60.487545013427734
      vertex -5.183145999908447 3.4071972370147705 59.75326156616211
      vertex -3.6852312088012695 2.926128387451172 61.024288177490234
    endloop
  endfacet
  facet normal -0.733386218547821 -0.004797953646630049 0.6797952651977539
    outer loop
      vertex -4.094728469848633 6.2410888671875 60.70277786254883
      vertex -5.237043380737305 5.279526710510254 59.463623046875
      vertex -4.283307075500488 4.570940017700195 60.487545013427734
    endloop
  endfacet
  facet normal -0.8243155479431152 -0.06199272722005844 0.5627262592315674
    outer loop
      vertex -5.081485271453857 7.344309329986572 59.37885284423828
      vertex -4.094728469848633 6.2410888671875 60.70277786254883
      vertex -3.9533185958862305 8.266186714172363 61.133018493652344
    endloop
  endfacet
  facet normal -0.8595976233482361 0.09754547476768494 0.5015742778778076
    outer loop
      vertex -5.081485271453857 7.344309329986572 59.37885284423828
      vertex -3.9533185958862305 8.266186714172363 61.133018493652344
      vertex -4.6989336013793945 9.906458854675293 59.53618621826172
    endloop
  endfacet
  facet normal -0.31060537695884705 0.1992802768945694 0.9294146299362183
    outer loop
      vertex -3.6852312088012695 2.926128387451172 61.024288177490234
      vertex -3.896228790283203 0.7393248081207275 61.42265701293945
      vertex -2.170644760131836 1.6245160102844238 61.809539794921875
    endloop
  endfacet
  facet normal -0.7247472405433655 -0.14361174404621124 0.6738821268081665
    outer loop
      vertex -4.094728469848633 6.2410888671875 60.70277786254883
      vertex -3.1203129291534424 4.956818580627441 61.47705078125
      vertex -2.7928082942962646 6.9721903800964355 62.25877380371094
    endloop
  endfacet
  facet normal -0.5471529364585876 -0.19318221509456635 0.8144350051879883
    outer loop
      vertex -3.1203129291534424 4.956818580627441 61.47705078125
      vertex -1.921258807182312 3.639554977416992 61.97014617919922
      vertex -1.8765709400177002 5.35727596282959 62.40760803222656
    endloop
  endfacet
  facet normal -0.5982139110565186 -0.2698633074760437 0.7545290589332581
    outer loop
      vertex -2.7928082942962646 6.9721903800964355 62.25877380371094
      vertex -1.8765709400177002 5.35727596282959 62.40760803222656
      vertex -1.0730531215667725 6.563811302185059 63.47618865966797
    endloop
  endfacet
  facet normal -0.3505290746688843 -0.27279138565063477 0.8959431648254395
    outer loop
      vertex -0.44619596004486084 4.638347625732422 62.851356506347656
      vertex -1.921258807182312 3.639554977416992 61.97014617919922
      vertex -0.1893736869096756 2.316307306289673 62.244834899902344
    endloop
  endfacet
  facet normal -0.8765130639076233 0.32928138971328735 0.35113900899887085
    outer loop
      vertex -5.353128433227539 10.30024242401123 57.29566192626953
      vertex -6.302430152893066 9.685882568359375 55.502132415771484
      vertex -6.078754425048828 8.262178421020508 57.39555358886719
    endloop
  endfacet
  facet normal -0.754756510257721 0.5959862470626831 0.27412256598472595
    outer loop
      vertex -5.682929992675781 11.060002326965332 54.220279693603516
      vertex -6.957971096038818 9.755389213562012 53.546077728271484
      vertex -6.302430152893066 9.685882568359375 55.502132415771484
    endloop
  endfacet
  facet normal -0.8222185969352722 0.505213737487793 0.2621369957923889
    outer loop
      vertex -5.353128433227539 10.30024242401123 57.29566192626953
      vertex -5.033942222595215 11.508989334106445 55.96721649169922
      vertex -6.302430152893066 9.685882568359375 55.502132415771484
    endloop
  endfacet
  facet normal -0.9117933511734009 0.3881400525569916 0.13409000635147095
    outer loop
      vertex -5.353128433227539 10.30024242401123 57.29566192626953
      vertex -4.517579555511475 12.007528305053711 58.03532791137695
      vertex -5.033942222595215 11.508989334106445 55.96721649169922
    endloop
  endfacet
  facet normal -0.854835033416748 0.5109904408454895 0.09025444835424423
    outer loop
      vertex -5.033942222595215 11.508989334106445 55.96721649169922
      vertex -4.517579555511475 12.007528305053711 58.03532791137695
      vertex -3.9595394134521484 13.222517967224121 56.44187927246094
    endloop
  endfacet
  facet normal -0.7401330471038818 0.6649821400642395 -0.10000968724489212
    outer loop
      vertex -3.9595394134521484 13.222517967224121 56.44187927246094
      vertex -2.910982370376587 14.214456558227539 55.277488708496094
      vertex -4.228131294250488 12.591943740844727 54.23682403564453
    endloop
  endfacet
  facet normal -0.029467299580574036 -0.8890572786331177 0.4568466544151306
    outer loop
      vertex -0.011406397446990013 -11.349206924438477 55.049312591552734
      vertex 2.2111387252807617 -11.612617492675781 54.6800537109375
      vertex 1.1800661087036133 -10.786317825317383 56.221588134765625
    endloop
  endfacet
  facet normal -0.0966872125864029 -0.9026520848274231 0.41936951875686646
    outer loop
      vertex -0.291464239358902 -10.368366241455078 56.78192138671875
      vertex 1.1800661087036133 -10.786317825317383 56.221588134765625
      vertex 1.124788761138916 -10.032630920410156 57.83108139038086
    endloop
  endfacet
  facet normal 0.06154122203588486 -0.8619748950004578 0.5032019019126892
    outer loop
      vertex 1.1800661087036133 -10.786317825317383 56.221588134765625
      vertex 2.2111387252807617 -11.612617492675781 54.6800537109375
      vertex 2.954252243041992 -10.3789701461792 56.70238494873047
    endloop
  endfacet
  facet normal 0.1683177947998047 -0.8070127964019775 0.5660385489463806
    outer loop
      vertex 2.2111387252807617 -11.612617492675781 54.6800537109375
      vertex 3.931460380554199 -12.319348335266113 53.16089630126953
      vertex 4.325789451599121 -11.046307563781738 54.858638763427734
    endloop
  endfacet
  facet normal 0.2734314203262329 -0.8213163018226624 0.500674307346344
    outer loop
      vertex 2.954252243041992 -10.3789701461792 56.70238494873047
      vertex 4.325789451599121 -11.046307563781738 54.858638763427734
      vertex 5.046657562255859 -9.83083724975586 56.45883560180664
    endloop
  endfacet
  facet normal 0.035824552178382874 -0.9376322031021118 0.34577810764312744
    outer loop
      vertex 2.6833505630493164 -9.61933708190918 58.79031753540039
      vertex 1.124788761138916 -10.032630920410156 57.83108139038086
      vertex 2.954252243041992 -10.3789701461792 56.70238494873047
    endloop
  endfacet
  facet normal 0.28807997703552246 -0.7970602512359619 0.5307589173316956
    outer loop
      vertex 4.325789451599121 -11.046307563781738 54.858638763427734
      vertex 3.931460380554199 -12.319348335266113 53.16089630126953
      vertex 5.7137770652771 -11.576889038085938 53.30848693847656
    endloop
  endfacet
  facet normal 0.27523648738861084 -0.8971050381660461 0.3456118404865265
    outer loop
      vertex 4.161752700805664 -9.505874633789062 58.007057189941406
      vertex 2.954252243041992 -10.3789701461792 56.70238494873047
      vertex 5.046657562255859 -9.83083724975586 56.45883560180664
    endloop
  endfacet
  facet normal 0.4893142879009247 -0.6753171682357788 0.551831841468811
    outer loop
      vertex 6.095323085784912 -10.327731132507324 54.750648498535156
      vertex 7.262398719787598 -10.702253341674805 53.25746154785156
      vertex 7.39185094833374 -9.575445175170898 54.52163314819336
    endloop
  endfacet
  facet normal 0.5038008689880371 -0.7255780696868896 0.46874430775642395
    outer loop
      vertex 6.095323085784912 -10.327731132507324 54.750648498535156
      vertex 7.39185094833374 -9.575445175170898 54.52163314819336
      vertex 6.772759437561035 -9.037065505981445 56.02039337158203
    endloop
  endfacet
  facet normal 0.4635373651981354 -0.7330279350280762 0.4977984130382538
    outer loop
      vertex 5.046657562255859 -9.83083724975586 56.45883560180664
      vertex 6.095323085784912 -10.327731132507324 54.750648498535156
      vertex 6.772759437561035 -9.037065505981445 56.02039337158203
    endloop
  endfacet
  facet normal 0.432527095079422 -0.8738513588905334 0.2220451980829239
    outer loop
      vertex 4.178159236907959 -9.069145202636719 59.69383239746094
      vertex 4.161752700805664 -9.505874633789062 58.007057189941406
      vertex 5.957502365112305 -8.526832580566406 58.362060546875
    endloop
  endfacet
  facet normal 0.4628075361251831 -0.8188501596450806 0.3395492732524872
    outer loop
      vertex 5.957502365112305 -8.526832580566406 58.362060546875
      vertex 5.046657562255859 -9.83083724975586 56.45883560180664
      vertex 6.772759437561035 -9.037065505981445 56.02039337158203
    endloop
  endfacet
  facet normal 0.5997689962387085 -0.6110095977783203 0.5166666507720947
    outer loop
      vertex 8.35818862915039 -8.216554641723633 55.00688934326172
      vertex 7.39185094833374 -9.575445175170898 54.52163314819336
      vertex 8.387990951538086 -9.452041625976562 53.511207580566406
    endloop
  endfacet
  facet normal 0.6114079356193542 -0.6785911321640015 0.40705570578575134
    outer loop
      vertex 7.723727703094482 -7.607968330383301 56.974422454833984
      vertex 6.772759437561035 -9.037065505981445 56.02039337158203
      vertex 8.35818862915039 -8.216554641723633 55.00688934326172
    endloop
  endfacet
  facet normal 0.6693904399871826 -0.7388623952865601 0.07745245844125748
    outer loop
      vertex 6.719893455505371 -7.622827529907227 60.39683151245117
      vertex 5.957502365112305 -8.526832580566406 58.362060546875
      vertex 7.657625198364258 -6.938233375549316 58.8231201171875
    endloop
  endfacet
  facet normal 0.6867884397506714 -0.7205164432525635 0.0958002507686615
    outer loop
      vertex 6.719893455505371 -7.622827529907227 60.39683151245117
      vertex 7.657625198364258 -6.938233375549316 58.8231201171875
      vertex 8.159417152404785 -6.210639953613281 60.69804382324219
    endloop
  endfacet
  facet normal 0.6837909817695618 -0.5558196902275085 0.47275200486183167
    outer loop
      vertex 8.35818862915039 -8.216554641723633 55.00688934326172
      vertex 8.387990951538086 -9.452041625976562 53.511207580566406
      vertex 9.580728530883789 -8.144388198852539 53.323448181152344
    endloop
  endfacet
  facet normal 0.7410180568695068 -0.535831868648529 0.40469297766685486
    outer loop
      vertex 7.723727703094482 -7.607968330383301 56.974422454833984
      vertex 8.35818862915039 -8.216554641723633 55.00688934326172
      vertex 8.975101470947266 -6.578516960144043 56.046119689941406
    endloop
  endfacet
  facet normal 0.7645087838172913 -0.46050670742988586 0.4510652720928192
    outer loop
      vertex 9.538658142089844 -6.979583740234375 54.58393859863281
      vertex 9.580728530883789 -8.144388198852539 53.323448181152344
      vertex 10.603719711303711 -6.378046035766602 53.39289855957031
    endloop
  endfacet
  facet normal 0.72251296043396 -0.5433357954025269 0.42750582098960876
    outer loop
      vertex 8.975101470947266 -6.578516960144043 56.046119689941406
      vertex 8.35818862915039 -8.216554641723633 55.00688934326172
      vertex 9.538658142089844 -6.979583740234375 54.58393859863281
    endloop
  endfacet
  facet normal 0.7774149775505066 -0.5819645524024963 0.23862802982330322
    outer loop
      vertex 8.546974182128906 -6.26746940612793 57.561607360839844
      vertex 7.657625198364258 -6.938233375549316 58.8231201171875
      vertex 7.723727703094482 -7.607968330383301 56.974422454833984
    endloop
  endfacet
  facet normal 0.8137992024421692 -0.5810951590538025 0.007703326176851988
    outer loop
      vertex 8.159417152404785 -6.210639953613281 60.69804382324219
      vertex 7.657625198364258 -6.938233375549316 58.8231201171875
      vertex 8.792266845703125 -5.347716331481934 58.93622589111328
    endloop
  endfacet
  facet normal -0.17309419810771942 -0.9436913728713989 0.2819307744503021
    outer loop
      vertex 0.9385682344436646 -9.35572338104248 59.98252487182617
      vertex -0.6296658515930176 -9.522843360900879 58.46030044555664
      vertex 1.124788761138916 -10.032630920410156 57.83108139038086
    endloop
  endfacet
  facet normal -0.006435912102460861 -0.9783397912979126 0.20690570771694183
    outer loop
      vertex 0.9385682344436646 -9.35572338104248 59.98252487182617
      vertex 2.6833505630493164 -9.61933708190918 58.79031753540039
      vertex 2.7816686630249023 -9.259380340576172 60.49540710449219
    endloop
  endfacet
  facet normal 0.9258392453193665 -0.37647220492362976 -0.03302048519253731
    outer loop
      vertex 9.263750076293945 -4.3454389572143555 60.72869110107422
      vertex 8.792266845703125 -5.347716331481934 58.93622589111328
      vertex 9.547115325927734 -3.4781646728515625 58.78583526611328
    endloop
  endfacet
  facet normal 0.8358357548713684 -0.32974931597709656 0.4389123320579529
    outer loop
      vertex 10.04963493347168 -5.5065131187438965 55.10283279418945
      vertex 10.603719711303711 -6.378046035766602 53.39289855957031
      vertex 11.001360893249512 -4.587360858917236 53.98097610473633
    endloop
  endfacet
  facet normal 0.7984862923622131 -0.42660412192344666 0.4247688949108124
    outer loop
      vertex 10.04963493347168 -5.5065131187438965 55.10283279418945
      vertex 8.975101470947266 -6.578516960144043 56.046119689941406
      vertex 9.538658142089844 -6.979583740234375 54.58393859863281
    endloop
  endfacet
  facet normal 0.8457992076873779 -0.5007275342941284 0.18410733342170715
    outer loop
      vertex 9.518455505371094 -4.826327323913574 57.01812744140625
      vertex 8.792266845703125 -5.347716331481934 58.93622589111328
      vertex 8.546974182128906 -6.26746940612793 57.561607360839844
    endloop
  endfacet
  facet normal 0.8850755095481873 -0.3032042682170868 0.35314103960990906
    outer loop
      vertex 9.518455505371094 -4.826327323913574 57.01812744140625
      vertex 10.04963493347168 -5.5065131187438965 55.10283279418945
      vertex 10.507303237915039 -3.6406643390655518 55.55778503417969
    endloop
  endfacet
  facet normal 0.880066454410553 -0.23137769103050232 0.4146653711795807
    outer loop
      vertex 10.507303237915039 -3.6406643390655518 55.55778503417969
      vertex 11.001360893249512 -4.587360858917236 53.98097610473633
      vertex 11.473529815673828 -2.6494345664978027 54.060203552246094
    endloop
  endfacet
  facet normal 0.9299749732017517 -0.1746293157339096 0.32349854707717896
    outer loop
      vertex 9.984151840209961 -1.427595853805542 58.22750473022461
      vertex 10.083711624145508 -2.9385721683502197 57.125648498535156
      vertex 10.763699531555176 -1.3284401893615723 56.04003143310547
    endloop
  endfacet
  facet normal 0.9550002813339233 -0.13109521567821503 0.26606136560440063
    outer loop
      vertex 9.547115325927734 -3.4781646728515625 58.78583526611328
      vertex 10.083711624145508 -2.9385721683502197 57.125648498535156
      vertex 9.984151840209961 -1.427595853805542 58.22750473022461
    endloop
  endfacet
  facet normal 0.9766082167625427 -0.17359356582164764 0.1268923580646515
    outer loop
      vertex 9.565817832946777 -1.986059308052063 60.68315124511719
      vertex 9.547115325927734 -3.4781646728515625 58.78583526611328
      vertex 9.984151840209961 -1.427595853805542 58.22750473022461
    endloop
  endfacet
  facet normal -0.06350516527891159 -0.3714810311794281 0.9262661337852478
    outer loop
      vertex 1.6049795150756836 4.088727951049805 63.07868957519531
      vertex -0.1893736869096756 2.316307306289673 62.244834899902344
      vertex 2.5059642791748047 1.8610715866088867 62.24705505371094
    endloop
  endfacet
  facet normal -0.22756510972976685 -0.5048667192459106 0.8326606750488281
    outer loop
      vertex 0.7959661483764648 5.8543925285339355 63.92816162109375
      vertex -0.44619596004486084 4.638347625732422 62.851356506347656
      vertex 1.6049795150756836 4.088727951049805 63.07868957519531
    endloop
  endfacet
  facet normal -0.11972566694021225 -0.47443515062332153 0.8721106052398682
    outer loop
      vertex 0.7959661483764648 5.8543925285339355 63.92816162109375
      vertex 1.6049795150756836 4.088727951049805 63.07868957519531
      vertex 2.971597194671631 5.797395706176758 64.19583129882812
    endloop
  endfacet
  facet normal 0.06174477934837341 -0.3624420166015625 0.9299588203430176
    outer loop
      vertex 3.9970827102661133 4.0595598220825195 63.00489044189453
      vertex 2.5059642791748047 1.8610715866088867 62.24705505371094
      vertex 5.290022373199463 2.0683655738830566 62.14299774169922
    endloop
  endfacet
  facet normal 0.17209461331367493 -0.48574548959732056 0.8569917678833008
    outer loop
      vertex 3.9970827102661133 4.0595598220825195 63.00489044189453
      vertex 5.403691291809082 6.0722150802612305 63.86320495605469
      vertex 2.971597194671631 5.797395706176758 64.19583129882812
    endloop
  endfacet
  facet normal 0.2563250958919525 -0.23896408081054688 0.9365862011909485
    outer loop
      vertex 6.203115940093994 4.463283538818359 62.504150390625
      vertex 3.9970827102661133 4.0595598220825195 63.00489044189453
      vertex 5.290022373199463 2.0683655738830566 62.14299774169922
    endloop
  endfacet
  facet normal 0.2335222065448761 0.03462487459182739 0.9717347621917725
    outer loop
      vertex 7.065120697021484 2.963158130645752 61.684532165527344
      vertex 5.290022373199463 2.0683655738830566 62.14299774169922
      vertex 7.267114639282227 0.9431822299957275 61.70796585083008
    endloop
  endfacet
  facet normal 0.48546165227890015 0.21217960119247437 0.8481196165084839
    outer loop
      vertex 7.267114639282227 0.9431822299957275 61.70796585083008
      vertex 8.77083683013916 0.012177318334579468 61.08015441894531
      vertex 8.360841751098633 2.218596935272217 60.762840270996094
    endloop
  endfacet
  facet normal 0.5246649384498596 -0.12867921590805054 0.8415274024009705
    outer loop
      vertex 8.186651229858398 5.10593843460083 61.312950134277344
      vertex 7.065120697021484 2.963158130645752 61.684532165527344
      vertex 8.360841751098633 2.218596935272217 60.762840270996094
    endloop
  endfacet
  facet normal 0.5615214109420776 -0.46707600355148315 0.683032751083374
    outer loop
      vertex 7.262598037719727 6.496282577514648 63.02336883544922
      vertex 6.203115940093994 4.463283538818359 62.504150390625
      vertex 8.186651229858398 5.10593843460083 61.312950134277344
    endloop
  endfacet
  facet normal 0.8269162178039551 0.49569669365882874 -0.2655079662799835
    outer loop
      vertex 9.901880264282227 11.610498428344727 54.2987060546875
      vertex 8.955650329589844 12.918943405151367 53.79453659057617
      vertex 8.990240097045898 13.74105453491211 55.43712615966797
    endloop
  endfacet
  facet normal 0.9504181742668152 0.29321569204330444 -0.103584885597229
    outer loop
      vertex 9.829023361206055 12.676627159118652 56.648094177246094
      vertex 10.314981460571289 10.700849533081055 55.51409149169922
      vertex 9.901880264282227 11.610498428344727 54.2987060546875
    endloop
  endfacet
  facet normal 0.9061427116394043 -0.12066907435655594 0.40539419651031494
    outer loop
      vertex 11.699495315551758 -0.4865322709083557 54.19892883300781
      vertex 10.763699531555176 -1.3284401893615723 56.04003143310547
      vertex 11.473529815673828 -2.6494345664978027 54.060203552246094
    endloop
  endfacet
  facet normal 0.9252312183380127 -0.06490998715162277 0.3738101124763489
    outer loop
      vertex 10.332359313964844 0.3878723978996277 57.40568542480469
      vertex 10.763699531555176 -1.3284401893615723 56.04003143310547
      vertex 11.093396186828613 1.4167412519454956 55.7006721496582
    endloop
  endfacet
  facet normal 0.9211611747741699 -0.0005060480907559395 0.3891810476779938
    outer loop
      vertex 9.517297744750977 0.7491815090179443 59.33534240722656
      vertex 9.984151840209961 -1.427595853805542 58.22750473022461
      vertex 10.332359313964844 0.3878723978996277 57.40568542480469
    endloop
  endfacet
  facet normal 0.9150481224060059 -0.008584876544773579 0.40325355529785156
    outer loop
      vertex 10.205806732177734 2.483724355697632 57.73747253417969
      vertex 10.332359313964844 0.3878723978996277 57.40568542480469
      vertex 11.093396186828613 1.4167412519454956 55.7006721496582
    endloop
  endfacet
  facet normal 0.8994496464729309 0.04355722665786743 0.4348483085632324
    outer loop
      vertex 9.318218231201172 3.5066511631011963 59.470916748046875
      vertex 9.517297744750977 0.7491815090179443 59.33534240722656
      vertex 10.205806732177734 2.483724355697632 57.73747253417969
    endloop
  endfacet
  facet normal 0.9275297522544861 0.05609029158949852 0.36951664090156555
    outer loop
      vertex 10.819467544555664 4.255641937255859 56.36000442504883
      vertex 11.643852233886719 3.1809732913970947 54.45383071899414
      vertex 11.44290542602539 5.110551834106445 54.66533279418945
    endloop
  endfacet
  facet normal 0.9157794117927551 -0.0049187070690095425 0.40165168046951294
    outer loop
      vertex 10.819467544555664 4.255641937255859 56.36000442504883
      vertex 10.205806732177734 2.483724355697632 57.73747253417969
      vertex 11.093396186828613 1.4167412519454956 55.7006721496582
    endloop
  endfacet
  facet normal 0.9494034051895142 0.02718392200767994 0.3128804862499237
    outer loop
      vertex 10.285015106201172 6.3313775062561035 57.80139923095703
      vertex 10.819467544555664 4.255641937255859 56.36000442504883
      vertex 10.867383003234863 6.632275104522705 56.008121490478516
    endloop
  endfacet
  facet normal 0.9174027442932129 -0.039275411516427994 0.3960173428058624
    outer loop
      vertex 9.522894859313965 5.912854194641113 59.52539825439453
      vertex 10.046043395996094 4.511970520019531 58.17455291748047
      vertex 10.285015106201172 6.3313775062561035 57.80139923095703
    endloop
  endfacet
  facet normal 0.9506438374519348 0.12378241866827011 0.284524530172348
    outer loop
      vertex 10.769847869873047 8.728475570678711 55.42205047607422
      vertex 10.867383003234863 6.632275104522705 56.008121490478516
      vertex 11.354324340820312 6.752010345458984 54.329078674316406
    endloop
  endfacet
  facet normal 0.978946328163147 0.09592428803443909 0.18017417192459106
    outer loop
      vertex 10.4130859375 8.492496490478516 57.48609161376953
      vertex 10.867383003234863 6.632275104522705 56.008121490478516
      vertex 10.769847869873047 8.728475570678711 55.42205047607422
    endloop
  endfacet
  facet normal 0.9516095519065857 -0.011589019559323788 0.3070911467075348
    outer loop
      vertex 10.4130859375 8.492496490478516 57.48609161376953
      vertex 10.285015106201172 6.3313775062561035 57.80139923095703
      vertex 10.867383003234863 6.632275104522705 56.008121490478516
    endloop
  endfacet
  facet normal 0.9690981507301331 -0.021578002721071243 0.24573011696338654
    outer loop
      vertex 9.949518203735352 8.089251518249512 59.27887725830078
      vertex 10.285015106201172 6.3313775062561035 57.80139923095703
      vertex 10.4130859375 8.492496490478516 57.48609161376953
    endloop
  endfacet
  facet normal 0.9751172661781311 0.11166645586490631 0.19151225686073303
    outer loop
      vertex 9.517297744750977 0.7491815090179443 59.33534240722656
      vertex 9.565817832946777 -1.986059308052063 60.68315124511719
      vertex 9.984151840209961 -1.427595853805542 58.22750473022461
    endloop
  endfacet
  facet normal 0.8281875848770142 -0.056276317685842514 0.5576184391975403
    outer loop
      vertex 8.186651229858398 5.10593843460083 61.312950134277344
      vertex 8.360841751098633 2.218596935272217 60.762840270996094
      vertex 9.318218231201172 3.5066511631011963 59.470916748046875
    endloop
  endfacet
  facet normal 0.8156996369361877 -0.08234961330890656 0.572584331035614
    outer loop
      vertex 9.522894859313965 5.912854194641113 59.52539825439453
      vertex 8.186651229858398 5.10593843460083 61.312950134277344
      vertex 9.318218231201172 3.5066511631011963 59.470916748046875
    endloop
  endfacet
  facet normal 0.9372445940971375 -0.14795926213264465 0.31572261452674866
    outer loop
      vertex 9.288856506347656 7.868607997894287 61.136695861816406
      vertex 9.522894859313965 5.912854194641113 59.52539825439453
      vertex 9.949518203735352 8.089251518249512 59.27887725830078
    endloop
  endfacet
  facet normal 0.8398836255073547 -0.3065052628517151 0.44793984293937683
    outer loop
      vertex 8.427160263061523 7.375340461730957 62.41484832763672
      vertex 8.186651229858398 5.10593843460083 61.312950134277344
      vertex 9.288856506347656 7.868607997894287 61.136695861816406
    endloop
  endfacet
  facet normal 0.982454240322113 -0.11072556674480438 0.1500784158706665
    outer loop
      vertex 9.949518203735352 8.089251518249512 59.27887725830078
      vertex 10.219675064086914 10.397418975830078 59.213287353515625
      vertex 9.914299011230469 9.471063613891602 60.52891159057617
    endloop
  endfacet
  facet normal 0.9219751954078674 -0.24660402536392212 0.29857712984085083
    outer loop
      vertex 9.949518203735352 8.089251518249512 59.27887725830078
      vertex 9.914299011230469 9.471063613891602 60.52891159057617
      vertex 9.288856506347656 7.868607997894287 61.136695861816406
    endloop
  endfacet
  facet normal 0.7901145219802856 0.02693568356335163 0.6123672127723694
    outer loop
      vertex 8.360841751098633 2.218596935272217 60.762840270996094
      vertex 9.517297744750977 0.7491815090179443 59.33534240722656
      vertex 9.318218231201172 3.5066511631011963 59.470916748046875
    endloop
  endfacet
  facet normal 0.8957449793815613 -0.08606944233179092 0.4361571967601776
    outer loop
      vertex 9.522894859313965 5.912854194641113 59.52539825439453
      vertex 9.318218231201172 3.5066511631011963 59.470916748046875
      vertex 10.046043395996094 4.511970520019531 58.17455291748047
    endloop
  endfacet
  facet normal 0.9204341769218445 0.3903495967388153 -0.020694183185696602
    outer loop
      vertex 10.314981460571289 10.700849533081055 55.51409149169922
      vertex 10.70184326171875 9.707605361938477 53.985565185546875
      vertex 9.901880264282227 11.610498428344727 54.2987060546875
    endloop
  endfacet
  facet normal 0.9744642972946167 0.22447803616523743 0.00539402524009347
    outer loop
      vertex 10.314981460571289 10.700849533081055 55.51409149169922
      vertex 10.309802055358887 10.68259334564209 57.20953369140625
      vertex 10.769847869873047 8.728475570678711 55.42205047607422
    endloop
  endfacet
  facet normal 0.9717730283737183 0.23585374653339386 0.005508295260369778
    outer loop
      vertex 10.309802055358887 10.68259334564209 57.20953369140625
      vertex 10.314981460571289 10.700849533081055 55.51409149169922
      vertex 9.829023361206055 12.676627159118652 56.648094177246094
    endloop
  endfacet
  facet normal 0.9971791505813599 0.053654514253139496 0.05248831585049629
    outer loop
      vertex 10.309802055358887 10.68259334564209 57.20953369140625
      vertex 10.219675064086914 10.397418975830078 59.213287353515625
      vertex 10.4130859375 8.492496490478516 57.48609161376953
    endloop
  endfacet
  facet normal -0.9154068827629089 -0.14317719638347626 0.37620559334754944
    outer loop
      vertex -10.051161766052246 -0.8434876203536987 53.22062301635742
      vertex -9.929825782775879 -2.559278964996338 52.86286544799805
      vertex -9.528980255126953 -2.0625271797180176 54.02728271484375
    endloop
  endfacet
  facet normal -0.8406445384025574 -0.34708917140960693 0.4157474637031555
    outer loop
      vertex -9.107034683227539 -3.678110122680664 53.947357177734375
      vertex -9.762883186340332 -3.99240779876709 52.35883331298828
      vertex -8.960150718688965 -5.291082382202148 52.89775848388672
    endloop
  endfacet
  facet normal -0.8775246143341064 -0.24681757390499115 0.4111347496509552
    outer loop
      vertex -9.929825782775879 -2.559278964996338 52.86286544799805
      vertex -9.762883186340332 -3.99240779876709 52.35883331298828
      vertex -9.107034683227539 -3.678110122680664 53.947357177734375
    endloop
  endfacet
  facet normal -0.8518308997154236 -0.2453697919845581 0.4627934396266937
    outer loop
      vertex -9.528980255126953 -2.0625271797180176 54.02728271484375
      vertex -9.107034683227539 -3.678110122680664 53.947357177734375
      vertex -8.816258430480957 -2.3203012943267822 55.20246887207031
    endloop
  endfacet
  facet normal -0.8598923683166504 -0.14158639311790466 0.4904472231864929
    outer loop
      vertex -9.335399627685547 -0.8255090713500977 54.72379684448242
      vertex -9.528980255126953 -2.0625271797180176 54.02728271484375
      vertex -8.816258430480957 -2.3203012943267822 55.20246887207031
    endloop
  endfacet
  facet normal -0.8381040096282959 -0.12071751803159714 0.5319858193397522
    outer loop
      vertex -8.358528137207031 -0.7388749122619629 56.28244400024414
      vertex -9.335399627685547 -0.8255090713500977 54.72379684448242
      vertex -8.816258430480957 -2.3203012943267822 55.20246887207031
    endloop
  endfacet
  facet normal -0.5485198497772217 -0.6778484582901001 0.48953792452812195
    outer loop
      vertex -5.827223300933838 -9.21870231628418 53.825801849365234
      vertex -6.01340389251709 -9.971595764160156 52.57468032836914
      vertex -4.553572654724121 -10.859956741333008 52.98031234741211
    endloop
  endfacet
  facet normal -0.46523356437683105 -0.7361338138580322 0.4915940463542938
    outer loop
      vertex -3.3294150829315186 -10.766313552856445 54.279052734375
      vertex -4.493776321411133 -9.674615859985352 54.81188201904297
      vertex -4.553572654724121 -10.859956741333008 52.98031234741211
    endloop
  endfacet
  facet normal -0.46783366799354553 -0.7370358109474182 0.48776015639305115
    outer loop
      vertex -2.964912176132202 -9.990547180175781 55.80089569091797
      vertex -4.493776321411133 -9.674615859985352 54.81188201904297
      vertex -3.3294150829315186 -10.766313552856445 54.279052734375
    endloop
  endfacet
  facet normal -0.3371547758579254 -0.7947371006011963 0.5046973824501038
    outer loop
      vertex -1.8575353622436523 -11.190000534057617 54.59514617919922
      vertex -3.3294150829315186 -10.766313552856445 54.279052734375
      vertex -2.5499610900878906 -11.860221862792969 53.07719802856445
    endloop
  endfacet
  facet normal -0.20178237557411194 -0.8223936557769775 0.5319328308105469
    outer loop
      vertex -1.8575353622436523 -11.190000534057617 54.59514617919922
      vertex -0.646561861038208 -12.301895141601562 53.335472106933594
      vertex -0.011406397446990013 -11.349206924438477 55.049312591552734
    endloop
  endfacet
  facet normal -0.3319890797138214 -0.8033991456031799 0.4943006932735443
    outer loop
      vertex -1.4260612726211548 -10.569036483764648 55.89420700073242
      vertex -2.964912176132202 -9.990547180175781 55.80089569091797
      vertex -1.8575353622436523 -11.190000534057617 54.59514617919922
    endloop
  endfacet
  facet normal -0.3891220688819885 -0.7923523187637329 0.4698529541492462
    outer loop
      vertex -3.175015926361084 -9.000625610351562 57.29627990722656
      vertex -2.964912176132202 -9.990547180175781 55.80089569091797
      vertex -1.842186450958252 -9.733421325683594 57.16432571411133
    endloop
  endfacet
  facet normal -0.22754225134849548 -0.8460639119148254 0.4820791780948639
    outer loop
      vertex -1.842186450958252 -9.733421325683594 57.16432571411133
      vertex -1.4260612726211548 -10.569036483764648 55.89420700073242
      vertex -0.291464239358902 -10.368366241455078 56.78192138671875
    endloop
  endfacet
  facet normal -0.7612254619598389 -0.49923577904701233 0.4138834476470947
    outer loop
      vertex -8.050737380981445 -7.01876974105835 52.827823638916016
      vertex -7.002460956573486 -8.698416709899902 52.72981262207031
      vertex -6.897925853729248 -7.586248397827148 54.26359939575195
    endloop
  endfacet
  facet normal -0.773436427116394 -0.4634002149105072 0.4324999451637268
    outer loop
      vertex -7.936588287353516 -5.541614055633545 54.59688186645508
      vertex -6.897925853729248 -7.586248397827148 54.26359939575195
      vertex -6.537080764770508 -6.561616897583008 56.00673294067383
    endloop
  endfacet
  facet normal -0.8130815625190735 -0.3666340112686157 0.4521922469139099
    outer loop
      vertex -8.26256275177002 -3.80090594291687 55.42210388183594
      vertex -7.936588287353516 -5.541614055633545 54.59688186645508
      vertex -7.242180347442627 -4.631892204284668 56.58308410644531
    endloop
  endfacet
  facet normal -0.8373180031776428 -0.24028019607067108 0.49108463525772095
    outer loop
      vertex -7.855356693267822 -2.721975088119507 56.644309997558594
      vertex -8.816258430480957 -2.3203012943267822 55.20246887207031
      vertex -8.26256275177002 -3.80090594291687 55.42210388183594
    endloop
  endfacet
  facet normal -0.8524311780929565 -0.12358559668064117 0.5080233812332153
    outer loop
      vertex -7.387543678283691 -1.4942362308502197 57.72793960571289
      vertex -8.358528137207031 -0.7388749122619629 56.28244400024414
      vertex -7.855356693267822 -2.721975088119507 56.644309997558594
    endloop
  endfacet
  facet normal -0.6896511912345886 -0.571571946144104 0.44461992383003235
    outer loop
      vertex -6.897925853729248 -7.586248397827148 54.26359939575195
      vertex -5.827223300933838 -9.21870231628418 53.825801849365234
      vertex -5.631497383117676 -8.233065605163574 55.39645767211914
    endloop
  endfacet
  facet normal -0.7151676416397095 -0.5465497374534607 0.43568184971809387
    outer loop
      vertex -6.537080764770508 -6.561616897583008 56.00673294067383
      vertex -5.631497383117676 -8.233065605163574 55.39645767211914
      vertex -5.34613037109375 -7.418207168579102 56.88710021972656
    endloop
  endfacet
  facet normal -0.6775569319725037 -0.581259548664093 0.4506152272224426
    outer loop
      vertex -5.827223300933838 -9.21870231628418 53.825801849365234
      vertex -7.002460956573486 -8.698416709899902 52.72981262207031
      vertex -6.01340389251709 -9.971595764160156 52.57468032836914
    endloop
  endfacet
  facet normal -0.6029011607170105 -0.6584928035736084 0.45044150948524475
    outer loop
      vertex -5.631497383117676 -8.233065605163574 55.39645767211914
      vertex -4.493776321411133 -9.674615859985352 54.81188201904297
      vertex -4.341803073883057 -8.701171875 56.4383544921875
    endloop
  endfacet
  facet normal -0.80440354347229 -0.41954511404037476 0.4206151068210602
    outer loop
      vertex -5.815464019775391 -5.771087169647217 58.1753044128418
      vertex -7.242180347442627 -4.631892204284668 56.58308410644531
      vertex -6.537080764770508 -6.561616897583008 56.00673294067383
    endloop
  endfacet
  facet normal -0.8500242233276367 -0.287057101726532 0.4416528642177582
    outer loop
      vertex -6.693874359130859 -3.262855052947998 58.5281982421875
      vertex -7.855356693267822 -2.721975088119507 56.644309997558594
      vertex -7.242180347442627 -4.631892204284668 56.58308410644531
    endloop
  endfacet
  facet normal -0.5056176781654358 -0.7504091262817383 0.425719290971756
    outer loop
      vertex -4.341803073883057 -8.701171875 56.4383544921875
      vertex -2.964912176132202 -9.990547180175781 55.80089569091797
      vertex -3.175015926361084 -9.000625610351562 57.29627990722656
    endloop
  endfacet
  facet normal -0.5258863568305969 -0.7305495738983154 0.4355926215648651
    outer loop
      vertex -2.3832144737243652 -8.74465560913086 58.68151092529297
      vertex -4.1632184982299805 -7.671299457550049 58.332698822021484
      vertex -3.175015926361084 -9.000625610351562 57.29627990722656
    endloop
  endfacet
  facet normal -0.3188000023365021 -0.8420571088790894 0.43509358167648315
    outer loop
      vertex -0.6296658515930176 -9.522843360900879 58.46030044555664
      vertex -2.3832144737243652 -8.74465560913086 58.68151092529297
      vertex -1.842186450958252 -9.733421325683594 57.16432571411133
    endloop
  endfacet
  facet normal -0.9242554306983948 -0.17442099750041962 0.3396017849445343
    outer loop
      vertex -6.021052360534668 -2.5214102268218994 60.740150451660156
      vertex -6.693874359130859 -3.262855052947998 58.5281982421875
      vertex -5.730179786682129 -4.463415145874023 60.53436279296875
    endloop
  endfacet
  facet normal -0.7413913011550903 -0.6242438554763794 0.24628965556621552
    outer loop
      vertex -4.7163777351379395 -6.2522969245910645 60.2641487121582
      vertex -5.815464019775391 -5.771087169647217 58.1753044128418
      vertex -4.1632184982299805 -7.671299457550049 58.332698822021484
    endloop
  endfacet
  facet normal -0.9087624549865723 -0.35019218921661377 0.22697176039218903
    outer loop
      vertex -5.730179786682129 -4.463415145874023 60.53436279296875
      vertex -6.693874359130859 -3.262855052947998 58.5281982421875
      vertex -5.815464019775391 -5.771087169647217 58.1753044128418
    endloop
  endfacet
  facet normal -0.654716968536377 -0.6863197684288025 0.3167189657688141
    outer loop
      vertex -4.7163777351379395 -6.2522969245910645 60.2641487121582
      vertex -4.1632184982299805 -7.671299457550049 58.332698822021484
      vertex -3.134711742401123 -7.646965980529785 60.51154327392578
    endloop
  endfacet
  facet normal -0.4425755739212036 -0.8374669551849365 0.3205869197845459
    outer loop
      vertex -3.134711742401123 -7.646965980529785 60.51154327392578
      vertex -2.3832144737243652 -8.74465560913086 58.68151092529297
      vertex -1.208999752998352 -8.754732131958008 60.27621078491211
    endloop
  endfacet
  facet normal -0.9086198210716248 -0.05334136635065079 0.4142037332057953
    outer loop
      vertex -9.725263595581055 0.6077728271484375 54.1224250793457
      vertex -10.302023887634277 0.7127209901809692 52.8707275390625
      vertex -10.051161766052246 -0.8434876203536987 53.22062301635742
    endloop
  endfacet
  facet normal -0.9048510789871216 0.05780285224318504 0.42178598046302795
    outer loop
      vertex -9.936957359313965 2.241119861602783 53.44444274902344
      vertex -10.302023887634277 0.7127209901809692 52.8707275390625
      vertex -9.725263595581055 0.6077728271484375 54.1224250793457
    endloop
  endfacet
  facet normal -0.8703166842460632 0.039610762149095535 0.4908970594406128
    outer loop
      vertex -9.186408996582031 1.914278507232666 54.97234344482422
      vertex -9.725263595581055 0.6077728271484375 54.1224250793457
      vertex -9.062812805175781 0.45640793442726135 55.309104919433594
    endloop
  endfacet
  facet normal -0.8971017003059387 0.12943443655967712 0.42243972420692444
    outer loop
      vertex -9.22430419921875 3.594576835632324 54.54315185546875
      vertex -9.767646789550781 4.037656307220459 53.2535400390625
      vertex -9.936957359313965 2.241119861602783 53.44444274902344
    endloop
  endfacet
  facet normal -0.8440181612968445 -0.0636710524559021 0.532521665096283
    outer loop
      vertex -9.062812805175781 0.45640793442726135 55.309104919433594
      vertex -9.335399627685547 -0.8255090713500977 54.72379684448242
      vertex -8.358528137207031 -0.7388749122619629 56.28244400024414
    endloop
  endfacet
  facet normal -0.8381112813949585 0.117180235683918 0.5327647924423218
    outer loop
      vertex -8.387763977050781 3.2122743129730225 55.94322967529297
      vertex -9.22430419921875 3.594576835632324 54.54315185546875
      vertex -9.186408996582031 1.914278507232666 54.97234344482422
    endloop
  endfacet
  facet normal -0.905792772769928 0.1978246420621872 0.3747063875198364
    outer loop
      vertex -9.21221923828125 4.927472114562988 54.12642288208008
      vertex -9.495552062988281 5.56716775894165 53.10378646850586
      vertex -9.767646789550781 4.037656307220459 53.2535400390625
    endloop
  endfacet
  facet normal -0.836591899394989 0.17036962509155273 0.5206613540649414
    outer loop
      vertex -8.404074668884277 5.120426177978516 55.36180114746094
      vertex -9.21221923828125 4.927472114562988 54.12642288208008
      vertex -9.22430419921875 3.594576835632324 54.54315185546875
    endloop
  endfacet
  facet normal -0.8715238571166992 0.31385907530784607 0.3767475187778473
    outer loop
      vertex -8.789708137512207 6.1723456382751465 54.232444763183594
      vertex -8.960257530212402 6.989169120788574 53.157440185546875
      vertex -9.495552062988281 5.56716775894165 53.10378646850586
    endloop
  endfacet
  facet normal -0.8293510675430298 0.2384483963251114 0.5052913427352905
    outer loop
      vertex -8.404074668884277 5.120426177978516 55.36180114746094
      vertex -8.789708137512207 6.1723456382751465 54.232444763183594
      vertex -9.21221923828125 4.927472114562988 54.12642288208008
    endloop
  endfacet
  facet normal -0.825150191783905 -0.0020150921773165464 0.5649096965789795
    outer loop
      vertex -7.25112247467041 0.44501397013664246 57.90422821044922
      vertex -8.336493492126465 1.3248391151428223 56.321990966796875
      vertex -8.358528137207031 -0.7388749122619629 56.28244400024414
    endloop
  endfacet
  facet normal -0.7984756231307983 0.08642704784870148 0.5957911610603333
    outer loop
      vertex -7.3831939697265625 2.6251091957092285 57.41097640991211
      vertex -8.336493492126465 1.3248391151428223 56.321990966796875
      vertex -7.25112247467041 0.44501397013664246 57.90422821044922
    endloop
  endfacet
  facet normal -0.8232123255729675 0.3490860164165497 0.4477280080318451
    outer loop
      vertex -8.052875518798828 6.678240776062012 55.192779541015625
      vertex -8.179957389831543 7.520617961883545 54.30233383178711
      vertex -8.789708137512207 6.1723456382751465 54.232444763183594
    endloop
  endfacet
  facet normal -0.865129292011261 0.015287195332348347 0.5013158917427063
    outer loop
      vertex -6.523038864135742 -1.1623358726501465 59.20970916748047
      vertex -7.25112247467041 0.44501397013664246 57.90422821044922
      vertex -7.387543678283691 -1.4942362308502197 57.72793960571289
    endloop
  endfacet
  facet normal -0.7745487689971924 0.09457641839981079 0.6254035234451294
    outer loop
      vertex -6.275055408477783 2.0850071907043457 58.86505889892578
      vertex -7.3831939697265625 2.6251091957092285 57.41097640991211
      vertex -7.25112247467041 0.44501397013664246 57.90422821044922
    endloop
  endfacet
  facet normal -0.7750046253204346 0.1398737132549286 0.6162817478179932
    outer loop
      vertex -7.401498794555664 4.596808910369873 56.940452575683594
      vertex -7.3831939697265625 2.6251091957092285 57.41097640991211
      vertex -6.333071231842041 4.016188144683838 58.41583251953125
    endloop
  endfacet
  facet normal -0.8090905547142029 0.2405797839164734 0.5361844897270203
    outer loop
      vertex -8.052875518798828 6.678240776062012 55.192779541015625
      vertex -8.404074668884277 5.120426177978516 55.36180114746094
      vertex -7.30156135559082 6.463602066040039 56.42280197143555
    endloop
  endfacet
  facet normal -0.7867565751075745 0.4524170160293579 0.4199201762676239
    outer loop
      vertex -7.2782135009765625 7.925414085388184 55.55570602416992
      vertex -7.434892654418945 8.702217102050781 54.425235748291016
      vertex -8.179957389831543 7.520617961883545 54.30233383178711
    endloop
  endfacet
  facet normal -0.7731115221977234 0.14586681127548218 0.6172694563865662
    outer loop
      vertex -6.278711795806885 6.015289306640625 58.01150894165039
      vertex -7.401498794555664 4.596808910369873 56.940452575683594
      vertex -6.333071231842041 4.016188144683838 58.41583251953125
    endloop
  endfacet
  facet normal -0.7969650030136108 0.20064657926559448 0.5697260499000549
    outer loop
      vertex -7.30156135559082 6.463602066040039 56.42280197143555
      vertex -7.401498794555664 4.596808910369873 56.940452575683594
      vertex -6.278711795806885 6.015289306640625 58.01150894165039
    endloop
  endfacet
  facet normal -0.7843087911605835 0.4477884769439697 0.42935463786125183
    outer loop
      vertex -7.2782135009765625 7.925414085388184 55.55570602416992
      vertex -6.078754425048828 8.262178421020508 57.39555358886719
      vertex -6.302430152893066 9.685882568359375 55.502132415771484
    endloop
  endfacet
  facet normal -0.8234733939170837 0.2991173267364502 0.4821000397205353
    outer loop
      vertex -7.2782135009765625 7.925414085388184 55.55570602416992
      vertex -7.30156135559082 6.463602066040039 56.42280197143555
      vertex -6.078754425048828 8.262178421020508 57.39555358886719
    endloop
  endfacet
  facet normal -0.899078905582428 0.30319204926490784 0.3158032298088074
    outer loop
      vertex -4.6989336013793945 9.906458854675293 59.53618621826172
      vertex -4.517579555511475 12.007528305053711 58.03532791137695
      vertex -5.353128433227539 10.30024242401123 57.29566192626953
    endloop
  endfacet
  facet normal -0.8695518374443054 0.10013653337955475 0.48358282446861267
    outer loop
      vertex -6.078754425048828 8.262178421020508 57.39555358886719
      vertex -5.081485271453857 7.344309329986572 59.37885284423828
      vertex -4.6989336013793945 9.906458854675293 59.53618621826172
    endloop
  endfacet
  facet normal -0.9548017382621765 -0.018597230315208435 0.29666122794151306
    outer loop
      vertex -6.523038864135742 -1.1623358726501465 59.20970916748047
      vertex -6.693874359130859 -3.262855052947998 58.5281982421875
      vertex -6.021052360534668 -2.5214102268218994 60.740150451660156
    endloop
  endfacet
  facet normal -0.8495981693267822 0.12604230642318726 0.5121486783027649
    outer loop
      vertex -6.152078628540039 0.46064844727516174 59.42566680908203
      vertex -6.523038864135742 -1.1623358726501465 59.20970916748047
      vertex -5.429661750793457 -0.5868617296218872 60.881874084472656
    endloop
  endfacet
  facet normal -0.7146996259689331 0.1792239099740982 0.676079273223877
    outer loop
      vertex -6.275055408477783 2.0850071907043457 58.86505889892578
      vertex -6.152078628540039 0.46064844727516174 59.42566680908203
      vertex -5.125254154205322 1.5097434520721436 60.23303985595703
    endloop
  endfacet
  facet normal -0.7194913029670715 0.13677455484867096 0.6809001564979553
    outer loop
      vertex -6.333071231842041 4.016188144683838 58.41583251953125
      vertex -6.275055408477783 2.0850071907043457 58.86505889892578
      vertex -5.183145999908447 3.4071972370147705 59.75326156616211
    endloop
  endfacet
  facet normal -0.7668699622154236 0.14719879627227783 0.6246944069862366
    outer loop
      vertex -6.278711795806885 6.015289306640625 58.01150894165039
      vertex -6.333071231842041 4.016188144683838 58.41583251953125
      vertex -5.237043380737305 5.279526710510254 59.463623046875
    endloop
  endfacet
  facet normal -0.5483858585357666 0.3188551068305969 0.7730487585067749
    outer loop
      vertex -5.125254154205322 1.5097434520721436 60.23303985595703
      vertex -5.429661750793457 -0.5868617296218872 60.881874084472656
      vertex -3.896228790283203 0.7393248081207275 61.42265701293945
    endloop
  endfacet
  facet normal -0.6027184724807739 0.17827649414539337 0.7777841091156006
    outer loop
      vertex -5.183145999908447 3.4071972370147705 59.75326156616211
      vertex -5.125254154205322 1.5097434520721436 60.23303985595703
      vertex -3.6852312088012695 2.926128387451172 61.024288177490234
    endloop
  endfacet
  facet normal -0.6969467997550964 0.08999523520469666 0.7114534974098206
    outer loop
      vertex -4.283307075500488 4.570940017700195 60.487545013427734
      vertex -5.237043380737305 5.279526710510254 59.463623046875
      vertex -5.183145999908447 3.4071972370147705 59.75326156616211
    endloop
  endfacet
  facet normal -0.7642382979393005 0.08383005857467651 0.6394625306129456
    outer loop
      vertex -4.094728469848633 6.2410888671875 60.70277786254883
      vertex -5.081485271453857 7.344309329986572 59.37885284423828
      vertex -5.237043380737305 5.279526710510254 59.463623046875
    endloop
  endfacet
  facet normal -0.6501800417900085 0.011492596007883549 0.7596932649612427
    outer loop
      vertex -3.1203129291534424 4.956818580627441 61.47705078125
      vertex -4.283307075500488 4.570940017700195 60.487545013427734
      vertex -3.6852312088012695 2.926128387451172 61.024288177490234
    endloop
  endfacet
  facet normal -0.642756998538971 -0.026092026382684708 0.7656256556510925
    outer loop
      vertex -4.094728469848633 6.2410888671875 60.70277786254883
      vertex -4.283307075500488 4.570940017700195 60.487545013427734
      vertex -3.1203129291534424 4.956818580627441 61.47705078125
    endloop
  endfacet
  facet normal -0.7429012656211853 -0.08907650411128998 0.6634478569030762
    outer loop
      vertex -3.9533185958862305 8.266186714172363 61.133018493652344
      vertex -4.094728469848633 6.2410888671875 60.70277786254883
      vertex -2.7928082942962646 6.9721903800964355 62.25877380371094
    endloop
  endfacet
  facet normal -0.4686222970485687 -0.012405519373714924 0.8833114504814148
    outer loop
      vertex -1.921258807182312 3.639554977416992 61.97014617919922
      vertex -3.6852312088012695 2.926128387451172 61.024288177490234
      vertex -2.170644760131836 1.6245160102844238 61.809539794921875
    endloop
  endfacet
  facet normal -0.44782334566116333 -0.07408777624368668 0.8910473585128784
    outer loop
      vertex -3.1203129291534424 4.956818580627441 61.47705078125
      vertex -3.6852312088012695 2.926128387451172 61.024288177490234
      vertex -1.921258807182312 3.639554977416992 61.97014617919922
    endloop
  endfacet
  facet normal -0.5349670052528381 -0.22855660319328308 0.8133708834648132
    outer loop
      vertex -2.7928082942962646 6.9721903800964355 62.25877380371094
      vertex -3.1203129291534424 4.956818580627441 61.47705078125
      vertex -1.8765709400177002 5.35727596282959 62.40760803222656
    endloop
  endfacet
  facet normal -0.19634228944778442 -0.05373523756861687 0.9790619611740112
    outer loop
      vertex -0.1893736869096756 2.316307306289673 62.244834899902344
      vertex -1.921258807182312 3.639554977416992 61.97014617919922
      vertex -2.170644760131836 1.6245160102844238 61.809539794921875
    endloop
  endfacet
  facet normal -0.3874726891517639 -0.2180391103029251 0.8957253694534302
    outer loop
      vertex -0.44619596004486084 4.638347625732422 62.851356506347656
      vertex -1.8765709400177002 5.35727596282959 62.40760803222656
      vertex -1.921258807182312 3.639554977416992 61.97014617919922
    endloop
  endfacet
  facet normal -0.4503641128540039 -0.4048589766025543 0.7957773208618164
    outer loop
      vertex -1.0730531215667725 6.563811302185059 63.47618865966797
      vertex -1.8765709400177002 5.35727596282959 62.40760803222656
      vertex -0.44619596004486084 4.638347625732422 62.851356506347656
    endloop
  endfacet
  facet normal -0.7598720192909241 0.5834344625473022 0.28670331835746765
    outer loop
      vertex -7.434892654418945 8.702217102050781 54.425235748291016
      vertex -6.957971096038818 9.755389213562012 53.546077728271484
      vertex -8.175985336303711 8.38164234161377 53.11342239379883
    endloop
  endfacet
  facet normal -0.7667304277420044 0.5788806676864624 0.2775276303291321
    outer loop
      vertex -7.434892654418945 8.702217102050781 54.425235748291016
      vertex -6.302430152893066 9.685882568359375 55.502132415771484
      vertex -6.957971096038818 9.755389213562012 53.546077728271484
    endloop
  endfacet
  facet normal -0.722528874874115 0.6851480007171631 0.09232724457979202
    outer loop
      vertex -5.682929992675781 11.060002326965332 54.220279693603516
      vertex -5.033942222595215 11.508989334106445 55.96721649169922
      vertex -4.228131294250488 12.591943740844727 54.23682403564453
    endloop
  endfacet
  facet normal -0.8286851644515991 0.532995879650116 0.17086952924728394
    outer loop
      vertex -5.682929992675781 11.060002326965332 54.220279693603516
      vertex -6.302430152893066 9.685882568359375 55.502132415771484
      vertex -5.033942222595215 11.508989334106445 55.96721649169922
    endloop
  endfacet
  facet normal -0.8394668698310852 0.5408765077590942 -0.05241990089416504
    outer loop
      vertex -5.033942222595215 11.508989334106445 55.96721649169922
      vertex -3.9595394134521484 13.222517967224121 56.44187927246094
      vertex -4.228131294250488 12.591943740844727 54.23682403564453
    endloop
  endfacet
  facet normal 0.008501110598444939 -0.826539933681488 0.562813937664032
    outer loop
      vertex 2.2537479400634766 -12.802488327026367 52.931983947753906
      vertex 2.2111387252807617 -11.612617492675781 54.6800537109375
      vertex 0.9252259731292725 -12.287824630737305 53.70787811279297
    endloop
  endfacet
  facet normal -0.002101788530126214 -0.8200297355651855 0.5723170638084412
    outer loop
      vertex -0.011406397446990013 -11.349206924438477 55.049312591552734
      vertex 0.9252259731292725 -12.287824630737305 53.70787811279297
      vertex 2.2111387252807617 -11.612617492675781 54.6800537109375
    endloop
  endfacet
  facet normal -0.06367547810077667 -0.8728428483009338 0.4838293492794037
    outer loop
      vertex -0.291464239358902 -10.368366241455078 56.78192138671875
      vertex -0.011406397446990013 -11.349206924438477 55.049312591552734
      vertex 1.1800661087036133 -10.786317825317383 56.221588134765625
    endloop
  endfacet
  facet normal -0.10618938505649567 -0.89645916223526 0.43021464347839355
    outer loop
      vertex -0.6296658515930176 -9.522843360900879 58.46030044555664
      vertex -0.291464239358902 -10.368366241455078 56.78192138671875
      vertex 1.124788761138916 -10.032630920410156 57.83108139038086
    endloop
  endfacet
  facet normal 0.09163542091846466 -0.9006012678146362 0.4248770475387573
    outer loop
      vertex 1.124788761138916 -10.032630920410156 57.83108139038086
      vertex 1.1800661087036133 -10.786317825317383 56.221588134765625
      vertex 2.954252243041992 -10.3789701461792 56.70238494873047
    endloop
  endfacet
  facet normal 0.158370703458786 -0.8144335150718689 0.558226466178894
    outer loop
      vertex 2.2111387252807617 -11.612617492675781 54.6800537109375
      vertex 2.2537479400634766 -12.802488327026367 52.931983947753906
      vertex 3.931460380554199 -12.319348335266113 53.16089630126953
    endloop
  endfacet
  facet normal 0.19365261495113373 -0.8675668835639954 0.45806825160980225
    outer loop
      vertex 2.954252243041992 -10.3789701461792 56.70238494873047
      vertex 2.2111387252807617 -11.612617492675781 54.6800537109375
      vertex 4.325789451599121 -11.046307563781738 54.858638763427734
    endloop
  endfacet
  facet normal 0.2593758702278137 -0.8962774276733398 0.359737366437912
    outer loop
      vertex 4.161752700805664 -9.505874633789062 58.007057189941406
      vertex 2.6833505630493164 -9.61933708190918 58.79031753540039
      vertex 2.954252243041992 -10.3789701461792 56.70238494873047
    endloop
  endfacet
  facet normal 0.34029754996299744 -0.7534534335136414 0.5625882744789124
    outer loop
      vertex 6.095323085784912 -10.327731132507324 54.750648498535156
      vertex 4.325789451599121 -11.046307563781738 54.858638763427734
      vertex 5.7137770652771 -11.576889038085938 53.30848693847656
    endloop
  endfacet
  facet normal 0.35847336053848267 -0.8140983581542969 0.4568815529346466
    outer loop
      vertex 6.095323085784912 -10.327731132507324 54.750648498535156
      vertex 5.046657562255859 -9.83083724975586 56.45883560180664
      vertex 4.325789451599121 -11.046307563781738 54.858638763427734
    endloop
  endfacet
  facet normal 0.43234914541244507 -0.7350435256958008 0.52228844165802
    outer loop
      vertex 6.095323085784912 -10.327731132507324 54.750648498535156
      vertex 5.7137770652771 -11.576889038085938 53.30848693847656
      vertex 7.262398719787598 -10.702253341674805 53.25746154785156
    endloop
  endfacet
  facet normal 0.20188790559768677 -0.9486187696456909 0.24364684522151947
    outer loop
      vertex 4.178159236907959 -9.069145202636719 59.69383239746094
      vertex 2.6833505630493164 -9.61933708190918 58.79031753540039
      vertex 4.161752700805664 -9.505874633789062 58.007057189941406
    endloop
  endfacet
  facet normal 0.37920382618904114 -0.8378925919532776 0.39260733127593994
    outer loop
      vertex 5.957502365112305 -8.526832580566406 58.362060546875
      vertex 4.161752700805664 -9.505874633789062 58.007057189941406
      vertex 5.046657562255859 -9.83083724975586 56.45883560180664
    endloop
  endfacet
  facet normal 0.5888893008232117 -0.6323476433753967 0.5033347606658936
    outer loop
      vertex 7.39185094833374 -9.575445175170898 54.52163314819336
      vertex 7.262398719787598 -10.702253341674805 53.25746154785156
      vertex 8.387990951538086 -9.452041625976562 53.511207580566406
    endloop
  endfacet
  facet normal 0.6252079010009766 -0.6158152222633362 0.479465126991272
    outer loop
      vertex 8.35818862915039 -8.216554641723633 55.00688934326172
      vertex 6.772759437561035 -9.037065505981445 56.02039337158203
      vertex 7.39185094833374 -9.575445175170898 54.52163314819336
    endloop
  endfacet
  facet normal 0.640582799911499 -0.6730493307113647 0.3696732223033905
    outer loop
      vertex 5.957502365112305 -8.526832580566406 58.362060546875
      vertex 6.772759437561035 -9.037065505981445 56.02039337158203
      vertex 7.723727703094482 -7.607968330383301 56.974422454833984
    endloop
  endfacet
  facet normal 0.6106080412864685 -0.7373366355895996 0.2889508903026581
    outer loop
      vertex 7.723727703094482 -7.607968330383301 56.974422454833984
      vertex 7.657625198364258 -6.938233375549316 58.8231201171875
      vertex 5.957502365112305 -8.526832580566406 58.362060546875
    endloop
  endfacet
  facet normal 0.7076178789138794 -0.507018506526947 0.4921475052833557
    outer loop
      vertex 9.538658142089844 -6.979583740234375 54.58393859863281
      vertex 8.35818862915039 -8.216554641723633 55.00688934326172
      vertex 9.580728530883789 -8.144388198852539 53.323448181152344
    endloop
  endfacet
  facet normal 0.7334583401679993 -0.5946674942970276 0.32925599813461304
    outer loop
      vertex 8.975101470947266 -6.578516960144043 56.046119689941406
      vertex 8.546974182128906 -6.26746940612793 57.561607360839844
      vertex 7.723727703094482 -7.607968330383301 56.974422454833984
    endloop
  endfacet
  facet normal 0.7809351682662964 -0.5745298862457275 0.24506288766860962
    outer loop
      vertex 8.546974182128906 -6.26746940612793 57.561607360839844
      vertex 8.792266845703125 -5.347716331481934 58.93622589111328
      vertex 7.657625198364258 -6.938233375549316 58.8231201171875
    endloop
  endfacet
  facet normal -0.21408888697624207 -0.9222807288169861 0.3218139111995697
    outer loop
      vertex 0.9385682344436646 -9.35572338104248 59.98252487182617
      vertex -1.208999752998352 -8.754732131958008 60.27621078491211
      vertex -0.6296658515930176 -9.522843360900879 58.46030044555664
    endloop
  endfacet
  facet normal 0.06454027444124222 -0.9502982497215271 0.30457818508148193
    outer loop
      vertex 0.9385682344436646 -9.35572338104248 59.98252487182617
      vertex 1.124788761138916 -10.032630920410156 57.83108139038086
      vertex 2.6833505630493164 -9.61933708190918 58.79031753540039
    endloop
  endfacet
  facet normal 0.23747196793556213 -0.9531232118606567 0.18751820921897888
    outer loop
      vertex 2.7816686630249023 -9.259380340576172 60.49540710449219
      vertex 2.6833505630493164 -9.61933708190918 58.79031753540039
      vertex 4.178159236907959 -9.069145202636719 59.69383239746094
    endloop
  endfacet
  facet normal 0.3702603876590729 -0.9212002754211426 0.11957135796546936
    outer loop
      vertex 5.957502365112305 -8.526832580566406 58.362060546875
      vertex 5.367959976196289 -8.48733901977539 60.49188232421875
      vertex 4.178159236907959 -9.069145202636719 59.69383239746094
    endloop
  endfacet
  facet normal 0.5395698547363281 -0.8256812691688538 0.1646655946969986
    outer loop
      vertex 6.719893455505371 -7.622827529907227 60.39683151245117
      vertex 5.367959976196289 -8.48733901977539 60.49188232421875
      vertex 5.957502365112305 -8.526832580566406 58.362060546875
    endloop
  endfacet
  facet normal 0.8585667014122009 -0.5093017220497131 0.05894775688648224
    outer loop
      vertex 9.263750076293945 -4.3454389572143555 60.72869110107422
      vertex 8.159417152404785 -6.210639953613281 60.69804382324219
      vertex 8.792266845703125 -5.347716331481934 58.93622589111328
    endloop
  endfacet
  facet normal 0.7696018218994141 -0.4324444830417633 0.46979251503944397
    outer loop
      vertex 10.04963493347168 -5.5065131187438965 55.10283279418945
      vertex 9.538658142089844 -6.979583740234375 54.58393859863281
      vertex 10.603719711303711 -6.378046035766602 53.39289855957031
    endloop
  endfacet
  facet normal 0.7989394068717957 -0.46160653233528137 0.38550642132759094
    outer loop
      vertex 10.04963493347168 -5.5065131187438965 55.10283279418945
      vertex 9.518455505371094 -4.826327323913574 57.01812744140625
      vertex 8.975101470947266 -6.578516960144043 56.046119689941406
    endloop
  endfacet
  facet normal 0.8362131118774414 -0.44051218032836914 0.3266445994377136
    outer loop
      vertex 9.518455505371094 -4.826327323913574 57.01812744140625
      vertex 8.546974182128906 -6.26746940612793 57.561607360839844
      vertex 8.975101470947266 -6.578516960144043 56.046119689941406
    endloop
  endfacet
  facet normal 0.8353157043457031 -0.3147929012775421 0.45072513818740845
    outer loop
      vertex 11.001360893249512 -4.587360858917236 53.98097610473633
      vertex 10.507303237915039 -3.6406643390655518 55.55778503417969
      vertex 10.04963493347168 -5.5065131187438965 55.10283279418945
    endloop
  endfacet
  facet normal 0.9049118161201477 -0.34535878896713257 0.24872051179409027
    outer loop
      vertex 9.518455505371094 -4.826327323913574 57.01812744140625
      vertex 9.547115325927734 -3.4781646728515625 58.78583526611328
      vertex 8.792266845703125 -5.347716331481934 58.93622589111328
    endloop
  endfacet
  facet normal 0.885108470916748 -0.28594398498535156 0.3671770691871643
    outer loop
      vertex 10.083711624145508 -2.9385721683502197 57.125648498535156
      vertex 9.518455505371094 -4.826327323913574 57.01812744140625
      vertex 10.507303237915039 -3.6406643390655518 55.55778503417969
    endloop
  endfacet
  facet normal 0.9338968992233276 -0.2914368212223053 0.20712639391422272
    outer loop
      vertex 10.083711624145508 -2.9385721683502197 57.125648498535156
      vertex 9.547115325927734 -3.4781646728515625 58.78583526611328
      vertex 9.518455505371094 -4.826327323913574 57.01812744140625
    endloop
  endfacet
  facet normal 0.9290871024131775 -0.17138241231441498 0.32775795459747314
    outer loop
      vertex 10.507303237915039 -3.6406643390655518 55.55778503417969
      vertex 10.763699531555176 -1.3284401893615723 56.04003143310547
      vertex 10.083711624145508 -2.9385721683502197 57.125648498535156
    endloop
  endfacet
  facet normal 0.8774091005325317 -0.18923741579055786 0.4408428966999054
    outer loop
      vertex 11.473529815673828 -2.6494345664978027 54.060203552246094
      vertex 10.763699531555176 -1.3284401893615723 56.04003143310547
      vertex 10.507303237915039 -3.6406643390655518 55.55778503417969
    endloop
  endfacet
  facet normal 0.9882325530052185 -0.12481530010700226 0.08841709047555923
    outer loop
      vertex 9.565817832946777 -1.986059308052063 60.68315124511719
      vertex 9.263750076293945 -4.3454389572143555 60.72869110107422
      vertex 9.547115325927734 -3.4781646728515625 58.78583526611328
    endloop
  endfacet
  facet normal -0.17654001712799072 -0.2669864594936371 0.9473922252655029
    outer loop
      vertex 1.6049795150756836 4.088727951049805 63.07868957519531
      vertex -0.44619596004486084 4.638347625732422 62.851356506347656
      vertex -0.1893736869096756 2.316307306289673 62.244834899902344
    endloop
  endfacet
  facet normal -0.3538579046726227 -0.39093226194381714 0.8496802449226379
    outer loop
      vertex 0.7959661483764648 5.8543925285339355 63.92816162109375
      vertex -1.0730531215667725 6.563811302185059 63.47618865966797
      vertex -0.44619596004486084 4.638347625732422 62.851356506347656
    endloop
  endfacet
  facet normal 0.024838484823703766 -0.340804785490036 0.9398059248924255
    outer loop
      vertex 3.9970827102661133 4.0595598220825195 63.00489044189453
      vertex 1.6049795150756836 4.088727951049805 63.07868957519531
      vertex 2.5059642791748047 1.8610715866088867 62.24705505371094
    endloop
  endfacet
  facet normal 0.018803419545292854 -0.5576229095458984 0.829881489276886
    outer loop
      vertex 2.971597194671631 5.797395706176758 64.19583129882812
      vertex 1.6049795150756836 4.088727951049805 63.07868957519531
      vertex 3.9970827102661133 4.0595598220825195 63.00489044189453
    endloop
  endfacet
  facet normal 0.2789277732372284 -0.5350232720375061 0.7974643707275391
    outer loop
      vertex 5.403691291809082 6.0722150802612305 63.86320495605469
      vertex 3.9970827102661133 4.0595598220825195 63.00489044189453
      vertex 6.203115940093994 4.463283538818359 62.504150390625
    endloop
  endfacet
  facet normal 0.3677200675010681 -0.274197518825531 0.8885931372642517
    outer loop
      vertex 6.203115940093994 4.463283538818359 62.504150390625
      vertex 5.290022373199463 2.0683655738830566 62.14299774169922
      vertex 7.065120697021484 2.963158130645752 61.684532165527344
    endloop
  endfacet
  facet normal 0.45127880573272705 -0.4342819154262543 0.7795811295509338
    outer loop
      vertex 5.403691291809082 6.0722150802612305 63.86320495605469
      vertex 6.203115940093994 4.463283538818359 62.504150390625
      vertex 7.262598037719727 6.496282577514648 63.02336883544922
    endloop
  endfacet
  facet normal 0.6045057773590088 0.06965543329715729 0.7935495376586914
    outer loop
      vertex 7.065120697021484 2.963158130645752 61.684532165527344
      vertex 7.267114639282227 0.9431822299957275 61.70796585083008
      vertex 8.360841751098633 2.218596935272217 60.762840270996094
    endloop
  endfacet
  facet normal 0.5427923202514648 -0.14050763845443726 0.8280301690101624
    outer loop
      vertex 6.203115940093994 4.463283538818359 62.504150390625
      vertex 7.065120697021484 2.963158130645752 61.684532165527344
      vertex 8.186651229858398 5.10593843460083 61.312950134277344
    endloop
  endfacet
  facet normal 0.7159503102302551 0.6181706786155701 -0.32446911931037903
    outer loop
      vertex 8.990240097045898 13.74105453491211 55.43712615966797
      vertex 8.955650329589844 12.918943405151367 53.79453659057617
      vertex 7.8390398025512695 14.563873291015625 54.46458435058594
    endloop
  endfacet
  facet normal 0.8634775876998901 0.4688471555709839 -0.18598082661628723
    outer loop
      vertex 9.829023361206055 12.676627159118652 56.648094177246094
      vertex 9.901880264282227 11.610498428344727 54.2987060546875
      vertex 8.990240097045898 13.74105453491211 55.43712615966797
    endloop
  endfacet
  facet normal 0.9681745767593384 -0.10688818246126175 0.22630275785923004
    outer loop
      vertex 9.949518203735352 8.089251518249512 59.27887725830078
      vertex 10.4130859375 8.492496490478516 57.48609161376953
      vertex 10.219675064086914 10.397418975830078 59.213287353515625
    endloop
  endfacet
  facet normal 0.8999928832054138 -0.05462756007909775 0.43246811628341675
    outer loop
      vertex 11.093396186828613 1.4167412519454956 55.7006721496582
      vertex 10.763699531555176 -1.3284401893615723 56.04003143310547
      vertex 11.699495315551758 -0.4865322709083557 54.19892883300781
    endloop
  endfacet
  facet normal 0.9419872760772705 -0.029313825070858 0.3343663215637207
    outer loop
      vertex 10.332359313964844 0.3878723978996277 57.40568542480469
      vertex 9.984151840209961 -1.427595853805542 58.22750473022461
      vertex 10.763699531555176 -1.3284401893615723 56.04003143310547
    endloop
  endfacet
  facet normal 0.9207643866539001 -0.006152799353003502 0.39007073640823364
    outer loop
      vertex 10.205806732177734 2.483724355697632 57.73747253417969
      vertex 9.517297744750977 0.7491815090179443 59.33534240722656
      vertex 10.332359313964844 0.3878723978996277 57.40568542480469
    endloop
  endfacet
  facet normal 0.9169740080833435 -0.0041702366434037685 0.3989253342151642
    outer loop
      vertex 10.819467544555664 4.255641937255859 56.36000442504883
      vertex 11.093396186828613 1.4167412519454956 55.7006721496582
      vertex 11.643852233886719 3.1809732913970947 54.45383071899414
    endloop
  endfacet
  facet normal 0.9192175269126892 -0.0124037591740489 0.3935548961162567
    outer loop
      vertex 10.819467544555664 4.255641937255859 56.36000442504883
      vertex 10.046043395996094 4.511970520019531 58.17455291748047
      vertex 10.205806732177734 2.483724355697632 57.73747253417969
    endloop
  endfacet
  facet normal 0.8818853497505188 -0.03190067782998085 0.47038334608078003
    outer loop
      vertex 10.046043395996094 4.511970520019531 58.17455291748047
      vertex 9.318218231201172 3.5066511631011963 59.470916748046875
      vertex 10.205806732177734 2.483724355697632 57.73747253417969
    endloop
  endfacet
  facet normal 0.9525233507156372 0.1095922440290451 0.28405770659446716
    outer loop
      vertex 11.354324340820312 6.752010345458984 54.329078674316406
      vertex 10.867383003234863 6.632275104522705 56.008121490478516
      vertex 11.44290542602539 5.110551834106445 54.66533279418945
    endloop
  endfacet
  facet normal 0.9321714639663696 0.03456166759133339 0.3603636920452118
    outer loop
      vertex 10.867383003234863 6.632275104522705 56.008121490478516
      vertex 10.819467544555664 4.255641937255859 56.36000442504883
      vertex 11.44290542602539 5.110551834106445 54.66533279418945
    endloop
  endfacet
  facet normal 0.9172088503837585 -0.039155520498752594 0.3964777886867523
    outer loop
      vertex 10.285015106201172 6.3313775062561035 57.80139923095703
      vertex 10.046043395996094 4.511970520019531 58.17455291748047
      vertex 10.819467544555664 4.255641937255859 56.36000442504883
    endloop
  endfacet
  facet normal 0.9178328514099121 -0.13774529099464417 0.3723026216030121
    outer loop
      vertex 10.285015106201172 6.3313775062561035 57.80139923095703
      vertex 9.949518203735352 8.089251518249512 59.27887725830078
      vertex 9.522894859313965 5.912854194641113 59.52539825439453
    endloop
  endfacet
  facet normal 0.9817113280296326 0.06871634721755981 0.17754146456718445
    outer loop
      vertex 10.769847869873047 8.728475570678711 55.42205047607422
      vertex 10.309802055358887 10.68259334564209 57.20953369140625
      vertex 10.4130859375 8.492496490478516 57.48609161376953
    endloop
  endfacet
  facet normal 0.8495631217956543 0.24520304799079895 0.4670310318470001
    outer loop
      vertex 9.517297744750977 0.7491815090179443 59.33534240722656
      vertex 8.77083683013916 0.012177318334579468 61.08015441894531
      vertex 9.565817832946777 -1.986059308052063 60.68315124511719
    endloop
  endfacet
  facet normal 0.8575159907341003 0.2258204072713852 0.46224620938301086
    outer loop
      vertex 8.360841751098633 2.218596935272217 60.762840270996094
      vertex 8.77083683013916 0.012177318334579468 61.08015441894531
      vertex 9.517297744750977 0.7491815090179443 59.33534240722656
    endloop
  endfacet
  facet normal 0.8241763114929199 -0.29809555411338806 0.48153138160705566
    outer loop
      vertex 9.288856506347656 7.868607997894287 61.136695861816406
      vertex 8.186651229858398 5.10593843460083 61.312950134277344
      vertex 9.522894859313965 5.912854194641113 59.52539825439453
    endloop
  endfacet
  facet normal 0.640045702457428 -0.3894258141517639 0.6623361110687256
    outer loop
      vertex 8.427160263061523 7.375340461730957 62.41484832763672
      vertex 7.262598037719727 6.496282577514648 63.02336883544922
      vertex 8.186651229858398 5.10593843460083 61.312950134277344
    endloop
  endfacet
  facet normal 0.9702553153038025 0.21893860399723053 0.10329899936914444
    outer loop
      vertex 10.314981460571289 10.700849533081055 55.51409149169922
      vertex 10.769847869873047 8.728475570678711 55.42205047607422
      vertex 10.70184326171875 9.707605361938477 53.985565185546875
    endloop
  endfacet
  facet normal -2.355704054934904e-06 0.707108736038208 0.7071048617362976
    outer loop
      vertex 2.999999523162842 7.290668964385986 64.7093276977539
      vertex 2.9999992847442627 6.767409801483154 65.23258972167969
      vertex 4.2993011474609375 7.381157398223877 64.61884307861328
    endloop
  endfacet
  facet normal -1.2797531780961435e-06 0.7071076035499573 0.7071059346199036
    outer loop
      vertex 2.9999992847442627 6.767409801483154 65.23258972167969
      vertex 4.443667888641357 6.867952346801758 65.13204956054688
      vertex 4.2993011474609375 7.381157398223877 64.61884307861328
    endloop
  endfacet
  facet normal 6.199224458214303e-07 0.7071078419685364 0.7071057558059692
    outer loop
      vertex 5.548671722412109 7.649145603179932 64.3508529663086
      vertex 4.2993011474609375 7.381157398223877 64.61884307861328
      vertex 4.443667888641357 6.867952346801758 65.13204956054688
    endloop
  endfacet
  facet normal 1.1577058103284799e-06 0.7071074843406677 0.7071061134338379
    outer loop
      vertex 4.443667888641357 6.867952346801758 65.13204956054688
      vertex 5.831857681274414 7.165717124938965 64.83428192138672
      vertex 5.548671722412109 7.649145603179932 64.3508529663086
    endloop
  endfacet
  facet normal -9.298849477090698e-07 0.7071068286895752 0.7071067094802856
    outer loop
      vertex 6.700098037719727 8.084335327148438 63.91566467285156
      vertex 5.548671722412109 7.649145603179932 64.3508529663086
      vertex 5.831857681274414 7.165717124938965 64.83428192138672
    endloop
  endfacet
  facet normal 4.3239646174697555e-07 0.7071062326431274 0.7071073055267334
    outer loop
      vertex 5.831857681274414 7.165717124938965 64.83428192138672
      vertex 7.111220359802246 7.649260520935059 64.35073852539062
      vertex 6.700098037719727 8.084335327148438 63.91566467285156
    endloop
  endfacet
  facet normal -2.789659561130975e-07 0.7071058750152588 0.707107663154602
    outer loop
      vertex 7.709331035614014 8.670000076293945 63.33000183105469
      vertex 6.700098037719727 8.084335327148438 63.91566467285156
      vertex 7.111220359802246 7.649260520935059 64.35073852539062
    endloop
  endfacet
  facet normal 8.229507670876046e-07 0.7071055769920349 0.7071080207824707
    outer loop
      vertex 7.111220359802246 7.649260520935059 64.35073852539062
      vertex 8.232589721679688 8.299999237060547 63.70000076293945
      vertex 7.709331035614014 8.670000076293945 63.33000183105469
    endloop
  endfacet
  facet normal 2.8826489142375067e-06 0.7071070075035095 0.7071065902709961
    outer loop
      vertex 8.537586212158203 9.383634567260742 62.616363525390625
      vertex 7.709331035614014 8.670000076293945 63.33000183105469
      vertex 8.232589721679688 8.299999237060547 63.70000076293945
    endloop
  endfacet
  facet normal -3.361534027135349e-06 0.7071078419685364 0.7071056962013245
    outer loop
      vertex 8.232589721679688 8.299999237060547 63.70000076293945
      vertex 9.152873992919922 9.092927932739258 62.907073974609375
      vertex 8.537586212158203 9.383634567260742 62.616363525390625
    endloop
  endfacet
  facet normal -4.091493337909924e-06 0.7071071267127991 0.7071064710617065
    outer loop
      vertex 9.153038024902344 10.197815895080566 61.80218505859375
      vertex 8.537586212158203 9.383634567260742 62.616363525390625
      vertex 9.152873992919922 9.092927932739258 62.907073974609375
    endloop
  endfacet
  facet normal 1.1716571179931634e-06 0.7071070671081543 0.7071064710617065
    outer loop
      vertex 9.152873992919922 9.092927932739258 62.907073974609375
      vertex 9.836708068847656 9.997573852539062 62.00242614746094
      vertex 9.153038024902344 10.197815895080566 61.80218505859375
    endloop
  endfacet
  facet normal 6.664190550509375e-07 0.7071062326431274 0.7071073055267334
    outer loop
      vertex 9.53203010559082 11.081254959106445 60.91874694824219
      vertex 9.153038024902344 10.197815895080566 61.80218505859375
      vertex 9.836708068847656 9.997573852539062 62.00242614746094
    endloop
  endfacet
  facet normal 1.75051218320732e-06 0.7071064114570618 0.7071071863174438
    outer loop
      vertex 9.836708068847656 9.997573852539062 62.00242614746094
      vertex 10.257810592651367 10.979171752929688 61.02082824707031
      vertex 9.53203010559082 11.081254959106445 60.91874694824219
    endloop
  endfacet
  facet normal 2.022501575993374e-06 0.7071073651313782 0.7071061730384827
    outer loop
      vertex 9.65999984741211 12.0 60.0
      vertex 9.53203010559082 11.081254959106445 60.91874694824219
      vertex 10.257810592651367 10.979171752929688 61.02082824707031
    endloop
  endfacet
  facet normal 0.0 0.7071067690849304 0.7071067690849304
    outer loop
      vertex 9.65999984741211 12.0 60.0
      vertex 10.257810592651367 10.979171752929688 61.02082824707031
      vertex 10.399999618530273 12.0 60.0
    endloop
  endfacet
  facet normal 0.0 0.7071067690849304 0.7071067690849304
    outer loop
      vertex 9.65999984741211 12.0 60.0
      vertex 10.399999618530273 12.0 60.0
      vertex 10.257810592651367 13.020828247070312 58.97917175292969
    endloop
  endfacet
  facet normal -2.022501575993374e-06 0.7071073651313782 0.7071061730384827
    outer loop
      vertex 10.257810592651367 13.020828247070312 58.97917175292969
      vertex 9.53203010559082 12.918745040893555 59.08125305175781
      vertex 9.65999984741211 12.0 60.0
    endloop
  endfacet
  facet normal -1.75051218320732e-06 0.7071064114570618 0.7071071863174438
    outer loop
      vertex 9.53203010559082 12.918745040893555 59.08125305175781
      vertex 10.257810592651367 13.020828247070312 58.97917175292969
      vertex 9.836708068847656 14.002426147460938 57.99757385253906
    endloop
  endfacet
  facet normal -6.66418031869398e-07 0.7071062326431274 0.7071073055267334
    outer loop
      vertex 9.836708068847656 14.002426147460938 57.99757385253906
      vertex 9.153037071228027 13.802184104919434 58.19781494140625
      vertex 9.53203010559082 12.918745040893555 59.08125305175781
    endloop
  endfacet
  facet normal -8.090029268714716e-07 0.7071064710617065 0.7071071267127991
    outer loop
      vertex 9.153037071228027 13.802184104919434 58.19781494140625
      vertex 9.836708068847656 14.002426147460938 57.99757385253906
      vertex 9.152875900268555 14.90707015991211 57.09292984008789
    endloop
  endfacet
  facet normal 2.9446465532600996e-07 0.7071064710617065 0.7071070671081543
    outer loop
      vertex 9.152875900268555 14.90707015991211 57.09292984008789
      vertex 8.537588119506836 14.616363525390625 57.383636474609375
      vertex 9.153037071228027 13.802184104919434 58.19781494140625
    endloop
  endfacet
  facet normal -2.650173200891004e-07 0.7071070075035095 0.7071065306663513
    outer loop
      vertex 8.537588119506836 14.616363525390625 57.383636474609375
      vertex 9.152875900268555 14.90707015991211 57.09292984008789
      vertex 8.23259162902832 15.699999809265137 56.29999923706055
    endloop
  endfacet
  facet normal 2.851642875612015e-06 0.7071075439453125 0.7071060538291931
    outer loop
      vertex 8.23259162902832 15.699999809265137 56.29999923706055
      vertex 7.709331512451172 15.329999923706055 56.67000198364258
      vertex 8.537588119506836 14.616363525390625 57.383636474609375
    endloop
  endfacet
  facet normal 2.0643421976274112e-06 0.7071080207824707 0.7071055173873901
    outer loop
      vertex 7.709331512451172 15.329999923706055 56.67000198364258
      vertex 8.23259162902832 15.699999809265137 56.29999923706055
      vertex 7.111220359802246 16.350738525390625 55.649261474609375
    endloop
  endfacet
  facet normal 1.5498103778099903e-07 0.7071074843406677 0.7071061134338379
    outer loop
      vertex 7.111220359802246 16.350738525390625 55.649261474609375
      vertex 6.700098037719727 15.915665626525879 56.08433532714844
      vertex 7.709331512451172 15.329999923706055 56.67000198364258
    endloop
  endfacet
  facet normal 1.2135011502323323e-06 0.7071070075035095 0.7071065306663513
    outer loop
      vertex 6.700098037719727 15.915665626525879 56.08433532714844
      vertex 7.111220359802246 16.350738525390625 55.649261474609375
      vertex 5.831857681274414 16.83428382873535 55.16571807861328
    endloop
  endfacet
  facet normal 4.804404056812928e-07 0.7071066498756409 0.70710688829422
    outer loop
      vertex 5.831857681274414 16.83428382873535 55.16571807861328
      vertex 5.548671722412109 16.350854873657227 55.649147033691406
      vertex 6.700098037719727 15.915665626525879 56.08433532714844
    endloop
  endfacet
  facet normal -1.7156357898784336e-06 0.7071073055267334 0.7071062922477722
    outer loop
      vertex 5.548671722412109 16.350854873657227 55.649147033691406
      vertex 5.831857681274414 16.83428382873535 55.16571807861328
      vertex 4.443667888641357 17.132047653198242 54.867950439453125
    endloop
  endfacet
  facet normal -4.959381385560846e-07 0.7071081399917603 0.7071053981781006
    outer loop
      vertex 4.443667888641357 17.132047653198242 54.867950439453125
      vertex 4.2993011474609375 16.61884307861328 55.38115692138672
      vertex 5.548671722412109 16.350854873657227 55.649147033691406
    endloop
  endfacet
  facet normal 1.0949397619697265e-06 0.7071079611778259 0.7071055769920349
    outer loop
      vertex 4.2993011474609375 16.61884307861328 55.38115692138672
      vertex 4.443667888641357 17.132047653198242 54.867950439453125
      vertex 3.0 17.232589721679688 54.76741027832031
    endloop
  endfacet
  facet normal 0.0 0.7071067690849304 0.7071067690849304
    outer loop
      vertex 4.2993011474609375 16.61884307861328 55.38115692138672
      vertex 3.0 17.232589721679688 54.76741027832031
      vertex 3.0 16.709331512451172 55.29066848754883
    endloop
  endfacet
  facet normal 2.3479565243178513e-06 0.7071086764335632 0.7071048617362976
    outer loop
      vertex 2.999999523162842 7.290668964385986 64.7093276977539
      vertex 1.700698971748352 7.381157398223877 64.61884307861328
      vertex 2.9999992847442627 6.767409801483154 65.23258972167969
    endloop
  endfacet
  facet normal 1.2832415450247936e-06 0.7071076035499573 0.7071059346199036
    outer loop
      vertex 2.9999992847442627 6.767409801483154 65.23258972167969
      vertex 1.700698971748352 7.381157398223877 64.61884307861328
      vertex 1.5563321113586426 6.867952346801758 65.13204956054688
    endloop
  endfacet
  facet normal -6.199225026648492e-07 0.7071078419685364 0.7071057558059692
    outer loop
      vertex 0.4513285160064697 7.649145603179932 64.3508529663086
      vertex 1.5563321113586426 6.867952346801758 65.13204956054688
      vertex 1.700698971748352 7.381157398223877 64.61884307861328
    endloop
  endfacet
  facet normal -1.1437576858952525e-06 0.7071074843406677 0.7071061134338379
    outer loop
      vertex 1.5563321113586426 6.867952346801758 65.13204956054688
      vertex 0.4513285160064697 7.649145603179932 64.3508529663086
      vertex 0.16814255714416504 7.165717124938965 64.83428192138672
    endloop
  endfacet
  facet normal 9.298847771788132e-07 0.7071068286895752 0.7071067094802856
    outer loop
      vertex -0.7000980377197266 8.084335327148438 63.91566467285156
      vertex 0.16814255714416504 7.165717124938965 64.83428192138672
      vertex 0.4513285160064697 7.649145603179932 64.3508529663086
    endloop
  endfacet
  facet normal -4.4634472828875005e-07 0.7071062326431274 0.7071073651313782
    outer loop
      vertex 0.16814255714416504 7.165717124938965 64.83428192138672
      vertex -0.7000980377197266 8.084335327148438 63.91566467285156
      vertex -1.111220359802246 7.649260520935059 64.35073852539062
    endloop
  endfacet
  facet normal 2.789659561130975e-07 0.7071058750152588 0.707107663154602
    outer loop
      vertex -1.7093310356140137 8.670000076293945 63.33000183105469
      vertex -1.111220359802246 7.649260520935059 64.35073852539062
      vertex -0.7000980377197266 8.084335327148438 63.91566467285156
    endloop
  endfacet
  facet normal -8.368990620510885e-07 0.7071055769920349 0.7071080207824707
    outer loop
      vertex -1.111220359802246 7.649260520935059 64.35073852539062
      vertex -1.7093310356140137 8.670000076293945 63.33000183105469
      vertex -2.2325897216796875 8.299999237060547 63.70000076293945
    endloop
  endfacet
  facet normal -2.8826477773691295e-06 0.7071070075035095 0.7071065306663513
    outer loop
      vertex -2.5375866889953613 9.383634567260742 62.616363525390625
      vertex -2.2325897216796875 8.299999237060547 63.70000076293945
      vertex -1.7093310356140137 8.670000076293945 63.33000183105469
    endloop
  endfacet
  facet normal 3.3475880627520382e-06 0.7071079015731812 0.7071056962013245
    outer loop
      vertex -2.2325897216796875 8.299999237060547 63.70000076293945
      vertex -2.5375866889953613 9.383634567260742 62.616363525390625
      vertex -3.152873992919922 9.092927932739258 62.907073974609375
    endloop
  endfacet
  facet normal 4.091496975888731e-06 0.7071070671081543 0.7071064710617065
    outer loop
      vertex -3.1530375480651855 10.197815895080566 61.80218505859375
      vertex -3.152873992919922 9.092927932739258 62.907073974609375
      vertex -2.5375866889953613 9.383634567260742 62.616363525390625
    endloop
  endfacet
  facet normal -1.171655640064273e-06 0.7071070671081543 0.7071064710617065
    outer loop
      vertex -3.152873992919922 9.092927932739258 62.907073974609375
      vertex -3.1530375480651855 10.197815895080566 61.80218505859375
      vertex -3.8367085456848145 9.997573852539062 62.00242614746094
    endloop
  endfacet
  facet normal -6.664182592430734e-07 0.7071062922477722 0.7071073055267334
    outer loop
      vertex -3.532029628753662 11.081254959106445 60.91874694824219
      vertex -3.8367085456848145 9.997573852539062 62.00242614746094
      vertex -3.1530375480651855 10.197815895080566 61.80218505859375
    endloop
  endfacet
  facet normal -1.7505100231574033e-06 0.7071064114570618 0.7071071863174438
    outer loop
      vertex -3.8367085456848145 9.997573852539062 62.00242614746094
      vertex -3.532029628753662 11.081254959106445 60.91874694824219
      vertex -4.257811069488525 10.979171752929688 61.02082824707031
    endloop
  endfacet
  facet normal -2.0302479697420495e-06 0.7071073651313782 0.7071061730384827
    outer loop
      vertex -3.6599998474121094 12.0 60.0
      vertex -4.257811069488525 10.979171752929688 61.02082824707031
      vertex -3.532029628753662 11.081254959106445 60.91874694824219
    endloop
  endfacet
  facet normal 0.0 0.7071067690849304 0.7071067690849304
    outer loop
      vertex -3.6599998474121094 12.0 60.0
      vertex -4.400000095367432 12.0 60.0
      vertex -4.257811069488525 10.979171752929688 61.02082824707031
    endloop
  endfacet
  facet normal 0.0 0.7071067690849304 0.7071067690849304
    outer loop
      vertex -3.6599998474121094 12.0 60.0
      vertex -4.257811069488525 13.020828247070312 58.97917175292969
      vertex -4.400000095367432 12.0 60.0
    endloop
  endfacet
  facet normal 2.0457459868339356e-06 0.7071073651313782 0.7071062326431274
    outer loop
      vertex -4.257811069488525 13.020828247070312 58.97917175292969
      vertex -3.6599998474121094 12.0 60.0
      vertex -3.532029628753662 12.918745040893555 59.08125305175781
    endloop
  endfacet
  facet normal 1.67379448612337e-06 0.7071064114570618 0.7071071267127991
    outer loop
      vertex -3.532029628753662 12.918745040893555 59.08125305175781
      vertex -3.8367080688476562 14.002426147460938 57.99757385253906
      vertex -4.257811069488525 13.020828247070312 58.97917175292969
    endloop
  endfacet
  facet normal 6.819162763349595e-07 0.7071062326431274 0.7071073651313782
    outer loop
      vertex -3.8367080688476562 14.002426147460938 57.99757385253906
      vertex -3.532029628753662 12.918745040893555 59.08125305175781
      vertex -3.1530370712280273 13.802184104919434 58.19781494140625
    endloop
  endfacet
  facet normal 7.811062801010848e-07 0.7071064710617065 0.7071071267127991
    outer loop
      vertex -3.1530370712280273 13.802184104919434 58.19781494140625
      vertex -3.1528759002685547 14.90707015991211 57.09292984008789
      vertex -3.8367080688476562 14.002426147460938 57.99757385253906
    endloop
  endfacet
  facet normal -2.479702629898384e-07 0.7071064710617065 0.7071071267127991
    outer loop
      vertex -3.1528759002685547 14.90707015991211 57.09292984008789
      vertex -3.1530370712280273 13.802184104919434 58.19781494140625
      vertex -2.537588119506836 14.616363525390625 57.383636474609375
    endloop
  endfacet
  facet normal 2.789655866308749e-07 0.7071070671081543 0.7071065306663513
    outer loop
      vertex -2.537588119506836 14.616363525390625 57.383636474609375
      vertex -2.232591152191162 15.699999809265137 56.29999923706055
      vertex -3.1528759002685547 14.90707015991211 57.09292984008789
    endloop
  endfacet
  facet normal -2.9136369903426385e-06 0.7071075439453125 0.7071060538291931
    outer loop
      vertex -2.232591152191162 15.699999809265137 56.29999923706055
      vertex -2.537588119506836 14.616363525390625 57.383636474609375
      vertex -1.7093315124511719 15.329999923706055 56.67000198364258
    endloop
  endfacet
  facet normal -2.0643433344957884e-06 0.7071080803871155 0.7071055173873901
    outer loop
      vertex -1.7093315124511719 15.329999923706055 56.67000198364258
      vertex -1.111220359802246 16.350738525390625 55.649261474609375
      vertex -2.232591152191162 15.699999809265137 56.29999923706055
    endloop
  endfacet
  facet normal -1.2398483306697017e-07 0.707107424736023 0.7071061134338379
    outer loop
      vertex -1.111220359802246 16.350738525390625 55.649261474609375
      vertex -1.7093315124511719 15.329999923706055 56.67000198364258
      vertex -0.7000980377197266 15.915665626525879 56.08433532714844
    endloop
  endfacet
  facet normal -1.2274492746655596e-06 0.7071069478988647 0.7071066498756409
    outer loop
      vertex -0.7000980377197266 15.915665626525879 56.08433532714844
      vertex 0.16814255714416504 16.83428382873535 55.16571807861328
      vertex -1.111220359802246 16.350738525390625 55.649261474609375
    endloop
  endfacet
  facet normal -4.649422749025689e-07 0.7071066498756409 0.70710688829422
    outer loop
      vertex 0.16814255714416504 16.83428382873535 55.16571807861328
      vertex -0.7000980377197266 15.915665626525879 56.08433532714844
      vertex 0.4513285160064697 16.350854873657227 55.649147033691406
    endloop
  endfacet
  facet normal 1.7295840279984986e-06 0.7071073055267334 0.7071062922477722
    outer loop
      vertex 0.4513285160064697 16.350854873657227 55.649147033691406
      vertex 1.5563322305679321 17.132047653198242 54.867950439453125
      vertex 0.16814255714416504 16.83428382873535 55.16571807861328
    endloop
  endfacet
  facet normal 4.804400646207796e-07 0.7071081399917603 0.7071053981781006
    outer loop
      vertex 1.5563322305679321 17.132047653198242 54.867950439453125
      vertex 0.4513285160064697 16.350854873657227 55.649147033691406
      vertex 1.7006990909576416 16.61884307861328 55.38115692138672
    endloop
  endfacet
  facet normal -1.0984269920299994e-06 0.7071079611778259 0.7071056365966797
    outer loop
      vertex 1.7006990909576416 16.61884307861328 55.38115692138672
      vertex 3.0 17.232589721679688 54.76741027832031
      vertex 1.5563322305679321 17.132047653198242 54.867950439453125
    endloop
  endfacet
  facet normal 0.0 0.7071067690849304 0.7071067690849304
    outer loop
      vertex 1.7006990909576416 16.61884307861328 55.38115692138672
      vertex 3.0 16.709331512451172 55.29066848754883
      vertex 3.0 17.232589721679688 54.76741027832031
    endloop
  endfacet
  facet normal 0.0 0.7071067690849304 0.7071067690849304
    outer loop
      vertex 4.4800004959106445 13.8126220703125 58.1873779296875
      vertex 3.0 14.093036651611328 57.90696334838867
      vertex 3.0 13.308147430419922 58.69185256958008
    endloop
  endfacet
  facet normal -2.747991629803437e-07 0.7071071863174438 0.7071064114570618
    outer loop
      vertex 3.0 13.308147430419922 58.69185256958008
      vertex 4.30814790725708 12.925000190734863 59.07500076293945
      vertex 4.4800004959106445 13.8126220703125 58.1873779296875
    endloop
  endfacet
  facet normal -6.215990424607298e-07 0.7071072459220886 0.707106351852417
    outer loop
      vertex 4.4800004959106445 13.8126220703125 58.1873779296875
      vertex 4.30814790725708 12.925000190734863 59.07500076293945
      vertex 5.5634355545043945 13.046518325805664 58.95348358154297
    endloop
  endfacet
  facet normal -4.4654896669271693e-07 0.7071062922477722 0.7071072459220886
    outer loop
      vertex 4.30814790725708 12.925000190734863 59.07500076293945
      vertex 4.849999904632568 12.0 60.0
      vertex 5.5634355545043945 13.046518325805664 58.95348358154297
    endloop
  endfacet
  facet normal 0.0 0.7071061730384827 0.707107424736023
    outer loop
      vertex 5.5634355545043945 13.046518325805664 58.95348358154297
      vertex 4.849999904632568 12.0 60.0
      vertex 5.960000038146973 12.0 60.0
    endloop
  endfacet
  facet normal 0.0 0.7071061730384827 0.707107424736023
    outer loop
      vertex 5.5634355545043945 10.953481674194336 61.04651641845703
      vertex 5.960000038146973 12.0 60.0
      vertex 4.849999904632568 12.0 60.0
    endloop
  endfacet
  facet normal 4.422550432536809e-07 0.7071062922477722 0.7071072459220886
    outer loop
      vertex 4.849999904632568 12.0 60.0
      vertex 4.308147430419922 11.074999809265137 60.92499923706055
      vertex 5.5634355545043945 10.953481674194336 61.04651641845703
    endloop
  endfacet
  facet normal 6.215987582436355e-07 0.7071071863174438 0.707106351852417
    outer loop
      vertex 5.5634355545043945 10.953481674194336 61.04651641845703
      vertex 4.308147430419922 11.074999809265137 60.92499923706055
      vertex 4.480000019073486 10.1873779296875 61.8126220703125
    endloop
  endfacet
  facet normal 2.7479921982376254e-07 0.7071071863174438 0.7071064114570618
    outer loop
      vertex 4.308147430419922 11.074999809265137 60.92499923706055
      vertex 2.999999761581421 10.691852569580078 61.30814743041992
      vertex 4.480000019073486 10.1873779296875 61.8126220703125
    endloop
  endfacet
  facet normal 0.0 0.7071067690849304 0.7071067690849304
    outer loop
      vertex 4.480000019073486 10.1873779296875 61.8126220703125
      vertex 2.999999761581421 10.691852569580078 61.30814743041992
      vertex 2.999999761581421 9.906963348388672 62.09303665161133
    endloop
  endfacet
  facet normal -3.081338206811779e-07 0.7071064710617065 0.7071071267127991
    outer loop
      vertex 2.999999523162842 8.860445976257324 63.13955307006836
      vertex 4.699114799499512 9.099430084228516 62.900569915771484
      vertex 2.999999761581421 9.906963348388672 62.09303665161133
    endloop
  endfacet
  facet normal 0.0 0.7071067690849304 0.7071067690849304
    outer loop
      vertex 2.999999761581421 9.906963348388672 62.09303665161133
      vertex 4.699114799499512 9.099430084228516 62.900569915771484
      vertex 4.480000019073486 10.1873779296875 61.8126220703125
    endloop
  endfacet
  facet normal -4.17478929648496e-07 0.7071067094802856 0.7071068286895752
    outer loop
      vertex 4.699114799499512 9.099430084228516 62.900569915771484
      vertex 6.139554023742676 9.779999732971191 62.220001220703125
      vertex 4.480000019073486 10.1873779296875 61.8126220703125
    endloop
  endfacet
  facet normal 1.2303776664168709e-08 0.707107663154602 0.7071059346199036
    outer loop
      vertex 4.480000019073486 10.1873779296875 61.8126220703125
      vertex 6.139554023742676 9.779999732971191 62.220001220703125
      vertex 5.5634355545043945 10.953481674194336 61.04651641845703
    endloop
  endfacet
  facet normal 1.841817720560357e-07 0.707107663154602 0.7071058750152588
    outer loop
      vertex 6.139554023742676 9.779999732971191 62.220001220703125
      vertex 7.102025032043457 10.798543930053711 61.201454162597656
      vertex 5.5634355545043945 10.953481674194336 61.04651641845703
    endloop
  endfacet
  facet normal -1.26067135397534e-07 0.7071061730384827 0.707107424736023
    outer loop
      vertex 5.5634355545043945 10.953481674194336 61.04651641845703
      vertex 7.102025032043457 10.798543930053711 61.201454162597656
      vertex 5.960000038146973 12.0 60.0
    endloop
  endfacet
  facet normal 0.0 0.7071062326431274 0.7071073651313782
    outer loop
      vertex 7.102025032043457 10.798543930053711 61.201454162597656
      vertex 7.440000057220459 12.0 60.0
      vertex 5.960000038146973 12.0 60.0
    endloop
  endfacet
  facet normal 0.0 0.7071062326431274 0.7071073651313782
    outer loop
      vertex 7.440000057220459 12.0 60.0
      vertex 7.102024555206299 13.201456069946289 58.798545837402344
      vertex 5.960000038146973 12.0 60.0
    endloop
  endfacet
  facet normal 1.2606717803009815e-07 0.7071061730384827 0.707107424736023
    outer loop
      vertex 5.960000038146973 12.0 60.0
      vertex 7.102024555206299 13.201456069946289 58.798545837402344
      vertex 5.5634355545043945 13.046518325805664 58.95348358154297
    endloop
  endfacet
  facet normal -2.4557593292229285e-07 0.7071080207824707 0.7071055769920349
    outer loop
      vertex 7.102024555206299 13.201456069946289 58.798545837402344
      vertex 6.139554977416992 14.219999313354492 57.779998779296875
      vertex 5.5634355545043945 13.046518325805664 58.95348358154297
    endloop
  endfacet
  facet normal 2.8298688903305447e-07 0.7071078419685364 0.7071056962013245
    outer loop
      vertex 5.5634355545043945 13.046518325805664 58.95348358154297
      vertex 6.139554977416992 14.219999313354492 57.779998779296875
      vertex 4.4800004959106445 13.8126220703125 58.1873779296875
    endloop
  endfacet
  facet normal 8.595151257395628e-07 0.7071067094802856 0.7071068286895752
    outer loop
      vertex 6.139554977416992 14.219999313354492 57.779998779296875
      vertex 4.699114799499512 14.900569915771484 57.099430084228516
      vertex 4.4800004959106445 13.8126220703125 58.1873779296875
    endloop
  endfacet
  facet normal 0.0 0.7071067690849304 0.7071067690849304
    outer loop
      vertex 4.4800004959106445 13.8126220703125 58.1873779296875
      vertex 4.699114799499512 14.900569915771484 57.099430084228516
      vertex 3.0 14.093036651611328 57.90696334838867
    endloop
  endfacet
  facet normal 3.081339343680156e-07 0.7071064710617065 0.7071071267127991
    outer loop
      vertex 3.0 15.139554023742676 56.86044692993164
      vertex 3.0 14.093036651611328 57.90696334838867
      vertex 4.699114799499512 14.900569915771484 57.099430084228516
    endloop
  endfacet
  facet normal 5.3725841553387e-07 0.7071071863174438 0.707106351852417
    outer loop
      vertex 4.699114799499512 14.900569915771484 57.099430084228516
      vertex 3.0 15.924442291259766 56.075557708740234
      vertex 3.0 15.139554023742676 56.86044692993164
    endloop
  endfacet
  facet normal 4.2980687453564315e-07 0.7071071267127991 0.7071064710617065
    outer loop
      vertex 3.0 15.924442291259766 56.075557708740234
      vertex 4.699114799499512 14.900569915771484 57.099430084228516
      vertex 5.123892784118652 15.625712394714355 56.37428665161133
    endloop
  endfacet
  facet normal 6.3206863387677e-07 0.7071071267127991 0.7071064710617065
    outer loop
      vertex 6.924443244934082 14.774999618530273 57.224998474121094
      vertex 5.123892784118652 15.625712394714355 56.37428665161133
      vertex 4.699114799499512 14.900569915771484 57.099430084228516
    endloop
  endfacet
  facet normal 5.688618784915889e-07 0.707106351852417 0.7071071863174438
    outer loop
      vertex 4.699114799499512 14.900569915771484 57.099430084228516
      vertex 6.139554977416992 14.219999313354492 57.779998779296875
      vertex 6.924443244934082 14.774999618530273 57.224998474121094
    endloop
  endfacet
  facet normal -4.4244836772122653e-07 0.7071070671081543 0.7071064710617065
    outer loop
      vertex 6.924443244934082 14.774999618530273 57.224998474121094
      vertex 6.139554977416992 14.219999313354492 57.779998779296875
      vertex 8.127531051635742 13.501819610595703 58.4981803894043
    endloop
  endfacet
  facet normal 4.266462667601445e-07 0.7071082592010498 0.707105278968811
    outer loop
      vertex 6.139554977416992 14.219999313354492 57.779998779296875
      vertex 7.102024555206299 13.201456069946289 58.798545837402344
      vertex 8.127531051635742 13.501819610595703 58.4981803894043
    endloop
  endfacet
  facet normal 1.226212930305337e-06 0.7071069478988647 0.7071065902709961
    outer loop
      vertex 8.127531051635742 13.501819610595703 58.4981803894043
      vertex 7.102024555206299 13.201456069946289 58.798545837402344
      vertex 8.550000190734863 12.0 60.0
    endloop
  endfacet
  facet normal 0.0 0.7071062326431274 0.7071073651313782
    outer loop
      vertex 7.102024555206299 13.201456069946289 58.798545837402344
      vertex 7.440000057220459 12.0 60.0
      vertex 8.550000190734863 12.0 60.0
    endloop
  endfacet
  facet normal 0.0 0.7071062326431274 0.7071073651313782
    outer loop
      vertex 7.102025032043457 10.798543930053711 61.201454162597656
      vertex 8.550000190734863 12.0 60.0
      vertex 7.440000057220459 12.0 60.0
    endloop
  endfacet
  facet normal -1.2262134987395257e-06 0.7071069478988647 0.7071065902709961
    outer loop
      vertex 8.550000190734863 12.0 60.0
      vertex 7.102025032043457 10.798543930053711 61.201454162597656
      vertex 8.127531051635742 10.498180389404297 61.5018196105957
    endloop
  endfacet
  facet normal -5.688614805876568e-07 0.7071080803871155 0.7071055173873901
    outer loop
      vertex 7.102025032043457 10.798543930053711 61.201454162597656
      vertex 6.139554023742676 9.779999732971191 62.220001220703125
      vertex 8.127531051635742 10.498180389404297 61.5018196105957
    endloop
  endfacet
  facet normal -6.320691881001039e-08 0.7071073651313782 0.7071062326431274
    outer loop
      vertex 8.127531051635742 10.498180389404297 61.5018196105957
      vertex 6.139554023742676 9.779999732971191 62.220001220703125
      vertex 6.924442291259766 9.225000381469727 62.775001525878906
    endloop
  endfacet
  facet normal -6.241686492103327e-07 0.7071069478988647 0.7071066498756409
    outer loop
      vertex 6.139554023742676 9.779999732971191 62.220001220703125
      vertex 4.699114799499512 9.099430084228516 62.900569915771484
      vertex 6.924442291259766 9.225000381469727 62.775001525878906
    endloop
  endfacet
  facet normal -6.857951575511834e-07 0.7071075439453125 0.7071060538291931
    outer loop
      vertex 6.924442291259766 9.225000381469727 62.775001525878906
      vertex 4.699114799499512 9.099430084228516 62.900569915771484
      vertex 5.123892784118652 8.374288558959961 63.62571334838867
    endloop
  endfacet
  facet normal -8.28010456643824e-07 0.7071074843406677 0.7071060538291931
    outer loop
      vertex 2.999999523162842 8.075557708740234 63.924442291259766
      vertex 5.123892784118652 8.374288558959961 63.62571334838867
      vertex 4.699114799499512 9.099430084228516 62.900569915771484
    endloop
  endfacet
  facet normal -5.21456513524754e-07 0.7071071863174438 0.707106351852417
    outer loop
      vertex 4.699114799499512 9.099430084228516 62.900569915771484
      vertex 2.999999523162842 8.860445976257324 63.13955307006836
      vertex 2.999999523162842 8.075557708740234 63.924442291259766
    endloop
  endfacet
  facet normal 2.488578729753499e-07 0.7071065306663513 0.7071070075035095
    outer loop
      vertex 5.123892784118652 15.625712394714355 56.37428665161133
      vertex 4.2993011474609375 16.61884307861328 55.38115692138672
      vertex 3.0 15.924442291259766 56.075557708740234
    endloop
  endfacet
  facet normal 0.0 0.7071067690849304 0.7071067690849304
    outer loop
      vertex 3.0 15.924442291259766 56.075557708740234
      vertex 4.2993011474609375 16.61884307861328 55.38115692138672
      vertex 3.0 16.709331512451172 55.29066848754883
    endloop
  endfacet
  facet normal -1.4878186220812495e-06 0.7071058750152588 0.707107663154602
    outer loop
      vertex 4.2993011474609375 16.61884307861328 55.38115692138672
      vertex 5.123892784118652 15.625712394714355 56.37428665161133
      vertex 5.548671722412109 16.350854873657227 55.649147033691406
    endloop
  endfacet
  facet normal -3.719548828939878e-07 0.7071055173873901 0.7071080803871155
    outer loop
      vertex 6.700098037719727 15.915665626525879 56.08433532714844
      vertex 5.548671722412109 16.350854873657227 55.649147033691406
      vertex 5.123892784118652 15.625712394714355 56.37428665161133
    endloop
  endfacet
  facet normal -4.977161438546318e-07 0.7071058750152588 0.7071077227592468
    outer loop
      vertex 5.123892784118652 15.625712394714355 56.37428665161133
      vertex 6.924443244934082 14.774999618530273 57.224998474121094
      vertex 6.700098037719727 15.915665626525879 56.08433532714844
    endloop
  endfacet
  facet normal -1.9011026779480744e-06 0.7071056365966797 0.7071079015731812
    outer loop
      vertex 6.700098037719727 15.915665626525879 56.08433532714844
      vertex 6.924443244934082 14.774999618530273 57.224998474121094
      vertex 7.709331512451172 15.329999923706055 56.67000198364258
    endloop
  endfacet
  facet normal -1.1571934237508685e-06 0.7071051597595215 0.7071083784103394
    outer loop
      vertex 8.537588119506836 14.616363525390625 57.383636474609375
      vertex 7.709331512451172 15.329999923706055 56.67000198364258
      vertex 6.924443244934082 14.774999618530273 57.224998474121094
    endloop
  endfacet
  facet normal -8.144444905155979e-07 0.7071069478988647 0.7071066498756409
    outer loop
      vertex 6.924443244934082 14.774999618530273 57.224998474121094
      vertex 8.127531051635742 13.501819610595703 58.4981803894043
      vertex 8.537588119506836 14.616363525390625 57.383636474609375
    endloop
  endfacet
  facet normal 7.232461598505324e-07 0.7071065902709961 0.7071069478988647
    outer loop
      vertex 8.537588119506836 14.616363525390625 57.383636474609375
      vertex 8.127531051635742 13.501819610595703 58.4981803894043
      vertex 9.153037071228027 13.802184104919434 58.19781494140625
    endloop
  endfacet
  facet normal 7.852363523852546e-07 0.7071066498756409 0.7071069478988647
    outer loop
      vertex 9.53203010559082 12.918745040893555 59.08125305175781
      vertex 9.153037071228027 13.802184104919434 58.19781494140625
      vertex 8.127531051635742 13.501819610595703 58.4981803894043
    endloop
  endfacet
  facet normal 1.08592450942524e-06 0.7071069478988647 0.7071065902709961
    outer loop
      vertex 8.127531051635742 13.501819610595703 58.4981803894043
      vertex 8.550000190734863 12.0 60.0
      vertex 9.53203010559082 12.918745040893555 59.08125305175781
    endloop
  endfacet
  facet normal 0.0 0.7071075439453125 0.7071060538291931
    outer loop
      vertex 9.53203010559082 12.918745040893555 59.08125305175781
      vertex 8.550000190734863 12.0 60.0
      vertex 9.65999984741211 12.0 60.0
    endloop
  endfacet
  facet normal 0.0 0.7071075439453125 0.7071060538291931
    outer loop
      vertex 9.53203010559082 11.081254959106445 60.91874694824219
      vertex 9.65999984741211 12.0 60.0
      vertex 8.550000190734863 12.0 60.0
    endloop
  endfacet
  facet normal -1.0859246231120778e-06 0.7071069478988647 0.7071066498756409
    outer loop
      vertex 8.550000190734863 12.0 60.0
      vertex 8.127531051635742 10.498180389404297 61.5018196105957
      vertex 9.53203010559082 11.081254959106445 60.91874694824219
    endloop
  endfacet
  facet normal -7.749038104520878e-07 0.7071065306663513 0.7071070671081543
    outer loop
      vertex 9.53203010559082 11.081254959106445 60.91874694824219
      vertex 8.127531051635742 10.498180389404297 61.5018196105957
      vertex 9.153038024902344 10.197815895080566 61.80218505859375
    endloop
  endfacet
  facet normal -1.1365267482688068e-06 0.7071059346199036 0.7071076035499573
    outer loop
      vertex 8.537586212158203 9.383634567260742 62.616363525390625
      vertex 9.153038024902344 10.197815895080566 61.80218505859375
      vertex 8.127531051635742 10.498180389404297 61.5018196105957
    endloop
  endfacet
  facet normal 1.7306948620898766e-06 0.7071064710617065 0.7071070671081543
    outer loop
      vertex 8.127531051635742 10.498180389404297 61.5018196105957
      vertex 6.924442291259766 9.225000381469727 62.775001525878906
      vertex 8.537586212158203 9.383634567260742 62.616363525390625
    endloop
  endfacet
  facet normal 1.4671533108412405e-06 0.7071078419685364 0.7071057558059692
    outer loop
      vertex 8.537586212158203 9.383634567260742 62.616363525390625
      vertex 6.924442291259766 9.225000381469727 62.775001525878906
      vertex 7.709331035614014 8.670000076293945 63.33000183105469
    endloop
  endfacet
  facet normal -7.439097657879756e-07 0.7071062922477722 0.7071073055267334
    outer loop
      vertex 6.700098037719727 8.084335327148438 63.91566467285156
      vertex 7.709331035614014 8.670000076293945 63.33000183105469
      vertex 6.924442291259766 9.225000381469727 62.775001525878906
    endloop
  endfacet
  facet normal 6.164895580695884e-07 0.7071061134338379 0.707107424736023
    outer loop
      vertex 6.924442291259766 9.225000381469727 62.775001525878906
      vertex 5.123892784118652 8.374288558959961 63.62571334838867
      vertex 6.700098037719727 8.084335327148438 63.91566467285156
    endloop
  endfacet
  facet normal 2.892981569857511e-07 0.7071052193641663 0.7071083188056946
    outer loop
      vertex 6.700098037719727 8.084335327148438 63.91566467285156
      vertex 5.123892784118652 8.374288558959961 63.62571334838867
      vertex 5.548671722412109 7.649145603179932 64.3508529663086
    endloop
  endfacet
  facet normal 1.5808070656930795e-06 0.7071056962013245 0.7071079015731812
    outer loop
      vertex 4.2993011474609375 7.381157398223877 64.61884307861328
      vertex 5.548671722412109 7.649145603179932 64.3508529663086
      vertex 5.123892784118652 8.374288558959961 63.62571334838867
    endloop
  endfacet
  facet normal -5.542741519093397e-07 0.7071064710617065 0.7071070671081543
    outer loop
      vertex 5.123892784118652 8.374288558959961 63.62571334838867
      vertex 2.999999523162842 8.075557708740234 63.924442291259766
      vertex 4.2993011474609375 7.381157398223877 64.61884307861328
    endloop
  endfacet
  facet normal -1.864941509666096e-06 0.707105278968811 0.7071083188056946
    outer loop
      vertex 2.999999523162842 7.290668964385986 64.7093276977539
      vertex 4.2993011474609375 7.381157398223877 64.61884307861328
      vertex 2.999999523162842 8.075557708740234 63.924442291259766
    endloop
  endfacet
  facet normal 0.0 0.7071067690849304 0.7071067690849304
    outer loop
      vertex 1.519999384880066 13.8126220703125 58.1873779296875
      vertex 3.0 13.308147430419922 58.69185256958008
      vertex 3.0 14.093036651611328 57.90696334838867
    endloop
  endfacet
  facet normal 2.747991914020531e-07 0.7071071863174438 0.707106351852417
    outer loop
      vertex 3.0 13.308147430419922 58.69185256958008
      vertex 1.519999384880066 13.8126220703125 58.1873779296875
      vertex 1.6918524503707886 12.925000190734863 59.07500076293945
    endloop
  endfacet
  facet normal 6.215989287738921e-07 0.7071071863174438 0.707106351852417
    outer loop
      vertex 1.519999384880066 13.8126220703125 58.1873779296875
      vertex 0.43656468391418457 13.046518325805664 58.95348358154297
      vertex 1.6918524503707886 12.925000190734863 59.07500076293945
    endloop
  endfacet
  facet normal 4.4654890984929807e-07 0.7071062922477722 0.7071072459220886
    outer loop
      vertex 1.6918524503707886 12.925000190734863 59.07500076293945
      vertex 0.43656468391418457 13.046518325805664 58.95348358154297
      vertex 1.149999976158142 12.0 60.0
    endloop
  endfacet
  facet normal 0.0 0.7071061730384827 0.707107424736023
    outer loop
      vertex 0.43656468391418457 13.046518325805664 58.95348358154297
      vertex 0.039999961853027344 12.0 60.0
      vertex 1.149999976158142 12.0 60.0
    endloop
  endfacet
  facet normal 0.0 0.7071061730384827 0.707107424736023
    outer loop
      vertex 0.43656468391418457 10.953481674194336 61.04651641845703
      vertex 1.149999976158142 12.0 60.0
      vertex 0.039999961853027344 12.0 60.0
    endloop
  endfacet
  facet normal -4.4654890984929807e-07 0.7071062922477722 0.7071072459220886
    outer loop
      vertex 1.149999976158142 12.0 60.0
      vertex 0.43656468391418457 10.953481674194336 61.04651641845703
      vertex 1.6918524503707886 11.074999809265137 60.92499923706055
    endloop
  endfacet
  facet normal -6.553290177180315e-07 0.7071071863174438 0.707106351852417
    outer loop
      vertex 0.43656468391418457 10.953481674194336 61.04651641845703
      vertex 1.5199999809265137 10.1873779296875 61.8126220703125
      vertex 1.6918524503707886 11.074999809265137 60.92499923706055
    endloop
  endfacet
  facet normal -2.747992766671814e-07 0.7071071863174438 0.707106351852417
    outer loop
      vertex 1.6918524503707886 11.074999809265137 60.92499923706055
      vertex 1.5199999809265137 10.1873779296875 61.8126220703125
      vertex 2.999999761581421 10.691852569580078 61.30814743041992
    endloop
  endfacet
  facet normal 0.0 0.7071067690849304 0.7071067690849304
    outer loop
      vertex 1.5199999809265137 10.1873779296875 61.8126220703125
      vertex 2.999999761581421 9.906963348388672 62.09303665161133
      vertex 2.999999761581421 10.691852569580078 61.30814743041992
    endloop
  endfacet
  facet normal 3.0813404805485334e-07 0.7071064710617065 0.7071071267127991
    outer loop
      vertex 2.999999523162842 8.860445976257324 63.13955307006836
      vertex 2.999999761581421 9.906963348388672 62.09303665161133
      vertex 1.3008854389190674 9.099430084228516 62.900569915771484
    endloop
  endfacet
  facet normal 0.0 0.7071067690849304 0.7071067690849304
    outer loop
      vertex 2.999999761581421 9.906963348388672 62.09303665161133
      vertex 1.5199999809265137 10.1873779296875 61.8126220703125
      vertex 1.3008854389190674 9.099430084228516 62.900569915771484
    endloop
  endfacet
  facet normal 4.29757733400038e-07 0.7071067094802856 0.7071068286895752
    outer loop
      vertex 1.3008854389190674 9.099430084228516 62.900569915771484
      vertex 1.5199999809265137 10.1873779296875 61.8126220703125
      vertex -0.13955402374267578 9.779999732971191 62.220001220703125
    endloop
  endfacet
  facet normal -2.4607553328337417e-08 0.707107663154602 0.7071059346199036
    outer loop
      vertex 1.5199999809265137 10.1873779296875 61.8126220703125
      vertex 0.43656468391418457 10.953481674194336 61.04651641845703
      vertex -0.13955402374267578 9.779999732971191 62.220001220703125
    endloop
  endfacet
  facet normal -1.8418174363432627e-07 0.707107663154602 0.7071059346199036
    outer loop
      vertex -0.13955402374267578 9.779999732971191 62.220001220703125
      vertex 0.43656468391418457 10.953481674194336 61.04651641845703
      vertex -1.102025032043457 10.798543930053711 61.201454162597656
    endloop
  endfacet
  facet normal 1.0085368273848871e-07 0.7071061730384827 0.707107424736023
    outer loop
      vertex 0.43656468391418457 10.953481674194336 61.04651641845703
      vertex 0.039999961853027344 12.0 60.0
      vertex -1.102025032043457 10.798543930053711 61.201454162597656
    endloop
  endfacet
  facet normal 0.0 0.7071062326431274 0.7071073651313782
    outer loop
      vertex -1.102025032043457 10.798543930053711 61.201454162597656
      vertex 0.039999961853027344 12.0 60.0
      vertex -1.440000057220459 12.0 60.0
    endloop
  endfacet
  facet normal 0.0 0.7071062326431274 0.7071073651313782
    outer loop
      vertex -1.440000057220459 12.0 60.0
      vertex 0.039999961853027344 12.0 60.0
      vertex -1.1020245552062988 13.201456069946289 58.798545837402344
    endloop
  endfacet
  facet normal -1.1976379710176843e-07 0.7071061730384827 0.707107424736023
    outer loop
      vertex 0.039999961853027344 12.0 60.0
      vertex 0.43656468391418457 13.046518325805664 58.95348358154297
      vertex -1.1020245552062988 13.201456069946289 58.798545837402344
    endloop
  endfacet
  facet normal 2.39436474203103e-07 0.7071080207824707 0.7071055769920349
    outer loop
      vertex -1.1020245552062988 13.201456069946289 58.798545837402344
      vertex 0.43656468391418457 13.046518325805664 58.95348358154297
      vertex -0.13955473899841309 14.219999313354492 57.779998779296875
    endloop
  endfacet
  facet normal -2.8298697429818276e-07 0.7071078419685364 0.7071057558059692
    outer loop
      vertex 0.43656468391418457 13.046518325805664 58.95348358154297
      vertex 1.519999384880066 13.8126220703125 58.1873779296875
      vertex -0.13955473899841309 14.219999313354492 57.779998779296875
    endloop
  endfacet
  facet normal -8.472365493616962e-07 0.7071067094802856 0.70710688829422
    outer loop
      vertex -0.13955473899841309 14.219999313354492 57.779998779296875
      vertex 1.519999384880066 13.8126220703125 58.1873779296875
      vertex 1.3008854389190674 14.900569915771484 57.099430084228516
    endloop
  endfacet
  facet normal 0.0 0.7071067690849304 0.7071067690849304
    outer loop
      vertex 1.519999384880066 13.8126220703125 58.1873779296875
      vertex 3.0 14.093036651611328 57.90696334838867
      vertex 1.3008854389190674 14.900569915771484 57.099430084228516
    endloop
  endfacet
  facet normal -3.0813396278972505e-07 0.7071064710617065 0.7071071267127991
    outer loop
      vertex 3.0 15.139554023742676 56.86044692993164
      vertex 1.3008854389190674 14.900569915771484 57.099430084228516
      vertex 3.0 14.093036651611328 57.90696334838867
    endloop
  endfacet
  facet normal -5.214567977418483e-07 0.7071072459220886 0.707106351852417
    outer loop
      vertex 1.3008854389190674 14.900569915771484 57.099430084228516
      vertex 3.0 15.139554023742676 56.86044692993164
      vertex 3.0 15.924442291259766 56.075557708740234
    endloop
  endfacet
  facet normal -4.171654097717692e-07 0.7071071267127991 0.7071064114570618
    outer loop
      vertex 3.0 15.924442291259766 56.075557708740234
      vertex 0.8761069774627686 15.625712394714355 56.37428665161133
      vertex 1.3008854389190674 14.900569915771484 57.099430084228516
    endloop
  endfacet
  facet normal -6.352287869049178e-07 0.7071070671081543 0.7071064710617065
    outer loop
      vertex -0.9244434833526611 14.774999618530273 57.224998474121094
      vertex 1.3008854389190674 14.900569915771484 57.099430084228516
      vertex 0.8761069774627686 15.625712394714355 56.37428665161133
    endloop
  endfacet
  facet normal -5.609609843304497e-07 0.7071064114570618 0.7071071863174438
    outer loop
      vertex 1.3008854389190674 14.900569915771484 57.099430084228516
      vertex -0.9244434833526611 14.774999618530273 57.224998474121094
      vertex -0.13955473899841309 14.219999313354492 57.779998779296875
    endloop
  endfacet
  facet normal 4.550896619548439e-07 0.7071070671081543 0.7071064710617065
    outer loop
      vertex -0.9244434833526611 14.774999618530273 57.224998474121094
      vertex -2.127531051635742 13.501819610595703 58.4981803894043
      vertex -0.13955473899841309 14.219999313354492 57.779998779296875
    endloop
  endfacet
  facet normal -4.187453441772959e-07 0.7071083188056946 0.7071052193641663
    outer loop
      vertex -0.13955473899841309 14.219999313354492 57.779998779296875
      vertex -2.127531051635742 13.501819610595703 58.4981803894043
      vertex -1.1020245552062988 13.201456069946289 58.798545837402344
    endloop
  endfacet
  facet normal -1.213571522384882e-06 0.7071069478988647 0.7071065902709961
    outer loop
      vertex -2.127531051635742 13.501819610595703 58.4981803894043
      vertex -2.5500001907348633 12.0 60.0
      vertex -1.1020245552062988 13.201456069946289 58.798545837402344
    endloop
  endfacet
  facet normal 0.0 0.7071062326431274 0.7071073651313782
    outer loop
      vertex -1.1020245552062988 13.201456069946289 58.798545837402344
      vertex -2.5500001907348633 12.0 60.0
      vertex -1.440000057220459 12.0 60.0
    endloop
  endfacet
  facet normal 0.0 0.7071062326431274 0.7071073651313782
    outer loop
      vertex -1.102025032043457 10.798543930053711 61.201454162597656
      vertex -1.440000057220459 12.0 60.0
      vertex -2.5500001907348633 12.0 60.0
    endloop
  endfacet
  facet normal 1.2135722045059083e-06 0.7071069478988647 0.7071066498756409
    outer loop
      vertex -2.5500001907348633 12.0 60.0
      vertex -2.127531051635742 10.498180389404297 61.5018196105957
      vertex -1.102025032043457 10.798543930053711 61.201454162597656
    endloop
  endfacet
  facet normal 5.767624315922149e-07 0.7071080803871155 0.7071055173873901
    outer loop
      vertex -1.102025032043457 10.798543930053711 61.201454162597656
      vertex -2.127531051635742 10.498180389404297 61.5018196105957
      vertex -0.13955402374267578 9.779999732971191 62.220001220703125
    endloop
  endfacet
  facet normal 5.056552865312369e-08 0.7071073651313782 0.7071062326431274
    outer loop
      vertex -2.127531051635742 10.498180389404297 61.5018196105957
      vertex -0.9244425296783447 9.225000381469727 62.775001525878906
      vertex -0.13955402374267578 9.779999732971191 62.220001220703125
    endloop
  endfacet
  facet normal 6.241685355234949e-07 0.7071069478988647 0.7071065902709961
    outer loop
      vertex -0.13955402374267578 9.779999732971191 62.220001220703125
      vertex -0.9244425296783447 9.225000381469727 62.775001525878906
      vertex 1.3008854389190674 9.099430084228516 62.900569915771484
    endloop
  endfacet
  facet normal 6.826346634625224e-07 0.7071075439453125 0.7071060538291931
    outer loop
      vertex -0.9244425296783447 9.225000381469727 62.775001525878906
      vertex 0.8761069774627686 8.374288558959961 63.62571334838867
      vertex 1.3008854389190674 9.099430084228516 62.900569915771484
    endloop
  endfacet
  facet normal 8.343313311343081e-07 0.707107424736023 0.7071061134338379
    outer loop
      vertex 2.999999523162842 8.075557708740234 63.924442291259766
      vertex 1.3008854389190674 9.099430084228516 62.900569915771484
      vertex 0.8761069774627686 8.374288558959961 63.62571334838867
    endloop
  endfacet
  facet normal 5.372586429075454e-07 0.7071072459220886 0.707106351852417
    outer loop
      vertex 1.3008854389190674 9.099430084228516 62.900569915771484
      vertex 2.999999523162842 8.075557708740234 63.924442291259766
      vertex 2.999999523162842 8.860445976257324 63.13955307006836
    endloop
  endfacet
  facet normal -2.488578729753499e-07 0.7071065306663513 0.7071070075035095
    outer loop
      vertex 0.8761069774627686 15.625712394714355 56.37428665161133
      vertex 3.0 15.924442291259766 56.075557708740234
      vertex 1.7006990909576416 16.61884307861328 55.38115692138672
    endloop
  endfacet
  facet normal 0.0 0.7071067690849304 0.7071067690849304
    outer loop
      vertex 3.0 15.924442291259766 56.075557708740234
      vertex 3.0 16.709331512451172 55.29066848754883
      vertex 1.7006990909576416 16.61884307861328 55.38115692138672
    endloop
  endfacet
  facet normal 1.4981508229539031e-06 0.7071058750152588 0.707107663154602
    outer loop
      vertex 1.7006990909576416 16.61884307861328 55.38115692138672
      vertex 0.4513285160064697 16.350854873657227 55.649147033691406
      vertex 0.8761069774627686 15.625712394714355 56.37428665161133
    endloop
  endfacet
  facet normal 3.8228699850151315e-07 0.7071054577827454 0.7071081399917603
    outer loop
      vertex -0.7000980377197266 15.915665626525879 56.08433532714844
      vertex 0.8761069774627686 15.625712394714355 56.37428665161133
      vertex 0.4513285160064697 16.350854873657227 55.649147033691406
    endloop
  endfacet
  facet normal 5.090279273645137e-07 0.7071058750152588 0.7071077227592468
    outer loop
      vertex 0.8761069774627686 15.625712394714355 56.37428665161133
      vertex -0.7000980377197266 15.915665626525879 56.08433532714844
      vertex -0.9244434833526611 14.774999618530273 57.224998474121094
    endloop
  endfacet
  facet normal 1.921767307067057e-06 0.7071056962013245 0.7071078419685364
    outer loop
      vertex -0.7000980377197266 15.915665626525879 56.08433532714844
      vertex -1.7093315124511719 15.329999923706055 56.67000198364258
      vertex -0.9244434833526611 14.774999618530273 57.224998474121094
    endloop
  endfacet
  facet normal 1.1520273801579606e-06 0.7071051597595215 0.7071083784103394
    outer loop
      vertex -2.537588119506836 14.616363525390625 57.383636474609375
      vertex -0.9244434833526611 14.774999618530273 57.224998474121094
      vertex -1.7093315124511719 15.329999923706055 56.67000198364258
    endloop
  endfacet
  facet normal 8.031329343793914e-07 0.7071069478988647 0.7071066498756409
    outer loop
      vertex -0.9244434833526611 14.774999618530273 57.224998474121094
      vertex -2.537588119506836 14.616363525390625 57.383636474609375
      vertex -2.127531051635742 13.501819610595703 58.4981803894043
    endloop
  endfacet
  facet normal -7.335782470363483e-07 0.7071065902709961 0.7071069478988647
    outer loop
      vertex -2.537588119506836 14.616363525390625 57.383636474609375
      vertex -3.1530370712280273 13.802184104919434 58.19781494140625
      vertex -2.127531051635742 13.501819610595703 58.4981803894043
    endloop
  endfacet
  facet normal -7.749044357296953e-07 0.7071065902709961 0.7071070075035095
    outer loop
      vertex -3.532029628753662 12.918745040893555 59.08125305175781
      vertex -2.127531051635742 13.501819610595703 58.4981803894043
      vertex -3.1530370712280273 13.802184104919434 58.19781494140625
    endloop
  endfacet
  facet normal -1.0859248504857533e-06 0.7071069478988647 0.7071065902709961
    outer loop
      vertex -2.127531051635742 13.501819610595703 58.4981803894043
      vertex -3.532029628753662 12.918745040893555 59.08125305175781
      vertex -2.5500001907348633 12.0 60.0
    endloop
  endfacet
  facet normal 0.0 0.7071075439453125 0.7071060538291931
    outer loop
      vertex -3.532029628753662 12.918745040893555 59.08125305175781
      vertex -3.6599998474121094 12.0 60.0
      vertex -2.5500001907348633 12.0 60.0
    endloop
  endfacet
  facet normal 0.0 0.7071075439453125 0.7071060538291931
    outer loop
      vertex -3.532029628753662 11.081254959106445 60.91874694824219
      vertex -2.5500001907348633 12.0 60.0
      vertex -3.6599998474121094 12.0 60.0
    endloop
  endfacet
  facet normal 1.0859248504857533e-06 0.7071069478988647 0.7071065902709961
    outer loop
      vertex -2.5500001907348633 12.0 60.0
      vertex -3.532029628753662 11.081254959106445 60.91874694824219
      vertex -2.127531051635742 10.498180389404297 61.5018196105957
    endloop
  endfacet
  facet normal 7.85236181854998e-07 0.7071065902709961 0.7071070075035095
    outer loop
      vertex -3.532029628753662 11.081254959106445 60.91874694824219
      vertex -3.1530375480651855 10.197815895080566 61.80218505859375
      vertex -2.127531051635742 10.498180389404297 61.5018196105957
    endloop
  endfacet
  facet normal 1.1365275440766709e-06 0.7071059346199036 0.7071076035499573
    outer loop
      vertex -2.5375866889953613 9.383634567260742 62.616363525390625
      vertex -2.127531051635742 10.498180389404297 61.5018196105957
      vertex -3.1530375480651855 10.197815895080566 61.80218505859375
    endloop
  endfacet
  facet normal -1.7306944073425257e-06 0.7071064710617065 0.7071070671081543
    outer loop
      vertex -2.127531051635742 10.498180389404297 61.5018196105957
      vertex -2.5375866889953613 9.383634567260742 62.616363525390625
      vertex -0.9244425296783447 9.225000381469727 62.775001525878906
    endloop
  endfacet
  facet normal -1.4671529697807273e-06 0.7071077823638916 0.7071057558059692
    outer loop
      vertex -2.5375866889953613 9.383634567260742 62.616363525390625
      vertex -1.7093310356140137 8.670000076293945 63.33000183105469
      vertex -0.9244425296783447 9.225000381469727 62.775001525878906
    endloop
  endfacet
  facet normal 7.439098226313945e-07 0.7071062922477722 0.7071073055267334
    outer loop
      vertex -0.7000980377197266 8.084335327148438 63.91566467285156
      vertex -0.9244425296783447 9.225000381469727 62.775001525878906
      vertex -1.7093310356140137 8.670000076293945 63.33000183105469
    endloop
  endfacet
  facet normal -6.108338652666134e-07 0.7071061134338379 0.7071074843406677
    outer loop
      vertex -0.9244425296783447 9.225000381469727 62.775001525878906
      vertex -0.7000980377197266 8.084335327148438 63.91566467285156
      vertex 0.8761069774627686 8.374288558959961 63.62571334838867
    endloop
  endfacet
  facet normal -2.892981569857511e-07 0.7071052193641663 0.7071083188056946
    outer loop
      vertex -0.7000980377197266 8.084335327148438 63.91566467285156
      vertex 0.4513285160064697 7.649145603179932 64.3508529663086
      vertex 0.8761069774627686 8.374288558959961 63.62571334838867
    endloop
  endfacet
  facet normal -1.570475205880939e-06 0.7071056365966797 0.7071079611778259
    outer loop
      vertex 1.700698971748352 7.381157398223877 64.61884307861328
      vertex 0.8761069774627686 8.374288558959961 63.62571334838867
      vertex 0.4513285160064697 7.649145603179932 64.3508529663086
    endloop
  endfacet
  facet normal 5.429627663033898e-07 0.7071065306663513 0.7071070671081543
    outer loop
      vertex 0.8761069774627686 8.374288558959961 63.62571334838867
      vertex 1.700698971748352 7.381157398223877 64.61884307861328
      vertex 2.999999523162842 8.075557708740234 63.924442291259766
    endloop
  endfacet
  facet normal 1.8597766029415652e-06 0.707105278968811 0.7071082592010498
    outer loop
      vertex 2.999999523162842 7.290668964385986 64.7093276977539
      vertex 2.999999523162842 8.075557708740234 63.924442291259766
      vertex 1.700698971748352 7.381157398223877 64.61884307861328
    endloop
  endfacet
  facet normal 0.0 0.7071061730384827 0.707107424736023
    outer loop
      vertex 3.0 11.476740837097168 60.523258209228516
      vertex 3.740000009536743 12.0 60.0
      vertex 3.0 12.0 60.0
    endloop
  endfacet
  facet normal 0.0 0.7071061730384827 0.707107424736023
    outer loop
      vertex 3.0 11.476740837097168 60.523258209228516
      vertex 3.0 12.0 60.0
      vertex 2.259999990463257 12.0 60.0
    endloop
  endfacet
  facet normal 0.0 0.7071061730384827 0.707107424736023
    outer loop
      vertex 3.0 12.523259162902832 59.476741790771484
      vertex 2.259999990463257 12.0 60.0
      vertex 3.0 12.0 60.0
    endloop
  endfacet
  facet normal 0.0 0.7071061730384827 0.707107424736023
    outer loop
      vertex 3.740000009536743 12.0 60.0
      vertex 3.0 12.523259162902832 59.476741790771484
      vertex 3.0 12.0 60.0
    endloop
  endfacet
  facet normal 2.790363566873566e-07 0.707106351852417 0.7071072459220886
    outer loop
      vertex 3.0 11.476740837097168 60.523258209228516
      vertex 2.259999990463257 12.0 60.0
      vertex 1.6918524503707886 11.074999809265137 60.92499923706055
    endloop
  endfacet
  facet normal 0.0 0.707106351852417 0.7071071863174438
    outer loop
      vertex 1.149999976158142 12.0 60.0
      vertex 1.6918524503707886 11.074999809265137 60.92499923706055
      vertex 2.259999990463257 12.0 60.0
    endloop
  endfacet
  facet normal 0.0 0.7071064114570618 0.7071071863174438
    outer loop
      vertex 1.6918524503707886 12.925000190734863 59.07500076293945
      vertex 1.149999976158142 12.0 60.0
      vertex 2.259999990463257 12.0 60.0
    endloop
  endfacet
  facet normal -2.790363566873566e-07 0.707106351852417 0.7071072459220886
    outer loop
      vertex 2.259999990463257 12.0 60.0
      vertex 3.0 12.523259162902832 59.476741790771484
      vertex 1.6918524503707886 12.925000190734863 59.07500076293945
    endloop
  endfacet
  facet normal 2.462927000124182e-07 0.7071072459220886 0.7071062922477722
    outer loop
      vertex 1.6918524503707886 12.925000190734863 59.07500076293945
      vertex 3.0 12.523259162902832 59.476741790771484
      vertex 3.0 13.308147430419922 58.69185256958008
    endloop
  endfacet
  facet normal -2.66817011151943e-07 0.7071071863174438 0.7071064114570618
    outer loop
      vertex 4.30814790725708 12.925000190734863 59.07500076293945
      vertex 3.0 13.308147430419922 58.69185256958008
      vertex 3.0 12.523259162902832 59.476741790771484
    endloop
  endfacet
  facet normal 2.7903629984393774e-07 0.707106351852417 0.7071072459220886
    outer loop
      vertex 3.0 12.523259162902832 59.476741790771484
      vertex 3.740000009536743 12.0 60.0
      vertex 4.30814790725708 12.925000190734863 59.07500076293945
    endloop
  endfacet
  facet normal 0.0 0.7071064114570618 0.7071071267127991
    outer loop
      vertex 4.30814790725708 12.925000190734863 59.07500076293945
      vertex 3.740000009536743 12.0 60.0
      vertex 4.849999904632568 12.0 60.0
    endloop
  endfacet
  facet normal 0.0 0.7071064114570618 0.7071071267127991
    outer loop
      vertex 4.308147430419922 11.074999809265137 60.92499923706055
      vertex 4.849999904632568 12.0 60.0
      vertex 3.740000009536743 12.0 60.0
    endloop
  endfacet
  facet normal -2.7903638510906603e-07 0.707106351852417 0.7071072459220886
    outer loop
      vertex 3.740000009536743 12.0 60.0
      vertex 3.0 11.476740837097168 60.523258209228516
      vertex 4.308147430419922 11.074999809265137 60.92499923706055
    endloop
  endfacet
  facet normal 2.462926715907088e-07 0.7071071863174438 0.707106351852417
    outer loop
      vertex 4.308147430419922 11.074999809265137 60.92499923706055
      vertex 3.0 11.476740837097168 60.523258209228516
      vertex 2.999999761581421 10.691852569580078 61.30814743041992
    endloop
  endfacet
  facet normal -2.668170964170713e-07 0.7071071863174438 0.7071064114570618
    outer loop
      vertex 1.6918524503707886 11.074999809265137 60.92499923706055
      vertex 2.999999761581421 10.691852569580078 61.30814743041992
      vertex 3.0 11.476740837097168 60.523258209228516
    endloop
  endfacet
  facet normal 0.9925616383552551 -0.12043212354183197 0.017819710075855255
    outer loop
      vertex 10.257810592651367 10.979171752929688 61.02082824707031
      vertex 10.219675064086914 10.397418975830078 59.213287353515625
      vertex 10.399999618530273 12.0 60.0
    endloop
  endfacet
  facet normal 0.9693147540092468 -0.2392311841249466 0.05654537305235863
    outer loop
      vertex 10.257810592651367 10.979171752929688 61.02082824707031
      vertex 9.914299011230469 9.471063613891602 60.52891159057617
      vertex 10.219675064086914 10.397418975830078 59.213287353515625
    endloop
  endfacet
  facet normal 0.9386518597602844 -0.30612435936927795 0.15880975127220154
    outer loop
      vertex 9.836708068847656 9.997573852539062 62.00242614746094
      vertex 9.288856506347656 7.868607997894287 61.136695861816406
      vertex 9.914299011230469 9.471063613891602 60.52891159057617
    endloop
  endfacet
  facet normal 0.8113298416137695 -0.4498073160648346 0.3733862042427063
    outer loop
      vertex 9.152873992919922 9.092927932739258 62.907073974609375
      vertex 8.427160263061523 7.375340461730957 62.41484832763672
      vertex 9.288856506347656 7.868607997894287 61.136695861816406
    endloop
  endfacet
  facet normal 0.673150897026062 -0.5481948256492615 0.4963369071483612
    outer loop
      vertex 8.232589721679688 8.299999237060547 63.70000076293945
      vertex 7.262598037719727 6.496282577514648 63.02336883544922
      vertex 8.427160263061523 7.375340461730957 62.41484832763672
    endloop
  endfacet
  facet normal 0.42975762486457825 -0.656849205493927 0.6195623874664307
    outer loop
      vertex 7.111220359802246 7.649260520935059 64.35073852539062
      vertex 5.403691291809082 6.0722150802612305 63.86320495605469
      vertex 7.262598037719727 6.496282577514648 63.02336883544922
    endloop
  endfacet
  facet normal 0.17100203037261963 -0.7712883949279785 0.6130844354629517
    outer loop
      vertex 4.443667888641357 6.867952346801758 65.13204956054688
      vertex 2.971597194671631 5.797395706176758 64.19583129882812
      vertex 5.403691291809082 6.0722150802612305 63.86320495605469
    endloop
  endfacet
  facet normal -0.09796842187643051 -0.7253680229187012 0.6813541054725647
    outer loop
      vertex 1.5563321113586426 6.867952346801758 65.13204956054688
      vertex 2.971597194671631 5.797395706176758 64.19583129882812
      vertex 2.9999992847442627 6.767409801483154 65.23258972167969
    endloop
  endfacet
  facet normal -0.28978851437568665 -0.6341090202331543 0.7168879508972168
    outer loop
      vertex 0.16814255714416504 7.165717124938965 64.83428192138672
      vertex 0.7959661483764648 5.8543925285339355 63.92816162109375
      vertex 1.5563321113586426 6.867952346801758 65.13204956054688
    endloop
  endfacet
  facet normal -0.46982303261756897 -0.5638018846511841 0.6792596578598022
    outer loop
      vertex -1.111220359802246 7.649260520935059 64.35073852539062
      vertex -1.0730531215667725 6.563811302185059 63.47618865966797
      vertex 0.16814255714416504 7.165717124938965 64.83428192138672
    endloop
  endfacet
  facet normal -0.5810556411743164 -0.47340601682662964 0.6620128750801086
    outer loop
      vertex -2.2325897216796875 8.299999237060547 63.70000076293945
      vertex -2.7928082942962646 6.9721903800964355 62.25877380371094
      vertex -1.0730531215667725 6.563811302185059 63.47618865966797
    endloop
  endfacet
  facet normal -0.81346595287323 -0.2918962836265564 0.5030604004859924
    outer loop
      vertex -3.152873992919922 9.092927932739258 62.907073974609375
      vertex -3.9533185958862305 8.266186714172363 61.133018493652344
      vertex -2.7928082942962646 6.9721903800964355 62.25877380371094
    endloop
  endfacet
  facet normal -0.9377185106277466 -0.10338369011878967 0.3316563367843628
    outer loop
      vertex -3.8367085456848145 9.997573852539062 62.00242614746094
      vertex -4.6989336013793945 9.906458854675293 59.53618621826172
      vertex -3.9533185958862305 8.266186714172363 61.133018493652344
    endloop
  endfacet
  facet normal -0.9899579286575317 0.12812016904354095 0.059736814349889755
    outer loop
      vertex -4.400000095367432 12.0 60.0
      vertex -4.517579555511475 12.007528305053711 58.03532791137695
      vertex -4.6989336013793945 9.906458854675293 59.53618621826172
    endloop
  endfacet
  facet normal 0.7729901075363159 -0.4536885619163513 0.4434557259082794
    outer loop
      vertex 9.152873992919922 9.092927932739258 62.907073974609375
      vertex 8.232589721679688 8.299999237060547 63.70000076293945
      vertex 8.427160263061523 7.375340461730957 62.41484832763672
    endloop
  endfacet
  facet normal -0.8099601864814758 0.5038596987724304 -0.30014973878860474
    outer loop
      vertex -3.9595394134521484 13.222517967224121 56.44187927246094
      vertex -3.1528759002685547 14.90707015991211 57.09292984008789
      vertex -2.910982370376587 14.214456558227539 55.277488708496094
    endloop
  endfacet
  facet normal -0.6127675175666809 0.6184526681900024 -0.49196773767471313
    outer loop
      vertex -2.232591152191162 15.699999809265137 56.29999923706055
      vertex -1.2912955284118652 15.053474426269531 54.31482696533203
      vertex -2.910982370376587 14.214456558227539 55.277488708496094
    endloop
  endfacet
  facet normal -0.381647527217865 0.6879609227180481 -0.6172965168952942
    outer loop
      vertex -1.111220359802246 16.350738525390625 55.649261474609375
      vertex 0.649616539478302 15.916587829589844 54.07676315307617
      vertex -1.2912955284118652 15.053474426269531 54.31482696533203
    endloop
  endfacet
  facet normal -0.18979167938232422 0.6311436891555786 -0.7520883083343506
    outer loop
      vertex 1.5563322305679321 17.132047653198242 54.867950439453125
      vertex 2.3606483936309814 16.266881942749023 53.938941955566406
      vertex 0.649616539478302 15.916587829589844 54.07676315307617
    endloop
  endfacet
  facet normal 0.2901976704597473 0.6590395569801331 -0.6938676238059998
    outer loop
      vertex 5.831857681274414 16.83428382873535 55.16571807861328
      vertex 6.097010612487793 15.641904830932617 54.14408493041992
      vertex 4.443667888641357 17.132047653198242 54.867950439453125
    endloop
  endfacet
  facet normal 0.47136446833610535 0.631929874420166 -0.6152073740959167
    outer loop
      vertex 7.111220359802246 16.350738525390625 55.649261474609375
      vertex 6.097010612487793 15.641904830932617 54.14408493041992
      vertex 5.831857681274414 16.83428382873535 55.16571807861328
    endloop
  endfacet
  facet normal 0.6331333518028259 0.5900402665138245 -0.5009936690330505
    outer loop
      vertex 8.23259162902832 15.699999809265137 56.29999923706055
      vertex 7.8390398025512695 14.563873291015625 54.46458435058594
      vertex 7.111220359802246 16.350738525390625 55.649261474609375
    endloop
  endfacet
  facet normal 0.7721551060676575 0.4813581109046936 -0.4148143529891968
    outer loop
      vertex 8.23259162902832 15.699999809265137 56.29999923706055
      vertex 9.152875900268555 14.90707015991211 57.09292984008789
      vertex 8.990240097045898 13.74105453491211 55.43712615966797
    endloop
  endfacet
  facet normal -0.9433767199516296 0.3203507959842682 -0.08611459285020828
    outer loop
      vertex -3.9595394134521484 13.222517967224121 56.44187927246094
      vertex -4.517579555511475 12.007528305053711 58.03532791137695
      vertex -3.8367080688476562 14.002426147460938 57.99757385253906
    endloop
  endfacet
  facet normal 0.881921112537384 0.33374500274658203 -0.3329106271266937
    outer loop
      vertex 9.836708068847656 14.002426147460938 57.99757385253906
      vertex 9.829023361206055 12.676627159118652 56.648094177246094
      vertex 9.152875900268555 14.90707015991211 57.09292984008789
    endloop
  endfacet
  facet normal 0.9569395184516907 0.204330176115036 -0.2061939537525177
    outer loop
      vertex 10.257810592651367 13.020828247070312 58.97917175292969
      vertex 9.829023361206055 12.676627159118652 56.648094177246094
      vertex 9.836708068847656 14.002426147460938 57.99757385253906
    endloop
  endfacet
  facet normal 0.9990002512931824 -0.010647363029420376 0.04341877996921539
    outer loop
      vertex 10.257810592651367 13.020828247070312 58.97917175292969
      vertex 10.219675064086914 10.397418975830078 59.213287353515625
      vertex 10.309802055358887 10.68259334564209 57.20953369140625
    endloop
  endfacet
  facet normal 0.9535062909126282 -0.26437652111053467 0.14467479288578033
    outer loop
      vertex 10.257810592651367 10.979171752929688 61.02082824707031
      vertex 9.836708068847656 9.997573852539062 62.00242614746094
      vertex 9.914299011230469 9.471063613891602 60.52891159057617
    endloop
  endfacet
  facet normal 0.8815423846244812 -0.3539091646671295 0.3124600350856781
    outer loop
      vertex 9.836708068847656 9.997573852539062 62.00242614746094
      vertex 9.152873992919922 9.092927932739258 62.907073974609375
      vertex 9.288856506347656 7.868607997894287 61.136695861816406
    endloop
  endfacet
  facet normal 0.6343927383422852 -0.5463149547576904 0.5468875169754028
    outer loop
      vertex 8.232589721679688 8.299999237060547 63.70000076293945
      vertex 7.111220359802246 7.649260520935059 64.35073852539062
      vertex 7.262598037719727 6.496282577514648 63.02336883544922
    endloop
  endfacet
  facet normal 0.4696647822856903 -0.6818804740905762 0.5607619881629944
    outer loop
      vertex 7.111220359802246 7.649260520935059 64.35073852539062
      vertex 5.831857681274414 7.165717124938965 64.83428192138672
      vertex 5.403691291809082 6.0722150802612305 63.86320495605469
    endloop
  endfacet
  facet normal 0.2901691198348999 -0.6964551210403442 0.6563171148300171
    outer loop
      vertex 5.831857681274414 7.165717124938965 64.83428192138672
      vertex 4.443667888641357 6.867952346801758 65.13204956054688
      vertex 5.403691291809082 6.0722150802612305 63.86320495605469
    endloop
  endfacet
  facet normal 0.09795563668012619 -0.7280466556549072 0.678493082523346
    outer loop
      vertex 4.443667888641357 6.867952346801758 65.13204956054688
      vertex 2.9999992847442627 6.767409801483154 65.23258972167969
      vertex 2.971597194671631 5.797395706176758 64.19583129882812
    endloop
  endfacet
  facet normal -0.10245756059885025 -0.728135347366333 0.677732527256012
    outer loop
      vertex 1.5563321113586426 6.867952346801758 65.13204956054688
      vertex 0.7959661483764648 5.8543925285339355 63.92816162109375
      vertex 2.971597194671631 5.797395706176758 64.19583129882812
    endloop
  endfacet
  facet normal -0.4017329514026642 -0.6429393291473389 0.6521040201187134
    outer loop
      vertex 0.16814255714416504 7.165717124938965 64.83428192138672
      vertex -1.0730531215667725 6.563811302185059 63.47618865966797
      vertex 0.7959661483764648 5.8543925285339355 63.92816162109375
    endloop
  endfacet
  facet normal -0.6330277323722839 -0.4990634620189667 0.5917868614196777
    outer loop
      vertex -1.111220359802246 7.649260520935059 64.35073852539062
      vertex -2.2325897216796875 8.299999237060547 63.70000076293945
      vertex -1.0730531215667725 6.563811302185059 63.47618865966797
    endloop
  endfacet
  facet normal -0.7586929202079773 -0.30481377243995667 0.5757374167442322
    outer loop
      vertex -2.2325897216796875 8.299999237060547 63.70000076293945
      vertex -3.152873992919922 9.092927932739258 62.907073974609375
      vertex -2.7928082942962646 6.9721903800964355 62.25877380371094
    endloop
  endfacet
  facet normal -0.8627194762229919 -0.17931994795799255 0.47282078862190247
    outer loop
      vertex -3.152873992919922 9.092927932739258 62.907073974609375
      vertex -3.8367085456848145 9.997573852539062 62.00242614746094
      vertex -3.9533185958862305 8.266186714172363 61.133018493652344
    endloop
  endfacet
  facet normal -0.9406898021697998 -0.07201676070690155 0.33153632283210754
    outer loop
      vertex -4.257811069488525 10.979171752929688 61.02082824707031
      vertex -4.6989336013793945 9.906458854675293 59.53618621826172
      vertex -3.8367085456848145 9.997573852539062 62.00242614746094
    endloop
  endfacet
  facet normal -0.9788718819618225 0.19567722082138062 0.05933221057057381
    outer loop
      vertex -4.257811069488525 13.020828247070312 58.97917175292969
      vertex -4.517579555511475 12.007528305053711 58.03532791137695
      vertex -4.400000095367432 12.0 60.0
    endloop
  endfacet
  facet normal -0.9435105919837952 0.3204302191734314 -0.08433343470096588
    outer loop
      vertex -3.8367080688476562 14.002426147460938 57.99757385253906
      vertex -4.517579555511475 12.007528305053711 58.03532791137695
      vertex -4.257811069488525 13.020828247070312 58.97917175292969
    endloop
  endfacet
  facet normal -0.860929548740387 0.4787527918815613 -0.1720350980758667
    outer loop
      vertex -3.1528759002685547 14.90707015991211 57.09292984008789
      vertex -3.9595394134521484 13.222517967224121 56.44187927246094
      vertex -3.8367080688476562 14.002426147460938 57.99757385253906
    endloop
  endfacet
  facet normal -0.9704993367195129 0.08892663568258286 0.22410547733306885
    outer loop
      vertex -4.257811069488525 10.979171752929688 61.02082824707031
      vertex -4.400000095367432 12.0 60.0
      vertex -4.6989336013793945 9.906458854675293 59.53618621826172
    endloop
  endfacet
  facet normal -0.6327404379844666 0.596173882484436 -0.4941824972629547
    outer loop
      vertex -2.232591152191162 15.699999809265137 56.29999923706055
      vertex -1.111220359802246 16.350738525390625 55.649261474609375
      vertex -1.2912955284118652 15.053474426269531 54.31482696533203
    endloop
  endfacet
  facet normal -0.46971595287323 0.5617175102233887 -0.6810583472251892
    outer loop
      vertex -1.111220359802246 16.350738525390625 55.649261474609375
      vertex 0.16814255714416504 16.83428382873535 55.16571807861328
      vertex 0.649616539478302 15.916587829589844 54.07676315307617
    endloop
  endfacet
  facet normal -0.29024460911750793 0.6646636724472046 -0.6884623169898987
    outer loop
      vertex 0.16814255714416504 16.83428382873535 55.16571807861328
      vertex 1.5563322305679321 17.132047653198242 54.867950439453125
      vertex 0.649616539478302 15.916587829589844 54.07676315307617
    endloop
  endfacet
  facet normal -0.09798058122396469 0.6845578551292419 -0.7223436236381531
    outer loop
      vertex 1.5563322305679321 17.132047653198242 54.867950439453125
      vertex 3.0 17.232589721679688 54.76741027832031
      vertex 2.3606483936309814 16.266881942749023 53.938941955566406
    endloop
  endfacet
  facet normal 0.4923054277896881 0.6113224029541016 -0.6196130514144897
    outer loop
      vertex 7.111220359802246 16.350738525390625 55.649261474609375
      vertex 7.8390398025512695 14.563873291015625 54.46458435058594
      vertex 6.097010612487793 15.641904830932617 54.14408493041992
    endloop
  endfacet
  facet normal 0.7398205995559692 0.48946675658226013 -0.46161437034606934
    outer loop
      vertex 8.23259162902832 15.699999809265137 56.29999923706055
      vertex 8.990240097045898 13.74105453491211 55.43712615966797
      vertex 7.8390398025512695 14.563873291015625 54.46458435058594
    endloop
  endfacet
  facet normal 0.8864944577217102 0.33284860849380493 -0.3214647173881531
    outer loop
      vertex 9.152875900268555 14.90707015991211 57.09292984008789
      vertex 9.829023361206055 12.676627159118652 56.648094177246094
      vertex 8.990240097045898 13.74105453491211 55.43712615966797
    endloop
  endfacet
  facet normal 0.963381290435791 0.1751050055027008 -0.20306356251239777
    outer loop
      vertex 10.257810592651367 13.020828247070312 58.97917175292969
      vertex 10.309802055358887 10.68259334564209 57.20953369140625
      vertex 9.829023361206055 12.676627159118652 56.648094177246094
    endloop
  endfacet
  facet normal 0.985615074634552 -0.029183240607380867 -0.16646748781204224
    outer loop
      vertex 10.257810592651367 13.020828247070312 58.97917175292969
      vertex 10.399999618530273 12.0 60.0
      vertex 10.219675064086914 10.397418975830078 59.213287353515625
    endloop
  endfacet
  facet normal -0.7609729766845703 0.5659024119377136 -0.3172926604747772
    outer loop
      vertex -3.1528759002685547 14.90707015991211 57.09292984008789
      vertex -2.232591152191162 15.699999809265137 56.29999923706055
      vertex -2.910982370376587 14.214456558227539 55.277488708496094
    endloop
  endfacet
  facet normal 0.0 0.0 1.0
    outer loop
      vertex 1.9999995231628418 -7.94955587387085 62.0
      vertex 1.9999949932098389 -9.262125968933105 62.0
      vertex 3.1089110374450684 -7.898157119750977 62.0
    endloop
  endfacet
  facet normal 0.0 0.0 1.0
    outer loop
      vertex 1.9999949932098389 -9.262125968933105 62.0
      vertex 4.124935150146484 -8.94631576538086 62.0
      vertex 3.1089110374450684 -7.898157119750977 62.0
    endloop
  endfacet
  facet normal 0.0 0.0 1.0
    outer loop
      vertex 3.1089110374450684 -7.898157119750977 62.0
      vertex 4.124935150146484 -8.94631576538086 62.0
      vertex 4.183667182922363 -7.716758728027344 62.0
    endloop
  endfacet
  facet normal 0.0 0.0 1.0
    outer loop
      vertex 4.124935150146484 -8.94631576538086 62.0
      vertex 5.8544793128967285 -8.240421295166016 62.0
      vertex 4.183667182922363 -7.716758728027344 62.0
    endloop
  endfacet
  facet normal 0.0 0.0 1.0
    outer loop
      vertex 4.183667182922363 -7.716758728027344 62.0
      vertex 5.8544793128967285 -8.240421295166016 62.0
      vertex 5.369955062866211 -7.378722667694092 62.0
    endloop
  endfacet
  facet normal 0.0 0.0 1.0
    outer loop
      vertex 5.369955062866211 -7.378722667694092 62.0
      vertex 5.8544793128967285 -8.240421295166016 62.0
      vertex 6.477258682250977 -6.872300148010254 62.0
    endloop
  endfacet
  facet normal 0.0 0.0 1.0
    outer loop
      vertex 5.8544793128967285 -8.240421295166016 62.0
      vertex 7.306517601013184 -7.3031182289123535 62.0
      vertex 6.477258682250977 -6.872300148010254 62.0
    endloop
  endfacet
  facet normal 0.0 0.0 1.0
    outer loop
      vertex 6.477258682250977 -6.872300148010254 62.0
      vertex 7.306517601013184 -7.3031182289123535 62.0
      vertex 7.436971187591553 -6.135692119598389 62.0
    endloop
  endfacet
  facet normal 0.0 0.0 1.0
    outer loop
      vertex 7.306517601013184 -7.3031182289123535 62.0
      vertex 8.222986221313477 -6.493096351623535 62.0
      vertex 7.436971187591553 -6.135692119598389 62.0
    endloop
  endfacet
  facet normal 0.0 0.0 1.0
    outer loop
      vertex 7.436971187591553 -6.135692119598389 62.0
      vertex 8.222986221313477 -6.493096351623535 62.0
      vertex 8.193126678466797 -5.457082748413086 62.0
    endloop
  endfacet
  facet normal 0.0 0.0 1.0
    outer loop
      vertex 8.222986221313477 -6.493096351623535 62.0
      vertex 9.127965927124023 -5.408159255981445 62.0
      vertex 8.193126678466797 -5.457082748413086 62.0
    endloop
  endfacet
  facet normal 0.0 0.0 1.0
    outer loop
      vertex 8.193126678466797 -5.457082748413086 62.0
      vertex 9.127965927124023 -5.408159255981445 62.0
      vertex 8.694385528564453 -4.744315147399902 62.0
    endloop
  endfacet
  facet normal 0.0 0.0 1.0
    outer loop
      vertex 9.127965927124023 -5.408159255981445 62.0
      vertex 9.698265075683594 -4.375558376312256 62.0
      vertex 8.694385528564453 -4.744315147399902 62.0
    endloop
  endfacet
  facet normal 0.0 0.0 1.0
    outer loop
      vertex 8.694385528564453 -4.744315147399902 62.0
      vertex 9.698265075683594 -4.375558376312256 62.0
      vertex 9.067033767700195 -4.061732292175293 62.0
    endloop
  endfacet
  facet normal 0.0 0.0 1.0
    outer loop
      vertex 9.698265075683594 -4.375558376312256 62.0
      vertex 9.923559188842773 -3.6092660427093506 62.0
      vertex 9.067033767700195 -4.061732292175293 62.0
    endloop
  endfacet
  facet normal 0.0 0.0 1.0
    outer loop
      vertex 9.067033767700195 -4.061732292175293 62.0
      vertex 9.923559188842773 -3.6092660427093506 62.0
      vertex 9.254249572753906 -3.323802947998047 62.0
    endloop
  endfacet
  facet normal 0.0 0.0 1.0
    outer loop
      vertex 9.923559188842773 -3.6092660427093506 62.0
      vertex 10.019140243530273 -2.6902031898498535 62.0
      vertex 9.254249572753906 -3.323802947998047 62.0
    endloop
  endfacet
  facet normal 0.0 0.0 1.0
    outer loop
      vertex 9.254249572753906 -3.323802947998047 62.0
      vertex 10.019140243530273 -2.6902031898498535 62.0
      vertex 9.251091957092285 -2.7537589073181152 62.0
    endloop
  endfacet
  facet normal 0.0 0.0 1.0
    outer loop
      vertex 9.251091957092285 -2.7537589073181152 62.0
      vertex 10.019140243530273 -2.6902031898498535 62.0
      vertex 9.234542846679688 -2.254892110824585 62.0
    endloop
  endfacet
  facet normal 0.0 0.0 1.0
    outer loop
      vertex 10.019140243530273 -2.6902031898498535 62.0
      vertex 9.722305297851562 -1.855994701385498 62.0
      vertex 9.234542846679688 -2.254892110824585 62.0
    endloop
  endfacet
  facet normal 0.0 0.0 1.0
    outer loop
      vertex 9.234542846679688 -2.254892110824585 62.0
      vertex 9.722305297851562 -1.855994701385498 62.0
      vertex 9.143610000610352 -1.9082077741622925 62.0
    endloop
  endfacet
  facet normal 0.0 0.0 1.0
    outer loop
      vertex 9.722305297851562 -1.855994701385498 62.0
      vertex 9.294389724731445 -1.2454707622528076 62.0
      vertex 9.143610000610352 -1.9082077741622925 62.0
    endloop
  endfacet
  facet normal 0.0 0.0 1.0
    outer loop
      vertex 9.143610000610352 -1.9082077741622925 62.0
      vertex 9.294389724731445 -1.2454707622528076 62.0
      vertex 8.931146621704102 -1.5362584590911865 62.0
    endloop
  endfacet
  facet normal 0.0 0.0 1.0
    outer loop
      vertex 8.931146621704102 -1.5362584590911865 62.0
      vertex 9.294389724731445 -1.2454707622528076 62.0
      vertex 8.637977600097656 -1.169081449508667 62.0
    endloop
  endfacet
  facet normal 0.0 0.0 1.0
    outer loop
      vertex 9.294389724731445 -1.2454707622528076 62.0
      vertex 8.593050003051758 -0.6230071783065796 62.0
      vertex 8.637977600097656 -1.169081449508667 62.0
    endloop
  endfacet
  facet normal 0.0 0.0 1.0
    outer loop
      vertex 8.637977600097656 -1.169081449508667 62.0
      vertex 8.593050003051758 -0.6230071783065796 62.0
      vertex 8.261322021484375 -0.8924888372421265 62.0
    endloop
  endfacet
  facet normal 0.0 0.0 1.0
    outer loop
      vertex 8.261322021484375 -0.8924888372421265 62.0
      vertex 8.593050003051758 -0.6230071783065796 62.0
      vertex 7.732574939727783 -0.5966147184371948 62.0
    endloop
  endfacet
  facet normal 0.0 0.0 1.0
    outer loop
      vertex 8.593050003051758 -0.6230071783065796 62.0
      vertex 7.658980846405029 -0.06914734840393066 62.0
      vertex 7.732574939727783 -0.5966147184371948 62.0
    endloop
  endfacet
  facet normal 0.0 0.0 1.0
    outer loop
      vertex 7.732574939727783 -0.5966147184371948 62.0
      vertex 7.658980846405029 -0.06914734840393066 62.0
      vertex 6.991950035095215 -0.269824743270874 62.0
    endloop
  endfacet
  facet normal 0.0 0.0 1.0
    outer loop
      vertex 7.658980846405029 -0.06914734840393066 62.0
      vertex 6.557694911956787 0.38237738609313965 62.0
      vertex 6.991950035095215 -0.269824743270874 62.0
    endloop
  endfacet
  facet normal 0.0 0.0 1.0
    outer loop
      vertex 6.991950035095215 -0.269824743270874 62.0
      vertex 6.557694911956787 0.38237738609313965 62.0
      vertex 6.105690002441406 0.05169820785522461 62.0
    endloop
  endfacet
  facet normal 0.0 0.0 1.0
    outer loop
      vertex 6.557694911956787 0.38237738609313965 62.0
      vertex 5.824388027191162 0.579906702041626 62.0
      vertex 6.105690002441406 0.05169820785522461 62.0
    endloop
  endfacet
  facet normal 0.0 0.0 1.0
    outer loop
      vertex 6.105690002441406 0.05169820785522461 62.0
      vertex 5.824388027191162 0.579906702041626 62.0
      vertex 5.384183883666992 0.2563135623931885 62.0
    endloop
  endfacet
  facet normal 0.0 0.0 1.0
    outer loop
      vertex 5.824388027191162 0.579906702041626 62.0
      vertex 5.091080665588379 0.7774362564086914 62.0
      vertex 5.384183883666992 0.2563135623931885 62.0
    endloop
  endfacet
  facet normal 0.0 0.0 1.0
    outer loop
      vertex 5.384183883666992 0.2563135623931885 62.0
      vertex 5.091080665588379 0.7774362564086914 62.0
      vertex 4.742983818054199 0.42338037490844727 62.0
    endloop
  endfacet
  facet normal 0.0 0.0 1.0
    outer loop
      vertex 5.091080665588379 0.7774362564086914 62.0
      vertex 4.357852935791016 0.8902676105499268 62.0
      vertex 4.742983818054199 0.42338037490844727 62.0
    endloop
  endfacet
  facet normal 0.0 0.0 1.0
    outer loop
      vertex 4.742983818054199 0.42338037490844727 62.0
      vertex 4.357852935791016 0.8902676105499268 62.0
      vertex 3.7237932682037354 0.5623972415924072 62.0
    endloop
  endfacet
  facet normal 0.0 0.0 1.0
    outer loop
      vertex 4.357852935791016 0.8902676105499268 62.0
      vertex 3.6246252059936523 1.003098726272583 62.0
      vertex 3.7237932682037354 0.5623972415924072 62.0
    endloop
  endfacet
  facet normal 0.0 0.0 1.0
    outer loop
      vertex 3.7237932682037354 0.5623972415924072 62.0
      vertex 3.6246252059936523 1.003098726272583 62.0
      vertex 2.7046029567718506 0.5884006023406982 62.0
    endloop
  endfacet
  facet normal 0.0 0.0 1.0
    outer loop
      vertex 3.6246252059936523 1.003098726272583 62.0
      vertex 2.812310218811035 1.0450880527496338 62.0
      vertex 2.7046029567718506 0.5884006023406982 62.0
    endloop
  endfacet
  facet normal 0.0 0.0 1.0
    outer loop
      vertex 2.812310218811035 1.0450880527496338 62.0
      vertex 1.9999955892562866 1.0870773792266846 62.0
      vertex 2.7046029567718506 0.5884006023406982 62.0
    endloop
  endfacet
  facet normal 0.0 0.0 1.0
    outer loop
      vertex 2.7046029567718506 0.5884006023406982 62.0
      vertex 1.9999955892562866 1.0870773792266846 62.0
      vertex 2.0 0.5785796642303467 62.0
    endloop
  endfacet
  facet normal 0.0 0.0 1.0
    outer loop
      vertex 1.9999995231628418 -7.94955587387085 62.0
      vertex 0.8910888433456421 -7.898157119750977 62.0
      vertex 1.9999949932098389 -9.262125968933105 62.0
    endloop
  endfacet
  facet normal 0.0 0.0 1.0
    outer loop
      vertex 1.9999949932098389 -9.262125968933105 62.0
      vertex 0.8910888433456421 -7.898157119750977 62.0
      vertex -0.12493538856506348 -8.94631576538086 62.0
    endloop
  endfacet
  facet normal 0.0 0.0 1.0
    outer loop
      vertex 0.8910888433456421 -7.898157119750977 62.0
      vertex -0.18366694450378418 -7.716758728027344 62.0
      vertex -0.12493538856506348 -8.94631576538086 62.0
    endloop
  endfacet
  facet normal 0.0 0.0 1.0
    outer loop
      vertex -0.12493538856506348 -8.94631576538086 62.0
      vertex -0.18366694450378418 -7.716758728027344 62.0
      vertex -1.8544793128967285 -8.240421295166016 62.0
    endloop
  endfacet
  facet normal 0.0 0.0 1.0
    outer loop
      vertex -0.18366694450378418 -7.716758728027344 62.0
      vertex -1.36995530128479 -7.378722667694092 62.0
      vertex -1.8544793128967285 -8.240421295166016 62.0
    endloop
  endfacet
  facet normal 0.0 0.0 1.0
    outer loop
      vertex -1.36995530128479 -7.378722667694092 62.0
      vertex -2.4772586822509766 -6.872300148010254 62.0
      vertex -1.8544793128967285 -8.240421295166016 62.0
    endloop
  endfacet
  facet normal 0.0 0.0 1.0
    outer loop
      vertex -1.8544793128967285 -8.240421295166016 62.0
      vertex -2.4772586822509766 -6.872300148010254 62.0
      vertex -3.3065176010131836 -7.3031182289123535 62.0
    endloop
  endfacet
  facet normal 0.0 0.0 1.0
    outer loop
      vertex -2.4772586822509766 -6.872300148010254 62.0
      vertex -3.4369711875915527 -6.135692119598389 62.0
      vertex -3.3065176010131836 -7.3031182289123535 62.0
    endloop
  endfacet
  facet normal 0.0 0.0 1.0
    outer loop
      vertex -3.3065176010131836 -7.3031182289123535 62.0
      vertex -3.4369711875915527 -6.135692119598389 62.0
      vertex -4.222986698150635 -6.493096351623535 62.0
    endloop
  endfacet
  facet normal 0.0 0.0 1.0
    outer loop
      vertex -3.4369711875915527 -6.135692119598389 62.0
      vertex -4.193126201629639 -5.457082748413086 62.0
      vertex -4.222986698150635 -6.493096351623535 62.0
    endloop
  endfacet
  facet normal 0.0 0.0 1.0
    outer loop
      vertex -4.222986698150635 -6.493096351623535 62.0
      vertex -4.193126201629639 -5.457082748413086 62.0
      vertex -5.127965927124023 -5.408159255981445 62.0
    endloop
  endfacet
  facet normal 0.0 0.0 1.0
    outer loop
      vertex -4.193126201629639 -5.457082748413086 62.0
      vertex -4.694385051727295 -4.744315147399902 62.0
      vertex -5.127965927124023 -5.408159255981445 62.0
    endloop
  endfacet
  facet normal 0.0 0.0 1.0
    outer loop
      vertex -5.127965927124023 -5.408159255981445 62.0
      vertex -4.694385051727295 -4.744315147399902 62.0
      vertex -5.6982645988464355 -4.375558376312256 62.0
    endloop
  endfacet
  facet normal 0.0 0.0 1.0
    outer loop
      vertex -4.694385051727295 -4.744315147399902 62.0
      vertex -5.067033290863037 -4.061732292175293 62.0
      vertex -5.6982645988464355 -4.375558376312256 62.0
    endloop
  endfacet
  facet normal 0.0 0.0 1.0
    outer loop
      vertex -5.6982645988464355 -4.375558376312256 62.0
      vertex -5.067033290863037 -4.061732292175293 62.0
      vertex -5.923559188842773 -3.6092660427093506 62.0
    endloop
  endfacet
  facet normal 0.0 0.0 1.0
    outer loop
      vertex -5.067033290863037 -4.061732292175293 62.0
      vertex -5.2542500495910645 -3.323802947998047 62.0
      vertex -5.923559188842773 -3.6092660427093506 62.0
    endloop
  endfacet
  facet normal 0.0 0.0 1.0
    outer loop
      vertex -5.923559188842773 -3.6092660427093506 62.0
      vertex -5.2542500495910645 -3.323802947998047 62.0
      vertex -6.019140243530273 -2.6902031898498535 62.0
    endloop
  endfacet
  facet normal 0.0 0.0 1.0
    outer loop
      vertex -5.2542500495910645 -3.323802947998047 62.0
      vertex -5.251091957092285 -2.7537589073181152 62.0
      vertex -6.019140243530273 -2.6902031898498535 62.0
    endloop
  endfacet
  facet normal 0.0 0.0 1.0
    outer loop
      vertex -5.251091957092285 -2.7537589073181152 62.0
      vertex -5.2345428466796875 -2.254892110824585 62.0
      vertex -6.019140243530273 -2.6902031898498535 62.0
    endloop
  endfacet
  facet normal 0.0 0.0 1.0
    outer loop
      vertex -6.019140243530273 -2.6902031898498535 62.0
      vertex -5.2345428466796875 -2.254892110824585 62.0
      vertex -5.7223052978515625 -1.855994701385498 62.0
    endloop
  endfacet
  facet normal 0.0 0.0 1.0
    outer loop
      vertex -5.2345428466796875 -2.254892110824585 62.0
      vertex -5.143609523773193 -1.9082077741622925 62.0
      vertex -5.7223052978515625 -1.855994701385498 62.0
    endloop
  endfacet
  facet normal 0.0 0.0 1.0
    outer loop
      vertex -5.7223052978515625 -1.855994701385498 62.0
      vertex -5.143609523773193 -1.9082077741622925 62.0
      vertex -5.2943902015686035 -1.2454707622528076 62.0
    endloop
  endfacet
  facet normal 0.0 0.0 1.0
    outer loop
      vertex -5.143609523773193 -1.9082077741622925 62.0
      vertex -4.93114709854126 -1.5362584590911865 62.0
      vertex -5.2943902015686035 -1.2454707622528076 62.0
    endloop
  endfacet
  facet normal 0.0 0.0 1.0
    outer loop
      vertex -4.93114709854126 -1.5362584590911865 62.0
      vertex -4.637977123260498 -1.169081449508667 62.0
      vertex -5.2943902015686035 -1.2454707622528076 62.0
    endloop
  endfacet
  facet normal 0.0 0.0 1.0
    outer loop
      vertex -5.2943902015686035 -1.2454707622528076 62.0
      vertex -4.637977123260498 -1.169081449508667 62.0
      vertex -4.593050479888916 -0.6230071783065796 62.0
    endloop
  endfacet
  facet normal 0.0 0.0 1.0
    outer loop
      vertex -4.637977123260498 -1.169081449508667 62.0
      vertex -4.261322498321533 -0.8924888372421265 62.0
      vertex -4.593050479888916 -0.6230071783065796 62.0
    endloop
  endfacet
  facet normal 0.0 0.0 1.0
    outer loop
      vertex -4.261322498321533 -0.8924888372421265 62.0
      vertex -3.732574939727783 -0.5966147184371948 62.0
      vertex -4.593050479888916 -0.6230071783065796 62.0
    endloop
  endfacet
  facet normal 0.0 0.0 1.0
    outer loop
      vertex -4.593050479888916 -0.6230071783065796 62.0
      vertex -3.732574939727783 -0.5966147184371948 62.0
      vertex -3.6589808464050293 -0.06914734840393066 62.0
    endloop
  endfacet
  facet normal 0.0 0.0 1.0
    outer loop
      vertex -3.732574939727783 -0.5966147184371948 62.0
      vertex -2.991950035095215 -0.269824743270874 62.0
      vertex -3.6589808464050293 -0.06914734840393066 62.0
    endloop
  endfacet
  facet normal 0.0 0.0 1.0
    outer loop
      vertex -3.6589808464050293 -0.06914734840393066 62.0
      vertex -2.991950035095215 -0.269824743270874 62.0
      vertex -2.557694911956787 0.38237738609313965 62.0
    endloop
  endfacet
  facet normal 0.0 0.0 1.0
    outer loop
      vertex -2.991950035095215 -0.269824743270874 62.0
      vertex -2.1056900024414062 0.05169820785522461 62.0
      vertex -2.557694911956787 0.38237738609313965 62.0
    endloop
  endfacet
  facet normal 0.0 0.0 1.0
    outer loop
      vertex -2.557694911956787 0.38237738609313965 62.0
      vertex -2.1056900024414062 0.05169820785522461 62.0
      vertex -1.824388027191162 0.579906702041626 62.0
    endloop
  endfacet
  facet normal 0.0 0.0 1.0
    outer loop
      vertex -2.1056900024414062 0.05169820785522461 62.0
      vertex -1.3841841220855713 0.2563135623931885 62.0
      vertex -1.824388027191162 0.579906702041626 62.0
    endloop
  endfacet
  facet normal 0.0 0.0 1.0
    outer loop
      vertex -1.824388027191162 0.579906702041626 62.0
      vertex -1.3841841220855713 0.2563135623931885 62.0
      vertex -1.091080665588379 0.7774362564086914 62.0
    endloop
  endfacet
  facet normal 0.0 0.0 1.0
    outer loop
      vertex -1.3841841220855713 0.2563135623931885 62.0
      vertex -0.7429838180541992 0.42338037490844727 62.0
      vertex -1.091080665588379 0.7774362564086914 62.0
    endloop
  endfacet
  facet normal 0.0 0.0 1.0
    outer loop
      vertex -1.091080665588379 0.7774362564086914 62.0
      vertex -0.7429838180541992 0.42338037490844727 62.0
      vertex -0.3578529357910156 0.8902676105499268 62.0
    endloop
  endfacet
  facet normal 0.0 0.0 1.0
    outer loop
      vertex -0.7429838180541992 0.42338037490844727 62.0
      vertex 0.27620673179626465 0.5623972415924072 62.0
      vertex -0.3578529357910156 0.8902676105499268 62.0
    endloop
  endfacet
  facet normal 0.0 0.0 1.0
    outer loop
      vertex -0.3578529357910156 0.8902676105499268 62.0
      vertex 0.27620673179626465 0.5623972415924072 62.0
      vertex 0.3753749132156372 1.003098726272583 62.0
    endloop
  endfacet
  facet normal 0.0 0.0 1.0
    outer loop
      vertex 0.27620673179626465 0.5623972415924072 62.0
      vertex 1.2953970432281494 0.5884006023406982 62.0
      vertex 0.3753749132156372 1.003098726272583 62.0
    endloop
  endfacet
  facet normal 0.0 0.0 1.0
    outer loop
      vertex 0.3753749132156372 1.003098726272583 62.0
      vertex 1.2953970432281494 0.5884006023406982 62.0
      vertex 1.1876896619796753 1.0450880527496338 62.0
    endloop
  endfacet
  facet normal 0.0 0.0 1.0
    outer loop
      vertex 1.1876896619796753 1.0450880527496338 62.0
      vertex 1.2953970432281494 0.5884006023406982 62.0
      vertex 1.9999955892562866 1.0870773792266846 62.0
    endloop
  endfacet
  facet normal 0.0 0.0 1.0
    outer loop
      vertex 1.2953970432281494 0.5884006023406982 62.0
      vertex 2.0 0.5785796642303467 62.0
      vertex 1.9999955892562866 1.0870773792266846 62.0
    endloop
  endfacet
  facet normal 0.0 0.0 1.0
    outer loop
      vertex 9.143610000610352 -1.9082077741622925 62.0
      vertex 8.931146621704102 -1.5362584590911865 62.0
      vertex 8.719683647155762 -1.9347095489501953 62.0
    endloop
  endfacet
  facet normal 0.0 0.0 1.0
    outer loop
      vertex 9.143610000610352 -1.9082077741622925 62.0
      vertex 8.719683647155762 -1.9347095489501953 62.0
      vertex 9.234542846679688 -2.254892110824585 62.0
    endloop
  endfacet
  facet normal 0.0 0.0 1.0
    outer loop
      vertex 8.719683647155762 -1.9347095489501953 62.0
      vertex 8.790462493896484 -2.232412576675415 62.0
      vertex 9.234542846679688 -2.254892110824585 62.0
    endloop
  endfacet
  facet normal 0.0 0.0 1.0
    outer loop
      vertex 9.234542846679688 -2.254892110824585 62.0
      vertex 8.790462493896484 -2.232412576675415 62.0
      vertex 9.251091957092285 -2.7537589073181152 62.0
    endloop
  endfacet
  facet normal 0.0 0.0 1.0
    outer loop
      vertex 8.680337905883789 -2.689220428466797 62.0
      vertex 8.420308113098145 -3.1285293102264404 62.0
      vertex 9.254249572753906 -3.323802947998047 62.0
    endloop
  endfacet
  facet normal 0.0 0.0 1.0
    outer loop
      vertex 8.790462493896484 -2.232412576675415 62.0
      vertex 8.680337905883789 -2.689220428466797 62.0
      vertex 9.251091957092285 -2.7537589073181152 62.0
    endloop
  endfacet
  facet normal 0.0 0.0 1.0
    outer loop
      vertex 9.254249572753906 -3.323802947998047 62.0
      vertex 9.251091957092285 -2.7537589073181152 62.0
      vertex 8.680337905883789 -2.689220428466797 62.0
    endloop
  endfacet
  facet normal 0.0 0.0 1.0
    outer loop
      vertex 8.22150993347168 -1.9841071367263794 62.0
      vertex 8.456960678100586 -1.790023684501648 62.0
      vertex 8.270893096923828 -1.424499273300171 62.0
    endloop
  endfacet
  facet normal 0.0 0.0 1.0
    outer loop
      vertex 8.637977600097656 -1.169081449508667 62.0
      vertex 8.261322021484375 -0.8924888372421265 62.0
      vertex 8.270893096923828 -1.424499273300171 62.0
    endloop
  endfacet
  facet normal 0.0 0.0 1.0
    outer loop
      vertex 8.270893096923828 -1.424499273300171 62.0
      vertex 8.261322021484375 -0.8924888372421265 62.0
      vertex 7.70401668548584 -1.5482709407806396 62.0
    endloop
  endfacet
  facet normal 0.0 0.0 1.0
    outer loop
      vertex 8.261322021484375 -0.8924888372421265 62.0
      vertex 7.732574939727783 -0.5966147184371948 62.0
      vertex 7.70401668548584 -1.5482709407806396 62.0
    endloop
  endfacet
  facet normal 0.0 0.0 1.0
    outer loop
      vertex 8.270893096923828 -1.424499273300171 62.0
      vertex 7.70401668548584 -1.5482709407806396 62.0
      vertex 8.22150993347168 -1.9841071367263794 62.0
    endloop
  endfacet
  facet normal 0.0 0.0 1.0
    outer loop
      vertex 7.70401668548584 -1.5482709407806396 62.0
      vertex 7.572692394256592 -2.438514471054077 62.0
      vertex 8.22150993347168 -1.9841071367263794 62.0
    endloop
  endfacet
  facet normal 0.0 0.0 1.0
    outer loop
      vertex 8.22150993347168 -1.9841071367263794 62.0
      vertex 7.572692394256592 -2.438514471054077 62.0
      vertex 8.003255844116211 -2.6886157989501953 62.0
    endloop
  endfacet
  facet normal 0.0 0.0 1.0
    outer loop
      vertex 7.575969696044922 -3.391479730606079 62.0
      vertex 8.003255844116211 -2.6886157989501953 62.0
      vertex 7.572692394256592 -2.438514471054077 62.0
    endloop
  endfacet
  facet normal 0.0 0.0 1.0
    outer loop
      vertex 7.572692394256592 -2.438514471054077 62.0
      vertex 6.956700325012207 -3.1324832439422607 62.0
      vertex 7.575969696044922 -3.391479730606079 62.0
    endloop
  endfacet
  facet normal 0.0 0.0 1.0
    outer loop
      vertex 6.944950580596924 -4.086702823638916 62.0
      vertex 7.575969696044922 -3.391479730606079 62.0
      vertex 6.956700325012207 -3.1324832439422607 62.0
    endloop
  endfacet
  facet normal 0.0 0.0 1.0
    outer loop
      vertex 6.956700325012207 -3.1324832439422607 62.0
      vertex 7.572692394256592 -2.438514471054077 62.0
      vertex 6.968450546264648 -2.1782636642456055 62.0
    endloop
  endfacet
  facet normal 0.0 0.0 1.0
    outer loop
      vertex 7.572692394256592 -2.438514471054077 62.0
      vertex 7.70401668548584 -1.5482709407806396 62.0
      vertex 6.968450546264648 -2.1782636642456055 62.0
    endloop
  endfacet
  facet normal 0.0 0.0 1.0
    outer loop
      vertex 6.968450546264648 -2.1782636642456055 62.0
      vertex 7.70401668548584 -1.5482709407806396 62.0
      vertex 6.980200290679932 -1.2240442037582397 62.0
    endloop
  endfacet
  facet normal 0.0 0.0 1.0
    outer loop
      vertex 7.70401668548584 -1.5482709407806396 62.0
      vertex 7.732574939727783 -0.5966147184371948 62.0
      vertex 6.980200290679932 -1.2240442037582397 62.0
    endloop
  endfacet
  facet normal 0.0 0.0 1.0
    outer loop
      vertex 7.732574939727783 -0.5966147184371948 62.0
      vertex 6.991950035095215 -0.269824743270874 62.0
      vertex 6.980200290679932 -1.2240442037582397 62.0
    endloop
  endfacet
  facet normal 0.0 0.0 1.0
    outer loop
      vertex 6.086995601654053 -3.4271841049194336 62.0
      vertex 6.944950580596924 -4.086702823638916 62.0
      vertex 6.956700325012207 -3.1324832439422607 62.0
    endloop
  endfacet
  facet normal 0.0 0.0 1.0
    outer loop
      vertex 6.944950580596924 -4.086702823638916 62.0
      vertex 6.086995601654053 -3.4271841049194336 62.0
      vertex 6.080764293670654 -4.586811542510986 62.0
    endloop
  endfacet
  facet normal 0.0 0.0 1.0
    outer loop
      vertex 6.086995601654053 -3.4271841049194336 62.0
      vertex 6.956700325012207 -3.1324832439422607 62.0
      vertex 6.093226909637451 -2.267556667327881 62.0
    endloop
  endfacet
  facet normal 0.0 0.0 1.0
    outer loop
      vertex 6.956700325012207 -3.1324832439422607 62.0
      vertex 6.968450546264648 -2.1782636642456055 62.0
      vertex 6.093226909637451 -2.267556667327881 62.0
    endloop
  endfacet
  facet normal 0.0 0.0 1.0
    outer loop
      vertex 6.991950035095215 -0.269824743270874 62.0
      vertex 6.099458694458008 -1.1079292297363281 62.0
      vertex 6.980200290679932 -1.2240442037582397 62.0
    endloop
  endfacet
  facet normal 0.0 0.0 1.0
    outer loop
      vertex 6.991950035095215 -0.269824743270874 62.0
      vertex 6.105690002441406 0.05169820785522461 62.0
      vertex 6.099458694458008 -1.1079292297363281 62.0
    endloop
  endfacet
  facet normal 0.0 0.0 1.0
    outer loop
      vertex 6.968450546264648 -2.1782636642456055 62.0
      vertex 6.980200290679932 -1.2240442037582397 62.0
      vertex 6.093226909637451 -2.267556667327881 62.0
    endloop
  endfacet
  facet normal 0.0 0.0 1.0
    outer loop
      vertex 6.099458694458008 -1.1079292297363281 62.0
      vertex 6.093226909637451 -2.267556667327881 62.0
      vertex 6.980200290679932 -1.2240442037582397 62.0
    endloop
  endfacet
  facet normal 0.0 0.0 1.0
    outer loop
      vertex 6.080764293670654 -4.586811542510986 62.0
      vertex 6.086995601654053 -3.4271841049194336 62.0
      vertex 5.192238807678223 -3.6507835388183594 62.0
    endloop
  endfacet
  facet normal 0.0 0.0 1.0
    outer loop
      vertex 5.128256797790527 -4.953149318695068 62.0
      vertex 6.080764293670654 -4.586811542510986 62.0
      vertex 5.192238807678223 -3.6507835388183594 62.0
    endloop
  endfacet
  facet normal 0.0 0.0 1.0
    outer loop
      vertex 5.192238807678223 -3.6507835388183594 62.0
      vertex 6.086995601654053 -3.4271841049194336 62.0
      vertex 5.25622034072876 -2.3484179973602295 62.0
    endloop
  endfacet
  facet normal 0.0 0.0 1.0
    outer loop
      vertex 6.086995601654053 -3.4271841049194336 62.0
      vertex 6.093226909637451 -2.267556667327881 62.0
      vertex 5.25622034072876 -2.3484179973602295 62.0
    endloop
  endfacet
  facet normal 0.0 0.0 1.0
    outer loop
      vertex 6.105690002441406 0.05169820785522461 62.0
      vertex 5.320201873779297 -1.0460522174835205 62.0
      vertex 6.099458694458008 -1.1079292297363281 62.0
    endloop
  endfacet
  facet normal 0.0 0.0 1.0
    outer loop
      vertex 6.105690002441406 0.05169820785522461 62.0
      vertex 5.384183883666992 0.2563135623931885 62.0
      vertex 5.320201873779297 -1.0460522174835205 62.0
    endloop
  endfacet
  facet normal 0.0 0.0 1.0
    outer loop
      vertex 6.093226909637451 -2.267556667327881 62.0
      vertex 6.099458694458008 -1.1079292297363281 62.0
      vertex 5.320201873779297 -1.0460522174835205 62.0
    endloop
  endfacet
  facet normal 0.0 0.0 1.0
    outer loop
      vertex 5.320201873779297 -1.0460522174835205 62.0
      vertex 5.25622034072876 -2.3484179973602295 62.0
      vertex 6.093226909637451 -2.267556667327881 62.0
    endloop
  endfacet
  facet normal 0.0 0.0 1.0
    outer loop
      vertex 5.128256797790527 -4.953149318695068 62.0
      vertex 5.192238807678223 -3.6507835388183594 62.0
      vertex 4.274073123931885 -3.800273895263672 62.0
    endloop
  endfacet
  facet normal 0.0 0.0 1.0
    outer loop
      vertex 4.117769241333008 -5.20815896987915 62.0
      vertex 5.128256797790527 -4.953149318695068 62.0
      vertex 4.274073123931885 -3.800273895263672 62.0
    endloop
  endfacet
  facet normal 0.0 0.0 1.0
    outer loop
      vertex 4.430377006530762 -2.3923892974853516 62.0
      vertex 5.192238807678223 -3.6507835388183594 62.0
      vertex 5.25622034072876 -2.3484179973602295 62.0
    endloop
  endfacet
  facet normal 0.0 0.0 1.0
    outer loop
      vertex 4.274073123931885 -3.800273895263672 62.0
      vertex 5.192238807678223 -3.6507835388183594 62.0
      vertex 4.430377006530762 -2.3923892974853516 62.0
    endloop
  endfacet
  facet normal 0.0 0.0 1.0
    outer loop
      vertex 5.25622034072876 -2.3484179973602295 62.0
      vertex 5.320201873779297 -1.0460522174835205 62.0
      vertex 4.5866804122924805 -0.9845044612884521 62.0
    endloop
  endfacet
  facet normal 0.0 0.0 1.0
    outer loop
      vertex 4.5866804122924805 -0.9845044612884521 62.0
      vertex 4.430377006530762 -2.3923892974853516 62.0
      vertex 5.25622034072876 -2.3484179973602295 62.0
    endloop
  endfacet
  facet normal 0.0 0.0 1.0
    outer loop
      vertex 5.384183883666992 0.2563135623931885 62.0
      vertex 4.742983818054199 0.42338037490844727 62.0
      vertex 5.320201873779297 -1.0460522174835205 62.0
    endloop
  endfacet
  facet normal 0.0 0.0 1.0
    outer loop
      vertex 4.5866804122924805 -0.9845044612884521 62.0
      vertex 5.320201873779297 -1.0460522174835205 62.0
      vertex 4.742983818054199 0.42338037490844727 62.0
    endloop
  endfacet
  facet normal 0.0 0.0 1.0
    outer loop
      vertex 4.742983818054199 0.42338037490844727 62.0
      vertex 3.7237932682037354 0.5623972415924072 62.0
      vertex 4.5866804122924805 -0.9845044612884521 62.0
    endloop
  endfacet
  facet normal 0.0 0.0 1.0
    outer loop
      vertex 3.1474833488464355 -0.7712993621826172 62.0
      vertex 4.5866804122924805 -0.9845044612884521 62.0
      vertex 3.7237932682037354 0.5623972415924072 62.0
    endloop
  endfacet
  facet normal 0.0 0.0 1.0
    outer loop
      vertex 4.5866804122924805 -0.9845044612884521 62.0
      vertex 3.1205332279205322 -2.3007466793060303 62.0
      vertex 4.430377006530762 -2.3923892974853516 62.0
    endloop
  endfacet
  facet normal 0.0 0.0 1.0
    outer loop
      vertex 4.5866804122924805 -0.9845044612884521 62.0
      vertex 3.1474833488464355 -0.7712993621826172 62.0
      vertex 3.1205332279205322 -2.3007466793060303 62.0
    endloop
  endfacet
  facet normal 0.0 0.0 1.0
    outer loop
      vertex 4.274073123931885 -3.800273895263672 62.0
      vertex 4.430377006530762 -2.3923892974853516 62.0
      vertex 3.1205332279205322 -2.3007466793060303 62.0
    endloop
  endfacet
  facet normal 0.0 0.0 1.0
    outer loop
      vertex 3.1205332279205322 -2.3007466793060303 62.0
      vertex 3.093583106994629 -3.8301937580108643 62.0
      vertex 4.274073123931885 -3.800273895263672 62.0
    endloop
  endfacet
  facet normal 0.0 0.0 1.0
    outer loop
      vertex 4.274073123931885 -3.800273895263672 62.0
      vertex 3.093583106994629 -3.8301937580108643 62.0
      vertex 4.117769241333008 -5.20815896987915 62.0
    endloop
  endfacet
  facet normal 0.0 0.0 1.0
    outer loop
      vertex 3.0666327476501465 -5.359641075134277 62.0
      vertex 4.117769241333008 -5.20815896987915 62.0
      vertex 3.093583106994629 -3.8301937580108643 62.0
    endloop
  endfacet
  facet normal 0.0 0.0 1.0
    outer loop
      vertex 3.0666327476501465 -5.359641075134277 62.0
      vertex 3.093583106994629 -3.8301937580108643 62.0
      vertex 2.0 -3.912389039993286 62.0
    endloop
  endfacet
  facet normal 0.0 0.0 1.0
    outer loop
      vertex 2.0 -5.409379005432129 62.0
      vertex 3.0666327476501465 -5.359641075134277 62.0
      vertex 2.0 -3.912389039993286 62.0
    endloop
  endfacet
  facet normal 0.0 0.0 1.0
    outer loop
      vertex 3.093583106994629 -3.8301937580108643 62.0
      vertex 3.1205332279205322 -2.3007466793060303 62.0
      vertex 2.0 -2.4153995513916016 62.0
    endloop
  endfacet
  facet normal 0.0 0.0 1.0
    outer loop
      vertex 2.0 -2.4153995513916016 62.0
      vertex 2.0 -3.912389039993286 62.0
      vertex 3.093583106994629 -3.8301937580108643 62.0
    endloop
  endfacet
  facet normal 0.0 0.0 1.0
    outer loop
      vertex 2.0 -0.9184098243713379 62.0
      vertex 3.1205332279205322 -2.3007466793060303 62.0
      vertex 3.1474833488464355 -0.7712993621826172 62.0
    endloop
  endfacet
  facet normal 0.0 0.0 1.0
    outer loop
      vertex 2.0 -2.4153995513916016 62.0
      vertex 3.1205332279205322 -2.3007466793060303 62.0
      vertex 2.0 -0.9184098243713379 62.0
    endloop
  endfacet
  facet normal 0.0 0.0 1.0
    outer loop
      vertex 3.7237932682037354 0.5623972415924072 62.0
      vertex 2.7046029567718506 0.5884006023406982 62.0
      vertex 3.1474833488464355 -0.7712993621826172 62.0
    endloop
  endfacet
  facet normal 0.0 0.0 1.0
    outer loop
      vertex 3.1474833488464355 -0.7712993621826172 62.0
      vertex 2.7046029567718506 0.5884006023406982 62.0
      vertex 2.0 -0.9184098243713379 62.0
    endloop
  endfacet
  facet normal 0.0 0.0 1.0
    outer loop
      vertex 2.7046029567718506 0.5884006023406982 62.0
      vertex 2.0 0.5785796642303467 62.0
      vertex 2.0 -0.9184098243713379 62.0
    endloop
  endfacet
  facet normal 0.0 0.0 1.0
    outer loop
      vertex 9.254249572753906 -3.323802947998047 62.0
      vertex 8.420308113098145 -3.1285293102264404 62.0
      vertex 9.067033767700195 -4.061732292175293 62.0
    endloop
  endfacet
  facet normal 0.0 0.0 1.0
    outer loop
      vertex 8.420308113098145 -3.1285293102264404 62.0
      vertex 8.470130920410156 -4.0055646896362305 62.0
      vertex 9.067033767700195 -4.061732292175293 62.0
    endloop
  endfacet
  facet normal 0.0 0.0 1.0
    outer loop
      vertex 7.958540916442871 -3.9411568641662598 62.0
      vertex 8.470130920410156 -4.0055646896362305 62.0
      vertex 8.420308113098145 -3.1285293102264404 62.0
    endloop
  endfacet
  facet normal 0.0 0.0 1.0
    outer loop
      vertex 8.694385528564453 -4.744315147399902 62.0
      vertex 9.067033767700195 -4.061732292175293 62.0
      vertex 8.470130920410156 -4.0055646896362305 62.0
    endloop
  endfacet
  facet normal 0.0 0.0 1.0
    outer loop
      vertex 8.470130920410156 -4.0055646896362305 62.0
      vertex 8.033177375793457 -4.703239440917969 62.0
      vertex 8.694385528564453 -4.744315147399902 62.0
    endloop
  endfacet
  facet normal 0.0 0.0 1.0
    outer loop
      vertex 8.470130920410156 -4.0055646896362305 62.0
      vertex 7.958540916442871 -3.9411568641662598 62.0
      vertex 8.033177375793457 -4.703239440917969 62.0
    endloop
  endfacet
  facet normal 0.0 0.0 1.0
    outer loop
      vertex 8.193126678466797 -5.457082748413086 62.0
      vertex 8.694385528564453 -4.744315147399902 62.0
      vertex 8.033177375793457 -4.703239440917969 62.0
    endloop
  endfacet
  facet normal 0.0 0.0 1.0
    outer loop
      vertex 8.033177375793457 -4.703239440917969 62.0
      vertex 7.2255682945251465 -5.375486373901367 62.0
      vertex 8.193126678466797 -5.457082748413086 62.0
    endloop
  endfacet
  facet normal 0.0 0.0 1.0
    outer loop
      vertex 7.436971187591553 -6.135692119598389 62.0
      vertex 8.193126678466797 -5.457082748413086 62.0
      vertex 7.2255682945251465 -5.375486373901367 62.0
    endloop
  endfacet
  facet normal 0.0 0.0 1.0
    outer loop
      vertex 7.958540916442871 -3.9411568641662598 62.0
      vertex 7.0904974937438965 -4.618673324584961 62.0
      vertex 8.033177375793457 -4.703239440917969 62.0
    endloop
  endfacet
  facet normal 0.0 0.0 1.0
    outer loop
      vertex 7.0904974937438965 -4.618673324584961 62.0
      vertex 7.2255682945251465 -5.375486373901367 62.0
      vertex 8.033177375793457 -4.703239440917969 62.0
    endloop
  endfacet
  facet normal 0.0 0.0 1.0
    outer loop
      vertex 7.2255682945251465 -5.375486373901367 62.0
      vertex 6.315739154815674 -6.062170028686523 62.0
      vertex 7.436971187591553 -6.135692119598389 62.0
    endloop
  endfacet
  facet normal 0.0 0.0 1.0
    outer loop
      vertex 7.436971187591553 -6.135692119598389 62.0
      vertex 6.315739154815674 -6.062170028686523 62.0
      vertex 6.477258682250977 -6.872300148010254 62.0
    endloop
  endfacet
  facet normal 0.0 0.0 1.0
    outer loop
      vertex 7.0904974937438965 -4.618673324584961 62.0
      vertex 6.154219627380371 -5.252039909362793 62.0
      vertex 7.2255682945251465 -5.375486373901367 62.0
    endloop
  endfacet
  facet normal 0.0 0.0 1.0
    outer loop
      vertex 6.315739154815674 -6.062170028686523 62.0
      vertex 7.2255682945251465 -5.375486373901367 62.0
      vertex 6.154219627380371 -5.252039909362793 62.0
    endloop
  endfacet
  facet normal 0.0 0.0 1.0
    outer loop
      vertex 6.154219627380371 -5.252039909362793 62.0
      vertex 5.229793548583984 -5.705687522888184 62.0
      vertex 6.315739154815674 -6.062170028686523 62.0
    endloop
  endfacet
  facet normal 0.0 0.0 1.0
    outer loop
      vertex 5.229793548583984 -5.705687522888184 62.0
      vertex 5.299874305725098 -6.542205333709717 62.0
      vertex 6.315739154815674 -6.062170028686523 62.0
    endloop
  endfacet
  facet normal 0.0 0.0 1.0
    outer loop
      vertex 6.315739154815674 -6.062170028686523 62.0
      vertex 5.299874305725098 -6.542205333709717 62.0
      vertex 6.477258682250977 -6.872300148010254 62.0
    endloop
  endfacet
  facet normal 0.0 0.0 1.0
    outer loop
      vertex 5.369955062866211 -7.378722667694092 62.0
      vertex 6.477258682250977 -6.872300148010254 62.0
      vertex 5.299874305725098 -6.542205333709717 62.0
    endloop
  endfacet
  facet normal 0.0 0.0 1.0
    outer loop
      vertex 5.299874305725098 -6.542205333709717 62.0
      vertex 4.114340782165527 -6.824235916137695 62.0
      vertex 5.369955062866211 -7.378722667694092 62.0
    endloop
  endfacet
  facet normal 0.0 0.0 1.0
    outer loop
      vertex 5.369955062866211 -7.378722667694092 62.0
      vertex 4.114340782165527 -6.824235916137695 62.0
      vertex 4.183667182922363 -7.716758728027344 62.0
    endloop
  endfacet
  facet normal 0.0 0.0 1.0
    outer loop
      vertex 5.229793548583984 -5.705687522888184 62.0
      vertex 4.045014381408691 -5.931713581085205 62.0
      vertex 5.299874305725098 -6.542205333709717 62.0
    endloop
  endfacet
  facet normal 0.0 0.0 1.0
    outer loop
      vertex 4.114340782165527 -6.824235916137695 62.0
      vertex 5.299874305725098 -6.542205333709717 62.0
      vertex 4.045014381408691 -5.931713581085205 62.0
    endloop
  endfacet
  facet normal 0.0 0.0 1.0
    outer loop
      vertex 4.183667182922363 -7.716758728027344 62.0
      vertex 4.114340782165527 -6.824235916137695 62.0
      vertex 2.994075298309326 -6.960901737213135 62.0
    endloop
  endfacet
  facet normal 0.0 0.0 1.0
    outer loop
      vertex 3.1089110374450684 -7.898157119750977 62.0
      vertex 4.183667182922363 -7.716758728027344 62.0
      vertex 2.994075298309326 -6.960901737213135 62.0
    endloop
  endfacet
  facet normal 0.0 0.0 1.0
    outer loop
      vertex 4.045014381408691 -5.931713581085205 62.0
      vertex 2.879239559173584 -6.023646831512451 62.0
      vertex 4.114340782165527 -6.824235916137695 62.0
    endloop
  endfacet
  facet normal 0.0 0.0 1.0
    outer loop
      vertex 2.879239559173584 -6.023646831512451 62.0
      vertex 2.994075298309326 -6.960901737213135 62.0
      vertex 4.114340782165527 -6.824235916137695 62.0
    endloop
  endfacet
  facet normal 0.0 0.0 1.0
    outer loop
      vertex 2.879239559173584 -6.023646831512451 62.0
      vertex 2.0 -6.045982837677002 62.0
      vertex 2.994075298309326 -6.960901737213135 62.0
    endloop
  endfacet
  facet normal 0.0 0.0 1.0
    outer loop
      vertex 2.0 -6.045982837677002 62.0
      vertex 1.999999761581421 -6.997769355773926 62.0
      vertex 2.994075298309326 -6.960901737213135 62.0
    endloop
  endfacet
  facet normal 0.0 0.0 1.0
    outer loop
      vertex 2.994075298309326 -6.960901737213135 62.0
      vertex 1.999999761581421 -6.997769355773926 62.0
      vertex 3.1089110374450684 -7.898157119750977 62.0
    endloop
  endfacet
  facet normal 0.0 0.0 1.0
    outer loop
      vertex 1.9999995231628418 -7.94955587387085 62.0
      vertex 3.1089110374450684 -7.898157119750977 62.0
      vertex 1.999999761581421 -6.997769355773926 62.0
    endloop
  endfacet
  facet normal 0.0 0.0 1.0
    outer loop
      vertex 8.719683647155762 -1.9347095489501953 62.0
      vertex 8.931146621704102 -1.5362584590911865 62.0
      vertex 8.653621673583984 -1.586268424987793 62.0
    endloop
  endfacet
  facet normal 0.0 0.0 1.0
    outer loop
      vertex 8.456960678100586 -1.790023684501648 62.0
      vertex 8.719683647155762 -1.9347095489501953 62.0
      vertex 8.653621673583984 -1.586268424987793 62.0
    endloop
  endfacet
  facet normal 0.0 0.0 1.0
    outer loop
      vertex 8.931146621704102 -1.5362584590911865 62.0
      vertex 8.637977600097656 -1.169081449508667 62.0
      vertex 8.653621673583984 -1.586268424987793 62.0
    endloop
  endfacet
  facet normal 0.0 0.0 1.0
    outer loop
      vertex 8.456960678100586 -1.790023684501648 62.0
      vertex 8.653621673583984 -1.586268424987793 62.0
      vertex 8.270893096923828 -1.424499273300171 62.0
    endloop
  endfacet
  facet normal 0.0 0.0 1.0
    outer loop
      vertex 8.270893096923828 -1.424499273300171 62.0
      vertex 8.653621673583984 -1.586268424987793 62.0
      vertex 8.637977600097656 -1.169081449508667 62.0
    endloop
  endfacet
  facet normal 0.0 0.0 1.0
    outer loop
      vertex -5.143609523773193 -1.9082077741622925 62.0
      vertex -4.719683647155762 -1.9347095489501953 62.0
      vertex -4.93114709854126 -1.5362584590911865 62.0
    endloop
  endfacet
  facet normal 0.0 0.0 1.0
    outer loop
      vertex -5.143609523773193 -1.9082077741622925 62.0
      vertex -5.2345428466796875 -2.254892110824585 62.0
      vertex -4.719683647155762 -1.9347095489501953 62.0
    endloop
  endfacet
  facet normal 0.0 0.0 1.0
    outer loop
      vertex -4.719683647155762 -1.9347095489501953 62.0
      vertex -5.2345428466796875 -2.254892110824585 62.0
      vertex -4.790462970733643 -2.232412576675415 62.0
    endloop
  endfacet
  facet normal 0.0 0.0 1.0
    outer loop
      vertex -5.2345428466796875 -2.254892110824585 62.0
      vertex -5.251091957092285 -2.7537589073181152 62.0
      vertex -4.790462970733643 -2.232412576675415 62.0
    endloop
  endfacet
  facet normal 0.0 0.0 1.0
    outer loop
      vertex -4.680338382720947 -2.689220428466797 62.0
      vertex -5.2542500495910645 -3.323802947998047 62.0
      vertex -4.4203081130981445 -3.1285293102264404 62.0
    endloop
  endfacet
  facet normal 0.0 0.0 1.0
    outer loop
      vertex -4.790462970733643 -2.232412576675415 62.0
      vertex -5.251091957092285 -2.7537589073181152 62.0
      vertex -4.680338382720947 -2.689220428466797 62.0
    endloop
  endfacet
  facet normal 0.0 0.0 1.0
    outer loop
      vertex -5.2542500495910645 -3.323802947998047 62.0
      vertex -4.680338382720947 -2.689220428466797 62.0
      vertex -5.251091957092285 -2.7537589073181152 62.0
    endloop
  endfacet
  facet normal 0.0 0.0 1.0
    outer loop
      vertex -4.22150993347168 -1.9841071367263794 62.0
      vertex -4.270893096923828 -1.424499273300171 62.0
      vertex -4.456961154937744 -1.790023684501648 62.0
    endloop
  endfacet
  facet normal 0.0 0.0 1.0
    outer loop
      vertex -4.637977123260498 -1.169081449508667 62.0
      vertex -4.270893096923828 -1.424499273300171 62.0
      vertex -4.261322498321533 -0.8924888372421265 62.0
    endloop
  endfacet
  facet normal 0.0 0.0 1.0
    outer loop
      vertex -4.270893096923828 -1.424499273300171 62.0
      vertex -3.70401668548584 -1.5482709407806396 62.0
      vertex -4.261322498321533 -0.8924888372421265 62.0
    endloop
  endfacet
  facet normal 0.0 0.0 1.0
    outer loop
      vertex -4.261322498321533 -0.8924888372421265 62.0
      vertex -3.70401668548584 -1.5482709407806396 62.0
      vertex -3.732574939727783 -0.5966147184371948 62.0
    endloop
  endfacet
  facet normal 0.0 0.0 1.0
    outer loop
      vertex -4.270893096923828 -1.424499273300171 62.0
      vertex -4.22150993347168 -1.9841071367263794 62.0
      vertex -3.70401668548584 -1.5482709407806396 62.0
    endloop
  endfacet
  facet normal 0.0 0.0 1.0
    outer loop
      vertex -3.70401668548584 -1.5482709407806396 62.0
      vertex -4.22150993347168 -1.9841071367263794 62.0
      vertex -3.572692394256592 -2.438514471054077 62.0
    endloop
  endfacet
  facet normal 0.0 0.0 1.0
    outer loop
      vertex -4.22150993347168 -1.9841071367263794 62.0
      vertex -4.003255367279053 -2.6886157989501953 62.0
      vertex -3.572692394256592 -2.438514471054077 62.0
    endloop
  endfacet
  facet normal 0.0 0.0 1.0
    outer loop
      vertex -3.575969696044922 -3.391479730606079 62.0
      vertex -3.572692394256592 -2.438514471054077 62.0
      vertex -4.003255367279053 -2.6886157989501953 62.0
    endloop
  endfacet
  facet normal 0.0 0.0 1.0
    outer loop
      vertex -3.572692394256592 -2.438514471054077 62.0
      vertex -3.575969696044922 -3.391479730606079 62.0
      vertex -2.956700325012207 -3.1324832439422607 62.0
    endloop
  endfacet
  facet normal 0.0 0.0 1.0
    outer loop
      vertex -2.944950580596924 -4.086702823638916 62.0
      vertex -2.956700325012207 -3.1324832439422607 62.0
      vertex -3.575969696044922 -3.391479730606079 62.0
    endloop
  endfacet
  facet normal 0.0 0.0 1.0
    outer loop
      vertex -2.956700325012207 -3.1324832439422607 62.0
      vertex -2.9684505462646484 -2.1782636642456055 62.0
      vertex -3.572692394256592 -2.438514471054077 62.0
    endloop
  endfacet
  facet normal 0.0 0.0 1.0
    outer loop
      vertex -3.572692394256592 -2.438514471054077 62.0
      vertex -2.9684505462646484 -2.1782636642456055 62.0
      vertex -3.70401668548584 -1.5482709407806396 62.0
    endloop
  endfacet
  facet normal 0.0 0.0 1.0
    outer loop
      vertex -2.9684505462646484 -2.1782636642456055 62.0
      vertex -2.9802002906799316 -1.2240442037582397 62.0
      vertex -3.70401668548584 -1.5482709407806396 62.0
    endloop
  endfacet
  facet normal 0.0 0.0 1.0
    outer loop
      vertex -3.70401668548584 -1.5482709407806396 62.0
      vertex -2.9802002906799316 -1.2240442037582397 62.0
      vertex -3.732574939727783 -0.5966147184371948 62.0
    endloop
  endfacet
  facet normal 0.0 0.0 1.0
    outer loop
      vertex -3.732574939727783 -0.5966147184371948 62.0
      vertex -2.9802002906799316 -1.2240442037582397 62.0
      vertex -2.991950035095215 -0.269824743270874 62.0
    endloop
  endfacet
  facet normal 0.0 0.0 1.0
    outer loop
      vertex -2.0869956016540527 -3.4271841049194336 62.0
      vertex -2.956700325012207 -3.1324832439422607 62.0
      vertex -2.944950580596924 -4.086702823638916 62.0
    endloop
  endfacet
  facet normal 0.0 0.0 1.0
    outer loop
      vertex -2.944950580596924 -4.086702823638916 62.0
      vertex -2.0807642936706543 -4.586811542510986 62.0
      vertex -2.0869956016540527 -3.4271841049194336 62.0
    endloop
  endfacet
  facet normal 0.0 0.0 1.0
    outer loop
      vertex -2.0869956016540527 -3.4271841049194336 62.0
      vertex -2.093226909637451 -2.267556667327881 62.0
      vertex -2.956700325012207 -3.1324832439422607 62.0
    endloop
  endfacet
  facet normal 0.0 0.0 1.0
    outer loop
      vertex -2.956700325012207 -3.1324832439422607 62.0
      vertex -2.093226909637451 -2.267556667327881 62.0
      vertex -2.9684505462646484 -2.1782636642456055 62.0
    endloop
  endfacet
  facet normal 0.0 0.0 1.0
    outer loop
      vertex -2.991950035095215 -0.269824743270874 62.0
      vertex -2.9802002906799316 -1.2240442037582397 62.0
      vertex -2.099458694458008 -1.1079292297363281 62.0
    endloop
  endfacet
  facet normal 0.0 0.0 1.0
    outer loop
      vertex -2.991950035095215 -0.269824743270874 62.0
      vertex -2.099458694458008 -1.1079292297363281 62.0
      vertex -2.1056900024414062 0.05169820785522461 62.0
    endloop
  endfacet
  facet normal 0.0 0.0 1.0
    outer loop
      vertex -2.9684505462646484 -2.1782636642456055 62.0
      vertex -2.093226909637451 -2.267556667327881 62.0
      vertex -2.9802002906799316 -1.2240442037582397 62.0
    endloop
  endfacet
  facet normal 0.0 0.0 1.0
    outer loop
      vertex -2.099458694458008 -1.1079292297363281 62.0
      vertex -2.9802002906799316 -1.2240442037582397 62.0
      vertex -2.093226909637451 -2.267556667327881 62.0
    endloop
  endfacet
  facet normal 0.0 0.0 1.0
    outer loop
      vertex -2.0807642936706543 -4.586811542510986 62.0
      vertex -1.1922385692596436 -3.6507835388183594 62.0
      vertex -2.0869956016540527 -3.4271841049194336 62.0
    endloop
  endfacet
  facet normal 0.0 0.0 1.0
    outer loop
      vertex -1.1282567977905273 -4.953149318695068 62.0
      vertex -1.1922385692596436 -3.6507835388183594 62.0
      vertex -2.0807642936706543 -4.586811542510986 62.0
    endloop
  endfacet
  facet normal 0.0 0.0 1.0
    outer loop
      vertex -1.1922385692596436 -3.6507835388183594 62.0
      vertex -1.2562203407287598 -2.3484179973602295 62.0
      vertex -2.0869956016540527 -3.4271841049194336 62.0
    endloop
  endfacet
  facet normal 0.0 0.0 1.0
    outer loop
      vertex -2.0869956016540527 -3.4271841049194336 62.0
      vertex -1.2562203407287598 -2.3484179973602295 62.0
      vertex -2.093226909637451 -2.267556667327881 62.0
    endloop
  endfacet
  facet normal 0.0 0.0 1.0
    outer loop
      vertex -2.1056900024414062 0.05169820785522461 62.0
      vertex -2.099458694458008 -1.1079292297363281 62.0
      vertex -1.320202112197876 -1.0460522174835205 62.0
    endloop
  endfacet
  facet normal 0.0 0.0 1.0
    outer loop
      vertex -2.1056900024414062 0.05169820785522461 62.0
      vertex -1.320202112197876 -1.0460522174835205 62.0
      vertex -1.3841841220855713 0.2563135623931885 62.0
    endloop
  endfacet
  facet normal 0.0 0.0 1.0
    outer loop
      vertex -2.093226909637451 -2.267556667327881 62.0
      vertex -1.320202112197876 -1.0460522174835205 62.0
      vertex -2.099458694458008 -1.1079292297363281 62.0
    endloop
  endfacet
  facet normal 0.0 0.0 1.0
    outer loop
      vertex -1.320202112197876 -1.0460522174835205 62.0
      vertex -2.093226909637451 -2.267556667327881 62.0
      vertex -1.2562203407287598 -2.3484179973602295 62.0
    endloop
  endfacet
  facet normal 0.0 0.0 1.0
    outer loop
      vertex -1.1282567977905273 -4.953149318695068 62.0
      vertex -0.27407312393188477 -3.800273895263672 62.0
      vertex -1.1922385692596436 -3.6507835388183594 62.0
    endloop
  endfacet
  facet normal 0.0 0.0 1.0
    outer loop
      vertex -0.11776947975158691 -5.20815896987915 62.0
      vertex -0.27407312393188477 -3.800273895263672 62.0
      vertex -1.1282567977905273 -4.953149318695068 62.0
    endloop
  endfacet
  facet normal 0.0 0.0 1.0
    outer loop
      vertex -0.4303767681121826 -2.3923892974853516 62.0
      vertex -1.2562203407287598 -2.3484179973602295 62.0
      vertex -1.1922385692596436 -3.6507835388183594 62.0
    endloop
  endfacet
  facet normal 0.0 0.0 1.0
    outer loop
      vertex -0.27407312393188477 -3.800273895263672 62.0
      vertex -0.4303767681121826 -2.3923892974853516 62.0
      vertex -1.1922385692596436 -3.6507835388183594 62.0
    endloop
  endfacet
  facet normal 0.0 0.0 1.0
    outer loop
      vertex -1.2562203407287598 -2.3484179973602295 62.0
      vertex -0.5866801738739014 -0.9845044612884521 62.0
      vertex -1.320202112197876 -1.0460522174835205 62.0
    endloop
  endfacet
  facet normal 0.0 0.0 1.0
    outer loop
      vertex -0.5866801738739014 -0.9845044612884521 62.0
      vertex -1.2562203407287598 -2.3484179973602295 62.0
      vertex -0.4303767681121826 -2.3923892974853516 62.0
    endloop
  endfacet
  facet normal 0.0 0.0 1.0
    outer loop
      vertex -1.3841841220855713 0.2563135623931885 62.0
      vertex -1.320202112197876 -1.0460522174835205 62.0
      vertex -0.7429838180541992 0.42338037490844727 62.0
    endloop
  endfacet
  facet normal 0.0 0.0 1.0
    outer loop
      vertex -0.5866801738739014 -0.9845044612884521 62.0
      vertex -0.7429838180541992 0.42338037490844727 62.0
      vertex -1.320202112197876 -1.0460522174835205 62.0
    endloop
  endfacet
  facet normal 0.0 0.0 1.0
    outer loop
      vertex -0.7429838180541992 0.42338037490844727 62.0
      vertex -0.5866801738739014 -0.9845044612884521 62.0
      vertex 0.27620673179626465 0.5623972415924072 62.0
    endloop
  endfacet
  facet normal 0.0 0.0 1.0
    outer loop
      vertex 0.8525166511535645 -0.7712993621826172 62.0
      vertex 0.27620673179626465 0.5623972415924072 62.0
      vertex -0.5866801738739014 -0.9845044612884521 62.0
    endloop
  endfacet
  facet normal 0.0 0.0 1.0
    outer loop
      vertex -0.5866801738739014 -0.9845044612884521 62.0
      vertex -0.4303767681121826 -2.3923892974853516 62.0
      vertex 0.8794667720794678 -2.3007466793060303 62.0
    endloop
  endfacet
  facet normal 0.0 0.0 1.0
    outer loop
      vertex -0.5866801738739014 -0.9845044612884521 62.0
      vertex 0.8794667720794678 -2.3007466793060303 62.0
      vertex 0.8525166511535645 -0.7712993621826172 62.0
    endloop
  endfacet
  facet normal 0.0 0.0 1.0
    outer loop
      vertex -0.27407312393188477 -3.800273895263672 62.0
      vertex 0.8794667720794678 -2.3007466793060303 62.0
      vertex -0.4303767681121826 -2.3923892974853516 62.0
    endloop
  endfacet
  facet normal 0.0 0.0 1.0
    outer loop
      vertex 0.8794667720794678 -2.3007466793060303 62.0
      vertex -0.27407312393188477 -3.800273895263672 62.0
      vertex 0.9064168930053711 -3.8301937580108643 62.0
    endloop
  endfacet
  facet normal 0.0 0.0 1.0
    outer loop
      vertex -0.27407312393188477 -3.800273895263672 62.0
      vertex -0.11776947975158691 -5.20815896987915 62.0
      vertex 0.9064168930053711 -3.8301937580108643 62.0
    endloop
  endfacet
  facet normal 0.0 0.0 1.0
    outer loop
      vertex 0.933367133140564 -5.359641075134277 62.0
      vertex 0.9064168930053711 -3.8301937580108643 62.0
      vertex -0.11776947975158691 -5.20815896987915 62.0
    endloop
  endfacet
  facet normal 0.0 0.0 1.0
    outer loop
      vertex 0.933367133140564 -5.359641075134277 62.0
      vertex 2.0 -3.912389039993286 62.0
      vertex 0.9064168930053711 -3.8301937580108643 62.0
    endloop
  endfacet
  facet normal 0.0 0.0 1.0
    outer loop
      vertex 2.0 -5.409379005432129 62.0
      vertex 2.0 -3.912389039993286 62.0
      vertex 0.933367133140564 -5.359641075134277 62.0
    endloop
  endfacet
  facet normal 0.0 0.0 1.0
    outer loop
      vertex 0.9064168930053711 -3.8301937580108643 62.0
      vertex 2.0 -2.4153995513916016 62.0
      vertex 0.8794667720794678 -2.3007466793060303 62.0
    endloop
  endfacet
  facet normal 0.0 0.0 1.0
    outer loop
      vertex 2.0 -2.4153995513916016 62.0
      vertex 0.9064168930053711 -3.8301937580108643 62.0
      vertex 2.0 -3.912389039993286 62.0
    endloop
  endfacet
  facet normal 0.0 0.0 1.0
    outer loop
      vertex 2.0 -0.9184098243713379 62.0
      vertex 0.8525166511535645 -0.7712993621826172 62.0
      vertex 0.8794667720794678 -2.3007466793060303 62.0
    endloop
  endfacet
  facet normal 0.0 0.0 1.0
    outer loop
      vertex 2.0 -2.4153995513916016 62.0
      vertex 2.0 -0.9184098243713379 62.0
      vertex 0.8794667720794678 -2.3007466793060303 62.0
    endloop
  endfacet
  facet normal 0.0 0.0 1.0
    outer loop
      vertex 0.27620673179626465 0.5623972415924072 62.0
      vertex 0.8525166511535645 -0.7712993621826172 62.0
      vertex 1.2953970432281494 0.5884006023406982 62.0
    endloop
  endfacet
  facet normal 0.0 0.0 1.0
    outer loop
      vertex 0.8525166511535645 -0.7712993621826172 62.0
      vertex 2.0 -0.9184098243713379 62.0
      vertex 1.2953970432281494 0.5884006023406982 62.0
    endloop
  endfacet
  facet normal 0.0 0.0 1.0
    outer loop
      vertex 1.2953970432281494 0.5884006023406982 62.0
      vertex 2.0 -0.9184098243713379 62.0
      vertex 2.0 0.5785796642303467 62.0
    endloop
  endfacet
  facet normal 0.0 0.0 1.0
    outer loop
      vertex -5.2542500495910645 -3.323802947998047 62.0
      vertex -5.067033290863037 -4.061732292175293 62.0
      vertex -4.4203081130981445 -3.1285293102264404 62.0
    endloop
  endfacet
  facet normal 0.0 0.0 1.0
    outer loop
      vertex -4.4203081130981445 -3.1285293102264404 62.0
      vertex -5.067033290863037 -4.061732292175293 62.0
      vertex -4.470130443572998 -4.0055646896362305 62.0
    endloop
  endfacet
  facet normal 0.0 0.0 1.0
    outer loop
      vertex -3.958540916442871 -3.9411568641662598 62.0
      vertex -4.4203081130981445 -3.1285293102264404 62.0
      vertex -4.470130443572998 -4.0055646896362305 62.0
    endloop
  endfacet
  facet normal 0.0 0.0 1.0
    outer loop
      vertex -4.694385051727295 -4.744315147399902 62.0
      vertex -4.470130443572998 -4.0055646896362305 62.0
      vertex -5.067033290863037 -4.061732292175293 62.0
    endloop
  endfacet
  facet normal 0.0 0.0 1.0
    outer loop
      vertex -4.470130443572998 -4.0055646896362305 62.0
      vertex -4.694385051727295 -4.744315147399902 62.0
      vertex -4.033177375793457 -4.703239440917969 62.0
    endloop
  endfacet
  facet normal 0.0 0.0 1.0
    outer loop
      vertex -4.470130443572998 -4.0055646896362305 62.0
      vertex -4.033177375793457 -4.703239440917969 62.0
      vertex -3.958540916442871 -3.9411568641662598 62.0
    endloop
  endfacet
  facet normal 0.0 0.0 1.0
    outer loop
      vertex -4.193126201629639 -5.457082748413086 62.0
      vertex -4.033177375793457 -4.703239440917969 62.0
      vertex -4.694385051727295 -4.744315147399902 62.0
    endloop
  endfacet
  facet normal 0.0 0.0 1.0
    outer loop
      vertex -4.033177375793457 -4.703239440917969 62.0
      vertex -4.193126201629639 -5.457082748413086 62.0
      vertex -3.2255682945251465 -5.375486373901367 62.0
    endloop
  endfacet
  facet normal 0.0 0.0 1.0
    outer loop
      vertex -3.4369711875915527 -6.135692119598389 62.0
      vertex -3.2255682945251465 -5.375486373901367 62.0
      vertex -4.193126201629639 -5.457082748413086 62.0
    endloop
  endfacet
  facet normal 0.0 0.0 1.0
    outer loop
      vertex -3.958540916442871 -3.9411568641662598 62.0
      vertex -4.033177375793457 -4.703239440917969 62.0
      vertex -3.0904974937438965 -4.618673324584961 62.0
    endloop
  endfacet
  facet normal 0.0 0.0 1.0
    outer loop
      vertex -3.0904974937438965 -4.618673324584961 62.0
      vertex -4.033177375793457 -4.703239440917969 62.0
      vertex -3.2255682945251465 -5.375486373901367 62.0
    endloop
  endfacet
  facet normal 0.0 0.0 1.0
    outer loop
      vertex -3.2255682945251465 -5.375486373901367 62.0
      vertex -3.4369711875915527 -6.135692119598389 62.0
      vertex -2.315739154815674 -6.062170028686523 62.0
    endloop
  endfacet
  facet normal 0.0 0.0 1.0
    outer loop
      vertex -3.4369711875915527 -6.135692119598389 62.0
      vertex -2.4772586822509766 -6.872300148010254 62.0
      vertex -2.315739154815674 -6.062170028686523 62.0
    endloop
  endfacet
  facet normal 0.0 0.0 1.0
    outer loop
      vertex -3.0904974937438965 -4.618673324584961 62.0
      vertex -3.2255682945251465 -5.375486373901367 62.0
      vertex -2.154219627380371 -5.252039909362793 62.0
    endloop
  endfacet
  facet normal 0.0 0.0 1.0
    outer loop
      vertex -2.315739154815674 -6.062170028686523 62.0
      vertex -2.154219627380371 -5.252039909362793 62.0
      vertex -3.2255682945251465 -5.375486373901367 62.0
    endloop
  endfacet
  facet normal 0.0 0.0 1.0
    outer loop
      vertex -2.154219627380371 -5.252039909362793 62.0
      vertex -2.315739154815674 -6.062170028686523 62.0
      vertex -1.2297933101654053 -5.705687522888184 62.0
    endloop
  endfacet
  facet normal 0.0 0.0 1.0
    outer loop
      vertex -1.2297933101654053 -5.705687522888184 62.0
      vertex -2.315739154815674 -6.062170028686523 62.0
      vertex -1.2998743057250977 -6.542205333709717 62.0
    endloop
  endfacet
  facet normal 0.0 0.0 1.0
    outer loop
      vertex -2.315739154815674 -6.062170028686523 62.0
      vertex -2.4772586822509766 -6.872300148010254 62.0
      vertex -1.2998743057250977 -6.542205333709717 62.0
    endloop
  endfacet
  facet normal 0.0 0.0 1.0
    outer loop
      vertex -1.36995530128479 -7.378722667694092 62.0
      vertex -1.2998743057250977 -6.542205333709717 62.0
      vertex -2.4772586822509766 -6.872300148010254 62.0
    endloop
  endfacet
  facet normal 0.0 0.0 1.0
    outer loop
      vertex -1.2998743057250977 -6.542205333709717 62.0
      vertex -1.36995530128479 -7.378722667694092 62.0
      vertex -0.11434078216552734 -6.824235916137695 62.0
    endloop
  endfacet
  facet normal 0.0 0.0 1.0
    outer loop
      vertex -1.36995530128479 -7.378722667694092 62.0
      vertex -0.18366694450378418 -7.716758728027344 62.0
      vertex -0.11434078216552734 -6.824235916137695 62.0
    endloop
  endfacet
  facet normal 0.0 0.0 1.0
    outer loop
      vertex -1.2297933101654053 -5.705687522888184 62.0
      vertex -1.2998743057250977 -6.542205333709717 62.0
      vertex -0.04501461982727051 -5.931713581085205 62.0
    endloop
  endfacet
  facet normal 0.0 0.0 1.0
    outer loop
      vertex -0.11434078216552734 -6.824235916137695 62.0
      vertex -0.04501461982727051 -5.931713581085205 62.0
      vertex -1.2998743057250977 -6.542205333709717 62.0
    endloop
  endfacet
  facet normal 0.0 0.0 1.0
    outer loop
      vertex -0.18366694450378418 -7.716758728027344 62.0
      vertex 1.0059245824813843 -6.960901737213135 62.0
      vertex -0.11434078216552734 -6.824235916137695 62.0
    endloop
  endfacet
  facet normal 0.0 0.0 1.0
    outer loop
      vertex 0.8910888433456421 -7.898157119750977 62.0
      vertex 1.0059245824813843 -6.960901737213135 62.0
      vertex -0.18366694450378418 -7.716758728027344 62.0
    endloop
  endfacet
  facet normal 0.0 0.0 1.0
    outer loop
      vertex -0.04501461982727051 -5.931713581085205 62.0
      vertex -0.11434078216552734 -6.824235916137695 62.0
      vertex 1.1207603216171265 -6.023646831512451 62.0
    endloop
  endfacet
  facet normal 0.0 0.0 1.0
    outer loop
      vertex 1.1207603216171265 -6.023646831512451 62.0
      vertex -0.11434078216552734 -6.824235916137695 62.0
      vertex 1.0059245824813843 -6.960901737213135 62.0
    endloop
  endfacet
  facet normal 0.0 0.0 1.0
    outer loop
      vertex 1.1207603216171265 -6.023646831512451 62.0
      vertex 1.0059245824813843 -6.960901737213135 62.0
      vertex 2.0 -6.045982837677002 62.0
    endloop
  endfacet
  facet normal 0.0 0.0 1.0
    outer loop
      vertex 2.0 -6.045982837677002 62.0
      vertex 1.0059245824813843 -6.960901737213135 62.0
      vertex 1.999999761581421 -6.997769355773926 62.0
    endloop
  endfacet
  facet normal 0.0 0.0 1.0
    outer loop
      vertex 1.0059245824813843 -6.960901737213135 62.0
      vertex 0.8910888433456421 -7.898157119750977 62.0
      vertex 1.999999761581421 -6.997769355773926 62.0
    endloop
  endfacet
  facet normal 0.0 0.0 1.0
    outer loop
      vertex 1.9999995231628418 -7.94955587387085 62.0
      vertex 1.999999761581421 -6.997769355773926 62.0
      vertex 0.8910888433456421 -7.898157119750977 62.0
    endloop
  endfacet
  facet normal 0.0 0.0 1.0
    outer loop
      vertex -4.719683647155762 -1.9347095489501953 62.0
      vertex -4.653621673583984 -1.586268424987793 62.0
      vertex -4.93114709854126 -1.5362584590911865 62.0
    endloop
  endfacet
  facet normal 0.0 0.0 1.0
    outer loop
      vertex -4.456961154937744 -1.790023684501648 62.0
      vertex -4.653621673583984 -1.586268424987793 62.0
      vertex -4.719683647155762 -1.9347095489501953 62.0
    endloop
  endfacet
  facet normal 0.0 0.0 1.0
    outer loop
      vertex -4.93114709854126 -1.5362584590911865 62.0
      vertex -4.653621673583984 -1.586268424987793 62.0
      vertex -4.637977123260498 -1.169081449508667 62.0
    endloop
  endfacet
  facet normal 0.0 0.0 1.0
    outer loop
      vertex -4.456961154937744 -1.790023684501648 62.0
      vertex -4.270893096923828 -1.424499273300171 62.0
      vertex -4.653621673583984 -1.586268424987793 62.0
    endloop
  endfacet
  facet normal 0.0 0.0 1.0
    outer loop
      vertex -4.270893096923828 -1.424499273300171 62.0
      vertex -4.637977123260498 -1.169081449508667 62.0
      vertex -4.653621673583984 -1.586268424987793 62.0
    endloop
  endfacet
  facet normal 0.0032710072118788958 0.0007776813581585884 0.9999943375587463
    outer loop
      vertex 8.719683647155762 -1.9347095489501953 62.0
      vertex 8.478411674499512 -2.219770669937134 62.00101089477539
      vertex 8.790462493896484 -2.232412576675415 62.0
    endloop
  endfacet
  facet normal 0.001332063926383853 0.002418783726170659 0.9999961853027344
    outer loop
      vertex 8.456960678100586 -1.790023684501648 62.0
      vertex 8.478411674499512 -2.219770669937134 62.00101089477539
      vertex 8.719683647155762 -1.9347095489501953 62.0
    endloop
  endfacet
  facet normal 0.003208169713616371 -0.0007734069367870688 0.9999946355819702
    outer loop
      vertex 8.790462493896484 -2.232412576675415 62.0
      vertex 8.478411674499512 -2.219770669937134 62.00101089477539
      vertex 8.680337905883789 -2.689220428466797 62.0
    endloop
  endfacet
  facet normal -0.0018623798387125134 0.0022593310568481684 0.999995768070221
    outer loop
      vertex 8.22150993347168 -1.9841071367263794 62.0
      vertex 8.478411674499512 -2.219770669937134 62.00101089477539
      vertex 8.456960678100586 -1.790023684501648 62.0
    endloop
  endfacet
  facet normal -1.9236476873629726e-06 -0.0021541835740208626 0.9999976754188538
    outer loop
      vertex 8.680337905883789 -2.689220428466797 62.0
      vertex 8.478411674499512 -2.219770669937134 62.00101089477539
      vertex 8.003255844116211 -2.6886157989501953 62.0
    endloop
  endfacet
  facet normal -0.0030641432385891676 0.0009492598474025726 0.9999948740005493
    outer loop
      vertex 8.22150993347168 -1.9841071367263794 62.0
      vertex 8.003255844116211 -2.6886157989501953 62.0
      vertex 8.478411674499512 -2.219770669937134 62.00101089477539
    endloop
  endfacet
  facet normal 0.0 0.0 1.0
    outer loop
      vertex 8.680337905883789 -2.689220428466797 62.0
      vertex 8.003255844116211 -2.6886157989501953 62.0
      vertex 8.420308113098145 -3.1285293102264404 62.0
    endloop
  endfacet
  facet normal 0.0 0.0 1.0
    outer loop
      vertex 8.003255844116211 -2.6886157989501953 62.0
      vertex 7.575969696044922 -3.391479730606079 62.0
      vertex 8.420308113098145 -3.1285293102264404 62.0
    endloop
  endfacet
  facet normal 0.0 0.0 1.0
    outer loop
      vertex 8.420308113098145 -3.1285293102264404 62.0
      vertex 7.575969696044922 -3.391479730606079 62.0
      vertex 7.958540916442871 -3.9411568641662598 62.0
    endloop
  endfacet
  facet normal 0.0 0.0 1.0
    outer loop
      vertex 7.575969696044922 -3.391479730606079 62.0
      vertex 6.944950580596924 -4.086702823638916 62.0
      vertex 7.958540916442871 -3.9411568641662598 62.0
    endloop
  endfacet
  facet normal 0.0 0.0 1.0
    outer loop
      vertex 7.958540916442871 -3.9411568641662598 62.0
      vertex 6.944950580596924 -4.086702823638916 62.0
      vertex 7.0904974937438965 -4.618673324584961 62.0
    endloop
  endfacet
  facet normal 0.0 0.0 1.0
    outer loop
      vertex 6.944950580596924 -4.086702823638916 62.0
      vertex 6.080764293670654 -4.586811542510986 62.0
      vertex 7.0904974937438965 -4.618673324584961 62.0
    endloop
  endfacet
  facet normal 0.0 0.0 1.0
    outer loop
      vertex 7.0904974937438965 -4.618673324584961 62.0
      vertex 6.080764293670654 -4.586811542510986 62.0
      vertex 6.154219627380371 -5.252039909362793 62.0
    endloop
  endfacet
  facet normal 0.0 0.0 1.0
    outer loop
      vertex 6.080764293670654 -4.586811542510986 62.0
      vertex 5.128256797790527 -4.953149318695068 62.0
      vertex 6.154219627380371 -5.252039909362793 62.0
    endloop
  endfacet
  facet normal 0.0 0.0 1.0
    outer loop
      vertex 6.154219627380371 -5.252039909362793 62.0
      vertex 5.128256797790527 -4.953149318695068 62.0
      vertex 5.229793548583984 -5.705687522888184 62.0
    endloop
  endfacet
  facet normal 0.0 0.0 1.0
    outer loop
      vertex 5.128256797790527 -4.953149318695068 62.0
      vertex 4.117769241333008 -5.20815896987915 62.0
      vertex 5.229793548583984 -5.705687522888184 62.0
    endloop
  endfacet
  facet normal 0.0 0.0 1.0
    outer loop
      vertex 5.229793548583984 -5.705687522888184 62.0
      vertex 4.117769241333008 -5.20815896987915 62.0
      vertex 4.045014381408691 -5.931713581085205 62.0
    endloop
  endfacet
  facet normal 0.0 0.0 1.0
    outer loop
      vertex 4.117769241333008 -5.20815896987915 62.0
      vertex 3.0666327476501465 -5.359641075134277 62.0
      vertex 4.045014381408691 -5.931713581085205 62.0
    endloop
  endfacet
  facet normal 0.0 0.0 1.0
    outer loop
      vertex 4.045014381408691 -5.931713581085205 62.0
      vertex 3.0666327476501465 -5.359641075134277 62.0
      vertex 2.879239559173584 -6.023646831512451 62.0
    endloop
  endfacet
  facet normal 0.0 0.0 1.0
    outer loop
      vertex 3.0666327476501465 -5.359641075134277 62.0
      vertex 2.0 -5.409379005432129 62.0
      vertex 2.879239559173584 -6.023646831512451 62.0
    endloop
  endfacet
  facet normal 0.0 0.0 1.0
    outer loop
      vertex 2.879239559173584 -6.023646831512451 62.0
      vertex 2.0 -5.409379005432129 62.0
      vertex 2.0 -6.045982837677002 62.0
    endloop
  endfacet
  facet normal -0.003271002322435379 0.0007776854909025133 0.9999943375587463
    outer loop
      vertex -4.719683647155762 -1.9347095489501953 62.0
      vertex -4.790462970733643 -2.232412576675415 62.0
      vertex -4.478411674499512 -2.219770669937134 62.00101089477539
    endloop
  endfacet
  facet normal -0.0013320656726136804 0.002418782329186797 0.9999962449073792
    outer loop
      vertex -4.456961154937744 -1.790023684501648 62.0
      vertex -4.719683647155762 -1.9347095489501953 62.0
      vertex -4.478411674499512 -2.219770669937134 62.00101089477539
    endloop
  endfacet
  facet normal -0.0032081645913422108 -0.0007734057726338506 0.9999946355819702
    outer loop
      vertex -4.790462970733643 -2.232412576675415 62.0
      vertex -4.680338382720947 -2.689220428466797 62.0
      vertex -4.478411674499512 -2.219770669937134 62.00101089477539
    endloop
  endfacet
  facet normal 0.0018623777432367206 0.0022593329194933176 0.9999957084655762
    outer loop
      vertex -4.22150993347168 -1.9841071367263794 62.0
      vertex -4.456961154937744 -1.790023684501648 62.0
      vertex -4.478411674499512 -2.219770669937134 62.00101089477539
    endloop
  endfacet
  facet normal 1.9236681509937625e-06 -0.0021541835740208626 0.9999977350234985
    outer loop
      vertex -4.680338382720947 -2.689220428466797 62.0
      vertex -4.003255367279053 -2.6886157989501953 62.0
      vertex -4.478411674499512 -2.219770669937134 62.00101089477539
    endloop
  endfacet
  facet normal 0.0030641418416053057 0.0009492614190094173 0.9999949336051941
    outer loop
      vertex -4.22150993347168 -1.9841071367263794 62.0
      vertex -4.478411674499512 -2.219770669937134 62.00101089477539
      vertex -4.003255367279053 -2.6886157989501953 62.0
    endloop
  endfacet
  facet normal 0.0 0.0 1.0
    outer loop
      vertex -4.680338382720947 -2.689220428466797 62.0
      vertex -4.4203081130981445 -3.1285293102264404 62.0
      vertex -4.003255367279053 -2.6886157989501953 62.0
    endloop
  endfacet
  facet normal 0.0 0.0 1.0
    outer loop
      vertex -4.003255367279053 -2.6886157989501953 62.0
      vertex -4.4203081130981445 -3.1285293102264404 62.0
      vertex -3.575969696044922 -3.391479730606079 62.0
    endloop
  endfacet
  facet normal 0.0 0.0 1.0
    outer loop
      vertex -4.4203081130981445 -3.1285293102264404 62.0
      vertex -3.958540916442871 -3.9411568641662598 62.0
      vertex -3.575969696044922 -3.391479730606079 62.0
    endloop
  endfacet
  facet normal 0.0 0.0 1.0
    outer loop
      vertex -3.575969696044922 -3.391479730606079 62.0
      vertex -3.958540916442871 -3.9411568641662598 62.0
      vertex -2.944950580596924 -4.086702823638916 62.0
    endloop
  endfacet
  facet normal 0.0 0.0 1.0
    outer loop
      vertex -3.958540916442871 -3.9411568641662598 62.0
      vertex -3.0904974937438965 -4.618673324584961 62.0
      vertex -2.944950580596924 -4.086702823638916 62.0
    endloop
  endfacet
  facet normal 0.0 0.0 1.0
    outer loop
      vertex -2.944950580596924 -4.086702823638916 62.0
      vertex -3.0904974937438965 -4.618673324584961 62.0
      vertex -2.0807642936706543 -4.586811542510986 62.0
    endloop
  endfacet
  facet normal 0.0 0.0 1.0
    outer loop
      vertex -3.0904974937438965 -4.618673324584961 62.0
      vertex -2.154219627380371 -5.252039909362793 62.0
      vertex -2.0807642936706543 -4.586811542510986 62.0
    endloop
  endfacet
  facet normal 0.0 0.0 1.0
    outer loop
      vertex -2.0807642936706543 -4.586811542510986 62.0
      vertex -2.154219627380371 -5.252039909362793 62.0
      vertex -1.1282567977905273 -4.953149318695068 62.0
    endloop
  endfacet
  facet normal 0.0 0.0 1.0
    outer loop
      vertex -2.154219627380371 -5.252039909362793 62.0
      vertex -1.2297933101654053 -5.705687522888184 62.0
      vertex -1.1282567977905273 -4.953149318695068 62.0
    endloop
  endfacet
  facet normal 0.0 0.0 1.0
    outer loop
      vertex -1.1282567977905273 -4.953149318695068 62.0
      vertex -1.2297933101654053 -5.705687522888184 62.0
      vertex -0.11776947975158691 -5.20815896987915 62.0
    endloop
  endfacet
  facet normal 0.0 0.0 1.0
    outer loop
      vertex -1.2297933101654053 -5.705687522888184 62.0
      vertex -0.04501461982727051 -5.931713581085205 62.0
      vertex -0.11776947975158691 -5.20815896987915 62.0
    endloop
  endfacet
  facet normal 0.0 0.0 1.0
    outer loop
      vertex -0.11776947975158691 -5.20815896987915 62.0
      vertex -0.04501461982727051 -5.931713581085205 62.0
      vertex 0.933367133140564 -5.359641075134277 62.0
    endloop
  endfacet
  facet normal 0.0 0.0 1.0
    outer loop
      vertex -0.04501461982727051 -5.931713581085205 62.0
      vertex 1.1207603216171265 -6.023646831512451 62.0
      vertex 0.933367133140564 -5.359641075134277 62.0
    endloop
  endfacet
  facet normal 0.0 0.0 1.0
    outer loop
      vertex 0.933367133140564 -5.359641075134277 62.0
      vertex 1.1207603216171265 -6.023646831512451 62.0
      vertex 2.0 -5.409379005432129 62.0
    endloop
  endfacet
  facet normal 0.0 0.0 1.0
    outer loop
      vertex 1.1207603216171265 -6.023646831512451 62.0
      vertex 2.0 -6.045982837677002 62.0
      vertex 2.0 -5.409379005432129 62.0
    endloop
  endfacet
  facet normal -0.028476722538471222 -0.10571679472923279 0.9939885139465332
    outer loop
      vertex 5.091080665588379 0.7774362564086914 62.0
      vertex 5.824388027191162 0.579906702041626 62.0
      vertex 5.290022373199463 2.0683655738830566 62.14299774169922
    endloop
  endfacet
  facet normal 0.04863928630948067 -0.15819212794303894 0.9862096309661865
    outer loop
      vertex 2.5059642791748047 1.8610715866088867 62.24705505371094
      vertex 4.357852935791016 0.8902676105499268 62.0
      vertex 5.290022373199463 2.0683655738830566 62.14299774169922
    endloop
  endfacet
  facet normal -0.015248040668666363 -0.2949847877025604 0.9553803205490112
    outer loop
      vertex 2.5059642791748047 1.8610715866088867 62.24705505371094
      vertex 2.812310218811035 1.0450880527496338 62.0
      vertex 3.6246252059936523 1.003098726272583 62.0
    endloop
  endfacet
  facet normal -0.015248047187924385 -0.29498475790023804 0.955380380153656
    outer loop
      vertex 2.5059642791748047 1.8610715866088867 62.24705505371094
      vertex 1.9999955892562866 1.0870773792266846 62.0
      vertex 2.812310218811035 1.0450880527496338 62.0
    endloop
  endfacet
  facet normal 0.1664060652256012 -0.9844503402709961 0.056273575872182846
    outer loop
      vertex 2.7816686630249023 -9.259380340576172 60.49540710449219
      vertex 4.178159236907959 -9.069145202636719 59.69383239746094
      vertex 4.124935150146484 -8.94631576538086 62.0
    endloop
  endfacet
  facet normal 0.01621248945593834 -0.313642680644989 0.9494026899337769
    outer loop
      vertex 2.5059642791748047 1.8610715866088867 62.24705505371094
      vertex 0.3753749132156372 1.003098726272583 62.0
      vertex 1.1876896619796753 1.0450880527496338 62.0
    endloop
  endfacet
  facet normal 0.026497622951865196 -0.17219358682632446 0.9847067594528198
    outer loop
      vertex -0.1893736869096756 2.316307306289673 62.244834899902344
      vertex -0.3578529357910156 0.8902676105499268 62.0
      vertex 0.3753749132156372 1.003098726272583 62.0
    endloop
  endfacet
  facet normal 0.9242231845855713 -0.09611771255731583 -0.36955782771110535
    outer loop
      vertex 9.565817832946777 -1.986059308052063 60.68315124511719
      vertex 10.019140243530273 -2.6902031898498535 62.0
      vertex 9.923559188842773 -3.6092660427093506 62.0
    endloop
  endfacet
  facet normal -0.04442474618554115 0.1649220883846283 0.985305666923523
    outer loop
      vertex -1.091080665588379 0.7774362564086914 62.0
      vertex -2.170644760131836 1.6245160102844238 61.809539794921875
      vertex -1.824388027191162 0.579906702041626 62.0
    endloop
  endfacet
  facet normal -0.044424716383218765 0.1649220883846283 0.985305666923523
    outer loop
      vertex -2.170644760131836 1.6245160102844238 61.809539794921875
      vertex -2.557694911956787 0.38237738609313965 62.0
      vertex -1.824388027191162 0.579906702041626 62.0
    endloop
  endfacet
  facet normal -0.2152145504951477 0.5249164700508118 0.8234958648681641
    outer loop
      vertex -3.896228790283203 0.7393248081207275 61.42265701293945
      vertex -3.6589808464050293 -0.06914734840393066 62.0
      vertex -2.557694911956787 0.38237738609313965 62.0
    endloop
  endfacet
  facet normal -0.29448413848876953 0.49663954973220825 0.8164730668067932
    outer loop
      vertex -3.896228790283203 0.7393248081207275 61.42265701293945
      vertex -4.593050479888916 -0.6230071783065796 62.0
      vertex -3.6589808464050293 -0.06914734840393066 62.0
    endloop
  endfacet
  facet normal -0.588728129863739 0.6633294224739075 0.46194520592689514
    outer loop
      vertex -5.429661750793457 -0.5868617296218872 60.881874084472656
      vertex -5.2943902015686035 -1.2454707622528076 62.0
      vertex -4.593050479888916 -0.6230071783065796 62.0
    endloop
  endfacet
  facet normal -0.7503261566162109 0.5259022116661072 0.4005467891693115
    outer loop
      vertex -5.2943902015686035 -1.2454707622528076 62.0
      vertex -5.429661750793457 -0.5868617296218872 60.881874084472656
      vertex -5.7223052978515625 -1.855994701385498 62.0
    endloop
  endfacet
  facet normal -0.9411234259605408 0.3348782956600189 0.0462949238717556
    outer loop
      vertex -6.021052360534668 -2.5214102268218994 60.740150451660156
      vertex -6.019140243530273 -2.6902031898498535 62.0
      vertex -5.7223052978515625 -1.855994701385498 62.0
    endloop
  endfacet
  facet normal 0.5366487503051758 -0.8430758714675903 -0.035089846700429916
    outer loop
      vertex 5.8544793128967285 -8.240421295166016 62.0
      vertex 5.367959976196289 -8.48733901977539 60.49188232421875
      vertex 6.719893455505371 -7.622827529907227 60.39683151245117
    endloop
  endfacet
  facet normal -0.7615693807601929 -0.6352482438087463 0.12834282219409943
    outer loop
      vertex -4.222986698150635 -6.493096351623535 62.0
      vertex -5.127965927124023 -5.408159255981445 62.0
      vertex -4.7163777351379395 -6.2522969245910645 60.2641487121582
    endloop
  endfacet
  facet normal -0.9587098360061646 -0.28186649084091187 0.03777284920215607
    outer loop
      vertex -5.6982645988464355 -4.375558376312256 62.0
      vertex -5.923559188842773 -3.6092660427093506 62.0
      vertex -5.730179786682129 -4.463415145874023 60.53436279296875
    endloop
  endfacet
  facet normal 0.909818172454834 -0.26749148964881897 -0.3172999918460846
    outer loop
      vertex 9.263750076293945 -4.3454389572143555 60.72869110107422
      vertex 9.923559188842773 -3.6092660427093506 62.0
      vertex 9.698265075683594 -4.375558376312256 62.0
    endloop
  endfacet
  facet normal -0.6591808199882507 -0.745805561542511 0.09620197117328644
    outer loop
      vertex -4.222986698150635 -6.493096351623535 62.0
      vertex -3.134711742401123 -7.646965980529785 60.51154327392578
      vertex -3.3065176010131836 -7.3031182289123535 62.0
    endloop
  endfacet
  facet normal -0.5377046465873718 -0.8329938650131226 0.13036474585533142
    outer loop
      vertex -3.134711742401123 -7.646965980529785 60.51154327392578
      vertex -1.8544793128967285 -8.240421295166016 62.0
      vertex -3.3065176010131836 -7.3031182289123535 62.0
    endloop
  endfacet
  facet normal -0.3744935989379883 -0.9175637364387512 0.1335342973470688
    outer loop
      vertex -1.208999752998352 -8.754732131958008 60.27621078491211
      vertex -0.12493538856506348 -8.94631576538086 62.0
      vertex -1.8544793128967285 -8.240421295166016 62.0
    endloop
  endfacet
  facet normal -0.1459030658006668 -0.9817094206809998 0.12230677902698517
    outer loop
      vertex 0.9385682344436646 -9.35572338104248 59.98252487182617
      vertex 1.9999949932098389 -9.262125968933105 62.0
      vertex -0.12493538856506348 -8.94631576538086 62.0
    endloop
  endfacet
  facet normal 0.40691399574279785 -0.9116267561912537 0.057945579290390015
    outer loop
      vertex 4.178159236907959 -9.069145202636719 59.69383239746094
      vertex 5.367959976196289 -8.48733901977539 60.49188232421875
      vertex 4.124935150146484 -8.94631576538086 62.0
    endloop
  endfacet
  facet normal 0.09706317633390427 0.36033689975738525 0.9277586340904236
    outer loop
      vertex 7.267114639282227 0.9431822299957275 61.70796585083008
      vertex 5.824388027191162 0.579906702041626 62.0
      vertex 6.557694911956787 0.38237738609313965 62.0
    endloop
  endfacet
  facet normal 0.5578900575637817 0.6285836696624756 0.5418867468833923
    outer loop
      vertex 8.77083683013916 0.012177318334579468 61.08015441894531
      vertex 8.593050003051758 -0.6230071783065796 62.0
      vertex 9.294389724731445 -1.2454707622528076 62.0
    endloop
  endfacet
  facet normal 0.8093447685241699 0.5672688484191895 -0.15220724046230316
    outer loop
      vertex 9.565817832946777 -1.986059308052063 60.68315124511719
      vertex 9.294389724731445 -1.2454707622528076 62.0
      vertex 9.722305297851562 -1.855994701385498 62.0
    endloop
  endfacet
  facet normal 0.7562364935874939 -0.6308002471923828 -0.17377452552318573
    outer loop
      vertex 8.159417152404785 -6.210639953613281 60.69804382324219
      vertex 9.127965927124023 -5.408159255981445 62.0
      vertex 8.222986221313477 -6.493096351623535 62.0
    endloop
  endfacet
  facet normal 0.9323737025260925 0.33176490664482117 -0.14356674253940582
    outer loop
      vertex 9.565817832946777 -1.986059308052063 60.68315124511719
      vertex 9.722305297851562 -1.855994701385498 62.0
      vertex 10.019140243530273 -2.6902031898498535 62.0
    endloop
  endfacet
  facet normal 0.835961103439331 -0.46169620752334595 -0.2966577708721161
    outer loop
      vertex 9.263750076293945 -4.3454389572143555 60.72869110107422
      vertex 9.698265075683594 -4.375558376312256 62.0
      vertex 9.127965927124023 -5.408159255981445 62.0
    endloop
  endfacet
  facet normal -0.9945598840713501 -0.10343263298273087 -0.012348287738859653
    outer loop
      vertex -5.923559188842773 -3.6092660427093506 62.0
      vertex -6.019140243530273 -2.6902031898498535 62.0
      vertex -6.021052360534668 -2.5214102268218994 60.740150451660156
    endloop
  endfacet
  facet normal 0.3777114152908325 -0.925447940826416 0.029669824987649918
    outer loop
      vertex 5.367959976196289 -8.48733901977539 60.49188232421875
      vertex 5.8544793128967285 -8.240421295166016 62.0
      vertex 4.124935150146484 -8.94631576538086 62.0
    endloop
  endfacet
  facet normal 0.20356257259845734 0.3433026075363159 0.9168999791145325
    outer loop
      vertex 7.267114639282227 0.9431822299957275 61.70796585083008
      vertex 7.658980846405029 -0.06914734840393066 62.0
      vertex 8.593050003051758 -0.6230071783065796 62.0
    endloop
  endfacet
  facet normal 0.1318257600069046 0.32152801752090454 0.937678873538971
    outer loop
      vertex 7.267114639282227 0.9431822299957275 61.70796585083008
      vertex 6.557694911956787 0.38237738609313965 62.0
      vertex 7.658980846405029 -0.06914734840393066 62.0
    endloop
  endfacet
  facet normal -0.016552042216062546 -0.10756245255470276 0.9940605163574219
    outer loop
      vertex 5.290022373199463 2.0683655738830566 62.14299774169922
      vertex 4.357852935791016 0.8902676105499268 62.0
      vertex 5.091080665588379 0.7774362564086914 62.0
    endloop
  endfacet
  facet normal -0.052081502974033356 -0.3384492099285126 0.9395423531532288
    outer loop
      vertex 2.5059642791748047 1.8610715866088867 62.24705505371094
      vertex 3.6246252059936523 1.003098726272583 62.0
      vertex 4.357852935791016 0.8902676105499268 62.0
    endloop
  endfacet
  facet normal 0.01621267944574356 -0.3136429190635681 0.9494025707244873
    outer loop
      vertex 1.1876896619796753 1.0450880527496338 62.0
      vertex 1.9999955892562866 1.0870773792266846 62.0
      vertex 2.5059642791748047 1.8610715866088867 62.24705505371094
    endloop
  endfacet
  facet normal -0.03413790836930275 -0.19734399020671844 0.9797397255897522
    outer loop
      vertex 2.5059642791748047 1.8610715866088867 62.24705505371094
      vertex -0.1893736869096756 2.316307306289673 62.244834899902344
      vertex 0.3753749132156372 1.003098726272583 62.0
    endloop
  endfacet
  facet normal -0.20197570323944092 -0.037359584122896194 0.9786777496337891
    outer loop
      vertex -2.170644760131836 1.6245160102844238 61.809539794921875
      vertex -1.091080665588379 0.7774362564086914 62.0
      vertex -0.1893736869096756 2.316307306289673 62.244834899902344
    endloop
  endfacet
  facet normal 0.203429713845253 -0.02100798301398754 0.9788641333580017
    outer loop
      vertex 5.824388027191162 0.579906702041626 62.0
      vertex 7.267114639282227 0.9431822299957275 61.70796585083008
      vertex 5.290022373199463 2.0683655738830566 62.14299774169922
    endloop
  endfacet
  facet normal -0.3290017247200012 0.2424592524766922 0.9126726984977722
    outer loop
      vertex -2.170644760131836 1.6245160102844238 61.809539794921875
      vertex -3.896228790283203 0.7393248081207275 61.42265701293945
      vertex -2.557694911956787 0.38237738609313965 62.0
    endloop
  endfacet
  facet normal -0.6583830118179321 0.5531022548675537 0.5104995369911194
    outer loop
      vertex -3.896228790283203 0.7393248081207275 61.42265701293945
      vertex -5.429661750793457 -0.5868617296218872 60.881874084472656
      vertex -4.593050479888916 -0.6230071783065796 62.0
    endloop
  endfacet
  facet normal 0.9082694053649902 -0.12399705499410629 -0.39958906173706055
    outer loop
      vertex 9.263750076293945 -4.3454389572143555 60.72869110107422
      vertex 9.565817832946777 -1.986059308052063 60.68315124511719
      vertex 9.923559188842773 -3.6092660427093506 62.0
    endloop
  endfacet
  facet normal -0.9885914325714111 -0.14308509230613708 -0.047049298882484436
    outer loop
      vertex -5.730179786682129 -4.463415145874023 60.53436279296875
      vertex -5.923559188842773 -3.6092660427093506 62.0
      vertex -6.021052360534668 -2.5214102268218994 60.740150451660156
    endloop
  endfacet
  facet normal -0.8670930862426758 -0.4968426525592804 0.036015935242176056
    outer loop
      vertex -4.7163777351379395 -6.2522969245910645 60.2641487121582
      vertex -5.127965927124023 -5.408159255981445 62.0
      vertex -5.730179786682129 -4.463415145874023 60.53436279296875
    endloop
  endfacet
  facet normal -0.6664817929267883 -0.7404604554176331 0.08672036230564117
    outer loop
      vertex -3.134711742401123 -7.646965980529785 60.51154327392578
      vertex -4.222986698150635 -6.493096351623535 62.0
      vertex -4.7163777351379395 -6.2522969245910645 60.2641487121582
    endloop
  endfacet
  facet normal -0.8743583559989929 -0.4829023480415344 0.04798701032996178
    outer loop
      vertex -5.127965927124023 -5.408159255981445 62.0
      vertex -5.6982645988464355 -4.375558376312256 62.0
      vertex -5.730179786682129 -4.463415145874023 60.53436279296875
    endloop
  endfacet
  facet normal -0.4902643859386444 -0.8682988286018372 0.07548478990793228
    outer loop
      vertex -3.134711742401123 -7.646965980529785 60.51154327392578
      vertex -1.208999752998352 -8.754732131958008 60.27621078491211
      vertex -1.8544793128967285 -8.240421295166016 62.0
    endloop
  endfacet
  facet normal -0.2617434561252594 -0.9634213447570801 0.05753079801797867
    outer loop
      vertex -1.208999752998352 -8.754732131958008 60.27621078491211
      vertex 0.9385682344436646 -9.35572338104248 59.98252487182617
      vertex -0.12493538856506348 -8.94631576538086 62.0
    endloop
  endfacet
  facet normal 0.04605328291654587 -0.9986944198608398 0.022103382274508476
    outer loop
      vertex 0.9385682344436646 -9.35572338104248 59.98252487182617
      vertex 2.7816686630249023 -9.259380340576172 60.49540710449219
      vertex 1.9999949932098389 -9.262125968933105 62.0
    endloop
  endfacet
  facet normal 0.14659906923770905 -0.9863969683647156 0.0743618756532669
    outer loop
      vertex 1.9999949932098389 -9.262125968933105 62.0
      vertex 2.7816686630249023 -9.259380340576172 60.49540710449219
      vertex 4.124935150146484 -8.94631576538086 62.0
    endloop
  endfacet
  facet normal 0.5420741438865662 -0.8397629857063293 -0.030884943902492523
    outer loop
      vertex 7.306517601013184 -7.3031182289123535 62.0
      vertex 5.8544793128967285 -8.240421295166016 62.0
      vertex 6.719893455505371 -7.622827529907227 60.39683151245117
    endloop
  endfacet
  facet normal 0.6500230431556702 -0.7354440093040466 -0.1912907510995865
    outer loop
      vertex 8.222986221313477 -6.493096351623535 62.0
      vertex 7.306517601013184 -7.3031182289123535 62.0
      vertex 8.159417152404785 -6.210639953613281 60.69804382324219
    endloop
  endfacet
  facet normal 0.8193079829216003 -0.47993505001068115 -0.3136827349662781
    outer loop
      vertex 8.159417152404785 -6.210639953613281 60.69804382324219
      vertex 9.263750076293945 -4.3454389572143555 60.72869110107422
      vertex 9.127965927124023 -5.408159255981445 62.0
    endloop
  endfacet
  facet normal 0.7079228758811951 -0.695978581905365 -0.12024550139904022
    outer loop
      vertex 7.306517601013184 -7.3031182289123535 62.0
      vertex 6.719893455505371 -7.622827529907227 60.39683151245117
      vertex 8.159417152404785 -6.210639953613281 60.69804382324219
    endloop
  endfacet
  facet normal 0.9277477860450745 0.3727535307407379 -0.018407735973596573
    outer loop
      vertex 9.565817832946777 -1.986059308052063 60.68315124511719
      vertex 8.77083683013916 0.012177318334579468 61.08015441894531
      vertex 9.294389724731445 -1.2454707622528076 62.0
    endloop
  endfacet
  facet normal 0.595121443271637 0.6029062867164612 0.5313516855239868
    outer loop
      vertex 8.77083683013916 0.012177318334579468 61.08015441894531
      vertex 7.267114639282227 0.9431822299957275 61.70796585083008
      vertex 8.593050003051758 -0.6230071783065796 62.0
    endloop
  endfacet
  facet normal 0.02649768255650997 -0.17219358682632446 0.9847067594528198
    outer loop
      vertex -1.091080665588379 0.7774362564086914 62.0
      vertex -0.3578529357910156 0.8902676105499268 62.0
      vertex -0.1893736869096756 2.316307306289673 62.244834899902344
    endloop
  endfacet
  facet normal -0.9551330804824829 0.2864759862422943 0.07518169283866882
    outer loop
      vertex -5.429661750793457 -0.5868617296218872 60.881874084472656
      vertex -6.021052360534668 -2.5214102268218994 60.740150451660156
      vertex -5.7223052978515625 -1.855994701385498 62.0
    endloop
  endfacet
  facet normal 0.410161554813385 -0.9091641902923584 0.07202877104282379
    outer loop
      vertex 5.6742658615112305 -13.619812965393066 48.17948913574219
      vertex 5.934736251831055 -13.405573844909668 49.40044021606445
      vertex 5.178048133850098 -13.756200790405273 49.28363800048828
    endloop
  endfacet
  facet normal 0.44676274061203003 -0.8925495147705078 0.061305128037929535
    outer loop
      vertex 5.6742658615112305 -13.619812965393066 48.17948913574219
      vertex 6.453784942626953 -13.222996711730957 48.276023864746094
      vertex 5.934736251831055 -13.405573844909668 49.40044021606445
    endloop
  endfacet
  facet normal 0.49595552682876587 -0.8638078570365906 0.08868024498224258
    outer loop
      vertex 5.934736251831055 -13.405573844909668 49.40044021606445
      vertex 6.453784942626953 -13.222996711730957 48.276023864746094
      vertex 6.712052822113037 -12.942397117614746 49.56486511230469
    endloop
  endfacet
  facet normal 0.5256650447845459 -0.847009003162384 0.07906948029994965
    outer loop
      vertex 6.712052822113037 -12.942397117614746 49.56486511230469
      vertex 6.453784942626953 -13.222996711730957 48.276023864746094
      vertex 7.251410007476807 -12.717024803161621 48.39337921142578
    endloop
  endfacet
  facet normal 0.5676872730255127 -0.8166150450706482 0.10426398366689682
    outer loop
      vertex 7.251410007476807 -12.717024803161621 48.39337921142578
      vertex 7.562504291534424 -12.316133499145508 49.83941650390625
      vertex 6.712052822113037 -12.942397117614746 49.56486511230469
    endloop
  endfacet
  facet normal 0.5383785963058472 -0.8186827898025513 0.19976723194122314
    outer loop
      vertex 6.712052822113037 -12.942397117614746 49.56486511230469
      vertex 7.562504291534424 -12.316133499145508 49.83941650390625
      vertex 6.804195404052734 -12.602729797363281 50.70855712890625
    endloop
  endfacet
  facet normal 0.5517247319221497 -0.8056483268737793 0.21570955216884613
    outer loop
      vertex 6.804195404052734 -12.602729797363281 50.70855712890625
      vertex 7.562504291534424 -12.316133499145508 49.83941650390625
      vertex 7.380618095397949 -12.130422592163086 50.99823760986328
    endloop
  endfacet
  facet normal 0.586742103099823 -0.780124843120575 0.21711546182632446
    outer loop
      vertex 7.380618095397949 -12.130422592163086 50.99823760986328
      vertex 7.562504291534424 -12.316133499145508 49.83941650390625
      vertex 8.032001495361328 -11.693988800048828 50.80607604980469
    endloop
  endfacet
  facet normal 0.6034733653068542 -0.7710680365562439 0.20316027104854584
    outer loop
      vertex 7.562504291534424 -12.316133499145508 49.83941650390625
      vertex 8.453920364379883 -11.664459228515625 49.66487121582031
      vertex 8.032001495361328 -11.693988800048828 50.80607604980469
    endloop
  endfacet
  facet normal 0.6374583840370178 -0.739429235458374 0.21654367446899414
    outer loop
      vertex 8.032001495361328 -11.693988800048828 50.80607604980469
      vertex 8.453920364379883 -11.664459228515625 49.66487121582031
      vertex 8.78883171081543 -11.082090377807617 50.667572021484375
    endloop
  endfacet
  facet normal 0.6552281379699707 -0.7274611592292786 0.20365729928016663
    outer loop
      vertex 8.453920364379883 -11.664459228515625 49.66487121582031
      vertex 9.21500015258789 -11.005010604858398 49.57178497314453
      vertex 8.78883171081543 -11.082090377807617 50.667572021484375
    endloop
  endfacet
  facet normal 0.6831191778182983 -0.6974422931671143 0.21661610901355743
    outer loop
      vertex 9.21500015258789 -11.005010604858398 49.57178497314453
      vertex 9.51569938659668 -10.406608581542969 50.55018615722656
      vertex 8.78883171081543 -11.082090377807617 50.667572021484375
    endloop
  endfacet
  facet normal 0.6693063378334045 -0.6613975167274475 0.3385002613067627
    outer loop
      vertex 8.78883171081543 -11.082090377807617 50.667572021484375
      vertex 9.51569938659668 -10.406608581542969 50.55018615722656
      vertex 9.024576187133789 -10.395303726196289 51.543357849121094
    endloop
  endfacet
  facet normal 0.6905966997146606 -0.6336214542388916 0.34871214628219604
    outer loop
      vertex 9.51569938659668 -10.406608581542969 50.55018615722656
      vertex 9.771720886230469 -9.683248519897461 51.35752487182617
      vertex 9.024576187133789 -10.395303726196289 51.543357849121094
    endloop
  endfacet
  facet normal 0.6712556481361389 -0.5858142971992493 0.4541337192058563
    outer loop
      vertex 9.024576187133789 -10.395303726196289 51.543357849121094
      vertex 9.771720886230469 -9.683248519897461 51.35752487182617
      vertex 9.235536575317383 -9.500436782836914 52.38587951660156
    endloop
  endfacet
  facet normal 0.6977323293685913 -0.5481151342391968 0.461236834526062
    outer loop
      vertex 9.771720886230469 -9.683248519897461 51.35752487182617
      vertex 10.108415603637695 -8.745613098144531 51.962440490722656
      vertex 9.235536575317383 -9.500436782836914 52.38587951660156
    endloop
  endfacet
  facet normal 0.6925904750823975 -0.5211310386657715 0.49873924255371094
    outer loop
      vertex 9.235536575317383 -9.500436782836914 52.38587951660156
      vertex 10.108415603637695 -8.745613098144531 51.962440490722656
      vertex 9.580728530883789 -8.144388198852539 53.323448181152344
    endloop
  endfacet
  facet normal 0.7310131788253784 -0.47260749340057373 0.49220117926597595
    outer loop
      vertex 9.580728530883789 -8.144388198852539 53.323448181152344
      vertex 10.108415603637695 -8.745613098144531 51.962440490722656
      vertex 10.631248474121094 -7.583730697631836 52.30156326293945
    endloop
  endfacet
  facet normal 0.7648031115531921 -0.47210803627967834 0.43839511275291443
    outer loop
      vertex 10.631248474121094 -7.583730697631836 52.30156326293945
      vertex 10.108415603637695 -8.745613098144531 51.962440490722656
      vertex 10.860902786254883 -8.27428150177002 51.157264709472656
    endloop
  endfacet
  facet normal 0.7627431750297546 -0.4828982651233673 0.43015357851982117
    outer loop
      vertex 10.108415603637695 -8.745613098144531 51.962440490722656
      vertex 10.364496231079102 -9.124969482421875 51.082489013671875
      vertex 10.860902786254883 -8.27428150177002 51.157264709472656
    endloop
  endfacet
  facet normal 0.8030314445495605 -0.4974428713321686 0.3281629979610443
    outer loop
      vertex 10.364496231079102 -9.124969482421875 51.082489013671875
      vertex 10.724685668945312 -9.037931442260742 50.33302307128906
      vertex 10.860902786254883 -8.27428150177002 51.157264709472656
    endloop
  endfacet
  facet normal 0.8017867207527161 -0.49860304594039917 0.3294435739517212
    outer loop
      vertex 10.860902786254883 -8.27428150177002 51.157264709472656
      vertex 10.724685668945312 -9.037931442260742 50.33302307128906
      vertex 11.157984733581543 -8.419525146484375 50.21441650390625
    endloop
  endfacet
  facet normal 0.8207072019577026 -0.5383356809616089 0.19140121340751648
    outer loop
      vertex 11.157984733581543 -8.419525146484375 50.21441650390625
      vertex 10.724685668945312 -9.037931442260742 50.33302307128906
      vertex 11.043012619018555 -8.878142356872559 49.41749572753906
    endloop
  endfacet
  facet normal 0.7998858690261841 -0.5731197595596313 0.17809073626995087
    outer loop
      vertex 10.724685668945312 -9.037931442260742 50.33302307128906
      vertex 10.515291213989258 -9.605952262878418 49.44554138183594
      vertex 11.043012619018555 -8.878142356872559 49.41749572753906
    endloop
  endfacet
  facet normal 0.808815062046051 -0.583702027797699 0.07148521393537521
    outer loop
      vertex 11.043012619018555 -8.878142356872559 49.41749572753906
      vertex 10.515291213989258 -9.605952262878418 49.44554138183594
      vertex 10.798538208007812 -9.346923828125 48.35581970214844
    endloop
  endfacet
  facet normal 0.7856003642082214 -0.6160318851470947 0.05776626244187355
    outer loop
      vertex 10.515291213989258 -9.605952262878418 49.44554138183594
      vertex 10.209234237670898 -10.098562240600586 48.35450744628906
      vertex 10.798538208007812 -9.346923828125 48.35581970214844
    endloop
  endfacet
  facet normal 0.7584764957427979 -0.6468586325645447 0.0792936161160469
    outer loop
      vertex 10.209234237670898 -10.098562240600586 48.35450744628906
      vertex 10.515291213989258 -9.605952262878418 49.44554138183594
      vertex 9.903219223022461 -10.316995620727539 49.49974060058594
    endloop
  endfacet
  facet normal 0.7517683506011963 -0.6330556869506836 0.18462108075618744
    outer loop
      vertex 10.515291213989258 -9.605952262878418 49.44554138183594
      vertex 10.170722007751465 -9.730881690979004 50.42023468017578
      vertex 9.903219223022461 -10.316995620727539 49.49974060058594
    endloop
  endfacet
  facet normal 0.7218811511993408 -0.6593654751777649 0.2100590020418167
    outer loop
      vertex 9.903219223022461 -10.316995620727539 49.49974060058594
      vertex 10.170722007751465 -9.730881690979004 50.42023468017578
      vertex 9.51569938659668 -10.406608581542969 50.55018615722656
    endloop
  endfacet
  facet normal 0.7082211375236511 -0.6224576234817505 0.3331206142902374
    outer loop
      vertex 9.51569938659668 -10.406608581542969 50.55018615722656
      vertex 10.170722007751465 -9.730881690979004 50.42023468017578
      vertex 9.771720886230469 -9.683248519897461 51.35752487182617
    endloop
  endfacet
  facet normal 0.7235819101333618 -0.6014843583106995 0.3385937511920929
    outer loop
      vertex 10.170722007751465 -9.730881690979004 50.42023468017578
      vertex 10.364496231079102 -9.124969482421875 51.082489013671875
      vertex 9.771720886230469 -9.683248519897461 51.35752487182617
    endloop
  endfacet
  facet normal 0.7151473164558411 -0.5417467951774597 0.44167259335517883
    outer loop
      vertex 9.771720886230469 -9.683248519897461 51.35752487182617
      vertex 10.364496231079102 -9.124969482421875 51.082489013671875
      vertex 10.108415603637695 -8.745613098144531 51.962440490722656
    endloop
  endfacet
  facet normal 0.7631140351295471 -0.572261393070221 0.30028992891311646
    outer loop
      vertex 10.364496231079102 -9.124969482421875 51.082489013671875
      vertex 10.170722007751465 -9.730881690979004 50.42023468017578
      vertex 10.724685668945312 -9.037931442260742 50.33302307128906
    endloop
  endfacet
  facet normal 0.7775852084159851 -0.5966516733169556 0.19841377437114716
    outer loop
      vertex 10.724685668945312 -9.037931442260742 50.33302307128906
      vertex 10.170722007751465 -9.730881690979004 50.42023468017578
      vertex 10.515291213989258 -9.605952262878418 49.44554138183594
    endloop
  endfacet
  facet normal 0.7030025720596313 -0.6821478605270386 0.20115095376968384
    outer loop
      vertex 9.51569938659668 -10.406608581542969 50.55018615722656
      vertex 9.21500015258789 -11.005010604858398 49.57178497314453
      vertex 9.903219223022461 -10.316995620727539 49.49974060058594
    endloop
  endfacet
  facet normal 0.7088335156440735 -0.6996591687202454 0.08962204307317734
    outer loop
      vertex 9.21500015258789 -11.005010604858398 49.57178497314453
      vertex 9.55607795715332 -10.813003540039062 48.37310791015625
      vertex 9.903219223022461 -10.316995620727539 49.49974060058594
    endloop
  endfacet
  facet normal 0.7371963858604431 -0.6721687316894531 0.06877993792295456
    outer loop
      vertex 9.903219223022461 -10.316995620727539 49.49974060058594
      vertex 9.55607795715332 -10.813003540039062 48.37310791015625
      vertex 10.209234237670898 -10.098562240600586 48.35450744628906
    endloop
  endfacet
  facet normal 0.6867459416389465 -0.722517728805542 0.0796755850315094
    outer loop
      vertex 9.21500015258789 -11.005010604858398 49.57178497314453
      vertex 8.840961456298828 -11.489435195922852 48.40284729003906
      vertex 9.55607795715332 -10.813003540039062 48.37310791015625
    endloop
  endfacet
  facet normal 0.6585126519203186 -0.7460981011390686 0.09848175942897797
    outer loop
      vertex 8.840961456298828 -11.489435195922852 48.40284729003906
      vertex 9.21500015258789 -11.005010604858398 49.57178497314453
      vertex 8.453920364379883 -11.664459228515625 49.66487121582031
    endloop
  endfacet
  facet normal 0.633520781993866 -0.7687419652938843 0.08767682313919067
    outer loop
      vertex 8.453920364379883 -11.664459228515625 49.66487121582031
      vertex 8.061543464660645 -12.12772274017334 48.438194274902344
      vertex 8.840961456298828 -11.489435195922852 48.40284729003906
    endloop
  endfacet
  facet normal 0.6003640294075012 -0.7925019860267639 0.10725583881139755
    outer loop
      vertex 8.061543464660645 -12.12772274017334 48.438194274902344
      vertex 8.453920364379883 -11.664459228515625 49.66487121582031
      vertex 7.562504291534424 -12.316133499145508 49.83941650390625
    endloop
  endfacet
  facet normal 0.5818021297454834 -0.8073252439498901 0.09865192323923111
    outer loop
      vertex 7.562504291534424 -12.316133499145508 49.83941650390625
      vertex 7.251410007476807 -12.717024803161621 48.39337921142578
      vertex 8.061543464660645 -12.12772274017334 48.438194274902344
    endloop
  endfacet
  facet normal 0.8329832553863525 -0.5509020686149597 0.0514371357858181
    outer loop
      vertex 11.043012619018555 -8.878142356872559 49.41749572753906
      vertex 10.798538208007812 -9.346923828125 48.35581970214844
      vertex 11.32369327545166 -8.54990005493164 48.387638092041016
    endloop
  endfacet
  facet normal 0.8626351952552795 -0.5001298785209656 0.07570097595453262
    outer loop
      vertex 11.043012619018555 -8.878142356872559 49.41749572753906
      vertex 11.32369327545166 -8.54990005493164 48.387638092041016
      vertex 11.490785598754883 -8.097747802734375 49.47078323364258
    endloop
  endfacet
  facet normal 0.8725030422210693 -0.48393526673316956 0.06741834431886673
    outer loop
      vertex 11.32369327545166 -8.54990005493164 48.387638092041016
      vertex 11.797513961791992 -7.686410903930664 48.453834533691406
      vertex 11.490785598754883 -8.097747802734375 49.47078323364258
    endloop
  endfacet
  facet normal 0.8998660445213318 -0.42462825775146484 0.09966008365154266
    outer loop
      vertex 11.490785598754883 -8.097747802734375 49.47078323364258
      vertex 11.797513961791992 -7.686410903930664 48.453834533691406
      vertex 11.901269912719727 -7.200757026672363 49.58624267578125
    endloop
  endfacet
  facet normal 0.8997950553894043 -0.4247634708881378 0.09972458332777023
    outer loop
      vertex 11.901269912719727 -7.200757026672363 49.58624267578125
      vertex 11.797513961791992 -7.686410903930664 48.453834533691406
      vertex 12.229992866516113 -6.753381729125977 48.52577590942383
    endloop
  endfacet
  facet normal 0.917499840259552 -0.37753841280937195 0.1251353621482849
    outer loop
      vertex 12.229992866516113 -6.753381729125977 48.52577590942383
      vertex 12.301947593688965 -6.204774379730225 49.65336990356445
      vertex 11.901269912719727 -7.200757026672363 49.58624267578125
    endloop
  endfacet
  facet normal 0.8966451287269592 -0.3764248192310333 0.23309236764907837
    outer loop
      vertex 12.301947593688965 -6.204774379730225 49.65336990356445
      vertex 11.861915588378906 -6.629271507263184 50.66053009033203
      vertex 11.901269912719727 -7.200757026672363 49.58624267578125
    endloop
  endfacet
  facet normal 0.8923962116241455 -0.38401952385902405 0.23697684705257416
    outer loop
      vertex 11.901269912719727 -7.200757026672363 49.58624267578125
      vertex 11.861915588378906 -6.629271507263184 50.66053009033203
      vertex 11.469766616821289 -7.657559394836426 50.47093200683594
    endloop
  endfacet
  facet normal 0.860348641872406 -0.38886207342147827 0.329524964094162
    outer loop
      vertex 11.861915588378906 -6.629271507263184 50.66053009033203
      vertex 11.303878784179688 -7.16219425201416 51.488609313964844
      vertex 11.469766616821289 -7.657559394836426 50.47093200683594
    endloop
  endfacet
  facet normal 0.8311793804168701 -0.43446025252342224 0.34696558117866516
    outer loop
      vertex 11.469766616821289 -7.657559394836426 50.47093200683594
      vertex 11.303878784179688 -7.16219425201416 51.488609313964844
      vertex 10.860902786254883 -8.27428150177002 51.157264709472656
    endloop
  endfacet
  facet normal 0.790278971195221 -0.4414142668247223 0.42498520016670227
    outer loop
      vertex 11.303878784179688 -7.16219425201416 51.488609313964844
      vertex 10.631248474121094 -7.583730697631836 52.30156326293945
      vertex 10.860902786254883 -8.27428150177002 51.157264709472656
    endloop
  endfacet
  facet normal 0.7901195287704468 -0.44223594665527344 0.42442724108695984
    outer loop
      vertex 11.303878784179688 -7.16219425201416 51.488609313964844
      vertex 11.120551109313965 -6.6705217361450195 52.34219741821289
      vertex 10.631248474121094 -7.583730697631836 52.30156326293945
    endloop
  endfacet
  facet normal 0.7580596804618835 -0.4280666410923004 0.49204108119010925
    outer loop
      vertex 11.120551109313965 -6.6705217361450195 52.34219741821289
      vertex 10.603719711303711 -6.378046035766602 53.39289855957031
      vertex 10.631248474121094 -7.583730697631836 52.30156326293945
    endloop
  endfacet
  facet normal 0.7349695563316345 -0.44575539231300354 0.5110008716583252
    outer loop
      vertex 10.631248474121094 -7.583730697631836 52.30156326293945
      vertex 10.603719711303711 -6.378046035766602 53.39289855957031
      vertex 9.580728530883789 -8.144388198852539 53.323448181152344
    endloop
  endfacet
  facet normal 0.7787356972694397 -0.38979631662368774 0.4915584623813629
    outer loop
      vertex 11.120551109313965 -6.6705217361450195 52.34219741821289
      vertex 11.233670234680176 -6.114790916442871 52.603675842285156
      vertex 10.603719711303711 -6.378046035766602 53.39289855957031
    endloop
  endfacet
  facet normal 0.7909309267997742 -0.3086467981338501 0.5283610224723816
    outer loop
      vertex 10.603719711303711 -6.378046035766602 53.39289855957031
      vertex 11.233670234680176 -6.114790916442871 52.603675842285156
      vertex 11.41743278503418 -5.325451374053955 52.78969192504883
    endloop
  endfacet
  facet normal 0.8577020168304443 -0.2983549237251282 0.4187263250350952
    outer loop
      vertex 11.233670234680176 -6.114790916442871 52.603675842285156
      vertex 11.648929595947266 -6.027761459350586 51.815086364746094
      vertex 11.41743278503418 -5.325451374053955 52.78969192504883
    endloop
  endfacet
  facet normal 0.8554074168205261 -0.3019958734512329 0.420804888010025
    outer loop
      vertex 11.41743278503418 -5.325451374053955 52.78969192504883
      vertex 11.648929595947266 -6.027761459350586 51.815086364746094
      vertex 12.034506797790527 -4.79112434387207 51.91877746582031
    endloop
  endfacet
  facet normal 0.8859457969665527 -0.30549356341362 0.34896111488342285
    outer loop
      vertex 12.034506797790527 -4.79112434387207 51.91877746582031
      vertex 11.648929595947266 -6.027761459350586 51.815086364746094
      vertex 12.30129623413086 -5.384894371032715 50.721641540527344
    endloop
  endfacet
  facet normal 0.8835052847862244 -0.3283649981021881 0.3340582847595215
    outer loop
      vertex 11.648929595947266 -6.027761459350586 51.815086364746094
      vertex 11.861915588378906 -6.629271507263184 50.66053009033203
      vertex 12.30129623413086 -5.384894371032715 50.721641540527344
    endloop
  endfacet
  facet normal 0.9074743986129761 -0.3330010771751404 0.25612589716911316
    outer loop
      vertex 12.30129623413086 -5.384894371032715 50.721641540527344
      vertex 11.861915588378906 -6.629271507263184 50.66053009033203
      vertex 12.301947593688965 -6.204774379730225 49.65336990356445
    endloop
  endfacet
  facet normal 0.9116138219833374 -0.3258128762245178 0.2506115734577179
    outer loop
      vertex 12.301947593688965 -6.204774379730225 49.65336990356445
      vertex 12.64088249206543 -5.314563751220703 49.57781219482422
      vertex 12.30129623413086 -5.384894371032715 50.721641540527344
    endloop
  endfacet
  facet normal 0.9238792657852173 -0.2836875915527344 0.2568432092666626
    outer loop
      vertex 12.64088249206543 -5.314563751220703 49.57781219482422
      vertex 12.832067489624023 -4.288236618041992 50.023704528808594
      vertex 12.30129623413086 -5.384894371032715 50.721641540527344
    endloop
  endfacet
  facet normal 0.9230685234069824 -0.27676117420196533 0.26711004972457886
    outer loop
      vertex 12.832067489624023 -4.288236618041992 50.023704528808594
      vertex 12.499276161193848 -4.305290222167969 51.15608215332031
      vertex 12.30129623413086 -5.384894371032715 50.721641540527344
    endloop
  endfacet
  facet normal 0.8873217701911926 -0.3027113974094391 0.3478878438472748
    outer loop
      vertex 12.499276161193848 -4.305290222167969 51.15608215332031
      vertex 12.034506797790527 -4.79112434387207 51.91877746582031
      vertex 12.30129623413086 -5.384894371032715 50.721641540527344
    endloop
  endfacet
  facet normal 0.8893824219703674 -0.25162363052368164 0.3816863000392914
    outer loop
      vertex 12.499276161193848 -4.305290222167969 51.15608215332031
      vertex 12.339686393737793 -3.6438050270080566 51.964027404785156
      vertex 12.034506797790527 -4.79112434387207 51.91877746582031
    endloop
  endfacet
  facet normal 0.8688895106315613 -0.24801470339298248 0.42839184403419495
    outer loop
      vertex 12.034506797790527 -4.79112434387207 51.91877746582031
      vertex 12.339686393737793 -3.6438050270080566 51.964027404785156
      vertex 11.767062187194824 -3.9866271018981934 52.92698287963867
    endloop
  endfacet
  facet normal 0.8712645769119263 -0.21233591437339783 0.44250616431236267
    outer loop
      vertex 12.339686393737793 -3.6438050270080566 51.964027404785156
      vertex 12.11909294128418 -2.884869337081909 52.762535095214844
      vertex 11.767062187194824 -3.9866271018981934 52.92698287963867
    endloop
  endfacet
  facet normal 0.8608245849609375 -0.2055625319480896 0.4655373990535736
    outer loop
      vertex 12.11909294128418 -2.884869337081909 52.762535095214844
      vertex 11.473529815673828 -2.6494345664978027 54.060203552246094
      vertex 11.767062187194824 -3.9866271018981934 52.92698287963867
    endloop
  endfacet
  facet normal 0.8448249101638794 -0.22567163407802582 0.4851216673851013
    outer loop
      vertex 11.473529815673828 -2.6494345664978027 54.060203552246094
      vertex 11.001360893249512 -4.587360858917236 53.98097610473633
      vertex 11.767062187194824 -3.9866271018981934 52.92698287963867
    endloop
  endfacet
  facet normal 0.8456414937973022 -0.2681611180305481 0.46149763464927673
    outer loop
      vertex 11.767062187194824 -3.9866271018981934 52.92698287963867
      vertex 11.001360893249512 -4.587360858917236 53.98097610473633
      vertex 11.41743278503418 -5.325451374053955 52.78969192504883
    endloop
  endfacet
  facet normal 0.8026159405708313 -0.3393370509147644 0.49056923389434814
    outer loop
      vertex 11.001360893249512 -4.587360858917236 53.98097610473633
      vertex 10.603719711303711 -6.378046035766602 53.39289855957031
      vertex 11.41743278503418 -5.325451374053955 52.78969192504883
    endloop
  endfacet
  facet normal 0.8560034036636353 -0.2688244581222534 0.4415786564350128
    outer loop
      vertex 11.41743278503418 -5.325451374053955 52.78969192504883
      vertex 12.034506797790527 -4.79112434387207 51.91877746582031
      vertex 11.767062187194824 -3.9866271018981934 52.92698287963867
    endloop
  endfacet
  facet normal 0.8779750466346741 -0.13076771795749664 0.4604994058609009
    outer loop
      vertex 11.473529815673828 -2.6494345664978027 54.060203552246094
      vertex 12.11909294128418 -2.884869337081909 52.762535095214844
      vertex 12.231939315795898 -1.6331347227096558 52.90283966064453
    endloop
  endfacet
  facet normal 0.8924874067306519 -0.12891067564487457 0.4322596788406372
    outer loop
      vertex 12.11909294128418 -2.884869337081909 52.762535095214844
      vertex 12.59919548034668 -2.4959728717803955 51.887245178222656
      vertex 12.231939315795898 -1.6331347227096558 52.90283966064453
    endloop
  endfacet
  facet normal 0.9020151495933533 -0.10803365707397461 0.417968213558197
    outer loop
      vertex 12.231939315795898 -1.6331347227096558 52.90283966064453
      vertex 12.59919548034668 -2.4959728717803955 51.887245178222656
      vertex 12.849303245544434 -1.1861810684204102 51.68603515625
    endloop
  endfacet
  facet normal 0.9212048649787903 -0.11900036782026291 0.3704327940940857
    outer loop
      vertex 12.59919548034668 -2.4959728717803955 51.887245178222656
      vertex 13.03725814819336 -2.2490530014038086 50.87717819213867
      vertex 12.849303245544434 -1.1861810684204102 51.68603515625
    endloop
  endfacet
  facet normal 0.921878457069397 -0.11787749826908112 0.3691138029098511
    outer loop
      vertex 12.849303245544434 -1.1861810684204102 51.68603515625
      vertex 13.03725814819336 -2.2490530014038086 50.87717819213867
      vertex 13.228599548339844 -1.384474754333496 50.67539978027344
    endloop
  endfacet
  facet normal 0.9506911635398865 -0.14661669731140137 0.27329471707344055
    outer loop
      vertex 13.228599548339844 -1.384474754333496 50.67539978027344
      vertex 13.03725814819336 -2.2490530014038086 50.87717819213867
      vertex 13.362598419189453 -1.9815053939819336 49.888973236083984
    endloop
  endfacet
  facet normal 0.9485121369361877 -0.17270518839359283 0.265514075756073
    outer loop
      vertex 13.362598419189453 -1.9815053939819336 49.888973236083984
      vertex 13.03725814819336 -2.2490530014038086 50.87717819213867
      vertex 13.154563903808594 -3.0435216426849365 49.94135284423828
    endloop
  endfacet
  facet normal 0.943516731262207 -0.184697687625885 0.27506887912750244
    outer loop
      vertex 13.154563903808594 -3.0435216426849365 49.94135284423828
      vertex 13.03725814819336 -2.2490530014038086 50.87717819213867
      vertex 12.784722328186035 -3.349330425262451 51.00461196899414
    endloop
  endfacet
  facet normal 0.9186118245124817 -0.16949646174907684 0.3569639325141907
    outer loop
      vertex 12.784722328186035 -3.349330425262451 51.00461196899414
      vertex 13.03725814819336 -2.2490530014038086 50.87717819213867
      vertex 12.59919548034668 -2.4959728717803955 51.887245178222656
    endloop
  endfacet
  facet normal 0.9121655821800232 -0.1816539764404297 0.36736324429512024
    outer loop
      vertex 12.59919548034668 -2.4959728717803955 51.887245178222656
      vertex 12.339686393737793 -3.6438050270080566 51.964027404785156
      vertex 12.784722328186035 -3.349330425262451 51.00461196899414
    endloop
  endfacet
  facet normal 0.9094477295875549 -0.2151799499988556 0.3558123707771301
    outer loop
      vertex 12.784722328186035 -3.349330425262451 51.00461196899414
      vertex 12.339686393737793 -3.6438050270080566 51.964027404785156
      vertex 12.499276161193848 -4.305290222167969 51.15608215332031
    endloop
  endfacet
  facet normal 0.93332839012146 -0.23578986525535583 0.2707423269748688
    outer loop
      vertex 12.784722328186035 -3.349330425262451 51.00461196899414
      vertex 12.499276161193848 -4.305290222167969 51.15608215332031
      vertex 12.832067489624023 -4.288236618041992 50.023704528808594
    endloop
  endfacet
  facet normal 0.9384207725524902 -0.22583918273448944 0.2614634931087494
    outer loop
      vertex 12.784722328186035 -3.349330425262451 51.00461196899414
      vertex 12.832067489624023 -4.288236618041992 50.023704528808594
      vertex 13.154563903808594 -3.0435216426849365 49.94135284423828
    endloop
  endfacet
  facet normal 0.9551411271095276 -0.23559798300266266 0.17944104969501495
    outer loop
      vertex 12.832067489624023 -4.288236618041992 50.023704528808594
      vertex 13.206926345825195 -3.6992440223693848 48.801700592041016
      vertex 13.154563903808594 -3.0435216426849365 49.94135284423828
    endloop
  endfacet
  facet normal 0.9642049670219421 -0.20825767517089844 0.1641266644001007
    outer loop
      vertex 13.154563903808594 -3.0435216426849365 49.94135284423828
      vertex 13.206926345825195 -3.6992440223693848 48.801700592041016
      vertex 13.441032409667969 -2.594783067703247 48.827816009521484
    endloop
  endfacet
  facet normal 0.9676242470741272 -0.18086163699626923 0.17604650557041168
    outer loop
      vertex 13.441032409667969 -2.594783067703247 48.827816009521484
      vertex 13.362598419189453 -1.9815053939819336 49.888973236083984
      vertex 13.154563903808594 -3.0435216426849365 49.94135284423828
    endloop
  endfacet
  facet normal 0.9773494601249695 -0.14375120401382446 0.1553179919719696
    outer loop
      vertex 13.441032409667969 -2.594783067703247 48.827816009521484
      vertex 13.588881492614746 -1.5381797552108765 48.87538146972656
      vertex 13.362598419189453 -1.9815053939819336 49.888973236083984
    endloop
  endfacet
  facet normal 0.9793341159820557 -0.10584919154644012 0.17233869433403015
    outer loop
      vertex 13.362598419189453 -1.9815053939819336 49.888973236083984
      vertex 13.588881492614746 -1.5381797552108765 48.87538146972656
      vertex 13.46430492401123 -0.9968001246452332 49.91581344604492
    endloop
  endfacet
  facet normal 0.9853120446205139 -0.07139096409082413 0.15512442588806152
    outer loop
      vertex 13.46430492401123 -0.9968001246452332 49.91581344604492
      vertex 13.588881492614746 -1.5381797552108765 48.87538146972656
      vertex 13.64632511138916 -0.5253598690032959 48.97663116455078
    endloop
  endfacet
  facet normal 0.9839191436767578 -0.028671547770500183 0.17629829049110413
    outer loop
      vertex 13.46430492401123 -0.9968001246452332 49.91581344604492
      vertex 13.64632511138916 -0.5253598690032959 48.97663116455078
      vertex 13.476099014282227 -0.01619124226272106 50.00946807861328
    endloop
  endfacet
  facet normal 0.9862745404243469 -0.0050408258102834225 0.16503699123859406
    outer loop
      vertex 13.64632511138916 -0.5253598690032959 48.97663116455078
      vertex 13.624408721923828 0.4204478859901428 49.13649368286133
      vertex 13.476099014282227 -0.01619124226272106 50.00946807861328
    endloop
  endfacet
  facet normal 0.9836956262588501 0.02258707396686077 0.1784176230430603
    outer loop
      vertex 13.476099014282227 -0.01619124226272106 50.00946807861328
      vertex 13.624408721923828 0.4204478859901428 49.13649368286133
      vertex 13.456396102905273 0.802843451499939 50.01441192626953
    endloop
  endfacet
  facet normal 0.9848639369010925 0.08142124116420746 0.15301476418972015
    outer loop
      vertex 13.456396102905273 0.802843451499939 50.01441192626953
      vertex 13.624408721923828 0.4204478859901428 49.13649368286133
      vertex 13.509712219238281 1.3273934125900269 49.392127990722656
    endloop
  endfacet
  facet normal 0.9747150540351868 0.12257226556539536 0.18683317303657532
    outer loop
      vertex 13.456396102905273 0.802843451499939 50.01441192626953
      vertex 13.509712219238281 1.3273934125900269 49.392127990722656
      vertex 13.282708168029785 1.5822597742080688 50.409210205078125
    endloop
  endfacet
  facet normal 0.972977340221405 0.1429322510957718 0.18134340643882751
    outer loop
      vertex 13.509712219238281 1.3273934125900269 49.392127990722656
      vertex 13.311686515808105 2.1873996257781982 49.77676773071289
      vertex 13.282708168029785 1.5822597742080688 50.409210205078125
    endloop
  endfacet
  facet normal 0.9634234309196472 0.17019973695278168 0.20699600875377655
    outer loop
      vertex 13.311686515808105 2.1873996257781982 49.77676773071289
      vertex 12.98923110961914 2.703871250152588 50.85291290283203
      vertex 13.282708168029785 1.5822597742080688 50.409210205078125
    endloop
  endfacet
  facet normal 0.9530938863754272 0.14408399164676666 0.2661803066730499
    outer loop
      vertex 12.98923110961914 2.703871250152588 50.85291290283203
      vertex 13.015419006347656 1.7398128509521484 51.28099060058594
      vertex 13.282708168029785 1.5822597742080688 50.409210205078125
    endloop
  endfacet
  facet normal 0.9571465253829956 0.07278650254011154 0.28030815720558167
    outer loop
      vertex 13.015419006347656 1.7398128509521484 51.28099060058594
      vertex 13.190439224243164 0.7094807624816895 50.950904846191406
      vertex 13.282708168029785 1.5822597742080688 50.409210205078125
    endloop
  endfacet
  facet normal 0.9575539231300354 0.07200373709201813 0.27911636233329773
    outer loop
      vertex 13.190439224243164 0.7094807624816895 50.950904846191406
      vertex 13.456396102905273 0.802843451499939 50.01441192626953
      vertex 13.282708168029785 1.5822597742080688 50.409210205078125
    endloop
  endfacet
  facet normal 0.9611744284629822 0.021461671218276024 0.2751058340072632
    outer loop
      vertex 13.190439224243164 0.7094807624816895 50.950904846191406
      vertex 13.476099014282227 -0.01619124226272106 50.00946807861328
      vertex 13.456396102905273 0.802843451499939 50.01441192626953
    endloop
  endfacet
  facet normal 0.9581494927406311 0.00586707191541791 0.28620845079421997
    outer loop
      vertex 13.476099014282227 -0.01619124226272106 50.00946807861328
      vertex 13.190439224243164 0.7094807624816895 50.950904846191406
      vertex 13.226926803588867 -0.473871648311615 50.85301208496094
    endloop
  endfacet
  facet normal 0.939983606338501 0.0007561934762634337 0.3412189781665802
    outer loop
      vertex 13.190439224243164 0.7094807624816895 50.950904846191406
      vertex 12.916752815246582 0.04583878070116043 51.706321716308594
      vertex 13.226926803588867 -0.473871648311615 50.85301208496094
    endloop
  endfacet
  facet normal 0.926700234413147 -0.05685095116496086 0.37147632241249084
    outer loop
      vertex 13.226926803588867 -0.473871648311615 50.85301208496094
      vertex 12.916752815246582 0.04583878070116043 51.706321716308594
      vertex 12.849303245544434 -1.1861810684204102 51.68603515625
    endloop
  endfacet
  facet normal 0.909188985824585 -0.056568145751953125 0.4125233292579651
    outer loop
      vertex 12.849303245544434 -1.1861810684204102 51.68603515625
      vertex 12.916752815246582 0.04583878070116043 51.706321716308594
      vertex 12.435832977294922 -0.10363265872001648 52.745758056640625
    endloop
  endfacet
  facet normal 0.9076526761054993 -0.0015853685326874256 0.41971907019615173
    outer loop
      vertex 12.435832977294922 -0.10363265872001648 52.745758056640625
      vertex 12.916752815246582 0.04583878070116043 51.706321716308594
      vertex 12.694643020629883 1.2653758525848389 52.191246032714844
    endloop
  endfacet
  facet normal 0.9322501420974731 0.02629963494837284 0.36085736751556396
    outer loop
      vertex 12.694643020629883 1.2653758525848389 52.191246032714844
      vertex 12.916752815246582 0.04583878070116043 51.706321716308594
      vertex 13.190439224243164 0.7094807624816895 50.950904846191406
    endloop
  endfacet
  facet normal 0.9344769716262817 0.04561900720000267 0.353088915348053
    outer loop
      vertex 13.190439224243164 0.7094807624816895 50.950904846191406
      vertex 13.015419006347656 1.7398128509521484 51.28099060058594
      vertex 12.694643020629883 1.2653758525848389 52.191246032714844
    endloop
  endfacet
  facet normal 0.9313187003135681 0.05964719131588936 0.35928764939308167
    outer loop
      vertex 13.015419006347656 1.7398128509521484 51.28099060058594
      vertex 12.740934371948242 2.3954010009765625 51.88365173339844
      vertex 12.694643020629883 1.2653758525848389 52.191246032714844
    endloop
  endfacet
  facet normal 0.9291231036186218 0.06120237708091736 0.3646705746650696
    outer loop
      vertex 12.694643020629883 1.2653758525848389 52.191246032714844
      vertex 12.740934371948242 2.3954010009765625 51.88365173339844
      vertex 12.305595397949219 2.6671011447906494 52.947227478027344
    endloop
  endfacet
  facet normal 0.9291672706604004 0.11967722326517105 0.3497507870197296
    outer loop
      vertex 12.305595397949219 2.6671011447906494 52.947227478027344
      vertex 12.740934371948242 2.3954010009765625 51.88365173339844
      vertex 12.527691841125488 3.5368685722351074 52.05957794189453
    endloop
  endfacet
  facet normal 0.953043520450592 0.13636866211891174 0.2703917324542999
    outer loop
      vertex 12.740934371948242 2.3954010009765625 51.88365173339844
      vertex 12.98923110961914 2.703871250152588 50.85291290283203
      vertex 12.527691841125488 3.5368685722351074 52.05957794189453
    endloop
  endfacet
  facet normal 0.9537776112556458 0.18142536282539368 0.2395685464143753
    outer loop
      vertex 12.527691841125488 3.5368685722351074 52.05957794189453
      vertex 12.98923110961914 2.703871250152588 50.85291290283203
      vertex 12.687555313110352 4.140367031097412 50.966094970703125
    endloop
  endfacet
  facet normal 0.9684562683105469 0.19075104594230652 0.16033217310905457
    outer loop
      vertex 12.98923110961914 2.703871250152588 50.85291290283203
      vertex 13.114143371582031 3.2790236473083496 49.41413116455078
      vertex 12.687555313110352 4.140367031097412 50.966094970703125
    endloop
  endfacet
  facet normal 0.9636767506599426 0.22867193818092346 0.13797223567962646
    outer loop
      vertex 13.114143371582031 3.2790236473083496 49.41413116455078
      vertex 12.657342910766602 4.9576311111450195 49.822601318359375
      vertex 12.687555313110352 4.140367031097412 50.966094970703125
    endloop
  endfacet
  facet normal 0.9703025817871094 0.20819324254989624 0.12316089123487473
    outer loop
      vertex 12.687555313110352 4.140367031097412 50.966094970703125
      vertex 12.657342910766602 4.9576311111450195 49.822601318359375
      vertex 12.414392471313477 5.264196872711182 51.218421936035156
    endloop
  endfacet
  facet normal 0.9633550643920898 0.2426140308380127 0.1143917590379715
    outer loop
      vertex 12.414392471313477 5.264196872711182 51.218421936035156
      vertex 12.657342910766602 4.9576311111450195 49.822601318359375
      vertex 12.221713066101074 6.137418746948242 50.98905944824219
    endloop
  endfacet
  facet normal 0.9566630125045776 0.2821904718875885 0.0718638226389885
    outer loop
      vertex 12.657342910766602 4.9576311111450195 49.822601318359375
      vertex 12.267061233520508 6.301136493682861 49.74250030517578
      vertex 12.221713066101074 6.137418746948242 50.98905944824219
    endloop
  endfacet
  facet normal 0.9495063424110413 0.3047579824924469 0.07456739246845245
    outer loop
      vertex 12.267061233520508 6.301136493682861 49.74250030517578
      vertex 11.868457794189453 7.233855247497559 51.00609588623047
      vertex 12.221713066101074 6.137418746948242 50.98905944824219
    endloop
  endfacet
  facet normal 0.9468612670898438 0.3034054636955261 0.10676548629999161
    outer loop
      vertex 12.221713066101074 6.137418746948242 50.98905944824219
      vertex 11.868457794189453 7.233855247497559 51.00609588623047
      vertex 11.821540832519531 7.0001444816589355 52.086341857910156
    endloop
  endfacet
  facet normal 0.9471595287322998 0.30253520607948303 0.1065901443362236
    outer loop
      vertex 11.868457794189453 7.233855247497559 51.00609588623047
      vertex 11.44800090789795 8.144678115844727 52.157081604003906
      vertex 11.821540832519531 7.0001444816589355 52.086341857910156
    endloop
  endfacet
  facet normal 0.9432339072227478 0.2988908886909485 0.14482441544532776
    outer loop
      vertex 11.44800090789795 8.144678115844727 52.157081604003906
      vertex 11.30601692199707 7.97990608215332 53.421875
      vertex 11.821540832519531 7.0001444816589355 52.086341857910156
    endloop
  endfacet
  facet normal 0.9519844651222229 0.2373846024274826 0.19332385063171387
    outer loop
      vertex 11.30601692199707 7.97990608215332 53.421875
      vertex 11.798979759216309 6.399626731872559 52.93482208251953
      vertex 11.821540832519531 7.0001444816589355 52.086341857910156
    endloop
  endfacet
  facet normal 0.9468315243721008 0.2502029240131378 0.2022590935230255
    outer loop
      vertex 11.798979759216309 6.399626731872559 52.93482208251953
      vertex 12.12560749053955 5.9845428466796875 51.91926193237305
      vertex 11.821540832519531 7.0001444816589355 52.086341857910156
    endloop
  endfacet
  facet normal 0.9544785022735596 0.2624475359916687 0.1417461484670639
    outer loop
      vertex 12.12560749053955 5.9845428466796875 51.91926193237305
      vertex 12.221713066101074 6.137418746948242 50.98905944824219
      vertex 11.821540832519531 7.0001444816589355 52.086341857910156
    endloop
  endfacet
  facet normal 0.9585539102554321 0.248236745595932 0.13983169198036194
    outer loop
      vertex 12.12560749053955 5.9845428466796875 51.91926193237305
      vertex 12.414392471313477 5.264196872711182 51.218421936035156
      vertex 12.221713066101074 6.137418746948242 50.98905944824219
    endloop
  endfacet
  facet normal 0.9608463048934937 0.18155445158481598 0.2093144655227661
    outer loop
      vertex 12.12560749053955 5.9845428466796875 51.91926193237305
      vertex 12.226236343383789 5.024916648864746 52.28968811035156
      vertex 12.414392471313477 5.264196872711182 51.218421936035156
    endloop
  endfacet
  facet normal 0.9597927331924438 0.1861082911491394 0.21014654636383057
    outer loop
      vertex 12.226236343383789 5.024916648864746 52.28968811035156
      vertex 12.687555313110352 4.140367031097412 50.966094970703125
      vertex 12.414392471313477 5.264196872711182 51.218421936035156
    endloop
  endfacet
  facet normal 0.9604705572128296 0.15926945209503174 0.22831909358501434
    outer loop
      vertex 12.226236343383789 5.024916648864746 52.28968811035156
      vertex 12.527691841125488 3.5368685722351074 52.05957794189453
      vertex 12.687555313110352 4.140367031097412 50.966094970703125
    endloop
  endfacet
  facet normal 0.9422710537910461 0.14415234327316284 0.3022342324256897
    outer loop
      vertex 12.226236343383789 5.024916648864746 52.28968811035156
      vertex 12.02057933807373 4.19334602355957 53.327484130859375
      vertex 12.527691841125488 3.5368685722351074 52.05957794189453
    endloop
  endfacet
  facet normal 0.9402079582214355 0.09401532262563705 0.32736828923225403
    outer loop
      vertex 12.527691841125488 3.5368685722351074 52.05957794189453
      vertex 12.02057933807373 4.19334602355957 53.327484130859375
      vertex 12.305595397949219 2.6671011447906494 52.947227478027344
    endloop
  endfacet
  facet normal 0.9223054647445679 0.07792706787586212 0.3785235583782196
    outer loop
      vertex 12.02057933807373 4.19334602355957 53.327484130859375
      vertex 11.643852233886719 3.1809732913970947 54.45383071899414
      vertex 12.305595397949219 2.6671011447906494 52.947227478027344
    endloop
  endfacet
  facet normal 0.9182725548744202 0.023731982335448265 0.3952370285987854
    outer loop
      vertex 12.305595397949219 2.6671011447906494 52.947227478027344
      vertex 11.643852233886719 3.1809732913970947 54.45383071899414
      vertex 12.01065731048584 1.3357799053192139 53.71240997314453
    endloop
  endfacet
  facet normal 0.9081506729125977 0.012388559058308601 0.41846007108688354
    outer loop
      vertex 11.643852233886719 3.1809732913970947 54.45383071899414
      vertex 11.093396186828613 1.4167412519454956 55.7006721496582
      vertex 12.01065731048584 1.3357799053192139 53.71240997314453
    endloop
  endfacet
  facet normal 0.9065394401550293 -0.04267256706953049 0.41995880007743835
    outer loop
      vertex 12.01065731048584 1.3357799053192139 53.71240997314453
      vertex 11.093396186828613 1.4167412519454956 55.7006721496582
      vertex 11.699495315551758 -0.4865322709083557 54.19892883300781
    endloop
  endfacet
  facet normal 0.8950989246368408 -0.034151673316955566 0.444557785987854
    outer loop
      vertex 11.699495315551758 -0.4865322709083557 54.19892883300781
      vertex 12.435832977294922 -0.10363265872001648 52.745758056640625
      vertex 12.01065731048584 1.3357799053192139 53.71240997314453
    endloop
  endfacet
  facet normal 0.9119173884391785 -0.006195806432515383 0.4103270471096039
    outer loop
      vertex 12.01065731048584 1.3357799053192139 53.71240997314453
      vertex 12.435832977294922 -0.10363265872001648 52.745758056640625
      vertex 12.694643020629883 1.2653758525848389 52.191246032714844
    endloop
  endfacet
  facet normal 0.9121186137199402 0.03278345614671707 0.4086134433746338
    outer loop
      vertex 12.694643020629883 1.2653758525848389 52.191246032714844
      vertex 12.305595397949219 2.6671011447906494 52.947227478027344
      vertex 12.01065731048584 1.3357799053192139 53.71240997314453
    endloop
  endfacet
  facet normal 0.897334635257721 -0.07495236396789551 0.434939980506897
    outer loop
      vertex 12.435832977294922 -0.10363265872001648 52.745758056640625
      vertex 11.699495315551758 -0.4865322709083557 54.19892883300781
      vertex 12.231939315795898 -1.6331347227096558 52.90283966064453
    endloop
  endfacet
  facet normal 0.8757584691047668 -0.12146014720201492 0.4672200679779053
    outer loop
      vertex 11.699495315551758 -0.4865322709083557 54.19892883300781
      vertex 11.473529815673828 -2.6494345664978027 54.060203552246094
      vertex 12.231939315795898 -1.6331347227096558 52.90283966064453
    endloop
  endfacet
  facet normal 0.9001895189285278 -0.07596118003129959 0.42882272601127625
    outer loop
      vertex 12.231939315795898 -1.6331347227096558 52.90283966064453
      vertex 12.849303245544434 -1.1861810684204102 51.68603515625
      vertex 12.435832977294922 -0.10363265872001648 52.745758056640625
    endloop
  endfacet
  facet normal 0.9302331805229187 0.057141680270433426 0.36249297857284546
    outer loop
      vertex 12.02057933807373 4.19334602355957 53.327484130859375
      vertex 11.44290542602539 5.110551834106445 54.66533279418945
      vertex 11.643852233886719 3.1809732913970947 54.45383071899414
    endloop
  endfacet
  facet normal 0.9379856586456299 0.11242783069610596 0.3279372453689575
    outer loop
      vertex 11.44290542602539 5.110551834106445 54.66533279418945
      vertex 12.02057933807373 4.19334602355957 53.327484130859375
      vertex 11.796607971191406 5.518965721130371 53.513633728027344
    endloop
  endfacet
  facet normal 0.9508812427520752 0.12062378227710724 0.2850874066352844
    outer loop
      vertex 11.796607971191406 5.518965721130371 53.513633728027344
      vertex 12.02057933807373 4.19334602355957 53.327484130859375
      vertex 12.226236343383789 5.024916648864746 52.28968811035156
    endloop
  endfacet
  facet normal 0.949195146560669 0.17104952037334442 0.2641410827636719
    outer loop
      vertex 12.226236343383789 5.024916648864746 52.28968811035156
      vertex 11.798979759216309 6.399626731872559 52.93482208251953
      vertex 11.796607971191406 5.518965721130371 53.513633728027344
    endloop
  endfacet
  facet normal 0.9506144523620605 0.16867750883102417 0.26053792238235474
    outer loop
      vertex 11.798979759216309 6.399626731872559 52.93482208251953
      vertex 11.354324340820312 6.752010345458984 54.329078674316406
      vertex 11.796607971191406 5.518965721130371 53.513633728027344
    endloop
  endfacet
  facet normal 0.9367285370826721 0.11805858463048935 0.3295479118824005
    outer loop
      vertex 11.796607971191406 5.518965721130371 53.513633728027344
      vertex 11.354324340820312 6.752010345458984 54.329078674316406
      vertex 11.44290542602539 5.110551834106445 54.66533279418945
    endloop
  endfacet
  facet normal 0.9442905187606812 0.21879415214061737 0.24585458636283875
    outer loop
      vertex 11.354324340820312 6.752010345458984 54.329078674316406
      vertex 11.798979759216309 6.399626731872559 52.93482208251953
      vertex 11.30601692199707 7.97990608215332 53.421875
    endloop
  endfacet
  facet normal 0.9649472236633301 0.17945154011249542 0.1915046125650406
    outer loop
      vertex 11.30601692199707 7.97990608215332 53.421875
      vertex 10.769847869873047 8.728475570678711 55.42205047607422
      vertex 11.354324340820312 6.752010345458984 54.329078674316406
    endloop
  endfacet
  facet normal 0.9476016163825989 0.2830616533756256 0.14807868003845215
    outer loop
      vertex 10.769847869873047 8.728475570678711 55.42205047607422
      vertex 11.30601692199707 7.97990608215332 53.421875
      vertex 10.70184326171875 9.707605361938477 53.985565185546875
    endloop
  endfacet
  facet normal 0.9472076296806335 0.2806667387485504 0.1549968272447586
    outer loop
      vertex 11.30601692199707 7.97990608215332 53.421875
      vertex 11.086764335632324 8.956747055053711 52.99290466308594
      vertex 10.70184326171875 9.707605361938477 53.985565185546875
    endloop
  endfacet
  facet normal 0.936395525932312 0.3328087627887726 0.111363485455513
    outer loop
      vertex 10.70184326171875 9.707605361938477 53.985565185546875
      vertex 11.086764335632324 8.956747055053711 52.99290466308594
      vertex 10.857872009277344 9.565781593322754 53.097442626953125
    endloop
  endfacet
  facet normal 0.9376819133758545 0.3441431224346161 0.048146672546863556
    outer loop
      vertex 10.857872009277344 9.565781593322754 53.097442626953125
      vertex 11.086764335632324 8.956747055053711 52.99290466308594
      vertex 11.013801574707031 9.258292198181152 52.258506774902344
    endloop
  endfacet
  facet normal 0.9319696426391602 0.3584057688713074 0.05457049608230591
    outer loop
      vertex 11.013801574707031 9.258292198181152 52.258506774902344
      vertex 11.086764335632324 8.956747055053711 52.99290466308594
      vertex 11.44800090789795 8.144678115844727 52.157081604003906
    endloop
  endfacet
  facet normal 0.9505144357681274 0.2759906053543091 0.14265836775302887
    outer loop
      vertex 11.44800090789795 8.144678115844727 52.157081604003906
      vertex 11.086764335632324 8.956747055053711 52.99290466308594
      vertex 11.30601692199707 7.97990608215332 53.421875
    endloop
  endfacet
  facet normal 0.9319412112236023 0.35827192664146423 0.05591873824596405
    outer loop
      vertex 11.44800090789795 8.144678115844727 52.157081604003906
      vertex 11.44776725769043 8.312485694885254 51.08583068847656
      vertex 11.013801574707031 9.258292198181152 52.258506774902344
    endloop
  endfacet
  facet normal 0.9044371247291565 0.42650556564331055 -0.009292521513998508
    outer loop
      vertex 11.013801574707031 9.258292198181152 52.258506774902344
      vertex 11.44776725769043 8.312485694885254 51.08583068847656
      vertex 10.990345001220703 9.283663749694824 51.139984130859375
    endloop
  endfacet
  facet normal 0.904519259929657 0.426384299993515 -0.0064219143241643906
    outer loop
      vertex 10.990345001220703 9.283663749694824 51.139984130859375
      vertex 11.44776725769043 8.312485694885254 51.08583068847656
      vertex 11.377752304077148 8.44426441192627 49.973777770996094
    endloop
  endfacet
  facet normal 0.9090643525123596 0.416581392288208 -0.007869702763855457
    outer loop
      vertex 11.44776725769043 8.312485694885254 51.08583068847656
      vertex 11.84228229522705 7.427884101867676 49.83177947998047
      vertex 11.377752304077148 8.44426441192627 49.973777770996094
    endloop
  endfacet
  facet normal 0.9089502692222595 0.4167909324169159 -0.009742503985762596
    outer loop
      vertex 11.377752304077148 8.44426441192627 49.973777770996094
      vertex 11.84228229522705 7.427884101867676 49.83177947998047
      vertex 11.722808837890625 7.659628868103027 48.59941482543945
    endloop
  endfacet
  facet normal 0.9122365713119507 0.40950441360473633 -0.011431308463215828
    outer loop
      vertex 11.84228229522705 7.427884101867676 49.83177947998047
      vertex 12.195745468139648 6.600333213806152 48.39330291748047
      vertex 11.722808837890625 7.659628868103027 48.59941482543945
    endloop
  endfacet
  facet normal 0.9360772371292114 0.35065609216690063 0.028282061219215393
    outer loop
      vertex 11.84228229522705 7.427884101867676 49.83177947998047
      vertex 12.267061233520508 6.301136493682861 49.74250030517578
      vertex 12.195745468139648 6.600333213806152 48.39330291748047
    endloop
  endfacet
  facet normal 0.9389482736587524 0.34304091334342957 0.026441579684615135
    outer loop
      vertex 12.267061233520508 6.301136493682861 49.74250030517578
      vertex 12.630010604858398 5.424376964569092 48.228736877441406
      vertex 12.195745468139648 6.600333213806152 48.39330291748047
    endloop
  endfacet
  facet normal 0.957133948802948 0.28198739886283875 0.06616358458995819
    outer loop
      vertex 12.630010604858398 5.424376964569092 48.228736877441406
      vertex 12.267061233520508 6.301136493682861 49.74250030517578
      vertex 12.657342910766602 4.9576311111450195 49.822601318359375
    endloop
  endfacet
  facet normal 0.9568832516670227 0.28278160095214844 0.0664004534482956
    outer loop
      vertex 12.657342910766602 4.9576311111450195 49.822601318359375
      vertex 13.034934997558594 4.109416961669922 47.99351501464844
      vertex 12.630010604858398 5.424376964569092 48.228736877441406
    endloop
  endfacet
  facet normal 0.9664017558097839 0.24171768128871918 0.08740828186273575
    outer loop
      vertex 13.034934997558594 4.109416961669922 47.99351501464844
      vertex 12.657342910766602 4.9576311111450195 49.822601318359375
      vertex 13.114143371582031 3.2790236473083496 49.41413116455078
    endloop
  endfacet
  facet normal 0.9685057997703552 0.23468604683876038 0.08318077027797699
    outer loop
      vertex 13.034934997558594 4.109416961669922 47.99351501464844
      vertex 13.114143371582031 3.2790236473083496 49.41413116455078
      vertex 13.38539981842041 2.797844886779785 47.61338424682617
    endloop
  endfacet
  facet normal 0.9699689149856567 0.2278032898902893 0.08524029701948166
    outer loop
      vertex 13.114143371582031 3.2790236473083496 49.41413116455078
      vertex 13.474671363830566 2.0317366123199463 48.644954681396484
      vertex 13.38539981842041 2.797844886779785 47.61338424682617
    endloop
  endfacet
  facet normal 0.9708964228630066 0.21243560314178467 0.11059515178203583
    outer loop
      vertex 13.474671363830566 2.0317366123199463 48.644954681396484
      vertex 13.114143371582031 3.2790236473083496 49.41413116455078
      vertex 13.311686515808105 2.1873996257781982 49.77676773071289
    endloop
  endfacet
  facet normal 0.9568551182746887 0.2314930111169815 0.17561154067516327
    outer loop
      vertex 13.311686515808105 2.1873996257781982 49.77676773071289
      vertex 13.114143371582031 3.2790236473083496 49.41413116455078
      vertex 12.98923110961914 2.703871250152588 50.85291290283203
    endloop
  endfacet
  facet normal 0.9779701828956604 0.17283257842063904 0.11706056445837021
    outer loop
      vertex 13.474671363830566 2.0317366123199463 48.644954681396484
      vertex 13.311686515808105 2.1873996257781982 49.77676773071289
      vertex 13.509712219238281 1.3273934125900269 49.392127990722656
    endloop
  endfacet
  facet normal 0.9360377192497253 0.3499537408351898 0.03695755824446678
    outer loop
      vertex 11.84228229522705 7.427884101867676 49.83177947998047
      vertex 11.868457794189453 7.233855247497559 51.00609588623047
      vertex 12.267061233520508 6.301136493682861 49.74250030517578
    endloop
  endfacet
  facet normal 0.9319133758544922 0.36059868335723877 0.03880833089351654
    outer loop
      vertex 11.84228229522705 7.427884101867676 49.83177947998047
      vertex 11.44776725769043 8.312485694885254 51.08583068847656
      vertex 11.868457794189453 7.233855247497559 51.00609588623047
    endloop
  endfacet
  facet normal 0.9315780997276306 0.35919246077537537 0.05606301501393318
    outer loop
      vertex 11.868457794189453 7.233855247497559 51.00609588623047
      vertex 11.44776725769043 8.312485694885254 51.08583068847656
      vertex 11.44800090789795 8.144678115844727 52.157081604003906
    endloop
  endfacet
  facet normal 0.8773227334022522 0.47706496715545654 -0.052094072103500366
    outer loop
      vertex 11.722808837890625 7.659628868103027 48.59941482543945
      vertex 11.216155052185059 8.620111465454102 48.86266326904297
      vertex 11.377752304077148 8.44426441192627 49.973777770996094
    endloop
  endfacet
  facet normal 0.8742272257804871 0.4828599691390991 -0.05072673037648201
    outer loop
      vertex 11.377752304077148 8.44426441192627 49.973777770996094
      vertex 11.216155052185059 8.620111465454102 48.86266326904297
      vertex 10.890393257141113 9.342565536499023 50.125396728515625
    endloop
  endfacet
  facet normal 0.8323066830635071 0.5456767082214355 -0.09748110920190811
    outer loop
      vertex 10.890393257141113 9.342565536499023 50.125396728515625
      vertex 11.216155052185059 8.620111465454102 48.86266326904297
      vertex 10.662911415100098 9.519808769226074 49.17529296875
    endloop
  endfacet
  facet normal 0.8320830464363098 0.5460392236709595 -0.09735994040966034
    outer loop
      vertex 10.890393257141113 9.342565536499023 50.125396728515625
      vertex 10.662911415100098 9.519808769226074 49.17529296875
      vertex 10.44432544708252 10.046850204467773 50.26304626464844
    endloop
  endfacet
  facet normal 0.7812451124191284 0.6087843775749207 -0.13797737658023834
    outer loop
      vertex 10.662911415100098 9.519808769226074 49.17529296875
      vertex 10.043184280395508 10.442314147949219 49.736602783203125
      vertex 10.44432544708252 10.046850204467773 50.26304626464844
    endloop
  endfacet
  facet normal 0.7842751741409302 0.6033893823623657 -0.14433902502059937
    outer loop
      vertex 10.043184280395508 10.442314147949219 49.736602783203125
      vertex 10.01282787322998 10.776444435119629 50.96844482421875
      vertex 10.44432544708252 10.046850204467773 50.26304626464844
    endloop
  endfacet
  facet normal 0.8084431886672974 0.5792140364646912 -0.104550801217556
    outer loop
      vertex 10.44432544708252 10.046850204467773 50.26304626464844
      vertex 10.01282787322998 10.776444435119629 50.96844482421875
      vertex 10.515777587890625 10.10360336303711 51.129966735839844
    endloop
  endfacet
  facet normal 0.8088841438293457 0.5730763673782349 -0.13149112462997437
    outer loop
      vertex 10.515777587890625 10.10360336303711 51.129966735839844
      vertex 10.01282787322998 10.776444435119629 50.96844482421875
      vertex 10.078313827514648 10.921558380126953 52.00373840332031
    endloop
  endfacet
  facet normal 0.7842779159545898 0.605654776096344 -0.1345011293888092
    outer loop
      vertex 10.01282787322998 10.776444435119629 50.96844482421875
      vertex 9.503375053405762 11.631370544433594 51.84752655029297
      vertex 10.078313827514648 10.921558380126953 52.00373840332031
    endloop
  endfacet
  facet normal 0.7840070128440857 0.6000450849533081 -0.15899361670017242
    outer loop
      vertex 10.078313827514648 10.921558380126953 52.00373840332031
      vertex 9.503375053405762 11.631370544433594 51.84752655029297
      vertex 9.619013786315918 11.767988204956055 52.933345794677734
    endloop
  endfacet
  facet normal 0.7705796957015991 0.617011547088623 -0.15969833731651306
    outer loop
      vertex 9.619013786315918 11.767988204956055 52.933345794677734
      vertex 9.503375053405762 11.631370544433594 51.84752655029297
      vertex 9.042655944824219 12.417284965515137 52.660919189453125
    endloop
  endfacet
  facet normal 0.7153624892234802 0.659205436706543 -0.23174279928207397
    outer loop
      vertex 9.042655944824219 12.417284965515137 52.660919189453125
      vertex 9.503375053405762 11.631370544433594 51.84752655029297
      vertex 8.793468475341797 12.360336303710938 51.729713439941406
    endloop
  endfacet
  facet normal 0.7186973690986633 0.6696553826332092 -0.18717871606349945
    outer loop
      vertex 9.503375053405762 11.631370544433594 51.84752655029297
      vertex 9.395977020263672 11.409826278686523 50.642555236816406
      vertex 8.793468475341797 12.360336303710938 51.729713439941406
    endloop
  endfacet
  facet normal 0.6796789765357971 0.6959290504455566 -0.23177416622638702
    outer loop
      vertex 8.793468475341797 12.360336303710938 51.729713439941406
      vertex 9.395977020263672 11.409826278686523 50.642555236816406
      vertex 8.574718475341797 12.14332389831543 50.436622619628906
    endloop
  endfacet
  facet normal 0.6799863576889038 0.7105820178985596 -0.18080854415893555
    outer loop
      vertex 8.574718475341797 12.14332389831543 50.436622619628906
      vertex 9.395977020263672 11.409826278686523 50.642555236816406
      vertex 9.360260963439941 11.006662368774414 48.923789978027344
    endloop
  endfacet
  facet normal 0.7392117381095886 0.652099609375 -0.16832128167152405
    outer loop
      vertex 9.395977020263672 11.409826278686523 50.642555236816406
      vertex 10.043184280395508 10.442314147949219 49.736602783203125
      vertex 9.360260963439941 11.006662368774414 48.923789978027344
    endloop
  endfacet
  facet normal 0.7304527163505554 0.6659891605377197 -0.1513182520866394
    outer loop
      vertex 9.360260963439941 11.006662368774414 48.923789978027344
      vertex 10.043184280395508 10.442314147949219 49.736602783203125
      vertex 10.268097877502441 9.847949981689453 48.20637512207031
    endloop
  endfacet
  facet normal 0.7896336317062378 0.6021590232849121 -0.1178271621465683
    outer loop
      vertex 10.268097877502441 9.847949981689453 48.20637512207031
      vertex 10.043184280395508 10.442314147949219 49.736602783203125
      vertex 10.662911415100098 9.519808769226074 49.17529296875
    endloop
  endfacet
  facet normal 0.7487455606460571 0.6538947224617004 -0.10863599926233292
    outer loop
      vertex 9.360260963439941 11.006662368774414 48.923789978027344
      vertex 10.268097877502441 9.847949981689453 48.20637512207031
      vertex 9.837346076965332 10.129149436950684 46.93010711669922
    endloop
  endfacet
  facet normal 0.6950047016143799 0.7044859528541565 -0.14376363158226013
    outer loop
      vertex 9.837346076965332 10.129149436950684 46.93010711669922
      vertex 8.943445205688477 11.074759483337402 47.24245071411133
      vertex 9.360260963439941 11.006662368774414 48.923789978027344
    endloop
  endfacet
  facet normal 0.666100025177002 0.7334651350975037 -0.13542427122592926
    outer loop
      vertex 9.360260963439941 11.006662368774414 48.923789978027344
      vertex 8.943445205688477 11.074759483337402 47.24245071411133
      vertex 8.32442569732666 11.953563690185547 48.95738220214844
    endloop
  endfacet
  facet normal 0.6225281357765198 0.7645535469055176 -0.16708292067050934
    outer loop
      vertex 8.32442569732666 11.953563690185547 48.95738220214844
      vertex 8.943445205688477 11.074759483337402 47.24245071411133
      vertex 8.009203910827637 11.873739242553711 47.417640686035156
    endloop
  endfacet
  facet normal 0.5769950747489929 0.8009921908378601 -0.1596502959728241
    outer loop
      vertex 8.32442569732666 11.953563690185547 48.95738220214844
      vertex 8.009203910827637 11.873739242553711 47.417640686035156
      vertex 7.350010871887207 12.668065071105957 49.020503997802734
    endloop
  endfacet
  facet normal 0.534152626991272 0.8240588307380676 -0.18870078027248383
    outer loop
      vertex 8.009203910827637 11.873739242553711 47.417640686035156
      vertex 7.081272125244141 12.506272315979004 47.55323791503906
      vertex 7.350010871887207 12.668065071105957 49.020503997802734
    endloop
  endfacet
  facet normal 0.4754238724708557 0.8607280254364014 -0.1819877028465271
    outer loop
      vertex 7.350010871887207 12.668065071105957 49.020503997802734
      vertex 7.081272125244141 12.506272315979004 47.55323791503906
      vertex 6.3876800537109375 13.2095308303833 49.06742858886719
    endloop
  endfacet
  facet normal 0.4348171055316925 0.8762193918228149 -0.20778298377990723
    outer loop
      vertex 6.3876800537109375 13.2095308303833 49.06742858886719
      vertex 7.081272125244141 12.506272315979004 47.55323791503906
      vertex 6.157254219055176 12.989168167114258 47.65596008300781
    endloop
  endfacet
  facet normal 0.3634224534034729 0.9096077084541321 -0.20134030282497406
    outer loop
      vertex 6.3876800537109375 13.2095308303833 49.06742858886719
      vertex 6.157254219055176 12.989168167114258 47.65596008300781
      vertex 5.446007251739502 13.590020179748535 49.08665466308594
    endloop
  endfacet
  facet normal 0.32713568210601807 0.918282687664032 -0.22302290797233582
    outer loop
      vertex 5.446007251739502 13.590020179748535 49.08665466308594
      vertex 6.157254219055176 12.989168167114258 47.65596008300781
      vertex 5.241730690002441 13.335199356079102 47.73780822753906
    endloop
  endfacet
  facet normal 0.24739474058151245 0.9445523023605347 -0.21590933203697205
    outer loop
      vertex 5.446007251739502 13.590020179748535 49.08665466308594
      vertex 5.241730690002441 13.335199356079102 47.73780822753906
      vertex 4.543863296508789 13.825138092041016 49.081539154052734
    endloop
  endfacet
  facet normal 0.21396638453006744 0.9482473134994507 -0.23461756110191345
    outer loop
      vertex 4.543863296508789 13.825138092041016 49.081539154052734
      vertex 5.241730690002441 13.335199356079102 47.73780822753906
      vertex 4.323707580566406 13.56036376953125 47.810630798339844
    endloop
  endfacet
  facet normal 0.13301381468772888 0.9654291272163391 -0.22417400777339935
    outer loop
      vertex 4.323707580566406 13.56036376953125 47.810630798339844
      vertex 3.632331132888794 13.961607933044434 49.12840270996094
      vertex 4.543863296508789 13.825138092041016 49.081539154052734
    endloop
  endfacet
  facet normal 0.12674733996391296 0.947452962398529 -0.2937140464782715
    outer loop
      vertex 3.632331132888794 13.961607933044434 49.12840270996094
      vertex 3.8739609718322754 14.232641220092773 50.106964111328125
      vertex 4.543863296508789 13.825138092041016 49.081539154052734
    endloop
  endfacet
  facet normal 0.14723797142505646 0.948430061340332 -0.2807160019874573
    outer loop
      vertex 4.543863296508789 13.825138092041016 49.081539154052734
      vertex 3.8739609718322754 14.232641220092773 50.106964111328125
      vertex 4.641536712646484 14.16822624206543 50.29193115234375
    endloop
  endfacet
  facet normal 0.1574871838092804 0.9309917688369751 -0.3293209671974182
    outer loop
      vertex 4.641536712646484 14.16822624206543 50.29193115234375
      vertex 3.8739609718322754 14.232641220092773 50.106964111328125
      vertex 3.558896541595459 14.751405715942383 51.42284393310547
    endloop
  endfacet
  facet normal 0.026499439030885696 0.9321368932723999 -0.36113518476486206
    outer loop
      vertex 3.558896541595459 14.751405715942383 51.42284393310547
      vertex 3.8739609718322754 14.232641220092773 50.106964111328125
      vertex 2.933272123336792 14.357866287231445 50.36116027832031
    endloop
  endfacet
  facet normal 0.05239095166325569 0.9589918851852417 -0.2785496413707733
    outer loop
      vertex 3.8739609718322754 14.232641220092773 50.106964111328125
      vertex 3.632331132888794 13.961607933044434 49.12840270996094
      vertex 2.933272123336792 14.357866287231445 50.36116027832031
    endloop
  endfacet
  facet normal 0.016866758465766907 0.9546368718147278 -0.2972944378852844
    outer loop
      vertex 2.933272123336792 14.357866287231445 50.36116027832031
      vertex 3.632331132888794 13.961607933044434 49.12840270996094
      vertex 2.6431617736816406 14.00107192993164 49.199005126953125
    endloop
  endfacet
  facet normal 0.0227128304541111 0.9738348126411438 -0.22611939907073975
    outer loop
      vertex 3.632331132888794 13.961607933044434 49.12840270996094
      vertex 3.383316993713379 13.678135871887207 47.88255310058594
      vertex 2.6431617736816406 14.00107192993164 49.199005126953125
    endloop
  endfacet
  facet normal -0.00182446523103863 0.9709658026695251 -0.23921135067939758
    outer loop
      vertex 2.6431617736816406 14.00107192993164 49.199005126953125
      vertex 3.383316993713379 13.678135871887207 47.88255310058594
      vertex 2.4246582984924316 13.684228897094727 47.91459655761719
    endloop
  endfacet
  facet normal -0.08235177397727966 0.9707650542259216 -0.22546251118183136
    outer loop
      vertex 2.4246582984924316 13.684228897094727 47.91459655761719
      vertex 1.6384211778640747 13.90636157989502 49.158203125
      vertex 2.6431617736816406 14.00107192993164 49.199005126953125
    endloop
  endfacet
  facet normal -0.07845011353492737 0.9551936984062195 -0.28539568185806274
    outer loop
      vertex 1.6384211778640747 13.90636157989502 49.158203125
      vertex 1.7731871604919434 14.29425048828125 50.41938781738281
      vertex 2.6431617736816406 14.00107192993164 49.199005126953125
    endloop
  endfacet
  facet normal -0.06649024784564972 0.9583826661109924 -0.2776359021663666
    outer loop
      vertex 2.6431617736816406 14.00107192993164 49.199005126953125
      vertex 1.7731871604919434 14.29425048828125 50.41938781738281
      vertex 2.933272123336792 14.357866287231445 50.36116027832031
    endloop
  endfacet
  facet normal -0.06914842873811722 0.929588794708252 -0.36205410957336426
    outer loop
      vertex 1.7731871604919434 14.29425048828125 50.41938781738281
      vertex 2.0653786659240723 14.776844024658203 51.6026611328125
      vertex 2.933272123336792 14.357866287231445 50.36116027832031
    endloop
  endfacet
  facet normal -0.024272343143820763 0.9419565200805664 -0.33485648036003113
    outer loop
      vertex 2.933272123336792 14.357866287231445 50.36116027832031
      vertex 2.0653786659240723 14.776844024658203 51.6026611328125
      vertex 3.558896541595459 14.751405715942383 51.42284393310547
    endloop
  endfacet
  facet normal -0.04036401957273483 0.8866452574729919 -0.4606853127479553
    outer loop
      vertex 2.0653786659240723 14.776844024658203 51.6026611328125
      vertex 2.340287685394287 15.4256010055542 52.827186584472656
      vertex 3.558896541595459 14.751405715942383 51.42284393310547
    endloop
  endfacet
  facet normal -0.011271068826317787 0.8975870609283447 -0.4406929910182953
    outer loop
      vertex 3.558896541595459 14.751405715942383 51.42284393310547
      vertex 2.340287685394287 15.4256010055542 52.827186584472656
      vertex 4.2538957595825195 15.584866523742676 53.102630615234375
    endloop
  endfacet
  facet normal 0.02053356170654297 0.7970737218856812 -0.6035329699516296
    outer loop
      vertex 4.2538957595825195 15.584866523742676 53.102630615234375
      vertex 2.340287685394287 15.4256010055542 52.827186584472656
      vertex 2.3606483936309814 16.266881942749023 53.938941955566406
    endloop
  endfacet
  facet normal -0.20742927491664886 0.7819030284881592 -0.5878781676292419
    outer loop
      vertex 2.340287685394287 15.4256010055542 52.827186584472656
      vertex 0.649616539478302 15.916587829589844 54.07676315307617
      vertex 2.3606483936309814 16.266881942749023 53.938941955566406
    endloop
  endfacet
  facet normal -0.1282806098461151 0.8516374826431274 -0.5081906318664551
    outer loop
      vertex 0.649616539478302 15.916587829589844 54.07676315307617
      vertex 2.340287685394287 15.4256010055542 52.827186584472656
      vertex 1.1436223983764648 15.15733814239502 52.67969512939453
    endloop
  endfacet
  facet normal -0.14499936997890472 0.8874034881591797 -0.4375961124897003
    outer loop
      vertex 2.340287685394287 15.4256010055542 52.827186584472656
      vertex 2.0653786659240723 14.776844024658203 51.6026611328125
      vertex 1.1436223983764648 15.15733814239502 52.67969512939453
    endloop
  endfacet
  facet normal -0.16902442276477814 0.8749485611915588 -0.4537573456764221
    outer loop
      vertex 2.0653786659240723 14.776844024658203 51.6026611328125
      vertex 0.6264141798019409 14.541954040527344 51.685752868652344
      vertex 1.1436223983764648 15.15733814239502 52.67969512939453
    endloop
  endfacet
  facet normal -0.25365307927131653 0.8759468793869019 -0.41033807396888733
    outer loop
      vertex 0.6264141798019409 14.541954040527344 51.685752868652344
      vertex 0.042428065091371536 15.024453163146973 53.07673645019531
      vertex 1.1436223983764648 15.15733814239502 52.67969512939453
    endloop
  endfacet
  facet normal -0.28842565417289734 0.7948106527328491 -0.5339351296424866
    outer loop
      vertex 0.042428065091371536 15.024453163146973 53.07673645019531
      vertex 0.649616539478302 15.916587829589844 54.07676315307617
      vertex 1.1436223983764648 15.15733814239502 52.67969512939453
    endloop
  endfacet
  facet normal -0.407554566860199 0.7902776598930359 -0.45755940675735474
    outer loop
      vertex 0.649616539478302 15.916587829589844 54.07676315307617
      vertex 0.042428065091371536 15.024453163146973 53.07673645019531
      vertex -1.2912955284118652 15.053474426269531 54.31482696533203
    endloop
  endfacet
  facet normal -0.3595729470252991 0.8396633863449097 -0.40702924132347107
    outer loop
      vertex 0.042428065091371536 15.024453163146973 53.07673645019531
      vertex -0.893715500831604 14.34914493560791 52.51063537597656
      vertex -1.2912955284118652 15.053474426269531 54.31482696533203
    endloop
  endfacet
  facet normal -0.4781763553619385 0.7773100137710571 -0.4088234007358551
    outer loop
      vertex -1.2912955284118652 15.053474426269531 54.31482696533203
      vertex -0.893715500831604 14.34914493560791 52.51063537597656
      vertex -2.5381641387939453 13.707972526550293 53.2149658203125
    endloop
  endfacet
  facet normal -0.44509220123291016 0.8572773337364197 -0.25878286361694336
    outer loop
      vertex -2.5381641387939453 13.707972526550293 53.2149658203125
      vertex -0.893715500831604 14.34914493560791 52.51063537597656
      vertex -1.7159709930419922 13.634845733642578 51.558589935302734
    endloop
  endfacet
  facet normal -0.3694188594818115 0.8678922057151794 -0.3321039080619812
    outer loop
      vertex -0.893715500831604 14.34914493560791 52.51063537597656
      vertex -0.43412458896636963 13.978771209716797 51.03150177001953
      vertex -1.7159709930419922 13.634845733642578 51.558589935302734
    endloop
  endfacet
  facet normal -0.34696438908576965 0.9025870561599731 -0.25485754013061523
    outer loop
      vertex -1.7159709930419922 13.634845733642578 51.558589935302734
      vertex -0.43412458896636963 13.978771209716797 51.03150177001953
      vertex -1.1585816144943237 13.466224670410156 50.202579498291016
    endloop
  endfacet
  facet normal -0.3177638649940491 0.9052549004554749 -0.2820276618003845
    outer loop
      vertex -0.43412458896636963 13.978771209716797 51.03150177001953
      vertex -0.1309882402420044 13.683736801147461 49.742950439453125
      vertex -1.1585816144943237 13.466224670410156 50.202579498291016
    endloop
  endfacet
  facet normal -0.3006132245063782 0.9244418740272522 -0.23460407555103302
    outer loop
      vertex -1.1585816144943237 13.466224670410156 50.202579498291016
      vertex -0.1309882402420044 13.683736801147461 49.742950439453125
      vertex -0.6988160610198975 13.303422927856445 48.97194290161133
    endloop
  endfacet
  facet normal -0.28833380341529846 0.9258319735527039 -0.24433326721191406
    outer loop
      vertex -0.1309882402420044 13.683736801147461 49.742950439453125
      vertex 0.07173988968133926 13.476112365722656 48.71697998046875
      vertex -0.6988160610198975 13.303422927856445 48.97194290161133
    endloop
  endfacet
  facet normal -0.2786238193511963 0.9378626942634583 -0.2068389356136322
    outer loop
      vertex -0.6988160610198975 13.303422927856445 48.97194290161133
      vertex 0.07173988968133926 13.476112365722656 48.71697998046875
      vertex -0.19957631826400757 13.190980911254883 47.78959655761719
    endloop
  endfacet
  facet normal -0.24540650844573975 0.9444557428359985 -0.2185841053724289
    outer loop
      vertex 0.07173988968133926 13.476112365722656 48.71697998046875
      vertex 0.6357577443122864 13.409436225891113 47.795658111572266
      vertex -0.19957631826400757 13.190980911254883 47.78959655761719
    endloop
  endfacet
  facet normal -0.23884327709674835 0.9470142126083374 -0.21475136280059814
    outer loop
      vertex 0.6357577443122864 13.409436225891113 47.795658111572266
      vertex 0.07173988968133926 13.476112365722656 48.71697998046875
      vertex 0.7404289841651917 13.703961372375488 48.97804641723633
    endloop
  endfacet
  facet normal -0.22942344844341278 0.9441807270050049 -0.23640601336956024
    outer loop
      vertex 0.07173988968133926 13.476112365722656 48.71697998046875
      vertex -0.1309882402420044 13.683736801147461 49.742950439453125
      vertex 0.7404289841651917 13.703961372375488 48.97804641723633
    endloop
  endfacet
  facet normal -0.25076887011528015 0.932187020778656 -0.26104089617729187
    outer loop
      vertex -0.1309882402420044 13.683736801147461 49.742950439453125
      vertex 0.7032762765884399 14.041891098022461 50.220497131347656
      vertex 0.7404289841651917 13.703961372375488 48.97804641723633
    endloop
  endfacet
  facet normal -0.16149403154850006 0.9510452747344971 -0.26350051164627075
    outer loop
      vertex 0.7032762765884399 14.041891098022461 50.220497131347656
      vertex 1.6384211778640747 13.90636157989502 49.158203125
      vertex 0.7404289841651917 13.703961372375488 48.97804641723633
    endloop
  endfacet
  facet normal -0.171988382935524 0.9599453210830688 -0.22119027376174927
    outer loop
      vertex 0.7404289841651917 13.703961372375488 48.97804641723633
      vertex 1.6384211778640747 13.90636157989502 49.158203125
      vertex 1.4943803548812866 13.585714340209961 47.878623962402344
    endloop
  endfacet
  facet normal -0.0935545489192009 0.96818608045578 -0.23208452761173248
    outer loop
      vertex 1.6384211778640747 13.90636157989502 49.158203125
      vertex 2.4246582984924316 13.684228897094727 47.91459655761719
      vertex 1.4943803548812866 13.585714340209961 47.878623962402344
    endloop
  endfacet
  facet normal -0.17527669668197632 0.9588549733161926 -0.22332802414894104
    outer loop
      vertex 0.7404289841651917 13.703961372375488 48.97804641723633
      vertex 1.4943803548812866 13.585714340209961 47.878623962402344
      vertex 0.6357577443122864 13.409436225891113 47.795658111572266
    endloop
  endfacet
  facet normal -0.17256468534469604 0.9465063214302063 -0.2726670205593109
    outer loop
      vertex 0.7032762765884399 14.041891098022461 50.220497131347656
      vertex 1.7731871604919434 14.29425048828125 50.41938781738281
      vertex 1.6384211778640747 13.90636157989502 49.158203125
    endloop
  endfacet
  facet normal -0.15911027789115906 0.9317652583122253 -0.3263394832611084
    outer loop
      vertex 1.7731871604919434 14.29425048828125 50.41938781738281
      vertex 0.7032762765884399 14.041891098022461 50.220497131347656
      vertex 0.6264141798019409 14.541954040527344 51.685752868652344
    endloop
  endfacet
  facet normal -0.2805827260017395 0.9037909507751465 -0.3231644332408905
    outer loop
      vertex 0.7032762765884399 14.041891098022461 50.220497131347656
      vertex -0.43412458896636963 13.978771209716797 51.03150177001953
      vertex 0.6264141798019409 14.541954040527344 51.685752868652344
    endloop
  endfacet
  facet normal -0.2859264314174652 0.9048528075218201 -0.3154163360595703
    outer loop
      vertex 0.6264141798019409 14.541954040527344 51.685752868652344
      vertex -0.43412458896636963 13.978771209716797 51.03150177001953
      vertex -0.893715500831604 14.34914493560791 52.51063537597656
    endloop
  endfacet
  facet normal -0.34061089158058167 0.834786593914032 -0.43256863951683044
    outer loop
      vertex 0.6264141798019409 14.541954040527344 51.685752868652344
      vertex -0.893715500831604 14.34914493560791 52.51063537597656
      vertex 0.042428065091371536 15.024453163146973 53.07673645019531
    endloop
  endfacet
  facet normal -0.24471667408943176 0.9310271143913269 -0.2707439959049225
    outer loop
      vertex -0.43412458896636963 13.978771209716797 51.03150177001953
      vertex 0.7032762765884399 14.041891098022461 50.220497131347656
      vertex -0.1309882402420044 13.683736801147461 49.742950439453125
    endloop
  endfacet
  facet normal -0.17060446739196777 0.9263916611671448 -0.33569711446762085
    outer loop
      vertex 0.6264141798019409 14.541954040527344 51.685752868652344
      vertex 2.0653786659240723 14.776844024658203 51.6026611328125
      vertex 1.7731871604919434 14.29425048828125 50.41938781738281
    endloop
  endfacet
  facet normal -0.3079984784126282 0.9260461330413818 -0.21811847388744354
    outer loop
      vertex -0.6988160610198975 13.303422927856445 48.97194290161133
      vertex -0.19957631826400757 13.190980911254883 47.78959655761719
      vertex -1.096491813659668 12.910075187683105 47.863487243652344
    endloop
  endfacet
  facet normal -0.33813947439193726 0.9185742735862732 -0.20465341210365295
    outer loop
      vertex -0.6988160610198975 13.303422927856445 48.97194290161133
      vertex -1.096491813659668 12.910075187683105 47.863487243652344
      vertex -1.6651091575622559 12.98910903930664 49.1577262878418
    endloop
  endfacet
  facet normal -0.3636041283607483 0.9063804149627686 -0.21509653329849243
    outer loop
      vertex -1.096491813659668 12.910075187683105 47.863487243652344
      vertex -2.0534942150115967 12.533681869506836 47.89516830444336
      vertex -1.6651091575622559 12.98910903930664 49.1577262878418
    endloop
  endfacet
  facet normal -0.3987141251564026 0.8949615359306335 -0.20017708837985992
    outer loop
      vertex -1.6651091575622559 12.98910903930664 49.1577262878418
      vertex -2.0534942150115967 12.533681869506836 47.89516830444336
      vertex -2.6787052154541016 12.553386688232422 49.22856521606445
    endloop
  endfacet
  facet normal -0.41795918345451355 0.8840885162353516 -0.20904013514518738
    outer loop
      vertex -2.6787052154541016 12.553386688232422 49.22856521606445
      vertex -2.0534942150115967 12.533681869506836 47.89516830444336
      vertex -3.02480149269104 12.065834045410156 47.85856246948242
    endloop
  endfacet
  facet normal -0.4563538134098053 0.8684431314468384 -0.19377289712429047
    outer loop
      vertex -3.02480149269104 12.065834045410156 47.85856246948242
      vertex -3.6723928451538086 12.024538040161133 49.19862365722656
      vertex -2.6787052154541016 12.553386688232422 49.22856521606445
    endloop
  endfacet
  facet normal -0.45241841673851013 0.8628414273262024 -0.22543789446353912
    outer loop
      vertex -2.6787052154541016 12.553386688232422 49.22856521606445
      vertex -3.6723928451538086 12.024538040161133 49.19862365722656
      vertex -3.3251712322235107 12.54317569732666 50.486839294433594
    endloop
  endfacet
  facet normal -0.4958571493625641 0.8436192274093628 -0.20599062740802765
    outer loop
      vertex -3.3251712322235107 12.54317569732666 50.486839294433594
      vertex -3.6723928451538086 12.024538040161133 49.19862365722656
      vertex -4.311784267425537 11.949013710021973 50.42845153808594
    endloop
  endfacet
  facet normal -0.5077316164970398 0.8348450064659119 -0.21270304918289185
    outer loop
      vertex -4.311784267425537 11.949013710021973 50.42845153808594
      vertex -3.6723928451538086 12.024538040161133 49.19862365722656
      vertex -4.624734401702881 11.421911239624023 49.10663604736328
    endloop
  endfacet
  facet normal -0.512854278087616 0.8385451436042786 -0.18390874564647675
    outer loop
      vertex -4.624734401702881 11.421911239624023 49.10663604736328
      vertex -3.6723928451538086 12.024538040161133 49.19862365722656
      vertex -3.9781384468078613 11.520576477050781 47.753387451171875
    endloop
  endfacet
  facet normal -0.4696424603462219 0.8597973585128784 -0.20046114921569824
    outer loop
      vertex -3.9781384468078613 11.520576477050781 47.753387451171875
      vertex -3.6723928451538086 12.024538040161133 49.19862365722656
      vertex -3.02480149269104 12.065834045410156 47.85856246948242
    endloop
  endfacet
  facet normal -0.5230065584182739 0.8310397863388062 -0.18930679559707642
    outer loop
      vertex -4.624734401702881 11.421911239624023 49.10663604736328
      vertex -3.9781384468078613 11.520576477050781 47.753387451171875
      vertex -4.905475616455078 10.901806831359863 47.59904098510742
    endloop
  endfacet
  facet normal -0.5690294504165649 0.8042367696762085 -0.17148971557617188
    outer loop
      vertex -4.905475616455078 10.901806831359863 47.59904098510742
      vertex -5.5434088706970215 10.746138572692871 48.98576354980469
      vertex -4.624734401702881 11.421911239624023 49.10663604736328
    endloop
  endfacet
  facet normal -0.5639076232910156 0.8019043803215027 -0.19737720489501953
    outer loop
      vertex -4.624734401702881 11.421911239624023 49.10663604736328
      vertex -5.5434088706970215 10.746138572692871 48.98576354980469
      vertex -5.2340617179870605 11.298802375793457 50.347320556640625
    endloop
  endfacet
  facet normal -0.609955370426178 0.7728438973426819 -0.1751192808151245
    outer loop
      vertex -5.2340617179870605 11.298802375793457 50.347320556640625
      vertex -5.5434088706970215 10.746138572692871 48.98576354980469
      vertex -6.122931957244873 10.581223487854004 50.27648162841797
    endloop
  endfacet
  facet normal -0.619342565536499 0.7641022205352783 -0.18045097589492798
    outer loop
      vertex -6.122931957244873 10.581223487854004 50.27648162841797
      vertex -5.5434088706970215 10.746138572692871 48.98576354980469
      vertex -6.454322814941406 9.978189468383789 48.860389709472656
    endloop
  endfacet
  facet normal -0.6241812109947205 0.7657148241996765 -0.15517279505729675
    outer loop
      vertex -6.454322814941406 9.978189468383789 48.860389709472656
      vertex -5.5434088706970215 10.746138572692871 48.98576354980469
      vertex -5.8096513748168945 10.207884788513184 47.400657653808594
    endloop
  endfacet
  facet normal -0.5750306844711304 0.7992376089096069 -0.17481167614459991
    outer loop
      vertex -5.8096513748168945 10.207884788513184 47.400657653808594
      vertex -5.5434088706970215 10.746138572692871 48.98576354980469
      vertex -4.905475616455078 10.901806831359863 47.59904098510742
    endloop
  endfacet
  facet normal -0.6293490529060364 0.760845422744751 -0.1582213193178177
    outer loop
      vertex -6.454322814941406 9.978189468383789 48.860389709472656
      vertex -5.8096513748168945 10.207884788513184 47.400657653808594
      vertex -6.700675010681152 9.419770240783691 47.154998779296875
    endloop
  endfacet
  facet normal -0.6783772706985474 0.7215831279754639 -0.13828276097774506
    outer loop
      vertex -6.700675010681152 9.419770240783691 47.154998779296875
      vertex -7.440938949584961 9.034607887268066 48.77668762207031
      vertex -6.454322814941406 9.978189468383789 48.860389709472656
    endloop
  endfacet
  facet normal -0.6735075116157532 0.7193214893341064 -0.1701888144016266
    outer loop
      vertex -6.454322814941406 9.978189468383789 48.860389709472656
      vertex -7.440938949584961 9.034607887268066 48.77668762207031
      vertex -6.995019435882568 9.801126480102539 50.251773834228516
    endloop
  endfacet
  facet normal -0.6946403980255127 0.7024522423744202 -0.15503431856632233
    outer loop
      vertex -7.440938949584961 9.034607887268066 48.77668762207031
      vertex -7.789900302886963 9.056469917297363 50.43928527832031
      vertex -6.995019435882568 9.801126480102539 50.251773834228516
    endloop
  endfacet
  facet normal -0.6935765743255615 0.710673451423645 -0.11787604540586472
    outer loop
      vertex -7.789900302886963 9.056469917297363 50.43928527832031
      vertex -7.386920928955078 9.613056182861328 51.423828125
      vertex -6.995019435882568 9.801126480102539 50.251773834228516
    endloop
  endfacet
  facet normal -0.6844798922538757 0.7201722264289856 -0.11331018805503845
    outer loop
      vertex -6.995019435882568 9.801126480102539 50.251773834228516
      vertex -7.386920928955078 9.613056182861328 51.423828125
      vertex -6.595339775085449 10.368786811828613 51.445316314697266
    endloop
  endfacet
  facet normal -0.6902140974998474 0.7234209775924683 -0.016330787912011147
    outer loop
      vertex -7.386920928955078 9.613056182861328 51.423828125
      vertex -6.987890243530273 10.014138221740723 52.32608413696289
      vertex -6.595339775085449 10.368786811828613 51.445316314697266
    endloop
  endfacet
  facet normal -0.687881350517273 0.7256806492805481 -0.014381248503923416
    outer loop
      vertex -6.595339775085449 10.368786811828613 51.445316314697266
      vertex -6.987890243530273 10.014138221740723 52.32608413696289
      vertex -6.117966651916504 10.845945358276367 52.68920135498047
    endloop
  endfacet
  facet normal -0.7164084911346436 0.6787267327308655 0.16152067482471466
    outer loop
      vertex -6.987890243530273 10.014138221740723 52.32608413696289
      vertex -6.957971096038818 9.755389213562012 53.546077728271484
      vertex -6.117966651916504 10.845945358276367 52.68920135498047
    endloop
  endfacet
  facet normal -0.7399071455001831 0.6623440384864807 0.11763429641723633
    outer loop
      vertex -6.117966651916504 10.845945358276367 52.68920135498047
      vertex -6.957971096038818 9.755389213562012 53.546077728271484
      vertex -5.682929992675781 11.060002326965332 54.220279693603516
    endloop
  endfacet
  facet normal -0.7249463200569153 0.6798124313354492 0.11094115674495697
    outer loop
      vertex -5.682929992675781 11.060002326965332 54.220279693603516
      vertex -5.229167461395264 11.701530456542969 53.25431442260742
      vertex -6.117966651916504 10.845945358276367 52.68920135498047
    endloop
  endfacet
  facet normal -0.692529022693634 0.7213838696479797 -0.002983614569529891
    outer loop
      vertex -5.229167461395264 11.701530456542969 53.25431442260742
      vertex -5.35237455368042 11.579508781433105 52.3493766784668
      vertex -6.117966651916504 10.845945358276367 52.68920135498047
    endloop
  endfacet
  facet normal -0.7027578353881836 0.7095587253570557 -0.05155448243021965
    outer loop
      vertex -5.35237455368042 11.579508781433105 52.3493766784668
      vertex -5.752720355987549 11.119609832763672 51.4769172668457
      vertex -6.117966651916504 10.845945358276367 52.68920135498047
    endloop
  endfacet
  facet normal -0.664277195930481 0.7468202114105225 -0.031549226492643356
    outer loop
      vertex -5.752720355987549 11.119609832763672 51.4769172668457
      vertex -6.595339775085449 10.368786811828613 51.445316314697266
      vertex -6.117966651916504 10.845945358276367 52.68920135498047
    endloop
  endfacet
  facet normal -0.656846284866333 0.7426455616950989 -0.13050106167793274
    outer loop
      vertex -6.595339775085449 10.368786811828613 51.445316314697266
      vertex -5.752720355987549 11.119609832763672 51.4769172668457
      vertex -6.122931957244873 10.581223487854004 50.27648162841797
    endloop
  endfacet
  facet normal -0.6125444173812866 0.7744009494781494 -0.15840572118759155
    outer loop
      vertex -5.752720355987549 11.119609832763672 51.4769172668457
      vertex -5.2340617179870605 11.298802375793457 50.347320556640625
      vertex -6.122931957244873 10.581223487854004 50.27648162841797
    endloop
  endfacet
  facet normal -0.6126018762588501 0.7743485569953918 -0.15844042599201202
    outer loop
      vertex -5.2340617179870605 11.298802375793457 50.347320556640625
      vertex -5.752720355987549 11.119609832763672 51.4769172668457
      vertex -4.899787425994873 11.802851676940918 51.518314361572266
    endloop
  endfacet
  facet normal -0.616389811038971 0.7771614789962769 -0.12682154774665833
    outer loop
      vertex -5.752720355987549 11.119609832763672 51.4769172668457
      vertex -5.35237455368042 11.579508781433105 52.3493766784668
      vertex -4.899787425994873 11.802851676940918 51.518314361572266
    endloop
  endfacet
  facet normal -0.6009997725486755 0.7909719347953796 -0.11472884565591812
    outer loop
      vertex -4.899787425994873 11.802851676940918 51.518314361572266
      vertex -5.35237455368042 11.579508781433105 52.3493766784668
      vertex -4.591556549072266 12.200729370117188 52.64674377441406
    endloop
  endfacet
  facet normal -0.62777179479599 0.778154194355011 -0.0194551981985569
    outer loop
      vertex -5.35237455368042 11.579508781433105 52.3493766784668
      vertex -5.229167461395264 11.701530456542969 53.25431442260742
      vertex -4.591556549072266 12.200729370117188 52.64674377441406
    endloop
  endfacet
  facet normal -0.6405559778213501 0.7667487859725952 -0.042242489755153656
    outer loop
      vertex -4.591556549072266 12.200729370117188 52.64674377441406
      vertex -5.229167461395264 11.701530456542969 53.25431442260742
      vertex -4.228131294250488 12.591943740844727 54.23682403564453
    endloop
  endfacet
  facet normal -0.7209218144416809 0.6833748817443848 0.11519759148359299
    outer loop
      vertex -4.228131294250488 12.591943740844727 54.23682403564453
      vertex -5.229167461395264 11.701530456542969 53.25431442260742
      vertex -5.682929992675781 11.060002326965332 54.220279693603516
    endloop
  endfacet
  facet normal -0.5676733255386353 0.8200970888137817 -0.07202590256929398
    outer loop
      vertex -4.591556549072266 12.200729370117188 52.64674377441406
      vertex -4.228131294250488 12.591943740844727 54.23682403564453
      vertex -3.67910099029541 12.83846378326416 52.71654510498047
    endloop
  endfacet
  facet normal -0.5821771621704102 0.8092120885848999 -0.07902884483337402
    outer loop
      vertex -3.67910099029541 12.83846378326416 52.71654510498047
      vertex -4.228131294250488 12.591943740844727 54.23682403564453
      vertex -2.5381641387939453 13.707972526550293 53.2149658203125
    endloop
  endfacet
  facet normal -0.6433391571044922 0.7084260582923889 -0.29025375843048096
    outer loop
      vertex -4.228131294250488 12.591943740844727 54.23682403564453
      vertex -2.910982370376587 14.214456558227539 55.277488708496094
      vertex -2.5381641387939453 13.707972526550293 53.2149658203125
    endloop
  endfacet
  facet normal -0.5709041953086853 0.7674657702445984 -0.2916586399078369
    outer loop
      vertex -2.910982370376587 14.214456558227539 55.277488708496094
      vertex -1.2912955284118652 15.053474426269531 54.31482696533203
      vertex -2.5381641387939453 13.707972526550293 53.2149658203125
    endloop
  endfacet
  facet normal -0.534427285194397 0.819608211517334 -0.20646975934505463
    outer loop
      vertex -3.67910099029541 12.83846378326416 52.71654510498047
      vertex -2.5381641387939453 13.707972526550293 53.2149658203125
      vertex -2.9358296394348145 13.070026397705078 51.711875915527344
    endloop
  endfacet
  facet normal -0.4324961006641388 0.865444004535675 -0.2528909742832184
    outer loop
      vertex -2.9358296394348145 13.070026397705078 51.711875915527344
      vertex -2.5381641387939453 13.707972526550293 53.2149658203125
      vertex -1.7159709930419922 13.634845733642578 51.558589935302734
    endloop
  endfacet
  facet normal -0.43255674839019775 0.8713502883911133 -0.2316102683544159
    outer loop
      vertex -2.9358296394348145 13.070026397705078 51.711875915527344
      vertex -1.7159709930419922 13.634845733642578 51.558589935302734
      vertex -2.260038375854492 13.067523956298828 50.44034957885742
    endloop
  endfacet
  facet normal -0.37833449244499207 0.8866939544677734 -0.2657759189605713
    outer loop
      vertex -1.7159709930419922 13.634845733642578 51.558589935302734
      vertex -1.1585816144943237 13.466224670410156 50.202579498291016
      vertex -2.260038375854492 13.067523956298828 50.44034957885742
    endloop
  endfacet
  facet normal -0.37461528182029724 0.8985335826873779 -0.22869382798671722
    outer loop
      vertex -1.1585816144943237 13.466224670410156 50.202579498291016
      vertex -1.6651091575622559 12.98910903930664 49.1577262878418
      vertex -2.260038375854492 13.067523956298828 50.44034957885742
    endloop
  endfacet
  facet normal -0.397554486989975 0.88602215051651 -0.2385689616203308
    outer loop
      vertex -2.260038375854492 13.067523956298828 50.44034957885742
      vertex -1.6651091575622559 12.98910903930664 49.1577262878418
      vertex -2.6787052154541016 12.553386688232422 49.22856521606445
    endloop
  endfacet
  facet normal -0.43866780400276184 0.8717312216758728 -0.21830108761787415
    outer loop
      vertex -2.6787052154541016 12.553386688232422 49.22856521606445
      vertex -3.3251712322235107 12.54317569732666 50.486839294433594
      vertex -2.260038375854492 13.067523956298828 50.44034957885742
    endloop
  endfacet
  facet normal -0.437587171792984 0.8681195974349976 -0.23427750170230865
    outer loop
      vertex -3.3251712322235107 12.54317569732666 50.486839294433594
      vertex -2.9358296394348145 13.070026397705078 51.711875915527344
      vertex -2.260038375854492 13.067523956298828 50.44034957885742
    endloop
  endfacet
  facet normal -0.4940500855445862 0.8446213006973267 -0.20622654259204865
    outer loop
      vertex -3.3251712322235107 12.54317569732666 50.486839294433594
      vertex -3.9819111824035645 12.436591148376465 51.62364196777344
      vertex -2.9358296394348145 13.070026397705078 51.711875915527344
    endloop
  endfacet
  facet normal -0.4993245005607605 0.8488104939460754 -0.17376944422721863
    outer loop
      vertex -2.9358296394348145 13.070026397705078 51.711875915527344
      vertex -3.9819111824035645 12.436591148376465 51.62364196777344
      vertex -3.67910099029541 12.83846378326416 52.71654510498047
    endloop
  endfacet
  facet normal -0.5593200325965881 0.8161475658416748 -0.14513595402240753
    outer loop
      vertex -3.9819111824035645 12.436591148376465 51.62364196777344
      vertex -4.591556549072266 12.200729370117188 52.64674377441406
      vertex -3.67910099029541 12.83846378326416 52.71654510498047
    endloop
  endfacet
  facet normal -0.551770031452179 0.8222941160202026 -0.13922002911567688
    outer loop
      vertex -3.9819111824035645 12.436591148376465 51.62364196777344
      vertex -4.899787425994873 11.802851676940918 51.518314361572266
      vertex -4.591556549072266 12.200729370117188 52.64674377441406
    endloop
  endfacet
  facet normal -0.5441255569458008 0.8186283707618713 -0.18378017842769623
    outer loop
      vertex -4.899787425994873 11.802851676940918 51.518314361572266
      vertex -3.9819111824035645 12.436591148376465 51.62364196777344
      vertex -4.311784267425537 11.949013710021973 50.42845153808594
    endloop
  endfacet
  facet normal -0.4956618845462799 0.8434206247329712 -0.20727021992206573
    outer loop
      vertex -3.9819111824035645 12.436591148376465 51.62364196777344
      vertex -3.3251712322235107 12.54317569732666 50.486839294433594
      vertex -4.311784267425537 11.949013710021973 50.42845153808594
    endloop
  endfacet
  facet normal -0.5544100999832153 0.8101558685302734 -0.19046509265899658
    outer loop
      vertex -4.899787425994873 11.802851676940918 51.518314361572266
      vertex -4.311784267425537 11.949013710021973 50.42845153808594
      vertex -5.2340617179870605 11.298802375793457 50.347320556640625
    endloop
  endfacet
  facet normal -0.5541815161705017 0.8099979162216187 -0.1917973756790161
    outer loop
      vertex -4.311784267425537 11.949013710021973 50.42845153808594
      vertex -4.624734401702881 11.421911239624023 49.10663604736328
      vertex -5.2340617179870605 11.298802375793457 50.347320556640625
    endloop
  endfacet
  facet normal -0.3424365520477295 0.9062671661376953 -0.24782490730285645
    outer loop
      vertex -1.1585816144943237 13.466224670410156 50.202579498291016
      vertex -0.6988160610198975 13.303422927856445 48.97194290161133
      vertex -1.6651091575622559 12.98910903930664 49.1577262878418
    endloop
  endfacet
  facet normal -0.658825695514679 0.7406855225563049 -0.13165730237960815
    outer loop
      vertex -6.595339775085449 10.368786811828613 51.445316314697266
      vertex -6.122931957244873 10.581223487854004 50.27648162841797
      vertex -6.995019435882568 9.801126480102539 50.251773834228516
    endloop
  endfacet
  facet normal -0.6554902195930481 0.7378806471824646 -0.1608254760503769
    outer loop
      vertex -6.122931957244873 10.581223487854004 50.27648162841797
      vertex -6.454322814941406 9.978189468383789 48.860389709472656
      vertex -6.995019435882568 9.801126480102539 50.251773834228516
    endloop
  endfacet
  facet normal -0.717965841293335 0.677149772644043 0.16122440993785858
    outer loop
      vertex -6.957971096038818 9.755389213562012 53.546077728271484
      vertex -6.987890243530273 10.014138221740723 52.32608413696289
      vertex -7.680780410766602 9.268049240112305 52.374107360839844
    endloop
  endfacet
  facet normal -0.7319148778915405 0.681074321269989 0.020936202257871628
    outer loop
      vertex -7.680780410766602 9.268049240112305 52.374107360839844
      vertex -6.987890243530273 10.014138221740723 52.32608413696289
      vertex -7.386920928955078 9.613056182861328 51.423828125
    endloop
  endfacet
  facet normal -0.7122039198875427 0.7011334300041199 0.03431416675448418
    outer loop
      vertex -7.386920928955078 9.613056182861328 51.423828125
      vertex -8.047869682312012 8.93857479095459 51.48710250854492
      vertex -7.680780410766602 9.268049240112305 52.374107360839844
    endloop
  endfacet
  facet normal -0.7304084897041321 0.6812334060668945 0.04924002289772034
    outer loop
      vertex -7.680780410766602 9.268049240112305 52.374107360839844
      vertex -8.047869682312012 8.93857479095459 51.48710250854492
      vertex -8.268572807312012 8.65228271484375 52.174110412597656
    endloop
  endfacet
  facet normal -0.7681285738945007 0.6399853825569153 0.01993335224688053
    outer loop
      vertex -8.047869682312012 8.93857479095459 51.48710250854492
      vertex -8.570280075073242 8.310540199279785 51.51994323730469
      vertex -8.268572807312012 8.65228271484375 52.174110412597656
    endloop
  endfacet
  facet normal -0.7994697690010071 0.5980633497238159 0.056288618594408035
    outer loop
      vertex -8.268572807312012 8.65228271484375 52.174110412597656
      vertex -8.570280075073242 8.310540199279785 51.51994323730469
      vertex -8.635150909423828 8.157630920410156 52.22323226928711
    endloop
  endfacet
  facet normal -0.8361924886703491 0.5468435287475586 0.04176512733101845
    outer loop
      vertex -8.570280075073242 8.310540199279785 51.51994323730469
      vertex -9.038735389709473 7.583652973175049 51.65821075439453
      vertex -8.635150909423828 8.157630920410156 52.22323226928711
    endloop
  endfacet
  facet normal -0.8651484251022339 0.48583701252937317 0.12442135065793991
    outer loop
      vertex -8.635150909423828 8.157630920410156 52.22323226928711
      vertex -9.038735389709473 7.583652973175049 51.65821075439453
      vertex -8.873201370239258 7.663388252258301 52.49788284301758
    endloop
  endfacet
  facet normal -0.863064706325531 0.4897267818450928 0.12364118546247482
    outer loop
      vertex -8.873201370239258 7.663388252258301 52.49788284301758
      vertex -9.038735389709473 7.583652973175049 51.65821075439453
      vertex -9.285662651062012 7.0140275955200195 52.190773010253906
    endloop
  endfacet
  facet normal -0.8659820556640625 0.48590517044067383 0.1182008907198906
    outer loop
      vertex -9.038735389709473 7.583652973175049 51.65821075439453
      vertex -9.382901191711426 6.9879560470581055 51.58554458618164
      vertex -9.285662651062012 7.0140275955200195 52.190773010253906
    endloop
  endfacet
  facet normal -0.9247036576271057 0.3566226363182068 0.13320446014404297
    outer loop
      vertex -9.382901191711426 6.9879560470581055 51.58554458618164
      vertex -9.63782024383545 6.32720947265625 51.58488845825195
      vertex -9.285662651062012 7.0140275955200195 52.190773010253906
    endloop
  endfacet
  facet normal -0.9270157814025879 0.3444191515445709 0.14838188886642456
    outer loop
      vertex -9.285662651062012 7.0140275955200195 52.190773010253906
      vertex -9.63782024383545 6.32720947265625 51.58488845825195
      vertex -9.491677284240723 6.340302467346191 52.467525482177734
    endloop
  endfacet
  facet normal -0.9334023594856262 0.32610854506492615 0.14971095323562622
    outer loop
      vertex -9.491677284240723 6.340302467346191 52.467525482177734
      vertex -9.63782024383545 6.32720947265625 51.58488845825195
      vertex -9.782456398010254 5.657334327697754 52.14228439331055
    endloop
  endfacet
  facet normal -0.9496440291404724 0.29436761140823364 0.1073504164814949
    outer loop
      vertex -9.63782024383545 6.32720947265625 51.58488845825195
      vertex -9.996733665466309 5.2914958000183105 51.249916076660156
      vertex -9.782456398010254 5.657334327697754 52.14228439331055
    endloop
  endfacet
  facet normal -0.9667628407478333 0.20979809761047363 0.14613142609596252
    outer loop
      vertex -9.782456398010254 5.657334327697754 52.14228439331055
      vertex -9.996733665466309 5.2914958000183105 51.249916076660156
      vertex -10.002366065979004 4.651227951049805 52.131874084472656
    endloop
  endfacet
  facet normal -0.9637771248817444 0.21872004866600037 0.15262746810913086
    outer loop
      vertex -10.002366065979004 4.651227951049805 52.131874084472656
      vertex -9.996733665466309 5.2914958000183105 51.249916076660156
      vertex -10.322569847106934 4.130135536193848 50.856666564941406
    endloop
  endfacet
  facet normal -0.9657607674598694 0.25525662302970886 0.046369824558496475
    outer loop
      vertex -9.996733665466309 5.2914958000183105 51.249916076660156
      vertex -10.134435653686523 4.979416847229004 50.09988021850586
      vertex -10.322569847106934 4.130135536193848 50.856666564941406
    endloop
  endfacet
  facet normal -0.9618156552314758 0.2669372260570526 0.06045880913734436
    outer loop
      vertex -10.322569847106934 4.130135536193848 50.856666564941406
      vertex -10.134435653686523 4.979416847229004 50.09988021850586
      vertex -10.363322257995605 4.243276596069336 49.70881271362305
    endloop
  endfacet
  facet normal -0.9504959583282471 0.30960613489151 -0.02648586593568325
    outer loop
      vertex -10.134435653686523 4.979416847229004 50.09988021850586
      vertex -10.183931350708008 4.7211127281188965 48.856685638427734
      vertex -10.363322257995605 4.243276596069336 49.70881271362305
    endloop
  endfacet
  facet normal -0.9557002186775208 0.291945219039917 -0.03748496621847153
    outer loop
      vertex -10.363322257995605 4.243276596069336 49.70881271362305
      vertex -10.183931350708008 4.7211127281188965 48.856685638427734
      vertex -10.421894073486328 3.916337728500366 48.655826568603516
    endloop
  endfacet
  facet normal -0.9549241065979004 0.2934846878051758 -0.04457234963774681
    outer loop
      vertex -10.421894073486328 3.916337728500366 48.655826568603516
      vertex -10.183931350708008 4.7211127281188965 48.856685638427734
      vertex -10.204215049743652 4.439711093902588 47.43836975097656
    endloop
  endfacet
  facet normal -0.9293925166130066 0.3643474578857422 -0.058997057378292084
    outer loop
      vertex -10.183931350708008 4.7211127281188965 48.856685638427734
      vertex -9.903597831726074 5.25277853012085 47.72393798828125
      vertex -10.204215049743652 4.439711093902588 47.43836975097656
    endloop
  endfacet
  facet normal -0.9295365214347839 0.3639431297779083 -0.05922247841954231
    outer loop
      vertex -9.903597831726074 5.25277853012085 47.72393798828125
      vertex -10.183931350708008 4.7211127281188965 48.856685638427734
      vertex -9.877099990844727 5.555098056793213 49.165897369384766
    endloop
  endfacet
  facet normal -0.9333264827728271 0.3571130931377411 -0.03704017028212547
    outer loop
      vertex -9.877099990844727 5.555098056793213 49.165897369384766
      vertex -10.183931350708008 4.7211127281188965 48.856685638427734
      vertex -10.134435653686523 4.979416847229004 50.09988021850586
    endloop
  endfacet
  facet normal -0.9359905123710632 0.3494506776332855 -0.042497050017118454
    outer loop
      vertex -10.134435653686523 4.979416847229004 50.09988021850586
      vertex -9.796643257141113 5.925332069396973 50.438262939453125
      vertex -9.877099990844727 5.555098056793213 49.165897369384766
    endloop
  endfacet
  facet normal -0.9066798090934753 0.41693779826164246 -0.06398795545101166
    outer loop
      vertex -9.796643257141113 5.925332069396973 50.438262939453125
      vertex -9.500601768493652 6.421998977661133 49.479713439941406
      vertex -9.877099990844727 5.555098056793213 49.165897369384766
    endloop
  endfacet
  facet normal -0.903325617313385 0.4213770627975464 -0.08027546107769012
    outer loop
      vertex -9.877099990844727 5.555098056793213 49.165897369384766
      vertex -9.500601768493652 6.421998977661133 49.479713439941406
      vertex -9.541805267333984 6.064252853393555 48.06550979614258
    endloop
  endfacet
  facet normal -0.8640451431274414 0.49345260858535767 -0.09965261816978455
    outer loop
      vertex -9.500601768493652 6.421998977661133 49.479713439941406
      vertex -9.13987922668457 6.8432512283325195 48.43796920776367
      vertex -9.541805267333984 6.064252853393555 48.06550979614258
    endloop
  endfacet
  facet normal -0.8693975210189819 0.48263588547706604 -0.10587993264198303
    outer loop
      vertex -9.13987922668457 6.8432512283325195 48.43796920776367
      vertex -9.500601768493652 6.421998977661133 49.479713439941406
      vertex -9.08218765258789 7.222441673278809 49.69272994995117
    endloop
  endfacet
  facet normal -0.8717483878135681 0.48078903555870056 -0.09432240575551987
    outer loop
      vertex -9.08218765258789 7.222441673278809 49.69272994995117
      vertex -9.500601768493652 6.421998977661133 49.479713439941406
      vertex -9.366388320922852 6.916738510131836 50.76111602783203
    endloop
  endfacet
  facet normal -0.9074565768241882 0.4150555431842804 -0.06520316004753113
    outer loop
      vertex -9.500601768493652 6.421998977661133 49.479713439941406
      vertex -9.796643257141113 5.925332069396973 50.438262939453125
      vertex -9.366388320922852 6.916738510131836 50.76111602783203
    endloop
  endfacet
  facet normal -0.9155682325363159 0.4019171893596649 -0.014048293232917786
    outer loop
      vertex -9.366388320922852 6.916738510131836 50.76111602783203
      vertex -9.796643257141113 5.925332069396973 50.438262939453125
      vertex -9.63782024383545 6.32720947265625 51.58488845825195
    endloop
  endfacet
  facet normal -0.9465247988700867 0.3221171200275421 0.01820850558578968
    outer loop
      vertex -9.796643257141113 5.925332069396973 50.438262939453125
      vertex -9.996733665466309 5.2914958000183105 51.249916076660156
      vertex -9.63782024383545 6.32720947265625 51.58488845825195
    endloop
  endfacet
  facet normal -0.9441588521003723 0.3286248445510864 0.023873746395111084
    outer loop
      vertex -9.996733665466309 5.2914958000183105 51.249916076660156
      vertex -9.796643257141113 5.925332069396973 50.438262939453125
      vertex -10.134435653686523 4.979416847229004 50.09988021850586
    endloop
  endfacet
  facet normal -0.9318028092384338 0.35954317450523376 -0.04972232133150101
    outer loop
      vertex -9.366388320922852 6.916738510131836 50.76111602783203
      vertex -9.63782024383545 6.32720947265625 51.58488845825195
      vertex -9.382901191711426 6.9879560470581055 51.58554458618164
    endloop
  endfacet
  facet normal -0.8610355257987976 0.5048900842666626 -0.06086058169603348
    outer loop
      vertex -9.366388320922852 6.916738510131836 50.76111602783203
      vertex -9.382901191711426 6.9879560470581055 51.58554458618164
      vertex -9.038735389709473 7.583652973175049 51.65821075439453
    endloop
  endfacet
  facet normal -0.8585861921310425 0.5085944533348083 -0.0645090863108635
    outer loop
      vertex -9.038735389709473 7.583652973175049 51.65821075439453
      vertex -8.821754455566406 7.814005374908447 50.58641052246094
      vertex -9.366388320922852 6.916738510131836 50.76111602783203
    endloop
  endfacet
  facet normal -0.8589942455291748 0.505049467086792 -0.08398790657520294
    outer loop
      vertex -9.366388320922852 6.916738510131836 50.76111602783203
      vertex -8.821754455566406 7.814005374908447 50.58641052246094
      vertex -9.08218765258789 7.222441673278809 49.69272994995117
    endloop
  endfacet
  facet normal -0.8354799747467041 0.5378684997558594 -0.1125645786523819
    outer loop
      vertex -8.821754455566406 7.814005374908447 50.58641052246094
      vertex -8.762969970703125 7.728505611419678 49.741554260253906
      vertex -9.08218765258789 7.222441673278809 49.69272994995117
    endloop
  endfacet
  facet normal -0.8316404819488525 0.53789883852005 -0.1379821002483368
    outer loop
      vertex -9.08218765258789 7.222441673278809 49.69272994995117
      vertex -8.762969970703125 7.728505611419678 49.741554260253906
      vertex -8.717435836791992 7.568069934844971 48.84168243408203
    endloop
  endfacet
  facet normal -0.7782777547836304 0.6101879477500916 -0.1481701284646988
    outer loop
      vertex -8.762969970703125 7.728505611419678 49.741554260253906
      vertex -8.31997013092041 8.269539833068848 49.64271926879883
      vertex -8.717435836791992 7.568069934844971 48.84168243408203
    endloop
  endfacet
  facet normal -0.782737135887146 0.6058905720710754 -0.1421942412853241
    outer loop
      vertex -8.31997013092041 8.269539833068848 49.64271926879883
      vertex -8.165135383605957 8.079180717468262 47.979278564453125
      vertex -8.717435836791992 7.568069934844971 48.84168243408203
    endloop
  endfacet
  facet normal -0.7267899513244629 0.6714893579483032 -0.14449353516101837
    outer loop
      vertex -8.31997013092041 8.269539833068848 49.64271926879883
      vertex -7.440938949584961 9.034607887268066 48.77668762207031
      vertex -8.165135383605957 8.079180717468262 47.979278564453125
    endloop
  endfacet
  facet normal -0.739234983921051 0.6622766852378845 -0.12215293198823929
    outer loop
      vertex -8.165135383605957 8.079180717468262 47.979278564453125
      vertex -7.440938949584961 9.034607887268066 48.77668762207031
      vertex -7.520883560180664 8.572672843933105 46.75601577758789
    endloop
  endfacet
  facet normal -0.678212583065033 0.7217603921890259 -0.1381654292345047
    outer loop
      vertex -7.440938949584961 9.034607887268066 48.77668762207031
      vertex -6.700675010681152 9.419770240783691 47.154998779296875
      vertex -7.520883560180664 8.572672843933105 46.75601577758789
    endloop
  endfacet
  facet normal -0.7341120839118958 0.6592356562614441 -0.1627507358789444
    outer loop
      vertex -7.440938949584961 9.034607887268066 48.77668762207031
      vertex -8.31997013092041 8.269539833068848 49.64271926879883
      vertex -7.789900302886963 9.056469917297363 50.43928527832031
    endloop
  endfacet
  facet normal -0.7398176789283752 0.6548088788986206 -0.1545807123184204
    outer loop
      vertex -7.789900302886963 9.056469917297363 50.43928527832031
      vertex -8.31997013092041 8.269539833068848 49.64271926879883
      vertex -8.34688663482666 8.507024765014648 50.77753448486328
    endloop
  endfacet
  facet normal -0.7979865670204163 0.5858229994773865 -0.1415235996246338
    outer loop
      vertex -8.34688663482666 8.507024765014648 50.77753448486328
      vertex -8.31997013092041 8.269539833068848 49.64271926879883
      vertex -8.821754455566406 7.814005374908447 50.58641052246094
    endloop
  endfacet
  facet normal -0.7787796258926392 0.6163725256919861 -0.11656404286623001
    outer loop
      vertex -8.31997013092041 8.269539833068848 49.64271926879883
      vertex -8.762969970703125 7.728505611419678 49.741554260253906
      vertex -8.821754455566406 7.814005374908447 50.58641052246094
    endloop
  endfacet
  facet normal -0.8097785711288452 0.5797565579414368 -0.09022793918848038
    outer loop
      vertex -8.821754455566406 7.814005374908447 50.58641052246094
      vertex -8.570280075073242 8.310540199279785 51.51994323730469
      vertex -8.34688663482666 8.507024765014648 50.77753448486328
    endloop
  endfacet
  facet normal -0.7688848376274109 0.6362797021865845 -0.0629635602235794
    outer loop
      vertex -8.34688663482666 8.507024765014648 50.77753448486328
      vertex -8.570280075073242 8.310540199279785 51.51994323730469
      vertex -8.047869682312012 8.93857479095459 51.48710250854492
    endloop
  endfacet
  facet normal -0.7296679019927979 0.6759093403816223 -0.10359206795692444
    outer loop
      vertex -8.34688663482666 8.507024765014648 50.77753448486328
      vertex -8.047869682312012 8.93857479095459 51.48710250854492
      vertex -7.789900302886963 9.056469917297363 50.43928527832031
    endloop
  endfacet
  facet normal -0.7153711318969727 0.6917979121208191 -0.09828456491231918
    outer loop
      vertex -7.789900302886963 9.056469917297363 50.43928527832031
      vertex -8.047869682312012 8.93857479095459 51.48710250854492
      vertex -7.386920928955078 9.613056182861328 51.423828125
    endloop
  endfacet
  facet normal -0.8440700173377991 0.533272922039032 -0.056266460567712784
    outer loop
      vertex -8.570280075073242 8.310540199279785 51.51994323730469
      vertex -8.821754455566406 7.814005374908447 50.58641052246094
      vertex -9.038735389709473 7.583652973175049 51.65821075439453
    endloop
  endfacet
  facet normal -0.8238399028778076 0.5519654750823975 -0.1289260983467102
    outer loop
      vertex -9.08218765258789 7.222441673278809 49.69272994995117
      vertex -8.717435836791992 7.568069934844971 48.84168243408203
      vertex -9.13987922668457 6.8432512283325195 48.43796920776367
    endloop
  endfacet
  facet normal -0.8988673686981201 0.431921124458313 -0.07403822988271713
    outer loop
      vertex -9.877099990844727 5.555098056793213 49.165897369384766
      vertex -9.541805267333984 6.064252853393555 48.06550979614258
      vertex -9.903597831726074 5.25277853012085 47.72393798828125
    endloop
  endfacet
  facet normal -0.9591321349143982 0.27815544605255127 -0.05191460996866226
    outer loop
      vertex -10.421894073486328 3.916337728500366 48.655826568603516
      vertex -10.204215049743652 4.439711093902588 47.43836975097656
      vertex -10.433577537536621 3.6099817752838135 47.23024368286133
    endloop
  endfacet
  facet normal -0.9768882989883423 0.21048374474048615 -0.037226539105176926
    outer loop
      vertex -10.433577537536621 3.6099817752838135 47.23024368286133
      vertex -10.602401733398438 3.0619754791259766 48.561981201171875
      vertex -10.421894073486328 3.916337728500366 48.655826568603516
    endloop
  endfacet
  facet normal -0.9775954484939575 0.20915080606937408 -0.023731429129838943
    outer loop
      vertex -10.421894073486328 3.916337728500366 48.655826568603516
      vertex -10.602401733398438 3.0619754791259766 48.561981201171875
      vertex -10.539518356323242 3.493741512298584 49.77681350708008
    endloop
  endfacet
  facet normal -0.9871459603309631 0.15972110629081726 -0.0056691523641347885
    outer loop
      vertex -10.602401733398438 3.0619754791259766 48.561981201171875
      vertex -10.690431594848633 2.5612382888793945 49.78262710571289
      vertex -10.539518356323242 3.493741512298584 49.77681350708008
    endloop
  endfacet
  facet normal -0.9859052896499634 0.15986326336860657 0.04934033006429672
    outer loop
      vertex -10.690431594848633 2.5612382888793945 49.78262710571289
      vertex -10.55785083770752 3.0876152515411377 50.72635269165039
      vertex -10.539518356323242 3.493741512298584 49.77681350708008
    endloop
  endfacet
  facet normal -0.9748538136482239 0.211077481508255 0.07145846635103226
    outer loop
      vertex -10.539518356323242 3.493741512298584 49.77681350708008
      vertex -10.55785083770752 3.0876152515411377 50.72635269165039
      vertex -10.322569847106934 4.130135536193848 50.856666564941406
    endloop
  endfacet
  facet normal -0.9633819460868835 0.194327250123024 0.18474885821342468
    outer loop
      vertex -10.55785083770752 3.0876152515411377 50.72635269165039
      vertex -10.309349060058594 3.135612964630127 51.9716911315918
      vertex -10.322569847106934 4.130135536193848 50.856666564941406
    endloop
  endfacet
  facet normal -0.9690986275672913 0.1782686710357666 0.17049351334571838
    outer loop
      vertex -10.322569847106934 4.130135536193848 50.856666564941406
      vertex -10.309349060058594 3.135612964630127 51.9716911315918
      vertex -10.002366065979004 4.651227951049805 52.131874084472656
    endloop
  endfacet
  facet normal -0.9446418285369873 0.16112691164016724 0.28581464290618896
    outer loop
      vertex -10.002366065979004 4.651227951049805 52.131874084472656
      vertex -10.309349060058594 3.135612964630127 51.9716911315918
      vertex -9.767646789550781 4.037656307220459 53.2535400390625
    endloop
  endfacet
  facet normal -0.9421201348304749 0.12197363376617432 0.3123013377189636
    outer loop
      vertex -10.309349060058594 3.135612964630127 51.9716911315918
      vertex -9.936957359313965 2.241119861602783 53.44444274902344
      vertex -9.767646789550781 4.037656307220459 53.2535400390625
    endloop
  endfacet
  facet normal -0.9344823956489563 0.14574649930000305 0.32480883598327637
    outer loop
      vertex -9.936957359313965 2.241119861602783 53.44444274902344
      vertex -10.309349060058594 3.135612964630127 51.9716911315918
      vertex -10.491656303405762 1.6348199844360352 52.1206169128418
    endloop
  endfacet
  facet normal -0.9712285399436951 0.13728882372379303 0.19459432363510132
    outer loop
      vertex -10.309349060058594 3.135612964630127 51.9716911315918
      vertex -10.652159690856934 2.1260547637939453 50.972965240478516
      vertex -10.491656303405762 1.6348199844360352 52.1206169128418
    endloop
  endfacet
  facet normal -0.9838867783546448 0.06638035923242569 0.16601336002349854
    outer loop
      vertex -10.652159690856934 2.1260547637939453 50.972965240478516
      vertex -10.71657943725586 0.839310348033905 51.105682373046875
      vertex -10.491656303405762 1.6348199844360352 52.1206169128418
    endloop
  endfacet
  facet normal -0.985115110874176 0.10207874327898026 0.13830503821372986
    outer loop
      vertex -10.491656303405762 1.6348199844360352 52.1206169128418
      vertex -10.71657943725586 0.839310348033905 51.105682373046875
      vertex -10.588777542114258 0.7643086314201355 52.07134246826172
    endloop
  endfacet
  facet normal -0.9898702502250671 -0.06560080498456955 0.12591087818145752
    outer loop
      vertex -10.588777542114258 0.7643086314201355 52.07134246826172
      vertex -10.71657943725586 0.839310348033905 51.105682373046875
      vertex -10.54141616821289 -0.1024065762758255 51.99211502075195
    endloop
  endfacet
  facet normal -0.9885699152946472 -0.04999580979347229 0.14223216474056244
    outer loop
      vertex -10.71657943725586 0.839310348033905 51.105682373046875
      vertex -10.707817077636719 -0.42777958512306213 50.72119140625
      vertex -10.54141616821289 -0.1024065762758255 51.99211502075195
    endloop
  endfacet
  facet normal -0.981900691986084 -0.1073424369096756 0.15604045987129211
    outer loop
      vertex -10.54141616821289 -0.1024065762758255 51.99211502075195
      vertex -10.707817077636719 -0.42777958512306213 50.72119140625
      vertex -10.432284355163574 -1.5885183811187744 51.65652084350586
    endloop
  endfacet
  facet normal -0.9832716584205627 -0.13393248617649078 0.12344620376825333
    outer loop
      vertex -10.707817077636719 -0.42777958512306213 50.72119140625
      vertex -10.638012886047363 -1.4545989036560059 50.163150787353516
      vertex -10.432284355163574 -1.5885183811187744 51.65652084350586
    endloop
  endfacet
  facet normal -0.9823232889175415 -0.1414193958044052 0.12264417111873627
    outer loop
      vertex -10.638012886047363 -1.4545989036560059 50.163150787353516
      vertex -10.43436050415039 -2.5336906909942627 50.550025939941406
      vertex -10.432284355163574 -1.5885183811187744 51.65652084350586
    endloop
  endfacet
  facet normal -0.9817200303077698 -0.14380620419979095 0.12468185275793076
    outer loop
      vertex -10.432284355163574 -1.5885183811187744 51.65652084350586
      vertex -10.43436050415039 -2.5336906909942627 50.550025939941406
      vertex -10.213281631469727 -3.0542449951171875 51.69035720825195
    endloop
  endfacet
  facet normal -0.9736866354942322 -0.2076002061367035 0.09400284290313721
    outer loop
      vertex -10.43436050415039 -2.5336906909942627 50.550025939941406
      vertex -10.167806625366211 -3.694793701171875 50.74677276611328
      vertex -10.213281631469727 -3.0542449951171875 51.69035720825195
    endloop
  endfacet
  facet normal -0.9855421185493469 -0.1584312915802002 0.060053370893001556
    outer loop
      vertex -10.213281631469727 -3.0542449951171875 51.69035720825195
      vertex -10.167806625366211 -3.694793701171875 50.74677276611328
      vertex -10.099319458007812 -3.7886579036712646 51.62309265136719
    endloop
  endfacet
  facet normal -0.9516739249229431 -0.30425411462783813 0.04178712144494057
    outer loop
      vertex -10.099319458007812 -3.7886579036712646 51.62309265136719
      vertex -10.167806625366211 -3.694793701171875 50.74677276611328
      vertex -9.94742488861084 -4.285750389099121 51.463035583496094
    endloop
  endfacet
  facet normal -0.9414786696434021 -0.3368681073188782 0.01174184400588274
    outer loop
      vertex -9.94742488861084 -4.285750389099121 51.463035583496094
      vertex -10.167806625366211 -3.694793701171875 50.74677276611328
      vertex -9.806230545043945 -4.709789276123047 50.61872863769531
    endloop
  endfacet
  facet normal -0.9428099989891052 -0.3295247554779053 -0.050227850675582886
    outer loop
      vertex -10.167806625366211 -3.694793701171875 50.74677276611328
      vertex -9.940120697021484 -4.1448445320129395 49.425559997558594
      vertex -9.806230545043945 -4.709789276123047 50.61872863769531
    endloop
  endfacet
  facet normal -0.9226149320602417 -0.378248393535614 -0.07556383311748505
    outer loop
      vertex -9.806230545043945 -4.709789276123047 50.61872863769531
      vertex -9.940120697021484 -4.1448445320129395 49.425559997558594
      vertex -9.52897834777832 -5.141453742980957 49.394325256347656
    endloop
  endfacet
  facet normal -0.9181661605834961 -0.37475162744522095 -0.1285771131515503
    outer loop
      vertex -9.940120697021484 -4.1448445320129395 49.425559997558594
      vertex -9.595298767089844 -4.4906158447265625 47.97098159790039
      vertex -9.52897834777832 -5.141453742980957 49.394325256347656
    endloop
  endfacet
  facet normal -0.9006683826446533 -0.40949952602386475 -0.14528121054172516
    outer loop
      vertex -9.595298767089844 -4.4906158447265625 47.97098159790039
      vertex -9.14877986907959 -5.461916923522949 47.94057083129883
      vertex -9.52897834777832 -5.141453742980957 49.394325256347656
    endloop
  endfacet
  facet normal -0.8919292092323303 -0.4304835796356201 -0.13836999237537384
    outer loop
      vertex -9.52897834777832 -5.141453742980957 49.394325256347656
      vertex -9.14877986907959 -5.461916923522949 47.94057083129883
      vertex -9.052228927612305 -6.116769790649414 49.35552215576172
    endloop
  endfacet
  facet normal -0.8758066296577454 -0.4580305218696594 -0.15221913158893585
    outer loop
      vertex -9.14877986907959 -5.461916923522949 47.94057083129883
      vertex -8.647978782653809 -6.411357879638672 47.916053771972656
      vertex -9.052228927612305 -6.116769790649414 49.35552215576172
    endloop
  endfacet
  facet normal -0.8701924681663513 -0.4698905944824219 -0.14821530878543854
    outer loop
      vertex -8.647978782653809 -6.411357879638672 47.916053771972656
      vertex -8.544710159301758 -7.042741298675537 49.311439514160156
      vertex -9.052228927612305 -6.116769790649414 49.35552215576172
    endloop
  endfacet
  facet normal -0.87623530626297 -0.4770013391971588 -0.06842128187417984
    outer loop
      vertex -9.052228927612305 -6.116769790649414 49.35552215576172
      vertex -8.544710159301758 -7.042741298675537 49.311439514160156
      vertex -8.823455810546875 -6.7038397789001465 50.518524169921875
    endloop
  endfacet
  facet normal -0.8781086206436157 -0.4733300805091858 -0.06988464295864105
    outer loop
      vertex -8.544710159301758 -7.042741298675537 49.311439514160156
      vertex -8.372207641601562 -7.513340950012207 50.33130645751953
      vertex -8.823455810546875 -6.7038397789001465 50.518524169921875
    endloop
  endfacet
  facet normal -0.8629379272460938 -0.4991816282272339 0.07845914363861084
    outer loop
      vertex -8.372207641601562 -7.513340950012207 50.33130645751953
      vertex -8.363179206848145 -7.362415313720703 51.39084243774414
      vertex -8.823455810546875 -6.7038397789001465 50.518524169921875
    endloop
  endfacet
  facet normal -0.8795040845870972 -0.4616547226905823 0.11553198844194412
    outer loop
      vertex -8.823455810546875 -6.7038397789001465 50.518524169921875
      vertex -8.363179206848145 -7.362415313720703 51.39084243774414
      vertex -8.91454792022705 -6.232326507568359 51.70919418334961
    endloop
  endfacet
  facet normal -0.8233751654624939 -0.4848172962665558 0.29496708512306213
    outer loop
      vertex -8.91454792022705 -6.232326507568359 51.70919418334961
      vertex -8.363179206848145 -7.362415313720703 51.39084243774414
      vertex -8.050737380981445 -7.01876974105835 52.827823638916016
    endloop
  endfacet
  facet normal -0.8409386277198792 -0.45569920539855957 0.2918224632740021
    outer loop
      vertex -8.050737380981445 -7.01876974105835 52.827823638916016
      vertex -8.363179206848145 -7.362415313720703 51.39084243774414
      vertex -7.776754379272461 -8.126547813415527 51.887489318847656
    endloop
  endfacet
  facet normal -0.8266715407371521 -0.5459866523742676 0.13606147468090057
    outer loop
      vertex -7.776754379272461 -8.126547813415527 51.887489318847656
      vertex -8.363179206848145 -7.362415313720703 51.39084243774414
      vertex -7.845409870147705 -8.31363296508789 50.71962356567383
    endloop
  endfacet
  facet normal -0.8501808643341064 -0.5201696753501892 0.08134007453918457
    outer loop
      vertex -7.845409870147705 -8.31363296508789 50.71962356567383
      vertex -8.363179206848145 -7.362415313720703 51.39084243774414
      vertex -8.372207641601562 -7.513340950012207 50.33130645751953
    endloop
  endfacet
  facet normal -0.8173922300338745 -0.5718544721603394 -0.06965994089841843
    outer loop
      vertex -8.372207641601562 -7.513340950012207 50.33130645751953
      vertex -8.004276275634766 -7.923335075378418 49.379722595214844
      vertex -7.845409870147705 -8.31363296508789 50.71962356567383
    endloop
  endfacet
  facet normal -0.8233867287635803 -0.5635666251182556 -0.06653504073619843
    outer loop
      vertex -7.845409870147705 -8.31363296508789 50.71962356567383
      vertex -8.004276275634766 -7.923335075378418 49.379722595214844
      vertex -7.419427871704102 -8.796591758728027 49.53876495361328
    endloop
  endfacet
  facet normal -0.8055818676948547 -0.5693703889846802 -0.1638759970664978
    outer loop
      vertex -8.004276275634766 -7.923335075378418 49.379722595214844
      vertex -7.479276180267334 -8.276053428649902 48.024410247802734
      vertex -7.419427871704102 -8.796591758728027 49.53876495361328
    endloop
  endfacet
  facet normal -0.7765834331512451 -0.6046010255813599 -0.17713208496570587
    outer loop
      vertex -7.419427871704102 -8.796591758728027 49.53876495361328
      vertex -7.479276180267334 -8.276053428649902 48.024410247802734
      vertex -6.716154098510742 -9.33309555053711 48.286705017089844
    endloop
  endfacet
  facet normal -0.7723164558410645 -0.605349063873291 -0.1925610899925232
    outer loop
      vertex -7.479276180267334 -8.276053428649902 48.024410247802734
      vertex -6.892199516296387 -8.485418319702148 46.32796096801758
      vertex -6.716154098510742 -9.33309555053711 48.286705017089844
    endloop
  endfacet
  facet normal -0.757361650466919 -0.6213464736938477 -0.20082828402519226
    outer loop
      vertex -6.716154098510742 -9.33309555053711 48.286705017089844
      vertex -6.892199516296387 -8.485418319702148 46.32796096801758
      vertex -6.115790367126465 -9.41231918334961 46.267730712890625
    endloop
  endfacet
  facet normal -0.7361884117126465 -0.6485351324081421 -0.19346532225608826
    outer loop
      vertex -6.115790367126465 -9.41231918334961 46.267730712890625
      vertex -5.781398773193359 -10.275680541992188 47.889442443847656
      vertex -6.716154098510742 -9.33309555053711 48.286705017089844
    endloop
  endfacet
  facet normal -0.7349830865859985 -0.6551011800765991 -0.1750497668981552
    outer loop
      vertex -5.781398773193359 -10.275680541992188 47.889442443847656
      vertex -6.206817626953125 -10.271360397338867 49.65948486328125
      vertex -6.716154098510742 -9.33309555053711 48.286705017089844
    endloop
  endfacet
  facet normal -0.7379838228225708 -0.6524903774261475 -0.17215190827846527
    outer loop
      vertex -6.716154098510742 -9.33309555053711 48.286705017089844
      vertex -6.206817626953125 -10.271360397338867 49.65948486328125
      vertex -6.914843559265137 -9.522085189819336 49.854759216308594
    endloop
  endfacet
  facet normal -0.733292281627655 -0.6772482395172119 -0.06014441326260567
    outer loop
      vertex -6.914843559265137 -9.522085189819336 49.854759216308594
      vertex -6.206817626953125 -10.271360397338867 49.65948486328125
      vertex -6.715444564819336 -9.83126449584961 50.905120849609375
    endloop
  endfacet
  facet normal -0.7579941153526306 -0.6472330689430237 -0.08083545416593552
    outer loop
      vertex -6.206817626953125 -10.271360397338867 49.65948486328125
      vertex -6.094192981719971 -10.545469284057617 50.79813766479492
      vertex -6.715444564819336 -9.83126449584961 50.905120849609375
    endloop
  endfacet
  facet normal -0.7416199445724487 -0.6616536378860474 0.11051841825246811
    outer loop
      vertex -6.094192981719971 -10.545469284057617 50.79813766479492
      vertex -6.141255855560303 -10.352611541748047 51.636932373046875
      vertex -6.715444564819336 -9.83126449584961 50.905120849609375
    endloop
  endfacet
  facet normal -0.7602051496505737 -0.6332123279571533 0.14536240696907043
    outer loop
      vertex -6.715444564819336 -9.83126449584961 50.905120849609375
      vertex -6.141255855560303 -10.352611541748047 51.636932373046875
      vertex -6.694395065307617 -9.623800277709961 51.91893768310547
    endloop
  endfacet
  facet normal -0.6732717156410217 -0.6484529972076416 0.3552659749984741
    outer loop
      vertex -6.694395065307617 -9.623800277709961 51.91893768310547
      vertex -6.141255855560303 -10.352611541748047 51.636932373046875
      vertex -6.01340389251709 -9.971595764160156 52.57468032836914
    endloop
  endfacet
  facet normal -0.6667999625205994 -0.6542950868606567 0.35675734281539917
    outer loop
      vertex -6.141255855560303 -10.352611541748047 51.636932373046875
      vertex -5.490883827209473 -10.757841110229492 52.10932159423828
      vertex -6.01340389251709 -9.971595764160156 52.57468032836914
    endloop
  endfacet
  facet normal -0.5461479425430298 -0.6646971106529236 0.5098040103912354
    outer loop
      vertex -6.01340389251709 -9.971595764160156 52.57468032836914
      vertex -5.490883827209473 -10.757841110229492 52.10932159423828
      vertex -4.553572654724121 -10.859956741333008 52.98031234741211
    endloop
  endfacet
  facet normal -0.5181803703308105 -0.7117840051651001 0.47418642044067383
    outer loop
      vertex -5.490883827209473 -10.757841110229492 52.10932159423828
      vertex -4.9727559089660645 -11.264713287353516 51.9146728515625
      vertex -4.553572654724121 -10.859956741333008 52.98031234741211
    endloop
  endfacet
  facet normal -0.4753771424293518 -0.7439837455749512 0.46957945823669434
    outer loop
      vertex -4.553572654724121 -10.859956741333008 52.98031234741211
      vertex -4.9727559089660645 -11.264713287353516 51.9146728515625
      vertex -4.3651933670043945 -11.67196273803711 51.88450622558594
    endloop
  endfacet
  facet normal -0.5273199677467346 -0.8064982295036316 0.26738429069519043
    outer loop
      vertex -4.9727559089660645 -11.264713287353516 51.9146728515625
      vertex -4.711273670196533 -11.686994552612305 51.156646728515625
      vertex -4.3651933670043945 -11.67196273803711 51.88450622558594
    endloop
  endfacet
  facet normal -0.5061787962913513 -0.823035478591919 0.2576736807823181
    outer loop
      vertex -4.3651933670043945 -11.67196273803711 51.88450622558594
      vertex -4.711273670196533 -11.686994552612305 51.156646728515625
      vertex -3.8930673599243164 -12.198232650756836 51.13100051879883
    endloop
  endfacet
  facet normal -0.5247863531112671 -0.8450339436531067 0.10255150496959686
    outer loop
      vertex -4.711273670196533 -11.686994552612305 51.156646728515625
      vertex -4.25144100189209 -12.091861724853516 50.17360305786133
      vertex -3.8930673599243164 -12.198232650756836 51.13100051879883
    endloop
  endfacet
  facet normal -0.5266127586364746 -0.8437968492507935 0.10337261110544205
    outer loop
      vertex -3.8930673599243164 -12.198232650756836 51.13100051879883
      vertex -4.25144100189209 -12.091861724853516 50.17360305786133
      vertex -3.3900504112243652 -12.625354766845703 50.207069396972656
    endloop
  endfacet
  facet normal -0.5260307192802429 -0.8503220081329346 -0.01562715508043766
    outer loop
      vertex -4.25144100189209 -12.091861724853516 50.17360305786133
      vertex -3.6452746391296387 -12.450065612792969 49.26022720336914
      vertex -3.3900504112243652 -12.625354766845703 50.207069396972656
    endloop
  endfacet
  facet normal -0.5093620419502258 -0.8602721095085144 -0.021962307393550873
    outer loop
      vertex -3.3900504112243652 -12.625354766845703 50.207069396972656
      vertex -3.6452746391296387 -12.450065612792969 49.26022720336914
      vertex -2.9034881591796875 -12.887882232666016 49.20574951171875
    endloop
  endfacet
  facet normal -0.511143684387207 -0.8512071967124939 -0.11907323449850082
    outer loop
      vertex -3.6452746391296387 -12.450065612792969 49.26022720336914
      vertex -3.1900806427001953 -12.566740989685059 48.140289306640625
      vertex -2.9034881591796875 -12.887882232666016 49.20574951171875
    endloop
  endfacet
  facet normal -0.5033321380615234 -0.8553755879402161 -0.12243083119392395
    outer loop
      vertex -2.9034881591796875 -12.887882232666016 49.20574951171875
      vertex -3.1900806427001953 -12.566740989685059 48.140289306640625
      vertex -2.450298309326172 -12.99029541015625 48.058135986328125
    endloop
  endfacet
  facet normal -0.46689122915267944 -0.8779356479644775 -0.10602714121341705
    outer loop
      vertex -2.450298309326172 -12.99029541015625 48.058135986328125
      vertex -2.157902479171753 -13.274820327758789 49.12651824951172
      vertex -2.9034881591796875 -12.887882232666016 49.20574951171875
    endloop
  endfacet
  facet normal -0.4617081582546234 -0.8869318962097168 -0.013319050893187523
    outer loop
      vertex -2.9034881591796875 -12.887882232666016 49.20574951171875
      vertex -2.157902479171753 -13.274820327758789 49.12651824951172
      vertex -2.5727739334106445 -13.07339096069336 50.09471130371094
    endloop
  endfacet
  facet normal -0.4381500780582428 -0.8989015221595764 -0.000734160712454468
    outer loop
      vertex -2.157902479171753 -13.274820327758789 49.12651824951172
      vertex -1.9039475917816162 -13.399238586425781 49.902099609375
      vertex -2.5727739334106445 -13.07339096069336 50.09471130371094
    endloop
  endfacet
  facet normal -0.39621222019195557 -0.9049577713012695 0.1551368236541748
    outer loop
      vertex -2.5727739334106445 -13.07339096069336 50.09471130371094
      vertex -1.9039475917816162 -13.399238586425781 49.902099609375
      vertex -2.047520637512207 -13.19137191772461 50.74796676635742
    endloop
  endfacet
  facet normal -0.3276214301586151 -0.928898274898529 0.17266230285167694
    outer loop
      vertex -1.9039475917816162 -13.399238586425781 49.902099609375
      vertex -1.2839939594268799 -13.575305938720703 50.1312255859375
      vertex -2.047520637512207 -13.19137191772461 50.74796676635742
    endloop
  endfacet
  facet normal -0.2700357139110565 -0.9310767650604248 0.24530965089797974
    outer loop
      vertex -2.047520637512207 -13.19137191772461 50.74796676635742
      vertex -1.2839939594268799 -13.575305938720703 50.1312255859375
      vertex -1.1638848781585693 -13.321342468261719 51.22736358642578
    endloop
  endfacet
  facet normal -0.2631782293319702 -0.9331117868423462 0.24502971768379211
    outer loop
      vertex -1.2839939594268799 -13.575305938720703 50.1312255859375
      vertex -0.457616925239563 -13.776580810546875 50.252323150634766
      vertex -1.1638848781585693 -13.321342468261719 51.22736358642578
    endloop
  endfacet
  facet normal -0.2611756920814514 -0.933272659778595 0.2465553730726242
    outer loop
      vertex -1.1638848781585693 -13.321342468261719 51.22736358642578
      vertex -0.457616925239563 -13.776580810546875 50.252323150634766
      vertex -0.19262167811393738 -13.637332916259766 51.06011962890625
    endloop
  endfacet
  facet normal -0.18353095650672913 -0.9568814635276794 0.22515393793582916
    outer loop
      vertex -0.457616925239563 -13.776580810546875 50.252323150634766
      vertex 0.4161587953567505 -13.930221557617188 50.31161117553711
      vertex -0.19262167811393738 -13.637332916259766 51.06011962890625
    endloop
  endfacet
  facet normal -0.10494469851255417 -0.9521042108535767 0.28720080852508545
    outer loop
      vertex 0.4161587953567505 -13.930221557617188 50.31161117553711
      vertex 0.6204401254653931 -13.655506134033203 51.29697036743164
      vertex -0.19262167811393738 -13.637332916259766 51.06011962890625
    endloop
  endfacet
  facet normal -0.14140775799751282 -0.8980628252029419 0.4165179431438446
    outer loop
      vertex 0.6204401254653931 -13.655506134033203 51.29697036743164
      vertex -0.3336157500743866 -13.187920570373535 51.981239318847656
      vertex -0.19262167811393738 -13.637332916259766 51.06011962890625
    endloop
  endfacet
  facet normal -0.2204708606004715 -0.8894962668418884 0.4002362787723541
    outer loop
      vertex -0.3336157500743866 -13.187920570373535 51.981239318847656
      vertex -1.1638848781585693 -13.321342468261719 51.22736358642578
      vertex -0.19262167811393738 -13.637332916259766 51.06011962890625
    endloop
  endfacet
  facet normal -0.2357296645641327 -0.8786917924880981 0.415129154920578
    outer loop
      vertex -1.1638848781585693 -13.321342468261719 51.22736358642578
      vertex -0.3336157500743866 -13.187920570373535 51.981239318847656
      vertex -1.4248499870300293 -12.736419677734375 52.317264556884766
    endloop
  endfacet
  facet normal -0.1922009140253067 -0.8409673571586609 0.5057992935180664
    outer loop
      vertex -1.4248499870300293 -12.736419677734375 52.317264556884766
      vertex -0.3336157500743866 -13.187920570373535 51.981239318847656
      vertex -0.646561861038208 -12.301895141601562 53.335472106933594
    endloop
  endfacet
  facet normal -0.12774929404258728 -0.8432207703590393 0.5221675038337708
    outer loop
      vertex -0.646561861038208 -12.301895141601562 53.335472106933594
      vertex -0.3336157500743866 -13.187920570373535 51.981239318847656
      vertex 0.9100757837295532 -13.104511260986328 52.420204162597656
    endloop
  endfacet
  facet normal -0.10295547544956207 -0.8822731971740723 0.45934122800827026
    outer loop
      vertex 0.9100757837295532 -13.104511260986328 52.420204162597656
      vertex -0.3336157500743866 -13.187920570373535 51.981239318847656
      vertex 0.6204401254653931 -13.655506134033203 51.29697036743164
    endloop
  endfacet
  facet normal -0.06949006766080856 -0.8884257674217224 0.4537299573421478
    outer loop
      vertex 0.6204401254653931 -13.655506134033203 51.29697036743164
      vertex 1.6390259265899658 -13.699444770812988 51.36693572998047
      vertex 0.9100757837295532 -13.104511260986328 52.420204162597656
    endloop
  endfacet
  facet normal -0.08954454958438873 -0.8924682140350342 0.44213399291038513
    outer loop
      vertex 0.9100757837295532 -13.104511260986328 52.420204162597656
      vertex 1.6390259265899658 -13.699444770812988 51.36693572998047
      vertex 2.006455421447754 -13.379594802856445 52.08698272705078
    endloop
  endfacet
  facet normal 0.01903863437473774 -0.9172947406768799 0.39775365591049194
    outer loop
      vertex 2.006455421447754 -13.379594802856445 52.08698272705078
      vertex 1.6390259265899658 -13.699444770812988 51.36693572998047
      vertex 2.7006595134735107 -13.671207427978516 51.38124084472656
    endloop
  endfacet
  facet normal 0.020831268280744553 -0.9464321136474609 0.3222304880619049
    outer loop
      vertex 1.6390259265899658 -13.699444770812988 51.36693572998047
      vertex 2.2866368293762207 -14.019723892211914 50.384368896484375
      vertex 2.7006595134735107 -13.671207427978516 51.38124084472656
    endloop
  endfacet
  facet normal 0.05663497373461723 -0.9495527148246765 0.30845144391059875
    outer loop
      vertex 2.7006595134735107 -13.671207427978516 51.38124084472656
      vertex 2.2866368293762207 -14.019723892211914 50.384368896484375
      vertex 3.238326072692871 -14.000802993774414 50.26787567138672
    endloop
  endfacet
  facet normal 0.04126668721437454 -0.9832688570022583 0.17742440104484558
    outer loop
      vertex 2.2866368293762207 -14.019723892211914 50.384368896484375
      vertex 2.832322597503662 -14.194332122802734 49.28978729248047
      vertex 3.238326072692871 -14.000802993774414 50.26787567138672
    endloop
  endfacet
  facet normal 0.07781514525413513 -0.9836632609367371 0.16233119368553162
    outer loop
      vertex 3.238326072692871 -14.000802993774414 50.26787567138672
      vertex 2.832322597503662 -14.194332122802734 49.28978729248047
      vertex 3.674798011779785 -14.139570236206055 49.2177734375
    endloop
  endfacet
  facet normal 0.06866470724344254 -0.9966043829917908 0.0454411506652832
    outer loop
      vertex 2.832322597503662 -14.194332122802734 49.28978729248047
      vertex 3.299206256866455 -14.216544151306152 48.097145080566406
      vertex 3.674798011779785 -14.139570236206055 49.2177734375
    endloop
  endfacet
  facet normal 0.12904395163059235 -0.991327702999115 0.02484189346432686
    outer loop
      vertex 3.674798011779785 -14.139570236206055 49.2177734375
      vertex 3.299206256866455 -14.216544151306152 48.097145080566406
      vertex 4.115359306335449 -14.110600471496582 48.08528137207031
    endloop
  endfacet
  facet normal 0.17897270619869232 -0.982848048210144 0.04448205232620239
    outer loop
      vertex 4.115359306335449 -14.110600471496582 48.08528137207031
      vertex 4.437473773956299 -14.001226425170898 49.2059211730957
      vertex 3.674798011779785 -14.139570236206055 49.2177734375
    endloop
  endfacet
  facet normal 0.17890146374702454 -0.974932074546814 0.13229426741600037
    outer loop
      vertex 3.674798011779785 -14.139570236206055 49.2177734375
      vertex 4.437473773956299 -14.001226425170898 49.2059211730957
      vertex 3.9849605560302734 -13.972807884216309 50.02728271484375
    endloop
  endfacet
  facet normal 0.2486404925584793 -0.9535648822784424 0.1699763536453247
    outer loop
      vertex 4.437473773956299 -14.001226425170898 49.2059211730957
      vertex 4.610380172729492 -13.782419204711914 50.18050003051758
      vertex 3.9849605560302734 -13.972807884216309 50.02728271484375
    endloop
  endfacet
  facet normal 0.2031170278787613 -0.9251978397369385 0.3205501139163971
    outer loop
      vertex 4.610380172729492 -13.782419204711914 50.18050003051758
      vertex 3.8657524585723877 -13.65958309173584 51.006874084472656
      vertex 3.9849605560302734 -13.972807884216309 50.02728271484375
    endloop
  endfacet
  facet normal 0.13727189600467682 -0.9385086297988892 0.31679341197013855
    outer loop
      vertex 3.9849605560302734 -13.972807884216309 50.02728271484375
      vertex 3.8657524585723877 -13.65958309173584 51.006874084472656
      vertex 3.238326072692871 -14.000802993774414 50.26787567138672
    endloop
  endfacet
  facet normal 0.11639699339866638 -0.9356457591056824 0.3331948220729828
    outer loop
      vertex 3.8657524585723877 -13.65958309173584 51.006874084472656
      vertex 2.7006595134735107 -13.671207427978516 51.38124084472656
      vertex 3.238326072692871 -14.000802993774414 50.26787567138672
    endloop
  endfacet
  facet normal 0.15152697265148163 -0.8830417990684509 0.444158673286438
    outer loop
      vertex 2.7006595134735107 -13.671207427978516 51.38124084472656
      vertex 3.8657524585723877 -13.65958309173584 51.006874084472656
      vertex 3.290065050125122 -13.203123092651367 52.11077117919922
    endloop
  endfacet
  facet normal 0.19051064550876617 -0.86812824010849 0.45832207798957825
    outer loop
      vertex 3.8657524585723877 -13.65958309173584 51.006874084472656
      vertex 4.419740200042725 -13.107353210449219 51.822601318359375
      vertex 3.290065050125122 -13.203123092651367 52.11077117919922
    endloop
  endfacet
  facet normal 0.20918351411819458 -0.8073750734329224 0.5517135858535767
    outer loop
      vertex 4.419740200042725 -13.107353210449219 51.822601318359375
      vertex 3.931460380554199 -12.319348335266113 53.16089630126953
      vertex 3.290065050125122 -13.203123092651367 52.11077117919922
    endloop
  endfacet
  facet normal 0.15108218789100647 -0.7998526692390442 0.5808699727058411
    outer loop
      vertex 3.290065050125122 -13.203123092651367 52.11077117919922
      vertex 3.931460380554199 -12.319348335266113 53.16089630126953
      vertex 2.2537479400634766 -12.802488327026367 52.931983947753906
    endloop
  endfacet
  facet normal 0.16920936107635498 -0.7846894264221191 0.5963478088378906
    outer loop
      vertex 3.290065050125122 -13.203123092651367 52.11077117919922
      vertex 2.2537479400634766 -12.802488327026367 52.931983947753906
      vertex 2.5592126846313477 -13.322478294372559 52.161094665527344
    endloop
  endfacet
  facet normal 0.01012452132999897 -0.827121376991272 0.5619322061538696
    outer loop
      vertex 2.2537479400634766 -12.802488327026367 52.931983947753906
      vertex 2.006455421447754 -13.379594802856445 52.08698272705078
      vertex 2.5592126846313477 -13.322478294372559 52.161094665527344
    endloop
  endfacet
  facet normal 0.038516364991664886 -0.9095856547355652 0.4137275815010071
    outer loop
      vertex 2.5592126846313477 -13.322478294372559 52.161094665527344
      vertex 2.006455421447754 -13.379594802856445 52.08698272705078
      vertex 2.7006595134735107 -13.671207427978516 51.38124084472656
    endloop
  endfacet
  facet normal 0.17429400980472565 -0.886745274066925 0.4281407594680786
    outer loop
      vertex 2.7006595134735107 -13.671207427978516 51.38124084472656
      vertex 3.290065050125122 -13.203123092651367 52.11077117919922
      vertex 2.5592126846313477 -13.322478294372559 52.161094665527344
    endloop
  endfacet
  facet normal -0.03266211599111557 -0.8208681344985962 0.5701830387115479
    outer loop
      vertex 2.2537479400634766 -12.802488327026367 52.931983947753906
      vertex 0.9100757837295532 -13.104511260986328 52.420204162597656
      vertex 2.006455421447754 -13.379594802856445 52.08698272705078
    endloop
  endfacet
  facet normal -0.01424295362085104 -0.8443136215209961 0.5356599688529968
    outer loop
      vertex 2.2537479400634766 -12.802488327026367 52.931983947753906
      vertex 0.9252259731292725 -12.287824630737305 53.70787811279297
      vertex 0.9100757837295532 -13.104511260986328 52.420204162597656
    endloop
  endfacet
  facet normal -0.11873697489500046 -0.8378686308860779 0.5328017473220825
    outer loop
      vertex 0.9252259731292725 -12.287824630737305 53.70787811279297
      vertex -0.646561861038208 -12.301895141601562 53.335472106933594
      vertex 0.9100757837295532 -13.104511260986328 52.420204162597656
    endloop
  endfacet
  facet normal 0.2468332052230835 -0.7929959893226624 0.5569835901260376
    outer loop
      vertex 4.419740200042725 -13.107353210449219 51.822601318359375
      vertex 5.29443359375 -12.541217803955078 52.240997314453125
      vertex 3.931460380554199 -12.319348335266113 53.16089630126953
    endloop
  endfacet
  facet normal 0.2701893150806427 -0.7648557424545288 0.5848021507263184
    outer loop
      vertex 3.931460380554199 -12.319348335266113 53.16089630126953
      vertex 5.29443359375 -12.541217803955078 52.240997314453125
      vertex 5.7137770652771 -11.576889038085938 53.30848693847656
    endloop
  endfacet
  facet normal 0.3134975731372833 -0.7626336216926575 0.5657819509506226
    outer loop
      vertex 5.29443359375 -12.541217803955078 52.240997314453125
      vertex 6.173175811767578 -12.167049407958984 52.25844192504883
      vertex 5.7137770652771 -11.576889038085938 53.30848693847656
    endloop
  endfacet
  facet normal 0.383150190114975 -0.7234848141670227 0.5742523074150085
    outer loop
      vertex 5.7137770652771 -11.576889038085938 53.30848693847656
      vertex 6.173175811767578 -12.167049407958984 52.25844192504883
      vertex 6.834110260009766 -11.63511848449707 52.48762130737305
    endloop
  endfacet
  facet normal 0.4358080327510834 -0.7535497546195984 0.49217283725738525
    outer loop
      vertex 6.834110260009766 -11.63511848449707 52.48762130737305
      vertex 6.173175811767578 -12.167049407958984 52.25844192504883
      vertex 6.828520774841309 -12.184038162231445 51.652137756347656
    endloop
  endfacet
  facet normal 0.40736693143844604 -0.7875613570213318 0.4623843729496002
    outer loop
      vertex 6.173175811767578 -12.167049407958984 52.25844192504883
      vertex 6.106198787689209 -12.665485382080078 51.468482971191406
      vertex 6.828520774841309 -12.184038162231445 51.652137756347656
    endloop
  endfacet
  facet normal 0.45584341883659363 -0.8178612589836121 0.35115504264831543
    outer loop
      vertex 6.828520774841309 -12.184038162231445 51.652137756347656
      vertex 6.106198787689209 -12.665485382080078 51.468482971191406
      vertex 6.804195404052734 -12.602729797363281 50.70855712890625
    endloop
  endfacet
  facet normal 0.44494882225990295 -0.8283905982971191 0.3402787744998932
    outer loop
      vertex 6.106198787689209 -12.665485382080078 51.468482971191406
      vertex 6.0656232833862305 -13.087879180908203 50.49324417114258
      vertex 6.804195404052734 -12.602729797363281 50.70855712890625
    endloop
  endfacet
  facet normal 0.4929564297199249 -0.8440881371498108 0.2109719067811966
    outer loop
      vertex 6.0656232833862305 -13.087879180908203 50.49324417114258
      vertex 6.712052822113037 -12.942397117614746 49.56486511230469
      vertex 6.804195404052734 -12.602729797363281 50.70855712890625
    endloop
  endfacet
  facet normal 0.4716525077819824 -0.8602685928344727 0.19360247254371643
    outer loop
      vertex 6.712052822113037 -12.942397117614746 49.56486511230469
      vertex 6.0656232833862305 -13.087879180908203 50.49324417114258
      vertex 5.934736251831055 -13.405573844909668 49.40044021606445
    endloop
  endfacet
  facet normal 0.433361679315567 -0.877981424331665 0.20333801209926605
    outer loop
      vertex 5.934736251831055 -13.405573844909668 49.40044021606445
      vertex 6.0656232833862305 -13.087879180908203 50.49324417114258
      vertex 5.334904193878174 -13.491554260253906 50.30757522583008
    endloop
  endfacet
  facet normal 0.3878992795944214 -0.8575522899627686 0.33784377574920654
    outer loop
      vertex 6.0656232833862305 -13.087879180908203 50.49324417114258
      vertex 5.343937873840332 -13.115066528320312 51.252845764160156
      vertex 5.334904193878174 -13.491554260253906 50.30757522583008
    endloop
  endfacet
  facet normal 0.3593788146972656 -0.8681339621543884 0.34233084321022034
    outer loop
      vertex 5.334904193878174 -13.491554260253906 50.30757522583008
      vertex 5.343937873840332 -13.115066528320312 51.252845764160156
      vertex 4.731978893280029 -13.485321044921875 50.95633316040039
    endloop
  endfacet
  facet normal 0.2809467911720276 -0.8383985757827759 0.46707260608673096
    outer loop
      vertex 5.343937873840332 -13.115066528320312 51.252845764160156
      vertex 4.419740200042725 -13.107353210449219 51.822601318359375
      vertex 4.731978893280029 -13.485321044921875 50.95633316040039
    endloop
  endfacet
  facet normal 0.2012096643447876 -0.8691572546958923 0.4517526626586914
    outer loop
      vertex 4.731978893280029 -13.485321044921875 50.95633316040039
      vertex 4.419740200042725 -13.107353210449219 51.822601318359375
      vertex 3.8657524585723877 -13.65958309173584 51.006874084472656
    endloop
  endfacet
  facet normal 0.20474092662334442 -0.9243740439414978 0.3218908905982971
    outer loop
      vertex 4.731978893280029 -13.485321044921875 50.95633316040039
      vertex 3.8657524585723877 -13.65958309173584 51.006874084472656
      vertex 4.610380172729492 -13.782419204711914 50.18050003051758
    endloop
  endfacet
  facet normal 0.3103904724121094 -0.9029766321182251 0.29713812470436096
    outer loop
      vertex 4.610380172729492 -13.782419204711914 50.18050003051758
      vertex 5.334904193878174 -13.491554260253906 50.30757522583008
      vertex 4.731978893280029 -13.485321044921875 50.95633316040039
    endloop
  endfacet
  facet normal 0.3376230299472809 -0.9225742220878601 0.1867281198501587
    outer loop
      vertex 5.334904193878174 -13.491554260253906 50.30757522583008
      vertex 4.610380172729492 -13.782419204711914 50.18050003051758
      vertex 5.178048133850098 -13.756200790405273 49.28363800048828
    endloop
  endfacet
  facet normal 0.29501062631607056 -0.9421406984329224 0.15918461978435516
    outer loop
      vertex 4.610380172729492 -13.782419204711914 50.18050003051758
      vertex 4.437473773956299 -14.001226425170898 49.2059211730957
      vertex 5.178048133850098 -13.756200790405273 49.28363800048828
    endloop
  endfacet
  facet normal 0.3084006607532501 -0.9496499300003052 0.055264025926589966
    outer loop
      vertex 5.178048133850098 -13.756200790405273 49.28363800048828
      vertex 4.437473773956299 -14.001226425170898 49.2059211730957
      vertex 4.899860382080078 -13.914705276489258 48.112342834472656
    endloop
  endfacet
  facet normal 0.24136854708194733 -0.9701035618782043 0.025303278118371964
    outer loop
      vertex 4.437473773956299 -14.001226425170898 49.2059211730957
      vertex 4.115359306335449 -14.110600471496582 48.08528137207031
      vertex 4.899860382080078 -13.914705276489258 48.112342834472656
    endloop
  endfacet
  facet normal 0.3522963225841522 -0.9349073171615601 0.04284358769655228
    outer loop
      vertex 5.178048133850098 -13.756200790405273 49.28363800048828
      vertex 4.899860382080078 -13.914705276489258 48.112342834472656
      vertex 5.6742658615112305 -13.619812965393066 48.17948913574219
    endloop
  endfacet
  facet normal 0.3918803334236145 -0.9035105109214783 0.1734892725944519
    outer loop
      vertex 5.178048133850098 -13.756200790405273 49.28363800048828
      vertex 5.934736251831055 -13.405573844909668 49.40044021606445
      vertex 5.334904193878174 -13.491554260253906 50.30757522583008
    endloop
  endfacet
  facet normal 0.29571062326431274 -0.8195754885673523 0.49076613783836365
    outer loop
      vertex 4.419740200042725 -13.107353210449219 51.822601318359375
      vertex 5.343937873840332 -13.115066528320312 51.252845764160156
      vertex 5.29443359375 -12.541217803955078 52.240997314453125
    endloop
  endfacet
  facet normal 0.3383032977581024 -0.8063098192214966 0.48519620299339294
    outer loop
      vertex 5.343937873840332 -13.115066528320312 51.252845764160156
      vertex 6.106198787689209 -12.665485382080078 51.468482971191406
      vertex 5.29443359375 -12.541217803955078 52.240997314453125
    endloop
  endfacet
  facet normal 0.3350670635700226 -0.8093975186347961 0.4822922348976135
    outer loop
      vertex 5.29443359375 -12.541217803955078 52.240997314453125
      vertex 6.106198787689209 -12.665485382080078 51.468482971191406
      vertex 6.173175811767578 -12.167049407958984 52.25844192504883
    endloop
  endfacet
  facet normal 0.4004073739051819 -0.8468149900436401 0.35011184215545654
    outer loop
      vertex 6.106198787689209 -12.665485382080078 51.468482971191406
      vertex 5.343937873840332 -13.115066528320312 51.252845764160156
      vertex 6.0656232833862305 -13.087879180908203 50.49324417114258
    endloop
  endfacet
  facet normal 0.48556679487228394 -0.803638756275177 0.3440779149532318
    outer loop
      vertex 6.828520774841309 -12.184038162231445 51.652137756347656
      vertex 6.804195404052734 -12.602729797363281 50.70855712890625
      vertex 7.380618095397949 -12.130422592163086 50.99823760986328
    endloop
  endfacet
  facet normal 0.5236569046974182 -0.7626863121986389 0.37959569692611694
    outer loop
      vertex 7.380618095397949 -12.130422592163086 50.99823760986328
      vertex 7.529410362243652 -11.626232147216797 51.805999755859375
      vertex 6.828520774841309 -12.184038162231445 51.652137756347656
    endloop
  endfacet
  facet normal 0.4795548617839813 -0.7348557114601135 0.4795980453491211
    outer loop
      vertex 7.529410362243652 -11.626232147216797 51.805999755859375
      vertex 6.834110260009766 -11.63511848449707 52.48762130737305
      vertex 6.828520774841309 -12.184038162231445 51.652137756347656
    endloop
  endfacet
  facet normal 0.46209052205085754 -0.7572969794273376 0.461490660905838
    outer loop
      vertex 6.834110260009766 -11.63511848449707 52.48762130737305
      vertex 7.529410362243652 -11.626232147216797 51.805999755859375
      vertex 7.376049041748047 -11.296762466430664 52.500213623046875
    endloop
  endfacet
  facet normal 0.5559959411621094 -0.6966103911399841 0.45343413949012756
    outer loop
      vertex 7.529410362243652 -11.626232147216797 51.805999755859375
      vertex 7.786847114562988 -11.060935020446777 52.35879898071289
      vertex 7.376049041748047 -11.296762466430664 52.500213623046875
    endloop
  endfacet
  facet normal 0.5483018159866333 -0.6158386468887329 0.5657808184623718
    outer loop
      vertex 7.786847114562988 -11.060935020446777 52.35879898071289
      vertex 7.262398719787598 -10.702253341674805 53.25746154785156
      vertex 7.376049041748047 -11.296762466430664 52.500213623046875
    endloop
  endfacet
  facet normal 0.41368240118026733 -0.6849101185798645 0.599804162979126
    outer loop
      vertex 7.262398719787598 -10.702253341674805 53.25746154785156
      vertex 6.834110260009766 -11.63511848449707 52.48762130737305
      vertex 7.376049041748047 -11.296762466430664 52.500213623046875
    endloop
  endfacet
  facet normal 0.40693026781082153 -0.6852702498435974 0.6039970517158508
    outer loop
      vertex 6.834110260009766 -11.63511848449707 52.48762130737305
      vertex 7.262398719787598 -10.702253341674805 53.25746154785156
      vertex 5.7137770652771 -11.576889038085938 53.30848693847656
    endloop
  endfacet
  facet normal 0.5710889101028442 -0.5913832783699036 0.5693182945251465
    outer loop
      vertex 7.262398719787598 -10.702253341674805 53.25746154785156
      vertex 7.786847114562988 -11.060935020446777 52.35879898071289
      vertex 8.357105255126953 -10.400773048400879 52.47251510620117
    endloop
  endfacet
  facet normal 0.6333044767379761 -0.6255462169647217 0.4556504487991333
    outer loop
      vertex 7.786847114562988 -11.060935020446777 52.35879898071289
      vertex 8.283065795898438 -11.082866668701172 51.638999938964844
      vertex 8.357105255126953 -10.400773048400879 52.47251510620117
    endloop
  endfacet
  facet normal 0.6366848945617676 -0.6235293745994568 0.4536997377872467
    outer loop
      vertex 8.357105255126953 -10.400773048400879 52.47251510620117
      vertex 8.283065795898438 -11.082866668701172 51.638999938964844
      vertex 9.024576187133789 -10.395303726196289 51.543357849121094
    endloop
  endfacet
  facet normal 0.6618931293487549 -0.6659643650054932 0.3440769910812378
    outer loop
      vertex 8.283065795898438 -11.082866668701172 51.638999938964844
      vertex 8.78883171081543 -11.082090377807617 50.667572021484375
      vertex 9.024576187133789 -10.395303726196289 51.543357849121094
    endloop
  endfacet
  facet normal 0.6295949816703796 -0.7046492099761963 0.327230304479599
    outer loop
      vertex 8.283065795898438 -11.082866668701172 51.638999938964844
      vertex 8.032001495361328 -11.693988800048828 50.80607604980469
      vertex 8.78883171081543 -11.082090377807617 50.667572021484375
    endloop
  endfacet
  facet normal 0.5976823568344116 -0.7216349244117737 0.34931206703186035
    outer loop
      vertex 8.283065795898438 -11.082866668701172 51.638999938964844
      vertex 7.529410362243652 -11.626232147216797 51.805999755859375
      vertex 8.032001495361328 -11.693988800048828 50.80607604980469
    endloop
  endfacet
  facet normal 0.5905483961105347 -0.7289599180221558 0.3462226688861847
    outer loop
      vertex 7.529410362243652 -11.626232147216797 51.805999755859375
      vertex 7.380618095397949 -12.130422592163086 50.99823760986328
      vertex 8.032001495361328 -11.693988800048828 50.80607604980469
    endloop
  endfacet
  facet normal 0.5891677737236023 -0.6859288811683655 0.42706313729286194
    outer loop
      vertex 7.529410362243652 -11.626232147216797 51.805999755859375
      vertex 8.283065795898438 -11.082866668701172 51.638999938964844
      vertex 7.786847114562988 -11.060935020446777 52.35879898071289
    endloop
  endfacet
  facet normal 0.6549592018127441 -0.5940867066383362 0.4670006036758423
    outer loop
      vertex 9.024576187133789 -10.395303726196289 51.543357849121094
      vertex 9.235536575317383 -9.500436782836914 52.38587951660156
      vertex 8.357105255126953 -10.400773048400879 52.47251510620117
    endloop
  endfacet
  facet normal 0.6407018303871155 -0.5762953758239746 0.507331132888794
    outer loop
      vertex 9.235536575317383 -9.500436782836914 52.38587951660156
      vertex 8.387990951538086 -9.452041625976562 53.511207580566406
      vertex 8.357105255126953 -10.400773048400879 52.47251510620117
    endloop
  endfacet
  facet normal 0.563269317150116 -0.6183574795722961 0.5480526685714722
    outer loop
      vertex 8.387990951538086 -9.452041625976562 53.511207580566406
      vertex 7.262398719787598 -10.702253341674805 53.25746154785156
      vertex 8.357105255126953 -10.400773048400879 52.47251510620117
    endloop
  endfacet
  facet normal 0.6653879284858704 -0.5316748023033142 0.5240046381950378
    outer loop
      vertex 8.387990951538086 -9.452041625976562 53.511207580566406
      vertex 9.235536575317383 -9.500436782836914 52.38587951660156
      vertex 9.580728530883789 -8.144388198852539 53.323448181152344
    endloop
  endfacet
  facet normal 0.0907687172293663 -0.981692373752594 0.16745488345623016
    outer loop
      vertex 3.238326072692871 -14.000802993774414 50.26787567138672
      vertex 3.674798011779785 -14.139570236206055 49.2177734375
      vertex 3.9849605560302734 -13.972807884216309 50.02728271484375
    endloop
  endfacet
  facet normal 0.03354133293032646 -0.9989334344863892 0.031734783202409744
    outer loop
      vertex 2.832322597503662 -14.194332122802734 49.28978729248047
      vertex 2.446559429168701 -14.244529724121094 48.11741256713867
      vertex 3.299206256866455 -14.216544151306152 48.097145080566406
    endloop
  endfacet
  facet normal -0.0003129359392914921 -0.999080240726471 0.04288061335682869
    outer loop
      vertex 2.446559429168701 -14.244529724121094 48.11741256713867
      vertex 2.832322597503662 -14.194332122802734 49.28978729248047
      vertex 1.9322385787963867 -14.192671775817871 49.321903228759766
    endloop
  endfacet
  facet normal 0.003866760293021798 -0.9872053861618042 0.15940724313259125
    outer loop
      vertex 1.9322385787963867 -14.192671775817871 49.321903228759766
      vertex 2.832322597503662 -14.194332122802734 49.28978729248047
      vertex 2.2866368293762207 -14.019723892211914 50.384368896484375
    endloop
  endfacet
  facet normal -0.02089429832994938 -0.985664963722229 0.1674158275127411
    outer loop
      vertex 2.2866368293762207 -14.019723892211914 50.384368896484375
      vertex 1.3256072998046875 -13.99984359741211 50.381473541259766
      vertex 1.9322385787963867 -14.192671775817871 49.321903228759766
    endloop
  endfacet
  facet normal -0.06904397904872894 -0.9877100586891174 0.14022105932235718
    outer loop
      vertex 1.3256072998046875 -13.99984359741211 50.381473541259766
      vertex 1.0333281755447388 -14.132097244262695 49.30596923828125
      vertex 1.9322385787963867 -14.192671775817871 49.321903228759766
    endloop
  endfacet
  facet normal -0.06771748512983322 -0.9972832202911377 0.02899380400776863
    outer loop
      vertex 1.9322385787963867 -14.192671775817871 49.321903228759766
      vertex 1.0333281755447388 -14.132097244262695 49.30596923828125
      vertex 1.5761890411376953 -14.203442573547363 48.119842529296875
    endloop
  endfacet
  facet normal -0.12790963053703308 -0.9917852878570557 0.0011146499309688807
    outer loop
      vertex 1.5761890411376953 -14.203442573547363 48.119842529296875
      vertex 1.0333281755447388 -14.132097244262695 49.30596923828125
      vertex 0.7148400545120239 -14.092375755310059 48.10154724121094
    endloop
  endfacet
  facet normal -0.1443038284778595 -0.9895180463790894 0.005524578504264355
    outer loop
      vertex 0.7148400545120239 -14.092375755310059 48.10154724121094
      vertex 1.0333281755447388 -14.132097244262695 49.30596923828125
      vertex 0.16162580251693726 -14.005208969116211 49.26401901245117
    endloop
  endfacet
  facet normal -0.14824022352695465 -0.98321133852005 0.10639684647321701
    outer loop
      vertex 0.16162580251693726 -14.005208969116211 49.26401901245117
      vertex 1.0333281755447388 -14.132097244262695 49.30596923828125
      vertex 0.4161587953567505 -13.930221557617188 50.31161117553711
    endloop
  endfacet
  facet normal -0.08657587319612503 -0.985675573348999 0.14473536610603333
    outer loop
      vertex 1.0333281755447388 -14.132097244262695 49.30596923828125
      vertex 1.3256072998046875 -13.99984359741211 50.381473541259766
      vertex 0.4161587953567505 -13.930221557617188 50.31161117553711
    endloop
  endfacet
  facet normal -0.09494167566299438 -0.953647255897522 0.28555721044540405
    outer loop
      vertex 0.4161587953567505 -13.930221557617188 50.31161117553711
      vertex 1.3256072998046875 -13.99984359741211 50.381473541259766
      vertex 0.6204401254653931 -13.655506134033203 51.29697036743164
    endloop
  endfacet
  facet normal -0.062166135758161545 -0.949009120464325 0.3090583086013794
    outer loop
      vertex 1.3256072998046875 -13.99984359741211 50.381473541259766
      vertex 1.6390259265899658 -13.699444770812988 51.36693572998047
      vertex 0.6204401254653931 -13.655506134033203 51.29697036743164
    endloop
  endfacet
  facet normal -0.02064141444861889 -0.9544914960861206 0.2975228726863861
    outer loop
      vertex 1.6390259265899658 -13.699444770812988 51.36693572998047
      vertex 1.3256072998046875 -13.99984359741211 50.381473541259766
      vertex 2.2866368293762207 -14.019723892211914 50.384368896484375
    endloop
  endfacet
  facet normal -0.17952795326709747 -0.9771757125854492 0.11356677860021591
    outer loop
      vertex 0.4161587953567505 -13.930221557617188 50.31161117553711
      vertex -0.457616925239563 -13.776580810546875 50.252323150634766
      vertex 0.16162580251693726 -14.005208969116211 49.26401901245117
    endloop
  endfacet
  facet normal -0.22813953459262848 -0.9702116250991821 0.08149712532758713
    outer loop
      vertex -0.457616925239563 -13.776580810546875 50.252323150634766
      vertex -0.6702514886856079 -13.814653396606445 49.203834533691406
      vertex 0.16162580251693726 -14.005208969116211 49.26401901245117
    endloop
  endfacet
  facet normal -0.22174446284770966 -0.9748649001121521 -0.021629275754094124
    outer loop
      vertex 0.16162580251693726 -14.005208969116211 49.26401901245117
      vertex -0.6702514886856079 -13.814653396606445 49.203834533691406
      vertex -0.12338388711214066 -13.913871765136719 48.069244384765625
    endloop
  endfacet
  facet normal -0.2879623472690582 -0.9560499787330627 -0.055191345512866974
    outer loop
      vertex -0.6702514886856079 -13.814653396606445 49.203834533691406
      vertex -0.926056981086731 -13.670073509216309 48.034027099609375
      vertex -0.12338388711214066 -13.913871765136719 48.069244384765625
    endloop
  endfacet
  facet normal -0.29145559668540955 -0.955041766166687 -0.05430286005139351
    outer loop
      vertex -0.926056981086731 -13.670073509216309 48.034027099609375
      vertex -0.6702514886856079 -13.814653396606445 49.203834533691406
      vertex -1.4345101118087769 -13.577106475830078 49.127967834472656
    endloop
  endfacet
  facet normal -0.30072349309921265 -0.9525611996650696 0.0468263253569603
    outer loop
      vertex -1.4345101118087769 -13.577106475830078 49.127967834472656
      vertex -0.6702514886856079 -13.814653396606445 49.203834533691406
      vertex -1.2839939594268799 -13.575305938720703 50.1312255859375
    endloop
  endfacet
  facet normal -0.24755892157554626 -0.9651150107383728 0.08525034040212631
    outer loop
      vertex -0.6702514886856079 -13.814653396606445 49.203834533691406
      vertex -0.457616925239563 -13.776580810546875 50.252323150634766
      vertex -1.2839939594268799 -13.575305938720703 50.1312255859375
    endloop
  endfacet
  facet normal -0.2882634103298187 -0.956494927406311 0.0449640229344368
    outer loop
      vertex -1.2839939594268799 -13.575305938720703 50.1312255859375
      vertex -1.9039475917816162 -13.399238586425781 49.902099609375
      vertex -1.4345101118087769 -13.577106475830078 49.127967834472656
    endloop
  endfacet
  facet normal -0.38543501496315 -0.9224779605865479 -0.021777218207716942
    outer loop
      vertex -1.9039475917816162 -13.399238586425781 49.902099609375
      vertex -2.157902479171753 -13.274820327758789 49.12651824951172
      vertex -1.4345101118087769 -13.577106475830078 49.127967834472656
    endloop
  endfacet
  facet normal -0.3839760720729828 -0.9192962050437927 -0.08635430783033371
    outer loop
      vertex -1.4345101118087769 -13.577106475830078 49.127967834472656
      vertex -2.157902479171753 -13.274820327758789 49.12651824951172
      vertex -1.6956243515014648 -13.364099502563477 48.02142333984375
    endloop
  endfacet
  facet normal -0.4454015791416168 -0.8879689574241638 -0.11458045244216919
    outer loop
      vertex -2.157902479171753 -13.274820327758789 49.12651824951172
      vertex -2.450298309326172 -12.99029541015625 48.058135986328125
      vertex -1.6956243515014648 -13.364099502563477 48.02142333984375
    endloop
  endfacet
  facet normal -0.36660656332969666 -0.925844669342041 -0.09171359241008759
    outer loop
      vertex -1.4345101118087769 -13.577106475830078 49.127967834472656
      vertex -1.6956243515014648 -13.364099502563477 48.02142333984375
      vertex -0.926056981086731 -13.670073509216309 48.034027099609375
    endloop
  endfacet
  facet normal -0.20728443562984467 -0.9779530763626099 -0.025314755737781525
    outer loop
      vertex 0.16162580251693726 -14.005208969116211 49.26401901245117
      vertex -0.12338388711214066 -13.913871765136719 48.069244384765625
      vertex 0.7148400545120239 -14.092375755310059 48.10154724121094
    endloop
  endfacet
  facet normal -0.04707787185907364 -0.9986289143562317 0.02289242297410965
    outer loop
      vertex 1.9322385787963867 -14.192671775817871 49.321903228759766
      vertex 1.5761890411376953 -14.203442573547363 48.119842529296875
      vertex 2.446559429168701 -14.244529724121094 48.11741256713867
    endloop
  endfacet
  facet normal -0.2590961158275604 -0.8009042143821716 0.5398348569869995
    outer loop
      vertex -0.646561861038208 -12.301895141601562 53.335472106933594
      vertex -2.5499610900878906 -11.860221862792969 53.07719802856445
      vertex -1.4248499870300293 -12.736419677734375 52.317264556884766
    endloop
  endfacet
  facet normal -0.3185243308544159 -0.8205826282501221 0.4745381772518158
    outer loop
      vertex -2.5499610900878906 -11.860221862792969 53.07719802856445
      vertex -2.2994728088378906 -12.70639419555664 51.78211212158203
      vertex -1.4248499870300293 -12.736419677734375 52.317264556884766
    endloop
  endfacet
  facet normal -0.2761341333389282 -0.8728600740432739 0.40232497453689575
    outer loop
      vertex -1.4248499870300293 -12.736419677734375 52.317264556884766
      vertex -2.2994728088378906 -12.70639419555664 51.78211212158203
      vertex -1.1638848781585693 -13.321342468261719 51.22736358642578
    endloop
  endfacet
  facet normal -0.31442710757255554 -0.8866159915924072 0.33918678760528564
    outer loop
      vertex -1.1638848781585693 -13.321342468261719 51.22736358642578
      vertex -2.2994728088378906 -12.70639419555664 51.78211212158203
      vertex -2.047520637512207 -13.19137191772461 50.74796676635742
    endloop
  endfacet
  facet normal -0.35893434286117554 -0.8756230473518372 0.32318803668022156
    outer loop
      vertex -2.047520637512207 -13.19137191772461 50.74796676635742
      vertex -2.2994728088378906 -12.70639419555664 51.78211212158203
      vertex -2.97078800201416 -12.70266342163086 51.046653747558594
    endloop
  endfacet
  facet normal -0.3933526575565338 -0.8481926321983337 0.3547436594963074
    outer loop
      vertex -2.97078800201416 -12.70266342163086 51.046653747558594
      vertex -2.2994728088378906 -12.70639419555664 51.78211212158203
      vertex -3.4762935638427734 -12.059185028076172 52.024688720703125
    endloop
  endfacet
  facet normal -0.3517947793006897 -0.8133425712585449 0.46337273716926575
    outer loop
      vertex -3.4762935638427734 -12.059185028076172 52.024688720703125
      vertex -2.2994728088378906 -12.70639419555664 51.78211212158203
      vertex -2.5499610900878906 -11.860221862792969 53.07719802856445
    endloop
  endfacet
  facet normal -0.40571898221969604 -0.7641100287437439 0.5015256404876709
    outer loop
      vertex -2.5499610900878906 -11.860221862792969 53.07719802856445
      vertex -4.553572654724121 -10.859956741333008 52.98031234741211
      vertex -3.4762935638427734 -12.059185028076172 52.024688720703125
    endloop
  endfacet
  facet normal -0.41134724020957947 -0.7647321820259094 0.49596166610717773
    outer loop
      vertex -3.4762935638427734 -12.059185028076172 52.024688720703125
      vertex -4.553572654724121 -10.859956741333008 52.98031234741211
      vertex -4.3651933670043945 -11.67196273803711 51.88450622558594
    endloop
  endfacet
  facet normal -0.42028120160102844 -0.8461717963218689 0.3276538550853729
    outer loop
      vertex -4.3651933670043945 -11.67196273803711 51.88450622558594
      vertex -3.8930673599243164 -12.198232650756836 51.13100051879883
      vertex -3.4762935638427734 -12.059185028076172 52.024688720703125
    endloop
  endfacet
  facet normal -0.42933446168899536 -0.8403178453445435 0.3309650421142578
    outer loop
      vertex -3.4762935638427734 -12.059185028076172 52.024688720703125
      vertex -3.8930673599243164 -12.198232650756836 51.13100051879883
      vertex -2.97078800201416 -12.70266342163086 51.046653747558594
    endloop
  endfacet
  facet normal -0.46366608142852783 -0.8730214834213257 0.15115293860435486
    outer loop
      vertex -3.8930673599243164 -12.198232650756836 51.13100051879883
      vertex -3.3900504112243652 -12.625354766845703 50.207069396972656
      vertex -2.97078800201416 -12.70266342163086 51.046653747558594
    endloop
  endfacet
  facet normal -0.4595412611961365 -0.8755933046340942 0.14885632693767548
    outer loop
      vertex -2.97078800201416 -12.70266342163086 51.046653747558594
      vertex -3.3900504112243652 -12.625354766845703 50.207069396972656
      vertex -2.5727739334106445 -13.07339096069336 50.09471130371094
    endloop
  endfacet
  facet normal -0.4811244010925293 -0.8766434192657471 -0.003948779311031103
    outer loop
      vertex -3.3900504112243652 -12.625354766845703 50.207069396972656
      vertex -2.9034881591796875 -12.887882232666016 49.20574951171875
      vertex -2.5727739334106445 -13.07339096069336 50.09471130371094
    endloop
  endfacet
  facet normal -0.41629308462142944 -0.8925175070762634 0.1735297292470932
    outer loop
      vertex -2.5727739334106445 -13.07339096069336 50.09471130371094
      vertex -2.047520637512207 -13.19137191772461 50.74796676635742
      vertex -2.97078800201416 -12.70266342163086 51.046653747558594
    endloop
  endfacet
  facet normal -0.5500025749206543 -0.8237279057502747 -0.13773007690906525
    outer loop
      vertex -3.6452746391296387 -12.450065612792969 49.26022720336914
      vertex -3.877408981323242 -12.129388809204102 48.26933288574219
      vertex -3.1900806427001953 -12.566740989685059 48.140289306640625
    endloop
  endfacet
  facet normal -0.5465407371520996 -0.825781524181366 -0.13920564949512482
    outer loop
      vertex -3.877408981323242 -12.129388809204102 48.26933288574219
      vertex -3.6452746391296387 -12.450065612792969 49.26022720336914
      vertex -4.212522506713867 -12.066689491271973 49.213096618652344
    endloop
  endfacet
  facet normal -0.5568792223930359 -0.8294112682342529 -0.0443006232380867
    outer loop
      vertex -4.212522506713867 -12.066689491271973 49.213096618652344
      vertex -3.6452746391296387 -12.450065612792969 49.26022720336914
      vertex -4.25144100189209 -12.091861724853516 50.17360305786133
    endloop
  endfacet
  facet normal -0.5894896388053894 -0.8065202236175537 -0.045022040605545044
    outer loop
      vertex -4.25144100189209 -12.091861724853516 50.17360305786133
      vertex -4.689969062805176 -11.735855102539062 49.537940979003906
      vertex -4.212522506713867 -12.066689491271973 49.213096618652344
    endloop
  endfacet
  facet normal -0.6298149228096008 -0.7622454762458801 -0.14938215911388397
    outer loop
      vertex -4.212522506713867 -12.066689491271973 49.213096618652344
      vertex -4.689969062805176 -11.735855102539062 49.537940979003906
      vertex -4.539425849914551 -11.66128921508789 48.52274703979492
    endloop
  endfacet
  facet normal -0.6667476892471313 -0.7295237183570862 -0.15245552361011505
    outer loop
      vertex -4.689969062805176 -11.735855102539062 49.537940979003906
      vertex -5.292593479156494 -11.106985092163086 49.16421127319336
      vertex -4.539425849914551 -11.66128921508789 48.52274703979492
    endloop
  endfacet
  facet normal -0.6776604652404785 -0.7131524682044983 -0.17941530048847198
    outer loop
      vertex -5.292593479156494 -11.106985092163086 49.16421127319336
      vertex -4.945229530334473 -11.020956039428711 47.51024627685547
      vertex -4.539425849914551 -11.66128921508789 48.52274703979492
    endloop
  endfacet
  facet normal -0.6990540027618408 -0.6913158893585205 -0.18277256190776825
    outer loop
      vertex -4.945229530334473 -11.020956039428711 47.51024627685547
      vertex -5.292593479156494 -11.106985092163086 49.16421127319336
      vertex -5.781398773193359 -10.275680541992188 47.889442443847656
    endloop
  endfacet
  facet normal -0.7134057283401489 -0.6798670291900635 -0.16980335116386414
    outer loop
      vertex -5.292593479156494 -11.106985092163086 49.16421127319336
      vertex -6.206817626953125 -10.271360397338867 49.65948486328125
      vertex -5.781398773193359 -10.275680541992188 47.889442443847656
    endloop
  endfacet
  facet normal -0.7078312039375305 -0.6928476095199585 -0.13761259615421295
    outer loop
      vertex -5.292593479156494 -11.106985092163086 49.16421127319336
      vertex -5.667477607727051 -10.947534561157227 50.28968811035156
      vertex -6.206817626953125 -10.271360397338867 49.65948486328125
    endloop
  endfacet
  facet normal -0.7368857860565186 -0.6702054738998413 -0.08845348656177521
    outer loop
      vertex -6.206817626953125 -10.271360397338867 49.65948486328125
      vertex -5.667477607727051 -10.947534561157227 50.28968811035156
      vertex -6.094192981719971 -10.545469284057617 50.79813766479492
    endloop
  endfacet
  facet normal -0.6652849912643433 -0.745924174785614 0.03151322901248932
    outer loop
      vertex -5.667477607727051 -10.947534561157227 50.28968811035156
      vertex -5.494978904724121 -11.061890602111816 51.22452926635742
      vertex -6.094192981719971 -10.545469284057617 50.79813766479492
    endloop
  endfacet
  facet normal -0.6967664957046509 -0.706608772277832 0.12337122112512589
    outer loop
      vertex -5.494978904724121 -11.061890602111816 51.22452926635742
      vertex -6.141255855560303 -10.352611541748047 51.636932373046875
      vertex -6.094192981719971 -10.545469284057617 50.79813766479492
    endloop
  endfacet
  facet normal -0.6373224258422852 -0.7278569340705872 0.25306999683380127
    outer loop
      vertex -6.141255855560303 -10.352611541748047 51.636932373046875
      vertex -5.494978904724121 -11.061890602111816 51.22452926635742
      vertex -5.490883827209473 -10.757841110229492 52.10932159423828
    endloop
  endfacet
  facet normal -0.6250376105308533 -0.7373293042182922 0.2562682628631592
    outer loop
      vertex -5.490883827209473 -10.757841110229492 52.10932159423828
      vertex -5.494978904724121 -11.061890602111816 51.22452926635742
      vertex -4.9727559089660645 -11.264713287353516 51.9146728515625
    endloop
  endfacet
  facet normal -0.5957578420639038 -0.7712538838386536 0.22414270043373108
    outer loop
      vertex -4.9727559089660645 -11.264713287353516 51.9146728515625
      vertex -5.494978904724121 -11.061890602111816 51.22452926635742
      vertex -4.711273670196533 -11.686994552612305 51.156646728515625
    endloop
  endfacet
  facet normal -0.6184560656547546 -0.7828198075294495 0.06859607249498367
    outer loop
      vertex -5.494978904724121 -11.061890602111816 51.22452926635742
      vertex -5.051380634307861 -11.492111206054688 50.31428527832031
      vertex -4.711273670196533 -11.686994552612305 51.156646728515625
    endloop
  endfacet
  facet normal -0.5929654240608215 -0.8034465909004211 0.05353201553225517
    outer loop
      vertex -4.711273670196533 -11.686994552612305 51.156646728515625
      vertex -5.051380634307861 -11.492111206054688 50.31428527832031
      vertex -4.25144100189209 -12.091861724853516 50.17360305786133
    endloop
  endfacet
  facet normal -0.6030132174491882 -0.7971500754356384 -0.030444609001278877
    outer loop
      vertex -4.25144100189209 -12.091861724853516 50.17360305786133
      vertex -5.051380634307861 -11.492111206054688 50.31428527832031
      vertex -4.689969062805176 -11.735855102539062 49.537940979003906
    endloop
  endfacet
  facet normal -0.6896724104881287 -0.7177684903144836 -0.09570998698472977
    outer loop
      vertex -4.689969062805176 -11.735855102539062 49.537940979003906
      vertex -5.051380634307861 -11.492111206054688 50.31428527832031
      vertex -5.292593479156494 -11.106985092163086 49.16421127319336
    endloop
  endfacet
  facet normal -0.6555432081222534 -0.7467212080955505 -0.11256354302167892
    outer loop
      vertex -5.292593479156494 -11.106985092163086 49.16421127319336
      vertex -5.051380634307861 -11.492111206054688 50.31428527832031
      vertex -5.667477607727051 -10.947534561157227 50.28968811035156
    endloop
  endfacet
  facet normal -0.6626546382904053 -0.7482940554618835 0.03073798678815365
    outer loop
      vertex -5.667477607727051 -10.947534561157227 50.28968811035156
      vertex -5.051380634307861 -11.492111206054688 50.31428527832031
      vertex -5.494978904724121 -11.061890602111816 51.22452926635742
    endloop
  endfacet
  facet normal -0.7005560994148254 -0.6860002279281616 -0.1965322196483612
    outer loop
      vertex -4.945229530334473 -11.020956039428711 47.51024627685547
      vertex -5.781398773193359 -10.275680541992188 47.889442443847656
      vertex -5.300359725952148 -10.251340866088867 46.089778900146484
    endloop
  endfacet
  facet normal -0.7233877778053284 -0.6601445078849792 -0.20228531956672668
    outer loop
      vertex -5.781398773193359 -10.275680541992188 47.889442443847656
      vertex -6.115790367126465 -9.41231918334961 46.267730712890625
      vertex -5.300359725952148 -10.251340866088867 46.089778900146484
    endloop
  endfacet
  facet normal -0.6108192801475525 -0.7742906808853149 -0.16545066237449646
    outer loop
      vertex -4.212522506713867 -12.066689491271973 49.213096618652344
      vertex -4.539425849914551 -11.66128921508789 48.52274703979492
      vertex -3.877408981323242 -12.129388809204102 48.26933288574219
    endloop
  endfacet
  facet normal -0.6956706047058105 -0.5903051495552063 0.40936803817749023
    outer loop
      vertex -6.694395065307617 -9.623800277709961 51.91893768310547
      vertex -6.01340389251709 -9.971595764160156 52.57468032836914
      vertex -7.002460956573486 -8.698416709899902 52.72981262207031
    endloop
  endfacet
  facet normal -0.7826521396636963 -0.5367507338523865 0.31520509719848633
    outer loop
      vertex -7.002460956573486 -8.698416709899902 52.72981262207031
      vertex -7.283876419067383 -9.005476951599121 51.5081787109375
      vertex -6.694395065307617 -9.623800277709961 51.91893768310547
    endloop
  endfacet
  facet normal -0.7624403834342957 -0.6306302547454834 0.14488042891025543
    outer loop
      vertex -7.283876419067383 -9.005476951599121 51.5081787109375
      vertex -6.715444564819336 -9.83126449584961 50.905120849609375
      vertex -6.694395065307617 -9.623800277709961 51.91893768310547
    endloop
  endfacet
  facet normal -0.7866544127464294 -0.6101862788200378 0.0940619558095932
    outer loop
      vertex -7.283876419067383 -9.005476951599121 51.5081787109375
      vertex -7.29044246673584 -9.142179489135742 50.56646728515625
      vertex -6.715444564819336 -9.83126449584961 50.905120849609375
    endloop
  endfacet
  facet normal -0.7548395991325378 -0.6540594100952148 -0.049228135496377945
    outer loop
      vertex -7.29044246673584 -9.142179489135742 50.56646728515625
      vertex -6.914843559265137 -9.522085189819336 49.854759216308594
      vertex -6.715444564819336 -9.83126449584961 50.905120849609375
    endloop
  endfacet
  facet normal -0.7955999970436096 -0.5973414778709412 -0.10101477056741714
    outer loop
      vertex -6.914843559265137 -9.522085189819336 49.854759216308594
      vertex -7.29044246673584 -9.142179489135742 50.56646728515625
      vertex -7.419427871704102 -8.796591758728027 49.53876495361328
    endloop
  endfacet
  facet normal -0.8349265456199646 -0.5447497367858887 -0.07839380204677582
    outer loop
      vertex -7.419427871704102 -8.796591758728027 49.53876495361328
      vertex -7.29044246673584 -9.142179489135742 50.56646728515625
      vertex -7.845409870147705 -8.31363296508789 50.71962356567383
    endloop
  endfacet
  facet normal -0.8200535178184509 -0.5655102133750916 0.0878094807267189
    outer loop
      vertex -7.845409870147705 -8.31363296508789 50.71962356567383
      vertex -7.29044246673584 -9.142179489135742 50.56646728515625
      vertex -7.283876419067383 -9.005476951599121 51.5081787109375
    endloop
  endfacet
  facet normal -0.8385975956916809 -0.5280418395996094 0.13388793170452118
    outer loop
      vertex -7.845409870147705 -8.31363296508789 50.71962356567383
      vertex -7.283876419067383 -9.005476951599121 51.5081787109375
      vertex -7.776754379272461 -8.126547813415527 51.887489318847656
    endloop
  endfacet
  facet normal -0.7620899677276611 -0.5643358826637268 0.3174019753932953
    outer loop
      vertex -7.776754379272461 -8.126547813415527 51.887489318847656
      vertex -7.283876419067383 -9.005476951599121 51.5081787109375
      vertex -7.002460956573486 -8.698416709899902 52.72981262207031
    endloop
  endfacet
  facet normal -0.7779853343963623 -0.5071826577186584 0.37081602215766907
    outer loop
      vertex -7.776754379272461 -8.126547813415527 51.887489318847656
      vertex -7.002460956573486 -8.698416709899902 52.72981262207031
      vertex -8.050737380981445 -7.01876974105835 52.827823638916016
    endloop
  endfacet
  facet normal -0.7721855640411377 -0.6117921471595764 -0.1715804934501648
    outer loop
      vertex -7.419427871704102 -8.796591758728027 49.53876495361328
      vertex -6.716154098510742 -9.33309555053711 48.286705017089844
      vertex -6.914843559265137 -9.522085189819336 49.854759216308594
    endloop
  endfacet
  facet normal -0.790943443775177 -0.5774264931678772 -0.20245321094989777
    outer loop
      vertex -7.479276180267334 -8.276053428649902 48.024410247802734
      vertex -7.568927764892578 -7.541546821594238 46.27973937988281
      vertex -6.892199516296387 -8.485418319702148 46.32796096801758
    endloop
  endfacet
  facet normal -0.8102104663848877 -0.5539466142654419 -0.19157813489437103
    outer loop
      vertex -7.568927764892578 -7.541546821594238 46.27973937988281
      vertex -7.479276180267334 -8.276053428649902 48.024410247802734
      vertex -8.097784042358398 -7.3392558097839355 47.93142318725586
    endloop
  endfacet
  facet normal -0.8143189549446106 -0.5546262264251709 -0.17109759151935577
    outer loop
      vertex -8.097784042358398 -7.3392558097839355 47.93142318725586
      vertex -7.479276180267334 -8.276053428649902 48.024410247802734
      vertex -8.004276275634766 -7.923335075378418 49.379722595214844
    endloop
  endfacet
  facet normal -0.8360967040061951 -0.5253686308860779 -0.1578923463821411
    outer loop
      vertex -8.004276275634766 -7.923335075378418 49.379722595214844
      vertex -8.544710159301758 -7.042741298675537 49.311439514160156
      vertex -8.097784042358398 -7.3392558097839355 47.93142318725586
    endloop
  endfacet
  facet normal -0.8470432162284851 -0.5049986243247986 -0.16581420600414276
    outer loop
      vertex -8.097784042358398 -7.3392558097839355 47.93142318725586
      vertex -8.544710159301758 -7.042741298675537 49.311439514160156
      vertex -8.647978782653809 -6.411357879638672 47.916053771972656
    endloop
  endfacet
  facet normal -0.8437893986701965 -0.5034039616584778 -0.18602122366428375
    outer loop
      vertex -8.647978782653809 -6.411357879638672 47.916053771972656
      vertex -8.163738250732422 -6.610213756561279 46.25768280029297
      vertex -8.097784042358398 -7.3392558097839355 47.93142318725586
    endloop
  endfacet
  facet normal -0.8238235712051392 -0.5308551788330078 -0.19876505434513092
    outer loop
      vertex -8.097784042358398 -7.3392558097839355 47.93142318725586
      vertex -8.163738250732422 -6.610213756561279 46.25768280029297
      vertex -7.568927764892578 -7.541546821594238 46.27973937988281
    endloop
  endfacet
  facet normal -0.853423535823822 -0.48494207859039307 -0.19104811549186707
    outer loop
      vertex -8.647978782653809 -6.411357879638672 47.916053771972656
      vertex -8.698264122009277 -5.674098968505859 46.26927947998047
      vertex -8.163738250732422 -6.610213756561279 46.25768280029297
    endloop
  endfacet
  facet normal -0.872363269329071 -0.4555661678314209 -0.1773182451725006
    outer loop
      vertex -8.698264122009277 -5.674098968505859 46.26927947998047
      vertex -8.647978782653809 -6.411357879638672 47.916053771972656
      vertex -9.14877986907959 -5.461916923522949 47.94057083129883
    endloop
  endfacet
  facet normal -0.8799823522567749 -0.43897226452827454 -0.18147873878479004
    outer loop
      vertex -9.14877986907959 -5.461916923522949 47.94057083129883
      vertex -9.178879737854004 -4.723778247833252 46.30106735229492
      vertex -8.698264122009277 -5.674098968505859 46.26927947998047
    endloop
  endfacet
  facet normal -0.8978065252304077 -0.40750443935394287 -0.16698402166366577
    outer loop
      vertex -9.178879737854004 -4.723778247833252 46.30106735229492
      vertex -9.14877986907959 -5.461916923522949 47.94057083129883
      vertex -9.595298767089844 -4.4906158447265625 47.97098159790039
    endloop
  endfacet
  facet normal -0.9044489860534668 -0.3908214867115021 -0.17096978425979614
    outer loop
      vertex -9.178879737854004 -4.723778247833252 46.30106735229492
      vertex -9.595298767089844 -4.4906158447265625 47.97098159790039
      vertex -9.600936889648438 -3.7639877796173096 46.33980178833008
    endloop
  endfacet
  facet normal -0.9229284524917603 -0.35283422470092773 -0.15398405492305756
    outer loop
      vertex -9.595298767089844 -4.4906158447265625 47.97098159790039
      vertex -9.97359848022461 -3.5072274208068848 47.985076904296875
      vertex -9.600936889648438 -3.7639877796173096 46.33980178833008
    endloop
  endfacet
  facet normal -0.9278419017791748 -0.3381386995315552 -0.15739034116268158
    outer loop
      vertex -9.97359848022461 -3.5072274208068848 47.985076904296875
      vertex -9.95643138885498 -2.8045806884765625 46.37430191040039
      vertex -9.600936889648438 -3.7639877796173096 46.33980178833008
    endloop
  endfacet
  facet normal -0.9449530243873596 -0.29610326886177063 -0.13923613727092743
    outer loop
      vertex -9.95643138885498 -2.8045806884765625 46.37430191040039
      vertex -9.97359848022461 -3.5072274208068848 47.985076904296875
      vertex -10.275398254394531 -2.534238338470459 47.964115142822266
    endloop
  endfacet
  facet normal -0.947968065738678 -0.29653486609458923 -0.11586040258407593
    outer loop
      vertex -9.97359848022461 -3.5072274208068848 47.985076904296875
      vertex -10.266718864440918 -3.120546817779541 49.393707275390625
      vertex -10.275398254394531 -2.534238338470459 47.964115142822266
    endloop
  endfacet
  facet normal -0.9638227820396423 -0.2486131489276886 -0.09611035138368607
    outer loop
      vertex -10.266718864440918 -3.120546817779541 49.393707275390625
      vertex -10.508639335632324 -2.1252362728118896 49.245140075683594
      vertex -10.275398254394531 -2.534238338470459 47.964115142822266
    endloop
  endfacet
  facet normal -0.9660273194313049 -0.23840515315532684 -0.0997709408402443
    outer loop
      vertex -10.275398254394531 -2.534238338470459 47.964115142822266
      vertex -10.508639335632324 -2.1252362728118896 49.245140075683594
      vertex -10.49826717376709 -1.6166737079620361 47.92948913574219
    endloop
  endfacet
  facet normal -0.9757649898529053 -0.20140688121318817 -0.0855460837483406
    outer loop
      vertex -10.508639335632324 -2.1252362728118896 49.245140075683594
      vertex -10.652990341186523 -1.3297556638717651 49.018798828125
      vertex -10.49826717376709 -1.6166737079620361 47.92948913574219
    endloop
  endfacet
  facet normal -0.9817765355110168 -0.16383540630340576 -0.09629607945680618
    outer loop
      vertex -10.49826717376709 -1.6166737079620361 47.92948913574219
      vertex -10.652990341186523 -1.3297556638717651 49.018798828125
      vertex -10.650989532470703 -0.7479373216629028 48.00851058959961
    endloop
  endfacet
  facet normal -0.9936319589614868 -0.09677870571613312 -0.057702045887708664
    outer loop
      vertex -10.652990341186523 -1.3297556638717651 49.018798828125
      vertex -10.746042251586914 -0.5828242301940918 49.36839294433594
      vertex -10.650989532470703 -0.7479373216629028 48.00851058959961
    endloop
  endfacet
  facet normal -0.9944173097610474 -0.08756675571203232 -0.058875422924757004
    outer loop
      vertex -10.650989532470703 -0.7479373216629028 48.00851058959961
      vertex -10.746042251586914 -0.5828242301940918 49.36839294433594
      vertex -10.742635726928711 0.16238340735435486 48.202491760253906
    endloop
  endfacet
  facet normal -0.9988516569137573 -0.038991644978523254 -0.027840685099363327
    outer loop
      vertex -10.746042251586914 -0.5828242301940918 49.36839294433594
      vertex -10.793635368347168 0.42670783400535583 49.66203308105469
      vertex -10.742635726928711 0.16238340735435486 48.202491760253906
    endloop
  endfacet
  facet normal -0.999305784702301 -0.020292380824685097 -0.031243011355400085
    outer loop
      vertex -10.742635726928711 0.16238340735435486 48.202491760253906
      vertex -10.793635368347168 0.42670783400535583 49.66203308105469
      vertex -10.7678861618042 1.143068552017212 48.3731689453125
    endloop
  endfacet
  facet normal -0.999785840511322 0.01819673553109169 -0.009860050864517689
    outer loop
      vertex -10.7678861618042 1.143068552017212 48.3731689453125
      vertex -10.793635368347168 0.42670783400535583 49.66203308105469
      vertex -10.77495288848877 1.5250999927520752 49.79475784301758
    endloop
  endfacet
  facet normal -0.9986802935600281 0.010922523215413094 0.05018364265561104
    outer loop
      vertex -10.77495288848877 1.5250999927520752 49.79475784301758
      vertex -10.793635368347168 0.42670783400535583 49.66203308105469
      vertex -10.71657943725586 0.839310348033905 51.105682373046875
    endloop
  endfacet
  facet normal -0.9978501200675964 -0.025252249091863632 0.060478270053863525
    outer loop
      vertex -10.793635368347168 0.42670783400535583 49.66203308105469
      vertex -10.707817077636719 -0.42777958512306213 50.72119140625
      vertex -10.71657943725586 0.839310348033905 51.105682373046875
    endloop
  endfacet
  facet normal -0.9977613687515259 -0.05714363232254982 0.03474236652255058
    outer loop
      vertex -10.707817077636719 -0.42777958512306213 50.72119140625
      vertex -10.793635368347168 0.42670783400535583 49.66203308105469
      vertex -10.746042251586914 -0.5828242301940918 49.36839294433594
    endloop
  endfacet
  facet normal -0.9953446388244629 -0.08845920860767365 0.03826316446065903
    outer loop
      vertex -10.746042251586914 -0.5828242301940918 49.36839294433594
      vertex -10.638012886047363 -1.4545989036560059 50.163150787353516
      vertex -10.707817077636719 -0.42777958512306213 50.72119140625
    endloop
  endfacet
  facet normal -0.9923563599586487 -0.12340448796749115 -0.0004747197963297367
    outer loop
      vertex -10.638012886047363 -1.4545989036560059 50.163150787353516
      vertex -10.746042251586914 -0.5828242301940918 49.36839294433594
      vertex -10.652990341186523 -1.3297556638717651 49.018798828125
    endloop
  endfacet
  facet normal -0.9835662841796875 -0.18041938543319702 -0.006809810176491737
    outer loop
      vertex -10.638012886047363 -1.4545989036560059 50.163150787353516
      vertex -10.652990341186523 -1.3297556638717651 49.018798828125
      vertex -10.508639335632324 -2.1252362728118896 49.245140075683594
    endloop
  endfacet
  facet normal -0.9824946522712708 -0.18627554178237915 -0.0023806756362318993
    outer loop
      vertex -10.638012886047363 -1.4545989036560059 50.163150787353516
      vertex -10.508639335632324 -2.1252362728118896 49.245140075683594
      vertex -10.43436050415039 -2.5336906909942627 50.550025939941406
    endloop
  endfacet
  facet normal -0.9708511233329773 -0.23888789117336273 -0.019512144848704338
    outer loop
      vertex -10.43436050415039 -2.5336906909942627 50.550025939941406
      vertex -10.508639335632324 -2.1252362728118896 49.245140075683594
      vertex -10.266718864440918 -3.120546817779541 49.393707275390625
    endloop
  endfacet
  facet normal -0.9733778834342957 -0.22778141498565674 -0.02551523596048355
    outer loop
      vertex -10.43436050415039 -2.5336906909942627 50.550025939941406
      vertex -10.266718864440918 -3.120546817779541 49.393707275390625
      vertex -10.167806625366211 -3.694793701171875 50.74677276611328
    endloop
  endfacet
  facet normal -0.9504880905151367 -0.3049275577068329 -0.05992968752980232
    outer loop
      vertex -10.167806625366211 -3.694793701171875 50.74677276611328
      vertex -10.266718864440918 -3.120546817779541 49.393707275390625
      vertex -9.940120697021484 -4.1448445320129395 49.425559997558594
    endloop
  endfacet
  facet normal -0.9456120729446411 -0.3050243854522705 -0.11303970217704773
    outer loop
      vertex -10.266718864440918 -3.120546817779541 49.393707275390625
      vertex -9.97359848022461 -3.5072274208068848 47.985076904296875
      vertex -9.940120697021484 -4.1448445320129395 49.425559997558594
    endloop
  endfacet
  facet normal -0.9253991842269897 -0.3540537655353546 -0.13521188497543335
    outer loop
      vertex -9.940120697021484 -4.1448445320129395 49.425559997558594
      vertex -9.97359848022461 -3.5072274208068848 47.985076904296875
      vertex -9.595298767089844 -4.4906158447265625 47.97098159790039
    endloop
  endfacet
  facet normal -0.9955667853355408 0.05751807987689972 0.0744207352399826
    outer loop
      vertex -10.77495288848877 1.5250999927520752 49.79475784301758
      vertex -10.71657943725586 0.839310348033905 51.105682373046875
      vertex -10.652159690856934 2.1260547637939453 50.972965240478516
    endloop
  endfacet
  facet normal -0.9947183132171631 0.08186738193035126 0.061912745237350464
    outer loop
      vertex -10.652159690856934 2.1260547637939453 50.972965240478516
      vertex -10.690431594848633 2.5612382888793945 49.78262710571289
      vertex -10.77495288848877 1.5250999927520752 49.79475784301758
    endloop
  endfacet
  facet normal -0.9966859817504883 0.0812591090798378 -0.0037523622158914804
    outer loop
      vertex -10.77495288848877 1.5250999927520752 49.79475784301758
      vertex -10.690431594848633 2.5612382888793945 49.78262710571289
      vertex -10.720827102661133 2.128373146057129 48.48225784301758
    endloop
  endfacet
  facet normal -0.9916605949401855 0.1274328976869583 -0.01924009807407856
    outer loop
      vertex -10.690431594848633 2.5612382888793945 49.78262710571289
      vertex -10.602401733398438 3.0619754791259766 48.561981201171875
      vertex -10.720827102661133 2.128373146057129 48.48225784301758
    endloop
  endfacet
  facet normal -0.9910491704940796 0.12873120605945587 -0.035352084785699844
    outer loop
      vertex -10.720827102661133 2.128373146057129 48.48225784301758
      vertex -10.602401733398438 3.0619754791259766 48.561981201171875
      vertex -10.591075897216797 2.7396352291107178 47.07070541381836
    endloop
  endfacet
  facet normal -0.9813271760940552 0.18633028864860535 -0.04772832989692688
    outer loop
      vertex -10.591075897216797 2.7396352291107178 47.07070541381836
      vertex -10.602401733398438 3.0619754791259766 48.561981201171875
      vertex -10.433577537536621 3.6099817752838135 47.23024368286133
    endloop
  endfacet
  facet normal -0.9941675066947937 0.09555376321077347 -0.0500059612095356
    outer loop
      vertex -10.720827102661133 2.128373146057129 48.48225784301758
      vertex -10.591075897216797 2.7396352291107178 47.07070541381836
      vertex -10.671764373779297 1.8247984647750854 46.9267578125
    endloop
  endfacet
  facet normal -0.9977632164955139 0.05226780101656914 -0.041671596467494965
    outer loop
      vertex -10.720827102661133 2.128373146057129 48.48225784301758
      vertex -10.671764373779297 1.8247984647750854 46.9267578125
      vertex -10.7678861618042 1.143068552017212 48.3731689453125
    endloop
  endfacet
  facet normal -0.9980858564376831 0.01201513223350048 -0.06066512688994408
    outer loop
      vertex -10.7678861618042 1.143068552017212 48.3731689453125
      vertex -10.671764373779297 1.8247984647750854 46.9267578125
      vertex -10.673612594604492 0.8895947337150574 46.771942138671875
    endloop
  endfacet
  facet normal -0.9982895255088806 -0.015912968665361404 -0.056256115436553955
    outer loop
      vertex -10.7678861618042 1.143068552017212 48.3731689453125
      vertex -10.673612594604492 0.8895947337150574 46.771942138671875
      vertex -10.742635726928711 0.16238340735435486 48.202491760253906
    endloop
  endfacet
  facet normal -0.9945949912071228 -0.06495212018489838 -0.08100661635398865
    outer loop
      vertex -10.742635726928711 0.16238340735435486 48.202491760253906
      vertex -10.673612594604492 0.8895947337150574 46.771942138671875
      vertex -10.599990844726562 -0.03865078091621399 46.61229705810547
    endloop
  endfacet
  facet normal -0.9934238195419312 -0.08326654136180878 -0.07858622819185257
    outer loop
      vertex -10.599990844726562 -0.03865078091621399 46.61229705810547
      vertex -10.650989532470703 -0.7479373216629028 48.00851058959961
      vertex -10.742635726928711 0.16238340735435486 48.202491760253906
    endloop
  endfacet
  facet normal -0.9840542674064636 -0.14147044718265533 -0.10781198740005493
    outer loop
      vertex -10.599990844726562 -0.03865078091621399 46.61229705810547
      vertex -10.454967498779297 -0.9486641883850098 46.48271179199219
      vertex -10.650989532470703 -0.7479373216629028 48.00851058959961
    endloop
  endfacet
  facet normal -0.981072723865509 -0.1629561185836792 -0.1046023815870285
    outer loop
      vertex -10.650989532470703 -0.7479373216629028 48.00851058959961
      vertex -10.454967498779297 -0.9486641883850098 46.48271179199219
      vertex -10.49826717376709 -1.6166737079620361 47.92948913574219
    endloop
  endfacet
  facet normal -0.9679374098777771 -0.21577689051628113 -0.12859781086444855
    outer loop
      vertex -10.49826717376709 -1.6166737079620361 47.92948913574219
      vertex -10.454967498779297 -0.9486641883850098 46.48271179199219
      vertex -10.241515159606934 -1.864160418510437 46.41221618652344
    endloop
  endfacet
  facet normal -0.9631547927856445 -0.23862411081790924 -0.12406182289123535
    outer loop
      vertex -10.241515159606934 -1.864160418510437 46.41221618652344
      vertex -10.275398254394531 -2.534238338470459 47.964115142822266
      vertex -10.49826717376709 -1.6166737079620361 47.92948913574219
    endloop
  endfacet
  facet normal -0.9488170146942139 -0.2818869948387146 -0.14242881536483765
    outer loop
      vertex -10.241515159606934 -1.864160418510437 46.41221618652344
      vertex -9.95643138885498 -2.8045806884765625 46.37430191040039
      vertex -10.275398254394531 -2.534238338470459 47.964115142822266
    endloop
  endfacet
  facet normal -0.9985948801040649 0.049722835421562195 -0.01832631416618824
    outer loop
      vertex -10.720827102661133 2.128373146057129 48.48225784301758
      vertex -10.7678861618042 1.143068552017212 48.3731689453125
      vertex -10.77495288848877 1.5250999927520752 49.79475784301758
    endloop
  endfacet
  facet normal -0.9904401302337646 0.11620450764894485 0.07432872802019119
    outer loop
      vertex -10.690431594848633 2.5612382888793945 49.78262710571289
      vertex -10.652159690856934 2.1260547637939453 50.972965240478516
      vertex -10.55785083770752 3.0876152515411377 50.72635269165039
    endloop
  endfacet
  facet normal -0.971551239490509 0.14359110593795776 0.18833446502685547
    outer loop
      vertex -10.652159690856934 2.1260547637939453 50.972965240478516
      vertex -10.309349060058594 3.135612964630127 51.9716911315918
      vertex -10.55785083770752 3.0876152515411377 50.72635269165039
    endloop
  endfacet
  facet normal -0.8445578813552856 -0.5260640382766724 -0.09989259392023087
    outer loop
      vertex -8.544710159301758 -7.042741298675537 49.311439514160156
      vertex -8.004276275634766 -7.923335075378418 49.379722595214844
      vertex -8.372207641601562 -7.513340950012207 50.33130645751953
    endloop
  endfacet
  facet normal -0.8313508629798889 -0.4507616460323334 0.32506850361824036
    outer loop
      vertex -8.050737380981445 -7.01876974105835 52.827823638916016
      vertex -8.960150718688965 -5.291082382202148 52.89775848388672
      vertex -8.91454792022705 -6.232326507568359 51.70919418334961
    endloop
  endfacet
  facet normal -0.8441417813301086 -0.4355829656124115 0.31255748867988586
    outer loop
      vertex -8.960150718688965 -5.291082382202148 52.89775848388672
      vertex -9.528501510620117 -5.072269439697266 51.667720794677734
      vertex -8.91454792022705 -6.232326507568359 51.70919418334961
    endloop
  endfacet
  facet normal -0.8795596957206726 -0.4613421559333801 0.1163535937666893
    outer loop
      vertex -9.528501510620117 -5.072269439697266 51.667720794677734
      vertex -9.337921142578125 -5.702125549316406 50.61100769042969
      vertex -8.91454792022705 -6.232326507568359 51.70919418334961
    endloop
  endfacet
  facet normal -0.8791742920875549 -0.462220162153244 0.11578112095594406
    outer loop
      vertex -9.337921142578125 -5.702125549316406 50.61100769042969
      vertex -8.823455810546875 -6.7038397789001465 50.518524169921875
      vertex -8.91454792022705 -6.232326507568359 51.70919418334961
    endloop
  endfacet
  facet normal -0.8902691006660461 -0.4523169994354248 -0.053200364112854004
    outer loop
      vertex -9.337921142578125 -5.702125549316406 50.61100769042969
      vertex -9.052228927612305 -6.116769790649414 49.35552215576172
      vertex -8.823455810546875 -6.7038397789001465 50.518524169921875
    endloop
  endfacet
  facet normal -0.8977261185646057 -0.4364294409751892 -0.060144390910863876
    outer loop
      vertex -9.337921142578125 -5.702125549316406 50.61100769042969
      vertex -9.52897834777832 -5.141453742980957 49.394325256347656
      vertex -9.052228927612305 -6.116769790649414 49.35552215576172
    endloop
  endfacet
  facet normal -0.903176486492157 -0.4258093237876892 -0.054394565522670746
    outer loop
      vertex -9.337921142578125 -5.702125549316406 50.61100769042969
      vertex -9.806230545043945 -4.709789276123047 50.61872863769531
      vertex -9.52897834777832 -5.141453742980957 49.394325256347656
    endloop
  endfacet
  facet normal -0.9003005623817444 -0.4255857765674591 0.09130022674798965
    outer loop
      vertex -9.806230545043945 -4.709789276123047 50.61872863769531
      vertex -9.337921142578125 -5.702125549316406 50.61100769042969
      vertex -9.528501510620117 -5.072269439697266 51.667720794677734
    endloop
  endfacet
  facet normal -0.8882289528846741 -0.45259779691696167 0.07877010852098465
    outer loop
      vertex -9.528501510620117 -5.072269439697266 51.667720794677734
      vertex -9.94742488861084 -4.285750389099121 51.463035583496094
      vertex -9.806230545043945 -4.709789276123047 50.61872863769531
    endloop
  endfacet
  facet normal -0.8711403608322144 -0.38452258706092834 0.30537983775138855
    outer loop
      vertex -9.528501510620117 -5.072269439697266 51.667720794677734
      vertex -9.762883186340332 -3.99240779876709 52.35883331298828
      vertex -9.94742488861084 -4.285750389099121 51.463035583496094
    endloop
  endfacet
  facet normal -0.8804859519004822 -0.36604660749435425 0.30125486850738525
    outer loop
      vertex -9.762883186340332 -3.99240779876709 52.35883331298828
      vertex -10.099319458007812 -3.7886579036712646 51.62309265136719
      vertex -9.94742488861084 -4.285750389099121 51.463035583496094
    endloop
  endfacet
  facet normal -0.9127972722053528 -0.17542292177677155 0.3688197731971741
    outer loop
      vertex -9.762883186340332 -3.99240779876709 52.35883331298828
      vertex -10.213281631469727 -3.0542449951171875 51.69035720825195
      vertex -10.099319458007812 -3.7886579036712646 51.62309265136719
    endloop
  endfacet
  facet normal -0.9234248995780945 -0.21852558851242065 0.3154885470867157
    outer loop
      vertex -10.213281631469727 -3.0542449951171875 51.69035720825195
      vertex -9.762883186340332 -3.99240779876709 52.35883331298828
      vertex -9.929825782775879 -2.559278964996338 52.86286544799805
    endloop
  endfacet
  facet normal -0.9485491514205933 -0.1351177841424942 0.28635236620903015
    outer loop
      vertex -9.929825782775879 -2.559278964996338 52.86286544799805
      vertex -10.432284355163574 -1.5885183811187744 51.65652084350586
      vertex -10.213281631469727 -3.0542449951171875 51.69035720825195
    endloop
  endfacet
  facet normal -0.9478651285171509 -0.12789060175418854 0.29188328981399536
    outer loop
      vertex -9.929825782775879 -2.559278964996338 52.86286544799805
      vertex -10.051161766052246 -0.8434876203536987 53.22062301635742
      vertex -10.432284355163574 -1.5885183811187744 51.65652084350586
    endloop
  endfacet
  facet normal -0.945667564868927 -0.13612227141857147 0.29526880383491516
    outer loop
      vertex -10.051161766052246 -0.8434876203536987 53.22062301635742
      vertex -10.54141616821289 -0.1024065762758255 51.99211502075195
      vertex -10.432284355163574 -1.5885183811187744 51.65652084350586
    endloop
  endfacet
  facet normal -0.9412347674369812 -0.07783182710409164 0.3286627531051636
    outer loop
      vertex -10.051161766052246 -0.8434876203536987 53.22062301635742
      vertex -10.302023887634277 0.7127209901809692 52.8707275390625
      vertex -10.54141616821289 -0.1024065762758255 51.99211502075195
    endloop
  endfacet
  facet normal -0.9397894144058228 -0.08168905228376389 0.3318474590778351
    outer loop
      vertex -10.302023887634277 0.7127209901809692 52.8707275390625
      vertex -10.588777542114258 0.7643086314201355 52.07134246826172
      vertex -10.54141616821289 -0.1024065762758255 51.99211502075195
    endloop
  endfacet
  facet normal -0.9360967874526978 0.08512021601200104 0.341287761926651
    outer loop
      vertex -10.302023887634277 0.7127209901809692 52.8707275390625
      vertex -10.491656303405762 1.6348199844360352 52.1206169128418
      vertex -10.588777542114258 0.7643086314201355 52.07134246826172
    endloop
  endfacet
  facet normal -0.9327065944671631 0.09187686443328857 0.3487365245819092
    outer loop
      vertex -10.491656303405762 1.6348199844360352 52.1206169128418
      vertex -10.302023887634277 0.7127209901809692 52.8707275390625
      vertex -9.936957359313965 2.241119861602783 53.44444274902344
    endloop
  endfacet
  facet normal -0.8586132526397705 -0.3952667713165283 0.3264160454273224
    outer loop
      vertex -9.528501510620117 -5.072269439697266 51.667720794677734
      vertex -8.960150718688965 -5.291082382202148 52.89775848388672
      vertex -9.762883186340332 -3.99240779876709 52.35883331298828
    endloop
  endfacet
  facet normal -0.9329667687416077 0.19556047022342682 0.30220726132392883
    outer loop
      vertex -9.767646789550781 4.037656307220459 53.2535400390625
      vertex -9.495552062988281 5.56716775894165 53.10378646850586
      vertex -10.002366065979004 4.651227951049805 52.131874084472656
    endloop
  endfacet
  facet normal -0.9333825707435608 0.20093728601932526 0.2973569631576538
    outer loop
      vertex -9.495552062988281 5.56716775894165 53.10378646850586
      vertex -9.782456398010254 5.657334327697754 52.14228439331055
      vertex -10.002366065979004 4.651227951049805 52.131874084472656
    endloop
  endfacet
  facet normal -0.9211164712905884 0.2501130700111389 0.2983083724975586
    outer loop
      vertex -9.495552062988281 5.56716775894165 53.10378646850586
      vertex -9.491677284240723 6.340302467346191 52.467525482177734
      vertex -9.782456398010254 5.657334327697754 52.14228439331055
    endloop
  endfacet
  facet normal -0.8717299103736877 0.31395775079727173 0.376188188791275
    outer loop
      vertex -9.491677284240723 6.340302467346191 52.467525482177734
      vertex -9.495552062988281 5.56716775894165 53.10378646850586
      vertex -8.960257530212402 6.989169120788574 53.157440185546875
    endloop
  endfacet
  facet normal -0.8695173263549805 0.3902431130409241 0.30273735523223877
    outer loop
      vertex -8.960257530212402 6.989169120788574 53.157440185546875
      vertex -9.285662651062012 7.0140275955200195 52.190773010253906
      vertex -9.491677284240723 6.340302467346191 52.467525482177734
    endloop
  endfacet
  facet normal -0.8629845976829529 0.4058244824409485 0.3009389340877533
    outer loop
      vertex -8.960257530212402 6.989169120788574 53.157440185546875
      vertex -8.873201370239258 7.663388252258301 52.49788284301758
      vertex -9.285662651062012 7.0140275955200195 52.190773010253906
    endloop
  endfacet
  facet normal -0.8047669529914856 0.46492868661880493 0.3690412640571594
    outer loop
      vertex -8.960257530212402 6.989169120788574 53.157440185546875
      vertex -8.175985336303711 8.38164234161377 53.11342239379883
      vertex -8.873201370239258 7.663388252258301 52.49788284301758
    endloop
  endfacet
  facet normal -0.7970319390296936 0.5372198224067688 0.2759256064891815
    outer loop
      vertex -8.175985336303711 8.38164234161377 53.11342239379883
      vertex -8.635150909423828 8.157630920410156 52.22323226928711
      vertex -8.873201370239258 7.663388252258301 52.49788284301758
    endloop
  endfacet
  facet normal -0.7667985558509827 0.5927268266677856 0.24636304378509521
    outer loop
      vertex -8.175985336303711 8.38164234161377 53.11342239379883
      vertex -8.268572807312012 8.65228271484375 52.174110412597656
      vertex -8.635150909423828 8.157630920410156 52.22323226928711
    endloop
  endfacet
  facet normal -0.7395464181900024 0.6238881945610046 0.2526552081108093
    outer loop
      vertex -8.268572807312012 8.65228271484375 52.174110412597656
      vertex -8.175985336303711 8.38164234161377 53.11342239379883
      vertex -7.680780410766602 9.268049240112305 52.374107360839844
    endloop
  endfacet
  facet normal -0.7633213400840759 0.6081677079200745 0.21788211166858673
    outer loop
      vertex -7.680780410766602 9.268049240112305 52.374107360839844
      vertex -8.175985336303711 8.38164234161377 53.11342239379883
      vertex -6.957971096038818 9.755389213562012 53.546077728271484
    endloop
  endfacet
  facet normal -0.9706822633743286 0.23339569568634033 0.05746748670935631
    outer loop
      vertex -10.322569847106934 4.130135536193848 50.856666564941406
      vertex -10.363322257995605 4.243276596069336 49.70881271362305
      vertex -10.539518356323242 3.493741512298584 49.77681350708008
    endloop
  endfacet
  facet normal -0.9736646413803101 0.2273913472890854 -0.016442539170384407
    outer loop
      vertex -10.363322257995605 4.243276596069336 49.70881271362305
      vertex -10.421894073486328 3.916337728500366 48.655826568603516
      vertex -10.539518356323242 3.493741512298584 49.77681350708008
    endloop
  endfacet
  facet normal -0.07826083153486252 0.678461492061615 -0.7304555773735046
    outer loop
      vertex 4.2538957595825195 15.584866523742676 53.102630615234375
      vertex 2.3606483936309814 16.266881942749023 53.938941955566406
      vertex 3.0 17.232589721679688 54.76741027832031
    endloop
  endfacet
  facet normal 0.09785346686840057 0.7431960701942444 -0.6618793606758118
    outer loop
      vertex 4.2538957595825195 15.584866523742676 53.102630615234375
      vertex 3.0 17.232589721679688 54.76741027832031
      vertex 4.443667888641357 17.132047653198242 54.867950439453125
    endloop
  endfacet
  facet normal 0.34042128920555115 0.6886832118034363 -0.6401786804199219
    outer loop
      vertex 4.443667888641357 17.132047653198242 54.867950439453125
      vertex 6.097010612487793 15.641904830932617 54.14408493041992
      vertex 4.2538957595825195 15.584866523742676 53.102630615234375
    endloop
  endfacet
  facet normal 0.27237391471862793 0.8055891990661621 -0.5261544585227966
    outer loop
      vertex 4.2538957595825195 15.584866523742676 53.102630615234375
      vertex 6.097010612487793 15.641904830932617 54.14408493041992
      vertex 6.012617111206055 14.746660232543945 52.729698181152344
    endloop
  endfacet
  facet normal 0.44064322113990784 0.7463945150375366 -0.49872711300849915
    outer loop
      vertex 6.012617111206055 14.746660232543945 52.729698181152344
      vertex 6.097010612487793 15.641904830932617 54.14408493041992
      vertex 7.166345119476318 14.219614028930664 52.96028137207031
    endloop
  endfacet
  facet normal 0.533523678779602 0.7408069372177124 -0.4081147611141205
    outer loop
      vertex 6.097010612487793 15.641904830932617 54.14408493041992
      vertex 7.8390398025512695 14.563873291015625 54.46458435058594
      vertex 7.166345119476318 14.219614028930664 52.96028137207031
    endloop
  endfacet
  facet normal 0.5676794052124023 0.7101878523826599 -0.416381299495697
    outer loop
      vertex 7.166345119476318 14.219614028930664 52.96028137207031
      vertex 7.8390398025512695 14.563873291015625 54.46458435058594
      vertex 8.289117813110352 13.290725708007812 52.906700134277344
    endloop
  endfacet
  facet normal 0.7319897413253784 0.6157114505767822 -0.2917027771472931
    outer loop
      vertex 7.8390398025512695 14.563873291015625 54.46458435058594
      vertex 8.955650329589844 12.918943405151367 53.79453659057617
      vertex 8.289117813110352 13.290725708007812 52.906700134277344
    endloop
  endfacet
  facet normal 0.6993750333786011 0.6719357967376709 -0.2436736673116684
    outer loop
      vertex 8.289117813110352 13.290725708007812 52.906700134277344
      vertex 8.955650329589844 12.918943405151367 53.79453659057617
      vertex 9.042655944824219 12.417284965515137 52.660919189453125
    endloop
  endfacet
  facet normal 0.773139476776123 0.599816083908081 -0.20609714090824127
    outer loop
      vertex 8.955650329589844 12.918943405151367 53.79453659057617
      vertex 9.619013786315918 11.767988204956055 52.933345794677734
      vertex 9.042655944824219 12.417284965515137 52.660919189453125
    endloop
  endfacet
  facet normal 0.8247687220573425 0.5552894473075867 -0.10681942850351334
    outer loop
      vertex 8.955650329589844 12.918943405151367 53.79453659057617
      vertex 9.901880264282227 11.610498428344727 54.2987060546875
      vertex 9.619013786315918 11.767988204956055 52.933345794677734
    endloop
  endfacet
  facet normal 0.8244427442550659 0.5557973384857178 -0.10669329762458801
    outer loop
      vertex 9.619013786315918 11.767988204956055 52.933345794677734
      vertex 9.901880264282227 11.610498428344727 54.2987060546875
      vertex 10.158758163452148 10.962143898010254 52.906185150146484
    endloop
  endfacet
  facet normal 0.8852208852767944 0.4622631072998047 -0.05193222686648369
    outer loop
      vertex 9.901880264282227 11.610498428344727 54.2987060546875
      vertex 10.55111312866211 10.23474407196045 53.119361877441406
      vertex 10.158758163452148 10.962143898010254 52.906185150146484
    endloop
  endfacet
  facet normal 0.8827521800994873 0.4692481756210327 -0.023553896695375443
    outer loop
      vertex 10.55111312866211 10.23474407196045 53.119361877441406
      vertex 10.569178581237793 10.150148391723633 52.11107635498047
      vertex 10.158758163452148 10.962143898010254 52.906185150146484
    endloop
  endfacet
  facet normal 0.8457156419754028 0.524375855922699 -0.09896992892026901
    outer loop
      vertex 10.569178581237793 10.150148391723633 52.11107635498047
      vertex 10.078313827514648 10.921558380126953 52.00373840332031
      vertex 10.158758163452148 10.962143898010254 52.906185150146484
    endloop
  endfacet
  facet normal 0.8252659440040588 0.5560750961303711 -0.09857267141342163
    outer loop
      vertex 10.078313827514648 10.921558380126953 52.00373840332031
      vertex 9.619013786315918 11.767988204956055 52.933345794677734
      vertex 10.158758163452148 10.962143898010254 52.906185150146484
    endloop
  endfacet
  facet normal 0.8459938764572144 0.5284286737442017 -0.07111605256795883
    outer loop
      vertex 10.569178581237793 10.150148391723633 52.11107635498047
      vertex 10.515777587890625 10.10360336303711 51.129966735839844
      vertex 10.078313827514648 10.921558380126953 52.00373840332031
    endloop
  endfacet
  facet normal 0.8636972308158875 0.4990299940109253 -0.07068490982055664
    outer loop
      vertex 10.569178581237793 10.150148391723633 52.11107635498047
      vertex 10.990345001220703 9.283663749694824 51.139984130859375
      vertex 10.515777587890625 10.10360336303711 51.129966735839844
    endloop
  endfacet
  facet normal 0.8644195795059204 0.4996255934238434 -0.056152284145355225
    outer loop
      vertex 10.515777587890625 10.10360336303711 51.129966735839844
      vertex 10.990345001220703 9.283663749694824 51.139984130859375
      vertex 10.890393257141113 9.342565536499023 50.125396728515625
    endloop
  endfacet
  facet normal 0.873361349105835 0.4836116135120392 -0.05796286091208458
    outer loop
      vertex 10.990345001220703 9.283663749694824 51.139984130859375
      vertex 11.377752304077148 8.44426441192627 49.973777770996094
      vertex 10.890393257141113 9.342565536499023 50.125396728515625
    endloop
  endfacet
  facet normal 0.830865740776062 0.5466176867485046 -0.10426494479179382
    outer loop
      vertex 10.890393257141113 9.342565536499023 50.125396728515625
      vertex 10.44432544708252 10.046850204467773 50.26304626464844
      vertex 10.515777587890625 10.10360336303711 51.129966735839844
    endloop
  endfacet
  facet normal 0.8954892158508301 0.44499847292900085 -0.008685393258929253
    outer loop
      vertex 10.569178581237793 10.150148391723633 52.11107635498047
      vertex 11.013801574707031 9.258292198181152 52.258506774902344
      vertex 10.990345001220703 9.283663749694824 51.139984130859375
    endloop
  endfacet
  facet normal 0.8961412310600281 0.4432656168937683 -0.02113405242562294
    outer loop
      vertex 11.013801574707031 9.258292198181152 52.258506774902344
      vertex 10.569178581237793 10.150148391723633 52.11107635498047
      vertex 10.55111312866211 10.23474407196045 53.119361877441406
    endloop
  endfacet
  facet normal 0.9090683460235596 0.416325181722641 0.016371991485357285
    outer loop
      vertex 10.55111312866211 10.23474407196045 53.119361877441406
      vertex 10.857872009277344 9.565781593322754 53.097442626953125
      vertex 11.013801574707031 9.258292198181152 52.258506774902344
    endloop
  endfacet
  facet normal 0.9061746001243591 0.4124765694141388 0.09333205223083496
    outer loop
      vertex 10.55111312866211 10.23474407196045 53.119361877441406
      vertex 10.70184326171875 9.707605361938477 53.985565185546875
      vertex 10.857872009277344 9.565781593322754 53.097442626953125
    endloop
  endfacet
  facet normal 0.9236634969711304 0.37699687480926514 0.06869716942310333
    outer loop
      vertex 10.70184326171875 9.707605361938477 53.985565185546875
      vertex 10.55111312866211 10.23474407196045 53.119361877441406
      vertex 9.901880264282227 11.610498428344727 54.2987060546875
    endloop
  endfacet
  facet normal 0.7040809988975525 0.6720093488693237 -0.2295069843530655
    outer loop
      vertex 9.042655944824219 12.417284965515137 52.660919189453125
      vertex 8.793468475341797 12.360336303710938 51.729713439941406
      vertex 8.289117813110352 13.290725708007812 52.906700134277344
    endloop
  endfacet
  facet normal 0.6250191926956177 0.7200815677642822 -0.3013860881328583
    outer loop
      vertex 8.289117813110352 13.290725708007812 52.906700134277344
      vertex 8.793468475341797 12.360336303710938 51.729713439941406
      vertex 7.8871049880981445 13.142003059387207 51.71766662597656
    endloop
  endfacet
  facet normal 0.6371612548828125 0.7352426052093506 -0.23117926716804504
    outer loop
      vertex 8.793468475341797 12.360336303710938 51.729713439941406
      vertex 8.574718475341797 12.14332389831543 50.436622619628906
      vertex 7.8871049880981445 13.142003059387207 51.71766662597656
    endloop
  endfacet
  facet normal 0.5911233425140381 0.7585838437080383 -0.27408701181411743
    outer loop
      vertex 7.8871049880981445 13.142003059387207 51.71766662597656
      vertex 8.574718475341797 12.14332389831543 50.436622619628906
      vertex 7.605844497680664 12.889565467834473 50.41240692138672
    endloop
  endfacet
  facet normal 0.600904107093811 0.7736567258834839 -0.20092149078845978
    outer loop
      vertex 7.605844497680664 12.889565467834473 50.41240692138672
      vertex 8.574718475341797 12.14332389831543 50.436622619628906
      vertex 8.32442569732666 11.953563690185547 48.95738220214844
    endloop
  endfacet
  facet normal 0.6568707823753357 0.7258108258247375 -0.20425350964069366
    outer loop
      vertex 8.574718475341797 12.14332389831543 50.436622619628906
      vertex 9.360260963439941 11.006662368774414 48.923789978027344
      vertex 8.32442569732666 11.953563690185547 48.95738220214844
    endloop
  endfacet
  facet normal 0.5657405853271484 0.7918581962585449 -0.2299961894750595
    outer loop
      vertex 8.32442569732666 11.953563690185547 48.95738220214844
      vertex 7.350010871887207 12.668065071105957 49.020503997802734
      vertex 7.605844497680664 12.889565467834473 50.41240692138672
    endloop
  endfacet
  facet normal 0.5015227794647217 0.835343599319458 -0.2251129150390625
    outer loop
      vertex 7.605844497680664 12.889565467834473 50.41240692138672
      vertex 7.350010871887207 12.668065071105957 49.020503997802734
      vertex 6.588667869567871 13.499513626098633 50.40964889526367
    endloop
  endfacet
  facet normal 0.4650266170501709 0.8483970761299133 -0.25292813777923584
    outer loop
      vertex 7.350010871887207 12.668065071105957 49.020503997802734
      vertex 6.3876800537109375 13.2095308303833 49.06742858886719
      vertex 6.588667869567871 13.499513626098633 50.40964889526367
    endloop
  endfacet
  facet normal 0.3883586823940277 0.8870078921318054 -0.24978937208652496
    outer loop
      vertex 6.588667869567871 13.499513626098633 50.40964889526367
      vertex 6.3876800537109375 13.2095308303833 49.06742858886719
      vertex 5.596433639526367 13.921107292175293 50.36406707763672
    endloop
  endfacet
  facet normal 0.3555397391319275 0.8937457799911499 -0.2735140323638916
    outer loop
      vertex 6.3876800537109375 13.2095308303833 49.06742858886719
      vertex 5.446007251739502 13.590020179748535 49.08665466308594
      vertex 5.596433639526367 13.921107292175293 50.36406707763672
    endloop
  endfacet
  facet normal 0.26029834151268005 0.9267589449882507 -0.2708551287651062
    outer loop
      vertex 5.446007251739502 13.590020179748535 49.08665466308594
      vertex 4.641536712646484 14.16822624206543 50.29193115234375
      vertex 5.596433639526367 13.921107292175293 50.36406707763672
    endloop
  endfacet
  facet normal 0.25919586420059204 0.897158145904541 -0.3576658070087433
    outer loop
      vertex 5.596433639526367 13.921107292175293 50.36406707763672
      vertex 4.641536712646484 14.16822624206543 50.29193115234375
      vertex 4.755370140075684 14.578426361083984 51.403358459472656
    endloop
  endfacet
  facet normal 0.12810736894607544 0.9260802268981934 -0.35491400957107544
    outer loop
      vertex 4.641536712646484 14.16822624206543 50.29193115234375
      vertex 3.558896541595459 14.751405715942383 51.42284393310547
      vertex 4.755370140075684 14.578426361083984 51.403358459472656
    endloop
  endfacet
  facet normal 0.1178567111492157 0.8692761659622192 -0.48007163405418396
    outer loop
      vertex 3.558896541595459 14.751405715942383 51.42284393310547
      vertex 4.2538957595825195 15.584866523742676 53.102630615234375
      vertex 4.755370140075684 14.578426361083984 51.403358459472656
    endloop
  endfacet
  facet normal 0.2971087098121643 0.857434093952179 -0.4201585054397583
    outer loop
      vertex 4.755370140075684 14.578426361083984 51.403358459472656
      vertex 4.2538957595825195 15.584866523742676 53.102630615234375
      vertex 5.6821088790893555 14.37751579284668 51.648681640625
    endloop
  endfacet
  facet normal 0.3262789845466614 0.8595757484436035 -0.39328306913375854
    outer loop
      vertex 4.2538957595825195 15.584866523742676 53.102630615234375
      vertex 6.012617111206055 14.746660232543945 52.729698181152344
      vertex 5.6821088790893555 14.37751579284668 51.648681640625
    endloop
  endfacet
  facet normal 0.4012245535850525 0.8223287463188171 -0.4034777283668518
    outer loop
      vertex 5.6821088790893555 14.37751579284668 51.648681640625
      vertex 6.012617111206055 14.746660232543945 52.729698181152344
      vertex 6.833071708679199 13.830759048461914 51.678871154785156
    endloop
  endfacet
  facet normal 0.446222186088562 0.8174931406974792 -0.36413025856018066
    outer loop
      vertex 6.012617111206055 14.746660232543945 52.729698181152344
      vertex 7.166345119476318 14.219614028930664 52.96028137207031
      vertex 6.833071708679199 13.830759048461914 51.678871154785156
    endloop
  endfacet
  facet normal 0.5179097056388855 0.7718002200126648 -0.36890909075737
    outer loop
      vertex 6.833071708679199 13.830759048461914 51.678871154785156
      vertex 7.166345119476318 14.219614028930664 52.96028137207031
      vertex 7.8871049880981445 13.142003059387207 51.71766662597656
    endloop
  endfacet
  facet normal 0.600468099117279 0.7428727746009827 -0.29593604803085327
    outer loop
      vertex 7.166345119476318 14.219614028930664 52.96028137207031
      vertex 8.289117813110352 13.290725708007812 52.906700134277344
      vertex 7.8871049880981445 13.142003059387207 51.71766662597656
    endloop
  endfacet
  facet normal 0.5336453318595886 0.8014529347419739 -0.2699923813343048
    outer loop
      vertex 7.8871049880981445 13.142003059387207 51.71766662597656
      vertex 7.605844497680664 12.889565467834473 50.41240692138672
      vertex 6.833071708679199 13.830759048461914 51.678871154785156
    endloop
  endfacet
  facet normal 0.4900089502334595 0.8157714009284973 -0.3072595000267029
    outer loop
      vertex 6.833071708679199 13.830759048461914 51.678871154785156
      vertex 7.605844497680664 12.889565467834473 50.41240692138672
      vertex 6.588667869567871 13.499513626098633 50.40964889526367
    endloop
  endfacet
  facet normal 0.41530275344848633 0.8574703931808472 -0.3037567138671875
    outer loop
      vertex 6.588667869567871 13.499513626098633 50.40964889526367
      vertex 5.6821088790893555 14.37751579284668 51.648681640625
      vertex 6.833071708679199 13.830759048461914 51.678871154785156
    endloop
  endfacet
  facet normal 0.3817615211009979 0.8626000881195068 -0.3319326639175415
    outer loop
      vertex 5.6821088790893555 14.37751579284668 51.648681640625
      vertex 6.588667869567871 13.499513626098633 50.40964889526367
      vertex 5.596433639526367 13.921107292175293 50.36406707763672
    endloop
  endfacet
  facet normal 0.283956915140152 0.897375762462616 -0.3377651572227478
    outer loop
      vertex 5.596433639526367 13.921107292175293 50.36406707763672
      vertex 4.755370140075684 14.578426361083984 51.403358459472656
      vertex 5.6821088790893555 14.37751579284668 51.648681640625
    endloop
  endfacet
  facet normal 0.2434144765138626 0.927828311920166 -0.2826373875141144
    outer loop
      vertex 4.641536712646484 14.16822624206543 50.29193115234375
      vertex 5.446007251739502 13.590020179748535 49.08665466308594
      vertex 4.543863296508789 13.825138092041016 49.081539154052734
    endloop
  endfacet
  facet normal 0.10252735763788223 0.9653105735778809 -0.24013279378414154
    outer loop
      vertex 3.632331132888794 13.961607933044434 49.12840270996094
      vertex 4.323707580566406 13.56036376953125 47.810630798339844
      vertex 3.383316993713379 13.678135871887207 47.88255310058594
    endloop
  endfacet
  facet normal 0.7466620206832886 0.6464255452156067 -0.15693926811218262
    outer loop
      vertex 10.043184280395508 10.442314147949219 49.736602783203125
      vertex 9.395977020263672 11.409826278686523 50.642555236816406
      vertex 10.01282787322998 10.776444435119629 50.96844482421875
    endloop
  endfacet
  facet normal 0.7497724294662476 0.6356844305992126 -0.18370257318019867
    outer loop
      vertex 10.01282787322998 10.776444435119629 50.96844482421875
      vertex 9.395977020263672 11.409826278686523 50.642555236816406
      vertex 9.503375053405762 11.631370544433594 51.84752655029297
    endloop
  endfacet
  facet normal 0.9547221660614014 0.18884843587875366 0.229873925447464
    outer loop
      vertex 11.798979759216309 6.399626731872559 52.93482208251953
      vertex 12.226236343383789 5.024916648864746 52.28968811035156
      vertex 12.12560749053955 5.9845428466796875 51.91926193237305
    endloop
  endfacet
  facet normal 0.9506999254226685 0.14705890417099 0.2730264663696289
    outer loop
      vertex 12.98923110961914 2.703871250152588 50.85291290283203
      vertex 12.740934371948242 2.3954010009765625 51.88365173339844
      vertex 13.015419006347656 1.7398128509521484 51.28099060058594
    endloop
  endfacet
  facet normal 0.9294785261154175 -0.0689726397395134 0.36237064003944397
    outer loop
      vertex 12.849303245544434 -1.1861810684204102 51.68603515625
      vertex 13.228599548339844 -1.384474754333496 50.67539978027344
      vertex 13.226926803588867 -0.473871648311615 50.85301208496094
    endloop
  endfacet
  facet normal 0.9609277248382568 -0.051289383322000504 0.2720062732696533
    outer loop
      vertex 13.226926803588867 -0.473871648311615 50.85301208496094
      vertex 13.228599548339844 -1.384474754333496 50.67539978027344
      vertex 13.46430492401123 -0.9968001246452332 49.91581344604492
    endloop
  endfacet
  facet normal 0.9637274742126465 -0.10621349513530731 0.24484308063983917
    outer loop
      vertex 13.228599548339844 -1.384474754333496 50.67539978027344
      vertex 13.362598419189453 -1.9815053939819336 49.888973236083984
      vertex 13.46430492401123 -0.9968001246452332 49.91581344604492
    endloop
  endfacet
  facet normal 0.9636409282684326 -0.03686538711190224 0.2646453082561493
    outer loop
      vertex 13.46430492401123 -0.9968001246452332 49.91581344604492
      vertex 13.476099014282227 -0.01619124226272106 50.00946807861328
      vertex 13.226926803588867 -0.473871648311615 50.85301208496094
    endloop
  endfacet
  facet normal 0.9515007138252258 -0.25804850459098816 0.16750338673591614
    outer loop
      vertex 12.832067489624023 -4.288236618041992 50.023704528808594
      vertex 12.931641578674316 -4.784923076629639 48.692901611328125
      vertex 13.206926345825195 -3.6992440223693848 48.801700592041016
    endloop
  endfacet
  facet normal 0.9543871879577637 -0.2492186427116394 0.164423868060112
    outer loop
      vertex 12.931641578674316 -4.784923076629639 48.692901611328125
      vertex 12.832067489624023 -4.288236618041992 50.023704528808594
      vertex 12.64088249206543 -5.314563751220703 49.57781219482422
    endloop
  endfacet
  facet normal 0.9424803256988525 -0.3104703724384308 0.12385089695453644
    outer loop
      vertex 12.64088249206543 -5.314563751220703 49.57781219482422
      vertex 12.616031646728516 -5.788559913635254 48.578704833984375
      vertex 12.931641578674316 -4.784923076629639 48.692901611328125
    endloop
  endfacet
  facet normal 0.929333508014679 -0.342020183801651 0.13914574682712555
    outer loop
      vertex 12.616031646728516 -5.788559913635254 48.578704833984375
      vertex 12.64088249206543 -5.314563751220703 49.57781219482422
      vertex 12.301947593688965 -6.204774379730225 49.65336990356445
    endloop
  endfacet
  facet normal 0.9189707040786743 -0.37447085976600647 0.12354905903339386
    outer loop
      vertex 12.616031646728516 -5.788559913635254 48.578704833984375
      vertex 12.301947593688965 -6.204774379730225 49.65336990356445
      vertex 12.229992866516113 -6.753381729125977 48.52577590942383
    endloop
  endfacet
  facet normal 0.8939473032951355 -0.17449520528316498 0.41280698776245117
    outer loop
      vertex 12.339686393737793 -3.6438050270080566 51.964027404785156
      vertex 12.59919548034668 -2.4959728717803955 51.887245178222656
      vertex 12.11909294128418 -2.884869337081909 52.762535095214844
    endloop
  endfacet
  facet normal 0.8640703558921814 -0.363136887550354 0.348588764667511
    outer loop
      vertex 11.861915588378906 -6.629271507263184 50.66053009033203
      vertex 11.648929595947266 -6.027761459350586 51.815086364746094
      vertex 11.303878784179688 -7.16219425201416 51.488609313964844
    endloop
  endfacet
  facet normal 0.8418618440628052 -0.36931803822517395 0.3935389220714569
    outer loop
      vertex 11.648929595947266 -6.027761459350586 51.815086364746094
      vertex 11.120551109313965 -6.6705217361450195 52.34219741821289
      vertex 11.303878784179688 -7.16219425201416 51.488609313964844
    endloop
  endfacet
  facet normal 0.8410372734069824 -0.360835999250412 0.4030553996562958
    outer loop
      vertex 11.120551109313965 -6.6705217361450195 52.34219741821289
      vertex 11.648929595947266 -6.027761459350586 51.815086364746094
      vertex 11.233670234680176 -6.114790916442871 52.603675842285156
    endloop
  endfacet
  facet normal 0.8292058110237122 -0.4506224989891052 0.33069175481796265
    outer loop
      vertex 10.860902786254883 -8.27428150177002 51.157264709472656
      vertex 11.157984733581543 -8.419525146484375 50.21441650390625
      vertex 11.469766616821289 -7.657559394836426 50.47093200683594
    endloop
  endfacet
  facet normal 0.8789109587669373 -0.4294879734516144 0.20749856531620026
    outer loop
      vertex 11.469766616821289 -7.657559394836426 50.47093200683594
      vertex 11.157984733581543 -8.419525146484375 50.21441650390625
      vertex 11.490785598754883 -8.097747802734375 49.47078323364258
    endloop
  endfacet
  facet normal 0.8506351113319397 -0.4993167519569397 0.16462858021259308
    outer loop
      vertex 11.157984733581543 -8.419525146484375 50.21441650390625
      vertex 11.043012619018555 -8.878142356872559 49.41749572753906
      vertex 11.490785598754883 -8.097747802734375 49.47078323364258
    endloop
  endfacet
  facet normal 0.8791868090629578 -0.429019957780838 0.2072983831167221
    outer loop
      vertex 11.469766616821289 -7.657559394836426 50.47093200683594
      vertex 11.490785598754883 -8.097747802734375 49.47078323364258
      vertex 11.901269912719727 -7.200757026672363 49.58624267578125
    endloop
  endfacet
endsolid
