solid ventricle_5
  facet normal 0.17806172370910645 0.44505706429481506 -0.8776208162307739
    outer loop
      vertex -0.4642750024795532 0.3154340088367462 0.39403799176216125
      vertex -1.0132759809494019 1.9120229482650757 1.0923089981079102
      vertex 1.1713390350341797 1.068956971168518 1.1080149412155151
    endloop
  endfacet
  facet normal 0.05213252827525139 0.8189965486526489 -0.5714253187179565
    outer loop
      vertex -1.0132759809494019 1.9120229482650757 1.0923089981079102
      vertex -1.666722059249878 3.558748960494995 3.392867088317871
      vertex 0.6176609992980957 2.8621890544891357 2.602931022644043
    endloop
  endfacet
  facet normal 0.4673859179019928 0.6467547416687012 -0.6027094721794128
    outer loop
      vertex 1.1713390350341797 1.068956971168518 1.1080149412155151
      vertex 0.6176609992980957 2.8621890544891357 2.602931022644043
      vertex 2.7433559894561768 1.7869060039520264 3.097490072250366
    endloop
  endfacet
  facet normal 0.2614336311817169 0.6644025444984436 -0.7001583576202393
    outer loop
      vertex 0.6176609992980957 2.8621890544891357 2.602931022644043
      vertex 1.1713390350341797 1.068956971168518 1.1080149412155151
      vertex -1.0132759809494019 1.9120229482650757 1.0923089981079102
    endloop
  endfacet
  facet normal 0.011083553545176983 0.9282810091972351 -0.37171417474746704
    outer loop
      vertex -1.666722059249878 3.558748960494995 3.392867088317871
      vertex -2.2710390090942383 4.9393630027771 6.822652816772461
      vertex -0.1668509989976883 4.370952129364014 5.465902805328369
    endloop
  endfacet
  facet normal 0.02696373127400875 0.9677711725234985 -0.2503838837146759
    outer loop
      vertex -2.2710390090942383 4.9393630027771 6.822652816772461
      vertex -2.74141788482666 5.982174873352051 10.802621841430664
      vertex -0.9520289897918701 5.518945217132568 9.20486831665039
    endloop
  endfacet
  facet normal 0.23709407448768616 0.9415528774261475 -0.23930016160011292
    outer loop
      vertex -0.1668509989976883 4.370952129364014 5.465902805328369
      vertex -0.9520289897918701 5.518945217132568 9.20486831665039
      vertex 0.9868170022964478 4.804368019104004 8.314257621765137
    endloop
  endfacet
  facet normal 0.07991407811641693 0.9574833512306213 -0.27719900012016296
    outer loop
      vertex -0.9520289897918701 5.518945217132568 9.20486831665039
      vertex -0.1668509989976883 4.370952129364014 5.465902805328369
      vertex -2.2710390090942383 4.9393630027771 6.822652816772461
    endloop
  endfacet
  facet normal 0.6153283715248108 0.7013781070709229 -0.3597773313522339
    outer loop
      vertex 2.7433559894561768 1.7869060039520264 3.097490072250366
      vertex 1.9653719663619995 3.516726016998291 5.139148235321045
      vertex 3.8924880027770996 2.3006250858306885 6.064338207244873
    endloop
  endfacet
  facet normal 0.4466809332370758 0.8685799241065979 -0.21458099782466888
    outer loop
      vertex 1.9653719663619995 3.516726016998291 5.139148235321045
      vertex 0.9868170022964478 4.804368019104004 8.314257621765137
      vertex 2.910485029220581 3.840955972671509 8.418951988220215
    endloop
  endfacet
  facet normal 0.6367273330688477 0.7395573854446411 -0.21825015544891357
    outer loop
      vertex 3.8924880027770996 2.3006250858306885 6.064338207244873
      vertex 2.910485029220581 3.840955972671509 8.418951988220215
      vertex 4.706019878387451 2.6140050888061523 9.499664306640625
    endloop
  endfacet
  facet normal 0.5993430018424988 0.761123538017273 -0.24794960021972656
    outer loop
      vertex 2.910485029220581 3.840955972671509 8.418951988220215
      vertex 3.8924880027770996 2.3006250858306885 6.064338207244873
      vertex 1.9653719663619995 3.516726016998291 5.139148235321045
    endloop
  endfacet
  facet normal 0.3224484622478485 0.9076458811759949 -0.26871180534362793
    outer loop
      vertex 0.9868170022964478 4.804368019104004 8.314257621765137
      vertex 1.9653719663619995 3.516726016998291 5.139148235321045
      vertex -0.1668509989976883 4.370952129364014 5.465902805328369
    endloop
  endfacet
  facet normal 0.4842078983783722 0.7498669028282166 -0.450824111700058
    outer loop
      vertex 1.9653719663619995 3.516726016998291 5.139148235321045
      vertex 2.7433559894561768 1.7869060039520264 3.097490072250366
      vertex 0.6176609992980957 2.8621890544891357 2.602931022644043
    endloop
  endfacet
  facet normal 0.12082181870937347 0.8914634585380554 -0.4366864264011383
    outer loop
      vertex -0.1668509989976883 4.370952129364014 5.465902805328369
      vertex 0.6176609992980957 2.8621890544891357 2.602931022644043
      vertex -1.666722059249878 3.558748960494995 3.392867088317871
    endloop
  endfacet
  facet normal 0.292711079120636 0.8766732811927795 -0.38179099559783936
    outer loop
      vertex 0.6176609992980957 2.8621890544891357 2.602931022644043
      vertex -0.1668509989976883 4.370952129364014 5.465902805328369
      vertex 1.9653719663619995 3.516726016998291 5.139148235321045
    endloop
  endfacet
  facet normal 0.051374178379774094 0.9831233620643616 -0.17558224499225616
    outer loop
      vertex -2.74141788482666 5.982174873352051 10.802621841430664
      vertex -3.045775890350342 6.706827163696289 14.771055221557617
      vertex -1.5925250053405762 6.352313041687012 13.211264610290527
    endloop
  endfacet
  facet normal 0.07691606134176254 0.9881690144538879 -0.13268736004829407
    outer loop
      vertex -3.045775890350342 6.706827163696289 14.771055221557617
      vertex -3.219583034515381 7.215056896209717 18.45526695251465
      vertex -2.010896921157837 6.923604965209961 16.98537254333496
    endloop
  endfacet
  facet normal 0.2043771594762802 0.9709657430648804 -0.12432055175304413
    outer loop
      vertex -1.5925250053405762 6.352313041687012 13.211264610290527
      vertex -2.010896921157837 6.923604965209961 16.98537254333496
      vertex -0.6449220180511475 6.495625019073486 15.888371467590332
    endloop
  endfacet
  facet normal 0.09119138866662979 0.9860631823539734 -0.1391528844833374
    outer loop
      vertex -2.010896921157837 6.923604965209961 16.98537254333496
      vertex -1.5925250053405762 6.352313041687012 13.211264610290527
      vertex -3.045775890350342 6.706827163696289 14.771055221557617
    endloop
  endfacet
  facet normal 0.0817476138472557 0.9884226322174072 -0.12782032787799835
    outer loop
      vertex -3.219583034515381 7.215056896209717 18.45526695251465
      vertex -3.3004560470581055 7.658638000488281 21.833715438842773
      vertex -2.274916887283325 7.40031099319458 20.491981506347656
    endloop
  endfacet
  facet normal 0.05565108731389046 0.9870433211326599 -0.15049391984939575
    outer loop
      vertex -3.3004560470581055 7.658638000488281 21.833715438842773
      vertex -3.366650104522705 8.087684631347656 24.62322235107422
      vertex -2.484344005584717 7.913236141204834 23.805335998535156
    endloop
  endfacet
  facet normal 0.14140605926513672 0.9796110391616821 -0.14271123707294464
    outer loop
      vertex -2.274916887283325 7.40031099319458 20.491981506347656
      vertex -2.484344005584717 7.913236141204834 23.805335998535156
      vertex -1.466102957725525 7.65073299407959 23.012367248535156
    endloop
  endfacet
  facet normal 0.05312701314687729 0.9873354434967041 -0.14948683977127075
    outer loop
      vertex -2.484344005584717 7.913236141204834 23.805335998535156
      vertex -2.274916887283325 7.40031099319458 20.491981506347656
      vertex -3.3004560470581055 7.658638000488281 21.833715438842773
    endloop
  endfacet
  facet normal 0.24735283851623535 0.9613128304481506 -0.12121955305337906
    outer loop
      vertex -0.6449220180511475 6.495625019073486 15.888371467590332
      vertex -1.1152980327606201 7.0712127685546875 19.493162155151367
      vertex 0.2070769965648651 6.638027191162109 18.75620460510254
    endloop
  endfacet
  facet normal 0.12323398143053055 0.9810863733291626 -0.14927469193935394
    outer loop
      vertex -1.1152980327606201 7.0712127685546875 19.493162155151367
      vertex -1.466102957725525 7.65073299407959 23.012367248535156
      vertex -0.34772801399230957 7.403320789337158 22.30956268310547
    endloop
  endfacet
  facet normal 0.29171377420425415 0.9434258937835693 -0.15764059126377106
    outer loop
      vertex 0.2070769965648651 6.638027191162109 18.75620460510254
      vertex -0.34772801399230957 7.403320789337158 22.30956268310547
      vertex 1.0449910163879395 6.893401145935059 21.83509063720703
    endloop
  endfacet
  facet normal 0.21834692358970642 0.960456907749176 -0.17276377975940704
    outer loop
      vertex -0.34772801399230957 7.403320789337158 22.30956268310547
      vertex 0.2070769965648651 6.638027191162109 18.75620460510254
      vertex -1.1152980327606201 7.0712127685546875 19.493162155151367
    endloop
  endfacet
  facet normal 0.15181288123130798 0.9775891900062561 -0.14584997296333313
    outer loop
      vertex -1.466102957725525 7.65073299407959 23.012367248535156
      vertex -1.1152980327606201 7.0712127685546875 19.493162155151367
      vertex -2.274916887283325 7.40031099319458 20.491981506347656
    endloop
  endfacet
  facet normal 0.20077845454216003 0.9711242318153381 -0.12886348366737366
    outer loop
      vertex -1.1152980327606201 7.0712127685546875 19.493162155151367
      vertex -0.6449220180511475 6.495625019073486 15.888371467590332
      vertex -2.010896921157837 6.923604965209961 16.98537254333496
    endloop
  endfacet
  facet normal 0.08247329294681549 0.9883199334144592 -0.12814758718013763
    outer loop
      vertex -2.274916887283325 7.40031099319458 20.491981506347656
      vertex -2.010896921157837 6.923604965209961 16.98537254333496
      vertex -3.219583034515381 7.215056896209717 18.45526695251465
    endloop
  endfacet
  facet normal 0.17423564195632935 0.9773951172828674 -0.11975344270467758
    outer loop
      vertex -2.010896921157837 6.923604965209961 16.98537254333496
      vertex -2.274916887283325 7.40031099319458 20.491981506347656
      vertex -1.1152980327606201 7.0712127685546875 19.493162155151367
    endloop
  endfacet
  facet normal 0.5919344425201416 0.7846370935440063 -0.18427807092666626
    outer loop
      vertex 4.706019878387451 2.6140050888061523 9.499664306640625
      vertex 3.678149938583374 3.9645280838012695 11.948348045349121
      vertex 5.442963123321533 2.8687069416046143 12.951353073120117
    endloop
  endfacet
  facet normal 0.48683425784111023 0.8593611717224121 -0.1564955711364746
    outer loop
      vertex 3.678149938583374 3.9645280838012695 11.948348045349121
      vertex 2.639816999435425 5.1033148765563965 14.971648216247559
      vertex 4.449353218078613 4.148523807525635 15.357817649841309
    endloop
  endfacet
  facet normal 0.5600353479385376 0.8047647476196289 -0.19675953686237335
    outer loop
      vertex 5.442963123321533 2.8687069416046143 12.951353073120117
      vertex 4.449353218078613 4.148523807525635 15.357817649841309
      vertex 6.209438800811768 3.149815082550049 16.282726287841797
    endloop
  endfacet
  facet normal 0.5894957184791565 0.7883899807929993 -0.17588698863983154
    outer loop
      vertex 4.449353218078613 4.148523807525635 15.357817649841309
      vertex 5.442963123321533 2.8687069416046143 12.951353073120117
      vertex 3.678149938583374 3.9645280838012695 11.948348045349121
    endloop
  endfacet
  facet normal 0.38929009437561035 0.9085686206817627 -0.15151333808898926
    outer loop
      vertex 2.639816999435425 5.1033148765563965 14.971648216247559
      vertex 1.7396340370178223 6.049526214599609 18.332841873168945
      vertex 3.4343879222869873 5.32185697555542 18.32369041442871
    endloop
  endfacet
  facet normal 0.33629310131073 0.9285716414451599 -0.15704043209552765
    outer loop
      vertex 1.7396340370178223 6.049526214599609 18.332841873168945
      vertex 1.0449910163879395 6.893401145935059 21.83509063720703
      vertex 2.692007064819336 6.246789932250977 21.53870391845703
    endloop
  endfacet
  facet normal 0.39599430561065674 0.9027051329612732 -0.16826152801513672
    outer loop
      vertex 3.4343879222869873 5.32185697555542 18.32369041442871
      vertex 2.692007064819336 6.246789932250977 21.53870391845703
      vertex 4.495131015777588 5.444523811340332 21.478185653686523
    endloop
  endfacet
  facet normal 0.38794660568237305 0.9056844711303711 -0.17097699642181396
    outer loop
      vertex 2.692007064819336 6.246789932250977 21.53870391845703
      vertex 3.4343879222869873 5.32185697555542 18.32369041442871
      vertex 1.7396340370178223 6.049526214599609 18.332841873168945
    endloop
  endfacet
  facet normal 0.5636277198791504 0.7991020679473877 -0.20918850600719452
    outer loop
      vertex 6.209438800811768 3.149815082550049 16.282726287841797
      vertex 5.258265018463135 4.427515029907227 18.600753784179688
      vertex 7.028077125549316 3.402556896209717 19.453903198242188
    endloop
  endfacet
  facet normal 0.4796886742115021 0.8594911098480225 -0.17656131088733673
    outer loop
      vertex 5.258265018463135 4.427515029907227 18.600753784179688
      vertex 4.495131015777588 5.444523811340332 21.478185653686523
      vertex 6.30833101272583 4.472418785095215 21.672203063964844
    endloop
  endfacet
  facet normal 0.549673318862915 0.8081808686256409 -0.21143068373203278
    outer loop
      vertex 7.028077125549316 3.402556896209717 19.453903198242188
      vertex 6.30833101272583 4.472418785095215 21.672203063964844
      vertex 7.8372979164123535 3.5294089317321777 22.042583465576172
    endloop
  endfacet
  facet normal 0.5623989105224609 0.8013091683387756 -0.20398764312267303
    outer loop
      vertex 6.30833101272583 4.472418785095215 21.672203063964844
      vertex 7.028077125549316 3.402556896209717 19.453903198242188
      vertex 5.258265018463135 4.427515029907227 18.600753784179688
    endloop
  endfacet
  facet normal 0.45525631308555603 0.8705148696899414 -0.18693745136260986
    outer loop
      vertex 4.495131015777588 5.444523811340332 21.478185653686523
      vertex 5.258265018463135 4.427515029907227 18.600753784179688
      vertex 3.4343879222869873 5.32185697555542 18.32369041442871
    endloop
  endfacet
  facet normal 0.5634628534317017 0.7991881966590881 -0.20930363237857819
    outer loop
      vertex 5.258265018463135 4.427515029907227 18.600753784179688
      vertex 6.209438800811768 3.149815082550049 16.282726287841797
      vertex 4.449353218078613 4.148523807525635 15.357817649841309
    endloop
  endfacet
  facet normal 0.4881327152252197 0.8557536602020264 -0.17149972915649414
    outer loop
      vertex 3.4343879222869873 5.32185697555542 18.32369041442871
      vertex 4.449353218078613 4.148523807525635 15.357817649841309
      vertex 2.639816999435425 5.1033148765563965 14.971648216247559
    endloop
  endfacet
  facet normal 0.4553111493587494 0.8701637387275696 -0.18843252956867218
    outer loop
      vertex 4.449353218078613 4.148523807525635 15.357817649841309
      vertex 3.4343879222869873 5.32185697555542 18.32369041442871
      vertex 5.258265018463135 4.427515029907227 18.600753784179688
    endloop
  endfacet
  facet normal 0.31410327553749084 0.9352813959121704 -0.163058340549469
    outer loop
      vertex 1.0449910163879395 6.893401145935059 21.83509063720703
      vertex 1.7396340370178223 6.049526214599609 18.332841873168945
      vertex 0.2070769965648651 6.638027191162109 18.75620460510254
    endloop
  endfacet
  facet normal 0.4104185402393341 0.9005212783813477 -0.14358936250209808
    outer loop
      vertex 1.7396340370178223 6.049526214599609 18.332841873168945
      vertex 2.639816999435425 5.1033148765563965 14.971648216247559
      vertex 0.9102529883384705 5.919167995452881 15.144697189331055
    endloop
  endfacet
  facet normal 0.2880861461162567 0.9483685493469238 -0.13267816603183746
    outer loop
      vertex 0.2070769965648651 6.638027191162109 18.75620460510254
      vertex 0.9102529883384705 5.919167995452881 15.144697189331055
      vertex -0.6449220180511475 6.495625019073486 15.888371467590332
    endloop
  endfacet
  facet normal 0.325929194688797 0.9373434782028198 -0.12311545014381409
    outer loop
      vertex 0.9102529883384705 5.919167995452881 15.144697189331055
      vertex 0.2070769965648651 6.638027191162109 18.75620460510254
      vertex 1.7396340370178223 6.049526214599609 18.332841873168945
    endloop
  endfacet
  facet normal 0.5126673579216003 0.846624493598938 -0.14282581210136414
    outer loop
      vertex 2.639816999435425 5.1033148765563965 14.971648216247559
      vertex 3.678149938583374 3.9645280838012695 11.948348045349121
      vertex 1.8597999811172485 5.001924991607666 11.57080364227295
    endloop
  endfacet
  facet normal 0.6213477849960327 0.7666075229644775 -0.1619875282049179
    outer loop
      vertex 3.678149938583374 3.9645280838012695 11.948348045349121
      vertex 4.706019878387451 2.6140050888061523 9.499664306640625
      vertex 2.910485029220581 3.840955972671509 8.418951988220215
    endloop
  endfacet
  facet normal 0.44854435324668884 0.8767724633216858 -0.173430398106575
    outer loop
      vertex 1.8597999811172485 5.001924991607666 11.57080364227295
      vertex 2.910485029220581 3.840955972671509 8.418951988220215
      vertex 0.9868170022964478 4.804368019104004 8.314257621765137
    endloop
  endfacet
  facet normal 0.5125264525413513 0.846993625164032 -0.14113275706768036
    outer loop
      vertex 2.910485029220581 3.840955972671509 8.418951988220215
      vertex 1.8597999811172485 5.001924991607666 11.57080364227295
      vertex 3.678149938583374 3.9645280838012695 11.948348045349121
    endloop
  endfacet
  facet normal 0.23377171158790588 0.9629719853401184 -0.13429729640483856
    outer loop
      vertex -0.6449220180511475 6.495625019073486 15.888371467590332
      vertex 0.08074100315570831 5.785431861877441 12.059130668640137
      vertex -1.5925250053405762 6.352313041687012 13.211264610290527
    endloop
  endfacet
  facet normal 0.2643708884716034 0.946696937084198 -0.18404628336429596
    outer loop
      vertex 0.08074100315570831 5.785431861877441 12.059130668640137
      vertex 0.9868170022964478 4.804368019104004 8.314257621765137
      vertex -0.9520289897918701 5.518945217132568 9.20486831665039
    endloop
  endfacet
  facet normal 0.08346335589885712 0.9782042503356934 -0.19013246893882751
    outer loop
      vertex -1.5925250053405762 6.352313041687012 13.211264610290527
      vertex -0.9520289897918701 5.518945217132568 9.20486831665039
      vertex -2.74141788482666 5.982174873352051 10.802621841430664
    endloop
  endfacet
  facet normal 0.21163450181484222 0.9630634784698486 -0.1664925217628479
    outer loop
      vertex -0.9520289897918701 5.518945217132568 9.20486831665039
      vertex -1.5925250053405762 6.352313041687012 13.211264610290527
      vertex 0.08074100315570831 5.785431861877441 12.059130668640137
    endloop
  endfacet
  facet normal 0.3628210723400116 0.9192085266113281 -0.15302489697933197
    outer loop
      vertex 0.9868170022964478 4.804368019104004 8.314257621765137
      vertex 0.08074100315570831 5.785431861877441 12.059130668640137
      vertex 1.8597999811172485 5.001924991607666 11.57080364227295
    endloop
  endfacet
  facet normal 0.29402443766593933 0.9482170343399048 -0.12014251947402954
    outer loop
      vertex 0.08074100315570831 5.785431861877441 12.059130668640137
      vertex -0.6449220180511475 6.495625019073486 15.888371467590332
      vertex 0.9102529883384705 5.919167995452881 15.144697189331055
    endloop
  endfacet
  facet normal 0.41346561908721924 0.9023452401161194 -0.1217341348528862
    outer loop
      vertex 1.8597999811172485 5.001924991607666 11.57080364227295
      vertex 0.9102529883384705 5.919167995452881 15.144697189331055
      vertex 2.639816999435425 5.1033148765563965 14.971648216247559
    endloop
  endfacet
  facet normal 0.36706411838531494 0.9198198318481445 -0.1385474056005478
    outer loop
      vertex 0.9102529883384705 5.919167995452881 15.144697189331055
      vertex 1.8597999811172485 5.001924991607666 11.57080364227295
      vertex 0.08074100315570831 5.785431861877441 12.059130668640137
    endloop
  endfacet
  facet normal -0.016499388962984085 0.9659518003463745 -0.25819578766822815
    outer loop
      vertex -3.366650104522705 8.087684631347656 24.62322235107422
      vertex -3.9989349842071533 8.684483528137207 26.896347045898438
      vertex -2.968451976776123 8.714897155761719 26.944278717041016
    endloop
  endfacet
  facet normal -0.06240488216280937 0.9682636260986328 -0.24201494455337524
    outer loop
      vertex -3.9989349842071533 8.684483528137207 26.896347045898438
      vertex -4.733938217163086 9.358360290527344 29.781946182250977
      vertex -3.6126019954681396 9.480799674987793 29.982664108276367
    endloop
  endfacet
  facet normal -0.007987421937286854 0.9692335724830627 -0.24601341784000397
    outer loop
      vertex -2.968451976776123 8.714897155761719 26.944278717041016
      vertex -3.6126019954681396 9.480799674987793 29.982664108276367
      vertex -2.51664400100708 9.458044052124023 29.85742950439453
    endloop
  endfacet
  facet normal -0.017063243314623833 0.9686625599861145 -0.24779357016086578
    outer loop
      vertex -3.6126019954681396 9.480799674987793 29.982664108276367
      vertex -2.968451976776123 8.714897155761719 26.944278717041016
      vertex -3.9989349842071533 8.684483528137207 26.896347045898438
    endloop
  endfacet
  facet normal -0.12028960138559341 0.9644805788993835 -0.23517586290836334
    outer loop
      vertex -4.733938217163086 9.358360290527344 29.781946182250977
      vertex -5.5128631591796875 10.008515357971191 32.846710205078125
      vertex -4.347798824310303 10.208444595336914 33.07072448730469
    endloop
  endfacet
  facet normal -0.1727793663740158 0.9637541174888611 -0.20328623056411743
    outer loop
      vertex -5.5128631591796875 10.008515357971191 32.846710205078125
      vertex -6.256278038024902 10.540733337402344 36.001739501953125
      vertex -5.0883002281188965 10.790603637695312 36.193641662597656
    endloop
  endfacet
  facet normal -0.011688374914228916 0.9824947714805603 -0.18592341244220734
    outer loop
      vertex -4.347798824310303 10.208444595336914 33.07072448730469
      vertex -5.0883002281188965 10.790603637695312 36.193641662597656
      vertex -3.9317920207977295 10.808870315551758 36.217464447021484
    endloop
  endfacet
  facet normal -0.12587301433086395 0.9694421887397766 -0.21056552231311798
    outer loop
      vertex -5.0883002281188965 10.790603637695312 36.193641662597656
      vertex -4.347798824310303 10.208444595336914 33.07072448730469
      vertex -5.5128631591796875 10.008515357971191 32.846710205078125
    endloop
  endfacet
  facet normal 0.13081692159175873 0.9718374609947205 -0.19600741565227509
    outer loop
      vertex -2.51664400100708 9.458044052124023 29.85742950439453
      vertex -3.2016470432281494 10.19965934753418 33.07730484008789
      vertex -1.9995479583740234 9.991310119628906 32.84656524658203
    endloop
  endfacet
  facet normal 0.1200544536113739 0.979443371295929 -0.16210336983203888
    outer loop
      vertex -3.2016470432281494 10.19965934753418 33.07730484008789
      vertex -3.9317920207977295 10.808870315551758 36.217464447021484
      vertex -2.710000991821289 10.630682945251465 36.04570388793945
    endloop
  endfacet
  facet normal 0.20842626690864563 0.96693354845047 -0.14696265757083893
    outer loop
      vertex -1.9995479583740234 9.991310119628906 32.84656524658203
      vertex -2.710000991821289 10.630682945251465 36.04570388793945
      vertex -1.3492679595947266 10.292070388793945 35.74764633178711
    endloop
  endfacet
  facet normal 0.1376834511756897 0.9766995906829834 -0.16462479531764984
    outer loop
      vertex -2.710000991821289 10.630682945251465 36.04570388793945
      vertex -1.9995479583740234 9.991310119628906 32.84656524658203
      vertex -3.2016470432281494 10.19965934753418 33.07730484008789
    endloop
  endfacet
  facet normal 0.00860960315912962 0.9820319414138794 -0.18851853907108307
    outer loop
      vertex -3.9317920207977295 10.808870315551758 36.217464447021484
      vertex -3.2016470432281494 10.19965934753418 33.07730484008789
      vertex -4.347798824310303 10.208444595336914 33.07072448730469
    endloop
  endfacet
  facet normal -0.005547401495277882 0.9742124080657959 -0.2255648672580719
    outer loop
      vertex -3.2016470432281494 10.19965934753418 33.07730484008789
      vertex -2.51664400100708 9.458044052124023 29.85742950439453
      vertex -3.6126019954681396 9.480799674987793 29.982664108276367
    endloop
  endfacet
  facet normal -0.06222017481923103 0.9680497646331787 -0.24291640520095825
    outer loop
      vertex -4.347798824310303 10.208444595336914 33.07072448730469
      vertex -3.6126019954681396 9.480799674987793 29.982664108276367
      vertex -4.733938217163086 9.358360290527344 29.781946182250977
    endloop
  endfacet
  facet normal 0.008769298903644085 0.9737705588340759 -0.2273634672164917
    outer loop
      vertex -3.6126019954681396 9.480799674987793 29.982664108276367
      vertex -4.347798824310303 10.208444595336914 33.07072448730469
      vertex -3.2016470432281494 10.19965934753418 33.07730484008789
    endloop
  endfacet
  facet normal -0.29623082280158997 0.9486016631126404 -0.11136505752801895
    outer loop
      vertex -6.256278038024902 10.540733337402344 36.001739501953125
      vertex -6.877533912658691 10.724967956542969 39.22357940673828
      vertex -5.740245819091797 11.100936889648438 39.40087890625
    endloop
  endfacet
  facet normal -0.5177879929542542 0.855361819267273 -0.015870533883571625
    outer loop
      vertex -6.877533912658691 10.724967956542969 39.22357940673828
      vertex -7.533915042877197 10.385478019714355 42.341278076171875
      vertex -6.363932132720947 11.097790718078613 42.56067657470703
    endloop
  endfacet
  facet normal -0.3506290912628174 0.9340221881866455 -0.06827777624130249
    outer loop
      vertex -5.740245819091797 11.100936889648438 39.40087890625
      vertex -6.363932132720947 11.097790718078613 42.56067657470703
      vertex -5.290493011474609 11.505016326904297 42.61894989013672
    endloop
  endfacet
  facet normal -0.30498644709587097 0.9505117535591125 -0.05925234779715538
    outer loop
      vertex -6.363932132720947 11.097790718078613 42.56067657470703
      vertex -5.740245819091797 11.100936889648438 39.40087890625
      vertex -6.877533912658691 10.724967956542969 39.22357940673828
    endloop
  endfacet
  facet normal -0.7046374082565308 0.7026707530021667 0.09869100153446198
    outer loop
      vertex -7.533915042877197 10.385478019714355 42.341278076171875
      vertex -8.107364654541016 9.441888809204102 44.9652099609375
      vertex -6.96647310256958 10.544321060180664 45.26177215576172
    endloop
  endfacet
  facet normal -0.8678054213523865 0.4318392276763916 0.24582278728485107
    outer loop
      vertex -8.107364654541016 9.441888809204102 44.9652099609375
      vertex -8.220475196838379 8.265167236328125 46.63306427001953
      vertex -7.403756141662598 9.651269912719727 47.08127212524414
    endloop
  endfacet
  facet normal -0.7663599848747253 0.6301142573356628 0.1250937134027481
    outer loop
      vertex -6.96647310256958 10.544321060180664 45.26177215576172
      vertex -7.403756141662598 9.651269912719727 47.08127212524414
      vertex -6.393984794616699 10.824605941772461 47.3571662902832
    endloop
  endfacet
  facet normal -0.7072315812110901 0.6869287490844727 0.16718995571136475
    outer loop
      vertex -7.403756141662598 9.651269912719727 47.08127212524414
      vertex -6.96647310256958 10.544321060180664 45.26177215576172
      vertex -8.107364654541016 9.441888809204102 44.9652099609375
    endloop
  endfacet
  facet normal -0.366687536239624 0.929887056350708 -0.029161836951971054
    outer loop
      vertex -5.290493011474609 11.505016326904297 42.61894989013672
      vertex -5.876253128051758 11.361103057861328 45.395450592041016
      vertex -4.668997764587402 11.836929321289062 45.38787841796875
    endloop
  endfacet
  facet normal -0.589906632900238 0.8048962354660034 0.0644390732049942
    outer loop
      vertex -5.876253128051758 11.361103057861328 45.395450592041016
      vertex -6.393984794616699 10.824605941772461 47.3571662902832
      vertex -5.194307804107666 11.694377899169922 47.47543716430664
    endloop
  endfacet
  facet normal -0.3223661482334137 0.9464714527130127 -0.01648879051208496
    outer loop
      vertex -4.668997764587402 11.836929321289062 45.38787841796875
      vertex -5.194307804107666 11.694377899169922 47.47543716430664
      vertex -3.813776969909668 12.164226531982422 47.454933166503906
    endloop
  endfacet
  facet normal -0.3666895627975464 0.9298983216285706 -0.02877398021519184
    outer loop
      vertex -5.194307804107666 11.694377899169922 47.47543716430664
      vertex -4.668997764587402 11.836929321289062 45.38787841796875
      vertex -5.876253128051758 11.361103057861328 45.395450592041016
    endloop
  endfacet
  facet normal -0.6031373739242554 0.7954983115196228 0.05837705358862877
    outer loop
      vertex -6.393984794616699 10.824605941772461 47.3571662902832
      vertex -5.876253128051758 11.361103057861328 45.395450592041016
      vertex -6.96647310256958 10.544321060180664 45.26177215576172
    endloop
  endfacet
  facet normal -0.35334089398384094 0.9351311326026917 -0.02607426606118679
    outer loop
      vertex -5.876253128051758 11.361103057861328 45.395450592041016
      vertex -5.290493011474609 11.505016326904297 42.61894989013672
      vertex -6.363932132720947 11.097790718078613 42.56067657470703
    endloop
  endfacet
  facet normal -0.5268769860267639 0.8480786085128784 0.056244149804115295
    outer loop
      vertex -6.96647310256958 10.544321060180664 45.26177215576172
      vertex -6.363932132720947 11.097790718078613 42.56067657470703
      vertex -7.533915042877197 10.385478019714355 42.341278076171875
    endloop
  endfacet
  facet normal -0.6016296744346619 0.7982356548309326 0.029355740174651146
    outer loop
      vertex -6.363932132720947 11.097790718078613 42.56067657470703
      vertex -6.96647310256958 10.544321060180664 45.26177215576172
      vertex -5.876253128051758 11.361103057861328 45.395450592041016
    endloop
  endfacet
  facet normal 0.23943936824798584 0.9609299302101135 -0.13886156678199768
    outer loop
      vertex -1.3492679595947266 10.292070388793945 35.74764633178711
      vertex -1.9675179719924927 10.91499137878418 38.992244720458984
      vertex -0.545632004737854 10.515531539916992 38.67972183227539
    endloop
  endfacet
  facet normal 0.19026757776737213 0.9678667187690735 -0.1644149273633957
    outer loop
      vertex -1.9675179719924927 10.91499137878418 38.992244720458984
      vertex -2.5547189712524414 11.59099292755127 42.292152404785156
      vertex -1.1076979637145996 11.262778282165527 42.03459167480469
    endloop
  endfacet
  facet normal 0.27266666293144226 0.9477807879447937 -0.16542205214500427
    outer loop
      vertex -0.545632004737854 10.515531539916992 38.67972183227539
      vertex -1.1076979637145996 11.262778282165527 42.03459167480469
      vertex 0.5253250002861023 10.740256309509277 41.7325439453125
    endloop
  endfacet
  facet normal 0.2305576503276825 0.957267701625824 -0.17458997666835785
    outer loop
      vertex -1.1076979637145996 11.262778282165527 42.03459167480469
      vertex -0.545632004737854 10.515531539916992 38.67972183227539
      vertex -1.9675179719924927 10.91499137878418 38.992244720458984
    endloop
  endfacet
  facet normal 0.11592460423707962 0.9847831726074219 -0.12947416305541992
    outer loop
      vertex -2.5547189712524414 11.59099292755127 42.292152404785156
      vertex -3.171757936477661 12.052504539489746 45.24995422363281
      vertex -1.658486008644104 11.848153114318848 45.050559997558594
    endloop
  endfacet
  facet normal -0.023210851475596428 0.9980855584144592 -0.05732930824160576
    outer loop
      vertex -3.171757936477661 12.052504539489746 45.24995422363281
      vertex -3.813776969909668 12.164226531982422 47.454933166503906
      vertex -2.2761430740356445 12.192859649658203 47.33088684082031
    endloop
  endfacet
  facet normal 0.20851963758468628 0.9738011360168457 -0.09072470664978027
    outer loop
      vertex -1.658486008644104 11.848153114318848 45.050559997558594
      vertex -2.2761430740356445 12.192859649658203 47.33088684082031
      vertex -0.6185460090637207 11.822880744934082 47.169471740722656
    endloop
  endfacet
  facet normal 0.11772371828556061 0.9861087203025818 -0.11717846989631653
    outer loop
      vertex -2.2761430740356445 12.192859649658203 47.33088684082031
      vertex -1.658486008644104 11.848153114318848 45.050559997558594
      vertex -3.171757936477661 12.052504539489746 45.24995422363281
    endloop
  endfacet
  facet normal 0.3517831563949585 0.9269354939460754 -0.13053418695926666
    outer loop
      vertex 0.5253250002861023 10.740256309509277 41.7325439453125
      vertex -0.014642000198364258 11.381549835205078 44.83124542236328
      vertex 1.7811529636383057 10.667309761047363 44.59893798828125
    endloop
  endfacet
  facet normal 0.3708662986755371 0.9253314137458801 -0.0788673460483551
    outer loop
      vertex -0.014642000198364258 11.381549835205078 44.83124542236328
      vertex -0.6185460090637207 11.822880744934082 47.169471740722656
      vertex 1.1705169677734375 11.093957901000977 47.03009796142578
    endloop
  endfacet
  facet normal 0.49866983294487 0.8663779497146606 -0.026790831238031387
    outer loop
      vertex 1.7811529636383057 10.667309761047363 44.59893798828125
      vertex 1.1705169677734375 11.093957901000977 47.03009796142578
      vertex 3.0732409954071045 9.98263168334961 46.507625579833984
    endloop
  endfacet
  facet normal 0.36046454310417175 0.929938793182373 -0.07265832275152206
    outer loop
      vertex 1.1705169677734375 11.093957901000977 47.03009796142578
      vertex 1.7811529636383057 10.667309761047363 44.59893798828125
      vertex -0.014642000198364258 11.381549835205078 44.83124542236328
    endloop
  endfacet
  facet normal 0.2570648193359375 0.9595608711242676 -0.11472003161907196
    outer loop
      vertex -0.6185460090637207 11.822880744934082 47.169471740722656
      vertex -0.014642000198364258 11.381549835205078 44.83124542236328
      vertex -1.658486008644104 11.848153114318848 45.050559997558594
    endloop
  endfacet
  facet normal 0.2763838469982147 0.9495286345481873 -0.14834871888160706
    outer loop
      vertex -0.014642000198364258 11.381549835205078 44.83124542236328
      vertex 0.5253250002861023 10.740256309509277 41.7325439453125
      vertex -1.1076979637145996 11.262778282165527 42.03459167480469
    endloop
  endfacet
  facet normal 0.1926283836364746 0.9692783355712891 -0.1529504507780075
    outer loop
      vertex -1.658486008644104 11.848153114318848 45.050559997558594
      vertex -1.1076979637145996 11.262778282165527 42.03459167480469
      vertex -2.5547189712524414 11.59099292755127 42.292152404785156
    endloop
  endfacet
  facet normal 0.2531101703643799 0.9573148488998413 -0.139583021402359
    outer loop
      vertex -1.1076979637145996 11.262778282165527 42.03459167480469
      vertex -1.658486008644104 11.848153114318848 45.050559997558594
      vertex -0.014642000198364258 11.381549835205078 44.83124542236328
    endloop
  endfacet
  facet normal -0.15033146739006042 0.9841911792755127 -0.09363874793052673
    outer loop
      vertex -3.813776969909668 12.164226531982422 47.454933166503906
      vertex -3.171757936477661 12.052504539489746 45.24995422363281
      vertex -4.668997764587402 11.836929321289062 45.38787841796875
    endloop
  endfacet
  facet normal 0.05415463075041771 0.9882541298866272 -0.14290182292461395
    outer loop
      vertex -3.171757936477661 12.052504539489746 45.24995422363281
      vertex -2.5547189712524414 11.59099292755127 42.292152404785156
      vertex -4.019085884094238 11.707184791564941 42.540748596191406
    endloop
  endfacet
  facet normal -0.16141127049922943 0.9835026860237122 -0.08166372030973434
    outer loop
      vertex -4.668997764587402 11.836929321289062 45.38787841796875
      vertex -4.019085884094238 11.707184791564941 42.540748596191406
      vertex -5.290493011474609 11.505016326904297 42.61894989013672
    endloop
  endfacet
  facet normal -0.14919042587280273 0.9856499433517456 -0.07897192984819412
    outer loop
      vertex -4.019085884094238 11.707184791564941 42.540748596191406
      vertex -4.668997764587402 11.836929321289062 45.38787841796875
      vertex -3.171757936477661 12.052504539489746 45.24995422363281
    endloop
  endfacet
  facet normal 0.16442175209522247 0.9716666340827942 -0.16979247331619263
    outer loop
      vertex -2.5547189712524414 11.59099292755127 42.292152404785156
      vertex -1.9675179719924927 10.91499137878418 38.992244720458984
      vertex -3.343297004699707 11.198569297790527 39.282806396484375
    endloop
  endfacet
  facet normal 0.20868657529354095 0.9670392274856567 -0.14589433372020721
    outer loop
      vertex -1.9675179719924927 10.91499137878418 38.992244720458984
      vertex -1.3492679595947266 10.292070388793945 35.74764633178711
      vertex -2.710000991821289 10.630682945251465 36.04570388793945
    endloop
  endfacet
  facet normal 0.12228360027074814 0.9813624620437622 -0.1482377052307129
    outer loop
      vertex -3.343297004699707 11.198569297790527 39.282806396484375
      vertex -2.710000991821289 10.630682945251465 36.04570388793945
      vertex -3.9317920207977295 10.808870315551758 36.217464447021484
    endloop
  endfacet
  facet normal 0.1720288246870041 0.9754528999328613 -0.13746896386146545
    outer loop
      vertex -2.710000991821289 10.630682945251465 36.04570388793945
      vertex -3.343297004699707 11.198569297790527 39.282806396484375
      vertex -1.9675179719924927 10.91499137878418 38.992244720458984
    endloop
  endfacet
  facet normal -0.14209245145320892 0.9844014048576355 -0.10374844819307327
    outer loop
      vertex -5.290493011474609 11.505016326904297 42.61894989013672
      vertex -4.618156909942627 11.26730728149414 39.44266128540039
      vertex -5.740245819091797 11.100936889648438 39.40087890625
    endloop
  endfacet
  facet normal -0.012677183374762535 0.9895893931388855 -0.14336040616035461
    outer loop
      vertex -4.618156909942627 11.26730728149414 39.44266128540039
      vertex -3.9317920207977295 10.808870315551758 36.217464447021484
      vertex -5.0883002281188965 10.790603637695312 36.193641662597656
    endloop
  endfacet
  facet normal -0.18656106293201447 0.9735189080238342 -0.13212086260318756
    outer loop
      vertex -5.740245819091797 11.100936889648438 39.40087890625
      vertex -5.0883002281188965 10.790603637695312 36.193641662597656
      vertex -6.256278038024902 10.540733337402344 36.001739501953125
    endloop
  endfacet
  facet normal -0.14102955162525177 0.982245683670044 -0.12370993196964264
    outer loop
      vertex -5.0883002281188965 10.790603637695312 36.193641662597656
      vertex -5.740245819091797 11.100936889648438 39.40087890625
      vertex -4.618156909942627 11.26730728149414 39.44266128540039
    endloop
  endfacet
  facet normal 0.03672986477613449 0.9904396533966064 -0.1329667717218399
    outer loop
      vertex -3.9317920207977295 10.808870315551758 36.217464447021484
      vertex -4.618156909942627 11.26730728149414 39.44266128540039
      vertex -3.343297004699707 11.198569297790527 39.282806396484375
    endloop
  endfacet
  facet normal -0.16258783638477325 0.9807858467102051 -0.1078161895275116
    outer loop
      vertex -4.618156909942627 11.26730728149414 39.44266128540039
      vertex -5.290493011474609 11.505016326904297 42.61894989013672
      vertex -4.019085884094238 11.707184791564941 42.540748596191406
    endloop
  endfacet
  facet normal 0.05412768945097923 0.9882340431213379 -0.14305110275745392
    outer loop
      vertex -3.343297004699707 11.198569297790527 39.282806396484375
      vertex -4.019085884094238 11.707184791564941 42.540748596191406
      vertex -2.5547189712524414 11.59099292755127 42.292152404785156
    endloop
  endfacet
  facet normal 0.03485461324453354 0.9885085821151733 -0.14709174633026123
    outer loop
      vertex -4.019085884094238 11.707184791564941 42.540748596191406
      vertex -3.343297004699707 11.198569297790527 39.282806396484375
      vertex -4.618156909942627 11.26730728149414 39.44266128540039
    endloop
  endfacet
  facet normal 0.5125665664672852 0.8577480316162109 -0.03929397091269493
    outer loop
      vertex 3.0732409954071045 9.98263168334961 46.507625579833984
      vertex 4.280363082885742 9.151082992553711 44.10194396972656
      vertex 1.7811529636383057 10.667309761047363 44.59893798828125
    endloop
  endfacet
  facet normal 0.5059612393379211 0.8599727153778076 -0.06670965999364853
    outer loop
      vertex 4.280363082885742 9.151082992553711 44.10194396972656
      vertex 5.361154079437256 8.275254249572754 41.00868225097656
      vertex 2.959059953689575 9.721692085266113 41.436363220214844
    endloop
  endfacet
  facet normal 0.3680620491504669 0.919525146484375 -0.13785488903522491
    outer loop
      vertex 1.7811529636383057 10.667309761047363 44.59893798828125
      vertex 2.959059953689575 9.721692085266113 41.436363220214844
      vertex 0.5253250002861023 10.740256309509277 41.7325439453125
    endloop
  endfacet
  facet normal 0.5076150298118591 0.8589156866073608 -0.06775569915771484
    outer loop
      vertex 2.959059953689575 9.721692085266113 41.436363220214844
      vertex 1.7811529636383057 10.667309761047363 44.59893798828125
      vertex 4.280363082885742 9.151082992553711 44.10194396972656
    endloop
  endfacet
  facet normal 0.5062682628631592 0.856827974319458 -0.0976642519235611
    outer loop
      vertex 5.361154079437256 8.275254249572754 41.00868225097656
      vertex 6.2339887619018555 7.379700183868408 37.67637634277344
      vertex 4.025118827819824 8.7310152053833 38.08147430419922
    endloop
  endfacet
  facet normal 0.522523045539856 0.842629075050354 -0.1301763504743576
    outer loop
      vertex 6.2339887619018555 7.379700183868408 37.67637634277344
      vertex 6.903946876525879 6.430582046508789 34.22193908691406
      vertex 4.837660789489746 7.776186943054199 34.63801956176758
    endloop
  endfacet
  facet normal 0.42536595463752747 0.8929644823074341 -0.14723585546016693
    outer loop
      vertex 4.025118827819824 8.7310152053833 38.08147430419922
      vertex 4.837660789489746 7.776186943054199 34.63801956176758
      vertex 2.5779619216918945 8.928587913513184 35.098873138427734
    endloop
  endfacet
  facet normal 0.5021757483482361 0.8565372824668884 -0.11901048570871353
    outer loop
      vertex 4.837660789489746 7.776186943054199 34.63801956176758
      vertex 4.025118827819824 8.7310152053833 38.08147430419922
      vertex 6.2339887619018555 7.379700183868408 37.67637634277344
    endloop
  endfacet
  facet normal 0.29746174812316895 0.9388436079025269 -0.17346249520778656
    outer loop
      vertex 0.5253250002861023 10.740256309509277 41.7325439453125
      vertex 1.57595694065094 9.78150463104248 38.345096588134766
      vertex -0.545632004737854 10.515531539916992 38.67972183227539
    endloop
  endfacet
  facet normal 0.3352670967578888 0.9314742684364319 -0.14125047624111176
    outer loop
      vertex 1.57595694065094 9.78150463104248 38.345096588134766
      vertex 2.5779619216918945 8.928587913513184 35.098873138427734
      vertex 0.4750800132751465 9.737276077270508 35.4404296875
    endloop
  endfacet
  facet normal 0.26536962389945984 0.9531240463256836 -0.14537373185157776
    outer loop
      vertex -0.545632004737854 10.515531539916992 38.67972183227539
      vertex 0.4750800132751465 9.737276077270508 35.4404296875
      vertex -1.3492679595947266 10.292070388793945 35.74764633178711
    endloop
  endfacet
  facet normal 0.3057691156864166 0.9431545734405518 -0.1302485167980194
    outer loop
      vertex 0.4750800132751465 9.737276077270508 35.4404296875
      vertex -0.545632004737854 10.515531539916992 38.67972183227539
      vertex 1.57595694065094 9.78150463104248 38.345096588134766
    endloop
  endfacet
  facet normal 0.3798990845680237 0.9167330265045166 -0.12360091507434845
    outer loop
      vertex 2.5779619216918945 8.928587913513184 35.098873138427734
      vertex 1.57595694065094 9.78150463104248 38.345096588134766
      vertex 4.025118827819824 8.7310152053833 38.08147430419922
    endloop
  endfacet
  facet normal 0.36671364307403564 0.9187588095664978 -0.14629904925823212
    outer loop
      vertex 1.57595694065094 9.78150463104248 38.345096588134766
      vertex 0.5253250002861023 10.740256309509277 41.7325439453125
      vertex 2.959059953689575 9.721692085266113 41.436363220214844
    endloop
  endfacet
  facet normal 0.5010930895805359 0.8601875901222229 -0.09477908909320831
    outer loop
      vertex 4.025118827819824 8.7310152053833 38.08147430419922
      vertex 2.959059953689575 9.721692085266113 41.436363220214844
      vertex 5.361154079437256 8.275254249572754 41.00868225097656
    endloop
  endfacet
  facet normal 0.3759681284427643 0.914324939250946 -0.1505255550146103
    outer loop
      vertex 2.959059953689575 9.721692085266113 41.436363220214844
      vertex 4.025118827819824 8.7310152053833 38.08147430419922
      vertex 1.57595694065094 9.78150463104248 38.345096588134766
    endloop
  endfacet
  facet normal 0.4748680889606476 0.8641666769981384 -0.1664818674325943
    outer loop
      vertex 6.903946876525879 6.430582046508789 34.22193908691406
      vertex 7.3539581298828125 5.523735046386719 30.798316955566406
      vertex 5.360212802886963 6.681519031524658 31.12118911743164
    endloop
  endfacet
  facet normal 0.5180532932281494 0.8398158550262451 -0.16226592659950256
    outer loop
      vertex 7.3539581298828125 5.523735046386719 30.798316955566406
      vertex 7.590336799621582 4.749563217163086 27.54621696472168
      vertex 5.719583988189697 5.9482221603393555 27.7773380279541
    endloop
  endfacet
  facet normal 0.42947152256965637 0.890675961971283 -0.14916640520095825
    outer loop
      vertex 5.360212802886963 6.681519031524658 31.12118911743164
      vertex 5.719583988189697 5.9482221603393555 27.7773380279541
      vertex 3.73840594291687 6.955399036407471 28.08711814880371
    endloop
  endfacet
  facet normal 0.4805118441581726 0.8660190105438232 -0.13827377557754517
    outer loop
      vertex 5.719583988189697 5.9482221603393555 27.7773380279541
      vertex 5.360212802886963 6.681519031524658 31.12118911743164
      vertex 7.3539581298828125 5.523735046386719 30.798316955566406
    endloop
  endfacet
  facet normal 0.5131117701530457 0.8460633158683777 -0.14454467594623566
    outer loop
      vertex 7.590336799621582 4.749563217163086 27.54621696472168
      vertex 7.772374153137207 4.1222100257873535 24.520336151123047
      vertex 5.939023017883301 5.254389762878418 24.639204025268555
    endloop
  endfacet
  facet normal 0.5476750731468201 0.8168604969978333 -0.18108291923999786
    outer loop
      vertex 7.772374153137207 4.1222100257873535 24.520336151123047
      vertex 7.8372979164123535 3.5294089317321777 22.042583465576172
      vertex 6.30833101272583 4.472418785095215 21.672203063964844
    endloop
  endfacet
  facet normal 0.4796896278858185 0.8613404631614685 -0.1673036366701126
    outer loop
      vertex 5.939023017883301 5.254389762878418 24.639204025268555
      vertex 6.30833101272583 4.472418785095215 21.672203063964844
      vertex 4.495131015777588 5.444523811340332 21.478185653686523
    endloop
  endfacet
  facet normal 0.5112687945365906 0.8445923924446106 -0.15895885229110718
    outer loop
      vertex 6.30833101272583 4.472418785095215 21.672203063964844
      vertex 5.939023017883301 5.254389762878418 24.639204025268555
      vertex 7.772374153137207 4.1222100257873535 24.520336151123047
    endloop
  endfacet
  facet normal 0.3757965564727783 0.912851095199585 -0.15962399542331696
    outer loop
      vertex 3.73840594291687 6.955399036407471 28.08711814880371
      vertex 4.044589042663574 6.242362022399902 24.730266571044922
      vertex 2.2330410480499268 7.031270980834961 24.97698974609375
    endloop
  endfacet
  facet normal 0.39615216851234436 0.9029373526573181 -0.16663628816604614
    outer loop
      vertex 4.044589042663574 6.242362022399902 24.730266571044922
      vertex 4.495131015777588 5.444523811340332 21.478185653686523
      vertex 2.692007064819336 6.246789932250977 21.53870391845703
    endloop
  endfacet
  facet normal 0.3341158926486969 0.9276113510131836 -0.16704419255256653
    outer loop
      vertex 2.2330410480499268 7.031270980834961 24.97698974609375
      vertex 2.692007064819336 6.246789932250977 21.53870391845703
      vertex 1.0449910163879395 6.893401145935059 21.83509063720703
    endloop
  endfacet
  facet normal 0.37606847286224365 0.9130023717880249 -0.15811088681221008
    outer loop
      vertex 2.692007064819336 6.246789932250977 21.53870391845703
      vertex 2.2330410480499268 7.031270980834961 24.97698974609375
      vertex 4.044589042663574 6.242362022399902 24.730266571044922
    endloop
  endfacet
  facet normal 0.4511511027812958 0.8792009949684143 -0.15319350361824036
    outer loop
      vertex 4.495131015777588 5.444523811340332 21.478185653686523
      vertex 4.044589042663574 6.242362022399902 24.730266571044922
      vertex 5.939023017883301 5.254389762878418 24.639204025268555
    endloop
  endfacet
  facet normal 0.4293057918548584 0.8906125426292419 -0.15001961588859558
    outer loop
      vertex 4.044589042663574 6.242362022399902 24.730266571044922
      vertex 3.73840594291687 6.955399036407471 28.08711814880371
      vertex 5.719583988189697 5.9482221603393555 27.7773380279541
    endloop
  endfacet
  facet normal 0.520266592502594 0.8408127427101135 -0.14952079951763153
    outer loop
      vertex 5.939023017883301 5.254389762878418 24.639204025268555
      vertex 5.719583988189697 5.9482221603393555 27.7773380279541
      vertex 7.590336799621582 4.749563217163086 27.54621696472168
    endloop
  endfacet
  facet normal 0.450092077255249 0.8780427575111389 -0.16265933215618134
    outer loop
      vertex 5.719583988189697 5.9482221603393555 27.7773380279541
      vertex 5.939023017883301 5.254389762878418 24.639204025268555
      vertex 4.044589042663574 6.242362022399902 24.730266571044922
    endloop
  endfacet
  facet normal 0.2716383934020996 0.9491263031959534 -0.15928561985492706
    outer loop
      vertex -1.3492679595947266 10.292070388793945 35.74764633178711
      vertex -0.528186023235321 9.506348609924316 32.46604537963867
      vertex -1.9995479583740234 9.991310119628906 32.84656524658203
    endloop
  endfacet
  facet normal 0.26491060853004456 0.9448131918907166 -0.1927443891763687
    outer loop
      vertex -0.528186023235321 9.506348609924316 32.46604537963867
      vertex 0.10096000134944916 8.61156177520752 28.944599151611328
      vertex -1.273705005645752 9.103215217590332 29.465274810791016
    endloop
  endfacet
  facet normal 0.20779167115688324 0.9561234712600708 -0.20652003586292267
    outer loop
      vertex -1.9995479583740234 9.991310119628906 32.84656524658203
      vertex -1.273705005645752 9.103215217590332 29.465274810791016
      vertex -2.51664400100708 9.458044052124023 29.85742950439453
    endloop
  endfacet
  facet normal 0.26202234625816345 0.9457390308380127 -0.19215117394924164
    outer loop
      vertex -1.273705005645752 9.103215217590332 29.465274810791016
      vertex -1.9995479583740234 9.991310119628906 32.84656524658203
      vertex -0.528186023235321 9.506348609924316 32.46604537963867
    endloop
  endfacet
  facet normal 0.25730425119400024 0.9449697136878967 -0.20205636322498322
    outer loop
      vertex 0.10096000134944916 8.61156177520752 28.944599151611328
      vertex 0.5975679755210876 7.709214210510254 25.3569278717041
      vertex -0.7618529796600342 8.189690589904785 25.87287712097168
    endloop
  endfacet
  facet normal 0.28271719813346863 0.9417341351509094 -0.182230144739151
    outer loop
      vertex 0.5975679755210876 7.709214210510254 25.3569278717041
      vertex 1.0449910163879395 6.893401145935059 21.83509063720703
      vertex -0.34772801399230957 7.403320789337158 22.30956268310547
    endloop
  endfacet
  facet normal 0.08681053668260574 0.9748929738998413 -0.20505516231060028
    outer loop
      vertex -0.7618529796600342 8.189690589904785 25.87287712097168
      vertex -0.34772801399230957 7.403320789337158 22.30956268310547
      vertex -1.466102957725525 7.65073299407959 23.012367248535156
    endloop
  endfacet
  facet normal 0.26719528436660767 0.9470693469047546 -0.17795073986053467
    outer loop
      vertex -0.34772801399230957 7.403320789337158 22.30956268310547
      vertex -0.7618529796600342 8.189690589904785 25.87287712097168
      vertex 0.5975679755210876 7.709214210510254 25.3569278717041
    endloop
  endfacet
  facet normal 0.10605591535568237 0.9594402313232422 -0.2612023651599884
    outer loop
      vertex -2.51664400100708 9.458044052124023 29.85742950439453
      vertex -1.9207329750061035 8.473284721374512 26.482200622558594
      vertex -2.968451976776123 8.714897155761719 26.944278717041016
    endloop
  endfacet
  facet normal 0.07924356311559677 0.9722538590431213 -0.22009779512882233
    outer loop
      vertex -1.9207329750061035 8.473284721374512 26.482200622558594
      vertex -1.466102957725525 7.65073299407959 23.012367248535156
      vertex -2.484344005584717 7.913236141204834 23.805335998535156
    endloop
  endfacet
  facet normal -0.04400258511304855 0.9663143754005432 -0.2535753548145294
    outer loop
      vertex -2.968451976776123 8.714897155761719 26.944278717041016
      vertex -2.484344005584717 7.913236141204834 23.805335998535156
      vertex -3.366650104522705 8.087684631347656 24.62322235107422
    endloop
  endfacet
  facet normal 0.12227659672498703 0.9659885764122009 -0.22784753143787384
    outer loop
      vertex -2.484344005584717 7.913236141204834 23.805335998535156
      vertex -2.968451976776123 8.714897155761719 26.944278717041016
      vertex -1.9207329750061035 8.473284721374512 26.482200622558594
    endloop
  endfacet
  facet normal 0.1249527782201767 0.9689573645591736 -0.2133273184299469
    outer loop
      vertex -1.466102957725525 7.65073299407959 23.012367248535156
      vertex -1.9207329750061035 8.473284721374512 26.482200622558594
      vertex -0.7618529796600342 8.189690589904785 25.87287712097168
    endloop
  endfacet
  facet normal 0.1946573704481125 0.9503204226493835 -0.2428986132144928
    outer loop
      vertex -1.9207329750061035 8.473284721374512 26.482200622558594
      vertex -2.51664400100708 9.458044052124023 29.85742950439453
      vertex -1.273705005645752 9.103215217590332 29.465274810791016
    endloop
  endfacet
  facet normal 0.26073405146598816 0.9438554048538208 -0.20286671817302704
    outer loop
      vertex -0.7618529796600342 8.189690589904785 25.87287712097168
      vertex -1.273705005645752 9.103215217590332 29.465274810791016
      vertex 0.10096000134944916 8.61156177520752 28.944599151611328
    endloop
  endfacet
  facet normal 0.11597198247909546 0.9664376378059387 -0.2292352169752121
    outer loop
      vertex -1.273705005645752 9.103215217590332 29.465274810791016
      vertex -0.7618529796600342 8.189690589904785 25.87287712097168
      vertex -1.9207329750061035 8.473284721374512 26.482200622558594
    endloop
  endfacet
  facet normal 0.34330201148986816 0.9236485958099365 -0.17034384608268738
    outer loop
      vertex 1.0449910163879395 6.893401145935059 21.83509063720703
      vertex 0.5975679755210876 7.709214210510254 25.3569278717041
      vertex 2.2330410480499268 7.031270980834961 24.97698974609375
    endloop
  endfacet
  facet normal 0.33464667201042175 0.9237997531890869 -0.18602602183818817
    outer loop
      vertex 0.5975679755210876 7.709214210510254 25.3569278717041
      vertex 0.10096000134944916 8.61156177520752 28.944599151611328
      vertex 1.8232059478759766 7.89356803894043 28.477252960205078
    endloop
  endfacet
  facet normal 0.4044252634048462 0.8978962898254395 -0.17384572327136993
    outer loop
      vertex 2.2330410480499268 7.031270980834961 24.97698974609375
      vertex 1.8232059478759766 7.89356803894043 28.477252960205078
      vertex 3.73840594291687 6.955399036407471 28.08711814880371
    endloop
  endfacet
  facet normal 0.3386514484882355 0.922041654586792 -0.18749520182609558
    outer loop
      vertex 1.8232059478759766 7.89356803894043 28.477252960205078
      vertex 2.2330410480499268 7.031270980834961 24.97698974609375
      vertex 0.5975679755210876 7.709214210510254 25.3569278717041
    endloop
  endfacet
  facet normal 0.2898627519607544 0.9386759996414185 -0.18672694265842438
    outer loop
      vertex 0.10096000134944916 8.61156177520752 28.944599151611328
      vertex -0.528186023235321 9.506348609924316 32.46604537963867
      vertex 1.2290070056915283 8.877617835998535 32.03316879272461
    endloop
  endfacet
  facet normal 0.26198795437812805 0.9513379335403442 -0.1622297763824463
    outer loop
      vertex -0.528186023235321 9.506348609924316 32.46604537963867
      vertex -1.3492679595947266 10.292070388793945 35.74764633178711
      vertex 0.4750800132751465 9.737276077270508 35.4404296875
    endloop
  endfacet
  facet normal 0.3313153386116028 0.9296408295631409 -0.16123972833156586
    outer loop
      vertex 1.2290070056915283 8.877617835998535 32.03316879272461
      vertex 0.4750800132751465 9.737276077270508 35.4404296875
      vertex 2.5779619216918945 8.928587913513184 35.098873138427734
    endloop
  endfacet
  facet normal 0.2939889132976532 0.9401768445968628 -0.17215721309185028
    outer loop
      vertex 0.4750800132751465 9.737276077270508 35.4404296875
      vertex 1.2290070056915283 8.877617835998535 32.03316879272461
      vertex -0.528186023235321 9.506348609924316 32.46604537963867
    endloop
  endfacet
  facet normal 0.4732886254787445 0.8633384704589844 -0.17505577206611633
    outer loop
      vertex 3.73840594291687 6.955399036407471 28.08711814880371
      vertex 3.3034040927886963 7.90285587310791 31.58368682861328
      vertex 5.360212802886963 6.681519031524658 31.12118911743164
    endloop
  endfacet
  facet normal 0.4190963804721832 0.891198456287384 -0.17356139421463013
    outer loop
      vertex 3.3034040927886963 7.90285587310791 31.58368682861328
      vertex 2.5779619216918945 8.928587913513184 35.098873138427734
      vertex 4.837660789489746 7.776186943054199 34.63801956176758
    endloop
  endfacet
  facet normal 0.5096694827079773 0.8400779962539673 -0.18575750291347504
    outer loop
      vertex 5.360212802886963 6.681519031524658 31.12118911743164
      vertex 4.837660789489746 7.776186943054199 34.63801956176758
      vertex 6.903946876525879 6.430582046508789 34.22193908691406
    endloop
  endfacet
  facet normal 0.4669409692287445 0.8616477251052856 -0.1988202929496765
    outer loop
      vertex 4.837660789489746 7.776186943054199 34.63801956176758
      vertex 5.360212802886963 6.681519031524658 31.12118911743164
      vertex 3.3034040927886963 7.90285587310791 31.58368682861328
    endloop
  endfacet
  facet normal 0.38497498631477356 0.9043118953704834 -0.18442966043949127
    outer loop
      vertex 2.5779619216918945 8.928587913513184 35.098873138427734
      vertex 3.3034040927886963 7.90285587310791 31.58368682861328
      vertex 1.2290070056915283 8.877617835998535 32.03316879272461
    endloop
  endfacet
  facet normal 0.3996274769306183 0.8961086273193359 -0.1930994838476181
    outer loop
      vertex 3.3034040927886963 7.90285587310791 31.58368682861328
      vertex 3.73840594291687 6.955399036407471 28.08711814880371
      vertex 1.8232059478759766 7.89356803894043 28.477252960205078
    endloop
  endfacet
  facet normal 0.33026424050331116 0.9224380850791931 -0.2000841349363327
    outer loop
      vertex 1.2290070056915283 8.877617835998535 32.03316879272461
      vertex 1.8232059478759766 7.89356803894043 28.477252960205078
      vertex 0.10096000134944916 8.61156177520752 28.944599151611328
    endloop
  endfacet
  facet normal 0.3845778703689575 0.904168963432312 -0.18595252931118011
    outer loop
      vertex 1.8232059478759766 7.89356803894043 28.477252960205078
      vertex 1.2290070056915283 8.877617835998535 32.03316879272461
      vertex 3.3034040927886963 7.90285587310791 31.58368682861328
    endloop
  endfacet
  facet normal 0.3807317316532135 0.048524558544158936 -0.9234114289283752
    outer loop
      vertex -0.4642750024795532 0.3154340088367462 0.39403799176216125
      vertex 1.1713390350341797 1.068956971168518 1.1080149412155151
      vertex 1.1636580228805542 -0.9263719916343689 0.9999949932098389
    endloop
  endfacet
  facet normal 0.6087127327919006 0.45947888493537903 -0.646798312664032
    outer loop
      vertex 1.1713390350341797 1.068956971168518 1.1080149412155151
      vertex 2.7433559894561768 1.7869060039520264 3.097490072250366
      vertex 3.2053470611572266 -0.21965399384498596 2.1068379878997803
    endloop
  endfacet
  facet normal 0.5216928720474243 -0.2135295867919922 -0.8259792327880859
    outer loop
      vertex 1.1636580228805542 -0.9263719916343689 0.9999949932098389
      vertex 3.2053470611572266 -0.21965399384498596 2.1068379878997803
      vertex 3.0463759899139404 -2.4541499614715576 2.5840859413146973
    endloop
  endfacet
  facet normal 0.4637015759944916 0.04611436650156975 -0.8847905993461609
    outer loop
      vertex 3.2053470611572266 -0.21965399384498596 2.1068379878997803
      vertex 1.1636580228805542 -0.9263719916343689 0.9999949932098389
      vertex 1.1713390350341797 1.068956971168518 1.1080149412155151
    endloop
  endfacet
  facet normal 0.6872134208679199 0.622779130935669 -0.37401053309440613
    outer loop
      vertex 2.7433559894561768 1.7869060039520264 3.097490072250366
      vertex 3.8924880027770996 2.3006250858306885 6.064338207244873
      vertex 4.702117919921875 0.4720410108566284 4.5071210861206055
    endloop
  endfacet
  facet normal 0.6911885738372803 0.6863310933113098 -0.22629186511039734
    outer loop
      vertex 3.8924880027770996 2.3006250858306885 6.064338207244873
      vertex 4.706019878387451 2.6140050888061523 9.499664306640625
      vertex 5.693999767303467 1.0119919776916504 7.658542156219482
    endloop
  endfacet
  facet normal 0.8099295496940613 0.4799422025680542 -0.33714941143989563
    outer loop
      vertex 4.702117919921875 0.4720410108566284 4.5071210861206055
      vertex 5.693999767303467 1.0119919776916504 7.658542156219482
      vertex 6.4037628173828125 -0.8781219720840454 6.6729631423950195
    endloop
  endfacet
  facet normal 0.7251423597335815 0.603481650352478 -0.33163008093833923
    outer loop
      vertex 5.693999767303467 1.0119919776916504 7.658542156219482
      vertex 4.702117919921875 0.4720410108566284 4.5071210861206055
      vertex 3.8924880027770996 2.3006250858306885 6.064338207244873
    endloop
  endfacet
  facet normal 0.6467136740684509 -0.3653021454811096 -0.669563889503479
    outer loop
      vertex 3.0463759899139404 -2.4541499614715576 2.5840859413146973
      vertex 5.066253185272217 -1.6626290082931519 4.103190898895264
      vertex 4.775606155395508 -3.9197781085968018 5.0539231300354
    endloop
  endfacet
  facet normal 0.8764039874076843 0.0676502138376236 -0.476801335811615
    outer loop
      vertex 5.066253185272217 -1.6626290082931519 4.103190898895264
      vertex 6.4037628173828125 -0.8781219720840454 6.6729631423950195
      vertex 6.6241559982299805 -3.0057051181793213 6.7761969566345215
    endloop
  endfacet
  facet normal 0.7128207087516785 -0.48248863220214844 -0.5090101957321167
    outer loop
      vertex 4.775606155395508 -3.9197781085968018 5.0539231300354
      vertex 6.6241559982299805 -3.0057051181793213 6.7761969566345215
      vertex 6.197099208831787 -5.1021199226379395 8.165327072143555
    endloop
  endfacet
  facet normal 0.7254751324653625 -0.3444066047668457 -0.5958774089813232
    outer loop
      vertex 6.6241559982299805 -3.0057051181793213 6.7761969566345215
      vertex 4.775606155395508 -3.9197781085968018 5.0539231300354
      vertex 5.066253185272217 -1.6626290082931519 4.103190898895264
    endloop
  endfacet
  facet normal 0.8302279710769653 0.2370835542678833 -0.5044928193092346
    outer loop
      vertex 6.4037628173828125 -0.8781219720840454 6.6729631423950195
      vertex 5.066253185272217 -1.6626290082931519 4.103190898895264
      vertex 4.702117919921875 0.4720410108566284 4.5071210861206055
    endloop
  endfacet
  facet normal 0.6382232308387756 -0.20395678281784058 -0.7423427104949951
    outer loop
      vertex 5.066253185272217 -1.6626290082931519 4.103190898895264
      vertex 3.0463759899139404 -2.4541499614715576 2.5840859413146973
      vertex 3.2053470611572266 -0.21965399384498596 2.1068379878997803
    endloop
  endfacet
  facet normal 0.7000380158424377 0.43917790055274963 -0.5630892515182495
    outer loop
      vertex 4.702117919921875 0.4720410108566284 4.5071210861206055
      vertex 3.2053470611572266 -0.21965399384498596 2.1068379878997803
      vertex 2.7433559894561768 1.7869060039520264 3.097490072250366
    endloop
  endfacet
  facet normal 0.79070645570755 0.24134042859077454 -0.5626171827316284
    outer loop
      vertex 3.2053470611572266 -0.21965399384498596 2.1068379878997803
      vertex 4.702117919921875 0.4720410108566284 4.5071210861206055
      vertex 5.066253185272217 -1.6626290082931519 4.103190898895264
    endloop
  endfacet
  facet normal 0.6710686087608337 0.7150084376335144 -0.1960354596376419
    outer loop
      vertex 4.706019878387451 2.6140050888061523 9.499664306640625
      vertex 5.442963123321533 2.8687069416046143 12.951353073120117
      vertex 6.450791835784912 1.4146029949188232 11.097737312316895
    endloop
  endfacet
  facet normal 0.6303962469100952 0.7478476762771606 -0.20814521610736847
    outer loop
      vertex 5.442963123321533 2.8687069416046143 12.951353073120117
      vertex 6.209438800811768 3.149815082550049 16.282726287841797
      vertex 7.222907066345215 1.793262004852295 14.47817611694336
    endloop
  endfacet
  facet normal 0.7275629043579102 0.6433442234992981 -0.23824435472488403
    outer loop
      vertex 6.450791835784912 1.4146029949188232 11.097737312316895
      vertex 7.222907066345215 1.793262004852295 14.47817611694336
      vertex 8.120915412902832 0.276419997215271 13.12454891204834
    endloop
  endfacet
  facet normal 0.6394191384315491 0.7341853380203247 -0.22828727960586548
    outer loop
      vertex 7.222907066345215 1.793262004852295 14.47817611694336
      vertex 6.450791835784912 1.4146029949188232 11.097737312316895
      vertex 5.442963123321533 2.8687069416046143 12.951353073120117
    endloop
  endfacet
  facet normal 0.5988925695419312 0.7711319327354431 -0.21606290340423584
    outer loop
      vertex 6.209438800811768 3.149815082550049 16.282726287841797
      vertex 7.028077125549316 3.402556896209717 19.453903198242188
      vertex 8.04220199584961 2.1438629627227783 17.772600173950195
    endloop
  endfacet
  facet normal 0.6152899265289307 0.7542153000831604 -0.22929798066616058
    outer loop
      vertex 7.028077125549316 3.402556896209717 19.453903198242188
      vertex 7.8372979164123535 3.5294089317321777 22.042583465576172
      vertex 8.752699851989746 2.4734549522399902 21.025657653808594
    endloop
  endfacet
  facet normal 0.6872043609619141 0.6922775506973267 -0.22023169696331024
    outer loop
      vertex 8.04220199584961 2.1438629627227783 17.772600173950195
      vertex 8.752699851989746 2.4734549522399902 21.025657653808594
      vertex 9.774470329284668 1.069288969039917 19.80009651184082
    endloop
  endfacet
  facet normal 0.6050844788551331 0.7679761648178101 -0.2099655568599701
    outer loop
      vertex 8.752699851989746 2.4734549522399902 21.025657653808594
      vertex 8.04220199584961 2.1438629627227783 17.772600173950195
      vertex 7.028077125549316 3.402556896209717 19.453903198242188
    endloop
  endfacet
  facet normal 0.8032668828964233 0.5244587063789368 -0.2823217213153839
    outer loop
      vertex 8.120915412902832 0.276419997215271 13.12454891204834
      vertex 9.012869834899902 0.6789680123329163 16.410152435302734
      vertex 9.731294631958008 -0.9168350100517273 15.489763259887695
    endloop
  endfacet
  facet normal 0.7816333174705505 0.5749599933624268 -0.2418067306280136
    outer loop
      vertex 9.012869834899902 0.6789680123329163 16.410152435302734
      vertex 9.774470329284668 1.069288969039917 19.80009651184082
      vertex 10.615479469299316 -0.5039560198783875 18.77782440185547
    endloop
  endfacet
  facet normal 0.8865824341773987 0.3649419844150543 -0.28423425555229187
    outer loop
      vertex 9.731294631958008 -0.9168350100517273 15.489763259887695
      vertex 10.615479469299316 -0.5039560198783875 18.77782440185547
      vertex 11.116813659667969 -2.1271018981933594 18.257549285888672
    endloop
  endfacet
  facet normal 0.8035004138946533 0.5243241786956787 -0.2819063365459442
    outer loop
      vertex 10.615479469299316 -0.5039560198783875 18.77782440185547
      vertex 9.731294631958008 -0.9168350100517273 15.489763259887695
      vertex 9.012869834899902 0.6789680123329163 16.410152435302734
    endloop
  endfacet
  facet normal 0.6956567168235779 0.679031491279602 -0.23447369039058685
    outer loop
      vertex 9.774470329284668 1.069288969039917 19.80009651184082
      vertex 9.012869834899902 0.6789680123329163 16.410152435302734
      vertex 8.04220199584961 2.1438629627227783 17.772600173950195
    endloop
  endfacet
  facet normal 0.7024526000022888 0.6579890251159668 -0.27131327986717224
    outer loop
      vertex 9.012869834899902 0.6789680123329163 16.410152435302734
      vertex 8.120915412902832 0.276419997215271 13.12454891204834
      vertex 7.222907066345215 1.793262004852295 14.47817611694336
    endloop
  endfacet
  facet normal 0.6060169339179993 0.7609606385231018 -0.23169457912445068
    outer loop
      vertex 8.04220199584961 2.1438629627227783 17.772600173950195
      vertex 7.222907066345215 1.793262004852295 14.47817611694336
      vertex 6.209438800811768 3.149815082550049 16.282726287841797
    endloop
  endfacet
  facet normal 0.6884594559669495 0.683033287525177 -0.24390406906604767
    outer loop
      vertex 7.222907066345215 1.793262004852295 14.47817611694336
      vertex 8.04220199584961 2.1438629627227783 17.772600173950195
      vertex 9.012869834899902 0.6789680123329163 16.410152435302734
    endloop
  endfacet
  facet normal 0.7252625823020935 -0.5544990301132202 -0.4080747067928314
    outer loop
      vertex 6.197099208831787 -5.1021199226379395 8.165327072143555
      vertex 7.909921169281006 -4.128536224365234 9.886567115783691
      vertex 7.408070087432861 -6.028171062469482 11.575894355773926
    endloop
  endfacet
  facet normal 0.9001681804656982 -0.25616756081581116 -0.3522435128688812
    outer loop
      vertex 7.909921169281006 -4.128536224365234 9.886567115783691
      vertex 9.113706588745117 -3.246623992919922 12.321507453918457
      vertex 8.975052833557129 -5.054409980773926 13.281878471374512
    endloop
  endfacet
  facet normal 0.737272322177887 -0.5802820324897766 -0.3459802567958832
    outer loop
      vertex 7.408070087432861 -6.028171062469482 11.575894355773926
      vertex 8.975052833557129 -5.054409980773926 13.281878471374512
      vertex 8.481792449951172 -6.769056797027588 15.106582641601562
    endloop
  endfacet
  facet normal 0.7509089708328247 -0.5384348630905151 -0.38239192962646484
    outer loop
      vertex 8.975052833557129 -5.054409980773926 13.281878471374512
      vertex 7.408070087432861 -6.028171062469482 11.575894355773926
      vertex 7.909921169281006 -4.128536224365234 9.886567115783691
    endloop
  endfacet
  facet normal 0.9368714094161987 -0.0798254981637001 -0.3404408097267151
    outer loop
      vertex 9.113706588745117 -3.246623992919922 12.321507453918457
      vertex 10.184734344482422 -2.6169989109039307 15.121274948120117
      vertex 10.212177276611328 -4.273055076599121 15.585103034973145
    endloop
  endfacet
  facet normal 0.9541764259338379 0.060610104352235794 -0.29304221272468567
    outer loop
      vertex 10.184734344482422 -2.6169989109039307 15.121274948120117
      vertex 11.116813659667969 -2.1271018981933594 18.257549285888672
      vertex 11.25871467590332 -3.7195160388946533 18.390233993530273
    endloop
  endfacet
  facet normal 0.9238939881324768 -0.24114567041397095 -0.29710060358047485
    outer loop
      vertex 10.212177276611328 -4.273055076599121 15.585103034973145
      vertex 11.25871467590332 -3.7195160388946533 18.390233993530273
      vertex 11.101829528808594 -5.31562614440918 19.197872161865234
    endloop
  endfacet
  facet normal 0.9390053153038025 -0.07823428511619568 -0.33488577604293823
    outer loop
      vertex 11.25871467590332 -3.7195160388946533 18.390233993530273
      vertex 10.212177276611328 -4.273055076599121 15.585103034973145
      vertex 10.184734344482422 -2.6169989109039307 15.121274948120117
    endloop
  endfacet
  facet normal 0.7427374124526978 -0.5886697173118591 -0.31907543540000916
    outer loop
      vertex 8.481792449951172 -6.769056797027588 15.106582641601562
      vertex 9.924051284790039 -5.84818696975708 16.764909744262695
      vertex 9.465367317199707 -7.445333003997803 18.64380645751953
    endloop
  endfacet
  facet normal 0.8306495547294617 -0.46948352456092834 -0.29934385418891907
    outer loop
      vertex 9.924051284790039 -5.84818696975708 16.764909744262695
      vertex 11.101829528808594 -5.31562614440918 19.197872161865234
      vertex 10.698127746582031 -6.763308048248291 20.348148345947266
    endloop
  endfacet
  facet normal 0.7356635928153992 -0.6137744188308716 -0.28649622201919556
    outer loop
      vertex 9.465367317199707 -7.445333003997803 18.64380645751953
      vertex 10.698127746582031 -6.763308048248291 20.348148345947266
      vertex 10.179120063781738 -7.974842071533203 21.61096954345703
    endloop
  endfacet
  facet normal 0.7516692280769348 -0.5816503763198853 -0.31092819571495056
    outer loop
      vertex 10.698127746582031 -6.763308048248291 20.348148345947266
      vertex 9.465367317199707 -7.445333003997803 18.64380645751953
      vertex 9.924051284790039 -5.84818696975708 16.764909744262695
    endloop
  endfacet
  facet normal 0.8558582663536072 -0.40111926198005676 -0.3265117406845093
    outer loop
      vertex 11.101829528808594 -5.31562614440918 19.197872161865234
      vertex 9.924051284790039 -5.84818696975708 16.764909744262695
      vertex 10.212177276611328 -4.273055076599121 15.585103034973145
    endloop
  endfacet
  facet normal 0.7493942379951477 -0.5714653730392456 -0.33441847562789917
    outer loop
      vertex 9.924051284790039 -5.84818696975708 16.764909744262695
      vertex 8.481792449951172 -6.769056797027588 15.106582641601562
      vertex 8.975052833557129 -5.054409980773926 13.281878471374512
    endloop
  endfacet
  facet normal 0.8833168745040894 -0.27096471190452576 -0.3825303018093109
    outer loop
      vertex 10.212177276611328 -4.273055076599121 15.585103034973145
      vertex 8.975052833557129 -5.054409980773926 13.281878471374512
      vertex 9.113706588745117 -3.246623992919922 12.321507453918457
    endloop
  endfacet
  facet normal 0.85709148645401 -0.3999721109867096 -0.32467901706695557
    outer loop
      vertex 8.975052833557129 -5.054409980773926 13.281878471374512
      vertex 10.212177276611328 -4.273055076599121 15.585103034973145
      vertex 9.924051284790039 -5.84818696975708 16.764909744262695
    endloop
  endfacet
  facet normal 0.8978579044342041 0.3077130615711212 -0.3149031102657318
    outer loop
      vertex 11.116813659667969 -2.1271018981933594 18.257549285888672
      vertex 10.184734344482422 -2.6169989109039307 15.121274948120117
      vertex 9.731294631958008 -0.9168350100517273 15.489763259887695
    endloop
  endfacet
  facet normal 0.9062713980674744 0.1731197088956833 -0.38561856746673584
    outer loop
      vertex 10.184734344482422 -2.6169989109039307 15.121274948120117
      vertex 9.113706588745117 -3.246623992919922 12.321507453918457
      vertex 8.763500213623047 -1.3898730278015137 12.33203125
    endloop
  endfacet
  facet normal 0.821661651134491 0.4701327383518219 -0.3222534656524658
    outer loop
      vertex 9.731294631958008 -0.9168350100517273 15.489763259887695
      vertex 8.763500213623047 -1.3898730278015137 12.33203125
      vertex 8.120915412902832 0.276419997215271 13.12454891204834
    endloop
  endfacet
  facet normal 0.8955895900726318 0.3083594739437103 -0.32067710161209106
    outer loop
      vertex 8.763500213623047 -1.3898730278015137 12.33203125
      vertex 9.731294631958008 -0.9168350100517273 15.489763259887695
      vertex 10.184734344482422 -2.6169989109039307 15.121274948120117
    endloop
  endfacet
  facet normal 0.9046304225921631 -0.07789553701877594 -0.4190179705619812
    outer loop
      vertex 9.113706588745117 -3.246623992919922 12.321507453918457
      vertex 7.909921169281006 -4.128536224365234 9.886567115783691
      vertex 7.830809116363525 -2.1111199855804443 9.340731620788574
    endloop
  endfacet
  facet normal 0.7445831298828125 -0.46744439005851746 -0.4765413999557495
    outer loop
      vertex 7.909921169281006 -4.128536224365234 9.886567115783691
      vertex 6.197099208831787 -5.1021199226379395 8.165327072143555
      vertex 6.6241559982299805 -3.0057051181793213 6.7761969566345215
    endloop
  endfacet
  facet normal 0.8928118348121643 0.07090193778276443 -0.4448144733905792
    outer loop
      vertex 7.830809116363525 -2.1111199855804443 9.340731620788574
      vertex 6.6241559982299805 -3.0057051181793213 6.7761969566345215
      vertex 6.4037628173828125 -0.8781219720840454 6.6729631423950195
    endloop
  endfacet
  facet normal 0.9120239615440369 -0.07341069728136063 -0.4035135507583618
    outer loop
      vertex 6.6241559982299805 -3.0057051181793213 6.7761969566345215
      vertex 7.830809116363525 -2.1111199855804443 9.340731620788574
      vertex 7.909921169281006 -4.128536224365234 9.886567115783691
    endloop
  endfacet
  facet normal 0.7487934231758118 0.600974440574646 -0.27953192591667175
    outer loop
      vertex 8.120915412902832 0.276419997215271 13.12454891204834
      vertex 7.288871765136719 -0.22280000150203705 9.822431564331055
      vertex 6.450791835784912 1.4146029949188232 11.097737312316895
    endloop
  endfacet
  facet normal 0.815077006816864 0.4773017466068268 -0.32837870717048645
    outer loop
      vertex 7.288871765136719 -0.22280000150203705 9.822431564331055
      vertex 6.4037628173828125 -0.8781219720840454 6.6729631423950195
      vertex 5.693999767303467 1.0119919776916504 7.658542156219482
    endloop
  endfacet
  facet normal 0.686217188835144 0.6895016431808472 -0.23171836137771606
    outer loop
      vertex 6.450791835784912 1.4146029949188232 11.097737312316895
      vertex 5.693999767303467 1.0119919776916504 7.658542156219482
      vertex 4.706019878387451 2.6140050888061523 9.499664306640625
    endloop
  endfacet
  facet normal 0.7761387825012207 0.58347487449646 -0.23909346759319305
    outer loop
      vertex 5.693999767303467 1.0119919776916504 7.658542156219482
      vertex 6.450791835784912 1.4146029949188232 11.097737312316895
      vertex 7.288871765136719 -0.22280000150203705 9.822431564331055
    endloop
  endfacet
  facet normal 0.886319100856781 0.3357291519641876 -0.3189426064491272
    outer loop
      vertex 6.4037628173828125 -0.8781219720840454 6.6729631423950195
      vertex 7.288871765136719 -0.22280000150203705 9.822431564331055
      vertex 7.830809116363525 -2.1111199855804443 9.340731620788574
    endloop
  endfacet
  facet normal 0.84263014793396 0.45893195271492004 -0.2817019820213318
    outer loop
      vertex 7.288871765136719 -0.22280000150203705 9.822431564331055
      vertex 8.120915412902832 0.276419997215271 13.12454891204834
      vertex 8.763500213623047 -1.3898730278015137 12.33203125
    endloop
  endfacet
  facet normal 0.9267441630363464 0.1766747385263443 -0.3315589427947998
    outer loop
      vertex 7.830809116363525 -2.1111199855804443 9.340731620788574
      vertex 8.763500213623047 -1.3898730278015137 12.33203125
      vertex 9.113706588745117 -3.246623992919922 12.321507453918457
    endloop
  endfacet
  facet normal 0.8712649941444397 0.3402769863605499 -0.35370737314224243
    outer loop
      vertex 8.763500213623047 -1.3898730278015137 12.33203125
      vertex 7.830809116363525 -2.1111199855804443 9.340731620788574
      vertex 7.288871765136719 -0.22280000150203705 9.822431564331055
    endloop
  endfacet
  facet normal 0.6330251097679138 0.7564735412597656 -0.16439896821975708
    outer loop
      vertex 7.8372979164123535 3.5294089317321777 22.042583465576172
      vertex 7.772374153137207 4.1222100257873535 24.520336151123047
      vertex 9.184415817260742 2.854809045791626 24.125579833984375
    endloop
  endfacet
  facet normal 0.582892119884491 0.8018893599510193 -0.13118815422058105
    outer loop
      vertex 7.772374153137207 4.1222100257873535 24.520336151123047
      vertex 7.590336799621582 4.749563217163086 27.54621696472168
      vertex 9.282527923583984 3.4695379734039307 27.24074935913086
    endloop
  endfacet
  facet normal 0.6678627729415894 0.7259269952774048 -0.16428439319133759
    outer loop
      vertex 9.184415817260742 2.854809045791626 24.125579833984375
      vertex 9.282527923583984 3.4695379734039307 27.24074935913086
      vertex 10.674371719360352 2.0715858936309814 26.72182846069336
    endloop
  endfacet
  facet normal 0.6317206025123596 0.7565097212791443 -0.16918110847473145
    outer loop
      vertex 9.282527923583984 3.4695379734039307 27.24074935913086
      vertex 9.184415817260742 2.854809045791626 24.125579833984375
      vertex 7.772374153137207 4.1222100257873535 24.520336151123047
    endloop
  endfacet
  facet normal 0.5576176643371582 0.8157516717910767 -0.15366165339946747
    outer loop
      vertex 7.590336799621582 4.749563217163086 27.54621696472168
      vertex 7.3539581298828125 5.523735046386719 30.798316955566406
      vertex 9.12557601928711 4.256593227386475 30.50033950805664
    endloop
  endfacet
  facet normal 0.540359616279602 0.8282516598701477 -0.14836029708385468
    outer loop
      vertex 7.3539581298828125 5.523735046386719 30.798316955566406
      vertex 6.903946876525879 6.430582046508789 34.22193908691406
      vertex 8.743595123291016 5.1687798500061035 33.87805938720703
    endloop
  endfacet
  facet normal 0.6226678490638733 0.7702913880348206 -0.13760830461978912
    outer loop
      vertex 9.12557601928711 4.256593227386475 30.50033950805664
      vertex 8.743595123291016 5.1687798500061035 33.87805938720703
      vertex 10.394515037536621 3.7748990058898926 33.545814514160156
    endloop
  endfacet
  facet normal 0.5568783283233643 0.8155679106712341 -0.1572757065296173
    outer loop
      vertex 8.743595123291016 5.1687798500061035 33.87805938720703
      vertex 9.12557601928711 4.256593227386475 30.50033950805664
      vertex 7.3539581298828125 5.523735046386719 30.798316955566406
    endloop
  endfacet
  facet normal 0.7366638779640198 0.6595940589904785 -0.14920495450496674
    outer loop
      vertex 10.674371719360352 2.0715858936309814 26.72182846069336
      vertex 10.664299964904785 2.8553578853607178 30.13694190979004
      vertex 11.919127464294434 1.356313943862915 29.70549201965332
    endloop
  endfacet
  facet normal 0.7072044610977173 0.6946870684623718 -0.13142180442810059
    outer loop
      vertex 10.664299964904785 2.8553578853607178 30.13694190979004
      vertex 10.394515037536621 3.7748990058898926 33.545814514160156
      vertex 11.805769920349121 2.2702150344848633 33.186370849609375
    endloop
  endfacet
  facet normal 0.8065590262413025 0.5776984095573425 -0.1254078894853592
    outer loop
      vertex 11.919127464294434 1.356313943862915 29.70549201965332
      vertex 11.805769920349121 2.2702150344848633 33.186370849609375
      vertex 12.928584098815918 0.6346700191497803 32.873504638671875
    endloop
  endfacet
  facet normal 0.7366690635681152 0.6595926880836487 -0.1491851806640625
    outer loop
      vertex 11.805769920349121 2.2702150344848633 33.186370849609375
      vertex 11.919127464294434 1.356313943862915 29.70549201965332
      vertex 10.664299964904785 2.8553578853607178 30.13694190979004
    endloop
  endfacet
  facet normal 0.645907998085022 0.7483816742897034 -0.15075701475143433
    outer loop
      vertex 10.394515037536621 3.7748990058898926 33.545814514160156
      vertex 10.664299964904785 2.8553578853607178 30.13694190979004
      vertex 9.12557601928711 4.256593227386475 30.50033950805664
    endloop
  endfacet
  facet normal 0.6677528619766235 0.7259483337402344 -0.16463656723499298
    outer loop
      vertex 10.664299964904785 2.8553578853607178 30.13694190979004
      vertex 10.674371719360352 2.0715858936309814 26.72182846069336
      vertex 9.282527923583984 3.4695379734039307 27.24074935913086
    endloop
  endfacet
  facet normal 0.5757587552070618 0.8006725907325745 -0.1656058132648468
    outer loop
      vertex 9.12557601928711 4.256593227386475 30.50033950805664
      vertex 9.282527923583984 3.4695379734039307 27.24074935913086
      vertex 7.590336799621582 4.749563217163086 27.54621696472168
    endloop
  endfacet
  facet normal 0.646182119846344 0.7483795881271362 -0.14958831667900085
    outer loop
      vertex 9.282527923583984 3.4695379734039307 27.24074935913086
      vertex 9.12557601928711 4.256593227386475 30.50033950805664
      vertex 10.664299964904785 2.8553578853607178 30.13694190979004
    endloop
  endfacet
  facet normal 0.5159999132156372 0.846287190914154 -0.1324465274810791
    outer loop
      vertex 6.903946876525879 6.430582046508789 34.22193908691406
      vertex 6.2339887619018555 7.379700183868408 37.67637634277344
      vertex 8.10736083984375 6.170884132385254 37.250953674316406
    endloop
  endfacet
  facet normal 0.5257763862609863 0.845889151096344 -0.08961468935012817
    outer loop
      vertex 6.2339887619018555 7.379700183868408 37.67637634277344
      vertex 5.361154079437256 8.275254249572754 41.00868225097656
      vertex 7.218016147613525 7.07332181930542 40.55778121948242
    endloop
  endfacet
  facet normal 0.6049597859382629 0.7944161891937256 -0.054098181426525116
    outer loop
      vertex 8.10736083984375 6.170884132385254 37.250953674316406
      vertex 7.218016147613525 7.07332181930542 40.55778121948242
      vertex 8.932037353515625 5.739305019378662 40.1353874206543
    endloop
  endfacet
  facet normal 0.5255749225616455 0.8460230827331543 -0.08953167498111725
    outer loop
      vertex 7.218016147613525 7.07332181930542 40.55778121948242
      vertex 8.10736083984375 6.170884132385254 37.250953674316406
      vertex 6.2339887619018555 7.379700183868408 37.67637634277344
    endloop
  endfacet
  facet normal 0.552389919757843 0.8324912190437317 -0.04270629957318306
    outer loop
      vertex 5.361154079437256 8.275254249572754 41.00868225097656
      vertex 4.280363082885742 9.151082992553711 44.10194396972656
      vertex 6.169429779052734 7.868846893310547 43.541160583496094
    endloop
  endfacet
  facet normal 0.580205500125885 0.81441330909729 0.009624947793781757
    outer loop
      vertex 4.280363082885742 9.151082992553711 44.10194396972656
      vertex 3.0732409954071045 9.98263168334961 46.507625579833984
      vertex 4.960848808288574 8.645456314086914 45.86481857299805
    endloop
  endfacet
  facet normal 0.6619898676872253 0.7433560490608215 0.09587083756923676
    outer loop
      vertex 6.169429779052734 7.868846893310547 43.541160583496094
      vertex 4.960848808288574 8.645456314086914 45.86481857299805
      vertex 6.693150997161865 7.179213047027588 45.27208709716797
    endloop
  endfacet
  facet normal 0.5652424693107605 0.824720561504364 0.01835709623992443
    outer loop
      vertex 4.960848808288574 8.645456314086914 45.86481857299805
      vertex 6.169429779052734 7.868846893310547 43.541160583496094
      vertex 4.280363082885742 9.151082992553711 44.10194396972656
    endloop
  endfacet
  facet normal 0.6900758147239685 0.7203875184059143 0.06955006718635559
    outer loop
      vertex 8.932037353515625 5.739305019378662 40.1353874206543
      vertex 7.868003845214844 6.477367877960205 43.04800033569336
      vertex 9.486417770385742 4.97547721862793 42.54642105102539
    endloop
  endfacet
  facet normal 0.7143212556838989 0.6806820034980774 0.16253365576267242
    outer loop
      vertex 7.868003845214844 6.477367877960205 43.04800033569336
      vertex 6.693150997161865 7.179213047027588 45.27208709716797
      vertex 8.297168731689453 5.6363701820373535 44.68391036987305
    endloop
  endfacet
  facet normal 0.7552277445793152 0.6136084794998169 0.23046869039535522
    outer loop
      vertex 9.486417770385742 4.97547721862793 42.54642105102539
      vertex 8.297168731689453 5.6363701820373535 44.68391036987305
      vertex 9.763313293457031 4.039735794067383 44.130409240722656
    endloop
  endfacet
  facet normal 0.6982765197753906 0.6944088935852051 0.17379958927631378
    outer loop
      vertex 8.297168731689453 5.6363701820373535 44.68391036987305
      vertex 9.486417770385742 4.97547721862793 42.54642105102539
      vertex 7.868003845214844 6.477367877960205 43.04800033569336
    endloop
  endfacet
  facet normal 0.6482106447219849 0.7542718052864075 0.10438896715641022
    outer loop
      vertex 6.693150997161865 7.179213047027588 45.27208709716797
      vertex 7.868003845214844 6.477367877960205 43.04800033569336
      vertex 6.169429779052734 7.868846893310547 43.541160583496094
    endloop
  endfacet
  facet normal 0.6180660724639893 0.7856727242469788 0.026700183749198914
    outer loop
      vertex 7.868003845214844 6.477367877960205 43.04800033569336
      vertex 8.932037353515625 5.739305019378662 40.1353874206543
      vertex 7.218016147613525 7.07332181930542 40.55778121948242
    endloop
  endfacet
  facet normal 0.536847710609436 0.8429076075553894 -0.0360741913318634
    outer loop
      vertex 6.169429779052734 7.868846893310547 43.541160583496094
      vertex 7.218016147613525 7.07332181930542 40.55778121948242
      vertex 5.361154079437256 8.275254249572754 41.00868225097656
    endloop
  endfacet
  facet normal 0.636773943901062 0.7708341479301453 0.018266042694449425
    outer loop
      vertex 7.218016147613525 7.07332181930542 40.55778121948242
      vertex 6.169429779052734 7.868846893310547 43.541160583496094
      vertex 7.868003845214844 6.477367877960205 43.04800033569336
    endloop
  endfacet
  facet normal 0.860125720500946 0.5052204132080078 -0.07025861740112305
    outer loop
      vertex 12.928584098815918 0.6346700191497803 32.873504638671875
      vertex 12.643091201782227 1.5820529460906982 36.19092559814453
      vertex 13.641179084777832 -0.150176003575325 35.95356750488281
    endloop
  endfacet
  facet normal 0.8353015780448914 0.5490185022354126 0.029155880212783813
    outer loop
      vertex 12.643091201782227 1.5820529460906982 36.19092559814453
      vertex 11.962848663330078 2.4516990184783936 39.303707122802734
      vertex 13.060456275939941 0.800279974937439 38.95476531982422
    endloop
  endfacet
  facet normal 0.9138364791870117 0.4030948877334595 0.04916759952902794
    outer loop
      vertex 13.641179084777832 -0.150176003575325 35.95356750488281
      vertex 13.060456275939941 0.800279974937439 38.95476531982422
      vertex 13.876384735107422 -1.0269759893417358 38.77034378051758
    endloop
  endfacet
  facet normal 0.8670099377632141 0.49819087982177734 0.009990646503865719
    outer loop
      vertex 13.060456275939941 0.800279974937439 38.95476531982422
      vertex 13.641179084777832 -0.150176003575325 35.95356750488281
      vertex 12.643091201782227 1.5820529460906982 36.19092559814453
    endloop
  endfacet
  facet normal 0.8107988834381104 0.569535493850708 0.13503573834896088
    outer loop
      vertex 11.962848663330078 2.4516990184783936 39.303707122802734
      vertex 10.946776390075684 3.242798089981079 42.06794738769531
      vertex 12.16191577911377 1.6145440340042114 41.6392822265625
    endloop
  endfacet
  facet normal 0.7934554219245911 0.5597338676452637 0.23901152610778809
    outer loop
      vertex 10.946776390075684 3.242798089981079 42.06794738769531
      vertex 9.763313293457031 4.039735794067383 44.130409240722656
      vertex 11.038604736328125 2.436513900756836 43.65131378173828
    endloop
  endfacet
  facet normal 0.8386035561561584 0.4693942070007324 0.2764294445514679
    outer loop
      vertex 12.16191577911377 1.6145440340042114 41.6392822265625
      vertex 11.038604736328125 2.436513900756836 43.65131378173828
      vertex 12.054126739501953 0.8364390134811401 43.28755187988281
    endloop
  endfacet
  facet normal 0.8080347776412964 0.5426166653633118 0.2294495850801468
    outer loop
      vertex 11.038604736328125 2.436513900756836 43.65131378173828
      vertex 12.16191577911377 1.6145440340042114 41.6392822265625
      vertex 10.946776390075684 3.242798089981079 42.06794738769531
    endloop
  endfacet
  facet normal 0.9348384141921997 0.30138954520225525 0.18772722780704498
    outer loop
      vertex 13.876384735107422 -1.0269759893417358 38.77034378051758
      vertex 13.055614471435547 -0.08184599876403809 41.34021759033203
      vertex 13.646356582641602 -1.8745399713516235 41.27656555175781
    endloop
  endfacet
  facet normal 0.8893460035324097 0.3525857627391815 0.2911132574081421
    outer loop
      vertex 13.055614471435547 -0.08184599876403809 41.34021759033203
      vertex 12.054126739501953 0.8364390134811401 43.28755187988281
      vertex 12.754541397094727 -0.7815170288085938 43.10740661621094
    endloop
  endfacet
  facet normal 0.9225568175315857 0.19548897445201874 0.33267563581466675
    outer loop
      vertex 13.646356582641602 -1.8745399713516235 41.27656555175781
      vertex 12.754541397094727 -0.7815170288085938 43.10740661621094
      vertex 13.079706192016602 -2.4110300540924072 43.16322326660156
    endloop
  endfacet
  facet normal 0.9167880415916443 0.2924499809741974 0.27197936177253723
    outer loop
      vertex 12.754541397094727 -0.7815170288085938 43.10740661621094
      vertex 13.646356582641602 -1.8745399713516235 41.27656555175781
      vertex 13.055614471435547 -0.08184599876403809 41.34021759033203
    endloop
  endfacet
  facet normal 0.8735795021057129 0.41556599736213684 0.2533058226108551
    outer loop
      vertex 12.054126739501953 0.8364390134811401 43.28755187988281
      vertex 13.055614471435547 -0.08184599876403809 41.34021759033203
      vertex 12.16191577911377 1.6145440340042114 41.6392822265625
    endloop
  endfacet
  facet normal 0.9086790680885315 0.3909759819507599 0.14642493426799774
    outer loop
      vertex 13.055614471435547 -0.08184599876403809 41.34021759033203
      vertex 13.876384735107422 -1.0269759893417358 38.77034378051758
      vertex 13.060456275939941 0.800279974937439 38.95476531982422
    endloop
  endfacet
  facet normal 0.8383150100708008 0.5319883823394775 0.11923222243785858
    outer loop
      vertex 12.16191577911377 1.6145440340042114 41.6392822265625
      vertex 13.060456275939941 0.800279974937439 38.95476531982422
      vertex 11.962848663330078 2.4516990184783936 39.303707122802734
    endloop
  endfacet
  facet normal 0.8844265937805176 0.43712320923805237 0.16344071924686432
    outer loop
      vertex 13.060456275939941 0.800279974937439 38.95476531982422
      vertex 12.16191577911377 1.6145440340042114 41.6392822265625
      vertex 13.055614471435547 -0.08184599876403809 41.34021759033203
    endloop
  endfacet
  facet normal 0.7751917839050293 0.5938937664031982 0.2153322994709015
    outer loop
      vertex 9.763313293457031 4.039735794067383 44.130409240722656
      vertex 10.946776390075684 3.242798089981079 42.06794738769531
      vertex 9.486417770385742 4.97547721862793 42.54642105102539
    endloop
  endfacet
  facet normal 0.7742480635643005 0.6239369511604309 0.10603129118680954
    outer loop
      vertex 10.946776390075684 3.242798089981079 42.06794738769531
      vertex 11.962848663330078 2.4516990184783936 39.303707122802734
      vertex 10.56065559387207 4.120454788208008 39.72289276123047
    endloop
  endfacet
  facet normal 0.711176872253418 0.7005813717842102 0.05842346325516701
    outer loop
      vertex 9.486417770385742 4.97547721862793 42.54642105102539
      vertex 10.56065559387207 4.120454788208008 39.72289276123047
      vertex 8.932037353515625 5.739305019378662 40.1353874206543
    endloop
  endfacet
  facet normal 0.7745533585548401 0.6235886216163635 0.10585063695907593
    outer loop
      vertex 10.56065559387207 4.120454788208008 39.72289276123047
      vertex 9.486417770385742 4.97547721862793 42.54642105102539
      vertex 10.946776390075684 3.242798089981079 42.06794738769531
    endloop
  endfacet
  facet normal 0.7873847484588623 0.616461992263794 -0.00015782365517225116
    outer loop
      vertex 11.962848663330078 2.4516990184783936 39.303707122802734
      vertex 12.643091201782227 1.5820529460906982 36.19092559814453
      vertex 11.380237579345703 3.195141077041626 36.54566192626953
    endloop
  endfacet
  facet normal 0.8122076392173767 0.575663685798645 -0.09449946135282516
    outer loop
      vertex 12.643091201782227 1.5820529460906982 36.19092559814453
      vertex 12.928584098815918 0.6346700191497803 32.873504638671875
      vertex 11.805769920349121 2.2702150344848633 33.186370849609375
    endloop
  endfacet
  facet normal 0.7136052250862122 0.6933025121688843 -0.10049483925104141
    outer loop
      vertex 11.380237579345703 3.195141077041626 36.54566192626953
      vertex 11.805769920349121 2.2702150344848633 33.186370849609375
      vertex 10.394515037536621 3.7748990058898926 33.545814514160156
    endloop
  endfacet
  facet normal 0.7773549556732178 0.6247484087944031 -0.0735442265868187
    outer loop
      vertex 11.805769920349121 2.2702150344848633 33.186370849609375
      vertex 11.380237579345703 3.195141077041626 36.54566192626953
      vertex 12.643091201782227 1.5820529460906982 36.19092559814453
    endloop
  endfacet
  facet normal 0.6261079907417297 0.7772098183631897 -0.06271906942129135
    outer loop
      vertex 8.932037353515625 5.739305019378662 40.1353874206543
      vertex 9.828875541687012 4.7560272216796875 36.90358352661133
      vertex 8.10736083984375 6.170884132385254 37.250953674316406
    endloop
  endfacet
  facet normal 0.6263304352760315 0.7703317999839783 -0.11957851052284241
    outer loop
      vertex 9.828875541687012 4.7560272216796875 36.90358352661133
      vertex 10.394515037536621 3.7748990058898926 33.545814514160156
      vertex 8.743595123291016 5.1687798500061035 33.87805938720703
    endloop
  endfacet
  facet normal 0.5412822365760803 0.8284146785736084 -0.14402338862419128
    outer loop
      vertex 8.10736083984375 6.170884132385254 37.250953674316406
      vertex 8.743595123291016 5.1687798500061035 33.87805938720703
      vertex 6.903946876525879 6.430582046508789 34.22193908691406
    endloop
  endfacet
  facet normal 0.6167747974395752 0.7786921858787537 -0.11501027643680573
    outer loop
      vertex 8.743595123291016 5.1687798500061035 33.87805938720703
      vertex 8.10736083984375 6.170884132385254 37.250953674316406
      vertex 9.828875541687012 4.7560272216796875 36.90358352661133
    endloop
  endfacet
  facet normal 0.6958215236663818 0.7124322652816772 -0.09095420688390732
    outer loop
      vertex 10.394515037536621 3.7748990058898926 33.545814514160156
      vertex 9.828875541687012 4.7560272216796875 36.90358352661133
      vertex 11.380237579345703 3.195141077041626 36.54566192626953
    endloop
  endfacet
  facet normal 0.7020332217216492 0.711811900138855 -0.021752113476395607
    outer loop
      vertex 9.828875541687012 4.7560272216796875 36.90358352661133
      vertex 8.932037353515625 5.739305019378662 40.1353874206543
      vertex 10.56065559387207 4.120454788208008 39.72289276123047
    endloop
  endfacet
  facet normal 0.7669139504432678 0.6416565179824829 0.010957743972539902
    outer loop
      vertex 11.380237579345703 3.195141077041626 36.54566192626953
      vertex 10.56065559387207 4.120454788208008 39.72289276123047
      vertex 11.962848663330078 2.4516990184783936 39.303707122802734
    endloop
  endfacet
  facet normal 0.7063269019126892 0.7074841856956482 -0.02384217642247677
    outer loop
      vertex 10.56065559387207 4.120454788208008 39.72289276123047
      vertex 11.380237579345703 3.195141077041626 36.54566192626953
      vertex 9.828875541687012 4.7560272216796875 36.90358352661133
    endloop
  endfacet
  facet normal 0.946513295173645 0.08997375518083572 0.30986660718917847
    outer loop
      vertex 13.079706192016602 -2.4110300540924072 43.16322326660156
      vertex 13.756502151489258 -3.7370970249176025 41.480934143066406
      vertex 13.646356582641602 -1.8745399713516235 41.27656555175781
    endloop
  endfacet
  facet normal 0.9804732799530029 -0.030229929834604263 0.19431480765342712
    outer loop
      vertex 13.756502151489258 -3.7370970249176025 41.480934143066406
      vertex 14.18092155456543 -5.025784015655518 39.138916015625
      vertex 14.301310539245605 -3.0762689113616943 38.834747314453125
    endloop
  endfacet
  facet normal 0.9658639430999756 0.20524156093597412 0.15805913507938385
    outer loop
      vertex 13.646356582641602 -1.8745399713516235 41.27656555175781
      vertex 14.301310539245605 -3.0762689113616943 38.834747314453125
      vertex 13.876384735107422 -1.0269759893417358 38.77034378051758
    endloop
  endfacet
  facet normal 0.9719598293304443 0.08167368173599243 0.22050756216049194
    outer loop
      vertex 14.301310539245605 -3.0762689113616943 38.834747314453125
      vertex 13.646356582641602 -1.8745399713516235 41.27656555175781
      vertex 13.756502151489258 -3.7370970249176025 41.480934143066406
    endloop
  endfacet
  facet normal 0.99298095703125 -0.10213881731033325 0.05963694676756859
    outer loop
      vertex 14.18092155456543 -5.025784015655518 39.138916015625
      vertex 14.22456169128418 -6.131843090057373 36.517967224121094
      vertex 14.443876266479492 -4.255807876586914 36.07932662963867
    endloop
  endfacet
  facet normal 0.9664350152015686 -0.24193310737609863 -0.08643950521945953
    outer loop
      vertex 14.22456169128418 -6.131843090057373 36.517967224121094
      vertex 13.764375686645508 -6.911970138549805 33.55634307861328
      vertex 14.14967155456543 -5.198052883148193 33.067100524902344
    endloop
  endfacet
  facet normal 0.9955606460571289 -0.04269743710756302 -0.08388055115938187
    outer loop
      vertex 14.443876266479492 -4.255807876586914 36.07932662963867
      vertex 14.14967155456543 -5.198052883148193 33.067100524902344
      vertex 14.212845802307129 -3.2334439754486084 32.816864013671875
    endloop
  endfacet
  facet normal 0.9900514483451843 -0.1289205253124237 -0.0563712976872921
    outer loop
      vertex 14.14967155456543 -5.198052883148193 33.067100524902344
      vertex 14.443876266479492 -4.255807876586914 36.07932662963867
      vertex 14.22456169128418 -6.131843090057373 36.517967224121094
    endloop
  endfacet
  facet normal 0.9502278566360474 0.3110649883747101 0.017481962218880653
    outer loop
      vertex 13.876384735107422 -1.0269759893417358 38.77034378051758
      vertex 14.305164337158203 -2.176115036010742 35.91131591796875
      vertex 13.641179084777832 -0.150176003575325 35.95356750488281
    endloop
  endfacet
  facet normal 0.9727425575256348 0.20900863409042358 -0.10043557733297348
    outer loop
      vertex 14.305164337158203 -2.176115036010742 35.91131591796875
      vertex 14.212845802307129 -3.2334439754486084 32.816864013671875
      vertex 13.77759075164795 -1.2445670366287231 32.740211486816406
    endloop
  endfacet
  facet normal 0.9036827683448792 0.41558638215065 -0.10317596793174744
    outer loop
      vertex 13.641179084777832 -0.150176003575325 35.95356750488281
      vertex 13.77759075164795 -1.2445670366287231 32.740211486816406
      vertex 12.928584098815918 0.6346700191497803 32.873504638671875
    endloop
  endfacet
  facet normal 0.9477832913398743 0.3120054006576538 -0.06602666527032852
    outer loop
      vertex 13.77759075164795 -1.2445670366287231 32.740211486816406
      vertex 13.641179084777832 -0.150176003575325 35.95356750488281
      vertex 14.305164337158203 -2.176115036010742 35.91131591796875
    endloop
  endfacet
  facet normal 0.9967477321624756 0.06235775724053383 -0.05104327201843262
    outer loop
      vertex 14.212845802307129 -3.2334439754486084 32.816864013671875
      vertex 14.305164337158203 -2.176115036010742 35.91131591796875
      vertex 14.443876266479492 -4.255807876586914 36.07932662963867
    endloop
  endfacet
  facet normal 0.9767438769340515 0.20455004274845123 0.06427060812711716
    outer loop
      vertex 14.305164337158203 -2.176115036010742 35.91131591796875
      vertex 13.876384735107422 -1.0269759893417358 38.77034378051758
      vertex 14.301310539245605 -3.0762689113616943 38.834747314453125
    endloop
  endfacet
  facet normal 0.9960721135139465 -0.05012214928865433 0.07299312949180603
    outer loop
      vertex 14.443876266479492 -4.255807876586914 36.07932662963867
      vertex 14.301310539245605 -3.0762689113616943 38.834747314453125
      vertex 14.18092155456543 -5.025784015655518 39.138916015625
    endloop
  endfacet
  facet normal 0.9974122643470764 0.06833165138959885 0.022354835644364357
    outer loop
      vertex 14.301310539245605 -3.0762689113616943 38.834747314453125
      vertex 14.443876266479492 -4.255807876586914 36.07932662963867
      vertex 14.305164337158203 -2.176115036010742 35.91131591796875
    endloop
  endfacet
  facet normal 0.9090628027915955 -0.3771848976612091 -0.17702069878578186
    outer loop
      vertex 13.764375686645508 -6.911970138549805 33.55634307861328
      vertex 12.945676803588867 -7.357638835906982 30.30164337158203
      vertex 13.465917587280273 -5.8288187980651855 29.715744018554688
    endloop
  endfacet
  facet normal 0.8484830856323242 -0.4862712025642395 -0.20884619653224945
    outer loop
      vertex 12.945676803588867 -7.357638835906982 30.30164337158203
      vertex 11.993638038635254 -7.596538066864014 26.99002456665039
      vertex 12.62598991394043 -6.187500953674316 26.278331756591797
    endloop
  endfacet
  facet normal 0.9474256038665771 -0.24488741159439087 -0.20594918727874756
    outer loop
      vertex 13.465917587280273 -5.8288187980651855 29.715744018554688
      vertex 12.62598991394043 -6.187500953674316 26.278331756591797
      vertex 12.908519744873047 -4.611630916595459 25.704235076904297
    endloop
  endfacet
  facet normal 0.9074350595474243 -0.3786245286464691 -0.18222254514694214
    outer loop
      vertex 12.62598991394043 -6.187500953674316 26.278331756591797
      vertex 13.465917587280273 -5.8288187980651855 29.715744018554688
      vertex 12.945676803588867 -7.357638835906982 30.30164337158203
    endloop
  endfacet
  facet normal 0.8008604049682617 -0.5567928552627563 -0.2204637974500656
    outer loop
      vertex 11.993638038635254 -7.596538066864014 26.99002456665039
      vertex 11.03108024597168 -7.777491092681885 23.950428009033203
      vertex 11.711275100708008 -6.4456868171691895 23.05777359008789
    endloop
  endfacet
  facet normal 0.7802797555923462 -0.5794925093650818 -0.23526981472969055
    outer loop
      vertex 11.03108024597168 -7.777491092681885 23.950428009033203
      vertex 10.179120063781738 -7.974842071533203 21.61096954345703
      vertex 10.698127746582031 -6.763308048248291 20.348148345947266
    endloop
  endfacet
  facet normal 0.852790892124176 -0.4493192136287689 -0.26619529724121094
    outer loop
      vertex 11.711275100708008 -6.4456868171691895 23.05777359008789
      vertex 10.698127746582031 -6.763308048248291 20.348148345947266
      vertex 11.101829528808594 -5.31562614440918 19.197872161865234
    endloop
  endfacet
  facet normal 0.7947900891304016 -0.561031699180603 -0.23141351342201233
    outer loop
      vertex 10.698127746582031 -6.763308048248291 20.348148345947266
      vertex 11.711275100708008 -6.4456868171691895 23.05777359008789
      vertex 11.03108024597168 -7.777491092681885 23.950428009033203
    endloop
  endfacet
  facet normal 0.971182107925415 -0.0976230651140213 -0.2174283117055893
    outer loop
      vertex 12.908519744873047 -4.611630916595459 25.704235076904297
      vertex 12.095664978027344 -4.968716144561768 22.233802795410156
      vertex 12.149017333984375 -3.3260819911956787 21.73458480834961
    endloop
  endfacet
  facet normal 0.9318711161613464 -0.2325110286474228 -0.2784866690635681
    outer loop
      vertex 12.095664978027344 -4.968716144561768 22.233802795410156
      vertex 11.101829528808594 -5.31562614440918 19.197872161865234
      vertex 11.25871467590332 -3.7195160388946533 18.390233993530273
    endloop
  endfacet
  facet normal 0.962485134601593 0.06379298120737076 -0.2637287378311157
    outer loop
      vertex 12.149017333984375 -3.3260819911956787 21.73458480834961
      vertex 11.25871467590332 -3.7195160388946533 18.390233993530273
      vertex 11.116813659667969 -2.1271018981933594 18.257549285888672
    endloop
  endfacet
  facet normal 0.9639651775360107 -0.10552608221769333 -0.24420380592346191
    outer loop
      vertex 11.25871467590332 -3.7195160388946533 18.390233993530273
      vertex 12.149017333984375 -3.3260819911956787 21.73458480834961
      vertex 12.095664978027344 -4.968716144561768 22.233802795410156
    endloop
  endfacet
  facet normal 0.8938487768173218 -0.3721456825733185 -0.25008392333984375
    outer loop
      vertex 11.101829528808594 -5.31562614440918 19.197872161865234
      vertex 12.095664978027344 -4.968716144561768 22.233802795410156
      vertex 11.711275100708008 -6.4456868171691895 23.05777359008789
    endloop
  endfacet
  facet normal 0.9498823881149292 -0.24227026104927063 -0.19755618274211884
    outer loop
      vertex 12.095664978027344 -4.968716144561768 22.233802795410156
      vertex 12.908519744873047 -4.611630916595459 25.704235076904297
      vertex 12.62598991394043 -6.187500953674316 26.278331756591797
    endloop
  endfacet
  facet normal 0.8510063290596008 -0.4843868613243103 -0.2028736025094986
    outer loop
      vertex 11.711275100708008 -6.4456868171691895 23.05777359008789
      vertex 12.62598991394043 -6.187500953674316 26.278331756591797
      vertex 11.993638038635254 -7.596538066864014 26.99002456665039
    endloop
  endfacet
  facet normal 0.9038486480712891 -0.3622460961341858 -0.22767387330532074
    outer loop
      vertex 12.62598991394043 -6.187500953674316 26.278331756591797
      vertex 11.711275100708008 -6.4456868171691895 23.05777359008789
      vertex 12.095664978027344 -4.968716144561768 22.233802795410156
    endloop
  endfacet
  facet normal 0.851407527923584 0.5003567934036255 -0.1573161482810974
    outer loop
      vertex 12.928584098815918 0.6346700191497803 32.873504638671875
      vertex 12.84077262878418 -0.31932899355888367 29.363990783691406
      vertex 11.919127464294434 1.356313943862915 29.70549201965332
    endloop
  endfacet
  facet normal 0.8813682198524475 0.4328691363334656 -0.18924705684185028
    outer loop
      vertex 12.84077262878418 -0.31932899355888367 29.363990783691406
      vertex 12.422958374023438 -1.0832040309906006 25.670902252197266
      vertex 11.710206985473633 0.570048987865448 26.13297462463379
    endloop
  endfacet
  facet normal 0.7757857441902161 0.6052033305168152 -0.17856532335281372
    outer loop
      vertex 11.919127464294434 1.356313943862915 29.70549201965332
      vertex 11.710206985473633 0.570048987865448 26.13297462463379
      vertex 10.674371719360352 2.0715858936309814 26.72182846069336
    endloop
  endfacet
  facet normal 0.8508049249649048 0.5005561113357544 -0.15992093086242676
    outer loop
      vertex 11.710206985473633 0.570048987865448 26.13297462463379
      vertex 11.919127464294434 1.356313943862915 29.70549201965332
      vertex 12.84077262878418 -0.31932899355888367 29.363990783691406
    endloop
  endfacet
  facet normal 0.8885319828987122 0.411883145570755 -0.20214635133743286
    outer loop
      vertex 12.422958374023438 -1.0832040309906006 25.670902252197266
      vertex 11.830872535705566 -1.6575759649276733 21.89808464050293
      vertex 11.209038734436035 -0.023514000698924065 22.49430274963379
    endloop
  endfacet
  facet normal 0.9087329506874084 0.352375864982605 -0.22368645668029785
    outer loop
      vertex 11.830872535705566 -1.6575759649276733 21.89808464050293
      vertex 11.116813659667969 -2.1271018981933594 18.257549285888672
      vertex 10.615479469299316 -0.5039560198783875 18.77782440185547
    endloop
  endfacet
  facet normal 0.8037253022193909 0.560104489326477 -0.20076972246170044
    outer loop
      vertex 11.209038734436035 -0.023514000698924065 22.49430274963379
      vertex 10.615479469299316 -0.5039560198783875 18.77782440185547
      vertex 9.774470329284668 1.069288969039917 19.80009651184082
    endloop
  endfacet
  facet normal 0.8908119201660156 0.41025519371032715 -0.19530679285526276
    outer loop
      vertex 10.615479469299316 -0.5039560198783875 18.77782440185547
      vertex 11.209038734436035 -0.023514000698924065 22.49430274963379
      vertex 11.830872535705566 -1.6575759649276733 21.89808464050293
    endloop
  endfacet
  facet normal 0.7008772492408752 0.6860337853431702 -0.19526585936546326
    outer loop
      vertex 10.674371719360352 2.0715858936309814 26.72182846069336
      vertex 10.289761543273926 1.506142020225525 23.354736328125
      vertex 9.184415817260742 2.854809045791626 24.125579833984375
    endloop
  endfacet
  facet normal 0.7098707556724548 0.6792247295379639 -0.1863793581724167
    outer loop
      vertex 10.289761543273926 1.506142020225525 23.354736328125
      vertex 9.774470329284668 1.069288969039917 19.80009651184082
      vertex 8.752699851989746 2.4734549522399902 21.025657653808594
    endloop
  endfacet
  facet normal 0.6499417424201965 0.7380397319793701 -0.1813092827796936
    outer loop
      vertex 9.184415817260742 2.854809045791626 24.125579833984375
      vertex 8.752699851989746 2.4734549522399902 21.025657653808594
      vertex 7.8372979164123535 3.5294089317321777 22.042583465576172
    endloop
  endfacet
  facet normal 0.706727147102356 0.6835391521453857 -0.18251290917396545
    outer loop
      vertex 8.752699851989746 2.4734549522399902 21.025657653808594
      vertex 9.184415817260742 2.854809045791626 24.125579833984375
      vertex 10.289761543273926 1.506142020225525 23.354736328125
    endloop
  endfacet
  facet normal 0.7923451662063599 0.5809453129768372 -0.18625691533088684
    outer loop
      vertex 9.774470329284668 1.069288969039917 19.80009651184082
      vertex 10.289761543273926 1.506142020225525 23.354736328125
      vertex 11.209038734436035 -0.023514000698924065 22.49430274963379
    endloop
  endfacet
  facet normal 0.7717126607894897 0.6069048047065735 -0.1900688111782074
    outer loop
      vertex 10.289761543273926 1.506142020225525 23.354736328125
      vertex 10.674371719360352 2.0715858936309814 26.72182846069336
      vertex 11.710206985473633 0.570048987865448 26.13297462463379
    endloop
  endfacet
  facet normal 0.8805747032165527 0.4332868158817291 -0.19196540117263794
    outer loop
      vertex 11.209038734436035 -0.023514000698924065 22.49430274963379
      vertex 11.710206985473633 0.570048987865448 26.13297462463379
      vertex 12.422958374023438 -1.0832040309906006 25.670902252197266
    endloop
  endfacet
  facet normal 0.7843736410140991 0.5859177112579346 -0.20361337065696716
    outer loop
      vertex 11.710206985473633 0.570048987865448 26.13297462463379
      vertex 11.209038734436035 -0.023514000698924065 22.49430274963379
      vertex 10.289761543273926 1.506142020225525 23.354736328125
    endloop
  endfacet
  facet normal 0.9555627703666687 0.20313671231269836 -0.21362408995628357
    outer loop
      vertex 11.116813659667969 -2.1271018981933594 18.257549285888672
      vertex 11.830872535705566 -1.6575759649276733 21.89808464050293
      vertex 12.149017333984375 -3.3260819911956787 21.73458480834961
    endloop
  endfacet
  facet normal 0.9514892101287842 0.24466340243816376 -0.18656907975673676
    outer loop
      vertex 11.830872535705566 -1.6575759649276733 21.89808464050293
      vertex 12.422958374023438 -1.0832040309906006 25.670902252197266
      vertex 12.835222244262695 -2.8406200408935547 25.468774795532227
    endloop
  endfacet
  facet normal 0.9830188155174255 0.0163845457136631 -0.18277226388454437
    outer loop
      vertex 12.149017333984375 -3.3260819911956787 21.73458480834961
      vertex 12.835222244262695 -2.8406200408935547 25.468774795532227
      vertex 12.908519744873047 -4.611630916595459 25.704235076904297
    endloop
  endfacet
  facet normal 0.9581324458122253 0.20252665877342224 -0.202398419380188
    outer loop
      vertex 12.835222244262695 -2.8406200408935547 25.468774795532227
      vertex 12.149017333984375 -3.3260819911956787 21.73458480834961
      vertex 11.830872535705566 -1.6575759649276733 21.89808464050293
    endloop
  endfacet
  facet normal 0.9345364570617676 0.3124440908432007 -0.17035359144210815
    outer loop
      vertex 12.422958374023438 -1.0832040309906006 25.670902252197266
      vertex 12.84077262878418 -0.31932899355888367 29.363990783691406
      vertex 13.430359840393066 -2.158504009246826 29.225170135498047
    endloop
  endfacet
  facet normal 0.8992587327957153 0.41588401794433594 -0.13555102050304413
    outer loop
      vertex 12.84077262878418 -0.31932899355888367 29.363990783691406
      vertex 12.928584098815918 0.6346700191497803 32.873504638671875
      vertex 13.77759075164795 -1.2445670366287231 32.740211486816406
    endloop
  endfacet
  facet normal 0.967149019241333 0.2059098482131958 -0.14907723665237427
    outer loop
      vertex 13.430359840393066 -2.158504009246826 29.225170135498047
      vertex 13.77759075164795 -1.2445670366287231 32.740211486816406
      vertex 14.212845802307129 -3.2334439754486084 32.816864013671875
    endloop
  endfacet
  facet normal 0.9339401721954346 0.3124910891056061 -0.1735086441040039
    outer loop
      vertex 13.77759075164795 -1.2445670366287231 32.740211486816406
      vertex 13.430359840393066 -2.158504009246826 29.225170135498047
      vertex 12.84077262878418 -0.31932899355888367 29.363990783691406
    endloop
  endfacet
  facet normal 0.9799262285232544 -0.10655901581048965 -0.16849298775196075
    outer loop
      vertex 12.908519744873047 -4.611630916595459 25.704235076904297
      vertex 13.59252643585205 -4.081037998199463 29.34674072265625
      vertex 13.465917587280273 -5.8288187980651855 29.715744018554688
    endloop
  endfacet
  facet normal 0.9851809144020081 -0.05247858166694641 -0.16329282522201538
    outer loop
      vertex 13.59252643585205 -4.081037998199463 29.34674072265625
      vertex 14.212845802307129 -3.2334439754486084 32.816864013671875
      vertex 14.14967155456543 -5.198052883148193 33.067100524902344
    endloop
  endfacet
  facet normal 0.9553297162055969 -0.2566128671169281 -0.14661163091659546
    outer loop
      vertex 13.465917587280273 -5.8288187980651855 29.715744018554688
      vertex 14.14967155456543 -5.198052883148193 33.067100524902344
      vertex 13.764375686645508 -6.911970138549805 33.55634307861328
    endloop
  endfacet
  facet normal 0.9778234362602234 -0.10863596200942993 -0.17905189096927643
    outer loop
      vertex 14.14967155456543 -5.198052883148193 33.067100524902344
      vertex 13.465917587280273 -5.8288187980651855 29.715744018554688
      vertex 13.59252643585205 -4.081037998199463 29.34674072265625
    endloop
  endfacet
  facet normal 0.9788314700126648 0.07041279226541519 -0.19217461347579956
    outer loop
      vertex 14.212845802307129 -3.2334439754486084 32.816864013671875
      vertex 13.59252643585205 -4.081037998199463 29.34674072265625
      vertex 13.430359840393066 -2.158504009246826 29.225170135498047
    endloop
  endfacet
  facet normal 0.9822778701782227 0.015823477879166603 -0.18676166236400604
    outer loop
      vertex 13.59252643585205 -4.081037998199463 29.34674072265625
      vertex 12.908519744873047 -4.611630916595459 25.704235076904297
      vertex 12.835222244262695 -2.8406200408935547 25.468774795532227
    endloop
  endfacet
  facet normal 0.9496616125106812 0.2452024668455124 -0.19498373568058014
    outer loop
      vertex 13.430359840393066 -2.158504009246826 29.225170135498047
      vertex 12.835222244262695 -2.8406200408935547 25.468774795532227
      vertex 12.422958374023438 -1.0832040309906006 25.670902252197266
    endloop
  endfacet
  facet normal 0.9829900860786438 0.07223812490701675 -0.16885580122470856
    outer loop
      vertex 12.835222244262695 -2.8406200408935547 25.468774795532227
      vertex 13.430359840393066 -2.158504009246826 29.225170135498047
      vertex 13.59252643585205 -4.081037998199463 29.34674072265625
    endloop
  endfacet
  facet normal 0.030446967110037804 -0.4058156907558441 -0.9134476184844971
    outer loop
      vertex -0.4642750024795532 0.3154340088367462 0.39403799176216125
      vertex 1.1636580228805542 -0.9263719916343689 0.9999949932098389
      vertex -1.3419239521026611 -1.3191570043563843 1.0909810066223145
    endloop
  endfacet
  facet normal 0.20889903604984283 -0.5679929256439209 -0.7960811853408813
    outer loop
      vertex 1.1636580228805542 -0.9263719916343689 0.9999949932098389
      vertex 3.0463759899139404 -2.4541499614715576 2.5840859413146973
      vertex 0.40393000841140747 -3.0210189819335938 2.2951369285583496
    endloop
  endfacet
  facet normal -0.14472302794456482 -0.666143000125885 -0.7316479682922363
    outer loop
      vertex -1.3419239521026611 -1.3191570043563843 1.0909810066223145
      vertex 0.40393000841140747 -3.0210189819335938 2.2951369285583496
      vertex -2.504775047302246 -3.3808059692382812 3.198065996170044
    endloop
  endfacet
  facet normal 0.054013751447200775 -0.5392328500747681 -0.8404227495193481
    outer loop
      vertex 0.40393000841140747 -3.0210189819335938 2.2951369285583496
      vertex -1.3419239521026611 -1.3191570043563843 1.0909810066223145
      vertex 1.1636580228805542 -0.9263719916343689 0.9999949932098389
    endloop
  endfacet
  facet normal 0.33747899532318115 -0.6867475509643555 -0.643805742263794
    outer loop
      vertex 3.0463759899139404 -2.4541499614715576 2.5840859413146973
      vertex 4.775606155395508 -3.9197781085968018 5.0539231300354
      vertex 2.199420928955078 -4.635495185852051 4.466958045959473
    endloop
  endfacet
  facet normal 0.4368823170661926 -0.7562907934188843 -0.48698896169662476
    outer loop
      vertex 4.775606155395508 -3.9197781085968018 5.0539231300354
      vertex 6.197099208831787 -5.1021199226379395 8.165327072143555
      vertex 3.8085429668426514 -5.965404033660889 7.363205909729004
    endloop
  endfacet
  facet normal 0.15925098955631256 -0.860640823841095 -0.4836699962615967
    outer loop
      vertex 2.199420928955078 -4.635495185852051 4.466958045959473
      vertex 3.8085429668426514 -5.965404033660889 7.363205909729004
      vertex 0.9389770030975342 -6.5959792137146 7.54042911529541
    endloop
  endfacet
  facet normal 0.3373050391674042 -0.7703300714492798 -0.5411255359649658
    outer loop
      vertex 3.8085429668426514 -5.965404033660889 7.363205909729004
      vertex 2.199420928955078 -4.635495185852051 4.466958045959473
      vertex 4.775606155395508 -3.9197781085968018 5.0539231300354
    endloop
  endfacet
  facet normal -0.19070975482463837 -0.7895417809486389 -0.5833126306533813
    outer loop
      vertex -2.504775047302246 -3.3808059692382812 3.198065996170044
      vertex -0.74651700258255 -5.118092060089111 4.974717140197754
      vertex -3.6569230556488037 -5.476583957672119 6.411489009857178
    endloop
  endfacet
  facet normal -0.045472174882888794 -0.8782592415809631 -0.4760179817676544
    outer loop
      vertex -0.74651700258255 -5.118092060089111 4.974717140197754
      vertex 0.9389770030975342 -6.5959792137146 7.54042911529541
      vertex -1.985237956047058 -7.004469871520996 8.57343864440918
    endloop
  endfacet
  facet normal -0.1761426329612732 -0.8629229068756104 -0.4736432135105133
    outer loop
      vertex -3.6569230556488037 -5.476583957672119 6.411489009857178
      vertex -1.985237956047058 -7.004469871520996 8.57343864440918
      vertex -4.672046184539795 -7.345223903656006 10.19344711303711
    endloop
  endfacet
  facet normal -0.139890655875206 -0.8563737273216248 -0.49704593420028687
    outer loop
      vertex -1.985237956047058 -7.004469871520996 8.57343864440918
      vertex -3.6569230556488037 -5.476583957672119 6.411489009857178
      vertex -0.74651700258255 -5.118092060089111 4.974717140197754
    endloop
  endfacet
  facet normal 0.04934080317616463 -0.8511093258857727 -0.5226647257804871
    outer loop
      vertex 0.9389770030975342 -6.5959792137146 7.54042911529541
      vertex -0.74651700258255 -5.118092060089111 4.974717140197754
      vertex 2.199420928955078 -4.635495185852051 4.466958045959473
    endloop
  endfacet
  facet normal -0.10468354821205139 -0.7608668804168701 -0.6404085755348206
    outer loop
      vertex -0.74651700258255 -5.118092060089111 4.974717140197754
      vertex -2.504775047302246 -3.3808059692382812 3.198065996170044
      vertex 0.40393000841140747 -3.0210189819335938 2.2951369285583496
    endloop
  endfacet
  facet normal 0.22281119227409363 -0.6851277947425842 -0.6935092806816101
    outer loop
      vertex 2.199420928955078 -4.635495185852051 4.466958045959473
      vertex 0.40393000841140747 -3.0210189819335938 2.2951369285583496
      vertex 3.0463759899139404 -2.4541499614715576 2.5840859413146973
    endloop
  endfacet
  facet normal 0.024753613397479057 -0.7923927307128906 -0.6095088124275208
    outer loop
      vertex 0.40393000841140747 -3.0210189819335938 2.2951369285583496
      vertex 2.199420928955078 -4.635495185852051 4.466958045959473
      vertex -0.74651700258255 -5.118092060089111 4.974717140197754
    endloop
  endfacet
  facet normal 0.5046690106391907 -0.7709479928016663 -0.3885209262371063
    outer loop
      vertex 6.197099208831787 -5.1021199226379395 8.165327072143555
      vertex 7.408070087432861 -6.028171062469482 11.575894355773926
      vertex 5.255168914794922 -7.014095783233643 10.735770225524902
    endloop
  endfacet
  facet normal 0.5643739700317383 -0.7565244436264038 -0.33038294315338135
    outer loop
      vertex 7.408070087432861 -6.028171062469482 11.575894355773926
      vertex 8.481792449951172 -6.769056797027588 15.106582641601562
      vertex 6.600000858306885 -7.8168230056762695 14.291245460510254
    endloop
  endfacet
  facet normal 0.3452173173427582 -0.8789598941802979 -0.32902052998542786
    outer loop
      vertex 5.255168914794922 -7.014095783233643 10.735770225524902
      vertex 6.600000858306885 -7.8168230056762695 14.291245460510254
      vertex 4.131968021392822 -8.7177095413208 14.108386039733887
    endloop
  endfacet
  facet normal 0.5018443465232849 -0.7833861708641052 -0.3666855990886688
    outer loop
      vertex 6.600000858306885 -7.8168230056762695 14.291245460510254
      vertex 5.255168914794922 -7.014095783233643 10.735770225524902
      vertex 7.408070087432861 -6.028171062469482 11.575894355773926
    endloop
  endfacet
  facet normal 0.5978445410728455 -0.7401822209358215 -0.3077533543109894
    outer loop
      vertex 8.481792449951172 -6.769056797027588 15.106582641601562
      vertex 9.465367317199707 -7.445333003997803 18.64380645751953
      vertex 7.867003917694092 -8.42074966430664 17.88479995727539
    endloop
  endfacet
  facet normal 0.620380163192749 -0.7326271533966064 -0.27997472882270813
    outer loop
      vertex 9.465367317199707 -7.445333003997803 18.64380645751953
      vertex 10.179120063781738 -7.974842071533203 21.61096954345703
      vertex 8.989480018615723 -8.864611625671387 21.3032283782959
    endloop
  endfacet
  facet normal 0.4965137839317322 -0.8249212503433228 -0.27014636993408203
    outer loop
      vertex 7.867003917694092 -8.42074966430664 17.88479995727539
      vertex 8.989480018615723 -8.864611625671387 21.3032283782959
      vertex 7.167747974395752 -9.906042098999023 21.135108947753906
    endloop
  endfacet
  facet normal 0.5955314040184021 -0.7481154203414917 -0.2926870584487915
    outer loop
      vertex 8.989480018615723 -8.864611625671387 21.3032283782959
      vertex 7.867003917694092 -8.42074966430664 17.88479995727539
      vertex 9.465367317199707 -7.445333003997803 18.64380645751953
    endloop
  endfacet
  facet normal 0.2593841254711151 -0.9188960194587708 -0.2972371578216553
    outer loop
      vertex 4.131968021392822 -8.7177095413208 14.108386039733887
      vertex 5.699880123138428 -9.429924011230469 17.67840576171875
      vertex 3.0645840167999268 -10.204252243041992 17.77251625061035
    endloop
  endfacet
  facet normal 0.35993492603302 -0.8913379311561584 -0.2756149172782898
    outer loop
      vertex 5.699880123138428 -9.429924011230469 17.67840576171875
      vertex 7.167747974395752 -9.906042098999023 21.135108947753906
      vertex 4.830575942993164 -10.879337310791016 21.23055076599121
    endloop
  endfacet
  facet normal 0.21955154836177826 -0.9303287863731384 -0.29374411702156067
    outer loop
      vertex 3.0645840167999268 -10.204252243041992 17.77251625061035
      vertex 4.830575942993164 -10.879337310791016 21.23055076599121
      vertex 2.1485660076141357 -11.605571746826172 21.526037216186523
    endloop
  endfacet
  facet normal 0.2577815353870392 -0.9150270819664001 -0.3102806508541107
    outer loop
      vertex 4.830575942993164 -10.879337310791016 21.23055076599121
      vertex 3.0645840167999268 -10.204252243041992 17.77251625061035
      vertex 5.699880123138428 -9.429924011230469 17.67840576171875
    endloop
  endfacet
  facet normal 0.42611268162727356 -0.8539807796478271 -0.2985714077949524
    outer loop
      vertex 7.167747974395752 -9.906042098999023 21.135108947753906
      vertex 5.699880123138428 -9.429924011230469 17.67840576171875
      vertex 7.867003917694092 -8.42074966430664 17.88479995727539
    endloop
  endfacet
  facet normal 0.34531930088996887 -0.8796201944351196 -0.32714346051216125
    outer loop
      vertex 5.699880123138428 -9.429924011230469 17.67840576171875
      vertex 4.131968021392822 -8.7177095413208 14.108386039733887
      vertex 6.600000858306885 -7.8168230056762695 14.291245460510254
    endloop
  endfacet
  facet normal 0.5638194680213928 -0.7587082386016846 -0.32629674673080444
    outer loop
      vertex 7.867003917694092 -8.42074966430664 17.88479995727539
      vertex 6.600000858306885 -7.8168230056762695 14.291245460510254
      vertex 8.481792449951172 -6.769056797027588 15.106582641601562
    endloop
  endfacet
  facet normal 0.42635390162467957 -0.8554168939590454 -0.29408231377601624
    outer loop
      vertex 6.600000858306885 -7.8168230056762695 14.291245460510254
      vertex 7.867003917694092 -8.42074966430664 17.88479995727539
      vertex 5.699880123138428 -9.429924011230469 17.67840576171875
    endloop
  endfacet
  facet normal -0.13503192365169525 -0.9112866520881653 -0.38900262117385864
    outer loop
      vertex -4.672046184539795 -7.345223903656006 10.19344711303711
      vertex -3.0804309844970703 -8.575078010559082 12.522045135498047
      vertex -5.507215976715088 -8.855969429016113 14.022461891174316
    endloop
  endfacet
  facet normal -0.0553303100168705 -0.9373079538345337 -0.3440818786621094
    outer loop
      vertex -3.0804309844970703 -8.575078010559082 12.522045135498047
      vertex -1.4222979545593262 -9.673222541809082 15.246846199035645
      vertex -3.933311939239502 -9.91047477722168 16.296926498413086
    endloop
  endfacet
  facet normal -0.16398701071739197 -0.9333710670471191 -0.31925976276397705
    outer loop
      vertex -5.507215976715088 -8.855969429016113 14.022461891174316
      vertex -3.933311939239502 -9.91047477722168 16.296926498413086
      vertex -6.074551105499268 -10.009535789489746 17.686378479003906
    endloop
  endfacet
  facet normal -0.11116417497396469 -0.9287424683570862 -0.35366660356521606
    outer loop
      vertex -3.933311939239502 -9.91047477722168 16.296926498413086
      vertex -5.507215976715088 -8.855969429016113 14.022461891174316
      vertex -3.0804309844970703 -8.575078010559082 12.522045135498047
    endloop
  endfacet
  facet normal 0.006575806066393852 -0.9485336542129517 -0.31660816073417664
    outer loop
      vertex -1.4222979545593262 -9.673222541809082 15.246846199035645
      vertex 0.303041011095047 -10.654803276062012 18.223421096801758
      vertex -2.3160738945007324 -10.902463912963867 18.910995483398438
    endloop
  endfacet
  facet normal 0.07571141421794891 -0.9461687803268433 -0.3146943747997284
    outer loop
      vertex 0.303041011095047 -10.654803276062012 18.223421096801758
      vertex 2.1485660076141357 -11.605571746826172 21.526037216186523
      vertex -0.59300297498703 -11.97110366821289 21.965469360351562
    endloop
  endfacet
  facet normal -0.06806839257478714 -0.9530576467514038 -0.2950389087200165
    outer loop
      vertex -2.3160738945007324 -10.902463912963867 18.910995483398438
      vertex -0.59300297498703 -11.97110366821289 21.965469360351562
      vertex -3.1099600791931152 -11.967201232910156 22.533550262451172
    endloop
  endfacet
  facet normal 0.0022295028902590275 -0.9435043931007385 -0.3313526213169098
    outer loop
      vertex -0.59300297498703 -11.97110366821289 21.965469360351562
      vertex -2.3160738945007324 -10.902463912963867 18.910995483398438
      vertex 0.303041011095047 -10.654803276062012 18.223421096801758
    endloop
  endfacet
  facet normal -0.24053947627544403 -0.9303438067436218 -0.2767693102359772
    outer loop
      vertex -6.074551105499268 -10.009535789489746 17.686378479003906
      vertex -4.678769111633301 -11.008550643920898 19.831438064575195
      vertex -6.527068138122559 -10.880212783813477 21.006389617919922
    endloop
  endfacet
  facet normal -0.19074749946594238 -0.9547950029373169 -0.2279951125383377
    outer loop
      vertex -4.678769111633301 -11.008550643920898 19.831438064575195
      vertex -3.1099600791931152 -11.967201232910156 22.533550262451172
      vertex -5.189530849456787 -11.70997142791748 23.196157455444336
    endloop
  endfacet
  facet normal -0.29710543155670166 -0.9388083219528198 -0.17426259815692902
    outer loop
      vertex -6.527068138122559 -10.880212783813477 21.006389617919922
      vertex -5.189530849456787 -11.70997142791748 23.196157455444336
      vertex -6.597860813140869 -11.3880615234375 23.86302947998047
    endloop
  endfacet
  facet normal -0.21228225529193878 -0.9497065544128418 -0.23020333051681519
    outer loop
      vertex -5.189530849456787 -11.70997142791748 23.196157455444336
      vertex -6.527068138122559 -10.880212783813477 21.006389617919922
      vertex -4.678769111633301 -11.008550643920898 19.831438064575195
    endloop
  endfacet
  facet normal -0.07248326390981674 -0.9524841904640198 -0.2958378791809082
    outer loop
      vertex -3.1099600791931152 -11.967201232910156 22.533550262451172
      vertex -4.678769111633301 -11.008550643920898 19.831438064575195
      vertex -2.3160738945007324 -10.902463912963867 18.910995483398438
    endloop
  endfacet
  facet normal -0.16752921044826508 -0.9309164881706238 -0.32454347610473633
    outer loop
      vertex -4.678769111633301 -11.008550643920898 19.831438064575195
      vertex -6.074551105499268 -10.009535789489746 17.686378479003906
      vertex -3.933311939239502 -9.91047477722168 16.296926498413086
    endloop
  endfacet
  facet normal -0.048123832792043686 -0.9433746933937073 -0.3282199800014496
    outer loop
      vertex -2.3160738945007324 -10.902463912963867 18.910995483398438
      vertex -3.933311939239502 -9.91047477722168 16.296926498413086
      vertex -1.4222979545593262 -9.673222541809082 15.246846199035645
    endloop
  endfacet
  facet normal -0.07856529951095581 -0.9472090005874634 -0.31084194779396057
    outer loop
      vertex -3.933311939239502 -9.91047477722168 16.296926498413086
      vertex -2.3160738945007324 -10.902463912963867 18.910995483398438
      vertex -4.678769111633301 -11.008550643920898 19.831438064575195
    endloop
  endfacet
  facet normal 0.10003764927387238 -0.9398947954177856 -0.3264818489551544
    outer loop
      vertex 2.1485660076141357 -11.605571746826172 21.526037216186523
      vertex 0.303041011095047 -10.654803276062012 18.223421096801758
      vertex 3.0645840167999268 -10.204252243041992 17.77251625061035
    endloop
  endfacet
  facet normal 0.028658758848905563 -0.9442449808120728 -0.32799404859542847
    outer loop
      vertex 0.303041011095047 -10.654803276062012 18.223421096801758
      vertex -1.4222979545593262 -9.673222541809082 15.246846199035645
      vertex 1.316390037536621 -9.311234474182129 14.444032669067383
    endloop
  endfacet
  facet normal 0.15654566884040833 -0.9302672147750854 -0.331807941198349
    outer loop
      vertex 3.0645840167999268 -10.204252243041992 17.77251625061035
      vertex 1.316390037536621 -9.311234474182129 14.444032669067383
      vertex 4.131968021392822 -8.7177095413208 14.108386039733887
    endloop
  endfacet
  facet normal 0.10393831878900528 -0.9455971121788025 -0.30829036235809326
    outer loop
      vertex 1.316390037536621 -9.311234474182129 14.444032669067383
      vertex 3.0645840167999268 -10.204252243041992 17.77251625061035
      vertex 0.303041011095047 -10.654803276062012 18.223421096801758
    endloop
  endfacet
  facet normal -0.04182977229356766 -0.9352629780769348 -0.35147324204444885
    outer loop
      vertex -1.4222979545593262 -9.673222541809082 15.246846199035645
      vertex -3.0804309844970703 -8.575078010559082 12.522045135498047
      vertex -0.36476901173591614 -8.253023147583008 11.341865539550781
    endloop
  endfacet
  facet normal -0.12346585839986801 -0.9098476767539978 -0.396148145198822
    outer loop
      vertex -3.0804309844970703 -8.575078010559082 12.522045135498047
      vertex -4.672046184539795 -7.345223903656006 10.19344711303711
      vertex -1.985237956047058 -7.004469871520996 8.57343864440918
    endloop
  endfacet
  facet normal -0.01487699430435896 -0.9147149324417114 -0.403825968503952
    outer loop
      vertex -0.36476901173591614 -8.253023147583008 11.341865539550781
      vertex -1.985237956047058 -7.004469871520996 8.57343864440918
      vertex 0.9389770030975342 -6.5959792137146 7.54042911529541
    endloop
  endfacet
  facet normal -0.05690412223339081 -0.9221658110618591 -0.38258612155914307
    outer loop
      vertex -1.985237956047058 -7.004469871520996 8.57343864440918
      vertex -0.36476901173591614 -8.253023147583008 11.341865539550781
      vertex -3.0804309844970703 -8.575078010559082 12.522045135498047
    endloop
  endfacet
  facet normal 0.26091066002845764 -0.8938549757003784 -0.3646215796470642
    outer loop
      vertex 4.131968021392822 -8.7177095413208 14.108386039733887
      vertex 2.522711992263794 -7.7812581062316895 10.661185264587402
      vertex 5.255168914794922 -7.014095783233643 10.735770225524902
    endloop
  endfacet
  facet normal 0.16934114694595337 -0.8897514939308167 -0.4238700866699219
    outer loop
      vertex 2.522711992263794 -7.7812581062316895 10.661185264587402
      vertex 0.9389770030975342 -6.5959792137146 7.54042911529541
      vertex 3.8085429668426514 -5.965404033660889 7.363205909729004
    endloop
  endfacet
  facet normal 0.43126484751701355 -0.792412281036377 -0.43138545751571655
    outer loop
      vertex 5.255168914794922 -7.014095783233643 10.735770225524902
      vertex 3.8085429668426514 -5.965404033660889 7.363205909729004
      vertex 6.197099208831787 -5.1021199226379395 8.165327072143555
    endloop
  endfacet
  facet normal 0.2590762674808502 -0.8852057456970215 -0.3863808810710907
    outer loop
      vertex 3.8085429668426514 -5.965404033660889 7.363205909729004
      vertex 5.255168914794922 -7.014095783233643 10.735770225524902
      vertex 2.522711992263794 -7.7812581062316895 10.661185264587402
    endloop
  endfacet
  facet normal 0.06084519997239113 -0.9224726557731628 -0.38123777508735657
    outer loop
      vertex 0.9389770030975342 -6.5959792137146 7.54042911529541
      vertex 2.522711992263794 -7.7812581062316895 10.661185264587402
      vertex -0.36476901173591614 -8.253023147583008 11.341865539550781
    endloop
  endfacet
  facet normal 0.1575036644935608 -0.9319161772727966 -0.32668763399124146
    outer loop
      vertex 2.522711992263794 -7.7812581062316895 10.661185264587402
      vertex 4.131968021392822 -8.7177095413208 14.108386039733887
      vertex 1.316390037536621 -9.311234474182129 14.444032669067383
    endloop
  endfacet
  facet normal 0.02615041472017765 -0.9417100548744202 -0.3354078531265259
    outer loop
      vertex -0.36476901173591614 -8.253023147583008 11.341865539550781
      vertex 1.316390037536621 -9.311234474182129 14.444032669067383
      vertex -1.4222979545593262 -9.673222541809082 15.246846199035645
    endloop
  endfacet
  facet normal 0.06858772784471512 -0.9322754144668579 -0.3551875948905945
    outer loop
      vertex 1.316390037536621 -9.311234474182129 14.444032669067383
      vertex -0.36476901173591614 -8.253023147583008 11.341865539550781
      vertex 2.522711992263794 -7.7812581062316895 10.661185264587402
    endloop
  endfacet
  facet normal 0.7098984718322754 -0.6748356819152832 -0.20159614086151123
    outer loop
      vertex 10.179120063781738 -7.974842071533203 21.61096954345703
      vertex 11.03108024597168 -7.777491092681885 23.950428009033203
      vertex 10.0265474319458 -8.991339683532715 24.476390838623047
    endloop
  endfacet
  facet normal 0.7497384548187256 -0.6308290958404541 -0.1998673677444458
    outer loop
      vertex 11.03108024597168 -7.777491092681885 23.950428009033203
      vertex 11.993638038635254 -7.596538066864014 26.99002456665039
      vertex 11.059039115905762 -8.897445678710938 27.590150833129883
    endloop
  endfacet
  facet normal 0.6441856026649475 -0.7405667901039124 -0.19127406179904938
    outer loop
      vertex 10.0265474319458 -8.991339683532715 24.476390838623047
      vertex 11.059039115905762 -8.897445678710938 27.590150833129883
      vertex 9.759977340698242 -10.126692771911621 27.974430084228516
    endloop
  endfacet
  facet normal 0.7052150368690491 -0.6760982871055603 -0.21345484256744385
    outer loop
      vertex 11.059039115905762 -8.897445678710938 27.590150833129883
      vertex 10.0265474319458 -8.991339683532715 24.476390838623047
      vertex 11.03108024597168 -7.777491092681885 23.950428009033203
    endloop
  endfacet
  facet normal 0.7931103110313416 -0.579927921295166 -0.1861710250377655
    outer loop
      vertex 11.993638038635254 -7.596538066864014 26.99002456665039
      vertex 12.945676803588867 -7.357638835906982 30.30164337158203
      vertex 12.093633651733398 -8.715546607971191 30.90176010131836
    endloop
  endfacet
  facet normal 0.8531390428543091 -0.5008305907249451 -0.14602252840995789
    outer loop
      vertex 12.945676803588867 -7.357638835906982 30.30164337158203
      vertex 13.764375686645508 -6.911970138549805 33.55634307861328
      vertex 13.015998840332031 -8.363401412963867 34.16208267211914
    endloop
  endfacet
  facet normal 0.724475622177124 -0.6765662431716919 -0.13188312947750092
    outer loop
      vertex 12.093633651733398 -8.715546607971191 30.90176010131836
      vertex 13.015998840332031 -8.363401412963867 34.16208267211914
      vertex 11.926713943481445 -9.648653030395508 34.77169418334961
    endloop
  endfacet
  facet normal 0.8011568188667297 -0.5754010081291199 -0.16450349986553192
    outer loop
      vertex 13.015998840332031 -8.363401412963867 34.16208267211914
      vertex 12.093633651733398 -8.715546607971191 30.90176010131836
      vertex 12.945676803588867 -7.357638835906982 30.30164337158203
    endloop
  endfacet
  facet normal 0.5781750679016113 -0.8023179769515991 -0.14832176268100739
    outer loop
      vertex 9.759977340698242 -10.126692771911621 27.974430084228516
      vertex 10.886202812194824 -9.947158813476562 31.393430709838867
      vertex 9.351113319396973 -11.126814842224121 31.790599822998047
    endloop
  endfacet
  facet normal 0.5931309461593628 -0.7972438931465149 -0.11224033683538437
    outer loop
      vertex 10.886202812194824 -9.947158813476562 31.393430709838867
      vertex 11.926713943481445 -9.648653030395508 34.77169418334961
      vertex 10.494613647460938 -10.789392471313477 35.306480407714844
    endloop
  endfacet
  facet normal 0.46187859773635864 -0.8845337629318237 -0.06533126533031464
    outer loop
      vertex 9.351113319396973 -11.126814842224121 31.790599822998047
      vertex 10.494613647460938 -10.789392471313477 35.306480407714844
      vertex 8.664859771728516 -11.779711723327637 35.77863693237305
    endloop
  endfacet
  facet normal 0.5866754055023193 -0.8017776608467102 -0.11386217921972275
    outer loop
      vertex 10.494613647460938 -10.789392471313477 35.306480407714844
      vertex 9.351113319396973 -11.126814842224121 31.790599822998047
      vertex 10.886202812194824 -9.947158813476562 31.393430709838867
    endloop
  endfacet
  facet normal 0.6770517230033875 -0.7215544581413269 -0.14477604627609253
    outer loop
      vertex 11.926713943481445 -9.648653030395508 34.77169418334961
      vertex 10.886202812194824 -9.947158813476562 31.393430709838867
      vertex 12.093633651733398 -8.715546607971191 30.90176010131836
    endloop
  endfacet
  facet normal 0.6489412188529968 -0.7404675483703613 -0.17488008737564087
    outer loop
      vertex 10.886202812194824 -9.947158813476562 31.393430709838867
      vertex 9.759977340698242 -10.126692771911621 27.974430084228516
      vertex 11.059039115905762 -8.897445678710938 27.590150833129883
    endloop
  endfacet
  facet normal 0.7498418688774109 -0.6307864189147949 -0.1996137499809265
    outer loop
      vertex 12.093633651733398 -8.715546607971191 30.90176010131836
      vertex 11.059039115905762 -8.897445678710938 27.590150833129883
      vertex 11.993638038635254 -7.596538066864014 26.99002456665039
    endloop
  endfacet
  facet normal 0.669141948223114 -0.7235918045043945 -0.16930434107780457
    outer loop
      vertex 11.059039115905762 -8.897445678710938 27.590150833129883
      vertex 12.093633651733398 -8.715546607971191 30.90176010131836
      vertex 10.886202812194824 -9.947158813476562 31.393430709838867
    endloop
  endfacet
  facet normal 0.9295400381088257 -0.3655649423599243 -0.04814055934548378
    outer loop
      vertex 13.764375686645508 -6.911970138549805 33.55634307861328
      vertex 14.22456169128418 -6.131843090057373 36.517967224121094
      vertex 13.639673233032227 -7.695610046386719 37.099205017089844
    endloop
  endfacet
  facet normal 0.970798671245575 -0.21480418741703033 0.10681318491697311
    outer loop
      vertex 14.22456169128418 -6.131843090057373 36.517967224121094
      vertex 14.18092155456543 -5.025784015655518 39.138916015625
      vertex 13.760894775390625 -6.6681227684021 39.653648376464844
    endloop
  endfacet
  facet normal 0.88081955909729 -0.4522457420825958 0.14010974764823914
    outer loop
      vertex 13.639673233032227 -7.695610046386719 37.099205017089844
      vertex 13.760894775390625 -6.6681227684021 39.653648376464844
      vertex 12.940814971923828 -8.059778213500977 40.31721496582031
    endloop
  endfacet
  facet normal 0.943178117275238 -0.32136285305023193 0.08450480550527573
    outer loop
      vertex 13.760894775390625 -6.6681227684021 39.653648376464844
      vertex 13.639673233032227 -7.695610046386719 37.099205017089844
      vertex 14.22456169128418 -6.131843090057373 36.517967224121094
    endloop
  endfacet
  facet normal 0.9629678726196289 -0.1208585575222969 0.24101056158542633
    outer loop
      vertex 14.18092155456543 -5.025784015655518 39.138916015625
      vertex 13.756502151489258 -3.7370970249176025 41.480934143066406
      vertex 13.469679832458496 -5.389828205108643 41.79815673828125
    endloop
  endfacet
  facet normal 0.9328451752662659 0.01973082311451435 0.3597368896007538
    outer loop
      vertex 13.756502151489258 -3.7370970249176025 41.480934143066406
      vertex 13.079706192016602 -2.4110300540924072 43.16322326660156
      vertex 13.001379013061523 -3.9705750942230225 43.451873779296875
    endloop
  endfacet
  facet normal 0.8961214423179626 -0.17801673710346222 0.4065418243408203
    outer loop
      vertex 13.469679832458496 -5.389828205108643 41.79815673828125
      vertex 13.001379013061523 -3.9705750942230225 43.451873779296875
      vertex 12.581707000732422 -5.410179138183594 43.74656295776367
    endloop
  endfacet
  facet normal 0.9332688450813293 -0.09550526738166809 0.3462483286857605
    outer loop
      vertex 13.001379013061523 -3.9705750942230225 43.451873779296875
      vertex 13.469679832458496 -5.389828205108643 41.79815673828125
      vertex 13.756502151489258 -3.7370970249176025 41.480934143066406
    endloop
  endfacet
  facet normal 0.8091421723365784 -0.4767501950263977 0.34350889921188354
    outer loop
      vertex 12.940814971923828 -8.059778213500977 40.31721496582031
      vertex 12.816556930541992 -6.796411991119385 42.363311767578125
      vertex 11.787647247314453 -8.031617164611816 43.072608947753906
    endloop
  endfacet
  facet normal 0.8280977010726929 -0.31940528750419617 0.46068912744522095
    outer loop
      vertex 12.816556930541992 -6.796411991119385 42.363311767578125
      vertex 12.581707000732422 -5.410179138183594 43.74656295776367
      vertex 11.786490440368652 -6.6568827629089355 44.311614990234375
    endloop
  endfacet
  facet normal 0.7388147711753845 -0.4508289098739624 0.5009053349494934
    outer loop
      vertex 11.787647247314453 -8.031617164611816 43.072608947753906
      vertex 11.786490440368652 -6.6568827629089355 44.311614990234375
      vertex 10.625752449035645 -7.707244873046875 45.07830047607422
    endloop
  endfacet
  facet normal 0.7960851788520813 -0.404792457818985 0.4498791992664337
    outer loop
      vertex 11.786490440368652 -6.6568827629089355 44.311614990234375
      vertex 11.787647247314453 -8.031617164611816 43.072608947753906
      vertex 12.816556930541992 -6.796411991119385 42.363311767578125
    endloop
  endfacet
  facet normal 0.8822399377822876 -0.24914775788784027 0.39947250485420227
    outer loop
      vertex 12.581707000732422 -5.410179138183594 43.74656295776367
      vertex 12.816556930541992 -6.796411991119385 42.363311767578125
      vertex 13.469679832458496 -5.389828205108643 41.79815673828125
    endloop
  endfacet
  facet normal 0.8787568807601929 -0.38039737939834595 0.2882433831691742
    outer loop
      vertex 12.816556930541992 -6.796411991119385 42.363311767578125
      vertex 12.940814971923828 -8.059778213500977 40.31721496582031
      vertex 13.760894775390625 -6.6681227684021 39.653648376464844
    endloop
  endfacet
  facet normal 0.9572764039039612 -0.17195595800876617 0.23249317705631256
    outer loop
      vertex 13.469679832458496 -5.389828205108643 41.79815673828125
      vertex 13.760894775390625 -6.6681227684021 39.653648376464844
      vertex 14.18092155456543 -5.025784015655518 39.138916015625
    endloop
  endfacet
  facet normal 0.9053258895874023 -0.29929518699645996 0.3013426661491394
    outer loop
      vertex 13.760894775390625 -6.6681227684021 39.653648376464844
      vertex 13.469679832458496 -5.389828205108643 41.79815673828125
      vertex 12.816556930541992 -6.796411991119385 42.363311767578125
    endloop
  endfacet
  facet normal 0.34874626994132996 -0.9344581365585327 0.07186107337474823
    outer loop
      vertex 8.664859771728516 -11.779711723327637 35.77863693237305
      vertex 9.668466567993164 -11.148652076721191 39.114166259765625
      vertex 7.567506790161133 -11.88755989074707 39.70173645019531
    endloop
  endfacet
  facet normal 0.4267391264438629 -0.880706250667572 0.2055487185716629
    outer loop
      vertex 9.668466567993164 -11.148652076721191 39.114166259765625
      vertex 10.196954727172852 -10.241750717163086 41.90273666381836
      vertex 8.362652778625488 -10.964461326599121 42.614356994628906
    endloop
  endfacet
  facet normal 0.26971685886383057 -0.9367058277130127 0.22323797643184662
    outer loop
      vertex 7.567506790161133 -11.88755989074707 39.70173645019531
      vertex 8.362652778625488 -10.964461326599121 42.614356994628906
      vertex 6.110469818115234 -11.455041885375977 43.2769775390625
    endloop
  endfacet
  facet normal 0.37198829650878906 -0.9092828035354614 0.18662667274475098
    outer loop
      vertex 8.362652778625488 -10.964461326599121 42.614356994628906
      vertex 7.567506790161133 -11.88755989074707 39.70173645019531
      vertex 9.668466567993164 -11.148652076721191 39.114166259765625
    endloop
  endfacet
  facet normal 0.5519816875457764 -0.7417771220207214 0.3808976709842682
    outer loop
      vertex 10.196954727172852 -10.241750717163086 41.90273666381836
      vertex 10.395797729492188 -9.05148983001709 43.93254852294922
      vertex 8.75811767578125 -9.84439754486084 44.76166534423828
    endloop
  endfacet
  facet normal 0.6356282830238342 -0.5608736872673035 0.5304690003395081
    outer loop
      vertex 10.395797729492188 -9.05148983001709 43.93254852294922
      vertex 10.625752449035645 -7.707244873046875 45.07830047607422
      vertex 9.171195030212402 -8.579010009765625 45.89947509765625
    endloop
  endfacet
  facet normal 0.5168599486351013 -0.6595057845115662 0.5458093881607056
    outer loop
      vertex 8.75811767578125 -9.84439754486084 44.76166534423828
      vertex 9.171195030212402 -8.579010009765625 45.89947509765625
      vertex 7.491948127746582 -9.21554946899414 46.72052001953125
    endloop
  endfacet
  facet normal 0.5700456500053406 -0.6444006562232971 0.509701669216156
    outer loop
      vertex 9.171195030212402 -8.579010009765625 45.89947509765625
      vertex 8.75811767578125 -9.84439754486084 44.76166534423828
      vertex 10.395797729492188 -9.05148983001709 43.93254852294922
    endloop
  endfacet
  facet normal 0.2262253612279892 -0.9057285785675049 0.35843804478645325
    outer loop
      vertex 6.110469818115234 -11.455041885375977 43.2769775390625
      vertex 6.859716892242432 -10.38211441040039 45.51525115966797
      vertex 4.620988845825195 -10.694847106933594 46.137969970703125
    endloop
  endfacet
  facet normal 0.37857016921043396 -0.7563570737838745 0.5334873199462891
    outer loop
      vertex 6.859716892242432 -10.38211441040039 45.51525115966797
      vertex 7.491948127746582 -9.21554946899414 46.72052001953125
      vertex 5.628245830535889 -9.626686096191406 47.46013641357422
    endloop
  endfacet
  facet normal 0.21311317384243011 -0.8329862356185913 0.510604202747345
    outer loop
      vertex 4.620988845825195 -10.694847106933594 46.137969970703125
      vertex 5.628245830535889 -9.626686096191406 47.46013641357422
      vertex 3.6026220321655273 -9.776437759399414 48.061279296875
    endloop
  endfacet
  facet normal 0.2518540024757385 -0.8375785946846008 0.4848005771636963
    outer loop
      vertex 5.628245830535889 -9.626686096191406 47.46013641357422
      vertex 4.620988845825195 -10.694847106933594 46.137969970703125
      vertex 6.859716892242432 -10.38211441040039 45.51525115966797
    endloop
  endfacet
  facet normal 0.41581717133522034 -0.7527084350585938 0.5104177594184875
    outer loop
      vertex 7.491948127746582 -9.21554946899414 46.72052001953125
      vertex 6.859716892242432 -10.38211441040039 45.51525115966797
      vertex 8.75811767578125 -9.84439754486084 44.76166534423828
    endloop
  endfacet
  facet normal 0.2929425835609436 -0.89671790599823 0.33178555965423584
    outer loop
      vertex 6.859716892242432 -10.38211441040039 45.51525115966797
      vertex 6.110469818115234 -11.455041885375977 43.2769775390625
      vertex 8.362652778625488 -10.964461326599121 42.614356994628906
    endloop
  endfacet
  facet normal 0.45667576789855957 -0.820487380027771 0.3438718914985657
    outer loop
      vertex 8.75811767578125 -9.84439754486084 44.76166534423828
      vertex 8.362652778625488 -10.964461326599121 42.614356994628906
      vertex 10.196954727172852 -10.241750717163086 41.90273666381836
    endloop
  endfacet
  facet normal 0.38613468408584595 -0.8451129198074341 0.36970826983451843
    outer loop
      vertex 8.362652778625488 -10.964461326599121 42.614356994628906
      vertex 8.75811767578125 -9.84439754486084 44.76166534423828
      vertex 6.859716892242432 -10.38211441040039 45.51525115966797
    endloop
  endfacet
  facet normal 0.6916722655296326 -0.5333624482154846 0.4869435131549835
    outer loop
      vertex 10.625752449035645 -7.707244873046875 45.07830047607422
      vertex 10.395797729492188 -9.05148983001709 43.93254852294922
      vertex 11.787647247314453 -8.031617164611816 43.072608947753906
    endloop
  endfacet
  facet normal 0.6209402084350586 -0.7012042999267578 0.35035091638565063
    outer loop
      vertex 10.395797729492188 -9.05148983001709 43.93254852294922
      vertex 10.196954727172852 -10.241750717163086 41.90273666381836
      vertex 11.733109474182129 -9.277772903442383 41.10948944091797
    endloop
  endfacet
  facet normal 0.7687920928001404 -0.549355685710907 0.3273639380931854
    outer loop
      vertex 11.787647247314453 -8.031617164611816 43.072608947753906
      vertex 11.733109474182129 -9.277772903442383 41.10948944091797
      vertex 12.940814971923828 -8.059778213500977 40.31721496582031
    endloop
  endfacet
  facet normal 0.6874702572822571 -0.6216063499450684 0.37548667192459106
    outer loop
      vertex 11.733109474182129 -9.277772903442383 41.10948944091797
      vertex 11.787647247314453 -8.031617164611816 43.072608947753906
      vertex 10.395797729492188 -9.05148983001709 43.93254852294922
    endloop
  endfacet
  facet normal 0.5256710052490234 -0.833249032497406 0.17136512696743011
    outer loop
      vertex 10.196954727172852 -10.241750717163086 41.90273666381836
      vertex 9.668466567993164 -11.148652076721191 39.114166259765625
      vertex 11.34221076965332 -10.220745086669922 38.49174499511719
    endloop
  endfacet
  facet normal 0.4801504909992218 -0.8769240975379944 0.021438617259263992
    outer loop
      vertex 9.668466567993164 -11.148652076721191 39.114166259765625
      vertex 8.664859771728516 -11.779711723327637 35.77863693237305
      vertex 10.494613647460938 -10.789392471313477 35.306480407714844
    endloop
  endfacet
  facet normal 0.617391049861908 -0.7862929105758667 -0.023914966732263565
    outer loop
      vertex 11.34221076965332 -10.220745086669922 38.49174499511719
      vertex 10.494613647460938 -10.789392471313477 35.306480407714844
      vertex 11.926713943481445 -9.648653030395508 34.77169418334961
    endloop
  endfacet
  facet normal 0.4916866719722748 -0.8704259395599365 0.02455470897257328
    outer loop
      vertex 10.494613647460938 -10.789392471313477 35.306480407714844
      vertex 11.34221076965332 -10.220745086669922 38.49174499511719
      vertex 9.668466567993164 -11.148652076721191 39.114166259765625
    endloop
  endfacet
  facet normal 0.8342729210853577 -0.5380700826644897 0.12028879672288895
    outer loop
      vertex 12.940814971923828 -8.059778213500977 40.31721496582031
      vertex 12.666753768920898 -9.049519538879395 37.79072570800781
      vertex 13.639673233032227 -7.695610046386719 37.099205017089844
    endloop
  endfacet
  facet normal 0.7493448257446289 -0.6600805521011353 -0.052688635885715485
    outer loop
      vertex 12.666753768920898 -9.049519538879395 37.79072570800781
      vertex 11.926713943481445 -9.648653030395508 34.77169418334961
      vertex 13.015998840332031 -8.363401412963867 34.16208267211914
    endloop
  endfacet
  facet normal 0.8730036020278931 -0.4817815124988556 -0.07583630084991455
    outer loop
      vertex 13.639673233032227 -7.695610046386719 37.099205017089844
      vertex 13.015998840332031 -8.363401412963867 34.16208267211914
      vertex 13.764375686645508 -6.911970138549805 33.55634307861328
    endloop
  endfacet
  facet normal 0.8029572367668152 -0.5949950814247131 -0.035221997648477554
    outer loop
      vertex 13.015998840332031 -8.363401412963867 34.16208267211914
      vertex 13.639673233032227 -7.695610046386719 37.099205017089844
      vertex 12.666753768920898 -9.049519538879395 37.79072570800781
    endloop
  endfacet
  facet normal 0.6587437391281128 -0.7522687315940857 -0.012185098603367805
    outer loop
      vertex 11.926713943481445 -9.648653030395508 34.77169418334961
      vertex 12.666753768920898 -9.049519538879395 37.79072570800781
      vertex 11.34221076965332 -10.220745086669922 38.49174499511719
    endloop
  endfacet
  facet normal 0.7524512410163879 -0.636894166469574 0.16787834465503693
    outer loop
      vertex 12.666753768920898 -9.049519538879395 37.79072570800781
      vertex 12.940814971923828 -8.059778213500977 40.31721496582031
      vertex 11.733109474182129 -9.277772903442383 41.10948944091797
    endloop
  endfacet
  facet normal 0.5912874341011047 -0.7828519344329834 0.19370649755001068
    outer loop
      vertex 11.34221076965332 -10.220745086669922 38.49174499511719
      vertex 11.733109474182129 -9.277772903442383 41.10948944091797
      vertex 10.196954727172852 -10.241750717163086 41.90273666381836
    endloop
  endfacet
  facet normal 0.6979590654373169 -0.700643002986908 0.14816401898860931
    outer loop
      vertex 11.733109474182129 -9.277772903442383 41.10948944091797
      vertex 11.34221076965332 -10.220745086669922 38.49174499511719
      vertex 12.666753768920898 -9.049519538879395 37.79072570800781
    endloop
  endfacet
  facet normal 0.022943776100873947 -0.8973802328109741 0.44066107273101807
    outer loop
      vertex 3.6026220321655273 -9.776437759399414 48.061279296875
      vertex 2.3093180656433105 -10.584192276000977 46.483673095703125
      vertex 4.620988845825195 -10.694847106933594 46.137969970703125
    endloop
  endfacet
  facet normal -0.028312258422374725 -0.9440401792526245 0.3286133408546448
    outer loop
      vertex 2.3093180656433105 -10.584192276000977 46.483673095703125
      vertex 0.8795379996299744 -11.452594757080078 43.86574172973633
      vertex 3.448137044906616 -11.570213317871094 43.749149322509766
    endloop
  endfacet
  facet normal 0.09448342770338058 -0.9488351941108704 0.30130478739738464
    outer loop
      vertex 4.620988845825195 -10.694847106933594 46.137969970703125
      vertex 3.448137044906616 -11.570213317871094 43.749149322509766
      vertex 6.110469818115234 -11.455041885375977 43.2769775390625
    endloop
  endfacet
  facet normal 0.006070049479603767 -0.9398860335350037 0.3414342701435089
    outer loop
      vertex 3.448137044906616 -11.570213317871094 43.749149322509766
      vertex 4.620988845825195 -10.694847106933594 46.137969970703125
      vertex 2.3093180656433105 -10.584192276000977 46.483673095703125
    endloop
  endfacet
  facet normal -0.05954644829034805 -0.9623069167137146 0.2653668522834778
    outer loop
      vertex 0.8795379996299744 -11.452594757080078 43.86574172973633
      vertex -0.5336729884147644 -12.29246711730957 40.50297546386719
      vertex 2.0950210094451904 -12.445011138916016 40.5396614074707
    endloop
  endfacet
  facet normal -0.06893081963062286 -0.9732363820075989 0.21922512352466583
    outer loop
      vertex -0.5336729884147644 -12.29246711730957 40.50297546386719
      vertex -1.8195840120315552 -12.998747825622559 36.963157653808594
      vertex 0.7580739855766296 -13.192187309265137 36.914886474609375
    endloop
  endfacet
  facet normal 0.07507398724555969 -0.9817590117454529 0.17468036711215973
    outer loop
      vertex 2.0950210094451904 -12.445011138916016 40.5396614074707
      vertex 0.7580739855766296 -13.192187309265137 36.914886474609375
      vertex 3.6192190647125244 -13.015657424926758 36.6773796081543
    endloop
  endfacet
  facet normal -0.059575192630290985 -0.9730973839759827 0.2225583791732788
    outer loop
      vertex 0.7580739855766296 -13.192187309265137 36.914886474609375
      vertex 2.0950210094451904 -12.445011138916016 40.5396614074707
      vertex -0.5336729884147644 -12.29246711730957 40.50297546386719
    endloop
  endfacet
  facet normal 0.1827930361032486 -0.9643877744674683 0.19116230309009552
    outer loop
      vertex 6.110469818115234 -11.455041885375977 43.2769775390625
      vertex 4.955979824066162 -12.271320343017578 40.262908935546875
      vertex 7.567506790161133 -11.88755989074707 39.70173645019531
    endloop
  endfacet
  facet normal 0.1983148157596588 -0.9717709422111511 0.12779861688613892
    outer loop
      vertex 4.955979824066162 -12.271320343017578 40.262908935546875
      vertex 3.6192190647125244 -13.015657424926758 36.6773796081543
      vertex 6.357583999633789 -12.511146545410156 36.264312744140625
    endloop
  endfacet
  facet normal 0.3133776783943176 -0.9476281404495239 0.06160586699843407
    outer loop
      vertex 7.567506790161133 -11.88755989074707 39.70173645019531
      vertex 6.357583999633789 -12.511146545410156 36.264312744140625
      vertex 8.664859771728516 -11.779711723327637 35.77863693237305
    endloop
  endfacet
  facet normal 0.16914120316505432 -0.9785054326057434 0.11797646433115005
    outer loop
      vertex 6.357583999633789 -12.511146545410156 36.264312744140625
      vertex 7.567506790161133 -11.88755989074707 39.70173645019531
      vertex 4.955979824066162 -12.271320343017578 40.262908935546875
    endloop
  endfacet
  facet normal 0.07654101401567459 -0.9815481305122375 0.17522814869880676
    outer loop
      vertex 3.6192190647125244 -13.015657424926758 36.6773796081543
      vertex 4.955979824066162 -12.271320343017578 40.262908935546875
      vertex 2.0950210094451904 -12.445011138916016 40.5396614074707
    endloop
  endfacet
  facet normal 0.08287326246500015 -0.9694632291793823 0.23080947995185852
    outer loop
      vertex 4.955979824066162 -12.271320343017578 40.262908935546875
      vertex 6.110469818115234 -11.455041885375977 43.2769775390625
      vertex 3.448137044906616 -11.570213317871094 43.749149322509766
    endloop
  endfacet
  facet normal -0.031508274376392365 -0.9608746767044067 0.275185763835907
    outer loop
      vertex 2.0950210094451904 -12.445011138916016 40.5396614074707
      vertex 3.448137044906616 -11.570213317871094 43.749149322509766
      vertex 0.8795379996299744 -11.452594757080078 43.86574172973633
    endloop
  endfacet
  facet normal 0.08113617449998856 -0.9697739481925964 0.2301206737756729
    outer loop
      vertex 3.448137044906616 -11.570213317871094 43.749149322509766
      vertex 2.0950210094451904 -12.445011138916016 40.5396614074707
      vertex 4.955979824066162 -12.271320343017578 40.262908935546875
    endloop
  endfacet
  facet normal -0.16281256079673767 -0.9787015914916992 0.1250411868095398
    outer loop
      vertex -1.8195840120315552 -12.998747825622559 36.963157653808594
      vertex -3.046020984649658 -13.245890617370605 33.431854248046875
      vertex -0.6292420029640198 -13.671770095825195 33.24530029296875
    endloop
  endfacet
  facet normal -0.2588082551956177 -0.9658827185630798 -0.009434032253921032
    outer loop
      vertex -3.046020984649658 -13.245890617370605 33.431854248046875
      vertex -4.356541156768799 -12.860260963439941 29.902122497558594
      vertex -2.1619069576263428 -13.44591236114502 29.656326293945312
    endloop
  endfacet
  facet normal -0.05410796403884888 -0.9977462887763977 -0.03968246653676033
    outer loop
      vertex -0.6292420029640198 -13.671770095825195 33.24530029296875
      vertex -2.1619069576263428 -13.44591236114502 29.656326293945312
      vertex 0.4896489977836609 -13.573369979858398 29.245567321777344
    endloop
  endfacet
  facet normal -0.1726522147655487 -0.9849128127098083 0.011749275960028172
    outer loop
      vertex -2.1619069576263428 -13.44591236114502 29.656326293945312
      vertex -0.6292420029640198 -13.671770095825195 33.24530029296875
      vertex -3.046020984649658 -13.245890617370605 33.431854248046875
    endloop
  endfacet
  facet normal -0.3060121536254883 -0.9463714957237244 -0.10362157970666885
    outer loop
      vertex -4.356541156768799 -12.860260963439941 29.902122497558594
      vertex -5.62538480758667 -12.080438613891602 26.527149200439453
      vertex -3.717411994934082 -12.662130355834961 26.20514678955078
    endloop
  endfacet
  facet normal -0.28424975275993347 -0.9480804800987244 -0.1426374316215515
    outer loop
      vertex -5.62538480758667 -12.080438613891602 26.527149200439453
      vertex -6.597860813140869 -11.3880615234375 23.86302947998047
      vertex -5.189530849456787 -11.70997142791748 23.196157455444336
    endloop
  endfacet
  facet normal -0.18632633984088898 -0.959257185459137 -0.21238718926906586
    outer loop
      vertex -3.717411994934082 -12.662130355834961 26.20514678955078
      vertex -5.189530849456787 -11.70997142791748 23.196157455444336
      vertex -3.1099600791931152 -11.967201232910156 22.533550262451172
    endloop
  endfacet
  facet normal -0.31086570024490356 -0.9393059015274048 -0.14514417946338654
    outer loop
      vertex -5.189530849456787 -11.70997142791748 23.196157455444336
      vertex -3.717411994934082 -12.662130355834961 26.20514678955078
      vertex -5.62538480758667 -12.080438613891602 26.527149200439453
    endloop
  endfacet
  facet normal 0.02027411013841629 -0.9806057810783386 -0.19493918120861053
    outer loop
      vertex 0.4896489977836609 -13.573369979858398 29.245567321777344
      vertex -1.3430529832839966 -12.915694236755371 25.746644973754883
      vertex 1.369143009185791 -12.770883560180664 25.300275802612305
    endloop
  endfacet
  facet normal -0.05857046693563461 -0.9657257199287415 -0.2528700828552246
    outer loop
      vertex -1.3430529832839966 -12.915694236755371 25.746644973754883
      vertex -3.1099600791931152 -11.967201232910156 22.533550262451172
      vertex -0.59300297498703 -11.97110366821289 21.965469360351562
    endloop
  endfacet
  facet normal 0.08297377824783325 -0.9569001197814941 -0.2783118486404419
    outer loop
      vertex 1.369143009185791 -12.770883560180664 25.300275802612305
      vertex -0.59300297498703 -11.97110366821289 21.965469360351562
      vertex 2.1485660076141357 -11.605571746826172 21.526037216186523
    endloop
  endfacet
  facet normal 0.01232066284865141 -0.9706833362579346 -0.24004630744457245
    outer loop
      vertex -0.59300297498703 -11.97110366821289 21.965469360351562
      vertex 1.369143009185791 -12.770883560180664 25.300275802612305
      vertex -1.3430529832839966 -12.915694236755371 25.746644973754883
    endloop
  endfacet
  facet normal -0.14330650866031647 -0.9678120613098145 -0.20688891410827637
    outer loop
      vertex -3.1099600791931152 -11.967201232910156 22.533550262451172
      vertex -1.3430529832839966 -12.915694236755371 25.746644973754883
      vertex -3.717411994934082 -12.662130355834961 26.20514678955078
    endloop
  endfacet
  facet normal -0.07042303681373596 -0.9863985180854797 -0.14852170646190643
    outer loop
      vertex -1.3430529832839966 -12.915694236755371 25.746644973754883
      vertex 0.4896489977836609 -13.573369979858398 29.245567321777344
      vertex -2.1619069576263428 -13.44591236114502 29.656326293945312
    endloop
  endfacet
  facet normal -0.2667850852012634 -0.9588108658790588 -0.09750670939683914
    outer loop
      vertex -3.717411994934082 -12.662130355834961 26.20514678955078
      vertex -2.1619069576263428 -13.44591236114502 29.656326293945312
      vertex -4.356541156768799 -12.860260963439941 29.902122497558594
    endloop
  endfacet
  facet normal -0.13548408448696136 -0.9776179194450378 -0.160957470536232
    outer loop
      vertex -2.1619069576263428 -13.44591236114502 29.656326293945312
      vertex -3.717411994934082 -12.662130355834961 26.20514678955078
      vertex -1.3430529832839966 -12.915694236755371 25.746644973754883
    endloop
  endfacet
  facet normal 0.4878278970718384 -0.8709676861763 -0.058645009994506836
    outer loop
      vertex 8.664859771728516 -11.779711723327637 35.77863693237305
      vertex 7.411578178405762 -12.235452651977539 32.12188720703125
      vertex 9.351113319396973 -11.126814842224121 31.790599822998047
    endloop
  endfacet
  facet normal 0.4571738541126251 -0.8815602660179138 -0.11765876412391663
    outer loop
      vertex 7.411578178405762 -12.235452651977539 32.12188720703125
      vertex 5.973735809326172 -12.493610382080078 28.469270706176758
      vertex 8.101523399353027 -11.358511924743652 28.23223876953125
    endloop
  endfacet
  facet normal 0.5745144486427307 -0.8047528266906738 -0.1493520885705948
    outer loop
      vertex 9.351113319396973 -11.126814842224121 31.790599822998047
      vertex 8.101523399353027 -11.358511924743652 28.23223876953125
      vertex 9.759977340698242 -10.126692771911621 27.974430084228516
    endloop
  endfacet
  facet normal 0.478748619556427 -0.8708535432815552 -0.11141793429851532
    outer loop
      vertex 8.101523399353027 -11.358511924743652 28.23223876953125
      vertex 9.351113319396973 -11.126814842224121 31.790599822998047
      vertex 7.411578178405762 -12.235452651977539 32.12188720703125
    endloop
  endfacet
  facet normal 0.3283793330192566 -0.915810763835907 -0.23120908439159393
    outer loop
      vertex 5.973735809326172 -12.493610382080078 28.469270706176758
      vertex 4.125767230987549 -12.267099380493164 24.94745445251465
      vertex 6.61441707611084 -11.316289901733398 24.71588706970215
    endloop
  endfacet
  facet normal 0.21747161448001862 -0.9272066354751587 -0.3049490749835968
    outer loop
      vertex 4.125767230987549 -12.267099380493164 24.94745445251465
      vertex 2.1485660076141357 -11.605571746826172 21.526037216186523
      vertex 4.830575942993164 -10.879337310791016 21.23055076599121
    endloop
  endfacet
  facet normal 0.3571971654891968 -0.8865633010864258 -0.2939656376838684
    outer loop
      vertex 6.61441707611084 -11.316289901733398 24.71588706970215
      vertex 4.830575942993164 -10.879337310791016 21.23055076599121
      vertex 7.167747974395752 -9.906042098999023 21.135108947753906
    endloop
  endfacet
  facet normal 0.32024678587913513 -0.9057900905609131 -0.2774643898010254
    outer loop
      vertex 4.830575942993164 -10.879337310791016 21.23055076599121
      vertex 6.61441707611084 -11.316289901733398 24.71588706970215
      vertex 4.125767230987549 -12.267099380493164 24.94745445251465
    endloop
  endfacet
  facet normal 0.619061291217804 -0.7596146464347839 -0.19937101006507874
    outer loop
      vertex 9.759977340698242 -10.126692771911621 27.974430084228516
      vertex 8.605194091796875 -10.186304092407227 24.615867614746094
      vertex 10.0265474319458 -8.991339683532715 24.476390838623047
    endloop
  endfacet
  facet normal 0.49642473459243774 -0.8245632648468018 -0.2713998854160309
    outer loop
      vertex 8.605194091796875 -10.186304092407227 24.615867614746094
      vertex 7.167747974395752 -9.906042098999023 21.135108947753906
      vertex 8.989480018615723 -8.864611625671387 21.3032283782959
    endloop
  endfacet
  facet normal 0.6203832030296326 -0.7489925026893616 -0.23266933858394623
    outer loop
      vertex 10.0265474319458 -8.991339683532715 24.476390838623047
      vertex 8.989480018615723 -8.864611625671387 21.3032283782959
      vertex 10.179120063781738 -7.974842071533203 21.61096954345703
    endloop
  endfacet
  facet normal 0.6128414273262024 -0.7558472752571106 -0.23047825694084167
    outer loop
      vertex 8.989480018615723 -8.864611625671387 21.3032283782959
      vertex 10.0265474319458 -8.991339683532715 24.476390838623047
      vertex 8.605194091796875 -10.186304092407227 24.615867614746094
    endloop
  endfacet
  facet normal 0.4666162133216858 -0.8451510071754456 -0.2607475519180298
    outer loop
      vertex 7.167747974395752 -9.906042098999023 21.135108947753906
      vertex 8.605194091796875 -10.186304092407227 24.615867614746094
      vertex 6.61441707611084 -11.316289901733398 24.71588706970215
    endloop
  endfacet
  facet normal 0.5681145191192627 -0.8027783036231995 -0.18108773231506348
    outer loop
      vertex 8.605194091796875 -10.186304092407227 24.615867614746094
      vertex 9.759977340698242 -10.126692771911621 27.974430084228516
      vertex 8.101523399353027 -11.358511924743652 28.23223876953125
    endloop
  endfacet
  facet normal 0.44404634833335876 -0.8737884759902954 -0.19828426837921143
    outer loop
      vertex 6.61441707611084 -11.316289901733398 24.71588706970215
      vertex 8.101523399353027 -11.358511924743652 28.23223876953125
      vertex 5.973735809326172 -12.493610382080078 28.469270706176758
    endloop
  endfacet
  facet normal 0.47449105978012085 -0.8546150922775269 -0.2109294831752777
    outer loop
      vertex 8.101523399353027 -11.358511924743652 28.23223876953125
      vertex 6.61441707611084 -11.316289901733398 24.71588706970215
      vertex 8.605194091796875 -10.186304092407227 24.615867614746094
    endloop
  endfacet
  facet normal 0.14033348858356476 -0.9538371562957764 -0.26552075147628784
    outer loop
      vertex 2.1485660076141357 -11.605571746826172 21.526037216186523
      vertex 4.125767230987549 -12.267099380493164 24.94745445251465
      vertex 1.369143009185791 -12.770883560180664 25.300275802612305
    endloop
  endfacet
  facet normal 0.25328168272972107 -0.9477695226669312 -0.1938592940568924
    outer loop
      vertex 4.125767230987549 -12.267099380493164 24.94745445251465
      vertex 5.973735809326172 -12.493610382080078 28.469270706176758
      vertex 3.327014923095703 -13.268045425415039 28.797447204589844
    endloop
  endfacet
  facet normal 0.07669316232204437 -0.980249285697937 -0.18228960037231445
    outer loop
      vertex 1.369143009185791 -12.770883560180664 25.300275802612305
      vertex 3.327014923095703 -13.268045425415039 28.797447204589844
      vertex 0.4896489977836609 -13.573369979858398 29.245567321777344
    endloop
  endfacet
  facet normal 0.14805953204631805 -0.9642068147659302 -0.21996302902698517
    outer loop
      vertex 3.327014923095703 -13.268045425415039 28.797447204589844
      vertex 1.369143009185791 -12.770883560180664 25.300275802612305
      vertex 4.125767230987549 -12.267099380493164 24.94745445251465
    endloop
  endfacet
  facet normal 0.3281441628932953 -0.9425540566444397 -0.062555693089962
    outer loop
      vertex 5.973735809326172 -12.493610382080078 28.469270706176758
      vertex 7.411578178405762 -12.235452651977539 32.12188720703125
      vertex 4.988027095794678 -13.10233211517334 32.470481872558594
    endloop
  endfacet
  facet normal 0.30487436056137085 -0.9522867798805237 0.014193651266396046
    outer loop
      vertex 7.411578178405762 -12.235452651977539 32.12188720703125
      vertex 8.664859771728516 -11.779711723327637 35.77863693237305
      vertex 6.357583999633789 -12.511146545410156 36.264312744140625
    endloop
  endfacet
  facet normal 0.19263559579849243 -0.9777687788009644 0.0828232541680336
    outer loop
      vertex 4.988027095794678 -13.10233211517334 32.470481872558594
      vertex 6.357583999633789 -12.511146545410156 36.264312744140625
      vertex 3.6192190647125244 -13.015657424926758 36.6773796081543
    endloop
  endfacet
  facet normal 0.339739054441452 -0.9402168989181519 0.023867890238761902
    outer loop
      vertex 6.357583999633789 -12.511146545410156 36.264312744140625
      vertex 4.988027095794678 -13.10233211517334 32.470481872558594
      vertex 7.411578178405762 -12.235452651977539 32.12188720703125
    endloop
  endfacet
  facet normal 0.01909363456070423 -0.9996324181556702 -0.019251348450779915
    outer loop
      vertex 0.4896489977836609 -13.573369979858398 29.245567321777344
      vertex 2.1891090869903564 -13.611096382141113 32.89006042480469
      vertex -0.6292420029640198 -13.671770095825195 33.24530029296875
    endloop
  endfacet
  facet normal 0.07168976962566376 -0.9891229271888733 0.12843863666057587
    outer loop
      vertex 2.1891090869903564 -13.611096382141113 32.89006042480469
      vertex 3.6192190647125244 -13.015657424926758 36.6773796081543
      vertex 0.7580739855766296 -13.192187309265137 36.914886474609375
    endloop
  endfacet
  facet normal -0.07102439552545547 -0.9852609634399414 0.15561631321907043
    outer loop
      vertex -0.6292420029640198 -13.671770095825195 33.24530029296875
      vertex 0.7580739855766296 -13.192187309265137 36.914886474609375
      vertex -1.8195840120315552 -12.998747825622559 36.963157653808594
    endloop
  endfacet
  facet normal 0.036003611981868744 -0.9925835132598877 0.11611051857471466
    outer loop
      vertex 0.7580739855766296 -13.192187309265137 36.914886474609375
      vertex -0.6292420029640198 -13.671770095825195 33.24530029296875
      vertex 2.1891090869903564 -13.611096382141113 32.89006042480469
    endloop
  endfacet
  facet normal 0.19012750685214996 -0.9783273935317993 0.08201870322227478
    outer loop
      vertex 3.6192190647125244 -13.015657424926758 36.6773796081543
      vertex 2.1891090869903564 -13.611096382141113 32.89006042480469
      vertex 4.988027095794678 -13.10233211517334 32.470481872558594
    endloop
  endfacet
  facet normal 0.09807276725769043 -0.993601381778717 -0.056017596274614334
    outer loop
      vertex 2.1891090869903564 -13.611096382141113 32.89006042480469
      vertex 0.4896489977836609 -13.573369979858398 29.245567321777344
      vertex 3.327014923095703 -13.268045425415039 28.797447204589844
    endloop
  endfacet
  facet normal 0.2708841860294342 -0.9593468904495239 -0.0792166218161583
    outer loop
      vertex 4.988027095794678 -13.10233211517334 32.470481872558594
      vertex 3.327014923095703 -13.268045425415039 28.797447204589844
      vertex 5.973735809326172 -12.493610382080078 28.469270706176758
    endloop
  endfacet
  facet normal 0.1737743616104126 -0.9841921329498291 -0.0341808907687664
    outer loop
      vertex 3.327014923095703 -13.268045425415039 28.797447204589844
      vertex 4.988027095794678 -13.10233211517334 32.470481872558594
      vertex 2.1891090869903564 -13.611096382141113 32.89006042480469
    endloop
  endfacet
  facet normal -0.24910332262516022 -0.2635929584503174 -0.9319154620170593
    outer loop
      vertex -0.4642750024795532 0.3154340088367462 0.39403799176216125
      vertex -1.3419239521026611 -1.3191570043563843 1.0909810066223145
      vertex -2.63720703125 0.4505020081996918 0.9366639852523804
    endloop
  endfacet
  facet normal -0.3148774802684784 -0.585712194442749 -0.7468557357788086
    outer loop
      vertex -1.3419239521026611 -1.3191570043563843 1.0909810066223145
      vertex -2.504775047302246 -3.3808059692382812 3.198065996170044
      vertex -4.072402000427246 -1.5087029933929443 2.390810966491699
    endloop
  endfacet
  facet normal -0.5903375744819641 -0.15542474389076233 -0.7920510172843933
    outer loop
      vertex -2.63720703125 0.4505020081996918 0.9366639852523804
      vertex -4.072402000427246 -1.5087029933929443 2.390810966491699
      vertex -5.133472919464111 0.44324201345443726 2.7986249923706055
    endloop
  endfacet
  facet normal -0.38185787200927734 -0.3539459705352783 -0.8537604808807373
    outer loop
      vertex -4.072402000427246 -1.5087029933929443 2.390810966491699
      vertex -2.63720703125 0.4505020081996918 0.9366639852523804
      vertex -1.3419239521026611 -1.3191570043563843 1.0909810066223145
    endloop
  endfacet
  facet normal -0.3027750849723816 -0.7449735403060913 -0.5944255590438843
    outer loop
      vertex -2.504775047302246 -3.3808059692382812 3.198065996170044
      vertex -3.6569230556488037 -5.476583957672119 6.411489009857178
      vertex -5.3400349617004395 -3.694499969482422 5.035368919372559
    endloop
  endfacet
  facet normal -0.27195295691490173 -0.8317586779594421 -0.483961820602417
    outer loop
      vertex -3.6569230556488037 -5.476583957672119 6.411489009857178
      vertex -4.672046184539795 -7.345223903656006 10.19344711303711
      vertex -6.294198989868164 -5.8277130126953125 8.49692153930664
    endloop
  endfacet
  facet normal -0.4795747399330139 -0.6818279027938843 -0.5523756146430969
    outer loop
      vertex -5.3400349617004395 -3.694499969482422 5.035368919372559
      vertex -6.294198989868164 -5.8277130126953125 8.49692153930664
      vertex -7.828467845916748 -4.00513219833374 7.5792670249938965
    endloop
  endfacet
  facet normal -0.3419240117073059 -0.7549973726272583 -0.5595239996910095
    outer loop
      vertex -6.294198989868164 -5.8277130126953125 8.49692153930664
      vertex -5.3400349617004395 -3.694499969482422 5.035368919372559
      vertex -3.6569230556488037 -5.476583957672119 6.411489009857178
    endloop
  endfacet
  facet normal -0.7853598594665527 0.04951924458146095 -0.6170557737350464
    outer loop
      vertex -5.133472919464111 0.44324201345443726 2.7986249923706055
      vertex -6.70247220993042 -1.7387919425964355 4.620463848114014
      vertex -7.354063034057617 0.28174498677253723 5.6119279861450195
    endloop
  endfacet
  facet normal -0.7452337145805359 -0.36136290431022644 -0.5603959560394287
    outer loop
      vertex -6.70247220993042 -1.7387919425964355 4.620463848114014
      vertex -7.828467845916748 -4.00513219833374 7.5792670249938965
      vertex -8.863694190979004 -2.0045080184936523 7.665874004364014
    endloop
  endfacet
  facet normal -0.8764065504074097 0.17598064243793488 -0.44826605916023254
    outer loop
      vertex -7.354063034057617 0.28174498677253723 5.6119279861450195
      vertex -8.863694190979004 -2.0045080184936523 7.665874004364014
      vertex -9.149210929870605 0.05797300115227699 9.03377914428711
    endloop
  endfacet
  facet normal -0.8161751627922058 0.020149026066064835 -0.5774531960487366
    outer loop
      vertex -8.863694190979004 -2.0045080184936523 7.665874004364014
      vertex -7.354063034057617 0.28174498677253723 5.6119279861450195
      vertex -6.70247220993042 -1.7387919425964355 4.620463848114014
    endloop
  endfacet
  facet normal -0.5723124146461487 -0.5312305092811584 -0.6247020363807678
    outer loop
      vertex -7.828467845916748 -4.00513219833374 7.5792670249938965
      vertex -6.70247220993042 -1.7387919425964355 4.620463848114014
      vertex -5.3400349617004395 -3.694499969482422 5.035368919372559
    endloop
  endfacet
  facet normal -0.6265004277229309 -0.1822350025177002 -0.7578177452087402
    outer loop
      vertex -6.70247220993042 -1.7387919425964355 4.620463848114014
      vertex -5.133472919464111 0.44324201345443726 2.7986249923706055
      vertex -4.072402000427246 -1.5087029933929443 2.390810966491699
    endloop
  endfacet
  facet normal -0.37947338819503784 -0.6155844330787659 -0.6906921863555908
    outer loop
      vertex -5.3400349617004395 -3.694499969482422 5.035368919372559
      vertex -4.072402000427246 -1.5087029933929443 2.390810966491699
      vertex -2.504775047302246 -3.3808059692382812 3.198065996170044
    endloop
  endfacet
  facet normal -0.5289381146430969 -0.5120603442192078 -0.6767707467079163
    outer loop
      vertex -4.072402000427246 -1.5087029933929443 2.390810966491699
      vertex -5.3400349617004395 -3.694499969482422 5.035368919372559
      vertex -6.70247220993042 -1.7387919425964355 4.620463848114014
    endloop
  endfacet
  facet normal -0.2522567808628082 -0.8800866007804871 -0.4022611975669861
    outer loop
      vertex -4.672046184539795 -7.345223903656006 10.19344711303711
      vertex -5.507215976715088 -8.855969429016113 14.022461891174316
      vertex -6.995387077331543 -7.638876914978027 12.292875289916992
    endloop
  endfacet
  facet normal -0.26906469464302063 -0.9059486389160156 -0.3268965482711792
    outer loop
      vertex -5.507215976715088 -8.855969429016113 14.022461891174316
      vertex -6.074551105499268 -10.009535789489746 17.686378479003906
      vertex -7.50434684753418 -8.985769271850586 16.025999069213867
    endloop
  endfacet
  facet normal -0.40212419629096985 -0.8423749208450317 -0.3587487041950226
    outer loop
      vertex -6.995387077331543 -7.638876914978027 12.292875289916992
      vertex -7.50434684753418 -8.985769271850586 16.025999069213867
      vertex -9.033226013183594 -7.731797218322754 14.795289993286133
    endloop
  endfacet
  facet normal -0.30352532863616943 -0.8823134303092957 -0.3597157299518585
    outer loop
      vertex -7.50434684753418 -8.985769271850586 16.025999069213867
      vertex -6.995387077331543 -7.638876914978027 12.292875289916992
      vertex -5.507215976715088 -8.855969429016113 14.022461891174316
    endloop
  endfacet
  facet normal -0.30164825916290283 -0.9113417863845825 -0.2801150977611542
    outer loop
      vertex -6.074551105499268 -10.009535789489746 17.686378479003906
      vertex -6.527068138122559 -10.880212783813477 21.006389617919922
      vertex -7.85319185256958 -9.99523639678955 19.555225372314453
    endloop
  endfacet
  facet normal -0.394262433052063 -0.9030774235725403 -0.170318141579628
    outer loop
      vertex -6.527068138122559 -10.880212783813477 21.006389617919922
      vertex -6.597860813140869 -11.3880615234375 23.86302947998047
      vertex -7.7804388999938965 -10.693187713623047 22.91610336303711
    endloop
  endfacet
  facet normal -0.5167046785354614 -0.8404366374015808 -0.16334782540798187
    outer loop
      vertex -7.85319185256958 -9.99523639678955 19.555225372314453
      vertex -7.7804388999938965 -10.693187713623047 22.91610336303711
      vertex -9.106304168701172 -9.704472541809082 22.023090362548828
    endloop
  endfacet
  facet normal -0.40441688895225525 -0.8971728682518005 -0.17756088078022003
    outer loop
      vertex -7.7804388999938965 -10.693187713623047 22.91610336303711
      vertex -7.85319185256958 -9.99523639678955 19.555225372314453
      vertex -6.527068138122559 -10.880212783813477 21.006389617919922
    endloop
  endfacet
  facet normal -0.5865280032157898 -0.7657830119132996 -0.2637448310852051
    outer loop
      vertex -9.033226013183594 -7.731797218322754 14.795289993286133
      vertex -9.18857192993164 -8.860947608947754 18.41924285888672
      vertex -10.672694206237793 -7.45744514465332 17.644634246826172
    endloop
  endfacet
  facet normal -0.6338329315185547 -0.7562011480331421 -0.16252921521663666
    outer loop
      vertex -9.18857192993164 -8.860947608947754 18.41924285888672
      vertex -9.106304168701172 -9.704472541809082 22.023090362548828
      vertex -10.464322090148926 -8.422666549682617 21.3552303314209
    endloop
  endfacet
  facet normal -0.7426301836967468 -0.65711510181427 -0.12922942638397217
    outer loop
      vertex -10.672694206237793 -7.45744514465332 17.644634246826172
      vertex -10.464322090148926 -8.422666549682617 21.3552303314209
      vertex -11.783472061157227 -6.846264839172363 20.920059204101562
    endloop
  endfacet
  facet normal -0.6322312355041504 -0.7577386498451233 -0.16160373389720917
    outer loop
      vertex -10.464322090148926 -8.422666549682617 21.3552303314209
      vertex -10.672694206237793 -7.45744514465332 17.644634246826172
      vertex -9.18857192993164 -8.860947608947754 18.41924285888672
    endloop
  endfacet
  facet normal -0.5437108874320984 -0.819855809211731 -0.17948564887046814
    outer loop
      vertex -9.106304168701172 -9.704472541809082 22.023090362548828
      vertex -9.18857192993164 -8.860947608947754 18.41924285888672
      vertex -7.85319185256958 -9.99523639678955 19.555225372314453
    endloop
  endfacet
  facet normal -0.4626448154449463 -0.8405841588973999 -0.2817409634590149
    outer loop
      vertex -9.18857192993164 -8.860947608947754 18.41924285888672
      vertex -9.033226013183594 -7.731797218322754 14.795289993286133
      vertex -7.50434684753418 -8.985769271850586 16.025999069213867
    endloop
  endfacet
  facet normal -0.3116205036640167 -0.9049821496009827 -0.2896547019481659
    outer loop
      vertex -7.85319185256958 -9.99523639678955 19.555225372314453
      vertex -7.50434684753418 -8.985769271850586 16.025999069213867
      vertex -6.074551105499268 -10.009535789489746 17.686378479003906
    endloop
  endfacet
  facet normal -0.4676821529865265 -0.8365190625190735 -0.2854980230331421
    outer loop
      vertex -7.50434684753418 -8.985769271850586 16.025999069213867
      vertex -7.85319185256958 -9.99523639678955 19.555225372314453
      vertex -9.18857192993164 -8.860947608947754 18.41924285888672
    endloop
  endfacet
  facet normal -0.8978258967399597 0.25568097829818726 -0.358519047498703
    outer loop
      vertex -9.149210929870605 0.05797300115227699 9.03377914428711
      vertex -10.613429069519043 -2.161212921142578 11.117934226989746
      vertex -10.613798141479492 -0.03562900051474571 12.634737014770508
    endloop
  endfacet
  facet normal -0.938841700553894 -0.0321611613035202 -0.3428438603878021
    outer loop
      vertex -10.613429069519043 -2.161212921142578 11.117934226989746
      vertex -11.586759567260742 -4.122916221618652 13.967318534851074
      vertex -11.919660568237305 -2.0196850299835205 14.681634902954102
    endloop
  endfacet
  facet normal -0.9090754389762878 0.2989262044429779 -0.2902153730392456
    outer loop
      vertex -10.613798141479492 -0.03562900051474571 12.634737014770508
      vertex -11.919660568237305 -2.0196850299835205 14.681634902954102
      vertex -11.702594757080078 0.11548399925231934 16.200950622558594
    endloop
  endfacet
  facet normal -0.9073446989059448 0.2440839260816574 -0.34226974844932556
    outer loop
      vertex -11.919660568237305 -2.0196850299835205 14.681634902954102
      vertex -10.613798141479492 -0.03562900051474571 12.634737014770508
      vertex -10.613429069519043 -2.161212921142578 11.117934226989746
    endloop
  endfacet
  facet normal -0.9230204224586487 -0.2913960814476013 -0.2512405514717102
    outer loop
      vertex -11.586759567260742 -4.122916221618652 13.967318534851074
      vertex -11.996106147766113 -5.684349060058594 17.28219223022461
      vertex -12.686639785766602 -3.6700439453125 17.482860565185547
    endloop
  endfacet
  facet normal -0.8506674766540527 -0.5131552815437317 -0.11417743563652039
    outer loop
      vertex -11.996106147766113 -5.684349060058594 17.28219223022461
      vertex -11.783472061157227 -6.846264839172363 20.920059204101562
      vertex -12.874499320983887 -5.000417232513428 20.752731323242188
    endloop
  endfacet
  facet normal -0.9654183983802795 -0.21738718450069427 -0.14391063153743744
    outer loop
      vertex -12.686639785766602 -3.6700439453125 17.482860565185547
      vertex -12.874499320983887 -5.000417232513428 20.752731323242188
      vertex -13.369852066040039 -2.955059051513672 20.986125946044922
    endloop
  endfacet
  facet normal -0.9362701177597046 -0.3033146858215332 -0.17719630897045135
    outer loop
      vertex -12.874499320983887 -5.000417232513428 20.752731323242188
      vertex -12.686639785766602 -3.6700439453125 17.482860565185547
      vertex -11.996106147766113 -5.684349060058594 17.28219223022461
    endloop
  endfacet
  facet normal -0.921665370464325 0.3275664448738098 -0.20792602002620697
    outer loop
      vertex -11.702594757080078 0.11548399925231934 16.200950622558594
      vertex -12.758037567138672 -1.5518709421157837 18.252620697021484
      vertex -12.357316017150879 0.4531939923763275 19.635135650634766
    endloop
  endfacet
  facet normal -0.9807465672492981 0.08881969749927521 -0.17391744256019592
    outer loop
      vertex -12.758037567138672 -1.5518709421157837 18.252620697021484
      vertex -13.369852066040039 -2.955059051513672 20.986125946044922
      vertex -13.289117813110352 -0.8783550262451172 21.591426849365234
    endloop
  endfacet
  facet normal -0.9157918691635132 0.3491417467594147 -0.19855792820453644
    outer loop
      vertex -12.357316017150879 0.4531939923763275 19.635135650634766
      vertex -13.289117813110352 -0.8783550262451172 21.591426849365234
      vertex -12.812026023864746 0.81215500831604 22.363548278808594
    endloop
  endfacet
  facet normal -0.9194446206092834 0.3305760324001312 -0.21293452382087708
    outer loop
      vertex -13.289117813110352 -0.8783550262451172 21.591426849365234
      vertex -12.357316017150879 0.4531939923763275 19.635135650634766
      vertex -12.758037567138672 -1.5518709421157837 18.252620697021484
    endloop
  endfacet
  facet normal -0.9792129397392273 0.039307910948991776 -0.19899004697799683
    outer loop
      vertex -13.369852066040039 -2.955059051513672 20.986125946044922
      vertex -12.758037567138672 -1.5518709421157837 18.252620697021484
      vertex -12.686639785766602 -3.6700439453125 17.482860565185547
    endloop
  endfacet
  facet normal -0.9274077415466309 0.2748323976993561 -0.25373604893684387
    outer loop
      vertex -12.758037567138672 -1.5518709421157837 18.252620697021484
      vertex -11.702594757080078 0.11548399925231934 16.200950622558594
      vertex -11.919660568237305 -2.0196850299835205 14.681634902954102
    endloop
  endfacet
  facet normal -0.9549802541732788 -0.05195492133498192 -0.29208436608314514
    outer loop
      vertex -12.686639785766602 -3.6700439453125 17.482860565185547
      vertex -11.919660568237305 -2.0196850299835205 14.681634902954102
      vertex -11.586759567260742 -4.122916221618652 13.967318534851074
    endloop
  endfacet
  facet normal -0.9706268906593323 0.052599817514419556 -0.23476940393447876
    outer loop
      vertex -11.919660568237305 -2.0196850299835205 14.681634902954102
      vertex -12.686639785766602 -3.6700439453125 17.482860565185547
      vertex -12.758037567138672 -1.5518709421157837 18.252620697021484
    endloop
  endfacet
  facet normal -0.7774533033370972 -0.6108731627464294 -0.1496674120426178
    outer loop
      vertex -11.783472061157227 -6.846264839172363 20.920059204101562
      vertex -11.996106147766113 -5.684349060058594 17.28219223022461
      vertex -10.672694206237793 -7.45744514465332 17.644634246826172
    endloop
  endfacet
  facet normal -0.8323246240615845 -0.45471495389938354 -0.31697019934654236
    outer loop
      vertex -11.996106147766113 -5.684349060058594 17.28219223022461
      vertex -11.586759567260742 -4.122916221618652 13.967318534851074
      vertex -10.537235260009766 -6.086123943328857 14.027750015258789
    endloop
  endfacet
  facet normal -0.6327367424964905 -0.7159191370010376 -0.2951338291168213
    outer loop
      vertex -10.672694206237793 -7.45744514465332 17.644634246826172
      vertex -10.537235260009766 -6.086123943328857 14.027750015258789
      vertex -9.033226013183594 -7.731797218322754 14.795289993286133
    endloop
  endfacet
  facet normal -0.7476889491081238 -0.6111530661582947 -0.25971755385398865
    outer loop
      vertex -10.537235260009766 -6.086123943328857 14.027750015258789
      vertex -10.672694206237793 -7.45744514465332 17.644634246826172
      vertex -11.996106147766113 -5.684349060058594 17.28219223022461
    endloop
  endfacet
  facet normal -0.8803399205207825 -0.19274616241455078 -0.43341732025146484
    outer loop
      vertex -11.586759567260742 -4.122916221618652 13.967318534851074
      vertex -10.613429069519043 -2.161212921142578 11.117934226989746
      vertex -9.922537803649902 -4.2175822257995605 10.629117012023926
    endloop
  endfacet
  facet normal -0.8821607828140259 0.16933764517307281 -0.43945106863975525
    outer loop
      vertex -10.613429069519043 -2.161212921142578 11.117934226989746
      vertex -9.149210929870605 0.05797300115227699 9.03377914428711
      vertex -8.863694190979004 -2.0045080184936523 7.665874004364014
    endloop
  endfacet
  facet normal -0.7547327876091003 -0.36699774861335754 -0.5437749028205872
    outer loop
      vertex -9.922537803649902 -4.2175822257995605 10.629117012023926
      vertex -8.863694190979004 -2.0045080184936523 7.665874004364014
      vertex -7.828467845916748 -4.00513219833374 7.5792670249938965
    endloop
  endfacet
  facet normal -0.8729487657546997 -0.18610312044620514 -0.4509168267250061
    outer loop
      vertex -8.863694190979004 -2.0045080184936523 7.665874004364014
      vertex -9.922537803649902 -4.2175822257995605 10.629117012023926
      vertex -10.613429069519043 -2.161212921142578 11.117934226989746
    endloop
  endfacet
  facet normal -0.46494683623313904 -0.785822331905365 -0.407808393239975
    outer loop
      vertex -9.033226013183594 -7.731797218322754 14.795289993286133
      vertex -8.563838005065918 -6.089919090270996 11.096334457397461
      vertex -6.995387077331543 -7.638876914978027 12.292875289916992
    endloop
  endfacet
  facet normal -0.5102317929267883 -0.6888082027435303 -0.5149823427200317
    outer loop
      vertex -8.563838005065918 -6.089919090270996 11.096334457397461
      vertex -7.828467845916748 -4.00513219833374 7.5792670249938965
      vertex -6.294198989868164 -5.8277130126953125 8.49692153930664
    endloop
  endfacet
  facet normal -0.305853933095932 -0.8360893726348877 -0.45542073249816895
    outer loop
      vertex -6.995387077331543 -7.638876914978027 12.292875289916992
      vertex -6.294198989868164 -5.8277130126953125 8.49692153930664
      vertex -4.672046184539795 -7.345223903656006 10.19344711303711
    endloop
  endfacet
  facet normal -0.4277150332927704 -0.7825613021850586 -0.45239102840423584
    outer loop
      vertex -6.294198989868164 -5.8277130126953125 8.49692153930664
      vertex -6.995387077331543 -7.638876914978027 12.292875289916992
      vertex -8.563838005065918 -6.089919090270996 11.096334457397461
    endloop
  endfacet
  facet normal -0.6460161805152893 -0.5897315740585327 -0.48464399576187134
    outer loop
      vertex -7.828467845916748 -4.00513219833374 7.5792670249938965
      vertex -8.563838005065918 -6.089919090270996 11.096334457397461
      vertex -9.922537803649902 -4.2175822257995605 10.629117012023926
    endloop
  endfacet
  facet normal -0.581538200378418 -0.7136351466178894 -0.3905613422393799
    outer loop
      vertex -8.563838005065918 -6.089919090270996 11.096334457397461
      vertex -9.033226013183594 -7.731797218322754 14.795289993286133
      vertex -10.537235260009766 -6.086123943328857 14.027750015258789
    endloop
  endfacet
  facet normal -0.8070932030677795 -0.4434678852558136 -0.38979092240333557
    outer loop
      vertex -9.922537803649902 -4.2175822257995605 10.629117012023926
      vertex -10.537235260009766 -6.086123943328857 14.027750015258789
      vertex -11.586759567260742 -4.122916221618652 13.967318534851074
    endloop
  endfacet
  facet normal -0.6667060852050781 -0.5956137180328369 -0.44804829359054565
    outer loop
      vertex -10.537235260009766 -6.086123943328857 14.027750015258789
      vertex -9.922537803649902 -4.2175822257995605 10.629117012023926
      vertex -8.563838005065918 -6.089919090270996 11.096334457397461
    endloop
  endfacet
  facet normal -0.4921649694442749 -0.8692718744277954 -0.04626118019223213
    outer loop
      vertex -6.597860813140869 -11.3880615234375 23.86302947998047
      vertex -5.62538480758667 -12.080438613891602 26.527149200439453
      vertex -7.146419048309326 -11.210968971252441 26.371387481689453
    endloop
  endfacet
  facet normal -0.47976434230804443 -0.8771141767501831 -0.02229565568268299
    outer loop
      vertex -5.62538480758667 -12.080438613891602 26.527149200439453
      vertex -4.356541156768799 -12.860260963439941 29.902122497558594
      vertex -6.116743087768555 -11.896001815795898 29.84457015991211
    endloop
  endfacet
  facet normal -0.6459292769432068 -0.7622877359390259 0.041145484894514084
    outer loop
      vertex -7.146419048309326 -11.210968971252441 26.371387481689453
      vertex -6.116743087768555 -11.896001815795898 29.84457015991211
      vertex -7.555727005004883 -10.694995880126953 29.50504493713379
    endloop
  endfacet
  facet normal -0.49419552087783813 -0.8689945340156555 -0.02488454058766365
    outer loop
      vertex -6.116743087768555 -11.896001815795898 29.84457015991211
      vertex -7.146419048309326 -11.210968971252441 26.371387481689453
      vertex -5.62538480758667 -12.080438613891602 26.527149200439453
    endloop
  endfacet
  facet normal -0.4052434265613556 -0.9127999544143677 0.05073387920856476
    outer loop
      vertex -4.356541156768799 -12.860260963439941 29.902122497558594
      vertex -3.046020984649658 -13.245890617370605 33.431854248046875
      vertex -4.951193809509277 -12.403517723083496 33.36994552612305
    endloop
  endfacet
  facet normal -0.2876371741294861 -0.9432591199874878 0.16591283679008484
    outer loop
      vertex -3.046020984649658 -13.245890617370605 33.431854248046875
      vertex -1.8195840120315552 -12.998747825622559 36.963157653808594
      vertex -3.843611001968384 -12.40030288696289 36.85649490356445
    endloop
  endfacet
  facet normal -0.5293838977813721 -0.8313921689987183 0.1689375936985016
    outer loop
      vertex -4.951193809509277 -12.403517723083496 33.36994552612305
      vertex -3.843611001968384 -12.40030288696289 36.85649490356445
      vertex -5.367156028747559 -11.48758316040039 36.57406997680664
    endloop
  endfacet
  facet normal -0.4045017957687378 -0.9053458571434021 0.12933410704135895
    outer loop
      vertex -3.843611001968384 -12.40030288696289 36.85649490356445
      vertex -4.951193809509277 -12.403517723083496 33.36994552612305
      vertex -3.046020984649658 -13.245890617370605 33.431854248046875
    endloop
  endfacet
  facet normal -0.7028055191040039 -0.7041099071502686 0.10145775228738785
    outer loop
      vertex -7.555727005004883 -10.694995880126953 29.50504493713379
      vertex -6.4613471031188965 -11.27354621887207 33.070796966552734
      vertex -7.805980205535889 -9.98890495300293 32.67174530029297
    endloop
  endfacet
  facet normal -0.6495998501777649 -0.7437942624092102 0.15744902193546295
    outer loop
      vertex -6.4613471031188965 -11.27354621887207 33.070796966552734
      vertex -5.367156028747559 -11.48758316040039 36.57406997680664
      vertex -6.68843412399292 -10.421002388000488 36.16133117675781
    endloop
  endfacet
  facet normal -0.7411971092224121 -0.6527805328369141 0.15653924643993378
    outer loop
      vertex -7.805980205535889 -9.98890495300293 32.67174530029297
      vertex -6.68843412399292 -10.421002388000488 36.16133117675781
      vertex -7.860590934753418 -9.1884183883667 35.751258850097656
    endloop
  endfacet
  facet normal -0.7053890228271484 -0.6948856711387634 0.13985797762870789
    outer loop
      vertex -6.68843412399292 -10.421002388000488 36.16133117675781
      vertex -7.805980205535889 -9.98890495300293 32.67174530029297
      vertex -6.4613471031188965 -11.27354621887207 33.070796966552734
    endloop
  endfacet
  facet normal -0.6109592914581299 -0.7785930037498474 0.14325420558452606
    outer loop
      vertex -5.367156028747559 -11.48758316040039 36.57406997680664
      vertex -6.4613471031188965 -11.27354621887207 33.070796966552734
      vertex -4.951193809509277 -12.403517723083496 33.36994552612305
    endloop
  endfacet
  facet normal -0.6494747996330261 -0.7565164566040039 0.0765867605805397
    outer loop
      vertex -6.4613471031188965 -11.27354621887207 33.070796966552734
      vertex -7.555727005004883 -10.694995880126953 29.50504493713379
      vertex -6.116743087768555 -11.896001815795898 29.84457015991211
    endloop
  endfacet
  facet normal -0.4810118079185486 -0.8760964274406433 0.032907161861658096
    outer loop
      vertex -4.951193809509277 -12.403517723083496 33.36994552612305
      vertex -6.116743087768555 -11.896001815795898 29.84457015991211
      vertex -4.356541156768799 -12.860260963439941 29.902122497558594
    endloop
  endfacet
  facet normal -0.6078473925590515 -0.7892353534698486 0.08734577149152756
    outer loop
      vertex -6.116743087768555 -11.896001815795898 29.84457015991211
      vertex -4.951193809509277 -12.403517723083496 33.36994552612305
      vertex -6.4613471031188965 -11.27354621887207 33.070796966552734
    endloop
  endfacet
  facet normal -0.19000846147537231 -0.9472689628601074 0.25802791118621826
    outer loop
      vertex -1.8195840120315552 -12.998747825622559 36.963157653808594
      vertex -0.5336729884147644 -12.29246711730957 40.50297546386719
      vertex -2.7126998901367188 -11.90317153930664 40.327545166015625
    endloop
  endfacet
  facet normal -0.1562989205121994 -0.9408355355262756 0.3006646931171417
    outer loop
      vertex -0.5336729884147644 -12.29246711730957 40.50297546386719
      vertex 0.8795379996299744 -11.452594757080078 43.86574172973633
      vertex -1.3063570261001587 -11.11512565612793 43.78541946411133
    endloop
  endfacet
  facet normal -0.30075231194496155 -0.8960616588592529 0.32652968168258667
    outer loop
      vertex -2.7126998901367188 -11.90317153930664 40.327545166015625
      vertex -1.3063570261001587 -11.11512565612793 43.78541946411133
      vertex -3.062401056289673 -10.596090316772461 43.59233856201172
    endloop
  endfacet
  facet normal -0.1909210979938507 -0.9373928308486938 0.2912798225879669
    outer loop
      vertex -1.3063570261001587 -11.11512565612793 43.78541946411133
      vertex -2.7126998901367188 -11.90317153930664 40.327545166015625
      vertex -0.5336729884147644 -12.29246711730957 40.50297546386719
    endloop
  endfacet
  facet normal -0.06611602008342743 -0.9357174634933472 0.3464990556240082
    outer loop
      vertex 0.8795379996299744 -11.452594757080078 43.86574172973633
      vertex 2.3093180656433105 -10.584192276000977 46.483673095703125
      vertex 0.1472339928150177 -10.374156951904297 46.63832092285156
    endloop
  endfacet
  facet normal 0.032160744071006775 -0.9000989198684692 0.43449708819389343
    outer loop
      vertex 2.3093180656433105 -10.584192276000977 46.483673095703125
      vertex 3.6026220321655273 -9.776437759399414 48.061279296875
      vertex 1.5971909761428833 -9.661300659179688 48.44823455810547
    endloop
  endfacet
  facet normal -0.12497642636299133 -0.8849219679832458 0.4486582279205322
    outer loop
      vertex 0.1472339928150177 -10.374156951904297 46.63832092285156
      vertex 1.5971909761428833 -9.661300659179688 48.44823455810547
      vertex -0.22166599333286285 -9.346972465515137 48.561553955078125
    endloop
  endfacet
  facet normal -0.0594698004424572 -0.9116254448890686 0.4066970646381378
    outer loop
      vertex 1.5971909761428833 -9.661300659179688 48.44823455810547
      vertex 0.1472339928150177 -10.374156951904297 46.63832092285156
      vertex 2.3093180656433105 -10.584192276000977 46.483673095703125
    endloop
  endfacet
  facet normal -0.37789997458457947 -0.8495504260063171 0.36804309487342834
    outer loop
      vertex -3.062401056289673 -10.596090316772461 43.59233856201172
      vertex -1.6664530038833618 -9.93410873413086 46.55371856689453
      vertex -3.261276960372925 -9.331944465637207 46.30615234375
    endloop
  endfacet
  facet normal -0.28086167573928833 -0.847716748714447 0.4499923586845398
    outer loop
      vertex -1.6664530038833618 -9.93410873413086 46.55371856689453
      vertex -0.22166599333286285 -9.346972465515137 48.561553955078125
      vertex -1.8662899732589722 -8.854351043701172 48.46308898925781
    endloop
  endfacet
  facet normal -0.41550853848457336 -0.7936096787452698 0.44445058703422546
    outer loop
      vertex -3.261276960372925 -9.331944465637207 46.30615234375
      vertex -1.8662899732589722 -8.854351043701172 48.46308898925781
      vertex -3.322477102279663 -8.247386932373047 48.18552017211914
    endloop
  endfacet
  facet normal -0.37671512365341187 -0.8226687908172607 0.4257954955101013
    outer loop
      vertex -1.8662899732589722 -8.854351043701172 48.46308898925781
      vertex -3.261276960372925 -9.331944465637207 46.30615234375
      vertex -1.6664530038833618 -9.93410873413086 46.55371856689453
    endloop
  endfacet
  facet normal -0.23222580552101135 -0.8757705688476562 0.42319878935813904
    outer loop
      vertex -0.22166599333286285 -9.346972465515137 48.561553955078125
      vertex -1.6664530038833618 -9.93410873413086 46.55371856689453
      vertex 0.1472339928150177 -10.374156951904297 46.63832092285156
    endloop
  endfacet
  facet normal -0.3007464110851288 -0.8907057046890259 0.3408738970756531
    outer loop
      vertex -1.6664530038833618 -9.93410873413086 46.55371856689453
      vertex -3.062401056289673 -10.596090316772461 43.59233856201172
      vertex -1.3063570261001587 -11.11512565612793 43.78541946411133
    endloop
  endfacet
  facet normal -0.1559963971376419 -0.9337952136993408 0.3220118284225464
    outer loop
      vertex 0.1472339928150177 -10.374156951904297 46.63832092285156
      vertex -1.3063570261001587 -11.11512565612793 43.78541946411133
      vertex 0.8795379996299744 -11.452594757080078 43.86574172973633
    endloop
  endfacet
  facet normal -0.236025869846344 -0.9045096039772034 0.3551817238330841
    outer loop
      vertex -1.3063570261001587 -11.11512565612793 43.78541946411133
      vertex 0.1472339928150177 -10.374156951904297 46.63832092285156
      vertex -1.6664530038833618 -9.93410873413086 46.55371856689453
    endloop
  endfacet
  facet normal -0.7832115888595581 -0.5878342390060425 0.20255999267101288
    outer loop
      vertex -7.860590934753418 -9.1884183883667 35.751258850097656
      vertex -6.7813520431518555 -9.431319236755371 39.219303131103516
      vertex -7.778429985046387 -8.21731185913086 38.887115478515625
    endloop
  endfacet
  facet normal -0.7135483622550964 -0.647434413433075 0.2677265703678131
    outer loop
      vertex -6.7813520431518555 -9.431319236755371 39.219303131103516
      vertex -5.710687160491943 -9.152791976928711 42.74640655517578
      vertex -6.741074085235596 -8.168964385986328 42.379364013671875
    endloop
  endfacet
  facet normal -0.802428126335144 -0.5437368750572205 0.24588508903980255
    outer loop
      vertex -7.778429985046387 -8.21731185913086 38.887115478515625
      vertex -6.741074085235596 -8.168964385986328 42.379364013671875
      vertex -7.680671215057373 -6.896275997161865 42.127410888671875
    endloop
  endfacet
  facet normal -0.7813635468482971 -0.5760511159896851 0.24007533490657806
    outer loop
      vertex -6.741074085235596 -8.168964385986328 42.379364013671875
      vertex -7.778429985046387 -8.21731185913086 38.887115478515625
      vertex -6.7813520431518555 -9.431319236755371 39.219303131103516
    endloop
  endfacet
  facet normal -0.6240154504776001 -0.704672634601593 0.33769986033439636
    outer loop
      vertex -5.710687160491943 -9.152791976928711 42.74640655517578
      vertex -4.557422161102295 -8.661928176879883 45.9017333984375
      vertex -5.69295597076416 -7.82847785949707 45.54259490966797
    endloop
  endfacet
  facet normal -0.5442507266998291 -0.7229883670806885 0.4255337417125702
    outer loop
      vertex -4.557422161102295 -8.661928176879883 45.9017333984375
      vertex -3.322477102279663 -8.247386932373047 48.18552017211914
      vertex -4.531702995300293 -7.556149959564209 47.81336212158203
    endloop
  endfacet
  facet normal -0.649678111076355 -0.640755832195282 0.4090847671031952
    outer loop
      vertex -5.69295597076416 -7.82847785949707 45.54259490966797
      vertex -4.531702995300293 -7.556149959564209 47.81336212158203
      vertex -5.568644046783447 -6.726006984710693 47.466835021972656
    endloop
  endfacet
  facet normal -0.621248185634613 -0.6746552586555481 0.3986114263534546
    outer loop
      vertex -4.531702995300293 -7.556149959564209 47.81336212158203
      vertex -5.69295597076416 -7.82847785949707 45.54259490966797
      vertex -4.557422161102295 -8.661928176879883 45.9017333984375
    endloop
  endfacet
  facet normal -0.8264743685722351 -0.48481714725494385 0.2861686944961548
    outer loop
      vertex -7.680671215057373 -6.896275997161865 42.127410888671875
      vertex -6.656869888305664 -6.8037800788879395 45.24092102050781
      vertex -7.545621871948242 -5.4382548332214355 44.987571716308594
    endloop
  endfacet
  facet normal -0.7628072500228882 -0.5150755643844604 0.39092501997947693
    outer loop
      vertex -6.656869888305664 -6.8037800788879395 45.24092102050781
      vertex -5.568644046783447 -6.726006984710693 47.466835021972656
      vertex -6.460362911224365 -5.684157848358154 47.09955596923828
    endloop
  endfacet
  facet normal -0.8226155042648315 -0.42940762639045715 0.3727102279663086
    outer loop
      vertex -7.545621871948242 -5.4382548332214355 44.987571716308594
      vertex -6.460362911224365 -5.684157848358154 47.09955596923828
      vertex -7.264091968536377 -4.353446960449219 46.85877227783203
    endloop
  endfacet
  facet normal -0.8103474378585815 -0.46009722352027893 0.3628329336643219
    outer loop
      vertex -6.460362911224365 -5.684157848358154 47.09955596923828
      vertex -7.545621871948242 -5.4382548332214355 44.987571716308594
      vertex -6.656869888305664 -6.8037800788879395 45.24092102050781
    endloop
  endfacet
  facet normal -0.7276498675346375 -0.5738528370857239 0.37579071521759033
    outer loop
      vertex -5.568644046783447 -6.726006984710693 47.466835021972656
      vertex -6.656869888305664 -6.8037800788879395 45.24092102050781
      vertex -5.69295597076416 -7.82847785949707 45.54259490966797
    endloop
  endfacet
  facet normal -0.7982179522514343 -0.5342026352882385 0.27834442257881165
    outer loop
      vertex -6.656869888305664 -6.8037800788879395 45.24092102050781
      vertex -7.680671215057373 -6.896275997161865 42.127410888671875
      vertex -6.741074085235596 -8.168964385986328 42.379364013671875
    endloop
  endfacet
  facet normal -0.7123082280158997 -0.6325627565383911 0.30410751700401306
    outer loop
      vertex -5.69295597076416 -7.82847785949707 45.54259490966797
      vertex -6.741074085235596 -8.168964385986328 42.379364013671875
      vertex -5.710687160491943 -9.152791976928711 42.74640655517578
    endloop
  endfacet
  facet normal -0.7364708185195923 -0.6018697619438171 0.30880987644195557
    outer loop
      vertex -6.741074085235596 -8.168964385986328 42.379364013671875
      vertex -5.69295597076416 -7.82847785949707 45.54259490966797
      vertex -6.656869888305664 -6.8037800788879395 45.24092102050781
    endloop
  endfacet
  facet normal -0.5166290998458862 -0.7487595677375793 0.41527533531188965
    outer loop
      vertex -3.322477102279663 -8.247386932373047 48.18552017211914
      vertex -4.557422161102295 -8.661928176879883 45.9017333984375
      vertex -3.261276960372925 -9.331944465637207 46.30615234375
    endloop
  endfacet
  facet normal -0.5848621129989624 -0.7413707375526428 0.3290984332561493
    outer loop
      vertex -4.557422161102295 -8.661928176879883 45.9017333984375
      vertex -5.710687160491943 -9.152791976928711 42.74640655517578
      vertex -4.471866130828857 -9.927894592285156 43.20189666748047
    endloop
  endfacet
  facet normal -0.47821351885795593 -0.8090009093284607 0.3418031334877014
    outer loop
      vertex -3.261276960372925 -9.331944465637207 46.30615234375
      vertex -4.471866130828857 -9.927894592285156 43.20189666748047
      vertex -3.062401056289673 -10.596090316772461 43.59233856201172
    endloop
  endfacet
  facet normal -0.514069676399231 -0.7827568650245667 0.3507479131221771
    outer loop
      vertex -4.471866130828857 -9.927894592285156 43.20189666748047
      vertex -3.261276960372925 -9.331944465637207 46.30615234375
      vertex -4.557422161102295 -8.661928176879883 45.9017333984375
    endloop
  endfacet
  facet normal -0.6732876896858215 -0.6925093531608582 0.25906476378440857
    outer loop
      vertex -5.710687160491943 -9.152791976928711 42.74640655517578
      vertex -6.7813520431518555 -9.431319236755371 39.219303131103516
      vertex -5.616438865661621 -10.390864372253418 39.68184280395508
    endloop
  endfacet
  facet normal -0.7421576976776123 -0.6439410448074341 0.18585450947284698
    outer loop
      vertex -6.7813520431518555 -9.431319236755371 39.219303131103516
      vertex -7.860590934753418 -9.1884183883667 35.751258850097656
      vertex -6.68843412399292 -10.421002388000488 36.16133117675781
    endloop
  endfacet
  facet normal -0.6527568101882935 -0.7293013334274292 0.20500768721103668
    outer loop
      vertex -5.616438865661621 -10.390864372253418 39.68184280395508
      vertex -6.68843412399292 -10.421002388000488 36.16133117675781
      vertex -5.367156028747559 -11.48758316040039 36.57406997680664
    endloop
  endfacet
  facet normal -0.6699479818344116 -0.7120603322982788 0.21009480953216553
    outer loop
      vertex -6.68843412399292 -10.421002388000488 36.16133117675781
      vertex -5.616438865661621 -10.390864372253418 39.68184280395508
      vertex -6.7813520431518555 -9.431319236755371 39.219303131103516
    endloop
  endfacet
  facet normal -0.4221002161502838 -0.8563042283058167 0.29761460423469543
    outer loop
      vertex -3.062401056289673 -10.596090316772461 43.59233856201172
      vertex -4.275261878967285 -11.21452522277832 40.09278869628906
      vertex -2.7126998901367188 -11.90317153930664 40.327545166015625
    endloop
  endfacet
  facet normal -0.5311344861984253 -0.8159955739974976 0.22813893854618073
    outer loop
      vertex -4.275261878967285 -11.21452522277832 40.09278869628906
      vertex -5.367156028747559 -11.48758316040039 36.57406997680664
      vertex -3.843611001968384 -12.40030288696289 36.85649490356445
    endloop
  endfacet
  facet normal -0.2871193289756775 -0.9306491017341614 0.22683662176132202
    outer loop
      vertex -2.7126998901367188 -11.90317153930664 40.327545166015625
      vertex -3.843611001968384 -12.40030288696289 36.85649490356445
      vertex -1.8195840120315552 -12.998747825622559 36.963157653808594
    endloop
  endfacet
  facet normal -0.42188602685928345 -0.8680350184440613 0.2617775499820709
    outer loop
      vertex -3.843611001968384 -12.40030288696289 36.85649490356445
      vertex -2.7126998901367188 -11.90317153930664 40.327545166015625
      vertex -4.275261878967285 -11.21452522277832 40.09278869628906
    endloop
  endfacet
  facet normal -0.559974730014801 -0.7943617701530457 0.23540954291820526
    outer loop
      vertex -5.367156028747559 -11.48758316040039 36.57406997680664
      vertex -4.275261878967285 -11.21452522277832 40.09278869628906
      vertex -5.616438865661621 -10.390864372253418 39.68184280395508
    endloop
  endfacet
  facet normal -0.4760611355304718 -0.8228118419647217 0.3103974759578705
    outer loop
      vertex -4.275261878967285 -11.21452522277832 40.09278869628906
      vertex -3.062401056289673 -10.596090316772461 43.59233856201172
      vertex -4.471866130828857 -9.927894592285156 43.20189666748047
    endloop
  endfacet
  facet normal -0.581906795501709 -0.760103702545166 0.28918299078941345
    outer loop
      vertex -5.616438865661621 -10.390864372253418 39.68184280395508
      vertex -4.471866130828857 -9.927894592285156 43.20189666748047
      vertex -5.710687160491943 -9.152791976928711 42.74640655517578
    endloop
  endfacet
  facet normal -0.5635278224945068 -0.7753025889396667 0.2852059304714203
    outer loop
      vertex -4.471866130828857 -9.927894592285156 43.20189666748047
      vertex -5.616438865661621 -10.390864372253418 39.68184280395508
      vertex -4.275261878967285 -11.21452522277832 40.09278869628906
    endloop
  endfacet
  facet normal -0.8379595279693604 -0.40789926052093506 0.3625495731830597
    outer loop
      vertex -7.264091968536377 -4.353446960449219 46.85877227783203
      vertex -8.450568199157715 -3.8314969539642334 44.703712463378906
      vertex -7.545621871948242 -5.4382548332214355 44.987571716308594
    endloop
  endfacet
  facet normal -0.8819799423217773 -0.3717116117477417 0.28972744941711426
    outer loop
      vertex -8.450568199157715 -3.8314969539642334 44.703712463378906
      vertex -9.64089584350586 -3.4418540000915527 41.58005142211914
      vertex -8.804903030395508 -5.176322937011719 41.89968490600586
    endloop
  endfacet
  facet normal -0.8179184198379517 -0.49603208899497986 0.29148173332214355
    outer loop
      vertex -7.545621871948242 -5.4382548332214355 44.987571716308594
      vertex -8.804903030395508 -5.176322937011719 41.89968490600586
      vertex -7.680671215057373 -6.896275997161865 42.127410888671875
    endloop
  endfacet
  facet normal -0.8505658507347107 -0.4241248369216919 0.3108953833580017
    outer loop
      vertex -8.804903030395508 -5.176322937011719 41.89968490600586
      vertex -7.545621871948242 -5.4382548332214355 44.987571716308594
      vertex -8.450568199157715 -3.8314969539642334 44.703712463378906
    endloop
  endfacet
  facet normal -0.9099195003509521 -0.3280763030052185 0.25379616022109985
    outer loop
      vertex -9.64089584350586 -3.4418540000915527 41.58005142211914
      vertex -10.783390045166016 -2.9163670539855957 38.16322326660156
      vertex -10.044184684753418 -4.757001876831055 38.434104919433594
    endloop
  endfacet
  facet normal -0.9302759766578674 -0.29972702264785767 0.21154262125492096
    outer loop
      vertex -10.783390045166016 -2.9163670539855957 38.16322326660156
      vertex -11.798744201660156 -2.2699599266052246 34.613990783691406
      vertex -11.123696327209473 -4.2224249839782715 34.816192626953125
    endloop
  endfacet
  facet normal -0.8820158243179321 -0.4266047179698944 0.20014120638370514
    outer loop
      vertex -10.044184684753418 -4.757001876831055 38.434104919433594
      vertex -11.123696327209473 -4.2224249839782715 34.816192626953125
      vertex -10.177225112915039 -6.0516462326049805 35.08824157714844
    endloop
  endfacet
  facet normal -0.91539067029953 -0.3347058594226837 0.22367839515209198
    outer loop
      vertex -11.123696327209473 -4.2224249839782715 34.816192626953125
      vertex -10.044184684753418 -4.757001876831055 38.434104919433594
      vertex -10.783390045166016 -2.9163670539855957 38.16322326660156
    endloop
  endfacet
  facet normal -0.8008212447166443 -0.5457518696784973 0.2466580867767334
    outer loop
      vertex -7.680671215057373 -6.896275997161865 42.127410888671875
      vertex -8.938953399658203 -6.613578796386719 38.66765594482422
      vertex -7.778429985046387 -8.21731185913086 38.887115478515625
    endloop
  endfacet
  facet normal -0.8264381289482117 -0.5249704718589783 0.20348496735095978
    outer loop
      vertex -8.938953399658203 -6.613578796386719 38.66765594482422
      vertex -10.177225112915039 -6.0516462326049805 35.08824157714844
      vertex -9.024600982666016 -7.754802227020264 35.37556457519531
    endloop
  endfacet
  facet normal -0.7855677604675293 -0.584967315196991 0.20173388719558716
    outer loop
      vertex -7.778429985046387 -8.21731185913086 38.887115478515625
      vertex -9.024600982666016 -7.754802227020264 35.37556457519531
      vertex -7.860590934753418 -9.1884183883667 35.751258850097656
    endloop
  endfacet
  facet normal -0.8051744699478149 -0.5535308718681335 0.21283237636089325
    outer loop
      vertex -9.024600982666016 -7.754802227020264 35.37556457519531
      vertex -7.778429985046387 -8.21731185913086 38.887115478515625
      vertex -8.938953399658203 -6.613578796386719 38.66765594482422
    endloop
  endfacet
  facet normal -0.8502698540687561 -0.4786204993724823 0.21900583803653717
    outer loop
      vertex -10.177225112915039 -6.0516462326049805 35.08824157714844
      vertex -8.938953399658203 -6.613578796386719 38.66765594482422
      vertex -10.044184684753418 -4.757001876831055 38.434104919433594
    endloop
  endfacet
  facet normal -0.8239260315895081 -0.5043330192565918 0.2584454417228699
    outer loop
      vertex -8.938953399658203 -6.613578796386719 38.66765594482422
      vertex -7.680671215057373 -6.896275997161865 42.127410888671875
      vertex -8.804903030395508 -5.176322937011719 41.89968490600586
    endloop
  endfacet
  facet normal -0.8856788277626038 -0.3769253194332123 0.27110978960990906
    outer loop
      vertex -10.044184684753418 -4.757001876831055 38.434104919433594
      vertex -8.804903030395508 -5.176322937011719 41.89968490600586
      vertex -9.64089584350586 -3.4418540000915527 41.58005142211914
    endloop
  endfacet
  facet normal -0.8462499380111694 -0.47290757298469543 0.2453967183828354
    outer loop
      vertex -8.804903030395508 -5.176322937011719 41.89968490600586
      vertex -10.044184684753418 -4.757001876831055 38.434104919433594
      vertex -8.938953399658203 -6.613578796386719 38.66765594482422
    endloop
  endfacet
  facet normal -0.9626621603965759 -0.21731585264205933 0.16141684353351593
    outer loop
      vertex -11.798744201660156 -2.2699599266052246 34.613990783691406
      vertex -12.549341201782227 -1.5652339458465576 31.086334228515625
      vertex -12.066010475158691 -3.641024112701416 31.1741943359375
    endloop
  endfacet
  facet normal -0.9887415170669556 -0.07752885669469833 0.12798210978507996
    outer loop
      vertex -12.549341201782227 -1.5652339458465576 31.086334228515625
      vertex -13.051553726196289 -0.7488260269165039 27.700992584228516
      vertex -12.895307540893555 -2.8085339069366455 27.660364151000977
    endloop
  endfacet
  facet normal -0.9542957544326782 -0.2482500821352005 0.16640783846378326
    outer loop
      vertex -12.066010475158691 -3.641024112701416 31.1741943359375
      vertex -12.895307540893555 -2.8085339069366455 27.660364151000977
      vertex -12.356966018676758 -4.8284711837768555 27.734203338623047
    endloop
  endfacet
  facet normal -0.960453450679779 -0.21620748937129974 0.1754525899887085
    outer loop
      vertex -12.895307540893555 -2.8085339069366455 27.660364151000977
      vertex -12.066010475158691 -3.641024112701416 31.1741943359375
      vertex -12.549341201782227 -1.5652339458465576 31.086334228515625
    endloop
  endfacet
  facet normal -0.9940659999847412 0.09143926203250885 0.05892018601298332
    outer loop
      vertex -13.051553726196289 -0.7488260269165039 27.700992584228516
      vertex -13.153857231140137 0.1018650010228157 24.654787063598633
      vertex -13.353056907653809 -1.9002649784088135 24.40114974975586
    endloop
  endfacet
  facet normal -0.9547169208526611 0.2930065989494324 -0.051601942628622055
    outer loop
      vertex -13.153857231140137 0.1018650010228157 24.654787063598633
      vertex -12.812026023864746 0.81215500831604 22.363548278808594
      vertex -13.289117813110352 -0.8783550262451172 21.591426849365234
    endloop
  endfacet
  facet normal -0.99912428855896 0.04111097380518913 -0.0077841803431510925
    outer loop
      vertex -13.353056907653809 -1.9002649784088135 24.40114974975586
      vertex -13.289117813110352 -0.8783550262451172 21.591426849365234
      vertex -13.369852066040039 -2.955059051513672 20.986125946044922
    endloop
  endfacet
  facet normal -0.9951639175415039 0.09739416092634201 0.012776411138474941
    outer loop
      vertex -13.289117813110352 -0.8783550262451172 21.591426849365234
      vertex -13.353056907653809 -1.9002649784088135 24.40114974975586
      vertex -13.153857231140137 0.1018650010228157 24.654787063598633
    endloop
  endfacet
  facet normal -0.9216145873069763 -0.3681282699108124 0.12291477620601654
    outer loop
      vertex -12.356966018676758 -4.8284711837768555 27.734203338623047
      vertex -13.173725128173828 -3.9562790393829346 24.22235107421875
      vertex -12.388537406921387 -5.898632049560547 24.292362213134766
    endloop
  endfacet
  facet normal -0.9721657037734985 -0.23390813171863556 -0.013449502177536488
    outer loop
      vertex -13.173725128173828 -3.9562790393829346 24.22235107421875
      vertex -13.369852066040039 -2.955059051513672 20.986125946044922
      vertex -12.874499320983887 -5.000417232513428 20.752731323242188
    endloop
  endfacet
  facet normal -0.8603672385215759 -0.5095519423484802 -0.011182347312569618
    outer loop
      vertex -12.388537406921387 -5.898632049560547 24.292362213134766
      vertex -12.874499320983887 -5.000417232513428 20.752731323242188
      vertex -11.783472061157227 -6.846264839172363 20.920059204101562
    endloop
  endfacet
  facet normal -0.9270303249359131 -0.37357744574546814 0.03247475624084473
    outer loop
      vertex -12.874499320983887 -5.000417232513428 20.752731323242188
      vertex -12.388537406921387 -5.898632049560547 24.292362213134766
      vertex -13.173725128173828 -3.9562790393829346 24.22235107421875
    endloop
  endfacet
  facet normal -0.9954392910003662 -0.08965925872325897 0.03258853405714035
    outer loop
      vertex -13.369852066040039 -2.955059051513672 20.986125946044922
      vertex -13.173725128173828 -3.9562790393829346 24.22235107421875
      vertex -13.353056907653809 -1.9002649784088135 24.40114974975586
    endloop
  endfacet
  facet normal -0.9552060961723328 -0.24871288239955902 0.16038483381271362
    outer loop
      vertex -13.173725128173828 -3.9562790393829346 24.22235107421875
      vertex -12.356966018676758 -4.8284711837768555 27.734203338623047
      vertex -12.895307540893555 -2.8085339069366455 27.660364151000977
    endloop
  endfacet
  facet normal -0.9900532960891724 -0.07742112129926682 0.11747527122497559
    outer loop
      vertex -13.353056907653809 -1.9002649784088135 24.40114974975586
      vertex -12.895307540893555 -2.8085339069366455 27.660364151000977
      vertex -13.051553726196289 -0.7488260269165039 27.700992584228516
    endloop
  endfacet
  facet normal -0.9890412092208862 -0.09602014720439911 0.11214999109506607
    outer loop
      vertex -12.895307540893555 -2.8085339069366455 27.660364151000977
      vertex -13.353056907653809 -1.9002649784088135 24.40114974975586
      vertex -13.173725128173828 -3.9562790393829346 24.22235107421875
    endloop
  endfacet
  facet normal -0.749260663986206 -0.6440886855125427 0.15413691103458405
    outer loop
      vertex -7.860590934753418 -9.1884183883667 35.751258850097656
      vertex -9.085132598876953 -8.598987579345703 32.26179504394531
      vertex -7.805980205535889 -9.98890495300293 32.67174530029297
    endloop
  endfacet
  facet normal -0.7450610399246216 -0.6551161408424377 0.1253272145986557
    outer loop
      vertex -9.085132598876953 -8.598987579345703 32.26179504394531
      vertex -10.181774139404297 -8.069230079650879 28.51151466369629
      vertex -8.905014038085938 -9.423524856567383 29.02252769470215
    endloop
  endfacet
  facet normal -0.7012975811958313 -0.7055484652519226 0.10189765691757202
    outer loop
      vertex -7.805980205535889 -9.98890495300293 32.67174530029297
      vertex -8.905014038085938 -9.423524856567383 29.02252769470215
      vertex -7.555727005004883 -10.694995880126953 29.50504493713379
    endloop
  endfacet
  facet normal -0.7481104731559753 -0.6518245935440063 0.12431979924440384
    outer loop
      vertex -8.905014038085938 -9.423524856567383 29.02252769470215
      vertex -7.805980205535889 -9.98890495300293 32.67174530029297
      vertex -9.085132598876953 -8.598987579345703 32.26179504394531
    endloop
  endfacet
  facet normal -0.749480664730072 -0.6551539301872253 0.09514286369085312
    outer loop
      vertex -10.181774139404297 -8.069230079650879 28.51151466369629
      vertex -11.100259780883789 -7.578003883361816 24.658798217773438
      vertex -9.790898323059082 -9.002897262573242 25.161375045776367
    endloop
  endfacet
  facet normal -0.7689067721366882 -0.6391752362251282 0.015410811640322208
    outer loop
      vertex -11.100259780883789 -7.578003883361816 24.658798217773438
      vertex -11.783472061157227 -6.846264839172363 20.920059204101562
      vertex -10.464322090148926 -8.422666549682617 21.3552303314209
    endloop
  endfacet
  facet normal -0.6893583536148071 -0.7243285179138184 0.011547813192009926
    outer loop
      vertex -9.790898323059082 -9.002897262573242 25.161375045776367
      vertex -10.464322090148926 -8.422666549682617 21.3552303314209
      vertex -9.106304168701172 -9.704472541809082 22.023090362548828
    endloop
  endfacet
  facet normal -0.7410711050033569 -0.6708062291145325 0.02885664813220501
    outer loop
      vertex -10.464322090148926 -8.422666549682617 21.3552303314209
      vertex -9.790898323059082 -9.002897262573242 25.161375045776367
      vertex -11.100259780883789 -7.578003883361816 24.658798217773438
    endloop
  endfacet
  facet normal -0.6300477981567383 -0.7752310633659363 0.04535107687115669
    outer loop
      vertex -7.555727005004883 -10.694995880126953 29.50504493713379
      vertex -8.452859878540039 -10.182836532592773 25.79631805419922
      vertex -7.146419048309326 -11.210968971252441 26.371387481689453
    endloop
  endfacet
  facet normal -0.5987241864204407 -0.8009524941444397 0.002143011661246419
    outer loop
      vertex -8.452859878540039 -10.182836532592773 25.79631805419922
      vertex -9.106304168701172 -9.704472541809082 22.023090362548828
      vertex -7.7804388999938965 -10.693187713623047 22.91610336303711
    endloop
  endfacet
  facet normal -0.4802168011665344 -0.8760870099067688 -0.043167050927877426
    outer loop
      vertex -7.146419048309326 -11.210968971252441 26.371387481689453
      vertex -7.7804388999938965 -10.693187713623047 22.91610336303711
      vertex -6.597860813140869 -11.3880615234375 23.86302947998047
    endloop
  endfacet
  facet normal -0.6171572804450989 -0.7868260145187378 -0.004663515370339155
    outer loop
      vertex -7.7804388999938965 -10.693187713623047 22.91610336303711
      vertex -7.146419048309326 -11.210968971252441 26.371387481689453
      vertex -8.452859878540039 -10.182836532592773 25.79631805419922
    endloop
  endfacet
  facet normal -0.6668606996536255 -0.7448850274085999 0.021050982177257538
    outer loop
      vertex -9.106304168701172 -9.704472541809082 22.023090362548828
      vertex -8.452859878540039 -10.182836532592773 25.79631805419922
      vertex -9.790898323059082 -9.002897262573242 25.161375045776367
    endloop
  endfacet
  facet normal -0.6972942352294922 -0.7133426070213318 0.07016434520483017
    outer loop
      vertex -8.452859878540039 -10.182836532592773 25.79631805419922
      vertex -7.555727005004883 -10.694995880126953 29.50504493713379
      vertex -8.905014038085938 -9.423524856567383 29.02252769470215
    endloop
  endfacet
  facet normal -0.74233078956604 -0.6628115773200989 0.09811121970415115
    outer loop
      vertex -9.790898323059082 -9.002897262573242 25.161375045776367
      vertex -8.905014038085938 -9.423524856567383 29.02252769470215
      vertex -10.181774139404297 -8.069230079650879 28.51151466369629
    endloop
  endfacet
  facet normal -0.679634153842926 -0.7295560240745544 0.07645534723997116
    outer loop
      vertex -8.905014038085938 -9.423524856567383 29.02252769470215
      vertex -9.790898323059082 -9.002897262573242 25.161375045776367
      vertex -8.452859878540039 -10.182836532592773 25.79631805419922
    endloop
  endfacet
  facet normal -0.7959891557693481 -0.6047036051750183 0.027106555178761482
    outer loop
      vertex -11.783472061157227 -6.846264839172363 20.920059204101562
      vertex -11.100259780883789 -7.578003883361816 24.658798217773438
      vertex -12.388537406921387 -5.898632049560547 24.292362213134766
    endloop
  endfacet
  facet normal -0.7819951176643372 -0.613827645778656 0.10816342383623123
    outer loop
      vertex -11.100259780883789 -7.578003883361816 24.658798217773438
      vertex -10.181774139404297 -8.069230079650879 28.51151466369629
      vertex -11.42411994934082 -6.572025775909424 28.026296615600586
    endloop
  endfacet
  facet normal -0.882175862789154 -0.4473300278186798 0.14717897772789001
    outer loop
      vertex -12.388537406921387 -5.898632049560547 24.292362213134766
      vertex -11.42411994934082 -6.572025775909424 28.026296615600586
      vertex -12.356966018676758 -4.8284711837768555 27.734203338623047
    endloop
  endfacet
  facet normal -0.7998708486557007 -0.5918053984642029 0.09986553341150284
    outer loop
      vertex -11.42411994934082 -6.572025775909424 28.026296615600586
      vertex -12.388537406921387 -5.898632049560547 24.292362213134766
      vertex -11.100259780883789 -7.578003883361816 24.658798217773438
    endloop
  endfacet
  facet normal -0.7911819815635681 -0.5935239791870117 0.14751413464546204
    outer loop
      vertex -10.181774139404297 -8.069230079650879 28.51151466369629
      vertex -9.085132598876953 -8.598987579345703 32.26179504394531
      vertex -10.275409698486328 -7.128489971160889 31.79438018798828
    endloop
  endfacet
  facet normal -0.7862746119499207 -0.5923188924789429 0.175870880484581
    outer loop
      vertex -9.085132598876953 -8.598987579345703 32.26179504394531
      vertex -7.860590934753418 -9.1884183883667 35.751258850097656
      vertex -9.024600982666016 -7.754802227020264 35.37556457519531
    endloop
  endfacet
  facet normal -0.8270692229270935 -0.5265272855758667 0.1967882364988327
    outer loop
      vertex -10.275409698486328 -7.128489971160889 31.79438018798828
      vertex -9.024600982666016 -7.754802227020264 35.37556457519531
      vertex -10.177225112915039 -6.0516462326049805 35.08824157714844
    endloop
  endfacet
  facet normal -0.7917393445968628 -0.5855141282081604 0.17413224279880524
    outer loop
      vertex -9.024600982666016 -7.754802227020264 35.37556457519531
      vertex -10.275409698486328 -7.128489971160889 31.79438018798828
      vertex -9.085132598876953 -8.598987579345703 32.26179504394531
    endloop
  endfacet
  facet normal -0.920157253742218 -0.339522123336792 0.19502650201320648
    outer loop
      vertex -12.356966018676758 -4.8284711837768555 27.734203338623047
      vertex -11.33356761932373 -5.492399215698242 31.406879425048828
      vertex -12.066010475158691 -3.641024112701416 31.1741943359375
    endloop
  endfacet
  facet normal -0.8804583549499512 -0.42401358485221863 0.212145134806633
    outer loop
      vertex -11.33356761932373 -5.492399215698242 31.406879425048828
      vertex -10.177225112915039 -6.0516462326049805 35.08824157714844
      vertex -11.123696327209473 -4.2224249839782715 34.816192626953125
    endloop
  endfacet
  facet normal -0.9333129525184631 -0.3026805818080902 0.19316188991069794
    outer loop
      vertex -12.066010475158691 -3.641024112701416 31.1741943359375
      vertex -11.123696327209473 -4.2224249839782715 34.816192626953125
      vertex -11.798744201660156 -2.2699599266052246 34.613990783691406
    endloop
  endfacet
  facet normal -0.9216956496238708 -0.341522216796875 0.18395549058914185
    outer loop
      vertex -11.123696327209473 -4.2224249839782715 34.816192626953125
      vertex -12.066010475158691 -3.641024112701416 31.1741943359375
      vertex -11.33356761932373 -5.492399215698242 31.406879425048828
    endloop
  endfacet
  facet normal -0.8443558812141418 -0.5013171434402466 0.18906167149543762
    outer loop
      vertex -10.177225112915039 -6.0516462326049805 35.08824157714844
      vertex -11.33356761932373 -5.492399215698242 31.406879425048828
      vertex -10.275409698486328 -7.128489971160889 31.79438018798828
    endloop
  endfacet
  facet normal -0.8808582425117493 -0.44359567761421204 0.1652618795633316
    outer loop
      vertex -11.33356761932373 -5.492399215698242 31.406879425048828
      vertex -12.356966018676758 -4.8284711837768555 27.734203338623047
      vertex -11.42411994934082 -6.572025775909424 28.026296615600586
    endloop
  endfacet
  facet normal -0.7842084169387817 -0.6020547151565552 0.1501576006412506
    outer loop
      vertex -10.275409698486328 -7.128489971160889 31.79438018798828
      vertex -11.42411994934082 -6.572025775909424 28.026296615600586
      vertex -10.181774139404297 -8.069230079650879 28.51151466369629
    endloop
  endfacet
  facet normal -0.84469074010849 -0.5029133558273315 0.18323683738708496
    outer loop
      vertex -11.42411994934082 -6.572025775909424 28.026296615600586
      vertex -10.275409698486328 -7.128489971160889 31.79438018798828
      vertex -11.33356761932373 -5.492399215698242 31.406879425048828
    endloop
  endfacet
  facet normal -0.20927207171916962 0.33053478598594666 -0.9202999472618103
    outer loop
      vertex -0.4642750024795532 0.3154340088367462 0.39403799176216125
      vertex -2.63720703125 0.4505020081996918 0.9366639852523804
      vertex -1.0132759809494019 1.9120229482650757 1.0923089981079102
    endloop
  endfacet
  facet normal -0.5556949973106384 0.3719351887702942 -0.7435505390167236
    outer loop
      vertex -2.63720703125 0.4505020081996918 0.9366639852523804
      vertex -5.133472919464111 0.44324201345443726 2.7986249923706055
      vertex -3.3740880489349365 2.254667043685913 2.3898448944091797
    endloop
  endfacet
  facet normal -0.22396615147590637 0.7612707018852234 -0.6085279583930969
    outer loop
      vertex -1.0132759809494019 1.9120229482650757 1.0923089981079102
      vertex -3.3740880489349365 2.254667043685913 2.3898448944091797
      vertex -1.666722059249878 3.558748960494995 3.392867088317871
    endloop
  endfacet
  facet normal -0.3644435405731201 0.48931872844696045 -0.792305588722229
    outer loop
      vertex -3.3740880489349365 2.254667043685913 2.3898448944091797
      vertex -1.0132759809494019 1.9120229482650757 1.0923089981079102
      vertex -2.63720703125 0.4505020081996918 0.9366639852523804
    endloop
  endfacet
  facet normal -0.7317290902137756 0.395883709192276 -0.554841160774231
    outer loop
      vertex -5.133472919464111 0.44324201345443726 2.7986249923706055
      vertex -7.354063034057617 0.28174498677253723 5.6119279861450195
      vertex -5.605035781860352 2.3200809955596924 4.7596659660339355
    endloop
  endfacet
  facet normal -0.8126832246780396 0.4250974655151367 -0.3985450267791748
    outer loop
      vertex -7.354063034057617 0.28174498677253723 5.6119279861450195
      vertex -9.149210929870605 0.05797300115227699 9.03377914428711
      vertex -7.4748687744140625 2.2010819911956787 7.905476093292236
    endloop
  endfacet
  facet normal -0.6734022498130798 0.6364051699638367 -0.3761886954307556
    outer loop
      vertex -5.605035781860352 2.3200809955596924 4.7596659660339355
      vertex -7.4748687744140625 2.2010819911956787 7.905476093292236
      vertex -5.775554180145264 3.970427989959717 7.8568267822265625
    endloop
  endfacet
  facet normal -0.7648140788078308 0.47367867827415466 -0.436678409576416
    outer loop
      vertex -7.4748687744140625 2.2010819911956787 7.905476093292236
      vertex -5.605035781860352 2.3200809955596924 4.7596659660339355
      vertex -7.354063034057617 0.28174498677253723 5.6119279861450195
    endloop
  endfacet
  facet normal -0.19594192504882812 0.8972360491752625 -0.3956946134567261
    outer loop
      vertex -1.666722059249878 3.558748960494995 3.392867088317871
      vertex -3.8572518825531006 3.8836870193481445 5.214379787445068
      vertex -2.2710390090942383 4.9393630027771 6.822652816772461
    endloop
  endfacet
  facet normal -0.42770320177078247 0.8383417129516602 -0.3380134701728821
    outer loop
      vertex -3.8572518825531006 3.8836870193481445 5.214379787445068
      vertex -5.775554180145264 3.970427989959717 7.8568267822265625
      vertex -4.153995037078857 5.221631050109863 8.908233642578125
    endloop
  endfacet
  facet normal -0.15356963872909546 0.951270341873169 -0.26739704608917236
    outer loop
      vertex -2.2710390090942383 4.9393630027771 6.822652816772461
      vertex -4.153995037078857 5.221631050109863 8.908233642578125
      vertex -2.74141788482666 5.982174873352051 10.802621841430664
    endloop
  endfacet
  facet normal -0.2493269294500351 0.9039454460144043 -0.34744593501091003
    outer loop
      vertex -4.153995037078857 5.221631050109863 8.908233642578125
      vertex -2.2710390090942383 4.9393630027771 6.822652816772461
      vertex -3.8572518825531006 3.8836870193481445 5.214379787445068
    endloop
  endfacet
  facet normal -0.5428773164749146 0.7283867001533508 -0.4180155396461487
    outer loop
      vertex -5.775554180145264 3.970427989959717 7.8568267822265625
      vertex -3.8572518825531006 3.8836870193481445 5.214379787445068
      vertex -5.605035781860352 2.3200809955596924 4.7596659660339355
    endloop
  endfacet
  facet normal -0.30895739793777466 0.8000460863113403 -0.5142680406570435
    outer loop
      vertex -3.8572518825531006 3.8836870193481445 5.214379787445068
      vertex -1.666722059249878 3.558748960494995 3.392867088317871
      vertex -3.3740880489349365 2.254667043685913 2.3898448944091797
    endloop
  endfacet
  facet normal -0.6331433653831482 0.47747254371643066 -0.6092203259468079
    outer loop
      vertex -5.605035781860352 2.3200809955596924 4.7596659660339355
      vertex -3.3740880489349365 2.254667043685913 2.3898448944091797
      vertex -5.133472919464111 0.44324201345443726 2.7986249923706055
    endloop
  endfacet
  facet normal -0.5045267939567566 0.7077606320381165 -0.4944973587989807
    outer loop
      vertex -3.3740880489349365 2.254667043685913 2.3898448944091797
      vertex -5.605035781860352 2.3200809955596924 4.7596659660339355
      vertex -3.8572518825531006 3.8836870193481445 5.214379787445068
    endloop
  endfacet
  facet normal -0.8270424008369446 0.4590616226196289 -0.3244432806968689
    outer loop
      vertex -9.149210929870605 0.05797300115227699 9.03377914428711
      vertex -10.613798141479492 -0.03562900051474571 12.634737014770508
      vertex -9.006991386413574 2.034174919128418 11.467414855957031
    endloop
  endfacet
  facet normal -0.844262957572937 0.4586743116378784 -0.27719661593437195
    outer loop
      vertex -10.613798141479492 -0.03562900051474571 12.634737014770508
      vertex -11.702594757080078 0.11548399925231934 16.200950622558594
      vertex -10.294678688049316 1.9906949996948242 15.015726089477539
    endloop
  endfacet
  facet normal -0.7643009424209595 0.5855261087417603 -0.2701910734176636
    outer loop
      vertex -9.006991386413574 2.034174919128418 11.467414855957031
      vertex -10.294678688049316 1.9906949996948242 15.015726089477539
      vertex -8.749753952026367 3.7888340950012207 14.542245864868164
    endloop
  endfacet
  facet normal -0.8281834125518799 0.47671765089035034 -0.29470741748809814
    outer loop
      vertex -10.294678688049316 1.9906949996948242 15.015726089477539
      vertex -9.006991386413574 2.034174919128418 11.467414855957031
      vertex -10.613798141479492 -0.03562900051474571 12.634737014770508
    endloop
  endfacet
  facet normal -0.8529981970787048 0.4779660999774933 -0.20962467789649963
    outer loop
      vertex -11.702594757080078 0.11548399925231934 16.200950622558594
      vertex -12.357316017150879 0.4531939923763275 19.635135650634766
      vertex -11.183030128479004 2.0640649795532227 18.529722213745117
    endloop
  endfacet
  facet normal -0.8581754565238953 0.47067245841026306 -0.20494483411312103
    outer loop
      vertex -12.357316017150879 0.4531939923763275 19.635135650634766
      vertex -12.812026023864746 0.81215500831604 22.363548278808594
      vertex -11.922603607177734 2.1810948848724365 21.78310775756836
    endloop
  endfacet
  facet normal -0.8235598802566528 0.5284138917922974 -0.20622311532497406
    outer loop
      vertex -11.183030128479004 2.0640649795532227 18.529722213745117
      vertex -11.922603607177734 2.1810948848724365 21.78310775756836
      vertex -10.834891319274902 3.7133610248565674 21.365474700927734
    endloop
  endfacet
  facet normal -0.8531423807144165 0.4770585000514984 -0.21110060811042786
    outer loop
      vertex -11.922603607177734 2.1810948848724365 21.78310775756836
      vertex -11.183030128479004 2.0640649795532227 18.529722213745117
      vertex -12.357316017150879 0.4531939923763275 19.635135650634766
    endloop
  endfacet
  facet normal -0.6922696828842163 0.6876649260520935 -0.21881435811519623
    outer loop
      vertex -8.749753952026367 3.7888340950012207 14.542245864868164
      vertex -9.885690689086914 3.736402988433838 17.971269607543945
      vertex -8.444817543029785 5.181453227996826 17.95407485961914
    endloop
  endfacet
  facet normal -0.7274743318557739 0.6566482186317444 -0.1989828497171402
    outer loop
      vertex -9.885690689086914 3.736402988433838 17.971269607543945
      vertex -10.834891319274902 3.7133610248565674 21.365474700927734
      vertex -9.55115032196045 5.112499237060547 21.289352416992188
    endloop
  endfacet
  facet normal -0.5948321223258972 0.7831801176071167 -0.18111801147460938
    outer loop
      vertex -8.444817543029785 5.181453227996826 17.95407485961914
      vertex -9.55115032196045 5.112499237060547 21.289352416992188
      vertex -8.132911682128906 6.2445220947265625 21.526567459106445
    endloop
  endfacet
  facet normal -0.6927622556686401 0.6881946921348572 -0.21556583046913147
    outer loop
      vertex -9.55115032196045 5.112499237060547 21.289352416992188
      vertex -8.444817543029785 5.181453227996826 17.95407485961914
      vertex -9.885690689086914 3.736402988433838 17.971269607543945
    endloop
  endfacet
  facet normal -0.8049379587173462 0.5505197644233704 -0.221366286277771
    outer loop
      vertex -10.834891319274902 3.7133610248565674 21.365474700927734
      vertex -9.885690689086914 3.736402988433838 17.971269607543945
      vertex -11.183030128479004 2.0640649795532227 18.529722213745117
    endloop
  endfacet
  facet normal -0.7663421630859375 0.5939696431159973 -0.24478505551815033
    outer loop
      vertex -9.885690689086914 3.736402988433838 17.971269607543945
      vertex -8.749753952026367 3.7888340950012207 14.542245864868164
      vertex -10.294678688049316 1.9906949996948242 15.015726089477539
    endloop
  endfacet
  facet normal -0.8420084714889526 0.49116191267967224 -0.22311805188655853
    outer loop
      vertex -11.183030128479004 2.0640649795532227 18.529722213745117
      vertex -10.294678688049316 1.9906949996948242 15.015726089477539
      vertex -11.702594757080078 0.11548399925231934 16.200950622558594
    endloop
  endfacet
  facet normal -0.8051114082336426 0.552754819393158 -0.21507635712623596
    outer loop
      vertex -10.294678688049316 1.9906949996948242 15.015726089477539
      vertex -11.183030128479004 2.0640649795532227 18.529722213745117
      vertex -9.885690689086914 3.736402988433838 17.971269607543945
    endloop
  endfacet
  facet normal -0.08425027877092361 0.979074239730835 -0.18524456024169922
    outer loop
      vertex -2.74141788482666 5.982174873352051 10.802621841430664
      vertex -4.3450398445129395 6.247996807098389 12.936908721923828
      vertex -3.045775890350342 6.706827163696289 14.771055221557617
    endloop
  endfacet
  facet normal -0.22725078463554382 0.9588853120803833 -0.169988751411438
    outer loop
      vertex -4.3450398445129395 6.247996807098389 12.936908721923828
      vertex -5.789895057678223 6.36054801940918 15.503361701965332
      vertex -4.389890193939209 6.921371936798096 16.795291900634766
    endloop
  endfacet
  facet normal -0.051242396235466 0.9889872670173645 -0.1388462632894516
    outer loop
      vertex -3.045775890350342 6.706827163696289 14.771055221557617
      vertex -4.389890193939209 6.921371936798096 16.795291900634766
      vertex -3.219583034515381 7.215056896209717 18.45526695251465
    endloop
  endfacet
  facet normal -0.10291711241006851 0.9796758890151978 -0.1721719354391098
    outer loop
      vertex -4.389890193939209 6.921371936798096 16.795291900634766
      vertex -3.045775890350342 6.706827163696289 14.771055221557617
      vertex -4.3450398445129395 6.247996807098389 12.936908721923828
    endloop
  endfacet
  facet normal -0.3677336275577545 0.918033242225647 -0.1482802927494049
    outer loop
      vertex -5.789895057678223 6.36054801940918 15.503361701965332
      vertex -7.058308124542236 6.318613052368164 18.389385223388672
      vertex -5.638142108917236 7.023680210113525 19.232601165771484
    endloop
  endfacet
  facet normal -0.4545568525791168 0.8804416656494141 -0.1349094808101654
    outer loop
      vertex -7.058308124542236 6.318613052368164 18.389385223388672
      vertex -8.132911682128906 6.2445220947265625 21.526567459106445
      vertex -6.728754997253418 7.053909778594971 22.077674865722656
    endloop
  endfacet
  facet normal -0.309612512588501 0.9421133995056152 -0.12869510054588318
    outer loop
      vertex -5.638142108917236 7.023680210113525 19.232601165771484
      vertex -6.728754997253418 7.053909778594971 22.077674865722656
      vertex -5.413356781005859 7.592990875244141 22.859458923339844
    endloop
  endfacet
  facet normal -0.36660414934158325 0.9181585907936096 -0.15028740465641022
    outer loop
      vertex -6.728754997253418 7.053909778594971 22.077674865722656
      vertex -5.638142108917236 7.023680210113525 19.232601165771484
      vertex -7.058308124542236 6.318613052368164 18.389385223388672
    endloop
  endfacet
  facet normal -0.03516671061515808 0.9907680749893188 -0.1309269666671753
    outer loop
      vertex -3.219583034515381 7.215056896209717 18.45526695251465
      vertex -4.3736090660095215 7.428624153137207 20.381370544433594
      vertex -3.3004560470581055 7.658638000488281 21.833715438842773
    endloop
  endfacet
  facet normal -0.176954448223114 0.9743722081184387 -0.1388741135597229
    outer loop
      vertex -4.3736090660095215 7.428624153137207 20.381370544433594
      vertex -5.413356781005859 7.592990875244141 22.859458923339844
      vertex -4.273068904876709 7.927196025848389 23.751354217529297
    endloop
  endfacet
  facet normal -0.028118854388594627 0.9878861904144287 -0.1526113897562027
    outer loop
      vertex -3.3004560470581055 7.658638000488281 21.833715438842773
      vertex -4.273068904876709 7.927196025848389 23.751354217529297
      vertex -3.366650104522705 8.087684631347656 24.62322235107422
    endloop
  endfacet
  facet normal -0.014549195766448975 0.9891906380653381 -0.14591164886951447
    outer loop
      vertex -4.273068904876709 7.927196025848389 23.751354217529297
      vertex -3.3004560470581055 7.658638000488281 21.833715438842773
      vertex -4.3736090660095215 7.428624153137207 20.381370544433594
    endloop
  endfacet
  facet normal -0.1831233948469162 0.9728732705116272 -0.14136305451393127
    outer loop
      vertex -5.413356781005859 7.592990875244141 22.859458923339844
      vertex -4.3736090660095215 7.428624153137207 20.381370544433594
      vertex -5.638142108917236 7.023680210113525 19.232601165771484
    endloop
  endfacet
  facet normal -0.05007795989513397 0.9889327883720398 -0.13965755701065063
    outer loop
      vertex -4.3736090660095215 7.428624153137207 20.381370544433594
      vertex -3.219583034515381 7.215056896209717 18.45526695251465
      vertex -4.389890193939209 6.921371936798096 16.795291900634766
    endloop
  endfacet
  facet normal -0.23551607131958008 0.9584671258926392 -0.16085053980350494
    outer loop
      vertex -5.638142108917236 7.023680210113525 19.232601165771484
      vertex -4.389890193939209 6.921371936798096 16.795291900634766
      vertex -5.789895057678223 6.36054801940918 15.503361701965332
    endloop
  endfacet
  facet normal -0.18727725744247437 0.9727426767349243 -0.13674457371234894
    outer loop
      vertex -4.389890193939209 6.921371936798096 16.795291900634766
      vertex -5.638142108917236 7.023680210113525 19.232601165771484
      vertex -4.3736090660095215 7.428624153137207 20.381370544433594
    endloop
  endfacet
  facet normal -0.5884669423103333 0.7875453233718872 -0.18297268450260162
    outer loop
      vertex -8.132911682128906 6.2445220947265625 21.526567459106445
      vertex -7.058308124542236 6.318613052368164 18.389385223388672
      vertex -8.444817543029785 5.181453227996826 17.95407485961914
    endloop
  endfacet
  facet normal -0.49052977561950684 0.847383975982666 -0.20327602326869965
    outer loop
      vertex -7.058308124542236 6.318613052368164 18.389385223388672
      vertex -5.789895057678223 6.36054801940918 15.503361701965332
      vertex -7.257906913757324 5.31982421875 14.707452774047852
    endloop
  endfacet
  facet normal -0.6863791346549988 0.6927218437194824 -0.22140492498874664
    outer loop
      vertex -8.444817543029785 5.181453227996826 17.95407485961914
      vertex -7.257906913757324 5.31982421875 14.707452774047852
      vertex -8.749753952026367 3.7888340950012207 14.542245864868164
    endloop
  endfacet
  facet normal -0.5888606309890747 0.7875428795814514 -0.18171252310276031
    outer loop
      vertex -7.257906913757324 5.31982421875 14.707452774047852
      vertex -8.444817543029785 5.181453227996826 17.95407485961914
      vertex -7.058308124542236 6.318613052368164 18.389385223388672
    endloop
  endfacet
  facet normal -0.3410939574241638 0.9109561443328857 -0.23197799921035767
    outer loop
      vertex -5.789895057678223 6.36054801940918 15.503361701965332
      vertex -4.3450398445129395 6.247996807098389 12.936908721923828
      vertex -5.825921058654785 5.359253883361816 11.624343872070312
    endloop
  endfacet
  facet normal -0.1760803759098053 0.9518758654594421 -0.2508546710014343
    outer loop
      vertex -4.3450398445129395 6.247996807098389 12.936908721923828
      vertex -2.74141788482666 5.982174873352051 10.802621841430664
      vertex -4.153995037078857 5.221631050109863 8.908233642578125
    endloop
  endfacet
  facet normal -0.4431058466434479 0.8391997218132019 -0.3152792751789093
    outer loop
      vertex -5.825921058654785 5.359253883361816 11.624343872070312
      vertex -4.153995037078857 5.221631050109863 8.908233642578125
      vertex -5.775554180145264 3.970427989959717 7.8568267822265625
    endloop
  endfacet
  facet normal -0.3275376856327057 0.9117597937583923 -0.247816801071167
    outer loop
      vertex -4.153995037078857 5.221631050109863 8.908233642578125
      vertex -5.825921058654785 5.359253883361816 11.624343872070312
      vertex -4.3450398445129395 6.247996807098389 12.936908721923828
    endloop
  endfacet
  facet normal -0.753162682056427 0.5964940786361694 -0.2773818075656891
    outer loop
      vertex -8.749753952026367 3.7888340950012207 14.542245864868164
      vertex -7.388031005859375 3.909590005874634 11.104497909545898
      vertex -9.006991386413574 2.034174919128418 11.467414855957031
    endloop
  endfacet
  facet normal -0.6857519745826721 0.64958256483078 -0.3283090591430664
    outer loop
      vertex -7.388031005859375 3.909590005874634 11.104497909545898
      vertex -5.775554180145264 3.970427989959717 7.8568267822265625
      vertex -7.4748687744140625 2.2010819911956787 7.905476093292236
    endloop
  endfacet
  facet normal -0.8202289342880249 0.4665812849998474 -0.33094775676727295
    outer loop
      vertex -9.006991386413574 2.034174919128418 11.467414855957031
      vertex -7.4748687744140625 2.2010819911956787 7.905476093292236
      vertex -9.149210929870605 0.05797300115227699 9.03377914428711
    endloop
  endfacet
  facet normal -0.75074303150177 0.5909512042999268 -0.29523149132728577
    outer loop
      vertex -7.4748687744140625 2.2010819911956787 7.905476093292236
      vertex -9.006991386413574 2.034174919128418 11.467414855957031
      vertex -7.388031005859375 3.909590005874634 11.104497909545898
    endloop
  endfacet
  facet normal -0.5998194217681885 0.7481147050857544 -0.28379756212234497
    outer loop
      vertex -5.775554180145264 3.970427989959717 7.8568267822265625
      vertex -7.388031005859375 3.909590005874634 11.104497909545898
      vertex -5.825921058654785 5.359253883361816 11.624343872070312
    endloop
  endfacet
  facet normal -0.6809154152870178 0.6899956464767456 -0.24547961354255676
    outer loop
      vertex -7.388031005859375 3.909590005874634 11.104497909545898
      vertex -8.749753952026367 3.7888340950012207 14.542245864868164
      vertex -7.257906913757324 5.31982421875 14.707452774047852
    endloop
  endfacet
  facet normal -0.4848833382129669 0.8479005694389343 -0.21436595916748047
    outer loop
      vertex -5.825921058654785 5.359253883361816 11.624343872070312
      vertex -7.257906913757324 5.31982421875 14.707452774047852
      vertex -5.789895057678223 6.36054801940918 15.503361701965332
    endloop
  endfacet
  facet normal -0.6046738624572754 0.7488536238670349 -0.2712707817554474
    outer loop
      vertex -7.257906913757324 5.31982421875 14.707452774047852
      vertex -5.825921058654785 5.359253883361816 11.624343872070312
      vertex -7.388031005859375 3.909590005874634 11.104497909545898
    endloop
  endfacet
  facet normal -0.9581978917121887 0.28057771921157837 -0.05597425252199173
    outer loop
      vertex -12.812026023864746 0.81215500831604 22.363548278808594
      vertex -13.153857231140137 0.1018650010228157 24.654787063598633
      vertex -12.624177932739258 1.9139399528503418 24.670692443847656
    endloop
  endfacet
  facet normal -0.994861900806427 0.08379847556352615 0.056813132017850876
    outer loop
      vertex -13.153857231140137 0.1018650010228157 24.654787063598633
      vertex -13.051553726196289 -0.7488260269165039 27.700992584228516
      vertex -12.881525039672852 1.2520090341567993 27.72718620300293
    endloop
  endfacet
  facet normal -0.9586970210075378 0.28377628326416016 -0.019263118505477905
    outer loop
      vertex -12.624177932739258 1.9139399528503418 24.670692443847656
      vertex -12.881525039672852 1.2520090341567993 27.72718620300293
      vertex -12.336228370666504 3.0906240940093994 27.674291610717773
    endloop
  endfacet
  facet normal -0.9595955014228821 0.2806706130504608 -0.020011354237794876
    outer loop
      vertex -12.881525039672852 1.2520090341567993 27.72718620300293
      vertex -12.624177932739258 1.9139399528503418 24.670692443847656
      vertex -13.153857231140137 0.1018650010228157 24.654787063598633
    endloop
  endfacet
  facet normal -0.9893962144851685 -0.05982520431280136 0.1323486566543579
    outer loop
      vertex -13.051553726196289 -0.7488260269165039 27.700992584228516
      vertex -12.549341201782227 -1.5652339458465576 31.086334228515625
      vertex -12.677019119262695 0.4755060076713562 31.054325103759766
    endloop
  endfacet
  facet normal -0.9742705821990967 -0.13526475429534912 0.18027831614017487
    outer loop
      vertex -12.549341201782227 -1.5652339458465576 31.086334228515625
      vertex -11.798744201660156 -2.2699599266052246 34.613990783691406
      vertex -12.090069770812988 -0.29625898599624634 34.52048110961914
    endloop
  endfacet
  facet normal -0.9862617254257202 -0.00936927367001772 0.1649247109889984
    outer loop
      vertex -12.677019119262695 0.4755060076713562 31.054325103759766
      vertex -12.090069770812988 -0.29625898599624634 34.52048110961914
      vertex -12.114886283874512 1.7084330320358276 34.4859619140625
    endloop
  endfacet
  facet normal -0.9863185286521912 -0.059295903891325 0.1538178026676178
    outer loop
      vertex -12.090069770812988 -0.29625898599624634 34.52048110961914
      vertex -12.677019119262695 0.4755060076713562 31.054325103759766
      vertex -12.549341201782227 -1.5652339458465576 31.086334228515625
    endloop
  endfacet
  facet normal -0.9451168775558472 0.325896292924881 0.023360665887594223
    outer loop
      vertex -12.336228370666504 3.0906240940093994 27.674291610717773
      vertex -12.47658920288086 2.444150924682617 31.01434326171875
      vertex -11.852391242980957 4.252514839172363 31.04006576538086
    endloop
  endfacet
  facet normal -0.9794789552688599 0.1505824476480484 0.1339624673128128
    outer loop
      vertex -12.47658920288086 2.444150924682617 31.01434326171875
      vertex -12.114886283874512 1.7084330320358276 34.4859619140625
      vertex -11.818967819213867 3.623867988586426 34.496524810791016
    endloop
  endfacet
  facet normal -0.9294065237045288 0.3614145517349243 0.07471983879804611
    outer loop
      vertex -11.852391242980957 4.252514839172363 31.04006576538086
      vertex -11.818967819213867 3.623867988586426 34.496524810791016
      vertex -11.124853134155273 5.381951808929443 34.62657928466797
    endloop
  endfacet
  facet normal -0.9433721303939819 0.3246566653251648 0.06816951185464859
    outer loop
      vertex -11.818967819213867 3.623867988586426 34.496524810791016
      vertex -11.852391242980957 4.252514839172363 31.04006576538086
      vertex -12.47658920288086 2.444150924682617 31.01434326171875
    endloop
  endfacet
  facet normal -0.9868403673171997 0.10300279408693314 0.12464617937803268
    outer loop
      vertex -12.114886283874512 1.7084330320358276 34.4859619140625
      vertex -12.47658920288086 2.444150924682617 31.01434326171875
      vertex -12.677019119262695 0.4755060076713562 31.054325103759766
    endloop
  endfacet
  facet normal -0.9585023522377014 0.2846992015838623 0.014824384823441505
    outer loop
      vertex -12.47658920288086 2.444150924682617 31.01434326171875
      vertex -12.336228370666504 3.0906240940093994 27.674291610717773
      vertex -12.881525039672852 1.2520090341567993 27.72718620300293
    endloop
  endfacet
  facet normal -0.9932630062103271 0.08335244655609131 0.08050507307052612
    outer loop
      vertex -12.677019119262695 0.4755060076713562 31.054325103759766
      vertex -12.881525039672852 1.2520090341567993 27.72718620300293
      vertex -13.051553726196289 -0.7488260269165039 27.700992584228516
    endloop
  endfacet
  facet normal -0.9910926222801208 0.10262789577245712 0.08487027138471603
    outer loop
      vertex -12.881525039672852 1.2520090341567993 27.72718620300293
      vertex -12.677019119262695 0.4755060076713562 31.054325103759766
      vertex -12.47658920288086 2.444150924682617 31.01434326171875
    endloop
  endfacet
  facet normal -0.9463400840759277 -0.22779381275177002 0.2292390912771225
    outer loop
      vertex -11.798744201660156 -2.2699599266052246 34.613990783691406
      vertex -10.783390045166016 -2.9163670539855957 38.16322326660156
      vertex -11.288567543029785 -1.0034979581832886 37.97856903076172
    endloop
  endfacet
  facet normal -0.9275044202804565 -0.25806131958961487 0.27044394612312317
    outer loop
      vertex -10.783390045166016 -2.9163670539855957 38.16322326660156
      vertex -9.64089584350586 -3.4418540000915527 41.58005142211914
      vertex -10.193111419677734 -1.6954480409622192 41.352638244628906
    endloop
  endfacet
  facet normal -0.9464267492294312 -0.1750030815601349 0.27138614654541016
    outer loop
      vertex -11.288567543029785 -1.0034979581832886 37.97856903076172
      vertex -10.193111419677734 -1.6954480409622192 41.352638244628906
      vertex -10.563603401184082 0.007277000229805708 41.158592224121094
    endloop
  endfacet
  facet normal -0.939663290977478 -0.223126620054245 0.2593211233615875
    outer loop
      vertex -10.193111419677734 -1.6954480409622192 41.352638244628906
      vertex -11.288567543029785 -1.0034979581832886 37.97856903076172
      vertex -10.783390045166016 -2.9163670539855957 38.16322326660156
    endloop
  endfacet
  facet normal -0.9097897410392761 -0.2730238735675812 0.3126350939273834
    outer loop
      vertex -9.64089584350586 -3.4418540000915527 41.58005142211914
      vertex -8.450568199157715 -3.8314969539642334 44.703712463378906
      vertex -9.048088073730469 -2.280323028564453 44.31952667236328
    endloop
  endfacet
  facet normal -0.872752845287323 -0.24812051653862 0.42040324211120605
    outer loop
      vertex -8.450568199157715 -3.8314969539642334 44.703712463378906
      vertex -7.264091968536377 -4.353446960449219 46.85877227783203
      vertex -7.844709873199463 -3.008204936981201 46.44737243652344
    endloop
  endfacet
  facet normal -0.8815340399742126 -0.13396824896335602 0.45271414518356323
    outer loop
      vertex -9.048088073730469 -2.280323028564453 44.31952667236328
      vertex -7.844709873199463 -3.008204936981201 46.44737243652344
      vertex -8.253238677978516 -1.6361730098724365 46.057891845703125
    endloop
  endfacet
  facet normal -0.8782976865768433 -0.2352316528558731 0.41624417901039124
    outer loop
      vertex -7.844709873199463 -3.008204936981201 46.44737243652344
      vertex -9.048088073730469 -2.280323028564453 44.31952667236328
      vertex -8.450568199157715 -3.8314969539642334 44.703712463378906
    endloop
  endfacet
  facet normal -0.9329645037651062 -0.09535962343215942 0.3471077084541321
    outer loop
      vertex -10.563603401184082 0.007277000229805708 41.158592224121094
      vertex -9.418493270874023 -0.7823489904403687 44.01951599121094
      vertex -9.663309097290039 0.8861330151557922 43.81986999511719
    endloop
  endfacet
  facet normal -0.8780545592308044 -0.06712768226861954 0.47382909059524536
    outer loop
      vertex -9.418493270874023 -0.7823489904403687 44.01951599121094
      vertex -8.253238677978516 -1.6361730098724365 46.057891845703125
      vertex -8.531705856323242 -0.17514599859714508 45.74884796142578
    endloop
  endfacet
  facet normal -0.8773208856582642 -0.07346325367689133 0.47424811124801636
    outer loop
      vertex -9.663309097290039 0.8861330151557922 43.81986999511719
      vertex -8.531705856323242 -0.17514599859714508 45.74884796142578
      vertex -8.775033950805664 1.4786150455474854 45.55488586425781
    endloop
  endfacet
  facet normal -0.877058744430542 -0.07185589522123337 0.47497865557670593
    outer loop
      vertex -8.531705856323242 -0.17514599859714508 45.74884796142578
      vertex -9.663309097290039 0.8861330151557922 43.81986999511719
      vertex -9.418493270874023 -0.7823489904403687 44.01951599121094
    endloop
  endfacet
  facet normal -0.8831682205200195 -0.1280060112476349 0.4512520134449005
    outer loop
      vertex -8.253238677978516 -1.6361730098724365 46.057891845703125
      vertex -9.418493270874023 -0.7823489904403687 44.01951599121094
      vertex -9.048088073730469 -2.280323028564453 44.31952667236328
    endloop
  endfacet
  facet normal -0.9305225610733032 -0.1652219593524933 0.32684803009033203
    outer loop
      vertex -9.418493270874023 -0.7823489904403687 44.01951599121094
      vertex -10.563603401184082 0.007277000229805708 41.158592224121094
      vertex -10.193111419677734 -1.6954480409622192 41.352638244628906
    endloop
  endfacet
  facet normal -0.9187038540840149 -0.2507624924182892 0.30512529611587524
    outer loop
      vertex -9.048088073730469 -2.280323028564453 44.31952667236328
      vertex -10.193111419677734 -1.6954480409622192 41.352638244628906
      vertex -9.64089584350586 -3.4418540000915527 41.58005142211914
    endloop
  endfacet
  facet normal -0.9306650757789612 -0.16469386219978333 0.3267086148262024
    outer loop
      vertex -10.193111419677734 -1.6954480409622192 41.352638244628906
      vertex -9.048088073730469 -2.280323028564453 44.31952667236328
      vertex -9.418493270874023 -0.7823489904403687 44.01951599121094
    endloop
  endfacet
  facet normal -0.9046259522438049 0.41547325253486633 0.09504660964012146
    outer loop
      vertex -11.124853134155273 5.381951808929443 34.62657928466797
      vertex -11.090164184570312 4.693737030029297 37.96510314941406
      vertex -10.314835548400879 6.327221870422363 38.204071044921875
    endloop
  endfacet
  facet normal -0.9552439451217651 0.19646699726581573 0.22115564346313477
    outer loop
      vertex -11.090164184570312 4.693737030029297 37.96510314941406
      vertex -10.557634353637695 3.747870922088623 41.10554885864258
      vertex -10.167027473449707 5.453987121582031 41.27705383300781
    endloop
  endfacet
  facet normal -0.9002676010131836 0.40545108914375305 0.1585172563791275
    outer loop
      vertex -10.314835548400879 6.327221870422363 38.204071044921875
      vertex -10.167027473449707 5.453987121582031 41.27705383300781
      vertex -9.39415454864502 7.044808864593506 41.59747314453125
    endloop
  endfacet
  facet normal -0.9007858037948608 0.40440502762794495 0.15824493765830994
    outer loop
      vertex -10.167027473449707 5.453987121582031 41.27705383300781
      vertex -10.314835548400879 6.327221870422363 38.204071044921875
      vertex -11.090164184570312 4.693737030029297 37.96510314941406
    endloop
  endfacet
  facet normal -0.9470157027244568 0.017748016864061356 0.3206963539123535
    outer loop
      vertex -10.557634353637695 3.747870922088623 41.10554885864258
      vertex -9.682140350341797 2.6385419368743896 43.75227355957031
      vertex -9.605320930480957 4.43006706237793 43.879974365234375
    endloop
  endfacet
  facet normal -0.9100833535194397 -0.07969139516353607 0.4066909849643707
    outer loop
      vertex -9.682140350341797 2.6385419368743896 43.75227355957031
      vertex -8.775033950805664 1.4786150455474854 45.55488586425781
      vertex -8.940906524658203 3.2252140045166016 45.52594757080078
    endloop
  endfacet
  facet normal -0.9406669735908508 -0.06329897046089172 0.3333752453327179
    outer loop
      vertex -9.605320930480957 4.43006706237793 43.879974365234375
      vertex -8.940906524658203 3.2252140045166016 45.52594757080078
      vertex -8.970991134643555 5.023176193237305 45.78244400024414
    endloop
  endfacet
  facet normal -0.924049973487854 0.012388450093567371 0.3820708096027374
    outer loop
      vertex -8.940906524658203 3.2252140045166016 45.52594757080078
      vertex -9.605320930480957 4.43006706237793 43.879974365234375
      vertex -9.682140350341797 2.6385419368743896 43.75227355957031
    endloop
  endfacet
  facet normal -0.8923893570899963 0.4111793339252472 0.1859375536441803
    outer loop
      vertex -9.39415454864502 7.044808864593506 41.59747314453125
      vertex -9.296260833740234 6.103879928588867 44.1480598449707
      vertex -8.532803535461426 7.600594997406006 44.50238800048828
    endloop
  endfacet
  facet normal -0.9684695601463318 0.07007099688053131 0.23907461762428284
    outer loop
      vertex -9.296260833740234 6.103879928588867 44.1480598449707
      vertex -8.970991134643555 5.023176193237305 45.78244400024414
      vertex -8.760416030883789 6.694530010223389 46.14560317993164
    endloop
  endfacet
  facet normal -0.9487470388412476 0.31332018971443176 0.04134683310985565
    outer loop
      vertex -8.532803535461426 7.600594997406006 44.50238800048828
      vertex -8.760416030883789 6.694530010223389 46.14560317993164
      vertex -8.220475196838379 8.265167236328125 46.63306427001953
    endloop
  endfacet
  facet normal -0.8956706523895264 0.43009868264198303 0.11309021711349487
    outer loop
      vertex -8.760416030883789 6.694530010223389 46.14560317993164
      vertex -8.532803535461426 7.600594997406006 44.50238800048828
      vertex -9.296260833740234 6.103879928588867 44.1480598449707
    endloop
  endfacet
  facet normal -0.9519965648651123 0.13150806725025177 0.2764202654361725
    outer loop
      vertex -8.970991134643555 5.023176193237305 45.78244400024414
      vertex -9.296260833740234 6.103879928588867 44.1480598449707
      vertex -9.605320930480957 4.43006706237793 43.879974365234375
    endloop
  endfacet
  facet normal -0.8983582258224487 0.3997999429702759 0.18196870386600494
    outer loop
      vertex -9.296260833740234 6.103879928588867 44.1480598449707
      vertex -9.39415454864502 7.044808864593506 41.59747314453125
      vertex -10.167027473449707 5.453987121582031 41.27705383300781
    endloop
  endfacet
  facet normal -0.9422580599784851 0.18785658478736877 0.277235746383667
    outer loop
      vertex -9.605320930480957 4.43006706237793 43.879974365234375
      vertex -10.167027473449707 5.453987121582031 41.27705383300781
      vertex -10.557634353637695 3.747870922088623 41.10554885864258
    endloop
  endfacet
  facet normal -0.9562671780586243 0.13501128554344177 0.25947096943855286
    outer loop
      vertex -10.167027473449707 5.453987121582031 41.27705383300781
      vertex -9.605320930480957 4.43006706237793 43.879974365234375
      vertex -9.296260833740234 6.103879928588867 44.1480598449707
    endloop
  endfacet
  facet normal -0.891191303730011 0.007918640971183777 0.45355862379074097
    outer loop
      vertex -8.775033950805664 1.4786150455474854 45.55488586425781
      vertex -9.682140350341797 2.6385419368743896 43.75227355957031
      vertex -9.663309097290039 0.8861330151557922 43.81986999511719
    endloop
  endfacet
  facet normal -0.9464459419250488 0.021634675562381744 0.32213687896728516
    outer loop
      vertex -9.682140350341797 2.6385419368743896 43.75227355957031
      vertex -10.557634353637695 3.747870922088623 41.10554885864258
      vertex -10.6119384765625 1.8397669792175293 41.07415008544922
    endloop
  endfacet
  facet normal -0.9462036490440369 -0.010054590180516243 0.3234154284000397
    outer loop
      vertex -9.663309097290039 0.8861330151557922 43.81986999511719
      vertex -10.6119384765625 1.8397669792175293 41.07415008544922
      vertex -10.563603401184082 0.007277000229805708 41.158592224121094
    endloop
  endfacet
  facet normal -0.9449105858802795 0.002471894957125187 0.32731935381889343
    outer loop
      vertex -10.6119384765625 1.8397669792175293 41.07415008544922
      vertex -9.663309097290039 0.8861330151557922 43.81986999511719
      vertex -9.682140350341797 2.6385419368743896 43.75227355957031
    endloop
  endfacet
  facet normal -0.9641382098197937 0.16006451845169067 0.21169985830783844
    outer loop
      vertex -10.557634353637695 3.747870922088623 41.10554885864258
      vertex -11.090164184570312 4.693737030029297 37.96510314941406
      vertex -11.412347793579102 2.842103958129883 37.897796630859375
    endloop
  endfacet
  facet normal -0.9289517402648926 0.360550194978714 0.08397733420133591
    outer loop
      vertex -11.090164184570312 4.693737030029297 37.96510314941406
      vertex -11.124853134155273 5.381951808929443 34.62657928466797
      vertex -11.818967819213867 3.623867988586426 34.496524810791016
    endloop
  endfacet
  facet normal -0.9770234823226929 0.1501074582338333 0.1513039618730545
    outer loop
      vertex -11.412347793579102 2.842103958129883 37.897796630859375
      vertex -11.818967819213867 3.623867988586426 34.496524810791016
      vertex -12.114886283874512 1.7084330320358276 34.4859619140625
    endloop
  endfacet
  facet normal -0.9743511080741882 0.16393302381038666 0.1541622132062912
    outer loop
      vertex -11.818967819213867 3.623867988586426 34.496524810791016
      vertex -11.412347793579102 2.842103958129883 37.897796630859375
      vertex -11.090164184570312 4.693737030029297 37.96510314941406
    endloop
  endfacet
  facet normal -0.9664306044578552 -0.07750910520553589 0.24495790898799896
    outer loop
      vertex -10.563603401184082 0.007277000229805708 41.158592224121094
      vertex -11.458808898925781 0.8724750280380249 37.900508880615234
      vertex -11.288567543029785 -1.0034979581832886 37.97856903076172
    endloop
  endfacet
  facet normal -0.9824010729789734 -0.008948776870965958 0.18656951189041138
    outer loop
      vertex -11.458808898925781 0.8724750280380249 37.900508880615234
      vertex -12.114886283874512 1.7084330320358276 34.4859619140625
      vertex -12.090069770812988 -0.29625898599624634 34.52048110961914
    endloop
  endfacet
  facet normal -0.9710707068443298 -0.13396835327148438 0.19767215847969055
    outer loop
      vertex -11.288567543029785 -1.0034979581832886 37.97856903076172
      vertex -12.090069770812988 -0.29625898599624634 34.52048110961914
      vertex -11.798744201660156 -2.2699599266052246 34.613990783691406
    endloop
  endfacet
  facet normal -0.9745383858680725 -0.07971734553575516 0.20957115292549133
    outer loop
      vertex -12.090069770812988 -0.29625898599624634 34.52048110961914
      vertex -11.288567543029785 -1.0034979581832886 37.97856903076172
      vertex -11.458808898925781 0.8724750280380249 37.900508880615234
    endloop
  endfacet
  facet normal -0.9806905388832092 0.023400643840432167 0.19416071474552155
    outer loop
      vertex -12.114886283874512 1.7084330320358276 34.4859619140625
      vertex -11.458808898925781 0.8724750280380249 37.900508880615234
      vertex -11.412347793579102 2.842103958129883 37.897796630859375
    endloop
  endfacet
  facet normal -0.9650803804397583 -0.013400466181337833 0.2616112232208252
    outer loop
      vertex -11.458808898925781 0.8724750280380249 37.900508880615234
      vertex -10.563603401184082 0.007277000229805708 41.158592224121094
      vertex -10.6119384765625 1.8397669792175293 41.07415008544922
    endloop
  endfacet
  facet normal -0.9676462411880493 0.023404957726597786 0.2512228786945343
    outer loop
      vertex -11.412347793579102 2.842103958129883 37.897796630859375
      vertex -10.6119384765625 1.8397669792175293 41.07415008544922
      vertex -10.557634353637695 3.747870922088623 41.10554885864258
    endloop
  endfacet
  facet normal -0.9676693677902222 0.02317197248339653 0.25115519762039185
    outer loop
      vertex -10.6119384765625 1.8397669792175293 41.07415008544922
      vertex -11.412347793579102 2.842103958129883 37.897796630859375
      vertex -11.458808898925781 0.8724750280380249 37.900508880615234
    endloop
  endfacet
  facet normal -0.9754611253738403 0.2055589109659195 0.07887420058250427
    outer loop
      vertex -8.220475196838379 8.265167236328125 46.63306427001953
      vertex -8.107364654541016 9.441888809204102 44.9652099609375
      vertex -8.532803535461426 7.600594997406006 44.50238800048828
    endloop
  endfacet
  facet normal -0.834993302822113 0.5500469207763672 0.015317349694669247
    outer loop
      vertex -8.107364654541016 9.441888809204102 44.9652099609375
      vertex -7.533915042877197 10.385478019714355 42.341278076171875
      vertex -8.564387321472168 8.830544471740723 42.004981994628906
    endloop
  endfacet
  facet normal -0.9055594205856323 0.3759188950061798 0.19658887386322021
    outer loop
      vertex -8.532803535461426 7.600594997406006 44.50238800048828
      vertex -8.564387321472168 8.830544471740723 42.004981994628906
      vertex -9.39415454864502 7.044808864593506 41.59747314453125
    endloop
  endfacet
  facet normal -0.9741501212120056 0.19753222167491913 0.10960254073143005
    outer loop
      vertex -8.564387321472168 8.830544471740723 42.004981994628906
      vertex -8.532803535461426 7.600594997406006 44.50238800048828
      vertex -8.107364654541016 9.441888809204102 44.9652099609375
    endloop
  endfacet
  facet normal -0.6373480558395386 0.7689225077629089 -0.05045444518327713
    outer loop
      vertex -7.533915042877197 10.385478019714355 42.341278076171875
      vertex -6.877533912658691 10.724967956542969 39.22357940673828
      vertex -8.114304542541504 9.68077278137207 38.93318176269531
    endloop
  endfacet
  facet normal -0.4546193778514862 0.8799334168434143 -0.1379798948764801
    outer loop
      vertex -6.877533912658691 10.724967956542969 39.22357940673828
      vertex -6.256278038024902 10.540733337402344 36.001739501953125
      vertex -7.509984016418457 9.844339370727539 35.6913948059082
    endloop
  endfacet
  facet normal -0.6607884168624878 0.7456799745559692 -0.08555766195058823
    outer loop
      vertex -8.114304542541504 9.68077278137207 38.93318176269531
      vertex -7.509984016418457 9.844339370727539 35.6913948059082
      vertex -8.826006889343262 8.634465217590332 35.310760498046875
    endloop
  endfacet
  facet normal -0.6322085857391357 0.7707639932632446 -0.07896428555250168
    outer loop
      vertex -7.509984016418457 9.844339370727539 35.6913948059082
      vertex -8.114304542541504 9.68077278137207 38.93318176269531
      vertex -6.877533912658691 10.724967956542969 39.22357940673828
    endloop
  endfacet
  facet normal -0.8694033622741699 0.47519034147262573 0.13539589941501617
    outer loop
      vertex -9.39415454864502 7.044808864593506 41.59747314453125
      vertex -9.300127029418945 8.078377723693848 38.57379150390625
      vertex -10.314835548400879 6.327221870422363 38.204071044921875
    endloop
  endfacet
  facet normal -0.7759617567062378 0.6307581663131714 -0.005253505427390337
    outer loop
      vertex -9.300127029418945 8.078377723693848 38.57379150390625
      vertex -8.826006889343262 8.634465217590332 35.310760498046875
      vertex -10.07767105102539 7.091455936431885 34.92582702636719
    endloop
  endfacet
  facet normal -0.8557828664779663 0.5140813589096069 0.057932596653699875
    outer loop
      vertex -10.314835548400879 6.327221870422363 38.204071044921875
      vertex -10.07767105102539 7.091455936431885 34.92582702636719
      vertex -11.124853134155273 5.381951808929443 34.62657928466797
    endloop
  endfacet
  facet normal -0.868787944316864 0.49245181679725647 0.051949393004179
    outer loop
      vertex -10.07767105102539 7.091455936431885 34.92582702636719
      vertex -10.314835548400879 6.327221870422363 38.204071044921875
      vertex -9.300127029418945 8.078377723693848 38.57379150390625
    endloop
  endfacet
  facet normal -0.8021491169929504 0.596939742565155 -0.014821905642747879
    outer loop
      vertex -8.826006889343262 8.634465217590332 35.310760498046875
      vertex -9.300127029418945 8.078377723693848 38.57379150390625
      vertex -8.114304542541504 9.68077278137207 38.93318176269531
    endloop
  endfacet
  facet normal -0.9107652902603149 0.3985723853111267 0.10791976004838943
    outer loop
      vertex -9.300127029418945 8.078377723693848 38.57379150390625
      vertex -9.39415454864502 7.044808864593506 41.59747314453125
      vertex -8.564387321472168 8.830544471740723 42.004981994628906
    endloop
  endfacet
  facet normal -0.836103618144989 0.5477983355522156 0.029115775600075722
    outer loop
      vertex -8.114304542541504 9.68077278137207 38.93318176269531
      vertex -8.564387321472168 8.830544471740723 42.004981994628906
      vertex -7.533915042877197 10.385478019714355 42.341278076171875
    endloop
  endfacet
  facet normal -0.8077694177627563 0.5878282785415649 0.044347018003463745
    outer loop
      vertex -8.564387321472168 8.830544471740723 42.004981994628906
      vertex -8.114304542541504 9.68077278137207 38.93318176269531
      vertex -9.300127029418945 8.078377723693848 38.57379150390625
    endloop
  endfacet
  facet normal -0.3098696768283844 0.9228656888008118 -0.2286911904811859
    outer loop
      vertex -6.256278038024902 10.540733337402344 36.001739501953125
      vertex -5.5128631591796875 10.008515357971191 32.846710205078125
      vertex -6.746981143951416 9.508692741394043 32.50190734863281
    endloop
  endfacet
  facet normal -0.22236841917037964 0.9407309293746948 -0.2560814619064331
    outer loop
      vertex -5.5128631591796875 10.008515357971191 32.846710205078125
      vertex -4.733938217163086 9.358360290527344 29.781946182250977
      vertex -5.934025764465332 8.958423614501953 29.35485076904297
    endloop
  endfacet
  facet normal -0.3237666189670563 0.9142670631408691 -0.24349762499332428
    outer loop
      vertex -6.746981143951416 9.508692741394043 32.50190734863281
      vertex -5.934025764465332 8.958423614501953 29.35485076904297
      vertex -7.274575233459473 8.345650672912598 28.836517333984375
    endloop
  endfacet
  facet normal -0.30601635575294495 0.9212439656257629 -0.24013224244117737
    outer loop
      vertex -5.934025764465332 8.958423614501953 29.35485076904297
      vertex -6.746981143951416 9.508692741394043 32.50190734863281
      vertex -5.5128631591796875 10.008515357971191 32.846710205078125
    endloop
  endfacet
  facet normal -0.13946527242660522 0.9558261632919312 -0.25873878598213196
    outer loop
      vertex -4.733938217163086 9.358360290527344 29.781946182250977
      vertex -3.9989349842071533 8.684483528137207 26.896347045898438
      vertex -5.104033946990967 8.382966995239258 26.378162384033203
    endloop
  endfacet
  facet normal 0.05772767961025238 0.9694342017173767 -0.23846335709095
    outer loop
      vertex -3.9989349842071533 8.684483528137207 26.896347045898438
      vertex -3.366650104522705 8.087684631347656 24.62322235107422
      vertex -4.273068904876709 7.927196025848389 23.751354217529297
    endloop
  endfacet
  facet normal -0.1224534884095192 0.9706161618232727 -0.20714616775512695
    outer loop
      vertex -5.104033946990967 8.382966995239258 26.378162384033203
      vertex -4.273068904876709 7.927196025848389 23.751354217529297
      vertex -5.413356781005859 7.592990875244141 22.859458923339844
    endloop
  endfacet
  facet normal -0.16052848100662231 0.9626975655555725 -0.21781687438488007
    outer loop
      vertex -4.273068904876709 7.927196025848389 23.751354217529297
      vertex -5.104033946990967 8.382966995239258 26.378162384033203
      vertex -3.9989349842071533 8.684483528137207 26.896347045898438
    endloop
  endfacet
  facet normal -0.34013885259628296 0.9137068390846252 -0.22236327826976776
    outer loop
      vertex -7.274575233459473 8.345650672912598 28.836517333984375
      vertex -6.385404109954834 7.917038917541504 25.71519660949707
      vertex -7.7913408279418945 7.2462382316589355 25.109424591064453
    endloop
  endfacet
  facet normal -0.2684429883956909 0.9426558017730713 -0.1983393132686615
    outer loop
      vertex -6.385404109954834 7.917038917541504 25.71519660949707
      vertex -5.413356781005859 7.592990875244141 22.859458923339844
      vertex -6.728754997253418 7.053909778594971 22.077674865722656
    endloop
  endfacet
  facet normal -0.4269493520259857 0.880614697933197 -0.20550428330898285
    outer loop
      vertex -7.7913408279418945 7.2462382316589355 25.109424591064453
      vertex -6.728754997253418 7.053909778594971 22.077674865722656
      vertex -8.132911682128906 6.2445220947265625 21.526567459106445
    endloop
  endfacet
  facet normal -0.3577921688556671 0.9155970811843872 -0.18348488211631775
    outer loop
      vertex -6.728754997253418 7.053909778594971 22.077674865722656
      vertex -7.7913408279418945 7.2462382316589355 25.109424591064453
      vertex -6.385404109954834 7.917038917541504 25.71519660949707
    endloop
  endfacet
  facet normal -0.24630297720432281 0.9500567317008972 -0.19164299964904785
    outer loop
      vertex -5.413356781005859 7.592990875244141 22.859458923339844
      vertex -6.385404109954834 7.917038917541504 25.71519660949707
      vertex -5.104033946990967 8.382966995239258 26.378162384033203
    endloop
  endfacet
  facet normal -0.33353757858276367 0.9164992570877075 -0.22086624801158905
    outer loop
      vertex -6.385404109954834 7.917038917541504 25.71519660949707
      vertex -7.274575233459473 8.345650672912598 28.836517333984375
      vertex -5.934025764465332 8.958423614501953 29.35485076904297
    endloop
  endfacet
  facet normal -0.22675374150276184 0.9425203204154968 -0.2454349249601364
    outer loop
      vertex -5.104033946990967 8.382966995239258 26.378162384033203
      vertex -5.934025764465332 8.958423614501953 29.35485076904297
      vertex -4.733938217163086 9.358360290527344 29.781946182250977
    endloop
  endfacet
  facet normal -0.2177300751209259 0.9451642036437988 -0.2434299737215042
    outer loop
      vertex -5.934025764465332 8.958423614501953 29.35485076904297
      vertex -5.104033946990967 8.382966995239258 26.378162384033203
      vertex -6.385404109954834 7.917038917541504 25.71519660949707
    endloop
  endfacet
  facet normal -0.8429126143455505 0.5380482077598572 0.001550111803226173
    outer loop
      vertex -11.124853134155273 5.381951808929443 34.62657928466797
      vertex -10.795414924621582 5.90778112411499 31.250106811523438
      vertex -11.852391242980957 4.252514839172363 31.04006576538086
    endloop
  endfacet
  facet normal -0.7185109257698059 0.6858824491500854 -0.11535736173391342
    outer loop
      vertex -10.795414924621582 5.90778112411499 31.250106811523438
      vertex -10.019135475158691 6.168321132659912 27.964096069335938
      vertex -11.334229469299316 4.751081943511963 27.728740692138672
    endloop
  endfacet
  facet normal -0.8540453910827637 0.517200231552124 -0.055770616978406906
    outer loop
      vertex -11.852391242980957 4.252514839172363 31.04006576538086
      vertex -11.334229469299316 4.751081943511963 27.728740692138672
      vertex -12.336228370666504 3.0906240940093994 27.674291610717773
    endloop
  endfacet
  facet normal -0.8389133214950562 0.5419938564300537 -0.04966969043016434
    outer loop
      vertex -11.334229469299316 4.751081943511963 27.728740692138672
      vertex -11.852391242980957 4.252514839172363 31.04006576538086
      vertex -10.795414924621582 5.90778112411499 31.250106811523438
    endloop
  endfacet
  facet normal -0.6473271250724792 0.7431829571723938 -0.16925323009490967
    outer loop
      vertex -10.019135475158691 6.168321132659912 27.964096069335938
      vertex -9.093252182006836 6.235789775848389 24.719207763671875
      vertex -10.446267127990723 5.012482166290283 24.522472381591797
    endloop
  endfacet
  facet normal -0.5957180857658386 0.7834372520446777 -0.17704813182353973
    outer loop
      vertex -9.093252182006836 6.235789775848389 24.719207763671875
      vertex -8.132911682128906 6.2445220947265625 21.526567459106445
      vertex -9.55115032196045 5.112499237060547 21.289352416992188
    endloop
  endfacet
  facet normal -0.7294936776161194 0.6594486832618713 -0.18156641721725464
    outer loop
      vertex -10.446267127990723 5.012482166290283 24.522472381591797
      vertex -9.55115032196045 5.112499237060547 21.289352416992188
      vertex -10.834891319274902 3.7133610248565674 21.365474700927734
    endloop
  endfacet
  facet normal -0.6497072577476501 0.7438234686851501 -0.15686669945716858
    outer loop
      vertex -9.55115032196045 5.112499237060547 21.289352416992188
      vertex -10.446267127990723 5.012482166290283 24.522472381591797
      vertex -9.093252182006836 6.235789775848389 24.719207763671875
    endloop
  endfacet
  facet normal -0.8526283502578735 0.5090889930725098 -0.11769979447126389
    outer loop
      vertex -12.336228370666504 3.0906240940093994 27.674291610717773
      vertex -11.633820533752441 3.5439329147338867 24.546688079833984
      vertex -12.624177932739258 1.9139399528503418 24.670692443847656
    endloop
  endfacet
  facet normal -0.8246479034423828 0.5367381572723389 -0.17851579189300537
    outer loop
      vertex -11.633820533752441 3.5439329147338867 24.546688079833984
      vertex -10.834891319274902 3.7133610248565674 21.365474700927734
      vertex -11.922603607177734 2.1810948848724365 21.78310775756836
    endloop
  endfacet
  facet normal -0.8574914336204529 0.48792997002601624 -0.16319561004638672
    outer loop
      vertex -12.624177932739258 1.9139399528503418 24.670692443847656
      vertex -11.922603607177734 2.1810948848724365 21.78310775756836
      vertex -12.812026023864746 0.81215500831604 22.363548278808594
    endloop
  endfacet
  facet normal -0.8489992022514343 0.503690779209137 -0.15967415273189545
    outer loop
      vertex -11.922603607177734 2.1810948848724365 21.78310775756836
      vertex -12.624177932739258 1.9139399528503418 24.670692443847656
      vertex -11.633820533752441 3.5439329147338867 24.546688079833984
    endloop
  endfacet
  facet normal -0.7688316702842712 0.6190813183784485 -0.16011258959770203
    outer loop
      vertex -10.834891319274902 3.7133610248565674 21.365474700927734
      vertex -11.633820533752441 3.5439329147338867 24.546688079833984
      vertex -10.446267127990723 5.012482166290283 24.522472381591797
    endloop
  endfacet
  facet normal -0.8487403392791748 0.5159683227539062 -0.11582954227924347
    outer loop
      vertex -11.633820533752441 3.5439329147338867 24.546688079833984
      vertex -12.336228370666504 3.0906240940093994 27.674291610717773
      vertex -11.334229469299316 4.751081943511963 27.728740692138672
    endloop
  endfacet
  facet normal -0.7137781977653503 0.6858752369880676 -0.14175987243652344
    outer loop
      vertex -10.446267127990723 5.012482166290283 24.522472381591797
      vertex -11.334229469299316 4.751081943511963 27.728740692138672
      vertex -10.019135475158691 6.168321132659912 27.964096069335938
    endloop
  endfacet
  facet normal -0.7685598134994507 0.618823766708374 -0.16239798069000244
    outer loop
      vertex -11.334229469299316 4.751081943511963 27.728740692138672
      vertex -10.446267127990723 5.012482166290283 24.522472381591797
      vertex -11.633820533752441 3.5439329147338867 24.546688079833984
    endloop
  endfacet
  facet normal -0.5719462633132935 0.802514910697937 -0.16984543204307556
    outer loop
      vertex -8.132911682128906 6.2445220947265625 21.526567459106445
      vertex -9.093252182006836 6.235789775848389 24.719207763671875
      vertex -7.7913408279418945 7.2462382316589355 25.109424591064453
    endloop
  endfacet
  facet normal -0.6386776566505432 0.7512185573577881 -0.16661813855171204
    outer loop
      vertex -9.093252182006836 6.235789775848389 24.719207763671875
      vertex -10.019135475158691 6.168321132659912 27.964096069335938
      vertex -8.660253524780273 7.4071431159973145 28.34063720703125
    endloop
  endfacet
  facet normal -0.5072221159934998 0.8431516289710999 -0.1783847212791443
    outer loop
      vertex -7.7913408279418945 7.2462382316589355 25.109424591064453
      vertex -8.660253524780273 7.4071431159973145 28.34063720703125
      vertex -7.274575233459473 8.345650672912598 28.836517333984375
    endloop
  endfacet
  facet normal -0.565180242061615 0.8023286461830139 -0.19193750619888306
    outer loop
      vertex -8.660253524780273 7.4071431159973145 28.34063720703125
      vertex -7.7913408279418945 7.2462382316589355 25.109424591064453
      vertex -9.093252182006836 6.235789775848389 24.719207763671875
    endloop
  endfacet
  facet normal -0.733860194683075 0.6685532331466675 -0.12035739421844482
    outer loop
      vertex -10.019135475158691 6.168321132659912 27.964096069335938
      vertex -10.795414924621582 5.90778112411499 31.250106811523438
      vertex -9.484541893005371 7.412758827209473 31.617015838623047
    endloop
  endfacet
  facet normal -0.8525879383087158 0.5225808620452881 -0.0018026717007160187
    outer loop
      vertex -10.795414924621582 5.90778112411499 31.250106811523438
      vertex -11.124853134155273 5.381951808929443 34.62657928466797
      vertex -10.07767105102539 7.091455936431885 34.92582702636719
    endloop
  endfacet
  facet normal -0.7651774287223816 0.6394277215003967 -0.07507199794054031
    outer loop
      vertex -9.484541893005371 7.412758827209473 31.617015838623047
      vertex -10.07767105102539 7.091455936431885 34.92582702636719
      vertex -8.826006889343262 8.634465217590332 35.310760498046875
    endloop
  endfacet
  facet normal -0.7439054846763611 0.6647338271141052 -0.06880149245262146
    outer loop
      vertex -10.07767105102539 7.091455936431885 34.92582702636719
      vertex -9.484541893005371 7.412758827209473 31.617015838623047
      vertex -10.795414924621582 5.90778112411499 31.250106811523438
    endloop
  endfacet
  facet normal -0.46796128153800964 0.8595526814460754 -0.20538122951984406
    outer loop
      vertex -7.274575233459473 8.345650672912598 28.836517333984375
      vertex -8.106006622314453 8.66472053527832 32.06629180908203
      vertex -6.746981143951416 9.508692741394043 32.50190734863281
    endloop
  endfacet
  facet normal -0.6486557722091675 0.748656153678894 -0.13696588575839996
    outer loop
      vertex -8.106006622314453 8.66472053527832 32.06629180908203
      vertex -8.826006889343262 8.634465217590332 35.310760498046875
      vertex -7.509984016418457 9.844339370727539 35.6913948059082
    endloop
  endfacet
  facet normal -0.4383109509944916 0.8769376873970032 -0.1971394121646881
    outer loop
      vertex -6.746981143951416 9.508692741394043 32.50190734863281
      vertex -7.509984016418457 9.844339370727539 35.6913948059082
      vertex -6.256278038024902 10.540733337402344 36.001739501953125
    endloop
  endfacet
  facet normal -0.4689178168773651 0.8596807718276978 -0.20264527201652527
    outer loop
      vertex -7.509984016418457 9.844339370727539 35.6913948059082
      vertex -6.746981143951416 9.508692741394043 32.50190734863281
      vertex -8.106006622314453 8.66472053527832 32.06629180908203
    endloop
  endfacet
  facet normal -0.6415860056877136 0.7550172805786133 -0.13533765077590942
    outer loop
      vertex -8.826006889343262 8.634465217590332 35.310760498046875
      vertex -8.106006622314453 8.66472053527832 32.06629180908203
      vertex -9.484541893005371 7.412758827209473 31.617015838623047
    endloop
  endfacet
  facet normal -0.49535071849823 0.8427356481552124 -0.21077066659927368
    outer loop
      vertex -8.106006622314453 8.66472053527832 32.06629180908203
      vertex -7.274575233459473 8.345650672912598 28.836517333984375
      vertex -8.660253524780273 7.4071431159973145 28.34063720703125
    endloop
  endfacet
  facet normal -0.6398464441299438 0.7511771321296692 -0.162263423204422
    outer loop
      vertex -9.484541893005371 7.412758827209473 31.617015838623047
      vertex -8.660253524780273 7.4071431159973145 28.34063720703125
      vertex -10.019135475158691 6.168321132659912 27.964096069335938
    endloop
  endfacet
  facet normal -0.6343015432357788 0.7561614513397217 -0.16087692975997925
    outer loop
      vertex -8.660253524780273 7.4071431159973145 28.34063720703125
      vertex -9.484541893005371 7.412758827209473 31.617015838623047
      vertex -8.106006622314453 8.66472053527832 32.06629180908203
    endloop
  endfacet
  facet normal 0.08359136432409286 -0.0715123638510704 0.9939308762550354
    outer loop
      vertex 0.498306006193161 1.1830040216445923 47.6861457824707
      vertex -0.7343400120735168 3.3358120918273926 47.944705963134766
      vertex -0.8988699913024902 3.073559045791626 47.939674377441406
    endloop
  endfacet
  facet normal 0.06679420173168182 -0.06101208180189133 0.9958996176719666
    outer loop
      vertex -0.8988699913024902 3.073559045791626 47.939674377441406
      vertex -0.7343400120735168 3.3358120918273926 47.944705963134766
      vertex -1.3547040224075317 4.38438606262207 48.05055236816406
    endloop
  endfacet
  facet normal -0.015878384932875633 -0.08975581079721451 0.9958372116088867
    outer loop
      vertex -1.3547040224075317 4.38438606262207 48.05055236816406
      vertex -1.566575050354004 3.9518179893493652 48.00818634033203
      vertex -0.8988699913024902 3.073559045791626 47.939674377441406
    endloop
  endfacet
  facet normal 0.049394816160202026 -0.1212906688451767 0.9913872480392456
    outer loop
      vertex -1.566575050354004 3.9518179893493652 48.00818634033203
      vertex -1.3547040224075317 4.38438606262207 48.05055236816406
      vertex -1.9714210033416748 5.451834201812744 48.211875915527344
    endloop
  endfacet
  facet normal -0.018203360959887505 -0.1393568366765976 0.9900749921798706
    outer loop
      vertex -1.9714210033416748 5.451834201812744 48.211875915527344
      vertex -2.2261369228363037 4.846747875213623 48.12202453613281
      vertex -1.566575050354004 3.9518179893493652 48.00818634033203
    endloop
  endfacet
  facet normal 0.024993859231472015 -0.15712344646453857 0.9872626662254333
    outer loop
      vertex -2.2261369228363037 4.846747875213623 48.12202453613281
      vertex -1.9714210033416748 5.451834201812744 48.211875915527344
      vertex -2.562274932861328 6.4714508056640625 48.38910675048828
    endloop
  endfacet
  facet normal -0.04005282372236252 -0.17014415562152863 0.9846048355102539
    outer loop
      vertex -2.562274932861328 6.4714508056640625 48.38910675048828
      vertex -2.8583950996398926 5.7037577629089355 48.24440002441406
      vertex -2.2261369228363037 4.846747875213623 48.12202453613281
    endloop
  endfacet
  facet normal -0.0014618209097534418 -0.18468880653381348 0.9827959537506104
    outer loop
      vertex -2.8583950996398926 5.7037577629089355 48.24440002441406
      vertex -2.562274932861328 6.4714508056640625 48.38910675048828
      vertex -3.23806095123291 7.438746929168701 48.56987762451172
    endloop
  endfacet
  facet normal -0.06348079442977905 -0.19741007685661316 0.9782634973526001
    outer loop
      vertex -3.23806095123291 7.438746929168701 48.56987762451172
      vertex -3.5872058868408203 6.521677017211914 48.362159729003906
      vertex -2.8583950996398926 5.7037577629089355 48.24440002441406
    endloop
  endfacet
  facet normal 0.08878962695598602 -0.06850723177194595 0.9936917424201965
    outer loop
      vertex 0.498306006193161 1.1830040216445923 47.6861457824707
      vertex -0.5412300229072571 3.5684990882873535 47.9434928894043
      vertex -0.7343400120735168 3.3358120918273926 47.944705963134766
    endloop
  endfacet
  facet normal 0.09582114964723587 -0.07434839010238647 0.9926180243492126
    outer loop
      vertex -0.7343400120735168 3.3358120918273926 47.944705963134766
      vertex -0.5412300229072571 3.5684990882873535 47.9434928894043
      vertex -1.0941590070724487 4.775262832641602 48.087257385253906
    endloop
  endfacet
  facet normal 0.005567876622080803 -0.09716984629631042 0.9952523112297058
    outer loop
      vertex -1.0941590070724487 4.775262832641602 48.087257385253906
      vertex -1.3547040224075317 4.38438606262207 48.05055236816406
      vertex -0.7343400120735168 3.3358120918273926 47.944705963134766
    endloop
  endfacet
  facet normal 0.06549806147813797 -0.13648083806037903 0.9884750843048096
    outer loop
      vertex -1.3547040224075317 4.38438606262207 48.05055236816406
      vertex -1.0941590070724487 4.775262832641602 48.087257385253906
      vertex -1.6487610340118408 5.997220993041992 48.292724609375
    endloop
  endfacet
  facet normal 0.002443409990519285 -0.14805243909358978 0.9889764785766602
    outer loop
      vertex -1.6487610340118408 5.997220993041992 48.292724609375
      vertex -1.9714210033416748 5.451834201812744 48.211875915527344
      vertex -1.3547040224075317 4.38438606262207 48.05055236816406
    endloop
  endfacet
  facet normal 0.04270315170288086 -0.1711796075105667 0.98431396484375
    outer loop
      vertex -1.9714210033416748 5.451834201812744 48.211875915527344
      vertex -1.6487610340118408 5.997220993041992 48.292724609375
      vertex -2.1807971000671387 7.15937614440918 48.517913818359375
    endloop
  endfacet
  facet normal -0.01164365466684103 -0.17778727412223816 0.984000027179718
    outer loop
      vertex -2.1807971000671387 7.15937614440918 48.517913818359375
      vertex -2.562274932861328 6.4714508056640625 48.38910675048828
      vertex -1.9714210033416748 5.451834201812744 48.211875915527344
    endloop
  endfacet
  facet normal 0.023686805739998817 -0.19666483998298645 0.9801846742630005
    outer loop
      vertex -2.562274932861328 6.4714508056640625 48.38910675048828
      vertex -2.1807971000671387 7.15937614440918 48.517913818359375
      vertex -2.780349016189575 8.243852615356445 48.74999237060547
    endloop
  endfacet
  facet normal -0.02845165878534317 -0.20279932022094727 0.9788068532943726
    outer loop
      vertex -2.780349016189575 8.243852615356445 48.74999237060547
      vertex -3.23806095123291 7.438746929168701 48.56987762451172
      vertex -2.562274932861328 6.4714508056640625 48.38910675048828
    endloop
  endfacet
  facet normal 0.09414353221654892 -0.06613829731941223 0.993359386920929
    outer loop
      vertex 0.498306006193161 1.1830040216445923 47.6861457824707
      vertex -0.3146109879016876 3.760673999786377 47.934810638427734
      vertex -0.5412300229072571 3.5684990882873535 47.9434928894043
    endloop
  endfacet
  facet normal 0.11565100401639938 -0.0916953757405281 0.9890484809875488
    outer loop
      vertex -0.5412300229072571 3.5684990882873535 47.9434928894043
      vertex -0.3146109879016876 3.760673999786377 47.934810638427734
      vertex -0.774075984954834 5.104307174682617 48.11310577392578
    endloop
  endfacet
  facet normal 0.028186477720737457 -0.10550495237112045 0.9940192103385925
    outer loop
      vertex -0.774075984954834 5.104307174682617 48.11310577392578
      vertex -1.0941590070724487 4.775262832641602 48.087257385253906
      vertex -0.5412300229072571 3.5684990882873535 47.9434928894043
    endloop
  endfacet
  facet normal 0.07418981194496155 -0.14962197840213776 0.9859558939933777
    outer loop
      vertex -1.0941590070724487 4.775262832641602 48.087257385253906
      vertex -0.774075984954834 5.104307174682617 48.11310577392578
      vertex -1.2430520057678223 6.451934814453125 48.352901458740234
    endloop
  endfacet
  facet normal 0.026272574439644814 -0.15415312349796295 0.9876976609230042
    outer loop
      vertex -1.2430520057678223 6.451934814453125 48.352901458740234
      vertex -1.6487610340118408 5.997220993041992 48.292724609375
      vertex -1.0941590070724487 4.775262832641602 48.087257385253906
    endloop
  endfacet
  facet normal 0.055562395602464676 -0.17955581843852997 0.9821774959564209
    outer loop
      vertex -1.6487610340118408 5.997220993041992 48.292724609375
      vertex -1.2430520057678223 6.451934814453125 48.352901458740234
      vertex -1.6943440437316895 7.7211737632751465 48.61046600341797
    endloop
  endfacet
  facet normal 0.021561885252594948 -0.1806633025407791 0.9833086729049683
    outer loop
      vertex -1.6943440437316895 7.7211737632751465 48.61046600341797
      vertex -2.1807971000671387 7.15937614440918 48.517913818359375
      vertex -1.6487610340118408 5.997220993041992 48.292724609375
    endloop
  endfacet
  facet normal 0.049602266401052475 -0.20402060449123383 0.977709174156189
    outer loop
      vertex -2.1807971000671387 7.15937614440918 48.517913818359375
      vertex -1.6943440437316895 7.7211737632751465 48.61046600341797
      vertex -2.1945250034332275 8.895074844360352 48.880802154541016
    endloop
  endfacet
  facet normal 0.008850143291056156 -0.20457331836223602 0.9788112044334412
    outer loop
      vertex -2.1945250034332275 8.895074844360352 48.880802154541016
      vertex -2.780349016189575 8.243852615356445 48.74999237060547
      vertex -2.1807971000671387 7.15937614440918 48.517913818359375
    endloop
  endfacet
  facet normal 0.10140042752027512 -0.0637955442070961 0.9927980899810791
    outer loop
      vertex 0.498306006193161 1.1830040216445923 47.6861457824707
      vertex -0.04841899871826172 3.9000699520111084 47.91658020019531
      vertex -0.3146109879016876 3.760673999786377 47.934810638427734
    endloop
  endfacet
  facet normal 0.12509283423423767 -0.10992304235696793 0.9860368371009827
    outer loop
      vertex -0.3146109879016876 3.760673999786377 47.934810638427734
      vertex -0.04841899871826172 3.9000699520111084 47.91658020019531
      vertex -0.38294100761413574 5.3469390869140625 48.12031555175781
    endloop
  endfacet
  facet normal 0.052287884056568146 -0.11377175152301788 0.9921300411224365
    outer loop
      vertex -0.38294100761413574 5.3469390869140625 48.12031555175781
      vertex -0.774075984954834 5.104307174682617 48.11310577392578
      vertex -0.3146109879016876 3.760673999786377 47.934810638427734
    endloop
  endfacet
  facet normal 0.07933872938156128 -0.15714889764785767 0.9843829274177551
    outer loop
      vertex -0.774075984954834 5.104307174682617 48.11310577392578
      vertex -0.38294100761413574 5.3469390869140625 48.12031555175781
      vertex -0.7316460013389587 6.777133941650391 48.376739501953125
    endloop
  endfacet
  facet normal 0.05372772738337517 -0.15678107738494873 0.9861708879470825
    outer loop
      vertex -0.7316460013389587 6.777133941650391 48.376739501953125
      vertex -1.2430520057678223 6.451934814453125 48.352901458740234
      vertex -0.774075984954834 5.104307174682617 48.11310577392578
    endloop
  endfacet
  facet normal 0.0687890574336052 -0.18010491132736206 0.9812391400337219
    outer loop
      vertex -1.2430520057678223 6.451934814453125 48.352901458740234
      vertex -0.7316460013389587 6.777133941650391 48.376739501953125
      vertex -1.073786973953247 8.102497100830078 48.64399337768555
    endloop
  endfacet
  facet normal 0.05696398764848709 -0.17905955016613007 0.9821877479553223
    outer loop
      vertex -1.073786973953247 8.102497100830078 48.64399337768555
      vertex -1.6943440437316895 7.7211737632751465 48.61046600341797
      vertex -1.2430520057678223 6.451934814453125 48.352901458740234
    endloop
  endfacet
  facet normal 0.07499996572732925 -0.20780450105667114 0.9752909541130066
    outer loop
      vertex -1.6943440437316895 7.7211737632751465 48.61046600341797
      vertex -1.073786973953247 8.102497100830078 48.64399337768555
      vertex -1.4488780498504639 9.325338363647461 48.933387756347656
    endloop
  endfacet
  facet normal 0.048937324434518814 -0.20429830253124237 0.9776846766471863
    outer loop
      vertex -1.4488780498504639 9.325338363647461 48.933387756347656
      vertex -2.1945250034332275 8.895074844360352 48.880802154541016
      vertex -1.6943440437316895 7.7211737632751465 48.61046600341797
    endloop
  endfacet
  facet normal 0.10982543975114822 -0.062033720314502716 0.9920132756233215
    outer loop
      vertex 0.498306006193161 1.1830040216445923 47.6861457824707
      vertex 0.25870299339294434 3.976033926010132 47.8873291015625
      vertex -0.04841899871826172 3.9000699520111084 47.91658020019531
    endloop
  endfacet
  facet normal 0.12446941435337067 -0.12416147440671921 0.9844244122505188
    outer loop
      vertex -0.04841899871826172 3.9000699520111084 47.91658020019531
      vertex 0.25870299339294434 3.976033926010132 47.8873291015625
      vertex 0.07636100053787231 5.4859089851379395 48.1008186340332
    endloop
  endfacet
  facet normal 0.07865934818983078 -0.12114813178777695 0.9895129203796387
    outer loop
      vertex 0.07636100053787231 5.4859089851379395 48.1008186340332
      vertex -0.38294100761413574 5.3469390869140625 48.12031555175781
      vertex -0.04841899871826172 3.9000699520111084 47.91658020019531
    endloop
  endfacet
  facet normal 0.08923826366662979 -0.1569460779428482 0.9835672378540039
    outer loop
      vertex -0.38294100761413574 5.3469390869140625 48.12031555175781
      vertex 0.07636100053787231 5.4859089851379395 48.1008186340332
      vertex -0.11362999677658081 6.937557220458984 48.349693298339844
    endloop
  endfacet
  facet normal 0.08358662575483322 -0.15608063340187073 0.9842012524604797
    outer loop
      vertex -0.11362999677658081 6.937557220458984 48.349693298339844
      vertex -0.7316460013389587 6.777133941650391 48.376739501953125
      vertex -0.38294100761413574 5.3469390869140625 48.12031555175781
    endloop
  endfacet
  facet normal 0.08766458183526993 -0.1723075956106186 0.9811345338821411
    outer loop
      vertex -0.7316460013389587 6.777133941650391 48.376739501953125
      vertex -0.11362999677658081 6.937557220458984 48.349693298339844
      vertex -0.3024730086326599 8.254749298095703 48.59789276123047
    endloop
  endfacet
  facet normal 0.09288808703422546 -0.17371563613414764 0.9804053902626038
    outer loop
      vertex -0.3024730086326599 8.254749298095703 48.59789276123047
      vertex -1.073786973953247 8.102497100830078 48.64399337768555
      vertex -0.7316460013389587 6.777133941650391 48.376739501953125
    endloop
  endfacet
  facet normal 0.09871666878461838 -0.20526935160160065 0.9737143516540527
    outer loop
      vertex -1.073786973953247 8.102497100830078 48.64399337768555
      vertex -0.3024730086326599 8.254749298095703 48.59789276123047
      vertex -0.5187240242958069 9.441078186035156 48.86990737915039
    endloop
  endfacet
  facet normal 0.09174630790948868 -0.20258866250514984 0.9749566316604614
    outer loop
      vertex -0.5187240242958069 9.441078186035156 48.86990737915039
      vertex -1.4488780498504639 9.325338363647461 48.933387756347656
      vertex -1.073786973953247 8.102497100830078 48.64399337768555
    endloop
  endfacet
  facet normal 0.10724610090255737 -0.062274228781461716 0.9922803640365601
    outer loop
      vertex 0.498306006193161 1.1830040216445923 47.6861457824707
      vertex 0.5876489877700806 3.9929869174957275 47.852840423583984
      vertex 0.25870299339294434 3.976033926010132 47.8873291015625
    endloop
  endfacet
  facet normal 0.11008598655462265 -0.1319301575422287 0.9851271510124207
    outer loop
      vertex 0.25870299339294434 3.976033926010132 47.8873291015625
      vertex 0.5876489877700806 3.9929869174957275 47.852840423583984
      vertex 0.5944089889526367 5.547214984893799 48.06023025512695
    endloop
  endfacet
  facet normal 0.09255960583686829 -0.12843430042266846 0.9873892068862915
    outer loop
      vertex 0.5944089889526367 5.547214984893799 48.06023025512695
      vertex 0.07636100053787231 5.4859089851379395 48.1008186340332
      vertex 0.25870299339294434 3.976033926010132 47.8873291015625
    endloop
  endfacet
  facet normal 0.09434021264314651 -0.1451251059770584 0.9849054217338562
    outer loop
      vertex 0.07636100053787231 5.4859089851379395 48.1008186340332
      vertex 0.5944089889526367 5.547214984893799 48.06023025512695
      vertex 0.5876340270042419 6.969336032867432 48.27042770385742
    endloop
  endfacet
  facet normal 0.11783259361982346 -0.1527990847826004 0.9812074303627014
    outer loop
      vertex 0.5876340270042419 6.969336032867432 48.27042770385742
      vertex -0.11362999677658081 6.937557220458984 48.349693298339844
      vertex 0.07636100053787231 5.4859089851379395 48.1008186340332
    endloop
  endfacet
  facet normal 0.11792848259210587 -0.1563320755958557 0.9806391596794128
    outer loop
      vertex -0.11362999677658081 6.937557220458984 48.349693298339844
      vertex 0.5876340270042419 6.969336032867432 48.27042770385742
      vertex 0.6143289804458618 8.146766662597656 48.45492172241211
    endloop
  endfacet
  facet normal 0.13295745849609375 -0.165087029337883 0.977276086807251
    outer loop
      vertex 0.6143289804458618 8.146766662597656 48.45492172241211
      vertex -0.3024730086326599 8.254749298095703 48.59789276123047
      vertex -0.11362999677658081 6.937557220458984 48.349693298339844
    endloop
  endfacet
  facet normal 0.12868396937847137 -0.19485324621200562 0.9723541736602783
    outer loop
      vertex -0.3024730086326599 8.254749298095703 48.59789276123047
      vertex 0.6143289804458618 8.146766662597656 48.45492172241211
      vertex 0.5947070121765137 9.224935531616211 48.67357635498047
    endloop
  endfacet
  facet normal 0.13270290195941925 -0.19847047328948975 0.971081554889679
    outer loop
      vertex 0.5947070121765137 9.224935531616211 48.67357635498047
      vertex -0.5187240242958069 9.441078186035156 48.86990737915039
      vertex -0.3024730086326599 8.254749298095703 48.59789276123047
    endloop
  endfacet
  facet normal 0.0902140885591507 -0.06183476746082306 0.994001030921936
    outer loop
      vertex 0.498306006193161 1.1830040216445923 47.6861457824707
      vertex 0.9252610206604004 3.949841022491455 47.819515228271484
      vertex 0.5876489877700806 3.9929869174957275 47.852840423583984
    endloop
  endfacet
  facet normal 0.08326933532953262 -0.11315017938613892 0.9900825023651123
    outer loop
      vertex 0.5876489877700806 3.9929869174957275 47.852840423583984
      vertex 0.9252610206604004 3.949841022491455 47.819515228271484
      vertex 1.19028902053833 5.431816101074219 47.966590881347656
    endloop
  endfacet
  facet normal 0.12894494831562042 -0.1317104548215866 0.9828659892082214
    outer loop
      vertex 1.19028902053833 5.431816101074219 47.966590881347656
      vertex 0.5944089889526367 5.547214984893799 48.06023025512695
      vertex 0.5876489877700806 3.9929869174957275 47.852840423583984
    endloop
  endfacet
  facet normal 0.13092811405658722 -0.12224889546632767 0.9838258028030396
    outer loop
      vertex 0.5944089889526367 5.547214984893799 48.06023025512695
      vertex 1.19028902053833 5.431816101074219 47.966590881347656
      vertex 1.4494049549102783 6.702032089233398 48.089942932128906
    endloop
  endfacet
  facet normal 0.15999984741210938 -0.1435873806476593 0.9766180515289307
    outer loop
      vertex 1.4494049549102783 6.702032089233398 48.089942932128906
      vertex 0.5876340270042419 6.969336032867432 48.27042770385742
      vertex 0.5944089889526367 5.547214984893799 48.06023025512695
    endloop
  endfacet
  facet normal 0.16233792901039124 -0.13647723197937012 0.9772514700889587
    outer loop
      vertex 0.5876340270042419 6.969336032867432 48.27042770385742
      vertex 1.4494049549102783 6.702032089233398 48.089942932128906
      vertex 1.6677199602127075 7.796389102935791 48.20650863647461
    endloop
  endfacet
  facet normal 0.17716771364212036 -0.15627358853816986 0.9716944694519043
    outer loop
      vertex 1.6677199602127075 7.796389102935791 48.20650863647461
      vertex 0.6143289804458618 8.146766662597656 48.45492172241211
      vertex 0.5876340270042419 6.969336032867432 48.27042770385742
    endloop
  endfacet
  facet normal 0.16959445178508759 -0.17742356657981873 0.9694114923477173
    outer loop
      vertex 0.6143289804458618 8.146766662597656 48.45492172241211
      vertex 1.6677199602127075 7.796389102935791 48.20650863647461
      vertex 1.8566750288009644 8.72795295715332 48.34394836425781
    endloop
  endfacet
  facet normal 0.17630933225154877 -0.19255927205085754 0.9653165936470032
    outer loop
      vertex 1.8566750288009644 8.72795295715332 48.34394836425781
      vertex 0.5947070121765137 9.224935531616211 48.67357635498047
      vertex 0.6143289804458618 8.146766662597656 48.45492172241211
    endloop
  endfacet
  facet normal 0.1581362783908844 -0.07187233865261078 0.9847980737686157
    outer loop
      vertex 0.498306006193161 1.1830040216445923 47.6861457824707
      vertex 1.3391950130462646 3.792212963104248 47.74154281616211
      vertex 0.9252610206604004 3.949841022491455 47.819515228271484
    endloop
  endfacet
  facet normal 0.14396487176418304 -0.10850221663713455 0.9836164712905884
    outer loop
      vertex 0.9252610206604004 3.949841022491455 47.819515228271484
      vertex 1.3391950130462646 3.792212963104248 47.74154281616211
      vertex 1.865751028060913 5.138272762298584 47.812957763671875
    endloop
  endfacet
  facet normal 0.16721642017364502 -0.12693537771701813 0.9777147173881531
    outer loop
      vertex 1.865751028060913 5.138272762298584 47.812957763671875
      vertex 1.19028902053833 5.431816101074219 47.966590881347656
      vertex 0.9252610206604004 3.949841022491455 47.819515228271484
    endloop
  endfacet
  facet normal 0.17767158150672913 -0.10336495190858841 0.9786463379859924
    outer loop
      vertex 1.19028902053833 5.431816101074219 47.966590881347656
      vertex 1.865751028060913 5.138272762298584 47.812957763671875
      vertex 2.390484094619751 6.227996826171875 47.83279037475586
    endloop
  endfacet
  facet normal 0.19753582775592804 -0.13459208607673645 0.9710121750831604
    outer loop
      vertex 2.390484094619751 6.227996826171875 47.83279037475586
      vertex 1.4494049549102783 6.702032089233398 48.089942932128906
      vertex 1.19028902053833 5.431816101074219 47.966590881347656
    endloop
  endfacet
  facet normal 0.20072858035564423 -0.12835654616355896 0.9712017178535461
    outer loop
      vertex 1.4494049549102783 6.702032089233398 48.089942932128906
      vertex 2.390484094619751 6.227996826171875 47.83279037475586
      vertex 2.8629579544067383 7.122732162475586 47.853389739990234
    endloop
  endfacet
  facet normal 0.20486940443515778 -0.1439913809299469 0.9681400060653687
    outer loop
      vertex 2.8629579544067383 7.122732162475586 47.853389739990234
      vertex 1.6677199602127075 7.796389102935791 48.20650863647461
      vertex 1.4494049549102783 6.702032089233398 48.089942932128906
    endloop
  endfacet
  facet normal 0.18993914127349854 -0.16987742483615875 0.9669875502586365
    outer loop
      vertex 1.6677199602127075 7.796389102935791 48.20650863647461
      vertex 2.8629579544067383 7.122732162475586 47.853389739990234
      vertex 3.278681993484497 7.868598937988281 47.90276336669922
    endloop
  endfacet
  facet normal 0.1900518387556076 -0.1809164434671402 0.9649609923362732
    outer loop
      vertex 3.278681993484497 7.868598937988281 47.90276336669922
      vertex 1.8566750288009644 8.72795295715332 48.34394836425781
      vertex 1.6677199602127075 7.796389102935791 48.20650863647461
    endloop
  endfacet
  facet normal 0.17604658007621765 -0.0775705948472023 0.9813207387924194
    outer loop
      vertex 0.498306006193161 1.1830040216445923 47.6861457824707
      vertex 1.784701943397522 3.5377120971679688 47.641502380371094
      vertex 1.3391950130462646 3.792212963104248 47.74154281616211
    endloop
  endfacet
  facet normal 0.16232438385486603 -0.10165685415267944 0.9814870357513428
    outer loop
      vertex 1.3391950130462646 3.792212963104248 47.74154281616211
      vertex 1.784701943397522 3.5377120971679688 47.641502380371094
      vertex 2.595026969909668 4.684895992279053 47.626304626464844
    endloop
  endfacet
  facet normal 0.1752443164587021 -0.12039441615343094 0.9771360158920288
    outer loop
      vertex 2.595026969909668 4.684895992279053 47.626304626464844
      vertex 1.865751028060913 5.138272762298584 47.812957763671875
      vertex 1.3391950130462646 3.792212963104248 47.74154281616211
    endloop
  endfacet
  facet normal 0.19820883870124817 -0.0832420140504837 0.9766187071800232
    outer loop
      vertex 1.865751028060913 5.138272762298584 47.812957763671875
      vertex 2.595026969909668 4.684895992279053 47.626304626464844
      vertex 3.3880341053009033 5.560419082641602 47.53998565673828
    endloop
  endfacet
  facet normal 0.20668400824069977 -0.11720268428325653 0.9713625311851501
    outer loop
      vertex 3.3880341053009033 5.560419082641602 47.53998565673828
      vertex 2.390484094619751 6.227996826171875 47.83279037475586
      vertex 1.865751028060913 5.138272762298584 47.812957763671875
    endloop
  endfacet
  facet normal 0.22065477073192596 -0.09599903970956802 0.9706161022186279
    outer loop
      vertex 2.390484094619751 6.227996826171875 47.83279037475586
      vertex 3.3880341053009033 5.560419082641602 47.53998565673828
      vertex 4.1107659339904785 6.239884853363037 47.44288635253906
    endloop
  endfacet
  facet normal 0.21982914209365845 -0.13831573724746704 0.9656832218170166
    outer loop
      vertex 4.1107659339904785 6.239884853363037 47.44288635253906
      vertex 2.8629579544067383 7.122732162475586 47.853389739990234
      vertex 2.390484094619751 6.227996826171875 47.83279037475586
    endloop
  endfacet
  facet normal 0.16907066106796265 -0.20890717208385468 0.9632097482681274
    outer loop
      vertex 2.8629579544067383 7.122732162475586 47.853389739990234
      vertex 4.1107659339904785 6.239884853363037 47.44288635253906
      vertex 4.771864891052246 6.750418186187744 47.43757247924805
    endloop
  endfacet
  facet normal 0.17928338050842285 -0.16413819789886475 0.970008373260498
    outer loop
      vertex 4.771864891052246 6.750418186187744 47.43757247924805
      vertex 3.278681993484497 7.868598937988281 47.90276336669922
      vertex 2.8629579544067383 7.122732162475586 47.853389739990234
    endloop
  endfacet
  facet normal 0.1569616049528122 -0.06706840544939041 0.9853247404098511
    outer loop
      vertex 0.498306006193161 1.1830040216445923 47.6861457824707
      vertex 2.2383580207824707 3.1936299800872803 47.545814514160156
      vertex 1.784701943397522 3.5377120971679688 47.641502380371094
    endloop
  endfacet
  facet normal 0.15625852346420288 -0.06800854206085205 0.9853721261024475
    outer loop
      vertex 1.784701943397522 3.5377120971679688 47.641502380371094
      vertex 2.2383580207824707 3.1936299800872803 47.545814514160156
      vertex 3.3308660984039307 4.099515914916992 47.435089111328125
    endloop
  endfacet
  facet normal 0.16960559785366058 -0.10682363063097 0.9797053933143616
    outer loop
      vertex 3.3308660984039307 4.099515914916992 47.435089111328125
      vertex 2.595026969909668 4.684895992279053 47.626304626464844
      vertex 1.784701943397522 3.5377120971679688 47.641502380371094
    endloop
  endfacet
  facet normal 0.18827153742313385 -0.0830000787973404 0.9786035418510437
    outer loop
      vertex 2.595026969909668 4.684895992279053 47.626304626464844
      vertex 3.3308660984039307 4.099515914916992 47.435089111328125
      vertex 4.400544166564941 4.731325149536133 47.28288269042969
    endloop
  endfacet
  facet normal 0.18817947804927826 -0.07388848811388016 0.979351282119751
    outer loop
      vertex 4.400544166564941 4.731325149536133 47.28288269042969
      vertex 3.3880341053009033 5.560419082641602 47.53998565673828
      vertex 2.595026969909668 4.684895992279053 47.626304626464844
    endloop
  endfacet
  facet normal 0.2255217432975769 -0.02658705599606037 0.9738752841949463
    outer loop
      vertex 3.3880341053009033 5.560419082641602 47.53998565673828
      vertex 4.400544166564941 4.731325149536133 47.28288269042969
      vertex 5.358376979827881 5.195695877075195 47.073753356933594
    endloop
  endfacet
  facet normal 0.2138349413871765 -0.08842435479164124 0.9728595614433289
    outer loop
      vertex 5.358376979827881 5.195695877075195 47.073753356933594
      vertex 4.1107659339904785 6.239884853363037 47.44288635253906
      vertex 3.3880341053009033 5.560419082641602 47.53998565673828
    endloop
  endfacet
  facet normal 0.21308431029319763 -0.08934954553842545 0.9729397296905518
    outer loop
      vertex 4.1107659339904785 6.239884853363037 47.44288635253906
      vertex 5.358376979827881 5.195695877075195 47.073753356933594
      vertex 6.1863179206848145 5.506657123565674 46.920982360839844
    endloop
  endfacet
  facet normal 0.1686456799507141 -0.20835478603839874 0.9634038805961609
    outer loop
      vertex 6.1863179206848145 5.506657123565674 46.920982360839844
      vertex 4.771864891052246 6.750418186187744 47.43757247924805
      vertex 4.1107659339904785 6.239884853363037 47.44288635253906
    endloop
  endfacet
  facet normal 0.1500428467988968 -0.06097793951630592 0.9867972731590271
    outer loop
      vertex 0.498306006193161 1.1830040216445923 47.6861457824707
      vertex 2.6702980995178223 2.7796339988708496 47.45455551147461
      vertex 2.2383580207824707 3.1936299800872803 47.545814514160156
    endloop
  endfacet
  facet normal 0.14330486953258514 -0.06812560558319092 0.9873310327529907
    outer loop
      vertex 2.2383580207824707 3.1936299800872803 47.545814514160156
      vertex 2.6702980995178223 2.7796339988708496 47.45455551147461
      vertex 4.029346942901611 3.408277988433838 47.30067443847656
    endloop
  endfacet
  facet normal 0.14126649498939514 -0.049517255276441574 0.9887325167655945
    outer loop
      vertex 4.029346942901611 3.408277988433838 47.30067443847656
      vertex 3.3308660984039307 4.099515914916992 47.435089111328125
      vertex 2.2383580207824707 3.1936299800872803 47.545814514160156
    endloop
  endfacet
  facet normal 0.20673419535160065 0.018680859357118607 0.9782187938690186
    outer loop
      vertex 3.3308660984039307 4.099515914916992 47.435089111328125
      vertex 4.029346942901611 3.408277988433838 47.30067443847656
      vertex 5.329586982727051 3.823296070098877 47.01795959472656
    endloop
  endfacet
  facet normal 0.19167672097682953 -0.08905276656150818 0.9774096608161926
    outer loop
      vertex 5.329586982727051 3.823296070098877 47.01795959472656
      vertex 4.400544166564941 4.731325149536133 47.28288269042969
      vertex 3.3308660984039307 4.099515914916992 47.435089111328125
    endloop
  endfacet
  facet normal 0.2586498260498047 -0.017148109152913094 0.9658189415931702
    outer loop
      vertex 4.400544166564941 4.731325149536133 47.28288269042969
      vertex 5.329586982727051 3.823296070098877 47.01795959472656
      vertex 6.491599082946777 4.081305980682373 46.71134948730469
    endloop
  endfacet
  facet normal 0.2436683177947998 -0.06686516851186752 0.9675508737564087
    outer loop
      vertex 6.491599082946777 4.081305980682373 46.71134948730469
      vertex 5.358376979827881 5.195695877075195 47.073753356933594
      vertex 4.400544166564941 4.731325149536133 47.28288269042969
    endloop
  endfacet
  facet normal 0.2627311646938324 -0.04624743014574051 0.9637601375579834
    outer loop
      vertex 5.358376979827881 5.195695877075195 47.073753356933594
      vertex 6.491599082946777 4.081305980682373 46.71134948730469
      vertex 7.448472023010254 4.196908950805664 46.4560432434082
    endloop
  endfacet
  facet normal 0.2254685014486313 -0.12567797303199768 0.9661102294921875
    outer loop
      vertex 7.448472023010254 4.196908950805664 46.4560432434082
      vertex 6.1863179206848145 5.506657123565674 46.920982360839844
      vertex 5.358376979827881 5.195695877075195 47.073753356933594
    endloop
  endfacet
  facet normal 0.14101289212703705 -0.04839998111128807 0.9888240098953247
    outer loop
      vertex 0.498306006193161 1.1830040216445923 47.6861457824707
      vertex 3.0568320751190186 2.3075790405273438 47.37632751464844
      vertex 2.6702980995178223 2.7796339988708496 47.45455551147461
    endloop
  endfacet
  facet normal 0.14941033720970154 -0.04137229919433594 0.9879093766212463
    outer loop
      vertex 2.6702980995178223 2.7796339988708496 47.45455551147461
      vertex 3.0568320751190186 2.3075790405273438 47.37632751464844
      vertex 4.634267807006836 2.6753621101379395 47.153160095214844
    endloop
  endfacet
  facet normal 0.14724455773830414 -0.07694335281848907 0.986102819442749
    outer loop
      vertex 4.634267807006836 2.6753621101379395 47.153160095214844
      vertex 4.029346942901611 3.408277988433838 47.30067443847656
      vertex 2.6702980995178223 2.7796339988708496 47.45455551147461
    endloop
  endfacet
  facet normal 0.2272641509771347 -0.008421361446380615 0.9737967252731323
    outer loop
      vertex 4.029346942901611 3.408277988433838 47.30067443847656
      vertex 4.634267807006836 2.6753621101379395 47.153160095214844
      vertex 6.135503768920898 2.863342046737671 46.80442810058594
    endloop
  endfacet
  facet normal 0.22170519828796387 -0.03066662885248661 0.9746313691139221
    outer loop
      vertex 6.135503768920898 2.863342046737671 46.80442810058594
      vertex 5.329586982727051 3.823296070098877 47.01795959472656
      vertex 4.029346942901611 3.408277988433838 47.30067443847656
    endloop
  endfacet
  facet normal 0.27738091349601746 0.019203418865799904 0.9605681300163269
    outer loop
      vertex 5.329586982727051 3.823296070098877 47.01795959472656
      vertex 6.135503768920898 2.863342046737671 46.80442810058594
      vertex 7.467578887939453 2.9319710731506348 46.41839599609375
    endloop
  endfacet
  facet normal 0.2602424919605255 -0.02503429912030697 0.965218722820282
    outer loop
      vertex 7.467578887939453 2.9319710731506348 46.41839599609375
      vertex 6.491599082946777 4.081305980682373 46.71134948730469
      vertex 5.329586982727051 3.823296070098877 47.01795959472656
    endloop
  endfacet
  facet normal 0.2873418629169464 -0.000138516872539185 0.9578280448913574
    outer loop
      vertex 6.491599082946777 4.081305980682373 46.71134948730469
      vertex 7.467578887939453 2.9319710731506348 46.41839599609375
      vertex 8.552068710327148 2.8740410804748535 46.093048095703125
    endloop
  endfacet
  facet normal 0.2626422941684723 -0.04536590352654457 0.9638262987136841
    outer loop
      vertex 8.552068710327148 2.8740410804748535 46.093048095703125
      vertex 7.448472023010254 4.196908950805664 46.4560432434082
      vertex 6.491599082946777 4.081305980682373 46.71134948730469
    endloop
  endfacet
  facet normal 0.09866161644458771 0.049351099878549576 0.9938966035842896
    outer loop
      vertex 0.498306006193161 1.1830040216445923 47.6861457824707
      vertex 3.4117929935455322 1.7739559412002563 47.36758804321289
      vertex 3.0568320751190186 2.3075790405273438 47.37632751464844
    endloop
  endfacet
  facet normal 0.17270009219646454 0.09882830083370209 0.9800038933753967
    outer loop
      vertex 3.0568320751190186 2.3075790405273438 47.37632751464844
      vertex 3.4117929935455322 1.7739559412002563 47.36758804321289
      vertex 5.124906063079834 1.9004119634628296 47.05294418334961
    endloop
  endfacet
  facet normal 0.1478186696767807 -0.03423458710312843 0.9884217977523804
    outer loop
      vertex 5.124906063079834 1.9004119634628296 47.05294418334961
      vertex 4.634267807006836 2.6753621101379395 47.153160095214844
      vertex 3.0568320751190186 2.3075790405273438 47.37632751464844
    endloop
  endfacet
  facet normal 0.23478423058986664 0.02297789417207241 0.9717758893966675
    outer loop
      vertex 4.634267807006836 2.6753621101379395 47.153160095214844
      vertex 5.124906063079834 1.9004119634628296 47.05294418334961
      vertex 6.78355598449707 1.8766419887542725 46.65277099609375
    endloop
  endfacet
  facet normal 0.2263927012681961 -0.0010186752770096064 0.9740355610847473
    outer loop
      vertex 6.78355598449707 1.8766419887542725 46.65277099609375
      vertex 6.135503768920898 2.863342046737671 46.80442810058594
      vertex 4.634267807006836 2.6753621101379395 47.153160095214844
    endloop
  endfacet
  facet normal 0.27525293827056885 0.03310617059469223 0.9608017206192017
    outer loop
      vertex 6.135503768920898 2.863342046737671 46.80442810058594
      vertex 6.78355598449707 1.8766419887542725 46.65277099609375
      vertex 8.264123916625977 1.7667980194091797 46.232398986816406
    endloop
  endfacet
  facet normal 0.2764703929424286 0.03570045530796051 0.9603591561317444
    outer loop
      vertex 8.264123916625977 1.7667980194091797 46.232398986816406
      vertex 7.467578887939453 2.9319710731506348 46.41839599609375
      vertex 6.135503768920898 2.863342046737671 46.80442810058594
    endloop
  endfacet
  facet normal 0.3080641031265259 0.05902700126171112 0.9495327472686768
    outer loop
      vertex 7.467578887939453 2.9319710731506348 46.41839599609375
      vertex 8.264123916625977 1.7667980194091797 46.232398986816406
      vertex 9.45677375793457 1.5763150453567505 45.8572998046875
    endloop
  endfacet
  facet normal 0.28857994079589844 0.02731938287615776 0.9570659399032593
    outer loop
      vertex 9.45677375793457 1.5763150453567505 45.8572998046875
      vertex 8.552068710327148 2.8740410804748535 46.093048095703125
      vertex 7.467578887939453 2.9319710731506348 46.41839599609375
    endloop
  endfacet
  facet normal 0.10247534513473511 0.03074488788843155 0.994260311126709
    outer loop
      vertex 0.498306006193161 1.1830040216445923 47.6861457824707
      vertex 3.641005039215088 1.239428997039795 47.36049270629883
      vertex 3.4117929935455322 1.7739559412002563 47.36758804321289
    endloop
  endfacet
  facet normal 0.18897061049938202 0.06802946329116821 0.9796234369277954
    outer loop
      vertex 3.4117929935455322 1.7739559412002563 47.36758804321289
      vertex 3.641005039215088 1.239428997039795 47.36049270629883
      vertex 5.474815845489502 1.1067700386047363 47.015960693359375
    endloop
  endfacet
  facet normal 0.17821072041988373 0.0327431745827198 0.9834474325180054
    outer loop
      vertex 5.474815845489502 1.1067700386047363 47.015960693359375
      vertex 5.124906063079834 1.9004119634628296 47.05294418334961
      vertex 3.4117929935455322 1.7739559412002563 47.36758804321289
    endloop
  endfacet
  facet normal 0.24595187604427338 0.06336638331413269 0.9672085642814636
    outer loop
      vertex 5.124906063079834 1.9004119634628296 47.05294418334961
      vertex 5.474815845489502 1.1067700386047363 47.015960693359375
      vertex 7.250669956207275 0.8783649802207947 46.579341888427734
    endloop
  endfacet
  facet normal 0.23488231003284454 0.03846414014697075 0.9712625741958618
    outer loop
      vertex 7.250669956207275 0.8783649802207947 46.579341888427734
      vertex 6.78355598449707 1.8766419887542725 46.65277099609375
      vertex 5.124906063079834 1.9004119634628296 47.05294418334961
    endloop
  endfacet
  facet normal 0.27174341678619385 0.056488361209630966 0.9607104659080505
    outer loop
      vertex 6.78355598449707 1.8766419887542725 46.65277099609375
      vertex 7.250669956207275 0.8783649802207947 46.579341888427734
      vertex 8.85342788696289 0.60800701379776 46.14188766479492
    endloop
  endfacet
  facet normal 0.27706462144851685 0.06602824479341507 0.9585800170898438
    outer loop
      vertex 8.85342788696289 0.60800701379776 46.14188766479492
      vertex 8.264123916625977 1.7667980194091797 46.232398986816406
      vertex 6.78355598449707 1.8766419887542725 46.65277099609375
    endloop
  endfacet
  facet normal 0.3145132064819336 0.08610694110393524 0.9453396201133728
    outer loop
      vertex 8.264123916625977 1.7667980194091797 46.232398986816406
      vertex 8.85342788696289 0.60800701379776 46.14188766479492
      vertex 10.133286476135254 0.2906459867954254 45.74498748779297
    endloop
  endfacet
  facet normal 0.3107585906982422 0.08078815042972565 0.9470493197441101
    outer loop
      vertex 10.133286476135254 0.2906459867954254 45.74498748779297
      vertex 9.45677375793457 1.5763150453567505 45.8572998046875
      vertex 8.264123916625977 1.7667980194091797 46.232398986816406
    endloop
  endfacet
  facet normal 0.10224568843841553 0.04143334552645683 0.993895947933197
    outer loop
      vertex 0.498306006193161 1.1830040216445923 47.6861457824707
      vertex 3.751357078552246 0.7038480043411255 47.37146759033203
      vertex 3.641005039215088 1.239428997039795 47.36049270629883
    endloop
  endfacet
  facet normal 0.1894303411245346 0.059114597737789154 0.9801130890846252
    outer loop
      vertex 3.641005039215088 1.239428997039795 47.36049270629883
      vertex 3.751357078552246 0.7038480043411255 47.37146759033203
      vertex 5.65426778793335 0.32555800676345825 47.0265007019043
    endloop
  endfacet
  facet normal 0.18829745054244995 0.05648233741521835 0.9804865717887878
    outer loop
      vertex 5.65426778793335 0.32555800676345825 47.0265007019043
      vertex 5.474815845489502 1.1067700386047363 47.015960693359375
      vertex 3.641005039215088 1.239428997039795 47.36049270629883
    endloop
  endfacet
  facet normal 0.24222680926322937 0.06869904696941376 0.9677844047546387
    outer loop
      vertex 5.474815845489502 1.1067700386047363 47.015960693359375
      vertex 5.65426778793335 0.32555800676345825 47.0265007019043
      vertex 7.526382923126221 -0.11221300065517426 46.58900451660156
    endloop
  endfacet
  facet normal 0.24750696122646332 0.07831007242202759 0.9657162427902222
    outer loop
      vertex 7.526382923126221 -0.11221300065517426 46.58900451660156
      vertex 7.250669956207275 0.8783649802207947 46.579341888427734
      vertex 5.474815845489502 1.1067700386047363 47.015960693359375
    endloop
  endfacet
  facet normal 0.27282875776290894 0.08528544008731842 0.9582749605178833
    outer loop
      vertex 7.250669956207275 0.8783649802207947 46.579341888427734
      vertex 7.526382923126221 -0.11221300065517426 46.58900451660156
      vertex 9.215177536010742 -0.5325390100479126 46.145599365234375
    endloop
  endfacet
  facet normal 0.2764441668987274 0.09079395234584808 0.9567314386367798
    outer loop
      vertex 9.215177536010742 -0.5325390100479126 46.145599365234375
      vertex 8.85342788696289 0.60800701379776 46.14188766479492
      vertex 7.250669956207275 0.8783649802207947 46.579341888427734
    endloop
  endfacet
  facet normal 0.31811848282814026 0.10396502912044525 0.9423332214355469
    outer loop
      vertex 8.85342788696289 0.60800701379776 46.14188766479492
      vertex 9.215177536010742 -0.5325390100479126 46.145599365234375
      vertex 10.541996002197266 -0.9555550217628479 45.744354248046875
    endloop
  endfacet
  facet normal 0.3179895281791687 0.1038103699684143 0.9423937797546387
    outer loop
      vertex 10.541996002197266 -0.9555550217628479 45.744354248046875
      vertex 10.133286476135254 0.2906459867954254 45.74498748779297
      vertex 8.85342788696289 0.60800701379776 46.14188766479492
    endloop
  endfacet
  facet normal 0.10838869959115982 0.08541363477706909 0.9904325008392334
    outer loop
      vertex 0.498306006193161 1.1830040216445923 47.6861457824707
      vertex 3.7434029579162598 0.18410499393939972 47.41716003417969
      vertex 3.751357078552246 0.7038480043411255 47.37146759033203
    endloop
  endfacet
  facet normal 0.19099105894565582 0.08306276053190231 0.9780710935592651
    outer loop
      vertex 3.751357078552246 0.7038480043411255 47.37146759033203
      vertex 3.7434029579162598 0.18410499393939972 47.41716003417969
      vertex 5.6686248779296875 -0.4382629990577698 47.09407043457031
    endloop
  endfacet
  facet normal 0.19495819509029388 0.09006325900554657 0.9766677618026733
    outer loop
      vertex 5.6686248779296875 -0.4382629990577698 47.09407043457031
      vertex 5.65426778793335 0.32555800676345825 47.0265007019043
      vertex 3.751357078552246 0.7038480043411255 47.37146759033203
    endloop
  endfacet
  facet normal 0.23857182264328003 0.09002278745174408 0.9669433236122131
    outer loop
      vertex 5.65426778793335 0.32555800676345825 47.0265007019043
      vertex 5.6686248779296875 -0.4382629990577698 47.09407043457031
      vertex 7.552586078643799 -1.063905954360962 46.68749237060547
    endloop
  endfacet
  facet normal 0.24980776011943817 0.10647634416818619 0.9624235033988953
    outer loop
      vertex 7.552586078643799 -1.063905954360962 46.68749237060547
      vertex 7.526382923126221 -0.11221300065517426 46.58900451660156
      vertex 5.65426778793335 0.32555800676345825 47.0265007019043
    endloop
  endfacet
  facet normal 0.2666197121143341 0.10647138953208923 0.9579027891159058
    outer loop
      vertex 7.526382923126221 -0.11221300065517426 46.58900451660156
      vertex 7.552586078643799 -1.063905954360962 46.68749237060547
      vertex 9.26902961730957 -1.6372300386428833 46.273468017578125
    endloop
  endfacet
  facet normal 0.2807185649871826 0.12385205924510956 0.9517655968666077
    outer loop
      vertex 9.26902961730957 -1.6372300386428833 46.273468017578125
      vertex 9.215177536010742 -0.5325390100479126 46.145599365234375
      vertex 7.526382923126221 -0.11221300065517426 46.58900451660156
    endloop
  endfacet
  facet normal 0.31827712059020996 0.12429951131343842 0.9398133754730225
    outer loop
      vertex 9.215177536010742 -0.5325390100479126 46.145599365234375
      vertex 9.26902961730957 -1.6372300386428833 46.273468017578125
      vertex 10.61177921295166 -2.1662919521331787 45.88870620727539
    endloop
  endfacet
  facet normal 0.3248542547225952 0.1304067224264145 0.9367303848266602
    outer loop
      vertex 10.61177921295166 -2.1662919521331787 45.88870620727539
      vertex 10.541996002197266 -0.9555550217628479 45.744354248046875
      vertex 9.215177536010742 -0.5325390100479126 46.145599365234375
    endloop
  endfacet
  facet normal 0.12428639829158783 0.13921456038951874 0.9824317693710327
    outer loop
      vertex 0.498306006193161 1.1830040216445923 47.6861457824707
      vertex 3.6082520484924316 -0.27813899517059326 47.499759674072266
      vertex 3.7434029579162598 0.18410499393939972 47.41716003417969
    endloop
  endfacet
  facet normal 0.19886645674705505 0.11575323343276978 0.9731667041778564
    outer loop
      vertex 3.7434029579162598 0.18410499393939972 47.41716003417969
      vertex 3.6082520484924316 -0.27813899517059326 47.499759674072266
      vertex 5.489220142364502 -1.1432169675827026 47.21828079223633
    endloop
  endfacet
  facet normal 0.20188544690608978 0.1198924258351326 0.9720432758331299
    outer loop
      vertex 5.489220142364502 -1.1432169675827026 47.21828079223633
      vertex 5.6686248779296875 -0.4382629990577698 47.09407043457031
      vertex 3.7434029579162598 0.18410499393939972 47.41716003417969
    endloop
  endfacet
  facet normal 0.22979967296123505 0.11186250299215317 0.9667879343032837
    outer loop
      vertex 5.6686248779296875 -0.4382629990577698 47.09407043457031
      vertex 5.489220142364502 -1.1432169675827026 47.21828079223633
      vertex 7.335079193115234 -1.9564510583877563 46.873626708984375
    endloop
  endfacet
  facet normal 0.2525582015514374 0.13816817104816437 0.9576658010482788
    outer loop
      vertex 7.335079193115234 -1.9564510583877563 46.873626708984375
      vertex 7.552586078643799 -1.063905954360962 46.68749237060547
      vertex 5.6686248779296875 -0.4382629990577698 47.09407043457031
    endloop
  endfacet
  facet normal 0.25959691405296326 0.13612127304077148 0.9560755491256714
    outer loop
      vertex 7.552586078643799 -1.063905954360962 46.68749237060547
      vertex 7.335079193115234 -1.9564510583877563 46.873626708984375
      vertex 9.010099411010742 -2.685710906982422 46.522647857666016
    endloop
  endfacet
  facet normal 0.2805021405220032 0.1558188796043396 0.9471215009689331
    outer loop
      vertex 9.010099411010742 -2.685710906982422 46.522647857666016
      vertex 9.26902961730957 -1.6372300386428833 46.273468017578125
      vertex 7.552586078643799 -1.063905954360962 46.68749237060547
    endloop
  endfacet
  facet normal 0.3117842674255371 0.14612749218940735 0.9388490319252014
    outer loop
      vertex 9.26902961730957 -1.6372300386428833 46.273468017578125
      vertex 9.010099411010742 -2.685710906982422 46.522647857666016
      vertex 10.326826095581055 -3.3225960731506348 46.18450164794922
    endloop
  endfacet
  facet normal 0.32878008484840393 0.1571967750787735 0.9312319755554199
    outer loop
      vertex 10.326826095581055 -3.3225960731506348 46.18450164794922
      vertex 10.61177921295166 -2.1662919521331787 45.88870620727539
      vertex 9.26902961730957 -1.6372300386428833 46.273468017578125
    endloop
  endfacet
  facet normal 0.13073746860027313 0.15332047641277313 0.9794899821281433
    outer loop
      vertex 0.498306006193161 1.1830040216445923 47.6861457824707
      vertex 3.367772102355957 -0.7218890190124512 47.601318359375
      vertex 3.6082520484924316 -0.27813899517059326 47.499759674072266
    endloop
  endfacet
  facet normal 0.18657530844211578 0.12199553847312927 0.9748368263244629
    outer loop
      vertex 3.6082520484924316 -0.27813899517059326 47.499759674072266
      vertex 3.367772102355957 -0.7218890190124512 47.601318359375
      vertex 5.132997035980225 -1.7736819982528687 47.39509582519531
    endloop
  endfacet
  facet normal 0.21349437534809113 0.1501045674085617 0.9653439521789551
    outer loop
      vertex 5.132997035980225 -1.7736819982528687 47.39509582519531
      vertex 5.489220142364502 -1.1432169675827026 47.21828079223633
      vertex 3.6082520484924316 -0.27813899517059326 47.499759674072266
    endloop
  endfacet
  facet normal 0.2230445146560669 0.14434891939163208 0.964061439037323
    outer loop
      vertex 5.489220142364502 -1.1432169675827026 47.21828079223633
      vertex 5.132997035980225 -1.7736819982528687 47.39509582519531
      vertex 6.881476879119873 -2.745695114135742 47.1361083984375
    endloop
  endfacet
  facet normal 0.25318750739097595 0.17114800214767456 0.9521577954292297
    outer loop
      vertex 6.881476879119873 -2.745695114135742 47.1361083984375
      vertex 7.335079193115234 -1.9564510583877563 46.873626708984375
      vertex 5.489220142364502 -1.1432169675827026 47.21828079223633
    endloop
  endfacet
  facet normal 0.2501051127910614 0.17307458817958832 0.9526240229606628
    outer loop
      vertex 7.335079193115234 -1.9564510583877563 46.873626708984375
      vertex 6.881476879119873 -2.745695114135742 47.1361083984375
      vertex 8.475401878356934 -3.6185131072998047 46.8762092590332
    endloop
  endfacet
  facet normal 0.28163471817970276 0.1946864128112793 0.9395632147789001
    outer loop
      vertex 8.475401878356934 -3.6185131072998047 46.8762092590332
      vertex 9.010099411010742 -2.685710906982422 46.522647857666016
      vertex 7.335079193115234 -1.9564510583877563 46.873626708984375
    endloop
  endfacet
  facet normal 0.30850401520729065 0.17737984657287598 0.9345382452011108
    outer loop
      vertex 9.010099411010742 -2.685710906982422 46.522647857666016
      vertex 8.475401878356934 -3.6185131072998047 46.8762092590332
      vertex 9.658188819885254 -4.3696208000183105 46.628318786621094
    endloop
  endfacet
  facet normal 0.3270569145679474 0.18404164910316467 0.9269101619720459
    outer loop
      vertex 9.658188819885254 -4.3696208000183105 46.628318786621094
      vertex 10.326826095581055 -3.3225960731506348 46.18450164794922
      vertex 9.010099411010742 -2.685710906982422 46.522647857666016
    endloop
  endfacet
  facet normal 0.1496286690235138 0.18211889266967773 0.9718250632286072
    outer loop
      vertex 0.498306006193161 1.1830040216445923 47.6861457824707
      vertex 3.0305449962615967 -1.091086983680725 47.72242736816406
      vertex 3.367772102355957 -0.7218890190124512 47.601318359375
    endloop
  endfacet
  facet normal 0.18395349383354187 0.15060365200042725 0.971328854560852
    outer loop
      vertex 3.367772102355957 -0.7218890190124512 47.601318359375
      vertex 3.0305449962615967 -1.091086983680725 47.72242736816406
      vertex 4.620985984802246 -2.31131911277771 47.61042022705078
    endloop
  endfacet
  facet normal 0.21766512095928192 0.1771182417869568 0.9598182439804077
    outer loop
      vertex 4.620985984802246 -2.31131911277771 47.61042022705078
      vertex 5.132997035980225 -1.7736819982528687 47.39509582519531
      vertex 3.367772102355957 -0.7218890190124512 47.601318359375
    endloop
  endfacet
  facet normal 0.213770791888237 0.18089532852172852 0.959989070892334
    outer loop
      vertex 5.132997035980225 -1.7736819982528687 47.39509582519531
      vertex 4.620985984802246 -2.31131911277771 47.61042022705078
      vertex 6.201683044433594 -3.433474063873291 47.46988296508789
    endloop
  endfacet
  facet normal 0.25478556752204895 0.20661303400993347 0.9446668028831482
    outer loop
      vertex 6.201683044433594 -3.433474063873291 47.46988296508789
      vertex 6.881476879119873 -2.745695114135742 47.1361083984375
      vertex 5.132997035980225 -1.7736819982528687 47.39509582519531
    endloop
  endfacet
  facet normal 0.24170303344726562 0.21977093815803528 0.9451351165771484
    outer loop
      vertex 6.881476879119873 -2.745695114135742 47.1361083984375
      vertex 6.201683044433594 -3.433474063873291 47.46988296508789
      vertex 7.659976005554199 -4.429039001464844 47.32844543457031
    endloop
  endfacet
  facet normal 0.28103774785995483 0.23625144362449646 0.9301629662513733
    outer loop
      vertex 7.659976005554199 -4.429039001464844 47.32844543457031
      vertex 8.475401878356934 -3.6185131072998047 46.8762092590332
      vertex 6.881476879119873 -2.745695114135742 47.1361083984375
    endloop
  endfacet
  facet normal 0.29580095410346985 0.22094371914863586 0.9293469786643982
    outer loop
      vertex 8.475401878356934 -3.6185131072998047 46.8762092590332
      vertex 7.659976005554199 -4.429039001464844 47.32844543457031
      vertex 8.79561996459961 -5.259293079376221 47.16436767578125
    endloop
  endfacet
  facet normal 0.33523666858673096 0.2260524332523346 0.9146129488945007
    outer loop
      vertex 8.79561996459961 -5.259293079376221 47.16436767578125
      vertex 9.658188819885254 -4.3696208000183105 46.628318786621094
      vertex 8.475401878356934 -3.6185131072998047 46.8762092590332
    endloop
  endfacet
  facet normal 0.15595883131027222 0.18913032114505768 0.9694878458976746
    outer loop
      vertex 0.498306006193161 1.1830040216445923 47.6861457824707
      vertex 2.612133026123047 -1.3862860202789307 47.84732437133789
      vertex 3.0305449962615967 -1.091086983680725 47.72242736816406
    endloop
  endfacet
  facet normal 0.17157158255577087 0.16756337881088257 0.9708170890808105
    outer loop
      vertex 3.0305449962615967 -1.091086983680725 47.72242736816406
      vertex 2.612133026123047 -1.3862860202789307 47.84732437133789
      vertex 3.9794580936431885 -2.7395739555358887 47.839256286621094
    endloop
  endfacet
  facet normal 0.2141055166721344 0.19113361835479736 0.9579284191131592
    outer loop
      vertex 3.9794580936431885 -2.7395739555358887 47.839256286621094
      vertex 4.620985984802246 -2.31131911277771 47.61042022705078
      vertex 3.0305449962615967 -1.091086983680725 47.72242736816406
    endloop
  endfacet
  facet normal 0.19954723119735718 0.212245911359787 0.9566256999969482
    outer loop
      vertex 4.620985984802246 -2.31131911277771 47.61042022705078
      vertex 3.9794580936431885 -2.7395739555358887 47.839256286621094
      vertex 5.339491844177246 -3.9772820472717285 47.830169677734375
    endloop
  endfacet
  facet normal 0.24757100641727448 0.2308909296989441 0.9409558176994324
    outer loop
      vertex 5.339491844177246 -3.9772820472717285 47.830169677734375
      vertex 6.201683044433594 -3.433474063873291 47.46988296508789
      vertex 4.620985984802246 -2.31131911277771 47.61042022705078
    endloop
  endfacet
  facet normal 0.2300097495317459 0.25716927647590637 0.938594400882721
    outer loop
      vertex 6.201683044433594 -3.433474063873291 47.46988296508789
      vertex 5.339491844177246 -3.9772820472717285 47.830169677734375
      vertex 6.54118013381958 -5.088259220123291 47.840087890625
    endloop
  endfacet
  facet normal 0.2690907120704651 0.26251453161239624 0.926647961139679
    outer loop
      vertex 6.54118013381958 -5.088259220123291 47.840087890625
      vertex 7.659976005554199 -4.429039001464844 47.32844543457031
      vertex 6.201683044433594 -3.433474063873291 47.46988296508789
    endloop
  endfacet
  facet normal 0.28464800119400024 0.23770011961460114 0.9286949038505554
    outer loop
      vertex 7.659976005554199 -4.429039001464844 47.32844543457031
      vertex 6.54118013381958 -5.088259220123291 47.840087890625
      vertex 7.514368057250977 -5.982287883758545 47.7706298828125
    endloop
  endfacet
  facet normal 0.30465078353881836 0.2342623621225357 0.9232059121131897
    outer loop
      vertex 7.514368057250977 -5.982287883758545 47.7706298828125
      vertex 8.79561996459961 -5.259293079376221 47.16436767578125
      vertex 7.659976005554199 -4.429039001464844 47.32844543457031
    endloop
  endfacet
  facet normal 0.11089862883090973 0.15284349024295807 0.9820083975791931
    outer loop
      vertex 0.498306006193161 1.1830040216445923 47.6861457824707
      vertex 2.1326770782470703 -1.5997159481048584 47.934688568115234
      vertex 2.612133026123047 -1.3862860202789307 47.84732437133789
    endloop
  endfacet
  facet normal 0.1063697338104248 0.16258196532726288 0.980944812297821
    outer loop
      vertex 2.612133026123047 -1.3862860202789307 47.84732437133789
      vertex 2.1326770782470703 -1.5997159481048584 47.934688568115234
      vertex 3.2399330139160156 -3.046916961669922 48.054481506347656
    endloop
  endfacet
  facet normal 0.1985495388507843 0.19488254189491272 0.9605200886726379
    outer loop
      vertex 3.2399330139160156 -3.046916961669922 48.054481506347656
      vertex 3.9794580936431885 -2.7395739555358887 47.839256286621094
      vertex 2.612133026123047 -1.3862860202789307 47.84732437133789
    endloop
  endfacet
  facet normal 0.17760808765888214 0.24083052575588226 0.9541782140731812
    outer loop
      vertex 3.9794580936431885 -2.7395739555358887 47.839256286621094
      vertex 3.2399330139160156 -3.046916961669922 48.054481506347656
      vertex 4.321159839630127 -4.394903182983398 48.193450927734375
    endloop
  endfacet
  facet normal 0.2331083118915558 0.2492462396621704 0.9399663805961609
    outer loop
      vertex 4.321159839630127 -4.394903182983398 48.193450927734375
      vertex 5.339491844177246 -3.9772820472717285 47.830169677734375
      vertex 3.9794580936431885 -2.7395739555358887 47.839256286621094
    endloop
  endfacet
  facet normal 0.21743087470531464 0.28253626823425293 0.9342896938323975
    outer loop
      vertex 5.339491844177246 -3.9772820472717285 47.830169677734375
      vertex 4.321159839630127 -4.394903182983398 48.193450927734375
      vertex 5.332828998565674 -5.5521111488342285 48.307960510253906
    endloop
  endfacet
  facet normal 0.2512516975402832 0.28003790974617004 0.9265265464782715
    outer loop
      vertex 5.332828998565674 -5.5521111488342285 48.307960510253906
      vertex 6.54118013381958 -5.088259220123291 47.840087890625
      vertex 5.339491844177246 -3.9772820472717285 47.830169677734375
    endloop
  endfacet
  facet normal 0.25473660230636597 0.2723194658756256 0.9278746247291565
    outer loop
      vertex 6.54118013381958 -5.088259220123291 47.840087890625
      vertex 5.332828998565674 -5.5521111488342285 48.307960510253906
      vertex 6.131361961364746 -6.485785961151123 48.362754821777344
    endloop
  endfacet
  facet normal 0.3003859519958496 0.2555897533893585 0.9189354181289673
    outer loop
      vertex 6.131361961364746 -6.485785961151123 48.362754821777344
      vertex 7.514368057250977 -5.982287883758545 47.7706298828125
      vertex 6.54118013381958 -5.088259220123291 47.840087890625
    endloop
  endfacet
  facet normal -0.03095787577331066 0.07086657732725143 0.9970053434371948
    outer loop
      vertex 0.498306006193161 1.1830040216445923 47.6861457824707
      vertex 1.6206979751586914 -1.7253210544586182 47.92771911621094
      vertex 2.1326770782470703 -1.5997159481048584 47.934688568115234
    endloop
  endfacet
  facet normal -0.05223086103796959 0.15818659961223602 0.9860268831253052
    outer loop
      vertex 2.1326770782470703 -1.5997159481048584 47.934688568115234
      vertex 1.6206979751586914 -1.7253210544586182 47.92771911621094
      vertex 2.4430129528045654 -3.2304649353027344 48.212745666503906
    endloop
  endfacet
  facet normal 0.1480325162410736 0.19354067742824554 0.9698600172996521
    outer loop
      vertex 2.4430129528045654 -3.2304649353027344 48.212745666503906
      vertex 3.2399330139160156 -3.046916961669922 48.054481506347656
      vertex 2.1326770782470703 -1.5997159481048584 47.934688568115234
    endloop
  endfacet
  facet normal 0.13146312534809113 0.25518089532852173 0.9579145312309265
    outer loop
      vertex 3.2399330139160156 -3.046916961669922 48.054481506347656
      vertex 2.4430129528045654 -3.2304649353027344 48.212745666503906
      vertex 3.2525858879089355 -4.619311809539795 48.47161865234375
    endloop
  endfacet
  facet normal 0.19361498951911926 0.25302135944366455 0.947888970375061
    outer loop
      vertex 3.2525858879089355 -4.619311809539795 48.47161865234375
      vertex 4.321159839630127 -4.394903182983398 48.193450927734375
      vertex 3.2399330139160156 -3.046916961669922 48.054481506347656
    endloop
  endfacet
  facet normal 0.18121138215065002 0.2986052334308624 0.937015175819397
    outer loop
      vertex 4.321159839630127 -4.394903182983398 48.193450927734375
      vertex 3.2525858879089355 -4.619311809539795 48.47161865234375
      vertex 4.017505168914795 -5.819643020629883 48.706207275390625
    endloop
  endfacet
  facet normal 0.22349613904953003 0.28754541277885437 0.9313254952430725
    outer loop
      vertex 4.017505168914795 -5.819643020629883 48.706207275390625
      vertex 5.332828998565674 -5.5521111488342285 48.307960510253906
      vertex 4.321159839630127 -4.394903182983398 48.193450927734375
    endloop
  endfacet
  facet normal 0.21619129180908203 0.3135157823562622 0.9246454238891602
    outer loop
      vertex 5.332828998565674 -5.5521111488342285 48.307960510253906
      vertex 4.017505168914795 -5.819643020629883 48.706207275390625
      vertex 4.633727073669434 -6.77555513381958 48.88624572753906
    endloop
  endfacet
  facet normal 0.2673110365867615 0.28268295526504517 0.9212139844894409
    outer loop
      vertex 4.633727073669434 -6.77555513381958 48.88624572753906
      vertex 6.131361961364746 -6.485785961151123 48.362754821777344
      vertex 5.332828998565674 -5.5521111488342285 48.307960510253906
    endloop
  endfacet
  facet normal 0.06806807219982147 0.10864629596471786 0.9917473793029785
    outer loop
      vertex 0.498306006193161 1.1830040216445923 47.6861457824707
      vertex 1.1285320520401 -1.788727045059204 47.96844482421875
      vertex 1.6206979751586914 -1.7253210544586182 47.92771911621094
    endloop
  endfacet
  facet normal 0.05052744969725609 0.2317671924829483 0.9714581370353699
    outer loop
      vertex 1.6206979751586914 -1.7253210544586182 47.92771911621094
      vertex 1.1285320520401 -1.788727045059204 47.96844482421875
      vertex 1.6381399631500244 -3.2958130836486816 48.30149459838867
    endloop
  endfacet
  facet normal 0.0880272313952446 0.23155821859836578 0.9688302278518677
    outer loop
      vertex 1.6381399631500244 -3.2958130836486816 48.30149459838867
      vertex 2.4430129528045654 -3.2304649353027344 48.212745666503906
      vertex 1.6206979751586914 -1.7253210544586182 47.92771911621094
    endloop
  endfacet
  facet normal 0.08369436860084534 0.27135029435157776 0.9588349461555481
    outer loop
      vertex 2.4430129528045654 -3.2304649353027344 48.212745666503906
      vertex 1.6381399631500244 -3.2958130836486816 48.30149459838867
      vertex 2.161449909210205 -4.6875081062316895 48.64966583251953
    endloop
  endfacet
  facet normal 0.13970452547073364 0.25954821705818176 0.9555717706680298
    outer loop
      vertex 2.161449909210205 -4.6875081062316895 48.64966583251953
      vertex 3.2525858879089355 -4.619311809539795 48.47161865234375
      vertex 2.4430129528045654 -3.2304649353027344 48.212745666503906
    endloop
  endfacet
  facet normal 0.13338607549667358 0.31719914078712463 0.9389317631721497
    outer loop
      vertex 3.2525858879089355 -4.619311809539795 48.47161865234375
      vertex 2.161449909210205 -4.6875081062316895 48.64966583251953
      vertex 2.6758439540863037 -5.898035049438477 48.98554229736328
    endloop
  endfacet
  facet normal 0.17799465358257294 0.2967885136604309 0.9382081031799316
    outer loop
      vertex 2.6758439540863037 -5.898035049438477 48.98554229736328
      vertex 4.017505168914795 -5.819643020629883 48.706207275390625
      vertex 3.2525858879089355 -4.619311809539795 48.47161865234375
    endloop
  endfacet
  facet normal 0.1708143949508667 0.3536057472229004 0.9196659326553345
    outer loop
      vertex 4.017505168914795 -5.819643020629883 48.706207275390625
      vertex 2.6758439540863037 -5.898035049438477 48.98554229736328
      vertex 3.072845935821533 -6.852705001831055 49.27886962890625
    endloop
  endfacet
  facet normal 0.21698226034641266 0.31396228075027466 0.9243085980415344
    outer loop
      vertex 3.072845935821533 -6.852705001831055 49.27886962890625
      vertex 4.633727073669434 -6.77555513381958 48.88624572753906
      vertex 4.017505168914795 -5.819643020629883 48.706207275390625
    endloop
  endfacet
  facet normal 0.05757142975926399 0.10650543123483658 0.9926440715789795
    outer loop
      vertex 0.498306006193161 1.1830040216445923 47.6861457824707
      vertex 0.6504300236701965 -1.7831100225448608 47.99557113647461
      vertex 1.1285320520401 -1.788727045059204 47.96844482421875
    endloop
  endfacet
  facet normal 0.057842373847961426 0.20999526977539062 0.9759899377822876
    outer loop
      vertex 1.1285320520401 -1.788727045059204 47.96844482421875
      vertex 0.6504300236701965 -1.7831100225448608 47.99557113647461
      vertex 0.8816069960594177 -3.2420079708099365 48.29576873779297
    endloop
  endfacet
  facet normal 0.008147288113832474 0.2184017300605774 0.9758249521255493
    outer loop
      vertex 0.8816069960594177 -3.2420079708099365 48.29576873779297
      vertex 1.6381399631500244 -3.2958130836486816 48.30149459838867
      vertex 1.1285320520401 -1.788727045059204 47.96844482421875
    endloop
  endfacet
  facet normal 0.012644188478589058 0.27993983030319214 0.9599343538284302
    outer loop
      vertex 1.6381399631500244 -3.2958130836486816 48.30149459838867
      vertex 0.8816069960594177 -3.2420079708099365 48.29576873779297
      vertex 1.1173110008239746 -4.625479221343994 48.69611740112305
    endloop
  endfacet
  facet normal 0.05846289545297623 0.26291611790657043 0.9630457758903503
    outer loop
      vertex 1.1173110008239746 -4.625479221343994 48.69611740112305
      vertex 2.161449909210205 -4.6875081062316895 48.64966583251953
      vertex 1.6381399631500244 -3.2958130836486816 48.30149459838867
    endloop
  endfacet
  facet normal 0.06157151237130165 0.3313925564289093 0.9414818286895752
    outer loop
      vertex 2.161449909210205 -4.6875081062316895 48.64966583251953
      vertex 1.1173110008239746 -4.625479221343994 48.69611740112305
      vertex 1.3647489547729492 -5.815535068511963 49.09882354736328
    endloop
  endfacet
  facet normal 0.10103480517864227 0.3056282699108124 0.9467753171920776
    outer loop
      vertex 1.3647489547729492 -5.815535068511963 49.09882354736328
      vertex 2.6758439540863037 -5.898035049438477 48.98554229736328
      vertex 2.161449909210205 -4.6875081062316895 48.64966583251953
    endloop
  endfacet
  facet normal 0.10381657630205154 0.3987099230289459 0.9111819267272949
    outer loop
      vertex 2.6758439540863037 -5.898035049438477 48.98554229736328
      vertex 1.3647489547729492 -5.815535068511963 49.09882354736328
      vertex 1.5711480379104614 -6.74603796005249 49.48247146606445
    endloop
  endfacet
  facet normal 0.15016211569309235 0.34690290689468384 0.9258021712303162
    outer loop
      vertex 1.5711480379104614 -6.74603796005249 49.48247146606445
      vertex 3.072845935821533 -6.852705001831055 49.27886962890625
      vertex 2.6758439540863037 -5.898035049438477 48.98554229736328
    endloop
  endfacet
  facet normal -0.015360155142843723 0.10296548902988434 0.9945663213729858
    outer loop
      vertex 0.498306006193161 1.1830040216445923 47.6861457824707
      vertex 0.18892699480056763 -1.691560983657837 47.978965759277344
      vertex 0.6504300236701965 -1.7831100225448608 47.99557113647461
    endloop
  endfacet
  facet normal 0.0033005750738084316 0.19455377757549286 0.9808863401412964
    outer loop
      vertex 0.6504300236701965 -1.7831100225448608 47.99557113647461
      vertex 0.18892699480056763 -1.691560983657837 47.978965759277344
      vertex 0.17517900466918945 -3.117543935775757 48.26184844970703
    endloop
  endfacet
  facet normal -0.011855573393404484 0.19973061978816986 0.9797791242599487
    outer loop
      vertex 0.17517900466918945 -3.117543935775757 48.26184844970703
      vertex 0.8816069960594177 -3.2420079708099365 48.29576873779297
      vertex 0.6504300236701965 -1.7831100225448608 47.99557113647461
    endloop
  endfacet
  facet normal 0.001664418145082891 0.2717234194278717 0.9623740315437317
    outer loop
      vertex 0.8816069960594177 -3.2420079708099365 48.29576873779297
      vertex 0.17517900466918945 -3.117543935775757 48.26184844970703
      vertex 0.16557300090789795 -4.4529337882995605 48.63890838623047
    endloop
  endfacet
  facet normal -0.007582139689475298 0.27677473425865173 0.9609049558639526
    outer loop
      vertex 0.16557300090789795 -4.4529337882995605 48.63890838623047
      vertex 1.1173110008239746 -4.625479221343994 48.69611740112305
      vertex 0.8816069960594177 -3.2420079708099365 48.29576873779297
    endloop
  endfacet
  facet normal 0.004460000433027744 0.33678701519966125 0.9415702819824219
    outer loop
      vertex 1.1173110008239746 -4.625479221343994 48.69611740112305
      vertex 0.16557300090789795 -4.4529337882995605 48.63890838623047
      vertex 0.16534699499607086 -5.604166030883789 49.050689697265625
    endloop
  endfacet
  facet normal 0.019148429855704308 0.32404887676239014 0.9458465576171875
    outer loop
      vertex 0.16534699499607086 -5.604166030883789 49.050689697265625
      vertex 1.3647489547729492 -5.815535068511963 49.09882354736328
      vertex 1.1173110008239746 -4.625479221343994 48.69611740112305
    endloop
  endfacet
  facet normal 0.04016359522938728 0.43297427892684937 0.9005110263824463
    outer loop
      vertex 1.3647489547729492 -5.815535068511963 49.09882354736328
      vertex 0.16534699499607086 -5.604166030883789 49.050689697265625
      vertex 0.18025000393390656 -6.493066787719727 49.4774169921875
    endloop
  endfacet
  facet normal 0.06817714124917984 0.3931754231452942 0.9169323444366455
    outer loop
      vertex 0.18025000393390656 -6.493066787719727 49.4774169921875
      vertex 1.5711480379104614 -6.74603796005249 49.48247146606445
      vertex 1.3647489547729492 -5.815535068511963 49.09882354736328
    endloop
  endfacet
  facet normal -0.05152943357825279 0.10669419169425964 0.99295574426651
    outer loop
      vertex 0.498306006193161 1.1830040216445923 47.6861457824707
      vertex -0.22231799364089966 -1.5269240140914917 47.93993377685547
      vertex 0.18892699480056763 -1.691560983657837 47.978965759277344
    endloop
  endfacet
  facet normal -0.019062655046582222 0.18531253933906555 0.9824947714805603
    outer loop
      vertex 0.18892699480056763 -1.691560983657837 47.978965759277344
      vertex -0.22231799364089966 -1.5269240140914917 47.93993377685547
      vertex -0.45601901412010193 -2.8954319953918457 48.193519592285156
    endloop
  endfacet
  facet normal -0.037554215639829636 0.19479653239250183 0.9801244735717773
    outer loop
      vertex -0.45601901412010193 -2.8954319953918457 48.193519592285156
      vertex 0.17517900466918945 -3.117543935775757 48.26184844970703
      vertex 0.18892699480056763 -1.691560983657837 47.978965759277344
    endloop
  endfacet
  facet normal -0.015994708985090256 0.2521943747997284 0.9675443768501282
    outer loop
      vertex 0.17517900466918945 -3.117543935775757 48.26184844970703
      vertex -0.45601901412010193 -2.8954319953918457 48.193519592285156
      vertex -0.6863899827003479 -4.158240795135498 48.51886749267578
    endloop
  endfacet
  facet normal -0.04146236181259155 0.2717773914337158 0.9614665508270264
    outer loop
      vertex -0.6863899827003479 -4.158240795135498 48.51886749267578
      vertex 0.16557300090789795 -4.4529337882995605 48.63890838623047
      vertex 0.17517900466918945 -3.117543935775757 48.26184844970703
    endloop
  endfacet
  facet normal -0.02126716636121273 0.3238137662410736 0.9458817839622498
    outer loop
      vertex 0.16557300090789795 -4.4529337882995605 48.63890838623047
      vertex -0.6863899827003479 -4.158240795135498 48.51886749267578
      vertex -0.8968530297279358 -5.273335933685303 48.895877838134766
    endloop
  endfacet
  facet normal -0.032316796481609344 0.33662083745002747 0.9410855770111084
    outer loop
      vertex -0.8968530297279358 -5.273335933685303 48.895877838134766
      vertex 0.16534699499607086 -5.604166030883789 49.050689697265625
      vertex 0.16557300090789795 -4.4529337882995605 48.63890838623047
    endloop
  endfacet
  facet normal 0.006843287032097578 0.44177043437957764 0.8971019983291626
    outer loop
      vertex 0.16534699499607086 -5.604166030883789 49.050689697265625
      vertex -0.8968530297279358 -5.273335933685303 48.895877838134766
      vertex -1.0490939617156982 -6.124013900756836 49.315948486328125
    endloop
  endfacet
  facet normal 0.011569366790354252 0.43290501832962036 0.901365339756012
    outer loop
      vertex -1.0490939617156982 -6.124013900756836 49.315948486328125
      vertex 0.18025000393390656 -6.493066787719727 49.4774169921875
      vertex 0.16534699499607086 -5.604166030883789 49.050689697265625
    endloop
  endfacet
  facet normal -0.06701088696718216 0.11068349331617355 0.9915940165519714
    outer loop
      vertex 0.498306006193161 1.1830040216445923 47.6861457824707
      vertex -0.5644969940185547 -1.3020800352096558 47.8917121887207
      vertex -0.22231799364089966 -1.5269240140914917 47.93993377685547
    endloop
  endfacet
  facet normal -0.032424990087747574 0.1621677577495575 0.9862303733825684
    outer loop
      vertex -0.22231799364089966 -1.5269240140914917 47.93993377685547
      vertex -0.5644969940185547 -1.3020800352096558 47.8917121887207
      vertex -0.9670100212097168 -2.592611074447632 48.09068298339844
    endloop
  endfacet
  facet normal -0.08116110414266586 0.19498109817504883 0.9774432182312012
    outer loop
      vertex -0.9670100212097168 -2.592611074447632 48.09068298339844
      vertex -0.45601901412010193 -2.8954319953918457 48.193519592285156
      vertex -0.22231799364089966 -1.5269240140914917 47.93993377685547
    endloop
  endfacet
  facet normal -0.05729583278298378 0.23299255967140198 0.9707892537117004
    outer loop
      vertex -0.45601901412010193 -2.8954319953918457 48.193519592285156
      vertex -0.9670100212097168 -2.592611074447632 48.09068298339844
      vertex -1.3790520429611206 -3.7984681129455566 48.35577392578125
    endloop
  endfacet
  facet normal -0.08917279541492462 0.2637209892272949 0.9604684114456177
    outer loop
      vertex -1.3790520429611206 -3.7984681129455566 48.35577392578125
      vertex -0.6863899827003479 -4.158240795135498 48.51886749267578
      vertex -0.45601901412010193 -2.8954319953918457 48.193519592285156
    endloop
  endfacet
  facet normal -0.061498209834098816 0.3114696741104126 0.9482640027999878
    outer loop
      vertex -0.6863899827003479 -4.158240795135498 48.51886749267578
      vertex -1.3790520429611206 -3.7984681129455566 48.35577392578125
      vertex -1.7824070453643799 -4.836442947387695 48.67055130004883
    endloop
  endfacet
  facet normal -0.07538601756095886 0.33211448788642883 0.9402217268943787
    outer loop
      vertex -1.7824070453643799 -4.836442947387695 48.67055130004883
      vertex -0.8968530297279358 -5.273335933685303 48.895877838134766
      vertex -0.6863899827003479 -4.158240795135498 48.51886749267578
    endloop
  endfacet
  facet normal -0.024919942021369934 0.4178723096847534 0.9081639051437378
    outer loop
      vertex -0.8968530297279358 -5.273335933685303 48.895877838134766
      vertex -1.7824070453643799 -4.836442947387695 48.67055130004883
      vertex -2.0835208892822266 -5.676146030426025 49.04866027832031
    endloop
  endfacet
  facet normal -0.036973483860492706 0.4477749466896057 0.8933815956115723
    outer loop
      vertex -2.0835208892822266 -5.676146030426025 49.04866027832031
      vertex -1.0490939617156982 -6.124013900756836 49.315948486328125
      vertex -0.8968530297279358 -5.273335933685303 48.895877838134766
    endloop
  endfacet
  facet normal -0.0590548999607563 0.10735303163528442 0.9924655556678772
    outer loop
      vertex 0.498306006193161 1.1830040216445923 47.6861457824707
      vertex -0.8380929827690125 -1.025508999824524 47.845516204833984
      vertex -0.5644969940185547 -1.3020800352096558 47.8917121887207
    endloop
  endfacet
  facet normal -0.03720952570438385 0.12871581315994263 0.9909831881523132
    outer loop
      vertex -0.5644969940185547 -1.3020800352096558 47.8917121887207
      vertex -0.8380929827690125 -1.025508999824524 47.845516204833984
      vertex -1.376420021057129 -2.2248289585113525 47.9810791015625
    endloop
  endfacet
  facet normal -0.09875057637691498 0.1816461980342865 0.9783931374549866
    outer loop
      vertex -1.376420021057129 -2.2248289585113525 47.9810791015625
      vertex -0.9670100212097168 -2.592611074447632 48.09068298339844
      vertex -0.5644969940185547 -1.3020800352096558 47.8917121887207
    endloop
  endfacet
  facet normal -0.08134391903877258 0.20040810108184814 0.9763297438621521
    outer loop
      vertex -0.9670100212097168 -2.592611074447632 48.09068298339844
      vertex -1.376420021057129 -2.2248289585113525 47.9810791015625
      vertex -1.9145480394363403 -3.353239059448242 48.167869567871094
    endloop
  endfacet
  facet normal -0.12556664645671844 0.2537478506565094 0.9590855240821838
    outer loop
      vertex -1.9145480394363403 -3.353239059448242 48.167869567871094
      vertex -1.3790520429611206 -3.7984681129455566 48.35577392578125
      vertex -0.9670100212097168 -2.592611074447632 48.09068298339844
    endloop
  endfacet
  facet normal -0.1062617301940918 0.27542465925216675 0.9554317593574524
    outer loop
      vertex -1.3790520429611206 -3.7984681129455566 48.35577392578125
      vertex -1.9145480394363403 -3.353239059448242 48.167869567871094
      vertex -2.4426589012145996 -4.34669303894043 48.3955192565918
    endloop
  endfacet
  facet normal -0.13854724168777466 0.3363264203071594 0.9314984083175659
    outer loop
      vertex -2.4426589012145996 -4.34669303894043 48.3955192565918
      vertex -1.7824070453643799 -4.836442947387695 48.67055130004883
      vertex -1.3790520429611206 -3.7984681129455566 48.35577392578125
    endloop
  endfacet
  facet normal -0.08869850635528564 0.3941318094730377 0.9147637486457825
    outer loop
      vertex -1.7824070453643799 -4.836442947387695 48.67055130004883
      vertex -2.4426589012145996 -4.34669303894043 48.3955192565918
      vertex -2.8687291145324707 -5.153659820556641 48.7018928527832
    endloop
  endfacet
  facet normal -0.10235045105218887 0.4387114346027374 0.8927802443504333
    outer loop
      vertex -2.8687291145324707 -5.153659820556641 48.7018928527832
      vertex -2.0835208892822266 -5.676146030426025 49.04866027832031
      vertex -1.7824070453643799 -4.836442947387695 48.67055130004883
    endloop
  endfacet
  facet normal -0.031108390539884567 0.09065375477075577 0.9953965544700623
    outer loop
      vertex 0.498306006193161 1.1830040216445923 47.6861457824707
      vertex -1.0469679832458496 -0.7041680216789246 47.809722900390625
      vertex -0.8380929827690125 -1.025508999824524 47.845516204833984
    endloop
  endfacet
  facet normal -0.037968896329402924 0.08621178567409515 0.9955530762672424
    outer loop
      vertex -0.8380929827690125 -1.025508999824524 47.845516204833984
      vertex -1.0469679832458496 -0.7041680216789246 47.809722900390625
      vertex -1.686560034751892 -1.7932239770889282 47.879638671875
    endloop
  endfacet
  facet normal -0.10264411568641663 0.15709789097309113 0.9822344183921814
    outer loop
      vertex -1.686560034751892 -1.7932239770889282 47.879638671875
      vertex -1.376420021057129 -2.2248289585113525 47.9810791015625
      vertex -0.8380929827690125 -1.025508999824524 47.845516204833984
    endloop
  endfacet
  facet normal -0.09979976713657379 0.1591336578130722 0.9821999073028564
    outer loop
      vertex -1.376420021057129 -2.2248289585113525 47.9810791015625
      vertex -1.686560034751892 -1.7932239770889282 47.879638671875
      vertex -2.360503911972046 -2.817387104034424 47.97709274291992
    endloop
  endfacet
  facet normal -0.14025330543518066 0.2264396697282791 0.9638745188713074
    outer loop
      vertex -2.360503911972046 -2.817387104034424 47.97709274291992
      vertex -1.9145480394363403 -3.353239059448242 48.167869567871094
      vertex -1.376420021057129 -2.2248289585113525 47.9810791015625
    endloop
  endfacet
  facet normal -0.1393044888973236 0.22721348702907562 0.9638300538063049
    outer loop
      vertex -1.9145480394363403 -3.353239059448242 48.167869567871094
      vertex -2.360503911972046 -2.817387104034424 47.97709274291992
      vertex -2.917001962661743 -3.7529489994049072 48.117210388183594
    endloop
  endfacet
  facet normal -0.16880418360233307 0.3045444190502167 0.9374209046363831
    outer loop
      vertex -2.917001962661743 -3.7529489994049072 48.117210388183594
      vertex -2.4426589012145996 -4.34669303894043 48.3955192565918
      vertex -1.9145480394363403 -3.353239059448242 48.167869567871094
    endloop
  endfacet
  facet normal -0.14559973776340485 0.3221474885940552 0.9354259967803955
    outer loop
      vertex -2.4426589012145996 -4.34669303894043 48.3955192565918
      vertex -2.917001962661743 -3.7529489994049072 48.117210388183594
      vertex -3.4334869384765625 -4.5649800300598145 48.316471099853516
    endloop
  endfacet
  facet normal -0.164620041847229 0.4248756468296051 0.8901578187942505
    outer loop
      vertex -3.4334869384765625 -4.5649800300598145 48.316471099853516
      vertex -2.8687291145324707 -5.153659820556641 48.7018928527832
      vertex -2.4426589012145996 -4.34669303894043 48.3955192565918
    endloop
  endfacet
  facet normal 0.006367553025484085 0.06014885753393173 0.9981691241264343
    outer loop
      vertex 0.498306006193161 1.1830040216445923 47.6861457824707
      vertex -1.1989010572433472 -0.35104900598526 47.78941345214844
      vertex -1.0469679832458496 -0.7041680216789246 47.809722900390625
    endloop
  endfacet
  facet normal -0.040181614458560944 0.04013308137655258 0.998386025428772
    outer loop
      vertex -1.0469679832458496 -0.7041680216789246 47.809722900390625
      vertex -1.1989010572433472 -0.35104900598526 47.78941345214844
      vertex -1.9066959619522095 -1.3054850101470947 47.799293518066406
    endloop
  endfacet
  facet normal -0.09565027058124542 0.11961556226015091 0.9882019758224487
    outer loop
      vertex -1.9066959619522095 -1.3054850101470947 47.799293518066406
      vertex -1.686560034751892 -1.7932239770889282 47.879638671875
      vertex -1.0469679832458496 -0.7041680216789246 47.809722900390625
    endloop
  endfacet
  facet normal -0.11163616925477982 0.11226631700992584 0.9873872995376587
    outer loop
      vertex -1.686560034751892 -1.7932239770889282 47.879638671875
      vertex -1.9066959619522095 -1.3054850101470947 47.799293518066406
      vertex -2.628369092941284 -2.220518112182617 47.821739196777344
    endloop
  endfacet
  facet normal -0.14492985606193542 0.18780872225761414 0.9714542627334595
    outer loop
      vertex -2.628369092941284 -2.220518112182617 47.821739196777344
      vertex -2.360503911972046 -2.817387104034424 47.97709274291992
      vertex -1.686560034751892 -1.7932239770889282 47.879638671875
    endloop
  endfacet
  facet normal -0.18763267993927002 0.16769789159297943 0.9678178429603577
    outer loop
      vertex -2.360503911972046 -2.817387104034424 47.97709274291992
      vertex -2.628369092941284 -2.220518112182617 47.821739196777344
      vertex -3.3034451007843018 -3.0965309143066406 47.8426513671875
    endloop
  endfacet
  facet normal -0.2131749987602234 0.26753541827201843 0.939670741558075
    outer loop
      vertex -3.3034451007843018 -3.0965309143066406 47.8426513671875
      vertex -2.917001962661743 -3.7529489994049072 48.117210388183594
      vertex -2.360503911972046 -2.817387104034424 47.97709274291992
    endloop
  endfacet
  facet normal -0.17423535883426666 0.29091158509254456 0.9407510161399841
    outer loop
      vertex -2.917001962661743 -3.7529489994049072 48.117210388183594
      vertex -3.3034451007843018 -3.0965309143066406 47.8426513671875
      vertex -3.8418920040130615 -3.8119850158691406 47.964168548583984
    endloop
  endfacet
  facet normal -0.17460286617279053 0.33799001574516296 0.9248116612434387
    outer loop
      vertex -3.8418920040130615 -3.8119850158691406 47.964168548583984
      vertex -3.4334869384765625 -4.5649800300598145 48.316471099853516
      vertex -2.917001962661743 -3.7529489994049072 48.117210388183594
    endloop
  endfacet
  facet normal 0.0375102199614048 0.02574755623936653 0.9989644289016724
    outer loop
      vertex 0.498306006193161 1.1830040216445923 47.6861457824707
      vertex -1.3016769886016846 0.021129999309778214 47.7836799621582
      vertex -1.1989010572433472 -0.35104900598526 47.78941345214844
    endloop
  endfacet
  facet normal -0.047847241163253784 0.002174666617065668 0.9988523125648499
    outer loop
      vertex -1.1989010572433472 -0.35104900598526 47.78941345214844
      vertex -1.3016769886016846 0.021129999309778214 47.7836799621582
      vertex -2.062598943710327 -0.7815399765968323 47.74897766113281
    endloop
  endfacet
  facet normal -0.08196700364351273 0.07107608765363693 0.9940973520278931
    outer loop
      vertex -2.062598943710327 -0.7815399765968323 47.74897766113281
      vertex -1.9066959619522095 -1.3054850101470947 47.799293518066406
      vertex -1.1989010572433472 -0.35104900598526 47.78941345214844
    endloop
  endfacet
  facet normal -0.12008300423622131 0.05943537503480911 0.9909831881523132
    outer loop
      vertex -1.9066959619522095 -1.3054850101470947 47.799293518066406
      vertex -2.062598943710327 -0.7815399765968323 47.74897766113281
      vertex -2.759329080581665 -1.5652600526809692 47.71155548095703
    endloop
  endfacet
  facet normal -0.14243446290493011 0.13638418912887573 0.9803630709648132
    outer loop
      vertex -2.759329080581665 -1.5652600526809692 47.71155548095703
      vertex -2.628369092941284 -2.220518112182617 47.821739196777344
      vertex -1.9066959619522095 -1.3054850101470947 47.799293518066406
    endloop
  endfacet
  facet normal -0.1833416074514389 0.12726899981498718 0.9747760891914368
    outer loop
      vertex -2.628369092941284 -2.220518112182617 47.821739196777344
      vertex -2.759329080581665 -1.5652600526809692 47.71155548095703
      vertex -3.447606086730957 -2.306123971939087 47.678829193115234
    endloop
  endfacet
  facet normal -0.1863221973180771 0.166698157787323 0.9682435989379883
    outer loop
      vertex -3.447606086730957 -2.306123971939087 47.678829193115234
      vertex -3.3034451007843018 -3.0965309143066406 47.8426513671875
      vertex -2.628369092941284 -2.220518112182617 47.821739196777344
    endloop
  endfacet
  facet normal -0.1745249629020691 0.16921466588974 0.9700037837028503
    outer loop
      vertex -3.3034451007843018 -3.0965309143066406 47.8426513671875
      vertex -3.447606086730957 -2.306123971939087 47.678829193115234
      vertex -4.075929164886475 -3.004962921142578 47.68769073486328
    endloop
  endfacet
  facet normal -0.1569654494524002 0.2790376543998718 0.9473646283149719
    outer loop
      vertex -4.075929164886475 -3.004962921142578 47.68769073486328
      vertex -3.8418920040130615 -3.8119850158691406 47.964168548583984
      vertex -3.3034451007843018 -3.0965309143066406 47.8426513671875
    endloop
  endfacet
  facet normal 0.05511556938290596 -0.001567537896335125 0.9984787702560425
    outer loop
      vertex 0.498306006193161 1.1830040216445923 47.6861457824707
      vertex -1.3606610298156738 0.42324098944664 47.787567138671875
      vertex -1.3016769886016846 0.021129999309778214 47.7836799621582
    endloop
  endfacet
  facet normal -0.06357531994581223 -0.018971232697367668 0.9977967143058777
    outer loop
      vertex -1.3016769886016846 0.021129999309778214 47.7836799621582
      vertex -1.3606610298156738 0.42324098944664 47.787567138671875
      vertex -2.154571056365967 -0.23034100234508514 47.72455596923828
    endloop
  endfacet
  facet normal -0.07824325561523438 0.03109363466501236 0.9964492321014404
    outer loop
      vertex -2.154571056365967 -0.23034100234508514 47.72455596923828
      vertex -2.062598943710327 -0.7815399765968323 47.74897766113281
      vertex -1.3016769886016846 0.021129999309778214 47.7836799621582
    endloop
  endfacet
  facet normal -0.12321808934211731 0.023396676406264305 0.9921037554740906
    outer loop
      vertex -2.062598943710327 -0.7815399765968323 47.74897766113281
      vertex -2.154571056365967 -0.23034100234508514 47.72455596923828
      vertex -2.8638179302215576 -0.8588700294494629 47.65129089355469
    endloop
  endfacet
  facet normal -0.1270064413547516 0.06565031409263611 0.9897269606590271
    outer loop
      vertex -2.8638179302215576 -0.8588700294494629 47.65129089355469
      vertex -2.759329080581665 -1.5652600526809692 47.71155548095703
      vertex -2.062598943710327 -0.7815399765968323 47.74897766113281
    endloop
  endfacet
  facet normal -0.16665050387382507 0.05931724235415459 0.9842302203178406
    outer loop
      vertex -2.759329080581665 -1.5652600526809692 47.71155548095703
      vertex -2.8638179302215576 -0.8588700294494629 47.65129089355469
      vertex -3.5595579147338867 -1.4709030389785767 47.57037353515625
    endloop
  endfacet
  facet normal -0.1606442779302597 0.10589388012886047 0.9813153743743896
    outer loop
      vertex -3.5595579147338867 -1.4709030389785767 47.57037353515625
      vertex -3.447606086730957 -2.306123971939087 47.678829193115234
      vertex -2.759329080581665 -1.5652600526809692 47.71155548095703
    endloop
  endfacet
  facet normal -0.18188448250293732 0.10261007398366928 0.9779515862464905
    outer loop
      vertex -3.447606086730957 -2.306123971939087 47.678829193115234
      vertex -3.5595579147338867 -1.4709030389785767 47.57037353515625
      vertex -4.221851825714111 -2.0771939754486084 47.51081085205078
    endloop
  endfacet
  facet normal -0.16399630904197693 0.15979187190532684 0.9734330177307129
    outer loop
      vertex -4.221851825714111 -2.0771939754486084 47.51081085205078
      vertex -4.075929164886475 -3.004962921142578 47.68769073486328
      vertex -3.447606086730957 -2.306123971939087 47.678829193115234
    endloop
  endfacet
  facet normal 0.07099483162164688 -0.04066494107246399 0.9966474175453186
    outer loop
      vertex 0.498306006193161 1.1830040216445923 47.6861457824707
      vertex -1.3808890581130981 0.8050940036773682 47.804588317871094
      vertex -1.3606610298156738 0.42324098944664 47.787567138671875
    endloop
  endfacet
  facet normal -0.06938627362251282 -0.04809170216321945 0.996429979801178
    outer loop
      vertex -1.3606610298156738 0.42324098944664 47.787567138671875
      vertex -1.3808890581130981 0.8050940036773682 47.804588317871094
      vertex -2.1955580711364746 0.32859399914741516 47.72486114501953
    endloop
  endfacet
  facet normal -0.07421905547380447 -0.0059870039112865925 0.997223973274231
    outer loop
      vertex -2.1955580711364746 0.32859399914741516 47.72486114501953
      vertex -2.154571056365967 -0.23034100234508514 47.72455596923828
      vertex -1.3606610298156738 0.42324098944664 47.787567138671875
    endloop
  endfacet
  facet normal -0.12238553166389465 -0.009516465477645397 0.9924370050430298
    outer loop
      vertex -2.154571056365967 -0.23034100234508514 47.72455596923828
      vertex -2.1955580711364746 0.32859399914741516 47.72486114501953
      vertex -2.9071879386901855 -0.1185780018568039 47.632816314697266
    endloop
  endfacet
  facet normal -0.11836826056241989 0.017841748893260956 0.9928094148635864
    outer loop
      vertex -2.9071879386901855 -0.1185780018568039 47.632816314697266
      vertex -2.8638179302215576 -0.8588700294494629 47.65129089355469
      vertex -2.154571056365967 -0.23034100234508514 47.72455596923828
    endloop
  endfacet
  facet normal -0.15275219082832336 0.015710826963186264 0.9881396293640137
    outer loop
      vertex -2.8638179302215576 -0.8588700294494629 47.65129089355469
      vertex -2.9071879386901855 -0.1185780018568039 47.632816314697266
      vertex -3.613719940185547 -0.5730689764022827 47.53082275390625
    endloop
  endfacet
  facet normal -0.14558294415473938 0.034772757440805435 0.9887347221374512
    outer loop
      vertex -3.613719940185547 -0.5730689764022827 47.53082275390625
      vertex -3.5595579147338867 -1.4709030389785767 47.57037353515625
      vertex -2.8638179302215576 -0.8588700294494629 47.65129089355469
    endloop
  endfacet
  facet normal -0.15934666991233826 0.033850278705358505 0.9866421818733215
    outer loop
      vertex -3.5595579147338867 -1.4709030389785767 47.57037353515625
      vertex -3.613719940185547 -0.5730689764022827 47.53082275390625
      vertex -4.326305866241455 -1.0490609407424927 47.43206787109375
    endloop
  endfacet
  facet normal -0.14461319148540497 0.060947250574827194 0.9876094460487366
    outer loop
      vertex -4.326305866241455 -1.0490609407424927 47.43206787109375
      vertex -4.221851825714111 -2.0771939754486084 47.51081085205078
      vertex -3.5595579147338867 -1.4709030389785767 47.57037353515625
    endloop
  endfacet
  facet normal 0.07582975178956985 -0.06522812694311142 0.9949849843978882
    outer loop
      vertex 0.498306006193161 1.1830040216445923 47.6861457824707
      vertex -1.3714020252227783 1.1739859580993652 47.82804870605469
      vertex -1.3808890581130981 0.8050940036773682 47.804588317871094
    endloop
  endfacet
  facet normal -0.07535620033740997 -0.061357930302619934 0.9952672123908997
    outer loop
      vertex -1.3808890581130981 0.8050940036773682 47.804588317871094
      vertex -1.3714020252227783 1.1739859580993652 47.82804870605469
      vertex -2.195146083831787 0.91668701171875 47.74981689453125
    endloop
  endfacet
  facet normal -0.07281483709812164 -0.0422334186732769 0.9964509606361389
    outer loop
      vertex -2.195146083831787 0.91668701171875 47.74981689453125
      vertex -2.1955580711364746 0.32859399914741516 47.72486114501953
      vertex -1.3808890581130981 0.8050940036773682 47.804588317871094
    endloop
  endfacet
  facet normal -0.11667120456695557 -0.04202574864029884 0.9922810196876526
    outer loop
      vertex -2.1955580711364746 0.32859399914741516 47.72486114501953
      vertex -2.195146083831787 0.91668701171875 47.74981689453125
      vertex -2.9086380004882812 0.6302340030670166 47.65379333496094
    endloop
  endfacet
  facet normal -0.11087244749069214 -0.02804463542997837 0.9934389591217041
    outer loop
      vertex -2.9086380004882812 0.6302340030670166 47.65379333496094
      vertex -2.9071879386901855 -0.1185780018568039 47.632816314697266
      vertex -2.1955580711364746 0.32859399914741516 47.72486114501953
    endloop
  endfacet
  facet normal -0.1448836773633957 -0.02798762544989586 0.9890527725219727
    outer loop
      vertex -2.9071879386901855 -0.1185780018568039 47.632816314697266
      vertex -2.9086380004882812 0.6302340030670166 47.65379333496094
      vertex -3.612175941467285 0.35285401344299316 47.542884826660156
    endloop
  endfacet
  facet normal -0.13486933708190918 -0.012682100757956505 0.9907822012901306
    outer loop
      vertex -3.612175941467285 0.35285401344299316 47.542884826660156
      vertex -3.613719940185547 -0.5730689764022827 47.53082275390625
      vertex -2.9071879386901855 -0.1185780018568039 47.632816314697266
    endloop
  endfacet
  facet normal -0.12958312034606934 -0.012700101360678673 0.9914872050285339
    outer loop
      vertex -3.613719940185547 -0.5730689764022827 47.53082275390625
      vertex -3.612175941467285 0.35285401344299316 47.542884826660156
      vertex -4.4168901443481445 0.02895200066268444 47.433563232421875
    endloop
  endfacet
  facet normal -0.12924091517925262 -0.012235383503139019 0.9915377497673035
    outer loop
      vertex -4.4168901443481445 0.02895200066268444 47.433563232421875
      vertex -4.326305866241455 -1.0490609407424927 47.43206787109375
      vertex -3.613719940185547 -0.5730689764022827 47.53082275390625
    endloop
  endfacet
  facet normal 0.07582922279834747 -0.05898236855864525 0.995374858379364
    outer loop
      vertex 0.498306006193161 1.1830040216445923 47.6861457824707
      vertex -1.3327239751815796 1.5177170038223267 47.8454704284668
      vertex -1.3714020252227783 1.1739859580993652 47.82804870605469
    endloop
  endfacet
  facet normal -0.06769710034132004 -0.042903557419776917 0.9967830777168274
    outer loop
      vertex -1.3714020252227783 1.1739859580993652 47.82804870605469
      vertex -1.3327239751815796 1.5177170038223267 47.8454704284668
      vertex -2.160299062728882 1.4704669713974 47.7872314453125
    endloop
  endfacet
  facet normal -0.07498878985643387 -0.06252062320709229 0.9952225685119629
    outer loop
      vertex -2.160299062728882 1.4704669713974 47.7872314453125
      vertex -2.195146083831787 0.91668701171875 47.74981689453125
      vertex -1.3714020252227783 1.1739859580993652 47.82804870605469
    endloop
  endfacet
  facet normal -0.1056787446141243 -0.0604097954928875 0.9925637245178223
    outer loop
      vertex -2.195146083831787 0.91668701171875 47.74981689453125
      vertex -2.160299062728882 1.4704669713974 47.7872314453125
      vertex -2.870620012283325 1.4064409732818604 47.707706451416016
    endloop
  endfacet
  facet normal -0.10797891765832901 -0.06362078338861465 0.9921153783798218
    outer loop
      vertex -2.870620012283325 1.4064409732818604 47.707706451416016
      vertex -2.9086380004882812 0.6302340030670166 47.65379333496094
      vertex -2.195146083831787 0.91668701171875 47.74981689453125
    endloop
  endfacet
  facet normal -0.13522563874721527 -0.06206079572439194 0.9888693690299988
    outer loop
      vertex -2.9086380004882812 0.6302340030670166 47.65379333496094
      vertex -2.870620012283325 1.4064409732818604 47.707706451416016
      vertex -3.582179069519043 1.3181040287017822 47.6048583984375
    endloop
  endfacet
  facet normal -0.13255096971988678 -0.05940449610352516 0.9893944263458252
    outer loop
      vertex -3.582179069519043 1.3181040287017822 47.6048583984375
      vertex -3.612175941467285 0.35285401344299316 47.542884826660156
      vertex -2.9086380004882812 0.6302340030670166 47.65379333496094
    endloop
  endfacet
  facet normal -0.13250908255577087 -0.059406161308288574 0.9894000291824341
    outer loop
      vertex -3.612175941467285 0.35285401344299316 47.542884826660156
      vertex -3.582179069519043 1.3181040287017822 47.6048583984375
      vertex -4.452001094818115 1.1676729917526245 47.479331970214844
    endloop
  endfacet
  facet normal -0.11727811396121979 -0.04349355772137642 0.9921462535858154
    outer loop
      vertex -4.452001094818115 1.1676729917526245 47.479331970214844
      vertex -4.4168901443481445 0.02895200066268444 47.433563232421875
      vertex -3.612175941467285 0.35285401344299316 47.542884826660156
    endloop
  endfacet
  facet normal 0.07207498699426651 -0.07899206131696701 0.9942663311958313
    outer loop
      vertex 0.498306006193161 1.1830040216445923 47.6861457824707
      vertex -1.281991958618164 1.8546429872512817 47.868560791015625
      vertex -1.3327239751815796 1.5177170038223267 47.8454704284668
    endloop
  endfacet
  facet normal -0.06520336121320724 -0.05845131352543831 0.9961586594581604
    outer loop
      vertex -1.3327239751815796 1.5177170038223267 47.8454704284668
      vertex -1.281991958618164 1.8546429872512817 47.868560791015625
      vertex -2.0950100421905518 1.9974249601364136 47.82372283935547
    endloop
  endfacet
  facet normal -0.06662020832300186 -0.06071316823363304 0.9959295392036438
    outer loop
      vertex -2.0950100421905518 1.9974249601364136 47.82372283935547
      vertex -2.160299062728882 1.4704669713974 47.7872314453125
      vertex -1.3327239751815796 1.5177170038223267 47.8454704284668
    endloop
  endfacet
  facet normal -0.08353693783283234 -0.05853788182139397 0.994783878326416
    outer loop
      vertex -2.160299062728882 1.4704669713974 47.7872314453125
      vertex -2.0950100421905518 1.9974249601364136 47.82372283935547
      vertex -2.793252944946289 2.1330931186676025 47.7730712890625
    endloop
  endfacet
  facet normal -0.10396420210599899 -0.07812042534351349 0.9915083050727844
    outer loop
      vertex -2.793252944946289 2.1330931186676025 47.7730712890625
      vertex -2.870620012283325 1.4064409732818604 47.707706451416016
      vertex -2.160299062728882 1.4704669713974 47.7872314453125
    endloop
  endfacet
  facet normal -0.1046593189239502 -0.07804040610790253 0.9914414286613464
    outer loop
      vertex -2.870620012283325 1.4064409732818604 47.707706451416016
      vertex -2.793252944946289 2.1330931186676025 47.7730712890625
      vertex -3.505742073059082 2.2504920959472656 47.70709991455078
    endloop
  endfacet
  facet normal -0.13050515949726105 -0.0974920466542244 0.9866427183151245
    outer loop
      vertex -3.505742073059082 2.2504920959472656 47.70709991455078
      vertex -3.582179069519043 1.3181040287017822 47.6048583984375
      vertex -2.870620012283325 1.4064409732818604 47.707706451416016
    endloop
  endfacet
  facet normal -0.1467965692281723 -0.09592205286026001 0.9845048189163208
    outer loop
      vertex -3.582179069519043 1.3181040287017822 47.6048583984375
      vertex -3.505742073059082 2.2504920959472656 47.70709991455078
      vertex -4.355813980102539 2.311460018157959 47.58628845214844
    endloop
  endfacet
  facet normal -0.1285160332918167 -0.08161324262619019 0.9883435964584351
    outer loop
      vertex -4.355813980102539 2.311460018157959 47.58628845214844
      vertex -4.452001094818115 1.1676729917526245 47.479331970214844
      vertex -3.582179069519043 1.3181040287017822 47.6048583984375
    endloop
  endfacet
  facet normal 0.06995435804128647 -0.0845305547118187 0.993962287902832
    outer loop
      vertex 0.498306006193161 1.1830040216445923 47.6861457824707
      vertex -1.21561598777771 2.1816670894622803 47.891700744628906
      vertex -1.281991958618164 1.8546429872512817 47.868560791015625
    endloop
  endfacet
  facet normal -0.0504889041185379 -0.0602923259139061 0.996903121471405
    outer loop
      vertex -1.281991958618164 1.8546429872512817 47.868560791015625
      vertex -1.21561598777771 2.1816670894622803 47.891700744628906
      vertex -2.014815092086792 2.519148111343384 47.87163543701172
    endloop
  endfacet
  facet normal -0.0690121054649353 -0.08070807158946991 0.9943457841873169
    outer loop
      vertex -2.014815092086792 2.519148111343384 47.87163543701172
      vertex -2.0950100421905518 1.9974249601364136 47.82372283935547
      vertex -1.281991958618164 1.8546429872512817 47.868560791015625
    endloop
  endfacet
  facet normal -0.06627614051103592 -0.08114246279001236 0.9944965839385986
    outer loop
      vertex -2.0950100421905518 1.9974249601364136 47.82372283935547
      vertex -2.014815092086792 2.519148111343384 47.87163543701172
      vertex -2.6959609985351562 2.845237970352173 47.852848052978516
    endloop
  endfacet
  facet normal -0.0910380631685257 -0.0985727310180664 0.9909569025039673
    outer loop
      vertex -2.6959609985351562 2.845237970352173 47.852848052978516
      vertex -2.793252944946289 2.1330931186676025 47.7730712890625
      vertex -2.0950100421905518 1.9974249601364136 47.82372283935547
    endloop
  endfacet
  facet normal -0.08562326431274414 -0.09935776144266129 0.9913610816001892
    outer loop
      vertex -2.793252944946289 2.1330931186676025 47.7730712890625
      vertex -2.6959609985351562 2.845237970352173 47.852848052978516
      vertex -3.3982229232788086 3.153693914413452 47.8231086730957
    endloop
  endfacet
  facet normal -0.11016105115413666 -0.11370797455310822 0.9873880743980408
    outer loop
      vertex -3.3982229232788086 3.153693914413452 47.8231086730957
      vertex -3.505742073059082 2.2504920959472656 47.70709991455078
      vertex -2.793252944946289 2.1330931186676025 47.7730712890625
    endloop
  endfacet
  facet normal -0.12074697762727737 -0.1123092919588089 0.9863097667694092
    outer loop
      vertex -3.505742073059082 2.2504920959472656 47.70709991455078
      vertex -3.3982229232788086 3.153693914413452 47.8231086730957
      vertex -4.263917922973633 3.4350779056549072 47.749168395996094
    endloop
  endfacet
  facet normal -0.1486416906118393 -0.12995001673698425 0.9803155660629272
    outer loop
      vertex -4.263917922973633 3.4350779056549072 47.749168395996094
      vertex -4.355813980102539 2.311460018157959 47.58628845214844
      vertex -3.505742073059082 2.2504920959472656 47.70709991455078
    endloop
  endfacet
  facet normal 0.07018446922302246 -0.0841391459107399 0.993979275226593
    outer loop
      vertex 0.498306006193161 1.1830040216445923 47.6861457824707
      vertex -1.1324080228805542 2.494515895843506 47.91230773925781
      vertex -1.21561598777771 2.1816670894622803 47.891700744628906
    endloop
  endfacet
  facet normal -0.026812488213181496 -0.05860067158937454 0.9979214072227478
    outer loop
      vertex -1.21561598777771 2.1816670894622803 47.891700744628906
      vertex -1.1324080228805542 2.494515895843506 47.91230773925781
      vertex -1.9150259494781494 3.02565598487854 47.92247009277344
    endloop
  endfacet
  facet normal -0.0619446225464344 -0.08757992833852768 0.9942297339439392
    outer loop
      vertex -1.9150259494781494 3.02565598487854 47.92247009277344
      vertex -2.014815092086792 2.519148111343384 47.87163543701172
      vertex -1.21561598777771 2.1816670894622803 47.891700744628906
    endloop
  endfacet
  facet normal -0.04491234943270683 -0.09099657833576202 0.9948379397392273
    outer loop
      vertex -2.014815092086792 2.519148111343384 47.87163543701172
      vertex -1.9150259494781494 3.02565598487854 47.92247009277344
      vertex -2.57265305519104 3.540743112564087 47.93989562988281
    endloop
  endfacet
  facet normal -0.07990647107362747 -0.10983069986104965 0.9907331466674805
    outer loop
      vertex -2.57265305519104 3.540743112564087 47.93989562988281
      vertex -2.6959609985351562 2.845237970352173 47.852848052978516
      vertex -2.014815092086792 2.519148111343384 47.87163543701172
    endloop
  endfacet
  facet normal -0.05842437967658043 -0.11377130448818207 0.9917876720428467
    outer loop
      vertex -2.6959609985351562 2.845237970352173 47.852848052978516
      vertex -2.57265305519104 3.540743112564087 47.93989562988281
      vertex -3.2560930252075195 4.035430908203125 47.956382751464844
    endloop
  endfacet
  facet normal -0.10013220459222794 -0.13290156424045563 0.9860581755638123
    outer loop
      vertex -3.2560930252075195 4.035430908203125 47.956382751464844
      vertex -3.3982229232788086 3.153693914413452 47.8231086730957
      vertex -2.6959609985351562 2.845237970352173 47.852848052978516
    endloop
  endfacet
  facet normal -0.09194187074899673 -0.1343134194612503 0.986664354801178
    outer loop
      vertex -3.3982229232788086 3.153693914413452 47.8231086730957
      vertex -3.2560930252075195 4.035430908203125 47.956382751464844
      vertex -4.085626125335693 4.511582851409912 47.94390106201172
    endloop
  endfacet
  facet normal -0.13394266366958618 -0.1548769176006317 0.9788118004798889
    outer loop
      vertex -4.085626125335693 4.511582851409912 47.94390106201172
      vertex -4.263917922973633 3.4350779056549072 47.749168395996094
      vertex -3.3982229232788086 3.153693914413452 47.8231086730957
    endloop
  endfacet
  facet normal 0.073322594165802 -0.08025358617305756 0.9940740466117859
    outer loop
      vertex 0.498306006193161 1.1830040216445923 47.6861457824707
      vertex -1.0280150175094604 2.792695999145508 47.928680419921875
      vertex -1.1324080228805542 2.494515895843506 47.91230773925781
    endloop
  endfacet
  facet normal -0.004596536047756672 -0.053221046924591064 0.9985721707344055
    outer loop
      vertex -1.1324080228805542 2.494515895843506 47.91230773925781
      vertex -1.0280150175094604 2.792695999145508 47.928680419921875
      vertex -1.7337349653244019 3.4948079586029053 47.962852478027344
    endloop
  endfacet
  facet normal -0.035876061767339706 -0.07193340361118317 0.9967640042304993
    outer loop
      vertex -1.7337349653244019 3.4948079586029053 47.962852478027344
      vertex -1.9150259494781494 3.02565598487854 47.92247009277344
      vertex -1.1324080228805542 2.494515895843506 47.91230773925781
    endloop
  endfacet
  facet normal 0.006131790112704039 -0.0881083607673645 0.9960920214653015
    outer loop
      vertex -1.9150259494781494 3.02565598487854 47.92247009277344
      vertex -1.7337349653244019 3.4948079586029053 47.962852478027344
      vertex -2.4198899269104004 4.207804203033447 48.03014373779297
    endloop
  endfacet
  facet normal -0.06675530225038528 -0.118743397295475 0.9906784296035767
    outer loop
      vertex -2.4198899269104004 4.207804203033447 48.03014373779297
      vertex -2.57265305519104 3.540743112564087 47.93989562988281
      vertex -1.9150259494781494 3.02565598487854 47.92247009277344
    endloop
  endfacet
  facet normal -0.02973710186779499 -0.12732066214084625 0.9914156794548035
    outer loop
      vertex -2.57265305519104 3.540743112564087 47.93989562988281
      vertex -2.4198899269104004 4.207804203033447 48.03014373779297
      vertex -3.078752040863037 4.887125015258789 48.09762191772461
    endloop
  endfacet
  facet normal -0.08216536790132523 -0.14637167751789093 0.9858114123344421
    outer loop
      vertex -3.078752040863037 4.887125015258789 48.09762191772461
      vertex -3.2560930252075195 4.035430908203125 47.956382751464844
      vertex -2.57265305519104 3.540743112564087 47.93989562988281
    endloop
  endfacet
  facet normal -0.06201951205730438 -0.15070253610610962 0.9866318106651306
    outer loop
      vertex -3.2560930252075195 4.035430908203125 47.956382751464844
      vertex -3.078752040863037 4.887125015258789 48.09762191772461
      vertex -3.85036301612854 5.531909942626953 48.147605895996094
    endloop
  endfacet
  facet normal -0.11209932714700699 -0.16962890326976776 0.9791117906570435
    outer loop
      vertex -3.85036301612854 5.531909942626953 48.147605895996094
      vertex -4.085626125335693 4.511582851409912 47.94390106201172
      vertex -3.2560930252075195 4.035430908203125 47.956382751464844
    endloop
  endfacet
  facet normal 0.07873858511447906 -0.07511620223522186 0.9940613508224487
    outer loop
      vertex 0.498306006193161 1.1830040216445923 47.6861457824707
      vertex -0.8988699913024902 3.073559045791626 47.939674377441406
      vertex -1.0280150175094604 2.792695999145508 47.928680419921875
    endloop
  endfacet
  facet normal 0.03179283067584038 -0.053686030209064484 0.998051643371582
    outer loop
      vertex -1.0280150175094604 2.792695999145508 47.928680419921875
      vertex -0.8988699913024902 3.073559045791626 47.939674377441406
      vertex -1.566575050354004 3.9518179893493652 48.00818634033203
    endloop
  endfacet
  facet normal -0.03669668734073639 -0.08534516394138336 0.9956753849983215
    outer loop
      vertex -1.566575050354004 3.9518179893493652 48.00818634033203
      vertex -1.7337349653244019 3.4948079586029053 47.962852478027344
      vertex -1.0280150175094604 2.792695999145508 47.928680419921875
    endloop
  endfacet
  facet normal 0.025240687653422356 -0.1078188344836235 0.99385005235672
    outer loop
      vertex -1.7337349653244019 3.4948079586029053 47.962852478027344
      vertex -1.566575050354004 3.9518179893493652 48.00818634033203
      vertex -2.2261369228363037 4.846747875213623 48.12202453613281
    endloop
  endfacet
  facet normal -0.038686588406562805 -0.130727156996727 0.9906632900238037
    outer loop
      vertex -2.2261369228363037 4.846747875213623 48.12202453613281
      vertex -2.4198899269104004 4.207804203033447 48.03014373779297
      vertex -1.7337349653244019 3.4948079586029053 47.962852478027344
    endloop
  endfacet
  facet normal -0.0009580499609000981 -0.14205223321914673 0.9898587465286255
    outer loop
      vertex -2.4198899269104004 4.207804203033447 48.03014373779297
      vertex -2.2261369228363037 4.846747875213623 48.12202453613281
      vertex -2.8583950996398926 5.7037577629089355 48.24440002441406
    endloop
  endfacet
  facet normal -0.06388871371746063 -0.15981416404247284 0.9850775003433228
    outer loop
      vertex -2.8583950996398926 5.7037577629089355 48.24440002441406
      vertex -3.078752040863037 4.887125015258789 48.09762191772461
      vertex -2.4198899269104004 4.207804203033447 48.03014373779297
    endloop
  endfacet
  facet normal -0.03034796006977558 -0.1688811480998993 0.9851691126823425
    outer loop
      vertex -3.078752040863037 4.887125015258789 48.09762191772461
      vertex -2.8583950996398926 5.7037577629089355 48.24440002441406
      vertex -3.5872058868408203 6.521677017211914 48.362159729003906
    endloop
  endfacet
  facet normal -0.09310541301965714 -0.1872255504131317 0.97789466381073
    outer loop
      vertex -3.5872058868408203 6.521677017211914 48.362159729003906
      vertex -3.85036301612854 5.531909942626953 48.147605895996094
      vertex -3.078752040863037 4.887125015258789 48.09762191772461
    endloop
  endfacet
  facet normal -0.022903162986040115 -0.21254593133926392 0.9768826365470886
    outer loop
      vertex -3.5872058868408203 6.521677017211914 48.362159729003906
      vertex -3.23806095123291 7.438746929168701 48.56987762451172
      vertex -3.8949670791625977 8.256041526794434 48.7322998046875
    endloop
  endfacet
  facet normal -0.08428653329610825 -0.222255140542984 0.9713384509086609
    outer loop
      vertex -3.8949670791625977 8.256041526794434 48.7322998046875
      vertex -4.319389820098877 7.247779846191406 48.46476745605469
      vertex -3.5872058868408203 6.521677017211914 48.362159729003906
    endloop
  endfacet
  facet normal -0.029168013483285904 -0.244867742061615 0.9691176414489746
    outer loop
      vertex -4.319389820098877 7.247779846191406 48.46476745605469
      vertex -3.8949670791625977 8.256041526794434 48.7322998046875
      vertex -4.8163371086120605 8.949386596679688 48.879756927490234
    endloop
  endfacet
  facet normal -0.06608832627534866 -0.25459402799606323 0.9647871255874634
    outer loop
      vertex -4.8163371086120605 8.949386596679688 48.879756927490234
      vertex -5.286709785461426 7.8017730712890625 48.54469680786133
      vertex -4.319389820098877 7.247779846191406 48.46476745605469
    endloop
  endfacet
  facet normal -0.16219614446163177 -0.21471405029296875 0.963114857673645
    outer loop
      vertex -5.286709785461426 7.8017730712890625 48.54469680786133
      vertex -4.8163371086120605 8.949386596679688 48.879756927490234
      vertex -5.798198223114014 9.340723037719727 48.8016471862793
    endloop
  endfacet
  facet normal -0.15391792356967926 -0.2122793346643448 0.9650112986564636
    outer loop
      vertex -5.798198223114014 9.340723037719727 48.8016471862793
      vertex -6.34935998916626 8.092573165893555 48.43917465209961
      vertex -5.286709785461426 7.8017730712890625 48.54469680786133
    endloop
  endfacet
  facet normal -0.4955590069293976 -0.033225759863853455 0.8679386377334595
    outer loop
      vertex -6.34935998916626 8.092573165893555 48.43917465209961
      vertex -5.798198223114014 9.340723037719727 48.8016471862793
      vertex -6.689634799957275 9.517087936401367 48.29942321777344
    endloop
  endfacet
  facet normal -0.4692574441432953 -0.025495579466223717 0.882693350315094
    outer loop
      vertex -6.689634799957275 9.517087936401367 48.29942321777344
      vertex -7.323288917541504 8.214435577392578 47.92493438720703
      vertex -6.34935998916626 8.092573165893555 48.43917465209961
    endloop
  endfacet
  facet normal -0.8221138715744019 0.2533297538757324 0.5098557472229004
    outer loop
      vertex -7.323288917541504 8.214435577392578 47.92493438720703
      vertex -6.689634799957275 9.517087936401367 48.29942321777344
      vertex -7.403756141662598 9.651269912719727 47.08127212524414
    endloop
  endfacet
  facet normal -0.7828261852264404 0.2818795442581177 0.554731547832489
    outer loop
      vertex -7.403756141662598 9.651269912719727 47.08127212524414
      vertex -8.220475196838379 8.265167236328125 46.63306427001953
      vertex -7.323288917541504 8.214435577392578 47.92493438720703
    endloop
  endfacet
  facet normal 0.004090367816388607 -0.22053126990795135 0.9753714203834534
    outer loop
      vertex -3.23806095123291 7.438746929168701 48.56987762451172
      vertex -2.780349016189575 8.243852615356445 48.74999237060547
      vertex -3.3393828868865967 9.109734535217285 48.94811248779297
    endloop
  endfacet
  facet normal -0.03621247038245201 -0.22271254658699036 0.9742114543914795
    outer loop
      vertex -3.3393828868865967 9.109734535217285 48.94811248779297
      vertex -3.8949670791625977 8.256041526794434 48.7322998046875
      vertex -3.23806095123291 7.438746929168701 48.56987762451172
    endloop
  endfacet
  facet normal -0.018823109567165375 -0.23351377248764038 0.9721713662147522
    outer loop
      vertex -3.8949670791625977 8.256041526794434 48.7322998046875
      vertex -3.3393828868865967 9.109734535217285 48.94811248779297
      vertex -4.181046009063721 9.917814254760742 49.12591552734375
    endloop
  endfacet
  facet normal -0.02032872475683689 -0.23375223577022552 0.9720837473869324
    outer loop
      vertex -4.181046009063721 9.917814254760742 49.12591552734375
      vertex -4.8163371086120605 8.949386596679688 48.879756927490234
      vertex -3.8949670791625977 8.256041526794434 48.7322998046875
    endloop
  endfacet
  facet normal -0.16828100383281708 -0.13770902156829834 0.9760725498199463
    outer loop
      vertex -4.8163371086120605 8.949386596679688 48.879756927490234
      vertex -4.181046009063721 9.917814254760742 49.12591552734375
      vertex -5.051988124847412 10.408031463623047 49.044921875
    endloop
  endfacet
  facet normal -0.13093316555023193 -0.13240422308444977 0.9825099110603333
    outer loop
      vertex -5.051988124847412 10.408031463623047 49.044921875
      vertex -5.798198223114014 9.340723037719727 48.8016471862793
      vertex -4.8163371086120605 8.949386596679688 48.879756927490234
    endloop
  endfacet
  facet normal -0.5146302580833435 0.168167844414711 0.840758740901947
    outer loop
      vertex -5.798198223114014 9.340723037719727 48.8016471862793
      vertex -5.051988124847412 10.408031463623047 49.044921875
      vertex -5.818240165710449 10.653694152832031 48.52676010131836
    endloop
  endfacet
  facet normal -0.4566154181957245 0.17562702298164368 0.8721569180488586
    outer loop
      vertex -5.818240165710449 10.653694152832031 48.52676010131836
      vertex -6.689634799957275 9.517087936401367 48.29942321777344
      vertex -5.798198223114014 9.340723037719727 48.8016471862793
    endloop
  endfacet
  facet normal -0.7524495124816895 0.48851218819618225 0.44178688526153564
    outer loop
      vertex -6.689634799957275 9.517087936401367 48.29942321777344
      vertex -5.818240165710449 10.653694152832031 48.52676010131836
      vertex -6.393984794616699 10.824605941772461 47.3571662902832
    endloop
  endfacet
  facet normal -0.7185123562812805 0.5061964988708496 0.4769749045372009
    outer loop
      vertex -6.393984794616699 10.824605941772461 47.3571662902832
      vertex -7.403756141662598 9.651269912719727 47.08127212524414
      vertex -6.689634799957275 9.517087936401367 48.29942321777344
    endloop
  endfacet
  facet normal 0.02387862652540207 -0.21748214960098267 0.9757721424102783
    outer loop
      vertex -2.780349016189575 8.243852615356445 48.74999237060547
      vertex -2.1945250034332275 8.895074844360352 48.880802154541016
      vertex -2.644659996032715 9.768732070922852 49.08654022216797
    endloop
  endfacet
  facet normal 0.010767986997961998 -0.2164190709590912 0.9762412309646606
    outer loop
      vertex -2.644659996032715 9.768732070922852 49.08654022216797
      vertex -3.3393828868865967 9.109734535217285 48.94811248779297
      vertex -2.780349016189575 8.243852615356445 48.74999237060547
    endloop
  endfacet
  facet normal -0.010306556709110737 -0.1951429843902588 0.9807206392288208
    outer loop
      vertex -3.3393828868865967 9.109734535217285 48.94811248779297
      vertex -2.644659996032715 9.768732070922852 49.08654022216797
      vertex -3.3557651042938232 10.636676788330078 49.25177001953125
    endloop
  endfacet
  facet normal 0.02013454958796501 -0.19479961693286896 0.9806363582611084
    outer loop
      vertex -3.3557651042938232 10.636676788330078 49.25177001953125
      vertex -4.181046009063721 9.917814254760742 49.12591552734375
      vertex -3.3393828868865967 9.109734535217285 48.94811248779297
    endloop
  endfacet
  facet normal -0.15052616596221924 -0.0002700691402424127 0.9886060357093811
    outer loop
      vertex -4.181046009063721 9.917814254760742 49.12591552734375
      vertex -3.3557651042938232 10.636676788330078 49.25177001953125
      vertex -4.079826831817627 11.201171875 49.14167785644531
    endloop
  endfacet
  facet normal -0.09522604197263718 -0.004715621471405029 0.9954445958137512
    outer loop
      vertex -4.079826831817627 11.201171875 49.14167785644531
      vertex -5.051988124847412 10.408031463623047 49.044921875
      vertex -4.181046009063721 9.917814254760742 49.12591552734375
    endloop
  endfacet
  facet normal -0.443229615688324 0.44859614968299866 0.7760857343673706
    outer loop
      vertex -5.051988124847412 10.408031463623047 49.044921875
      vertex -4.079826831817627 11.201171875 49.14167785644531
      vertex -4.708517074584961 11.508796691894531 48.60481262207031
    endloop
  endfacet
  facet normal -0.399326890707016 0.44507038593292236 0.8015300631523132
    outer loop
      vertex -4.708517074584961 11.508796691894531 48.60481262207031
      vertex -5.818240165710449 10.653694152832031 48.52676010131836
      vertex -5.051988124847412 10.408031463623047 49.044921875
    endloop
  endfacet
  facet normal -0.5832934975624084 0.723229169845581 0.36974093317985535
    outer loop
      vertex -5.818240165710449 10.653694152832031 48.52676010131836
      vertex -4.708517074584961 11.508796691894531 48.60481262207031
      vertex -5.194307804107666 11.694377899169922 47.47543716430664
    endloop
  endfacet
  facet normal -0.5662614107131958 0.7286620140075684 0.3852268159389496
    outer loop
      vertex -5.194307804107666 11.694377899169922 47.47543716430664
      vertex -6.393984794616699 10.824605941772461 47.3571662902832
      vertex -5.818240165710449 10.653694152832031 48.52676010131836
    endloop
  endfacet
  facet normal 0.045101892203092575 -0.19783633947372437 0.9791969656944275
    outer loop
      vertex -2.1945250034332275 8.895074844360352 48.880802154541016
      vertex -1.4488780498504639 9.325338363647461 48.933387756347656
      vertex -1.7854570150375366 10.162067413330078 49.117942810058594
    endloop
  endfacet
  facet normal 0.05638423189520836 -0.20123961567878723 0.9779179692268372
    outer loop
      vertex -1.7854570150375366 10.162067413330078 49.117942810058594
      vertex -2.644659996032715 9.768732070922852 49.08654022216797
      vertex -2.1945250034332275 8.895074844360352 48.880802154541016
    endloop
  endfacet
  facet normal 0.020740097388625145 -0.12450291216373444 0.9920024275779724
    outer loop
      vertex -2.644659996032715 9.768732070922852 49.08654022216797
      vertex -1.7854570150375366 10.162067413330078 49.117942810058594
      vertex -2.333528995513916 11.025880813598633 49.237815856933594
    endloop
  endfacet
  facet normal 0.06491091102361679 -0.13503877818584442 0.9887118935585022
    outer loop
      vertex -2.333528995513916 11.025880813598633 49.237815856933594
      vertex -3.3557651042938232 10.636676788330078 49.25177001953125
      vertex -2.644659996032715 9.768732070922852 49.08654022216797
    endloop
  endfacet
  facet normal -0.056367576122283936 0.18323630094528198 0.9814515709877014
    outer loop
      vertex -3.3557651042938232 10.636676788330078 49.25177001953125
      vertex -2.333528995513916 11.025880813598633 49.237815856933594
      vertex -2.897844076156616 11.626260757446289 49.09331512451172
    endloop
  endfacet
  facet normal -0.019713440909981728 0.16696572303771973 0.9857655763626099
    outer loop
      vertex -2.897844076156616 11.626260757446289 49.09331512451172
      vertex -4.079826831817627 11.201171875 49.14167785644531
      vertex -3.3557651042938232 10.636676788330078 49.25177001953125
    endloop
  endfacet
  facet normal -0.23062460124492645 0.7162033319473267 0.6586844325065613
    outer loop
      vertex -4.079826831817627 11.201171875 49.14167785644531
      vertex -2.897844076156616 11.626260757446289 49.09331512451172
      vertex -3.3963658809661865 11.968378067016602 48.546775817871094
    endloop
  endfacet
  facet normal -0.22013314068317413 0.7126209139823914 0.6661177277565002
    outer loop
      vertex -3.3963658809661865 11.968378067016602 48.546775817871094
      vertex -4.708517074584961 11.508796691894531 48.60481262207031
      vertex -4.079826831817627 11.201171875 49.14167785644531
    endloop
  endfacet
  facet normal -0.3062475323677063 0.9097601771354675 0.2802658975124359
    outer loop
      vertex -4.708517074584961 11.508796691894531 48.60481262207031
      vertex -3.3963658809661865 11.968378067016602 48.546775817871094
      vertex -3.813776969909668 12.164226531982422 47.454933166503906
    endloop
  endfacet
  facet normal -0.30547642707824707 0.9098232984542847 0.28090187907218933
    outer loop
      vertex -3.813776969909668 12.164226531982422 47.454933166503906
      vertex -5.194307804107666 11.694377899169922 47.47543716430664
      vertex -4.708517074584961 11.508796691894531 48.60481262207031
    endloop
  endfacet
  facet normal 0.08715876191854477 -0.16128009557724 0.9830524325370789
    outer loop
      vertex -1.4488780498504639 9.325338363647461 48.933387756347656
      vertex -0.5187240242958069 9.441078186035156 48.86990737915039
      vertex -0.7453590035438538 10.206306457519531 49.01554489135742
    endloop
  endfacet
  facet normal 0.10381465405225754 -0.17422351241111755 0.9792184233665466
    outer loop
      vertex -0.7453590035438538 10.206306457519531 49.01554489135742
      vertex -1.7854570150375366 10.162067413330078 49.117942810058594
      vertex -1.4488780498504639 9.325338363647461 48.933387756347656
    endloop
  endfacet
  facet normal 0.09941678494215012 -0.035671018064022064 0.9944063425064087
    outer loop
      vertex -1.7854570150375366 10.162067413330078 49.117942810058594
      vertex -0.7453590035438538 10.206306457519531 49.01554489135742
      vertex -1.1211810111999512 11.025297164916992 49.082496643066406
    endloop
  endfacet
  facet normal 0.12684258818626404 -0.056944992393255234 0.9902869462966919
    outer loop
      vertex -1.1211810111999512 11.025297164916992 49.082496643066406
      vertex -2.333528995513916 11.025880813598633 49.237815856933594
      vertex -1.7854570150375366 10.162067413330078 49.117942810058594
    endloop
  endfacet
  facet normal 0.11932491511106491 0.3474156856536865 0.9300881028175354
    outer loop
      vertex -2.333528995513916 11.025880813598633 49.237815856933594
      vertex -1.1211810111999512 11.025297164916992 49.082496643066406
      vertex -1.5294619798660278 11.629402160644531 48.90922546386719
    endloop
  endfacet
  facet normal 0.12455391138792038 0.3413066267967224 0.9316630363464355
    outer loop
      vertex -1.5294619798660278 11.629402160644531 48.90922546386719
      vertex -2.897844076156616 11.626260757446289 49.09331512451172
      vertex -2.333528995513916 11.025880813598633 49.237815856933594
    endloop
  endfacet
  facet normal 0.06947874277830124 0.8446037173271179 0.5308647155761719
    outer loop
      vertex -2.897844076156616 11.626260757446289 49.09331512451172
      vertex -1.5294619798660278 11.629402160644531 48.90922546386719
      vertex -1.9072209596633911 11.989812850952148 48.38525390625
    endloop
  endfacet
  facet normal 0.042048946022987366 0.8636801242828369 0.5022833347320557
    outer loop
      vertex -1.9072209596633911 11.989812850952148 48.38525390625
      vertex -3.3963658809661865 11.968378067016602 48.546775817871094
      vertex -2.897844076156616 11.626260757446289 49.09331512451172
    endloop
  endfacet
  facet normal 0.00614610081538558 0.9823359847068787 0.18702475726604462
    outer loop
      vertex -3.3963658809661865 11.968378067016602 48.546775817871094
      vertex -1.9072209596633911 11.989812850952148 48.38525390625
      vertex -2.2761430740356445 12.192859649658203 47.33088684082031
    endloop
  endfacet
  facet normal -0.003962255083024502 0.9840185046195984 0.1780223548412323
    outer loop
      vertex -2.2761430740356445 12.192859649658203 47.33088684082031
      vertex -3.813776969909668 12.164226531982422 47.454933166503906
      vertex -3.3963658809661865 11.968378067016602 48.546775817871094
    endloop
  endfacet
  facet normal 0.15041574835777283 -0.1168624684214592 0.9816914796829224
    outer loop
      vertex -0.5187240242958069 9.441078186035156 48.86990737915039
      vertex 0.5947070121765137 9.224935531616211 48.67357635498047
      vertex 0.47658801078796387 9.884153366088867 48.77014923095703
    endloop
  endfacet
  facet normal 0.15970903635025024 -0.13871166110038757 0.9773699641227722
    outer loop
      vertex 0.47658801078796387 9.884153366088867 48.77014923095703
      vertex -0.7453590035438538 10.206306457519531 49.01554489135742
      vertex -0.5187240242958069 9.441078186035156 48.86990737915039
    endloop
  endfacet
  facet normal 0.2042214274406433 0.02927585132420063 0.9784868955612183
    outer loop
      vertex -0.7453590035438538 10.206306457519531 49.01554489135742
      vertex 0.47658801078796387 9.884153366088867 48.77014923095703
      vertex 0.2571839988231659 10.638324737548828 48.79337692260742
    endloop
  endfacet
  facet normal 0.20963604748249054 0.016277175396680832 0.9776440262794495
    outer loop
      vertex 0.2571839988231659 10.638324737548828 48.79337692260742
      vertex -1.1211810111999512 11.025297164916992 49.082496643066406
      vertex -0.7453590035438538 10.206306457519531 49.01554489135742
    endloop
  endfacet
  facet normal 0.2959981858730316 0.40962186455726624 0.8628992438316345
    outer loop
      vertex -1.1211810111999512 11.025297164916992 49.082496643066406
      vertex 0.2571839988231659 10.638324737548828 48.79337692260742
      vertex -0.010699000209569931 11.22661018371582 48.60600662231445
    endloop
  endfacet
  facet normal 0.2862838804721832 0.4379180371761322 0.8522144556045532
    outer loop
      vertex -0.010699000209569931 11.22661018371582 48.60600662231445
      vertex -1.5294619798660278 11.629402160644531 48.90922546386719
      vertex -1.1211810111999512 11.025297164916992 49.082496643066406
    endloop
  endfacet
  facet normal 0.31260383129119873 0.8271922469139099 0.4669390022754669
    outer loop
      vertex -1.5294619798660278 11.629402160644531 48.90922546386719
      vertex -0.010699000209569931 11.22661018371582 48.60600662231445
      vertex -0.287678986787796 11.606668472290039 48.11815643310547
    endloop
  endfacet
  facet normal 0.2731474041938782 0.873173713684082 0.4036807715892792
    outer loop
      vertex -0.287678986787796 11.606668472290039 48.11815643310547
      vertex -1.9072209596633911 11.989812850952148 48.38525390625
      vertex -1.5294619798660278 11.629402160644531 48.90922546386719
    endloop
  endfacet
  facet normal 0.24876107275485992 0.9595381021499634 0.13192695379257202
    outer loop
      vertex -1.9072209596633911 11.989812850952148 48.38525390625
      vertex -0.287678986787796 11.606668472290039 48.11815643310547
      vertex -0.6185460090637207 11.822880744934082 47.169471740722656
    endloop
  endfacet
  facet normal 0.2265167534351349 0.9680929183959961 0.10717437416315079
    outer loop
      vertex -0.6185460090637207 11.822880744934082 47.169471740722656
      vertex -2.2761430740356445 12.192859649658203 47.33088684082031
      vertex -1.9072209596633911 11.989812850952148 48.38525390625
    endloop
  endfacet
  facet normal 0.21953164041042328 -0.08704981952905655 0.9717140793800354
    outer loop
      vertex 0.5947070121765137 9.224935531616211 48.67357635498047
      vertex 1.8566750288009644 8.72795295715332 48.34394836425781
      vertex 1.8348939418792725 9.251974105834961 48.39581298828125
    endloop
  endfacet
  facet normal 0.21953023970127106 -0.10279141366481781 0.9701753854751587
    outer loop
      vertex 1.8348939418792725 9.251974105834961 48.39581298828125
      vertex 0.47658801078796387 9.884153366088867 48.77014923095703
      vertex 0.5947070121765137 9.224935531616211 48.67357635498047
    endloop
  endfacet
  facet normal 0.2802371382713318 0.034068282693624496 0.9593260884284973
    outer loop
      vertex 0.47658801078796387 9.884153366088867 48.77014923095703
      vertex 1.8348939418792725 9.251974105834961 48.39581298828125
      vertex 1.742812991142273 9.925945281982422 48.39877700805664
    endloop
  endfacet
  facet normal 0.27948451042175293 0.05177922174334526 0.9587529897689819
    outer loop
      vertex 1.742812991142273 9.925945281982422 48.39877700805664
      vertex 0.2571839988231659 10.638324737548828 48.79337692260742
      vertex 0.47658801078796387 9.884153366088867 48.77014923095703
    endloop
  endfacet
  facet normal 0.40294259786605835 0.3788202702999115 0.8331461548805237
    outer loop
      vertex 0.2571839988231659 10.638324737548828 48.79337692260742
      vertex 1.742812991142273 9.925945281982422 48.39877700805664
      vertex 1.5942779779434204 10.492233276367188 48.213130950927734
    endloop
  endfacet
  facet normal 0.39772936701774597 0.4379056394100189 0.8062567710876465
    outer loop
      vertex 1.5942779779434204 10.492233276367188 48.213130950927734
      vertex -0.010699000209569931 11.22661018371582 48.60600662231445
      vertex 0.2571839988231659 10.638324737548828 48.79337692260742
    endloop
  endfacet
  facet normal 0.45975571870803833 0.7526345252990723 0.47134488821029663
    outer loop
      vertex -0.010699000209569931 11.22661018371582 48.60600662231445
      vertex 1.5942779779434204 10.492233276367188 48.213130950927734
      vertex 1.4291690587997437 10.875802993774414 47.76170349121094
    endloop
  endfacet
  facet normal 0.42804303765296936 0.8145397305488586 0.3915407359600067
    outer loop
      vertex 1.4291690587997437 10.875802993774414 47.76170349121094
      vertex -0.287678986787796 11.606668472290039 48.11815643310547
      vertex -0.010699000209569931 11.22661018371582 48.60600662231445
    endloop
  endfacet
  facet normal 0.4103858470916748 0.9034016132354736 0.1242942214012146
    outer loop
      vertex -0.287678986787796 11.606668472290039 48.11815643310547
      vertex 1.4291690587997437 10.875802993774414 47.76170349121094
      vertex 1.1705169677734375 11.093957901000977 47.03009796142578
    endloop
  endfacet
  facet normal 0.38133397698402405 0.9212283492088318 0.07695922255516052
    outer loop
      vertex 1.1705169677734375 11.093957901000977 47.03009796142578
      vertex -0.6185460090637207 11.822880744934082 47.169471740722656
      vertex -0.287678986787796 11.606668472290039 48.11815643310547
    endloop
  endfacet
  facet normal 0.2807656526565552 -0.02793819271028042 0.9593697190284729
    outer loop
      vertex 1.8566750288009644 8.72795295715332 48.34394836425781
      vertex 3.278681993484497 7.868598937988281 47.90276336669922
      vertex 3.355376958847046 8.304136276245117 47.893001556396484
    endloop
  endfacet
  facet normal 0.2652439773082733 -0.08404102176427841 0.9605116844177246
    outer loop
      vertex 3.355376958847046 8.304136276245117 47.893001556396484
      vertex 1.8348939418792725 9.251974105834961 48.39581298828125
      vertex 1.8566750288009644 8.72795295715332 48.34394836425781
    endloop
  endfacet
  facet normal 0.3506321310997009 0.06693641096353531 0.9341181516647339
    outer loop
      vertex 1.8348939418792725 9.251974105834961 48.39581298828125
      vertex 3.355376958847046 8.304136276245117 47.893001556396484
      vertex 3.3913350105285645 8.86788558959961 47.839107513427734
    endloop
  endfacet
  facet normal 0.34589052200317383 0.043135084211826324 0.937282919883728
    outer loop
      vertex 3.3913350105285645 8.86788558959961 47.839107513427734
      vertex 1.742812991142273 9.925945281982422 48.39877700805664
      vertex 1.8348939418792725 9.251974105834961 48.39581298828125
    endloop
  endfacet
  facet normal 0.4912598133087158 0.34159278869628906 0.8012353777885437
    outer loop
      vertex 1.742812991142273 9.925945281982422 48.39877700805664
      vertex 3.3913350105285645 8.86788558959961 47.839107513427734
      vertex 3.3535919189453125 9.379777908325195 47.644012451171875
    endloop
  endfacet
  facet normal 0.4954252541065216 0.3851889669895172 0.7785778045654297
    outer loop
      vertex 3.3535919189453125 9.379777908325195 47.644012451171875
      vertex 1.5942779779434204 10.492233276367188 48.213130950927734
      vertex 1.742812991142273 9.925945281982422 48.39877700805664
    endloop
  endfacet
  facet normal 0.5748211145401001 0.6654462218284607 0.47619548439979553
    outer loop
      vertex 1.5942779779434204 10.492233276367188 48.213130950927734
      vertex 3.3535919189453125 9.379777908325195 47.644012451171875
      vertex 3.2689239978790283 9.759273529052734 47.21590042114258
    endloop
  endfacet
  facet normal 0.559064507484436 0.7214796543121338 0.4085511565208435
    outer loop
      vertex 3.2689239978790283 9.759273529052734 47.21590042114258
      vertex 1.4291690587997437 10.875802993774414 47.76170349121094
      vertex 1.5942779779434204 10.492233276367188 48.213130950927734
    endloop
  endfacet
  facet normal 0.5399113893508911 0.8339887261390686 0.11383531987667084
    outer loop
      vertex 1.4291690587997437 10.875802993774414 47.76170349121094
      vertex 3.2689239978790283 9.759273529052734 47.21590042114258
      vertex 3.0732409954071045 9.98263168334961 46.507625579833984
    endloop
  endfacet
  facet normal 0.5175830125808716 0.8526601195335388 0.07126525044441223
    outer loop
      vertex 3.0732409954071045 9.98263168334961 46.507625579833984
      vertex 1.1705169677734375 11.093957901000977 47.03009796142578
      vertex 1.4291690587997437 10.875802993774414 47.76170349121094
    endloop
  endfacet
  facet normal 0.3121148943901062 0.021648894995450974 0.9497976899147034
    outer loop
      vertex 3.278681993484497 7.868598937988281 47.90276336669922
      vertex 4.771864891052246 6.750418186187744 47.43757247924805
      vertex 4.953864097595215 7.130315780639648 47.36910629272461
    endloop
  endfacet
  facet normal 0.29141896963119507 -0.02988681010901928 0.9561285376548767
    outer loop
      vertex 4.953864097595215 7.130315780639648 47.36910629272461
      vertex 3.355376958847046 8.304136276245117 47.893001556396484
      vertex 3.278681993484497 7.868598937988281 47.90276336669922
    endloop
  endfacet
  facet normal 0.38100916147232056 0.10908205807209015 0.9181139469146729
    outer loop
      vertex 3.355376958847046 8.304136276245117 47.893001556396484
      vertex 4.953864097595215 7.130315780639648 47.36910629272461
      vertex 5.092641830444336 7.58289098739624 47.25774383544922
    endloop
  endfacet
  facet normal 0.36651068925857544 0.06534981727600098 0.9281160831451416
    outer loop
      vertex 5.092641830444336 7.58289098739624 47.25774383544922
      vertex 3.3913350105285645 8.86788558959961 47.839107513427734
      vertex 3.355376958847046 8.304136276245117 47.893001556396484
    endloop
  endfacet
  facet normal 0.5157939791679382 0.324110746383667 0.7930378317832947
    outer loop
      vertex 3.3913350105285645 8.86788558959961 47.839107513427734
      vertex 5.092641830444336 7.58289098739624 47.25774383544922
      vertex 5.140445232391357 8.026300430297852 47.045433044433594
    endloop
  endfacet
  facet normal 0.5188168287277222 0.3375913202762604 0.7854050993919373
    outer loop
      vertex 5.140445232391357 8.026300430297852 47.045433044433594
      vertex 3.3535919189453125 9.379777908325195 47.644012451171875
      vertex 3.3913350105285645 8.86788558959961 47.839107513427734
    endloop
  endfacet
  facet normal 0.6217021942138672 0.5960279107093811 0.5081703662872314
    outer loop
      vertex 3.3535919189453125 9.379777908325195 47.644012451171875
      vertex 5.140445232391357 8.026300430297852 47.045433044433594
      vertex 5.110610008239746 8.389213562011719 46.65627670288086
    endloop
  endfacet
  facet normal 0.6169888377189636 0.6454986333847046 0.45017367601394653
    outer loop
      vertex 5.110610008239746 8.389213562011719 46.65627670288086
      vertex 3.2689239978790283 9.759273529052734 47.21590042114258
      vertex 3.3535919189453125 9.379777908325195 47.644012451171875
    endloop
  endfacet
  facet normal 0.6173934936523438 0.7751346230506897 0.134133443236351
    outer loop
      vertex 3.2689239978790283 9.759273529052734 47.21590042114258
      vertex 5.110610008239746 8.389213562011719 46.65627670288086
      vertex 4.960848808288574 8.645456314086914 45.86481857299805
    endloop
  endfacet
  facet normal 0.595474362373352 0.7986137866973877 0.08732864260673523
    outer loop
      vertex 4.960848808288574 8.645456314086914 45.86481857299805
      vertex 3.0732409954071045 9.98263168334961 46.507625579833984
      vertex 3.2689239978790283 9.759273529052734 47.21590042114258
    endloop
  endfacet
  facet normal 0.38265666365623474 0.052047859877347946 0.9224233627319336
    outer loop
      vertex 4.771864891052246 6.750418186187744 47.43757247924805
      vertex 6.1863179206848145 5.506657123565674 46.920982360839844
      vertex 6.445350170135498 5.820006847381592 46.79584503173828
    endloop
  endfacet
  facet normal 0.35679709911346436 -0.002572174882516265 0.934178352355957
    outer loop
      vertex 6.445350170135498 5.820006847381592 46.79584503173828
      vertex 4.953864097595215 7.130315780639648 47.36910629272461
      vertex 4.771864891052246 6.750418186187744 47.43757247924805
    endloop
  endfacet
  facet normal 0.445733904838562 0.11921891570091248 0.8871911764144897
    outer loop
      vertex 4.953864097595215 7.130315780639648 47.36910629272461
      vertex 6.445350170135498 5.820006847381592 46.79584503173828
      vertex 6.650437831878662 6.184340953826904 46.64384841918945
    endloop
  endfacet
  facet normal 0.4326764941215515 0.08810104429721832 0.8972342610359192
    outer loop
      vertex 6.650437831878662 6.184340953826904 46.64384841918945
      vertex 5.092641830444336 7.58289098739624 47.25774383544922
      vertex 4.953864097595215 7.130315780639648 47.36910629272461
    endloop
  endfacet
  facet normal 0.5676422715187073 0.29487451910972595 0.7686554789543152
    outer loop
      vertex 5.092641830444336 7.58289098739624 47.25774383544922
      vertex 6.650437831878662 6.184340953826904 46.64384841918945
      vertex 6.7774128913879395 6.561182022094727 46.405513763427734
    endloop
  endfacet
  facet normal 0.5703266263008118 0.30391085147857666 0.763128936290741
    outer loop
      vertex 6.7774128913879395 6.561182022094727 46.405513763427734
      vertex 5.140445232391357 8.026300430297852 47.045433044433594
      vertex 5.092641830444336 7.58289098739624 47.25774383544922
    endloop
  endfacet
  facet normal 0.6719409823417664 0.5207492113113403 0.5266076922416687
    outer loop
      vertex 5.140445232391357 8.026300430297852 47.045433044433594
      vertex 6.7774128913879395 6.561182022094727 46.405513763427734
      vertex 6.812541961669922 6.891211032867432 46.034332275390625
    endloop
  endfacet
  facet normal 0.6725336909294128 0.5662519335746765 0.47650524973869324
    outer loop
      vertex 6.812541961669922 6.891211032867432 46.034332275390625
      vertex 5.110610008239746 8.389213562011719 46.65627670288086
      vertex 5.140445232391357 8.026300430297852 47.045433044433594
    endloop
  endfacet
  facet normal 0.6846132278442383 0.7108258008956909 0.16134265065193176
    outer loop
      vertex 5.110610008239746 8.389213562011719 46.65627670288086
      vertex 6.812541961669922 6.891211032867432 46.034332275390625
      vertex 6.693150997161865 7.179213047027588 45.27208709716797
    endloop
  endfacet
  facet normal 0.6642263531684875 0.738860547542572 0.11352759599685669
    outer loop
      vertex 6.693150997161865 7.179213047027588 45.27208709716797
      vertex 4.960848808288574 8.645456314086914 45.86481857299805
      vertex 5.110610008239746 8.389213562011719 46.65627670288086
    endloop
  endfacet
  facet normal 0.4412289261817932 0.10899336636066437 0.8907511234283447
    outer loop
      vertex 6.1863179206848145 5.506657123565674 46.920982360839844
      vertex 7.448472023010254 4.196908950805664 46.4560432434082
      vertex 7.780663013458252 4.452969074249268 46.260162353515625
    endloop
  endfacet
  facet normal 0.4015304148197174 0.03357313573360443 0.9152300953865051
    outer loop
      vertex 7.780663013458252 4.452969074249268 46.260162353515625
      vertex 6.445350170135498 5.820006847381592 46.79584503173828
      vertex 6.1863179206848145 5.506657123565674 46.920982360839844
    endloop
  endfacet
  facet normal 0.4743025302886963 0.121628038585186 0.8719195127487183
    outer loop
      vertex 6.445350170135498 5.820006847381592 46.79584503173828
      vertex 7.780663013458252 4.452969074249268 46.260162353515625
      vertex 8.050106048583984 4.733092784881592 46.07451629638672
    endloop
  endfacet
  facet normal 0.4657280445098877 0.10443969070911407 0.8787433505058289
    outer loop
      vertex 8.050106048583984 4.733092784881592 46.07451629638672
      vertex 6.650437831878662 6.184340953826904 46.64384841918945
      vertex 6.445350170135498 5.820006847381592 46.79584503173828
    endloop
  endfacet
  facet normal 0.5951043963432312 0.2781660258769989 0.7539724707603455
    outer loop
      vertex 6.650437831878662 6.184340953826904 46.64384841918945
      vertex 8.050106048583984 4.733092784881592 46.07451629638672
      vertex 8.255123138427734 5.039143085479736 45.79978561401367
    endloop
  endfacet
  facet normal 0.5946672558784485 0.27697697281837463 0.7547547817230225
    outer loop
      vertex 8.255123138427734 5.039143085479736 45.79978561401367
      vertex 6.7774128913879395 6.561182022094727 46.405513763427734
      vertex 6.650437831878662 6.184340953826904 46.64384841918945
    endloop
  endfacet
  facet normal 0.6976132392883301 0.45803549885749817 0.5509440898895264
    outer loop
      vertex 6.7774128913879395 6.561182022094727 46.405513763427734
      vertex 8.255123138427734 5.039143085479736 45.79978561401367
      vertex 8.365528106689453 5.329291820526123 45.41876983642578
    endloop
  endfacet
  facet normal 0.70230633020401 0.4976957440376282 0.5089839696884155
    outer loop
      vertex 8.365528106689453 5.329291820526123 45.41876983642578
      vertex 6.812541961669922 6.891211032867432 46.034332275390625
      vertex 6.7774128913879395 6.561182022094727 46.405513763427734
    endloop
  endfacet
  facet normal 0.7332013249397278 0.6490054726600647 0.2029971182346344
    outer loop
      vertex 6.812541961669922 6.891211032867432 46.034332275390625
      vertex 8.365528106689453 5.329291820526123 45.41876983642578
      vertex 8.297168731689453 5.6363701820373535 44.68391036987305
    endloop
  endfacet
  facet normal 0.7131877541542053 0.6853355765342712 0.1472359001636505
    outer loop
      vertex 8.297168731689453 5.6363701820373535 44.68391036987305
      vertex 6.693150997161865 7.179213047027588 45.27208709716797
      vertex 6.812541961669922 6.891211032867432 46.034332275390625
    endloop
  endfacet
  facet normal 0.471807062625885 0.15545397996902466 0.867889404296875
    outer loop
      vertex 7.448472023010254 4.196908950805664 46.4560432434082
      vertex 8.552068710327148 2.8740410804748535 46.093048095703125
      vertex 8.95660400390625 3.0697920322418213 45.838069915771484
    endloop
  endfacet
  facet normal 0.4435241222381592 0.10546810179948807 0.8900352716445923
    outer loop
      vertex 8.95660400390625 3.0697920322418213 45.838069915771484
      vertex 7.780663013458252 4.452969074249268 46.260162353515625
      vertex 7.448472023010254 4.196908950805664 46.4560432434082
    endloop
  endfacet
  facet normal 0.507451593875885 0.1738797277212143 0.8439542055130005
    outer loop
      vertex 7.780663013458252 4.452969074249268 46.260162353515625
      vertex 8.95660400390625 3.0697920322418213 45.838069915771484
      vertex 9.277139663696289 3.274935007095337 45.60307312011719
    endloop
  endfacet
  facet normal 0.4763284921646118 0.11917195469141006 0.8711539506912231
    outer loop
      vertex 9.277139663696289 3.274935007095337 45.60307312011719
      vertex 8.050106048583984 4.733092784881592 46.07451629638672
      vertex 7.780663013458252 4.452969074249268 46.260162353515625
    endloop
  endfacet
  facet normal 0.6060595512390137 0.26784494519233704 0.748966634273529
    outer loop
      vertex 8.050106048583984 4.733092784881592 46.07451629638672
      vertex 9.277139663696289 3.274935007095337 45.60307312011719
      vertex 9.554423332214355 3.505608081817627 45.29620361328125
    endloop
  endfacet
  facet normal 0.6057130694389343 0.2670666575431824 0.7495245337486267
    outer loop
      vertex 9.554423332214355 3.505608081817627 45.29620361328125
      vertex 8.255123138427734 5.039143085479736 45.79978561401367
      vertex 8.050106048583984 4.733092784881592 46.07451629638672
    endloop
  endfacet
  facet normal 0.7168698310852051 0.4261777997016907 0.5517881512641907
    outer loop
      vertex 8.255123138427734 5.039143085479736 45.79978561401367
      vertex 9.554423332214355 3.505608081817627 45.29620361328125
      vertex 9.73695182800293 3.740478992462158 44.877662658691406
    endloop
  endfacet
  facet normal 0.7190568447113037 0.4365033209323883 0.5407606363296509
    outer loop
      vertex 9.73695182800293 3.740478992462158 44.877662658691406
      vertex 8.365528106689453 5.329291820526123 45.41876983642578
      vertex 8.255123138427734 5.039143085479736 45.79978561401367
    endloop
  endfacet
  facet normal 0.7730395197868347 0.5790088772773743 0.25915008783340454
    outer loop
      vertex 8.365528106689453 5.329291820526123 45.41876983642578
      vertex 9.73695182800293 3.740478992462158 44.877662658691406
      vertex 9.763313293457031 4.039735794067383 44.130409240722656
    endloop
  endfacet
  facet normal 0.7551129460334778 0.6269309520721436 0.1917344480752945
    outer loop
      vertex 9.763313293457031 4.039735794067383 44.130409240722656
      vertex 8.297168731689453 5.6363701820373535 44.68391036987305
      vertex 8.365528106689453 5.329291820526123 45.41876983642578
    endloop
  endfacet
  facet normal 0.468490868806839 0.1690801978111267 0.8671380281448364
    outer loop
      vertex 8.552068710327148 2.8740410804748535 46.093048095703125
      vertex 9.45677375793457 1.5763150453567505 45.8572998046875
      vertex 9.949016571044922 1.7091350555419922 45.56545639038086
    endloop
  endfacet
  facet normal 0.466858446598053 0.16649805009365082 0.8685169219970703
    outer loop
      vertex 9.949016571044922 1.7091350555419922 45.56545639038086
      vertex 8.95660400390625 3.0697920322418213 45.838069915771484
      vertex 8.552068710327148 2.8740410804748535 46.093048095703125
    endloop
  endfacet
  facet normal 0.5793982148170471 0.26840221881866455 0.769582986831665
    outer loop
      vertex 8.95660400390625 3.0697920322418213 45.838069915771484
      vertex 9.949016571044922 1.7091350555419922 45.56545639038086
      vertex 10.304569244384766 1.8346649408340454 45.253990173339844
    endloop
  endfacet
  facet normal 0.5137536525726318 0.16230452060699463 0.8424456119537354
    outer loop
      vertex 10.304569244384766 1.8346649408340454 45.253990173339844
      vertex 9.277139663696289 3.274935007095337 45.60307312011719
      vertex 8.95660400390625 3.0697920322418213 45.838069915771484
    endloop
  endfacet
  facet normal 0.6194483041763306 0.26257574558258057 0.7398228645324707
    outer loop
      vertex 9.277139663696289 3.274935007095337 45.60307312011719
      vertex 10.304569244384766 1.8346649408340454 45.253990173339844
      vertex 10.648263931274414 1.9840320348739624 44.913204193115234
    endloop
  endfacet
  facet normal 0.6148609519004822 0.25409165024757385 0.7465811967849731
    outer loop
      vertex 10.648263931274414 1.9840320348739624 44.913204193115234
      vertex 9.554423332214355 3.505608081817627 45.29620361328125
      vertex 9.277139663696289 3.274935007095337 45.60307312011719
    endloop
  endfacet
  facet normal 0.7397785186767578 0.3946429491043091 0.5449629426002502
    outer loop
      vertex 9.554423332214355 3.505608081817627 45.29620361328125
      vertex 10.648263931274414 1.9840320348739624 44.913204193115234
      vertex 10.90046501159668 2.1566638946533203 44.445831298828125
    endloop
  endfacet
  facet normal 0.7399209141731262 0.3951289653778076 0.5444173216819763
    outer loop
      vertex 10.90046501159668 2.1566638946533203 44.445831298828125
      vertex 9.73695182800293 3.740478992462158 44.877662658691406
      vertex 9.554423332214355 3.505608081817627 45.29620361328125
    endloop
  endfacet
  facet normal 0.8034948706626892 0.5037968754768372 0.31715109944343567
    outer loop
      vertex 9.73695182800293 3.740478992462158 44.877662658691406
      vertex 10.90046501159668 2.1566638946533203 44.445831298828125
      vertex 11.038604736328125 2.436513900756836 43.65131378173828
    endloop
  endfacet
  facet normal 0.792728841304779 0.5557176470756531 0.2505171298980713
    outer loop
      vertex 11.038604736328125 2.436513900756836 43.65131378173828
      vertex 9.763313293457031 4.039735794067383 44.130409240722656
      vertex 9.73695182800293 3.740478992462158 44.877662658691406
    endloop
  endfacet
  facet normal 0.47192463278770447 0.17280083894729614 0.8645386695861816
    outer loop
      vertex 9.45677375793457 1.5763150453567505 45.8572998046875
      vertex 10.133286476135254 0.2906459867954254 45.74498748779297
      vertex 10.723908424377441 0.365541011095047 45.407615661621094
    endloop
  endfacet
  facet normal 0.4686802625656128 0.1684311032295227 0.8671619296073914
    outer loop
      vertex 10.723908424377441 0.365541011095047 45.407615661621094
      vertex 9.949016571044922 1.7091350555419922 45.56545639038086
      vertex 9.45677375793457 1.5763150453567505 45.8572998046875
    endloop
  endfacet
  facet normal 0.6132495999336243 0.26631978154182434 0.743638813495636
    outer loop
      vertex 9.949016571044922 1.7091350555419922 45.56545639038086
      vertex 10.723908424377441 0.365541011095047 45.407615661621094
      vertex 11.128438949584961 0.4153980016708374 45.05615997314453
    endloop
  endfacet
  facet normal 0.5918042063713074 0.23610515892505646 0.7707282304763794
    outer loop
      vertex 11.128438949584961 0.4153980016708374 45.05615997314453
      vertex 10.304569244384766 1.8346649408340454 45.253990173339844
      vertex 9.949016571044922 1.7091350555419922 45.56545639038086
    endloop
  endfacet
  facet normal 0.693486213684082 0.3120439052581787 0.6493886113166809
    outer loop
      vertex 10.304569244384766 1.8346649408340454 45.253990173339844
      vertex 11.128438949584961 0.4153980016708374 45.05615997314453
      vertex 11.50219440460205 0.4746359884738922 44.62855911254883
    endloop
  endfacet
  facet normal 0.6366385221481323 0.22083699703216553 0.7388656139373779
    outer loop
      vertex 11.50219440460205 0.4746359884738922 44.62855911254883
      vertex 10.648263931274414 1.9840320348739624 44.913204193115234
      vertex 10.304569244384766 1.8346649408340454 45.253990173339844
    endloop
  endfacet
  facet normal 0.7578776478767395 0.32173508405685425 0.5675457119941711
    outer loop
      vertex 10.648263931274414 1.9840320348739624 44.913204193115234
      vertex 11.50219440460205 0.4746359884738922 44.62855911254883
      vertex 11.827383995056152 0.5733280181884766 44.13836669921875
    endloop
  endfacet
  facet normal 0.7672991156578064 0.34410911798477173 0.5411478877067566
    outer loop
      vertex 11.827383995056152 0.5733280181884766 44.13836669921875
      vertex 10.90046501159668 2.1566638946533203 44.445831298828125
      vertex 10.648263931274414 1.9840320348739624 44.913204193115234
    endloop
  endfacet
  facet normal 0.8357479572296143 0.4207472503185272 0.3528417646884918
    outer loop
      vertex 10.90046501159668 2.1566638946533203 44.445831298828125
      vertex 11.827383995056152 0.5733280181884766 44.13836669921875
      vertex 12.054126739501953 0.8364390134811401 43.28755187988281
    endloop
  endfacet
  facet normal 0.8336192965507507 0.4593421220779419 0.30673059821128845
    outer loop
      vertex 12.054126739501953 0.8364390134811401 43.28755187988281
      vertex 11.038604736328125 2.436513900756836 43.65131378173828
      vertex 10.90046501159668 2.1566638946533203 44.445831298828125
    endloop
  endfacet
  facet normal 0.47496211528778076 0.15533050894737244 0.8661890625953674
    outer loop
      vertex 10.133286476135254 0.2906459867954254 45.74498748779297
      vertex 10.541996002197266 -0.9555550217628479 45.744354248046875
      vertex 11.180986404418945 -0.9538170099258423 45.39366149902344
    endloop
  endfacet
  facet normal 0.4750397801399231 0.1554120033979416 0.8661319017410278
    outer loop
      vertex 11.180986404418945 -0.9538170099258423 45.39366149902344
      vertex 10.723908424377441 0.365541011095047 45.407615661621094
      vertex 10.133286476135254 0.2906459867954254 45.74498748779297
    endloop
  endfacet
  facet normal 0.6396654844284058 0.2137966752052307 0.7383217811584473
    outer loop
      vertex 10.723908424377441 0.365541011095047 45.407615661621094
      vertex 11.180986404418945 -0.9538170099258423 45.39366149902344
      vertex 11.628653526306152 -0.9730799794197083 45.011390686035156
    endloop
  endfacet
  facet normal 0.6280198097229004 0.20201954245567322 0.7515178918838501
    outer loop
      vertex 11.628653526306152 -0.9730799794197083 45.011390686035156
      vertex 11.128438949584961 0.4153980016708374 45.05615997314453
      vertex 10.723908424377441 0.365541011095047 45.407615661621094
    endloop
  endfacet
  facet normal 0.7227906584739685 0.2394917905330658 0.6482417583465576
    outer loop
      vertex 11.128438949584961 0.4153980016708374 45.05615997314453
      vertex 11.628653526306152 -0.9730799794197083 45.011390686035156
      vertex 12.04764461517334 -0.9973790049552917 44.553192138671875
    endloop
  endfacet
  facet normal 0.7162960171699524 0.231721431016922 0.6581985354423523
    outer loop
      vertex 12.04764461517334 -0.9973790049552917 44.553192138671875
      vertex 11.50219440460205 0.4746359884738922 44.62855911254883
      vertex 11.128438949584961 0.4153980016708374 45.05615997314453
    endloop
  endfacet
  facet normal 0.7904988527297974 0.2646369934082031 0.5523393750190735
    outer loop
      vertex 11.50219440460205 0.4746359884738922 44.62855911254883
      vertex 12.04764461517334 -0.9973790049552917 44.553192138671875
      vertex 12.419946670532227 -0.9793279767036438 44.01171112060547
    endloop
  endfacet
  facet normal 0.7822504043579102 0.2520701289176941 0.5696885585784912
    outer loop
      vertex 12.419946670532227 -0.9793279767036438 44.01171112060547
      vertex 11.827383995056152 0.5733280181884766 44.13836669921875
      vertex 11.50219440460205 0.4746359884738922 44.62855911254883
    endloop
  endfacet
  facet normal 0.8711363673210144 0.3008040487766266 0.38812145590782166
    outer loop
      vertex 11.827383995056152 0.5733280181884766 44.13836669921875
      vertex 12.419946670532227 -0.9793279767036438 44.01171112060547
      vertex 12.754541397094727 -0.7815170288085938 43.10740661621094
    endloop
  endfacet
  facet normal 0.8764667510986328 0.3416525721549988 0.3392336964607239
    outer loop
      vertex 12.754541397094727 -0.7815170288085938 43.10740661621094
      vertex 12.054126739501953 0.8364390134811401 43.28755187988281
      vertex 11.827383995056152 0.5733280181884766 44.13836669921875
    endloop
  endfacet
  facet normal 0.46680542826652527 0.13117803633213043 0.8745770454406738
    outer loop
      vertex 10.541996002197266 -0.9555550217628479 45.744354248046875
      vertex 10.61177921295166 -2.1662919521331787 45.88870620727539
      vertex 11.295929908752441 -2.247955083847046 45.535789489746094
    endloop
  endfacet
  facet normal 0.4762568473815918 0.13767866790294647 0.8684606552124023
    outer loop
      vertex 11.295929908752441 -2.247955083847046 45.535789489746094
      vertex 11.180986404418945 -0.9538170099258423 45.39366149902344
      vertex 10.541996002197266 -0.9555550217628479 45.744354248046875
    endloop
  endfacet
  facet normal 0.6502600908279419 0.13976599276065826 0.7467445135116577
    outer loop
      vertex 11.180986404418945 -0.9538170099258423 45.39366149902344
      vertex 11.295929908752441 -2.247955083847046 45.535789489746094
      vertex 11.772777557373047 -2.3347699642181396 45.136802673339844
    endloop
  endfacet
  facet normal 0.6466205716133118 0.13754327595233917 0.7503090500831604
    outer loop
      vertex 11.772777557373047 -2.3347699642181396 45.136802673339844
      vertex 11.628653526306152 -0.9730799794197083 45.011390686035156
      vertex 11.180986404418945 -0.9538170099258423 45.39366149902344
    endloop
  endfacet
  facet normal 0.7209908366203308 0.13883739709854126 0.6788935661315918
    outer loop
      vertex 11.628653526306152 -0.9730799794197083 45.011390686035156
      vertex 11.772777557373047 -2.3347699642181396 45.136802673339844
      vertex 12.230985641479492 -2.4259800910949707 44.6688346862793
    endloop
  endfacet
  facet normal 0.7337573766708374 0.14784665405750275 0.6631301045417786
    outer loop
      vertex 12.230985641479492 -2.4259800910949707 44.6688346862793
      vertex 12.04764461517334 -0.9973790049552917 44.553192138671875
      vertex 11.628653526306152 -0.9730799794197083 45.011390686035156
    endloop
  endfacet
  facet normal 0.7970677018165588 0.14965149760246277 0.5850535035133362
    outer loop
      vertex 12.04764461517334 -0.9973790049552917 44.553192138671875
      vertex 12.230985641479492 -2.4259800910949707 44.6688346862793
      vertex 12.644906997680664 -2.482564926147461 44.119388580322266
    endloop
  endfacet
  facet normal 0.8106600046157837 0.16162700951099396 0.5627674460411072
    outer loop
      vertex 12.644906997680664 -2.482564926147461 44.119388580322266
      vertex 12.419946670532227 -0.9793279767036438 44.01171112060547
      vertex 12.04764461517334 -0.9973790049552917 44.553192138671875
    endloop
  endfacet
  facet normal 0.8933562636375427 0.16366736590862274 0.41848254203796387
    outer loop
      vertex 12.419946670532227 -0.9793279767036438 44.01171112060547
      vertex 12.644906997680664 -2.482564926147461 44.119388580322266
      vertex 13.079706192016602 -2.4110300540924072 43.16322326660156
    endloop
  endfacet
  facet normal 0.9055721759796143 0.19363237917423248 0.3774196207523346
    outer loop
      vertex 13.079706192016602 -2.4110300540924072 43.16322326660156
      vertex 12.754541397094727 -0.7815170288085938 43.10740661621094
      vertex 12.419946670532227 -0.9793279767036438 44.01171112060547
    endloop
  endfacet
  facet normal 0.4488646686077118 0.11604144424200058 0.886033296585083
    outer loop
      vertex 10.61177921295166 -2.1662919521331787 45.88870620727539
      vertex 10.326826095581055 -3.3225960731506348 46.18450164794922
      vertex 11.046812057495117 -3.488234043121338 45.84144973754883
    endloop
  endfacet
  facet normal 0.46649065613746643 0.12219898402690887 0.876044511795044
    outer loop
      vertex 11.046812057495117 -3.488234043121338 45.84144973754883
      vertex 11.295929908752441 -2.247955083847046 45.535789489746094
      vertex 10.61177921295166 -2.1662919521331787 45.88870620727539
    endloop
  endfacet
  facet normal 0.6428715586662292 0.05908307060599327 0.7636919617652893
    outer loop
      vertex 11.295929908752441 -2.247955083847046 45.535789489746094
      vertex 11.046812057495117 -3.488234043121338 45.84144973754883
      vertex 11.538108825683594 -3.6477010250091553 45.440216064453125
    endloop
  endfacet
  facet normal 0.6469637155532837 0.06003265082836151 0.7601540684700012
    outer loop
      vertex 11.538108825683594 -3.6477010250091553 45.440216064453125
      vertex 11.772777557373047 -2.3347699642181396 45.136802673339844
      vertex 11.295929908752441 -2.247955083847046 45.535789489746094
    endloop
  endfacet
  facet normal 0.7065204977989197 0.03703991323709488 0.706722617149353
    outer loop
      vertex 11.772777557373047 -2.3347699642181396 45.136802673339844
      vertex 11.538108825683594 -3.6477010250091553 45.440216064453125
      vertex 12.018468856811523 -3.7992000579833984 44.967933654785156
    endloop
  endfacet
  facet normal 0.7178525924682617 0.040289655327796936 0.6950283646583557
    outer loop
      vertex 12.018468856811523 -3.7992000579833984 44.967933654785156
      vertex 12.230985641479492 -2.4259800910949707 44.6688346862793
      vertex 11.772777557373047 -2.3347699642181396 45.136802673339844
    endloop
  endfacet
  facet normal 0.7819607257843018 0.014713576063513756 0.6231541037559509
    outer loop
      vertex 12.230985641479492 -2.4259800910949707 44.6688346862793
      vertex 12.018468856811523 -3.7992000579833984 44.967933654785156
      vertex 12.465003967285156 -3.9238529205322266 44.410545349121094
    endloop
  endfacet
  facet normal 0.7995926737785339 0.021433301270008087 0.6001601815223694
    outer loop
      vertex 12.465003967285156 -3.9238529205322266 44.410545349121094
      vertex 12.644906997680664 -2.482564926147461 44.119388580322266
      vertex 12.230985641479492 -2.4259800910949707 44.6688346862793
    endloop
  endfacet
  facet normal 0.8724356293678284 -0.010190858505666256 0.48862284421920776
    outer loop
      vertex 12.644906997680664 -2.482564926147461 44.119388580322266
      vertex 12.465003967285156 -3.9238529205322266 44.410545349121094
      vertex 13.001379013061523 -3.9705750942230225 43.451873779296875
    endloop
  endfacet
  facet normal 0.9089728593826294 0.03128405660390854 0.4156797230243683
    outer loop
      vertex 13.001379013061523 -3.9705750942230225 43.451873779296875
      vertex 13.079706192016602 -2.4110300540924072 43.16322326660156
      vertex 12.644906997680664 -2.482564926147461 44.119388580322266
    endloop
  endfacet
  facet normal 0.419638454914093 0.11373930424451828 0.9005370736122131
    outer loop
      vertex 10.326826095581055 -3.3225960731506348 46.18450164794922
      vertex 9.658188819885254 -4.3696208000183105 46.628318786621094
      vertex 10.426795959472656 -4.622109889984131 46.30204772949219
    endloop
  endfacet
  facet normal 0.44868120551109314 0.11468598246574402 0.8863027095794678
    outer loop
      vertex 10.426795959472656 -4.622109889984131 46.30204772949219
      vertex 11.046812057495117 -3.488234043121338 45.84144973754883
      vertex 10.326826095581055 -3.3225960731506348 46.18450164794922
    endloop
  endfacet
  facet normal 0.595771074295044 0.0004793788830284029 0.8031541705131531
    outer loop
      vertex 11.046812057495117 -3.488234043121338 45.84144973754883
      vertex 10.426795959472656 -4.622109889984131 46.30204772949219
      vertex 10.93423080444336 -4.900365829467773 45.925804138183594
    endloop
  endfacet
  facet normal 0.6317458748817444 -0.004060667473822832 0.7751649618148804
    outer loop
      vertex 10.93423080444336 -4.900365829467773 45.925804138183594
      vertex 11.538108825683594 -3.6477010250091553 45.440216064453125
      vertex 11.046812057495117 -3.488234043121338 45.84144973754883
    endloop
  endfacet
  facet normal 0.6802217364311218 -0.044291310012340546 0.7316671013832092
    outer loop
      vertex 11.538108825683594 -3.6477010250091553 45.440216064453125
      vertex 10.93423080444336 -4.900365829467773 45.925804138183594
      vertex 11.423219680786133 -5.117869853973389 45.458030700683594
    endloop
  endfacet
  facet normal 0.6930378675460815 -0.04544069617986679 0.7194676399230957
    outer loop
      vertex 11.423219680786133 -5.117869853973389 45.458030700683594
      vertex 12.018468856811523 -3.7992000579833984 44.967933654785156
      vertex 11.538108825683594 -3.6477010250091553 45.440216064453125
    endloop
  endfacet
  facet normal 0.7603229284286499 -0.10497403889894485 0.6410067081451416
    outer loop
      vertex 12.018468856811523 -3.7992000579833984 44.967933654785156
      vertex 11.423219680786133 -5.117869853973389 45.458030700683594
      vertex 11.92869758605957 -5.293671131134033 44.829673767089844
    endloop
  endfacet
  facet normal 0.7645842432975769 -0.10476245731115341 0.6359527111053467
    outer loop
      vertex 11.92869758605957 -5.293671131134033 44.829673767089844
      vertex 12.465003967285156 -3.9238529205322266 44.410545349121094
      vertex 12.018468856811523 -3.7992000579833984 44.967933654785156
    endloop
  endfacet
  facet normal 0.8362029790878296 -0.1676144003868103 0.5221781730651855
    outer loop
      vertex 12.465003967285156 -3.9238529205322266 44.410545349121094
      vertex 11.92869758605957 -5.293671131134033 44.829673767089844
      vertex 12.581707000732422 -5.410179138183594 43.74656295776367
    endloop
  endfacet
  facet normal 0.8595883846282959 -0.15063481032848358 0.4882795512676239
    outer loop
      vertex 12.581707000732422 -5.410179138183594 43.74656295776367
      vertex 13.001379013061523 -3.9705750942230225 43.451873779296875
      vertex 12.465003967285156 -3.9238529205322266 44.410545349121094
    endloop
  endfacet
  facet normal 0.4250841736793518 0.12778092920780182 0.8960890173912048
    outer loop
      vertex 9.658188819885254 -4.3696208000183105 46.628318786621094
      vertex 8.79561996459961 -5.259293079376221 47.16436767578125
      vertex 9.468673706054688 -5.619651794433594 46.8964729309082
    endloop
  endfacet
  facet normal 0.4229356348514557 0.1283084750175476 0.8970297574996948
    outer loop
      vertex 9.468673706054688 -5.619651794433594 46.8964729309082
      vertex 10.426795959472656 -4.622109889984131 46.30204772949219
      vertex 9.658188819885254 -4.3696208000183105 46.628318786621094
    endloop
  endfacet
  facet normal 0.5311017632484436 -0.00522159319370985 0.8472919464111328
    outer loop
      vertex 10.426795959472656 -4.622109889984131 46.30204772949219
      vertex 9.468673706054688 -5.619651794433594 46.8964729309082
      vertex 10.021681785583496 -5.94025182723999 46.54785919189453
    endloop
  endfacet
  facet normal 0.5851500630378723 -0.028709284961223602 0.8104166388511658
    outer loop
      vertex 10.021681785583496 -5.94025182723999 46.54785919189453
      vertex 10.93423080444336 -4.900365829467773 45.925804138183594
      vertex 10.426795959472656 -4.622109889984131 46.30204772949219
    endloop
  endfacet
  facet normal 0.6346255540847778 -0.09837756305932999 0.7665325999259949
    outer loop
      vertex 10.93423080444336 -4.900365829467773 45.925804138183594
      vertex 10.021681785583496 -5.94025182723999 46.54785919189453
      vertex 10.521459579467773 -6.2281341552734375 46.097137451171875
    endloop
  endfacet
  facet normal 0.6611528396606445 -0.10976693034172058 0.7421779632568359
    outer loop
      vertex 10.521459579467773 -6.2281341552734375 46.097137451171875
      vertex 11.423219680786133 -5.117869853973389 45.458030700683594
      vertex 10.93423080444336 -4.900365829467773 45.925804138183594
    endloop
  endfacet
  facet normal 0.7175009846687317 -0.19840273261070251 0.6677041053771973
    outer loop
      vertex 11.423219680786133 -5.117869853973389 45.458030700683594
      vertex 10.521459579467773 -6.2281341552734375 46.097137451171875
      vertex 11.054789543151855 -6.471836090087891 45.45161819458008
    endloop
  endfacet
  facet normal 0.734459400177002 -0.20292218029499054 0.647604763507843
    outer loop
      vertex 11.054789543151855 -6.471836090087891 45.45161819458008
      vertex 11.92869758605957 -5.293671131134033 44.829673767089844
      vertex 11.423219680786133 -5.117869853973389 45.458030700683594
    endloop
  endfacet
  facet normal 0.7831024527549744 -0.29063212871551514 0.5498031377792358
    outer loop
      vertex 11.92869758605957 -5.293671131134033 44.829673767089844
      vertex 11.054789543151855 -6.471836090087891 45.45161819458008
      vertex 11.786490440368652 -6.6568827629089355 44.311614990234375
    endloop
  endfacet
  facet normal 0.8082300424575806 -0.2809802293777466 0.517507791519165
    outer loop
      vertex 11.786490440368652 -6.6568827629089355 44.311614990234375
      vertex 12.581707000732422 -5.410179138183594 43.74656295776367
      vertex 11.92869758605957 -5.293671131134033 44.829673767089844
    endloop
  endfacet
  facet normal 0.3476948142051697 0.1587127149105072 0.9240772128105164
    outer loop
      vertex 8.79561996459961 -5.259293079376221 47.16436767578125
      vertex 7.514368057250977 -5.982287883758545 47.7706298828125
      vertex 8.26773452758789 -6.409884929656982 47.56060791015625
    endloop
  endfacet
  facet normal 0.420648992061615 0.11683592200279236 0.8996686935424805
    outer loop
      vertex 8.26773452758789 -6.409884929656982 47.56060791015625
      vertex 9.468673706054688 -5.619651794433594 46.8964729309082
      vertex 8.79561996459961 -5.259293079376221 47.16436767578125
    endloop
  endfacet
  facet normal 0.48337793350219727 0.0011181553127244115 0.8754110336303711
    outer loop
      vertex 9.468673706054688 -5.619651794433594 46.8964729309082
      vertex 8.26773452758789 -6.409884929656982 47.56060791015625
      vertex 8.80211353302002 -6.78223991394043 47.266014099121094
    endloop
  endfacet
  facet normal 0.5214495658874512 -0.027888726443052292 0.8528262376785278
    outer loop
      vertex 8.80211353302002 -6.78223991394043 47.266014099121094
      vertex 10.021681785583496 -5.94025182723999 46.54785919189453
      vertex 9.468673706054688 -5.619651794433594 46.8964729309082
    endloop
  endfacet
  facet normal 0.571999728679657 -0.13900940120220184 0.808388888835907
    outer loop
      vertex 10.021681785583496 -5.94025182723999 46.54785919189453
      vertex 8.80211353302002 -6.78223991394043 47.266014099121094
      vertex 9.297057151794434 -7.12107515335083 46.85753631591797
    endloop
  endfacet
  facet normal 0.605349063873291 -0.16740302741527557 0.7781572937965393
    outer loop
      vertex 9.297057151794434 -7.12107515335083 46.85753631591797
      vertex 10.521459579467773 -6.2281341552734375 46.097137451171875
      vertex 10.021681785583496 -5.94025182723999 46.54785919189453
    endloop
  endfacet
  facet normal 0.6421491503715515 -0.26934364438056946 0.7177035808563232
    outer loop
      vertex 10.521459579467773 -6.2281341552734375 46.097137451171875
      vertex 9.297057151794434 -7.12107515335083 46.85753631591797
      vertex 9.851276397705078 -7.44805908203125 46.238948822021484
    endloop
  endfacet
  facet normal 0.6790036559104919 -0.2948664128780365 0.6723152995109558
    outer loop
      vertex 9.851276397705078 -7.44805908203125 46.238948822021484
      vertex 11.054789543151855 -6.471836090087891 45.45161819458008
      vertex 10.521459579467773 -6.2281341552734375 46.097137451171875
    endloop
  endfacet
  facet normal 0.7098678350448608 -0.41786012053489685 0.5669925808906555
    outer loop
      vertex 11.054789543151855 -6.471836090087891 45.45161819458008
      vertex 9.851276397705078 -7.44805908203125 46.238948822021484
      vertex 10.625752449035645 -7.707244873046875 45.07830047607422
    endloop
  endfacet
  facet normal 0.7326402068138123 -0.41698458790779114 0.5379239916801453
    outer loop
      vertex 10.625752449035645 -7.707244873046875 45.07830047607422
      vertex 11.786490440368652 -6.6568827629089355 44.311614990234375
      vertex 11.054789543151855 -6.471836090087891 45.45161819458008
    endloop
  endfacet
  facet normal 0.31753087043762207 0.21415649354457855 0.9237484931945801
    outer loop
      vertex 7.514368057250977 -5.982287883758545 47.7706298828125
      vertex 6.131361961364746 -6.485785961151123 48.362754821777344
      vertex 6.8257060050964355 -6.988110065460205 48.240535736083984
    endloop
  endfacet
  facet normal 0.3586302697658539 0.1821773648262024 0.9155303239822388
    outer loop
      vertex 6.8257060050964355 -6.988110065460205 48.240535736083984
      vertex 8.26773452758789 -6.409884929656982 47.56060791015625
      vertex 7.514368057250977 -5.982287883758545 47.7706298828125
    endloop
  endfacet
  facet normal 0.4204859137535095 0.018026739358901978 0.9071200489997864
    outer loop
      vertex 8.26773452758789 -6.409884929656982 47.56060791015625
      vertex 6.8257060050964355 -6.988110065460205 48.240535736083984
      vertex 7.334054946899414 -7.4304890632629395 48.01368713378906
    endloop
  endfacet
  facet normal 0.4649893045425415 -0.032632745802402496 0.8847147226333618
    outer loop
      vertex 7.334054946899414 -7.4304890632629395 48.01368713378906
      vertex 8.80211353302002 -6.78223991394043 47.266014099121094
      vertex 8.26773452758789 -6.409884929656982 47.56060791015625
    endloop
  endfacet
  facet normal 0.4972984194755554 -0.13837435841560364 0.8564735054969788
    outer loop
      vertex 8.80211353302002 -6.78223991394043 47.266014099121094
      vertex 7.334054946899414 -7.4304890632629395 48.01368713378906
      vertex 7.822076797485352 -7.843123912811279 47.663658142089844
    endloop
  endfacet
  facet normal 0.5419321656227112 -0.19414333999156952 0.8176906704902649
    outer loop
      vertex 7.822076797485352 -7.843123912811279 47.663658142089844
      vertex 9.297057151794434 -7.12107515335083 46.85753631591797
      vertex 8.80211353302002 -6.78223991394043 47.266014099121094
    endloop
  endfacet
  facet normal 0.5729178190231323 -0.33543679118156433 0.7478284239768982
    outer loop
      vertex 9.297057151794434 -7.12107515335083 46.85753631591797
      vertex 7.822076797485352 -7.843123912811279 47.663658142089844
      vertex 8.372565269470215 -8.215835571289062 47.074745178222656
    endloop
  endfacet
  facet normal 0.5933776497840881 -0.3580571115016937 0.72090083360672
    outer loop
      vertex 8.372565269470215 -8.215835571289062 47.074745178222656
      vertex 9.851276397705078 -7.44805908203125 46.238948822021484
      vertex 9.297057151794434 -7.12107515335083 46.85753631591797
    endloop
  endfacet
  facet normal 0.6088418960571289 -0.5404332280158997 0.580726683139801
    outer loop
      vertex 9.851276397705078 -7.44805908203125 46.238948822021484
      vertex 8.372565269470215 -8.215835571289062 47.074745178222656
      vertex 9.171195030212402 -8.579010009765625 45.89947509765625
    endloop
  endfacet
  facet normal 0.6354604363441467 -0.5460035800933838 0.5459581017494202
    outer loop
      vertex 9.171195030212402 -8.579010009765625 45.89947509765625
      vertex 10.625752449035645 -7.707244873046875 45.07830047607422
      vertex 9.851276397705078 -7.44805908203125 46.238948822021484
    endloop
  endfacet
  facet normal 0.2738921046257019 0.25815677642822266 0.9264655113220215
    outer loop
      vertex 6.131361961364746 -6.485785961151123 48.362754821777344
      vertex 4.633727073669434 -6.77555513381958 48.88624572753906
      vertex 5.2306342124938965 -7.347815036773682 48.869239807128906
    endloop
  endfacet
  facet normal 0.3164697587490082 0.2125086635351181 0.9244928359985352
    outer loop
      vertex 5.2306342124938965 -7.347815036773682 48.869239807128906
      vertex 6.8257060050964355 -6.988110065460205 48.240535736083984
      vertex 6.131361961364746 -6.485785961151123 48.362754821777344
    endloop
  endfacet
  facet normal 0.3519325256347656 0.07073215395212173 0.933349072933197
    outer loop
      vertex 6.8257060050964355 -6.988110065460205 48.240535736083984
      vertex 5.2306342124938965 -7.347815036773682 48.869239807128906
      vertex 5.706707954406738 -7.860223770141602 48.72856140136719
    endloop
  endfacet
  facet normal 0.4034281373023987 -0.005612492095679045 0.9149941205978394
    outer loop
      vertex 5.706707954406738 -7.860223770141602 48.72856140136719
      vertex 7.334054946899414 -7.4304890632629395 48.01368713378906
      vertex 6.8257060050964355 -6.988110065460205 48.240535736083984
    endloop
  endfacet
  facet normal 0.42535722255706787 -0.11811447888612747 0.8972849249839783
    outer loop
      vertex 7.334054946899414 -7.4304890632629395 48.01368713378906
      vertex 5.706707954406738 -7.860223770141602 48.72856140136719
      vertex 6.164690017700195 -8.340669631958008 48.448211669921875
    endloop
  endfacet
  facet normal 0.4651767611503601 -0.18429400026798248 0.8658211827278137
    outer loop
      vertex 6.164690017700195 -8.340669631958008 48.448211669921875
      vertex 7.822076797485352 -7.843123912811279 47.663658142089844
      vertex 7.334054946899414 -7.4304890632629395 48.01368713378906
    endloop
  endfacet
  facet normal 0.4871276319026947 -0.39244624972343445 0.7801876664161682
    outer loop
      vertex 7.822076797485352 -7.843123912811279 47.663658142089844
      vertex 6.164690017700195 -8.340669631958008 48.448211669921875
      vertex 6.692315101623535 -8.785320281982422 47.895111083984375
    endloop
  endfacet
  facet normal 0.509492039680481 -0.42746803164482117 0.7467857599258423
    outer loop
      vertex 6.692315101623535 -8.785320281982422 47.895111083984375
      vertex 8.372565269470215 -8.215835571289062 47.074745178222656
      vertex 7.822076797485352 -7.843123912811279 47.663658142089844
    endloop
  endfacet
  facet normal 0.5004880428314209 -0.6453453302383423 0.5770971775054932
    outer loop
      vertex 8.372565269470215 -8.215835571289062 47.074745178222656
      vertex 6.692315101623535 -8.785320281982422 47.895111083984375
      vertex 7.491948127746582 -9.21554946899414 46.72052001953125
    endloop
  endfacet
  facet normal 0.5178704857826233 -0.6522864103317261 0.5534732341766357
    outer loop
      vertex 7.491948127746582 -9.21554946899414 46.72052001953125
      vertex 9.171195030212402 -8.579010009765625 45.89947509765625
      vertex 8.372565269470215 -8.215835571289062 47.074745178222656
    endloop
  endfacet
  facet normal 0.2185729444026947 0.30129194259643555 0.928142786026001
    outer loop
      vertex 4.633727073669434 -6.77555513381958 48.88624572753906
      vertex 3.072845935821533 -6.852705001831055 49.27886962890625
      vertex 3.5753378868103027 -7.494029998779297 49.36872100830078
    endloop
  endfacet
  facet normal 0.260361909866333 0.24381336569786072 0.9342198967933655
    outer loop
      vertex 3.5753378868103027 -7.494029998779297 49.36872100830078
      vertex 5.2306342124938965 -7.347815036773682 48.869239807128906
      vertex 4.633727073669434 -6.77555513381958 48.88624572753906
    endloop
  endfacet
  facet normal 0.27528485655784607 0.13503460586071014 0.9518318772315979
    outer loop
      vertex 5.2306342124938965 -7.347815036773682 48.869239807128906
      vertex 3.5753378868103027 -7.494029998779297 49.36872100830078
      vertex 3.9960339069366455 -8.066513061523438 49.32826614379883
    endloop
  endfacet
  facet normal 0.32584360241889954 0.043452464044094086 0.9444246888160706
    outer loop
      vertex 3.9960339069366455 -8.066513061523438 49.32826614379883
      vertex 5.706707954406738 -7.860223770141602 48.72856140136719
      vertex 5.2306342124938965 -7.347815036773682 48.869239807128906
    endloop
  endfacet
  facet normal 0.3383009731769562 -0.0794692113995552 0.9376764893531799
    outer loop
      vertex 5.706707954406738 -7.860223770141602 48.72856140136719
      vertex 3.9960339069366455 -8.066513061523438 49.32826614379883
      vertex 4.411946773529053 -8.610771179199219 49.132083892822266
    endloop
  endfacet
  facet normal 0.3806636333465576 -0.1677686721086502 0.9093673229217529
    outer loop
      vertex 4.411946773529053 -8.610771179199219 49.132083892822266
      vertex 6.164690017700195 -8.340669631958008 48.448211669921875
      vertex 5.706707954406738 -7.860223770141602 48.72856140136719
    endloop
  endfacet
  facet normal 0.38410118222236633 -0.4468693435192108 0.8079443573951721
    outer loop
      vertex 6.164690017700195 -8.340669631958008 48.448211669921875
      vertex 4.411946773529053 -8.610771179199219 49.132083892822266
      vertex 4.880002021789551 -9.119327545166016 48.62828826904297
    endloop
  endfacet
  facet normal 0.40324753522872925 -0.48599088191986084 0.7753737568855286
    outer loop
      vertex 4.880002021789551 -9.119327545166016 48.62828826904297
      vertex 6.692315101623535 -8.785320281982422 47.895111083984375
      vertex 6.164690017700195 -8.340669631958008 48.448211669921875
    endloop
  endfacet
  facet normal 0.3629937171936035 -0.747015655040741 0.5569589138031006
    outer loop
      vertex 6.692315101623535 -8.785320281982422 47.895111083984375
      vertex 4.880002021789551 -9.119327545166016 48.62828826904297
      vertex 5.628245830535889 -9.626686096191406 47.46013641357422
    endloop
  endfacet
  facet normal 0.3788101077079773 -0.755455732345581 0.5345929861068726
    outer loop
      vertex 5.628245830535889 -9.626686096191406 47.46013641357422
      vertex 7.491948127746582 -9.21554946899414 46.72052001953125
      vertex 6.692315101623535 -8.785320281982422 47.895111083984375
    endloop
  endfacet
  facet normal 0.15015816688537598 0.34670284390449524 0.9258778095245361
    outer loop
      vertex 3.072845935821533 -6.852705001831055 49.27886962890625
      vertex 1.5711480379104614 -6.74603796005249 49.48247146606445
      vertex 1.9472099542617798 -7.426525115966797 49.67629623413086
    endloop
  endfacet
  facet normal 0.18939805030822754 0.280242383480072 0.9410592913627625
    outer loop
      vertex 1.9472099542617798 -7.426525115966797 49.67629623413086
      vertex 3.5753378868103027 -7.494029998779297 49.36872100830078
      vertex 3.072845935821533 -6.852705001831055 49.27886962890625
    endloop
  endfacet
  facet normal 0.18987266719341278 0.19696936011314392 0.9618480205535889
    outer loop
      vertex 3.5753378868103027 -7.494029998779297 49.36872100830078
      vertex 1.9472099542617798 -7.426525115966797 49.67629623413086
      vertex 2.284435987472534 -8.035772323608398 49.73448944091797
    endloop
  endfacet
  facet normal 0.23145247995853424 0.10171565413475037 0.967514157295227
    outer loop
      vertex 2.284435987472534 -8.035772323608398 49.73448944091797
      vertex 3.9960339069366455 -8.066513061523438 49.32826614379883
      vertex 3.5753378868103027 -7.494029998779297 49.36872100830078
    endloop
  endfacet
  facet normal 0.22980743646621704 -0.049108318984508514 0.9719963669776917
    outer loop
      vertex 3.9960339069366455 -8.066513061523438 49.32826614379883
      vertex 2.284435987472534 -8.035772323608398 49.73448944091797
      vertex 2.6284570693969727 -8.630756378173828 49.62309265136719
    endloop
  endfacet
  facet normal 0.2642229497432709 -0.141947403550148 0.9539586901664734
    outer loop
      vertex 2.6284570693969727 -8.630756378173828 49.62309265136719
      vertex 4.411946773529053 -8.610771179199219 49.132083892822266
      vertex 3.9960339069366455 -8.066513061523438 49.32826614379883
    endloop
  endfacet
  facet normal 0.23704183101654053 -0.4859508275985718 0.841227114200592
    outer loop
      vertex 4.411946773529053 -8.610771179199219 49.132083892822266
      vertex 2.6284570693969727 -8.630756378173828 49.62309265136719
      vertex 3.010538101196289 -9.198657989501953 49.18737030029297
    endloop
  endfacet
  facet normal 0.26101383566856384 -0.547433078289032 0.7951030731201172
    outer loop
      vertex 3.010538101196289 -9.198657989501953 49.18737030029297
      vertex 4.880002021789551 -9.119327545166016 48.62828826904297
      vertex 4.411946773529053 -8.610771179199219 49.132083892822266
    endloop
  endfacet
  facet normal 0.19251351058483124 -0.8282827138900757 0.5262000560760498
    outer loop
      vertex 4.880002021789551 -9.119327545166016 48.62828826904297
      vertex 3.010538101196289 -9.198657989501953 49.18737030029297
      vertex 3.6026220321655273 -9.776437759399414 48.061279296875
    endloop
  endfacet
  facet normal 0.21041922271251678 -0.8402405977249146 0.49971941113471985
    outer loop
      vertex 3.6026220321655273 -9.776437759399414 48.061279296875
      vertex 5.628245830535889 -9.626686096191406 47.46013641357422
      vertex 4.880002021789551 -9.119327545166016 48.62828826904297
    endloop
  endfacet
  facet normal 0.06534379720687866 0.37773042917251587 0.9236069917678833
    outer loop
      vertex 1.5711480379104614 -6.74603796005249 49.48247146606445
      vertex 0.18025000393390656 -6.493066787719727 49.4774169921875
      vertex 0.40574198961257935 -7.188908100128174 49.74604415893555
    endloop
  endfacet
  facet normal 0.09191548079252243 0.31943279504776 0.9431406259536743
    outer loop
      vertex 0.40574198961257935 -7.188908100128174 49.74604415893555
      vertex 1.9472099542617798 -7.426525115966797 49.67629623413086
      vertex 1.5711480379104614 -6.74603796005249 49.48247146606445
    endloop
  endfacet
  facet normal 0.0846811980009079 0.26761308312416077 0.9597980380058289
    outer loop
      vertex 1.9472099542617798 -7.426525115966797 49.67629623413086
      vertex 0.40574198961257935 -7.188908100128174 49.74604415893555
      vertex 0.6440820097923279 -7.808657169342041 49.8978157043457
    endloop
  endfacet
  facet normal 0.1196935847401619 0.15984466671943665 0.9798588156700134
    outer loop
      vertex 0.6440820097923279 -7.808657169342041 49.8978157043457
      vertex 2.284435987472534 -8.035772323608398 49.73448944091797
      vertex 1.9472099542617798 -7.426525115966797 49.67629623413086
    endloop
  endfacet
  facet normal 0.09677840769290924 -0.016669822856783867 0.9951664209365845
    outer loop
      vertex 2.284435987472534 -8.035772323608398 49.73448944091797
      vertex 0.6440820097923279 -7.808657169342041 49.8978157043457
      vertex 0.896461009979248 -8.426284790039062 49.8629264831543
    endloop
  endfacet
  facet normal 0.12313256412744522 -0.11338943988084793 0.9858911037445068
    outer loop
      vertex 0.896461009979248 -8.426284790039062 49.8629264831543
      vertex 2.6284570693969727 -8.630756378173828 49.62309265136719
      vertex 2.284435987472534 -8.035772323608398 49.73448944091797
    endloop
  endfacet
  facet normal 0.060163095593452454 -0.5022181272506714 0.8626455664634705
    outer loop
      vertex 2.6284570693969727 -8.630756378173828 49.62309265136719
      vertex 0.896461009979248 -8.426284790039062 49.8629264831543
      vertex 1.1820260286331177 -9.02889633178711 49.49217987060547
    endloop
  endfacet
  facet normal 0.08317913860082626 -0.5707851052284241 0.8168755173683167
    outer loop
      vertex 1.1820260286331177 -9.02889633178711 49.49217987060547
      vertex 3.010538101196289 -9.198657989501953 49.18737030029297
      vertex 2.6284570693969727 -8.630756378173828 49.62309265136719
    endloop
  endfacet
  facet normal 0.007446170784533024 -0.8539643287658691 0.5202783346176147
    outer loop
      vertex 3.010538101196289 -9.198657989501953 49.18737030029297
      vertex 1.1820260286331177 -9.02889633178711 49.49217987060547
      vertex 1.5971909761428833 -9.661300659179688 48.44823455810547
    endloop
  endfacet
  facet normal 0.04073607921600342 -0.8801224827766418 0.47299569845199585
    outer loop
      vertex 1.5971909761428833 -9.661300659179688 48.44823455810547
      vertex 3.6026220321655273 -9.776437759399414 48.061279296875
      vertex 3.010538101196289 -9.198657989501953 49.18737030029297
    endloop
  endfacet
  facet normal -0.007733298931270838 0.37909024953842163 0.9253273606300354
    outer loop
      vertex 0.18025000393390656 -6.493066787719727 49.4774169921875
      vertex -1.0490939617156982 -6.124013900756836 49.315948486328125
      vertex -0.9810320138931274 -6.826684951782227 49.60438919067383
    endloop
  endfacet
  facet normal -0.0013377192663028836 0.35976430773735046 0.9330422878265381
    outer loop
      vertex -0.9810320138931274 -6.826684951782227 49.60438919067383
      vertex 0.40574198961257935 -7.188908100128174 49.74604415893555
      vertex 0.18025000393390656 -6.493066787719727 49.4774169921875
    endloop
  endfacet
  facet normal -0.007710563484579325 0.33845824003219604 0.9409499168395996
    outer loop
      vertex 0.40574198961257935 -7.188908100128174 49.74604415893555
      vertex -0.9810320138931274 -6.826684951782227 49.60438919067383
      vertex -0.8574470281600952 -7.446599960327148 49.82838439941406
    endloop
  endfacet
  facet normal 0.013694695197045803 0.24280643463134766 0.9699780344963074
    outer loop
      vertex -0.8574470281600952 -7.446599960327148 49.82838439941406
      vertex 0.6440820097923279 -7.808657169342041 49.8978157043457
      vertex 0.40574198961257935 -7.188908100128174 49.74604415893555
    endloop
  endfacet
  facet normal -0.03922821208834648 0.02885354682803154 0.9988136291503906
    outer loop
      vertex 0.6440820097923279 -7.808657169342041 49.8978157043457
      vertex -0.8574470281600952 -7.446599960327148 49.82838439941406
      vertex -0.6994760036468506 -8.0745849609375 49.85272979736328
    endloop
  endfacet
  facet normal -0.020654043182730675 -0.06479808688163757 0.9976846575737
    outer loop
      vertex -0.6994760036468506 -8.0745849609375 49.85272979736328
      vertex 0.896461009979248 -8.426284790039062 49.8629264831543
      vertex 0.6440820097923279 -7.808657169342041 49.8978157043457
    endloop
  endfacet
  facet normal -0.11275041103363037 -0.4865185618400574 0.8663642406463623
    outer loop
      vertex 0.896461009979248 -8.426284790039062 49.8629264831543
      vertex -0.6994760036468506 -8.0745849609375 49.85272979736328
      vertex -0.5134519934654236 -8.691703796386719 49.53038787841797
    endloop
  endfacet
  facet normal -0.09128174930810928 -0.552838146686554 0.8282738924026489
    outer loop
      vertex -0.5134519934654236 -8.691703796386719 49.53038787841797
      vertex 1.1820260286331177 -9.02889633178711 49.49217987060547
      vertex 0.896461009979248 -8.426284790039062 49.8629264831543
    endloop
  endfacet
  facet normal -0.15518923103809357 -0.8393562436103821 0.5209580659866333
    outer loop
      vertex 1.1820260286331177 -9.02889633178711 49.49217987060547
      vertex -0.5134519934654236 -8.691703796386719 49.53038787841797
      vertex -0.22166599333286285 -9.346972465515137 48.561553955078125
    endloop
  endfacet
  facet normal -0.12044228613376617 -0.8695799112319946 0.4788782596588135
    outer loop
      vertex -0.22166599333286285 -9.346972465515137 48.561553955078125
      vertex 1.5971909761428833 -9.661300659179688 48.44823455810547
      vertex 1.1820260286331177 -9.02889633178711 49.49217987060547
    endloop
  endfacet
  facet normal -0.0700034648180008 0.3870203495025635 0.919409990310669
    outer loop
      vertex -1.0490939617156982 -6.124013900756836 49.315948486328125
      vertex -2.0835208892822266 -5.676146030426025 49.04866027832031
      vertex -2.1640191078186035 -6.370211124420166 49.334693908691406
    endloop
  endfacet
  facet normal -0.06688415259122849 0.37334126234054565 0.9252798557281494
    outer loop
      vertex -2.1640191078186035 -6.370211124420166 49.334693908691406
      vertex -0.9810320138931274 -6.826684951782227 49.60438919067383
      vertex -1.0490939617156982 -6.124013900756836 49.315948486328125
    endloop
  endfacet
  facet normal -0.050198569893836975 0.40839648246765137 0.9114232659339905
    outer loop
      vertex -0.9810320138931274 -6.826684951782227 49.60438919067383
      vertex -2.1640191078186035 -6.370211124420166 49.334693908691406
      vertex -2.16471004486084 -6.973021030426025 49.604766845703125
    endloop
  endfacet
  facet normal -0.04078642278909683 0.33234354853630066 0.9422761797904968
    outer loop
      vertex -2.16471004486084 -6.973021030426025 49.604766845703125
      vertex -0.8574470281600952 -7.446599960327148 49.82838439941406
      vertex -0.9810320138931274 -6.826684951782227 49.60438919067383
    endloop
  endfacet
  facet normal -0.13663534820079803 0.08871164172887802 0.9866412878036499
    outer loop
      vertex -0.8574470281600952 -7.446599960327148 49.82838439941406
      vertex -2.16471004486084 -6.973021030426025 49.604766845703125
      vertex -2.1241769790649414 -7.597012042999268 49.66648483276367
    endloop
  endfacet
  facet normal -0.1275196671485901 0.006372335832566023 0.9918155670166016
    outer loop
      vertex -2.1241769790649414 -7.597012042999268 49.66648483276367
      vertex -0.6994760036468506 -8.0745849609375 49.85272979736328
      vertex -0.8574470281600952 -7.446599960327148 49.82838439941406
    endloop
  endfacet
  facet normal -0.2621917426586151 -0.4490644037723541 0.8541643023490906
    outer loop
      vertex -0.6994760036468506 -8.0745849609375 49.85272979736328
      vertex -2.1241769790649414 -7.597012042999268 49.66648483276367
      vertex -2.048434019088745 -8.214656829833984 49.36501693725586
    endloop
  endfacet
  facet normal -0.24631500244140625 -0.5060136914253235 0.8266070485115051
    outer loop
      vertex -2.048434019088745 -8.214656829833984 49.36501693725586
      vertex -0.5134519934654236 -8.691703796386719 49.53038787841797
      vertex -0.6994760036468506 -8.0745849609375 49.85272979736328
    endloop
  endfacet
  facet normal -0.30497634410858154 -0.8047937154769897 0.5092117190361023
    outer loop
      vertex -0.5134519934654236 -8.691703796386719 49.53038787841797
      vertex -2.048434019088745 -8.214656829833984 49.36501693725586
      vertex -1.8662899732589722 -8.854351043701172 48.46308898925781
    endloop
  endfacet
  facet normal -0.27804315090179443 -0.8324514627456665 0.4792877435684204
    outer loop
      vertex -1.8662899732589722 -8.854351043701172 48.46308898925781
      vertex -0.22166599333286285 -9.346972465515137 48.561553955078125
      vertex -0.5134519934654236 -8.691703796386719 49.53038787841797
    endloop
  endfacet
  facet normal -0.12283584475517273 0.41400909423828125 0.9019467234611511
    outer loop
      vertex -2.0835208892822266 -5.676146030426025 49.04866027832031
      vertex -2.8687291145324707 -5.153659820556641 48.7018928527832
      vertex -3.1268858909606934 -5.833510875701904 48.978797912597656
    endloop
  endfacet
  facet normal -0.11996913701295853 0.3901359736919403 0.9129081964492798
    outer loop
      vertex -3.1268858909606934 -5.833510875701904 48.978797912597656
      vertex -2.1640191078186035 -6.370211124420166 49.334693908691406
      vertex -2.0835208892822266 -5.676146030426025 49.04866027832031
    endloop
  endfacet
  facet normal -0.055884577333927155 0.48021405935287476 0.8753692507743835
    outer loop
      vertex -2.1640191078186035 -6.370211124420166 49.334693908691406
      vertex -3.1268858909606934 -5.833510875701904 48.978797912597656
      vertex -3.2574410438537598 -6.430367946624756 49.297889709472656
    endloop
  endfacet
  facet normal -0.053138963878154755 0.40833720564842224 0.9112832546234131
    outer loop
      vertex -3.2574410438537598 -6.430367946624756 49.297889709472656
      vertex -2.16471004486084 -6.973021030426025 49.604766845703125
      vertex -2.1640191078186035 -6.370211124420166 49.334693908691406
    endloop
  endfacet
  facet normal -0.1982489973306656 0.148664653301239 0.9688117504119873
    outer loop
      vertex -2.16471004486084 -6.973021030426025 49.604766845703125
      vertex -3.2574410438537598 -6.430367946624756 49.297889709472656
      vertex -3.3288791179656982 -7.020336151123047 49.373802185058594
    endloop
  endfacet
  facet normal -0.1971929967403412 0.083802230656147 0.9767764806747437
    outer loop
      vertex -3.3288791179656982 -7.020336151123047 49.373802185058594
      vertex -2.1241769790649414 -7.597012042999268 49.66648483276367
      vertex -2.16471004486084 -6.973021030426025 49.604766845703125
    endloop
  endfacet
  facet normal -0.38736000657081604 -0.38376912474632263 0.8382562398910522
    outer loop
      vertex -2.1241769790649414 -7.597012042999268 49.66648483276367
      vertex -3.3288791179656982 -7.020336151123047 49.373802185058594
      vertex -3.3750391006469727 -7.630299091339111 49.073219299316406
    endloop
  endfacet
  facet normal -0.3744410276412964 -0.4434031844139099 0.8143633008003235
    outer loop
      vertex -3.3750391006469727 -7.630299091339111 49.073219299316406
      vertex -2.048434019088745 -8.214656829833984 49.36501693725586
      vertex -2.1241769790649414 -7.597012042999268 49.66648483276367
    endloop
  endfacet
  facet normal -0.43913185596466064 -0.7496698498725891 0.4951346218585968
    outer loop
      vertex -2.048434019088745 -8.214656829833984 49.36501693725586
      vertex -3.3750391006469727 -7.630299091339111 49.073219299316406
      vertex -3.322477102279663 -8.247386932373047 48.18552017211914
    endloop
  endfacet
  facet normal -0.41445934772491455 -0.7797203063964844 0.46931833028793335
    outer loop
      vertex -3.322477102279663 -8.247386932373047 48.18552017211914
      vertex -1.8662899732589722 -8.854351043701172 48.46308898925781
      vertex -2.048434019088745 -8.214656829833984 49.36501693725586
    endloop
  endfacet
  facet normal -0.15099112689495087 0.43600568175315857 0.8871869444847107
    outer loop
      vertex -2.8687291145324707 -5.153659820556641 48.7018928527832
      vertex -3.4334869384765625 -4.5649800300598145 48.316471099853516
      vertex -3.828942060470581 -5.1979851722717285 48.56025695800781
    endloop
  endfacet
  facet normal -0.15134002268314362 0.4216184914112091 0.8940548896789551
    outer loop
      vertex -3.828942060470581 -5.1979851722717285 48.56025695800781
      vertex -3.1268858909606934 -5.833510875701904 48.978797912597656
      vertex -2.8687291145324707 -5.153659820556641 48.7018928527832
    endloop
  endfacet
  facet normal -0.01685766689479351 0.5368790030479431 0.8434908390045166
    outer loop
      vertex -3.1268858909606934 -5.833510875701904 48.978797912597656
      vertex -3.828942060470581 -5.1979851722717285 48.56025695800781
      vertex -4.1068267822265625 -5.766506195068359 48.91656494140625
    endloop
  endfacet
  facet normal -0.023354796692728996 0.47531113028526306 0.8795077800750732
    outer loop
      vertex -4.1068267822265625 -5.766506195068359 48.91656494140625
      vertex -3.2574410438537598 -6.430367946624756 49.297889709472656
      vertex -3.1268858909606934 -5.833510875701904 48.978797912597656
    endloop
  endfacet
  facet normal -0.21313661336898804 0.2671228349208832 0.9397969245910645
    outer loop
      vertex -3.2574410438537598 -6.430367946624756 49.297889709472656
      vertex -4.1068267822265625 -5.766506195068359 48.91656494140625
      vertex -4.308831214904785 -6.348700046539307 49.036231994628906
    endloop
  endfacet
  facet normal -0.2276349514722824 0.15133550763130188 0.9619147181510925
    outer loop
      vertex -4.308831214904785 -6.348700046539307 49.036231994628906
      vertex -3.3288791179656982 -7.020336151123047 49.373802185058594
      vertex -3.2574410438537598 -6.430367946624756 49.297889709472656
    endloop
  endfacet
  facet normal -0.47595322132110596 -0.27449214458465576 0.8355374336242676
    outer loop
      vertex -3.3288791179656982 -7.020336151123047 49.373802185058594
      vertex -4.308831214904785 -6.348700046539307 49.036231994628906
      vertex -4.477330207824707 -6.941542148590088 48.745487213134766
    endloop
  endfacet
  facet normal -0.46635329723358154 -0.3623735010623932 0.8069695830345154
    outer loop
      vertex -4.477330207824707 -6.941542148590088 48.745487213134766
      vertex -3.3750391006469727 -7.630299091339111 49.073219299316406
      vertex -3.3288791179656982 -7.020336151123047 49.373802185058594
    endloop
  endfacet
  facet normal -0.5633042454719543 -0.6743170022964478 0.47747769951820374
    outer loop
      vertex -3.3750391006469727 -7.630299091339111 49.073219299316406
      vertex -4.477330207824707 -6.941542148590088 48.745487213134766
      vertex -4.531702995300293 -7.556149959564209 47.81336212158203
    endloop
  endfacet
  facet normal -0.5432359576225281 -0.7041105628013611 0.4572996497154236
    outer loop
      vertex -4.531702995300293 -7.556149959564209 47.81336212158203
      vertex -3.322477102279663 -8.247386932373047 48.18552017211914
      vertex -3.3750391006469727 -7.630299091339111 49.073219299316406
    endloop
  endfacet
  facet normal -0.09589634835720062 0.37868228554725647 0.920545220375061
    outer loop
      vertex -3.4334869384765625 -4.5649800300598145 48.316471099853516
      vertex -3.8418920040130615 -3.8119850158691406 47.964168548583984
      vertex -4.2859601974487305 -4.453402042388916 48.181766510009766
    endloop
  endfacet
  facet normal -0.09043329209089279 0.40661734342575073 0.9091116786003113
    outer loop
      vertex -4.2859601974487305 -4.453402042388916 48.181766510009766
      vertex -3.828942060470581 -5.1979851722717285 48.56025695800781
      vertex -3.4334869384765625 -4.5649800300598145 48.316471099853516
    endloop
  endfacet
  facet normal 0.08559779822826385 0.4927295744419098 0.8659621477127075
    outer loop
      vertex -3.828942060470581 -5.1979851722717285 48.56025695800781
      vertex -4.2859601974487305 -4.453402042388916 48.181766510009766
      vertex -4.713712215423584 -4.974262237548828 48.520416259765625
    endloop
  endfacet
  facet normal 0.087105892598629 0.49811694025993347 0.8627236485481262
    outer loop
      vertex -4.713712215423584 -4.974262237548828 48.520416259765625
      vertex -4.1068267822265625 -5.766506195068359 48.91656494140625
      vertex -3.828942060470581 -5.1979851722717285 48.56025695800781
    endloop
  endfacet
  facet normal -0.1489829123020172 0.3485856056213379 0.9253606200218201
    outer loop
      vertex -4.1068267822265625 -5.766506195068359 48.91656494140625
      vertex -4.713712215423584 -4.974262237548828 48.520416259765625
      vertex -5.097060203552246 -5.537291049957275 48.67079162597656
    endloop
  endfacet
  facet normal -0.1764710545539856 0.2565562427043915 0.9502825140953064
    outer loop
      vertex -5.097060203552246 -5.537291049957275 48.67079162597656
      vertex -4.308831214904785 -6.348700046539307 49.036231994628906
      vertex -4.1068267822265625 -5.766506195068359 48.91656494140625
    endloop
  endfacet
  facet normal -0.5225858688354492 -0.12802475690841675 0.8429197072982788
    outer loop
      vertex -4.308831214904785 -6.348700046539307 49.036231994628906
      vertex -5.097060203552246 -5.537291049957275 48.67079162597656
      vertex -5.398384094238281 -6.115723133087158 48.39612579345703
    endloop
  endfacet
  facet normal -0.5295818448066711 -0.2474016547203064 0.8113787770271301
    outer loop
      vertex -5.398384094238281 -6.115723133087158 48.39612579345703
      vertex -4.477330207824707 -6.941542148590088 48.745487213134766
      vertex -4.308831214904785 -6.348700046539307 49.036231994628906
    endloop
  endfacet
  facet normal -0.6783573627471924 -0.5509427189826965 0.48610031604766846
    outer loop
      vertex -4.477330207824707 -6.941542148590088 48.745487213134766
      vertex -5.398384094238281 -6.115723133087158 48.39612579345703
      vertex -5.568644046783447 -6.726006984710693 47.466835021972656
    endloop
  endfacet
  facet normal -0.6454021334648132 -0.6198559999465942 0.4463571012020111
    outer loop
      vertex -5.568644046783447 -6.726006984710693 47.466835021972656
      vertex -4.531702995300293 -7.556149959564209 47.81336212158203
      vertex -4.477330207824707 -6.941542148590088 48.745487213134766
    endloop
  endfacet
  facet normal -0.05097860470414162 0.31041422486305237 0.9492335319519043
    outer loop
      vertex -3.8418920040130615 -3.8119850158691406 47.964168548583984
      vertex -4.075929164886475 -3.004962921142578 47.68769073486328
      vertex -4.659747123718262 -3.5613250732421875 47.83827590942383
    endloop
  endfacet
  facet normal -0.03865019604563713 0.34491580724716187 0.937837541103363
    outer loop
      vertex -4.659747123718262 -3.5613250732421875 47.83827590942383
      vertex -4.2859601974487305 -4.453402042388916 48.181766510009766
      vertex -3.8418920040130615 -3.8119850158691406 47.964168548583984
    endloop
  endfacet
  facet normal 0.1593049168586731 0.41216468811035156 0.8970742225646973
    outer loop
      vertex -4.2859601974487305 -4.453402042388916 48.181766510009766
      vertex -4.659747123718262 -3.5613250732421875 47.83827590942383
      vertex -5.231263160705566 -4.067925930023193 48.17252731323242
    endloop
  endfacet
  facet normal 0.16909946501255035 0.4358700215816498 0.8839811682701111
    outer loop
      vertex -5.231263160705566 -4.067925930023193 48.17252731323242
      vertex -4.713712215423584 -4.974262237548828 48.520416259765625
      vertex -4.2859601974487305 -4.453402042388916 48.181766510009766
    endloop
  endfacet
  facet normal -0.0253298319876194 0.3455946445465088 0.9380419850349426
    outer loop
      vertex -4.713712215423584 -4.974262237548828 48.520416259765625
      vertex -5.231263160705566 -4.067925930023193 48.17252731323242
      vertex -5.796331882476807 -4.572690963745117 48.34323501586914
    endloop
  endfacet
  facet normal -0.049303483217954636 0.28892233967781067 0.9560822248458862
    outer loop
      vertex -5.796331882476807 -4.572690963745117 48.34323501586914
      vertex -5.097060203552246 -5.537291049957275 48.67079162597656
      vertex -4.713712215423584 -4.974262237548828 48.520416259765625
    endloop
  endfacet
  facet normal -0.5087118148803711 -0.07761825621128082 0.8574309349060059
    outer loop
      vertex -5.097060203552246 -5.537291049957275 48.67079162597656
      vertex -5.796331882476807 -4.572690963745117 48.34323501586914
      vertex -6.217945098876953 -5.076253890991211 48.047508239746094
    endloop
  endfacet
  facet normal -0.5218260288238525 -0.12860235571861267 0.8433024883270264
    outer loop
      vertex -6.217945098876953 -5.076253890991211 48.047508239746094
      vertex -5.398384094238281 -6.115723133087158 48.39612579345703
      vertex -5.097060203552246 -5.537291049957275 48.67079162597656
    endloop
  endfacet
  facet normal -0.760938823223114 -0.44005024433135986 0.4767891764640808
    outer loop
      vertex -5.398384094238281 -6.115723133087158 48.39612579345703
      vertex -6.217945098876953 -5.076253890991211 48.047508239746094
      vertex -6.460362911224365 -5.684157848358154 47.09955596923828
    endloop
  endfacet
  facet normal -0.7497141361236572 -0.48173171281814575 0.45372170209884644
    outer loop
      vertex -6.460362911224365 -5.684157848358154 47.09955596923828
      vertex -5.568644046783447 -6.726006984710693 47.466835021972656
      vertex -5.398384094238281 -6.115723133087158 48.39612579345703
    endloop
  endfacet
  facet normal 0.0003878920688293874 0.18733647465705872 0.9822957515716553
    outer loop
      vertex -4.075929164886475 -3.004962921142578 47.68769073486328
      vertex -4.221851825714111 -2.0771939754486084 47.51081085205078
      vertex -4.901124954223633 -2.5571229457855225 47.60260772705078
    endloop
  endfacet
  facet normal 0.027107493951916695 0.2345617264509201 0.9717231392860413
    outer loop
      vertex -4.901124954223633 -2.5571229457855225 47.60260772705078
      vertex -4.659747123718262 -3.5613250732421875 47.83827590942383
      vertex -4.075929164886475 -3.004962921142578 47.68769073486328
    endloop
  endfacet
  facet normal 0.1781090646982193 0.26519665122032166 0.9476011991500854
    outer loop
      vertex -4.659747123718262 -3.5613250732421875 47.83827590942383
      vertex -4.901124954223633 -2.5571229457855225 47.60260772705078
      vertex -5.581741809844971 -3.0280990600585938 47.862342834472656
    endloop
  endfacet
  facet normal 0.22462444007396698 0.34730249643325806 0.9104530811309814
    outer loop
      vertex -5.581741809844971 -3.0280990600585938 47.862342834472656
      vertex -5.231263160705566 -4.067925930023193 48.17252731323242
      vertex -4.659747123718262 -3.5613250732421875 47.83827590942383
    endloop
  endfacet
  facet normal -0.006605995818972588 0.2838049530982971 0.9588593244552612
    outer loop
      vertex -5.231263160705566 -4.067925930023193 48.17252731323242
      vertex -5.581741809844971 -3.0280990600585938 47.862342834472656
      vertex -6.300814151763916 -3.479712963104248 47.991058349609375
    endloop
  endfacet
  facet normal 0.009603535756468773 0.3106886148452759 0.9504632949829102
    outer loop
      vertex -6.300814151763916 -3.479712963104248 47.991058349609375
      vertex -5.796331882476807 -4.572690963745117 48.34323501586914
      vertex -5.231263160705566 -4.067925930023193 48.17252731323242
    endloop
  endfacet
  facet normal -0.38575974106788635 0.11683065444231033 0.9151721596717834
    outer loop
      vertex -5.796331882476807 -4.572690963745117 48.34323501586914
      vertex -6.300814151763916 -3.479712963104248 47.991058349609375
      vertex -6.946800231933594 -3.862591028213501 47.767642974853516
    endloop
  endfacet
  facet normal -0.4921492636203766 -0.09604572504758835 0.8651962280273438
    outer loop
      vertex -6.946800231933594 -3.862591028213501 47.767642974853516
      vertex -6.217945098876953 -5.076253890991211 48.047508239746094
      vertex -5.796331882476807 -4.572690963745117 48.34323501586914
    endloop
  endfacet
  facet normal -0.7974545955657959 -0.3687805235385895 0.47756391763687134
    outer loop
      vertex -6.217945098876953 -5.076253890991211 48.047508239746094
      vertex -6.946800231933594 -3.862591028213501 47.767642974853516
      vertex -7.264091968536377 -4.353446960449219 46.85877227783203
    endloop
  endfacet
  facet normal -0.7951234579086304 -0.39734411239624023 0.45814451575279236
    outer loop
      vertex -7.264091968536377 -4.353446960449219 46.85877227783203
      vertex -6.460362911224365 -5.684157848358154 47.09955596923828
      vertex -6.217945098876953 -5.076253890991211 48.047508239746094
    endloop
  endfacet
  facet normal -0.00317372870631516 0.07604372501373291 0.9970994591712952
    outer loop
      vertex -4.221851825714111 -2.0771939754486084 47.51081085205078
      vertex -4.326305866241455 -1.0490609407424927 47.43206787109375
      vertex -5.088009834289551 -1.4329849481582642 47.45892333984375
    endloop
  endfacet
  facet normal 0.03973078727722168 0.13318206369876862 0.9902949929237366
    outer loop
      vertex -5.088009834289551 -1.4329849481582642 47.45892333984375
      vertex -4.901124954223633 -2.5571229457855225 47.60260772705078
      vertex -4.221851825714111 -2.0771939754486084 47.51081085205078
    endloop
  endfacet
  facet normal 0.12590636312961578 0.14634455740451813 0.9811885356903076
    outer loop
      vertex -4.901124954223633 -2.5571229457855225 47.60260772705078
      vertex -5.088009834289551 -1.4329849481582642 47.45892333984375
      vertex -5.870166778564453 -1.8566420078277588 47.62247848510742
    endloop
  endfacet
  facet normal 0.19482752680778503 0.24256397783756256 0.9503710269927979
    outer loop
      vertex -5.870166778564453 -1.8566420078277588 47.62247848510742
      vertex -5.581741809844971 -3.0280990600585938 47.862342834472656
      vertex -4.901124954223633 -2.5571229457855225 47.60260772705078
    endloop
  endfacet
  facet normal -0.02353261411190033 0.194975808262825 0.98052579164505
    outer loop
      vertex -5.581741809844971 -3.0280990600585938 47.862342834472656
      vertex -5.870166778564453 -1.8566420078277588 47.62247848510742
      vertex -6.713959217071533 -2.245820999145508 47.67961502075195
    endloop
  endfacet
  facet normal 0.016380611807107925 0.24985171854496002 0.9681455492973328
    outer loop
      vertex -6.713959217071533 -2.245820999145508 47.67961502075195
      vertex -6.300814151763916 -3.479712963104248 47.991058349609375
      vertex -5.581741809844971 -3.0280990600585938 47.862342834472656
    endloop
  endfacet
  facet normal -0.3706088960170746 0.10872991383075714 0.9224027991294861
    outer loop
      vertex -6.300814151763916 -3.479712963104248 47.991058349609375
      vertex -6.713959217071533 -2.245820999145508 47.67961502075195
      vertex -7.471459865570068 -2.560746908187866 47.412384033203125
    endloop
  endfacet
  facet normal -0.37726375460624695 0.09922721236944199 0.9207746982574463
    outer loop
      vertex -7.471459865570068 -2.560746908187866 47.412384033203125
      vertex -6.946800231933594 -3.862591028213501 47.767642974853516
      vertex -6.300814151763916 -3.479712963104248 47.991058349609375
    endloop
  endfacet
  facet normal -0.8674271106719971 -0.22904618084430695 0.4417104423046112
    outer loop
      vertex -6.946800231933594 -3.862591028213501 47.767642974853516
      vertex -7.471459865570068 -2.560746908187866 47.412384033203125
      vertex -7.844709873199463 -3.008204936981201 46.44737243652344
    endloop
  endfacet
  facet normal -0.8679570555686951 -0.24198485910892487 0.4336978793144226
    outer loop
      vertex -7.844709873199463 -3.008204936981201 46.44737243652344
      vertex -7.264091968536377 -4.353446960449219 46.85877227783203
      vertex -6.946800231933594 -3.862591028213501 47.767642974853516
    endloop
  endfacet
  facet normal -0.047861672937870026 -0.005407301243394613 0.9988393187522888
    outer loop
      vertex -4.326305866241455 -1.0490609407424927 47.43206787109375
      vertex -4.4168901443481445 0.02895200066268444 47.433563232421875
      vertex -5.2727508544921875 -0.23341600596904755 47.39113235473633
    endloop
  endfacet
  facet normal 0.0062744393944740295 0.057384852319955826 0.9983324408531189
    outer loop
      vertex -5.2727508544921875 -0.23341600596904755 47.39113235473633
      vertex -5.088009834289551 -1.4329849481582642 47.45892333984375
      vertex -4.326305866241455 -1.0490609407424927 47.43206787109375
    endloop
  endfacet
  facet normal 0.023586412891745567 0.060027580708265305 0.9979180097579956
    outer loop
      vertex -5.088009834289551 -1.4329849481582642 47.45892333984375
      vertex -5.2727508544921875 -0.23341600596904755 47.39113235473633
      vertex -6.07089900970459 -0.5957620143890381 47.431793212890625
    endloop
  endfacet
  facet normal 0.11468002945184708 0.16636937856674194 0.9793721437454224
    outer loop
      vertex -6.07089900970459 -0.5957620143890381 47.431793212890625
      vertex -5.870166778564453 -1.8566420078277588 47.62247848510742
      vertex -5.088009834289551 -1.4329849481582642 47.45892333984375
    endloop
  endfacet
  facet normal -0.031130153685808182 0.14461222290992737 0.9889986515045166
    outer loop
      vertex -5.870166778564453 -1.8566420078277588 47.62247848510742
      vertex -6.07089900970459 -0.5957620143890381 47.431793212890625
      vertex -6.975916862487793 -0.9080849885940552 47.448974609375
    endloop
  endfacet
  facet normal -0.010674180462956429 0.16786432266235352 0.9857524037361145
    outer loop
      vertex -6.975916862487793 -0.9080849885940552 47.448974609375
      vertex -6.713959217071533 -2.245820999145508 47.67961502075195
      vertex -5.870166778564453 -1.8566420078277588 47.62247848510742
    endloop
  endfacet
  facet normal -0.39415568113327026 0.08065765351057053 0.9154975414276123
    outer loop
      vertex -6.713959217071533 -2.245820999145508 47.67961502075195
      vertex -6.975916862487793 -0.9080849885940552 47.448974609375
      vertex -7.813415050506592 -1.1764620542526245 47.11204528808594
    endloop
  endfacet
  facet normal -0.3705647587776184 0.10859531909227371 0.9224364161491394
    outer loop
      vertex -7.813415050506592 -1.1764620542526245 47.11204528808594
      vertex -7.471459865570068 -2.560746908187866 47.412384033203125
      vertex -6.713959217071533 -2.245820999145508 47.67961502075195
    endloop
  endfacet
  facet normal -0.8942701816558838 -0.12785865366458893 0.4288741648197174
    outer loop
      vertex -7.471459865570068 -2.560746908187866 47.412384033203125
      vertex -7.813415050506592 -1.1764620542526245 47.11204528808594
      vertex -8.253238677978516 -1.6361730098724365 46.057891845703125
    endloop
  endfacet
  facet normal -0.8970516324043274 -0.1489962637424469 0.41605105996131897
    outer loop
      vertex -8.253238677978516 -1.6361730098724365 46.057891845703125
      vertex -7.844709873199463 -3.008204936981201 46.44737243652344
      vertex -7.471459865570068 -2.560746908187866 47.412384033203125
    endloop
  endfacet
  facet normal -0.17780326306819916 -0.04499363526701927 0.9830369353294373
    outer loop
      vertex -4.4168901443481445 0.02895200066268444 47.433563232421875
      vertex -4.452001094818115 1.1676729917526245 47.479331970214844
      vertex -5.146821022033691 0.9484289884567261 47.343624114990234
    endloop
  endfacet
  facet normal -0.0637892484664917 0.04686921089887619 0.9968621730804443
    outer loop
      vertex -5.146821022033691 0.9484289884567261 47.343624114990234
      vertex -5.2727508544921875 -0.23341600596904755 47.39113235473633
      vertex -4.4168901443481445 0.02895200066268444 47.433563232421875
    endloop
  endfacet
  facet normal -0.03195551037788391 0.043544668704271317 0.9985403418540955
    outer loop
      vertex -5.2727508544921875 -0.23341600596904755 47.39113235473633
      vertex -5.146821022033691 0.9484289884567261 47.343624114990234
      vertex -6.1660847663879395 0.7215330004692078 47.320899963378906
    endloop
  endfacet
  facet normal 0.012277022004127502 0.08476034551858902 0.9963257312774658
    outer loop
      vertex -6.1660847663879395 0.7215330004692078 47.320899963378906
      vertex -6.07089900970459 -0.5957620143890381 47.431793212890625
      vertex -5.2727508544921875 -0.23341600596904755 47.39113235473633
    endloop
  endfacet
  facet normal -0.153854101896286 0.07184281200170517 0.985478401184082
    outer loop
      vertex -6.07089900970459 -0.5957620143890381 47.431793212890625
      vertex -6.1660847663879395 0.7215330004692078 47.320899963378906
      vertex -7.182712078094482 0.48858800530433655 47.17916488647461
    endloop
  endfacet
  facet normal -0.04455132782459259 0.1831221580505371 0.9820801615715027
    outer loop
      vertex -7.182712078094482 0.48858800530433655 47.17916488647461
      vertex -6.975916862487793 -0.9080849885940552 47.448974609375
      vertex -6.07089900970459 -0.5957620143890381 47.431793212890625
    endloop
  endfacet
  facet normal -0.4848822057247162 0.0961347445845604 0.8692798018455505
    outer loop
      vertex -6.975916862487793 -0.9080849885940552 47.448974609375
      vertex -7.182712078094482 0.48858800530433655 47.17916488647461
      vertex -7.999505996704102 0.2794420123100281 46.74668884277344
    endloop
  endfacet
  facet normal -0.4144747853279114 0.17131763696670532 0.8937902450561523
    outer loop
      vertex -7.999505996704102 0.2794420123100281 46.74668884277344
      vertex -7.813415050506592 -1.1764620542526245 47.11204528808594
      vertex -6.975916862487793 -0.9080849885940552 47.448974609375
    endloop
  endfacet
  facet normal -0.8832380175590515 0.004775878973305225 0.46890050172805786
    outer loop
      vertex -7.813415050506592 -1.1764620542526245 47.11204528808594
      vertex -7.999505996704102 0.2794420123100281 46.74668884277344
      vertex -8.531705856323242 -0.17514599859714508 45.74884796142578
    endloop
  endfacet
  facet normal -0.9058673977851868 -0.08487898111343384 0.41496965289115906
    outer loop
      vertex -8.531705856323242 -0.17514599859714508 45.74884796142578
      vertex -8.253238677978516 -1.6361730098724365 46.057891845703125
      vertex -7.813415050506592 -1.1764620542526245 47.11204528808594
    endloop
  endfacet
  facet normal -0.22757115960121155 -0.07167260348796844 0.9711202383041382
    outer loop
      vertex -4.452001094818115 1.1676729917526245 47.479331970214844
      vertex -4.355813980102539 2.311460018157959 47.58628845214844
      vertex -5.265323162078857 2.3097341060638428 47.37302780151367
    endloop
  endfacet
  facet normal -0.1803242713212967 -0.03692787140607834 0.9829137325286865
    outer loop
      vertex -5.265323162078857 2.3097341060638428 47.37302780151367
      vertex -5.146821022033691 0.9484289884567261 47.343624114990234
      vertex -4.452001094818115 1.1676729917526245 47.479331970214844
    endloop
  endfacet
  facet normal 0.05543350428342819 -0.01673787832260132 0.998322069644928
    outer loop
      vertex -5.146821022033691 0.9484289884567261 47.343624114990234
      vertex -5.265323162078857 2.3097341060638428 47.37302780151367
      vertex -6.3611907958984375 2.288930892944336 47.433528900146484
    endloop
  endfacet
  facet normal -0.006112649105489254 -0.07242809236049652 0.9973549246788025
    outer loop
      vertex -6.3611907958984375 2.288930892944336 47.433528900146484
      vertex -6.1660847663879395 0.7215330004692078 47.320899963378906
      vertex -5.146821022033691 0.9484289884567261 47.343624114990234
    endloop
  endfacet
  facet normal -0.1652095764875412 -0.0911315530538559 0.9820390939712524
    outer loop
      vertex -6.1660847663879395 0.7215330004692078 47.320899963378906
      vertex -6.3611907958984375 2.288930892944336 47.433528900146484
      vertex -7.435329914093018 2.1436729431152344 47.23934555053711
    endloop
  endfacet
  facet normal -0.12546060979366302 -0.055167172104120255 0.9905635714530945
    outer loop
      vertex -7.435329914093018 2.1436729431152344 47.23934555053711
      vertex -7.182712078094482 0.48858800530433655 47.17916488647461
      vertex -6.1660847663879395 0.7215330004692078 47.320899963378906
    endloop
  endfacet
  facet normal -0.5600187182426453 -0.11530762910842896 0.8204164505004883
    outer loop
      vertex -7.182712078094482 0.48858800530433655 47.17916488647461
      vertex -7.435329914093018 2.1436729431152344 47.23934555053711
      vertex -8.156137466430664 1.851425051689148 46.70624542236328
    endloop
  endfacet
  facet normal -0.46313050389289856 -0.023351816460490227 0.8859823346138
    outer loop
      vertex -8.156137466430664 1.851425051689148 46.70624542236328
      vertex -7.999505996704102 0.2794420123100281 46.74668884277344
      vertex -7.182712078094482 0.48858800530433655 47.17916488647461
    endloop
  endfacet
  facet normal -0.8682302236557007 -0.07388722151517868 0.4906291365623474
    outer loop
      vertex -7.999505996704102 0.2794420123100281 46.74668884277344
      vertex -8.156137466430664 1.851425051689148 46.70624542236328
      vertex -8.775033950805664 1.4786150455474854 45.55488586425781
    endloop
  endfacet
  facet normal -0.8666972517967224 -0.06958859413862228 0.4939568340778351
    outer loop
      vertex -8.775033950805664 1.4786150455474854 45.55488586425781
      vertex -8.531705856323242 -0.17514599859714508 45.74884796142578
      vertex -7.999505996704102 0.2794420123100281 46.74668884277344
    endloop
  endfacet
  facet normal -0.20647992193698883 -0.12380927056074142 0.9705860614776611
    outer loop
      vertex -4.355813980102539 2.311460018157959 47.58628845214844
      vertex -4.263917922973633 3.4350779056549072 47.749168395996094
      vertex -5.195588111877441 3.6748909950256348 47.58155822753906
    endloop
  endfacet
  facet normal -0.22592781484127045 -0.13580842316150665 0.9646308422088623
    outer loop
      vertex -5.195588111877441 3.6748909950256348 47.58155822753906
      vertex -5.265323162078857 2.3097341060638428 47.37302780151367
      vertex -4.355813980102539 2.311460018157959 47.58628845214844
    endloop
  endfacet
  facet normal 0.01912732981145382 -0.15192759037017822 0.9882065653800964
    outer loop
      vertex -5.265323162078857 2.3097341060638428 47.37302780151367
      vertex -5.195588111877441 3.6748909950256348 47.58155822753906
      vertex -6.275453090667725 3.7977828979492188 47.62135314941406
    endloop
  endfacet
  facet normal 0.05707579106092453 -0.12651988863945007 0.9903207421302795
    outer loop
      vertex -6.275453090667725 3.7977828979492188 47.62135314941406
      vertex -6.3611907958984375 2.288930892944336 47.433528900146484
      vertex -5.265323162078857 2.3097341060638428 47.37302780151367
    endloop
  endfacet
  facet normal -0.2280786633491516 -0.10749941319227219 0.9676900506019592
    outer loop
      vertex -6.3611907958984375 2.288930892944336 47.433528900146484
      vertex -6.275453090667725 3.7977828979492188 47.62135314941406
      vertex -7.307162761688232 3.682229995727539 47.36534881591797
    endloop
  endfacet
  facet normal -0.1687909960746765 -0.06647729128599167 0.9834075570106506
    outer loop
      vertex -7.307162761688232 3.682229995727539 47.36534881591797
      vertex -7.435329914093018 2.1436729431152344 47.23934555053711
      vertex -6.3611907958984375 2.288930892944336 47.433528900146484
    endloop
  endfacet
  facet normal -0.6207535266876221 -0.012488680891692638 0.7839062809944153
    outer loop
      vertex -7.435329914093018 2.1436729431152344 47.23934555053711
      vertex -7.307162761688232 3.682229995727539 47.36534881591797
      vertex -8.095714569091797 3.446887969970703 46.73716735839844
    endloop
  endfacet
  facet normal -0.5964556336402893 0.007033167872577906 0.8026153445243835
    outer loop
      vertex -8.095714569091797 3.446887969970703 46.73716735839844
      vertex -8.156137466430664 1.851425051689148 46.70624542236328
      vertex -7.435329914093018 2.1436729431152344 47.23934555053711
    endloop
  endfacet
  facet normal -0.8216330409049988 0.020075902342796326 0.5696631669998169
    outer loop
      vertex -8.156137466430664 1.851425051689148 46.70624542236328
      vertex -8.095714569091797 3.446887969970703 46.73716735839844
      vertex -8.940906524658203 3.2252140045166016 45.52594757080078
    endloop
  endfacet
  facet normal -0.8681419491767883 -0.07431603968143463 0.4907205402851105
    outer loop
      vertex -8.940906524658203 3.2252140045166016 45.52594757080078
      vertex -8.775033950805664 1.4786150455474854 45.55488586425781
      vertex -8.156137466430664 1.851425051689148 46.70624542236328
    endloop
  endfacet
  facet normal -0.17998293042182922 -0.14615534245967865 0.9727512001991272
    outer loop
      vertex -4.263917922973633 3.4350779056549072 47.749168395996094
      vertex -4.085626125335693 4.511582851409912 47.94390106201172
      vertex -4.893593788146973 4.891122817993164 47.85143280029297
    endloop
  endfacet
  facet normal -0.21463079750537872 -0.16048365831375122 0.9634202718734741
    outer loop
      vertex -4.893593788146973 4.891122817993164 47.85143280029297
      vertex -5.195588111877441 3.6748909950256348 47.58155822753906
      vertex -4.263917922973633 3.4350779056549072 47.749168395996094
    endloop
  endfacet
  facet normal -0.08896571397781372 -0.1946616917848587 0.9768275618553162
    outer loop
      vertex -5.195588111877441 3.6748909950256348 47.58155822753906
      vertex -4.893593788146973 4.891122817993164 47.85143280029297
      vertex -5.921825885772705 5.095930099487305 47.79859924316406
    endloop
  endfacet
  facet normal 0.020462393760681152 -0.140724316239357 0.9898374080657959
    outer loop
      vertex -5.921825885772705 5.095930099487305 47.79859924316406
      vertex -6.275453090667725 3.7977828979492188 47.62135314941406
      vertex -5.195588111877441 3.6748909950256348 47.58155822753906
    endloop
  endfacet
  facet normal -0.2512785792350769 -0.0634223222732544 0.9658347964286804
    outer loop
      vertex -6.275453090667725 3.7977828979492188 47.62135314941406
      vertex -5.921825885772705 5.095930099487305 47.79859924316406
      vertex -6.989408016204834 5.140398025512695 47.52376937866211
    endloop
  endfacet
  facet normal -0.23474545776844025 -0.05428864061832428 0.9705396890640259
    outer loop
      vertex -6.989408016204834 5.140398025512695 47.52376937866211
      vertex -7.307162761688232 3.682229995727539 47.36534881591797
      vertex -6.275453090667725 3.7977828979492188 47.62135314941406
    endloop
  endfacet
  facet normal -0.5055335164070129 0.01644126884639263 0.8626502752304077
    outer loop
      vertex -7.307162761688232 3.682229995727539 47.36534881591797
      vertex -6.989408016204834 5.140398025512695 47.52376937866211
      vertex -7.973602771759033 5.119070053100586 46.94741439819336
    endloop
  endfacet
  facet normal -0.6121619343757629 -0.05448083579540253 0.7888534069061279
    outer loop
      vertex -7.973602771759033 5.119070053100586 46.94741439819336
      vertex -8.095714569091797 3.446887969970703 46.73716735839844
      vertex -7.307162761688232 3.682229995727539 47.36534881591797
    endloop
  endfacet
  facet normal -0.758282482624054 -0.026526303961873055 0.6513863205909729
    outer loop
      vertex -8.095714569091797 3.446887969970703 46.73716735839844
      vertex -7.973602771759033 5.119070053100586 46.94741439819336
      vertex -8.970991134643555 5.023176193237305 45.78244400024414
    endloop
  endfacet
  facet normal -0.80788254737854 -0.09645967185497284 0.5813960433006287
    outer loop
      vertex -8.970991134643555 5.023176193237305 45.78244400024414
      vertex -8.940906524658203 3.2252140045166016 45.52594757080078
      vertex -8.095714569091797 3.446887969970703 46.73716735839844
    endloop
  endfacet
  facet normal -0.09363339841365814 -0.17411662638187408 0.9802634119987488
    outer loop
      vertex -4.085626125335693 4.511582851409912 47.94390106201172
      vertex -3.85036301612854 5.531909942626953 48.147605895996094
      vertex -4.668060779571533 6.1396260261535645 48.17744445800781
    endloop
  endfacet
  facet normal -0.2086840718984604 -0.2116251289844513 0.9548118710517883
    outer loop
      vertex -4.668060779571533 6.1396260261535645 48.17744445800781
      vertex -4.893593788146973 4.891122817993164 47.85143280029297
      vertex -4.085626125335693 4.511582851409912 47.94390106201172
    endloop
  endfacet
  facet normal -0.10442686825990677 -0.23356705904006958 0.9667168259620667
    outer loop
      vertex -4.893593788146973 4.891122817993164 47.85143280029297
      vertex -4.668060779571533 6.1396260261535645 48.17744445800781
      vertex -5.703927993774414 6.543944835662842 48.16323471069336
    endloop
  endfacet
  facet normal -0.09549068659543991 -0.2295418083667755 0.968603253364563
    outer loop
      vertex -5.703927993774414 6.543944835662842 48.16323471069336
      vertex -5.921825885772705 5.095930099487305 47.79859924316406
      vertex -4.893593788146973 4.891122817993164 47.85143280029297
    endloop
  endfacet
  facet normal -0.18210469186306 -0.21425411105155945 0.9596525430679321
    outer loop
      vertex -5.921825885772705 5.095930099487305 47.79859924316406
      vertex -5.703927993774414 6.543944835662842 48.16323471069336
      vertex -6.77288293838501 6.711592197418213 47.99781799316406
    endloop
  endfacet
  facet normal -0.25119805335998535 -0.2476966381072998 0.9357060790061951
    outer loop
      vertex -6.77288293838501 6.711592197418213 47.99781799316406
      vertex -6.989408016204834 5.140398025512695 47.52376937866211
      vertex -5.921825885772705 5.095930099487305 47.79859924316406
    endloop
  endfacet
  facet normal -0.4796951115131378 -0.1921975463628769 0.856126606464386
    outer loop
      vertex -6.989408016204834 5.140398025512695 47.52376937866211
      vertex -6.77288293838501 6.711592197418213 47.99781799316406
      vertex -7.73992919921875 6.74525785446167 47.463531494140625
    endloop
  endfacet
  facet normal -0.49209603667259216 -0.19831499457359314 0.8476512432098389
    outer loop
      vertex -7.73992919921875 6.74525785446167 47.463531494140625
      vertex -7.973602771759033 5.119070053100586 46.94741439819336
      vertex -6.989408016204834 5.140398025512695 47.52376937866211
    endloop
  endfacet
  facet normal -0.7865469455718994 -0.08126433938741684 0.6121600866317749
    outer loop
      vertex -7.973602771759033 5.119070053100586 46.94741439819336
      vertex -7.73992919921875 6.74525785446167 47.463531494140625
      vertex -8.760416030883789 6.694530010223389 46.14560317993164
    endloop
  endfacet
  facet normal -0.7569310665130615 -0.04627157375216484 0.6518546342849731
    outer loop
      vertex -8.760416030883789 6.694530010223389 46.14560317993164
      vertex -8.970991134643555 5.023176193237305 45.78244400024414
      vertex -7.973602771759033 5.119070053100586 46.94741439819336
    endloop
  endfacet
  facet normal -0.057959236204624176 -0.19675305485725403 0.9787384867668152
    outer loop
      vertex -3.85036301612854 5.531909942626953 48.147605895996094
      vertex -3.5872058868408203 6.521677017211914 48.362159729003906
      vertex -4.319389820098877 7.247779846191406 48.46476745605469
    endloop
  endfacet
  facet normal -0.12272518128156662 -0.21272572875022888 0.9693742394447327
    outer loop
      vertex -4.319389820098877 7.247779846191406 48.46476745605469
      vertex -4.668060779571533 6.1396260261535645 48.17744445800781
      vertex -3.85036301612854 5.531909942626953 48.147605895996094
    endloop
  endfacet
  facet normal -0.054164741188287735 -0.23461011052131653 0.9705793857574463
    outer loop
      vertex -4.668060779571533 6.1396260261535645 48.17744445800781
      vertex -4.319389820098877 7.247779846191406 48.46476745605469
      vertex -5.286709785461426 7.8017730712890625 48.54469680786133
    endloop
  endfacet
  facet normal -0.11234567314386368 -0.25406867265701294 0.9606391191482544
    outer loop
      vertex -5.286709785461426 7.8017730712890625 48.54469680786133
      vertex -5.703927993774414 6.543944835662842 48.16323471069336
      vertex -4.668060779571533 6.1396260261535645 48.17744445800781
    endloop
  endfacet
  facet normal -0.16012205183506012 -0.2374546229839325 0.9581107497215271
    outer loop
      vertex -5.703927993774414 6.543944835662842 48.16323471069336
      vertex -5.286709785461426 7.8017730712890625 48.54469680786133
      vertex -6.34935998916626 8.092573165893555 48.43917465209961
    endloop
  endfacet
  facet normal -0.18589653074741364 -0.24693578481674194 0.9510337710380554
    outer loop
      vertex -6.34935998916626 8.092573165893555 48.43917465209961
      vertex -6.77288293838501 6.711592197418213 47.99781799316406
      vertex -5.703927993774414 6.543944835662842 48.16323471069336
    endloop
  endfacet
  facet normal -0.4756978154182434 -0.1320459246635437 0.8696410059928894
    outer loop
      vertex -6.77288293838501 6.711592197418213 47.99781799316406
      vertex -6.34935998916626 8.092573165893555 48.43917465209961
      vertex -7.323288917541504 8.214435577392578 47.92493438720703
    endloop
  endfacet
  facet normal -0.4827689230442047 -0.1348460167646408 0.8653039336204529
    outer loop
      vertex -7.323288917541504 8.214435577392578 47.92493438720703
      vertex -7.73992919921875 6.74525785446167 47.463531494140625
      vertex -6.77288293838501 6.711592197418213 47.99781799316406
    endloop
  endfacet
  facet normal -0.8192237019538879 0.05298952758312225 0.5710206627845764
    outer loop
      vertex -7.73992919921875 6.74525785446167 47.463531494140625
      vertex -7.323288917541504 8.214435577392578 47.92493438720703
      vertex -8.220475196838379 8.265167236328125 46.63306427001953
    endloop
  endfacet
  facet normal -0.7895101308822632 0.08266827464103699 0.6081446409225464
    outer loop
      vertex -8.220475196838379 8.265167236328125 46.63306427001953
      vertex -8.760416030883789 6.694530010223389 46.14560317993164
      vertex -7.73992919921875 6.74525785446167 47.463531494140625
    endloop
  endfacet
endsolid
