solid PS52_BeutelRevision_LVOT_004
  facet normal 0.21762695908546448 0.33134210109710693 -0.9180691838264465
    outer loop
      vertex 4.504926681518555 -0.9825209975242615 10.363975524902344
      vertex 5.798924922943115 -0.35199010372161865 10.898282051086426
      vertex 5.264538764953613 -3.2778797149658203 9.715618133544922
    endloop
  endfacet
  facet normal 0.3736877143383026 0.32036736607551575 -0.8704724311828613
    outer loop
      vertex 5.798924922943115 -0.35199010372161865 10.898282051086426
      vertex 7.31778621673584 0.5775355100631714 11.892419815063477
      vertex 6.844010353088379 -2.691694736480713 10.485828399658203
    endloop
  endfacet
  facet normal 0.4154258072376251 0.07207315415143967 -0.9067673087120056
    outer loop
      vertex 5.264538764953613 -3.2778797149658203 9.715618133544922
      vertex 6.844010353088379 -2.691694736480713 10.485828399658203
      vertex 5.954294204711914 -5.720968723297119 9.83743667602539
    endloop
  endfacet
  facet normal 0.32452985644340515 0.30292022228240967 -0.8960579037666321
    outer loop
      vertex 6.844010353088379 -2.691694736480713 10.485828399658203
      vertex 5.264538764953613 -3.2778797149658203 9.715618133544922
      vertex 5.798924922943115 -0.35199010372161865 10.898282051086426
    endloop
  endfacet
  facet normal 0.7796570658683777 0.26061975955963135 -0.5693963170051575
    outer loop
      vertex 7.31778621673584 0.5775355100631714 11.892419815063477
      vertex 8.568938255310059 1.6271840333938599 14.086021423339844
      vertex 8.274909973144531 -1.6631911993026733 12.177371978759766
    endloop
  endfacet
  facet normal 0.9206085801124573 0.11475344002246857 -0.3732445240020752
    outer loop
      vertex 8.568938255310059 1.6271840333938599 14.086021423339844
      vertex 9.634483337402344 2.5703723430633545 17.004173278808594
      vertex 9.322497367858887 -0.5844078660011292 15.264726638793945
    endloop
  endfacet
  facet normal 0.9492573738098145 -0.024471526965498924 -0.31354689598083496
    outer loop
      vertex 8.274909973144531 -1.6631911993026733 12.177371978759766
      vertex 9.322497367858887 -0.5844078660011292 15.264726638793945
      vertex 8.78606128692627 -3.7947843074798584 13.89123821258545
    endloop
  endfacet
  facet normal 0.9254967570304871 0.12474440783262253 -0.3576236367225647
    outer loop
      vertex 9.322497367858887 -0.5844078660011292 15.264726638793945
      vertex 8.274909973144531 -1.6631911993026733 12.177371978759766
      vertex 8.568938255310059 1.6271840333938599 14.086021423339844
    endloop
  endfacet
  facet normal 0.6911504864692688 -0.19090187549591064 -0.6970419883728027
    outer loop
      vertex 5.954294204711914 -5.720968723297119 9.83743667602539
      vertex 7.499270439147949 -5.00006628036499 11.171917915344238
      vertex 6.445155620574951 -7.869158744812012 10.912483215332031
    endloop
  endfacet
  facet normal 0.9176650643348694 -0.17634217441082 -0.3560819923877716
    outer loop
      vertex 7.499270439147949 -5.00006628036499 11.171917915344238
      vertex 8.78606128692627 -3.7947843074798584 13.89123821258545
      vertex 7.889070510864258 -6.869619846343994 13.102335929870605
    endloop
  endfacet
  facet normal 0.8490756750106812 -0.33909305930137634 -0.40507572889328003
    outer loop
      vertex 6.445155620574951 -7.869158744812012 10.912483215332031
      vertex 7.889070510864258 -6.869619846343994 13.102335929870605
      vertex 6.733093738555908 -9.594254493713379 12.960123062133789
    endloop
  endfacet
  facet normal 0.8555888533592224 -0.2746706008911133 -0.4387754201889038
    outer loop
      vertex 7.889070510864258 -6.869619846343994 13.102335929870605
      vertex 6.445155620574951 -7.869158744812012 10.912483215332031
      vertex 7.499270439147949 -5.00006628036499 11.171917915344238
    endloop
  endfacet
  facet normal 0.9154354929924011 -0.09494180232286453 -0.3911059498786926
    outer loop
      vertex 8.78606128692627 -3.7947843074798584 13.89123821258545
      vertex 7.499270439147949 -5.00006628036499 11.171917915344238
      vertex 8.274909973144531 -1.6631911993026733 12.177371978759766
    endloop
  endfacet
  facet normal 0.6624247431755066 -0.034382253885269165 -0.7483389973640442
    outer loop
      vertex 7.499270439147949 -5.00006628036499 11.171917915344238
      vertex 5.954294204711914 -5.720968723297119 9.83743667602539
      vertex 6.844010353088379 -2.691694736480713 10.485828399658203
    endloop
  endfacet
  facet normal 0.6833881735801697 0.20271864533424377 -0.7013456225395203
    outer loop
      vertex 8.274909973144531 -1.6631911993026733 12.177371978759766
      vertex 6.844010353088379 -2.691694736480713 10.485828399658203
      vertex 7.31778621673584 0.5775355100631714 11.892419815063477
    endloop
  endfacet
  facet normal 0.7570397853851318 0.020800702273845673 -0.6530375480651855
    outer loop
      vertex 6.844010353088379 -2.691694736480713 10.485828399658203
      vertex 8.274909973144531 -1.6631911993026733 12.177371978759766
      vertex 7.499270439147949 -5.00006628036499 11.171917915344238
    endloop
  endfacet
  facet normal 0.9567866325378418 0.057130441069602966 -0.2851235270500183
    outer loop
      vertex 9.634483337402344 2.5703723430633545 17.004173278808594
      vertex 10.525775909423828 3.369408130645752 20.155179977416992
      vertex 10.206936836242676 0.47425422072410583 18.505149841308594
    endloop
  endfacet
  facet normal 0.9721946120262146 0.04342988133430481 -0.23011216521263123
    outer loop
      vertex 10.525775909423828 3.369408130645752 20.155179977416992
      vertex 11.28154182434082 3.895879030227661 23.44755744934082
      vertex 11.019336700439453 1.3460689783096313 21.858539581298828
    endloop
  endfacet
  facet normal 0.9735429883003235 -0.047312404960393906 -0.22355245053768158
    outer loop
      vertex 10.206936836242676 0.47425422072410583 18.505149841308594
      vertex 11.019336700439453 1.3460689783096313 21.858539581298828
      vertex 10.618282318115234 -1.3675260543823242 20.68630027770996
    endloop
  endfacet
  facet normal 0.9694710969924927 0.0318027101457119 -0.24313433468341827
    outer loop
      vertex 11.019336700439453 1.3460689783096313 21.858539581298828
      vertex 10.206936836242676 0.47425422072410583 18.505149841308594
      vertex 10.525775909423828 3.369408130645752 20.155179977416992
    endloop
  endfacet
  facet normal 0.9752516746520996 0.05916900932788849 -0.21303367614746094
    outer loop
      vertex 11.28154182434082 3.895879030227661 23.44755744934082
      vertex 11.977389335632324 4.126328468322754 26.697099685668945
      vertex 11.790390014648438 1.9665684700012207 25.241168975830078
    endloop
  endfacet
  facet normal 0.972506046295166 0.09164045006036758 -0.21408909559249878
    outer loop
      vertex 11.977389335632324 4.126328468322754 26.697099685668945
      vertex 12.585001945495605 4.151703834533691 29.468059539794922
      vertex 12.549375534057617 2.432135820388794 28.570167541503906
    endloop
  endfacet
  facet normal 0.9746125340461731 0.010390521958470345 -0.22365713119506836
    outer loop
      vertex 11.790390014648438 1.9665684700012207 25.241168975830078
      vertex 12.549375534057617 2.432135820388794 28.570167541503906
      vertex 12.387916564941406 0.28260499238967896 27.7667293548584
    endloop
  endfacet
  facet normal 0.9702324271202087 0.07188981026411057 -0.2312593162059784
    outer loop
      vertex 12.549375534057617 2.432135820388794 28.570167541503906
      vertex 11.790390014648438 1.9665684700012207 25.241168975830078
      vertex 11.977389335632324 4.126328468322754 26.697099685668945
    endloop
  endfacet
  facet normal 0.9702420830726624 -0.13052144646644592 -0.20394708216190338
    outer loop
      vertex 10.618282318115234 -1.3675260543823242 20.68630027770996
      vertex 11.485710144042969 -0.43663620948791504 24.217185974121094
      vertex 10.987546920776367 -2.962310552597046 23.46363639831543
    endloop
  endfacet
  facet normal 0.9682057499885559 -0.11293849349021912 -0.22320936620235443
    outer loop
      vertex 11.485710144042969 -0.43663620948791504 24.217185974121094
      vertex 12.387916564941406 0.28260499238967896 27.7667293548584
      vertex 11.983531951904297 -2.030830144882202 27.183189392089844
    endloop
  endfacet
  facet normal 0.9529860019683838 -0.2296641319990158 -0.19766680896282196
    outer loop
      vertex 10.987546920776367 -2.962310552597046 23.46363639831543
      vertex 11.983531951904297 -2.030830144882202 27.183189392089844
      vertex 11.32489013671875 -4.4101176261901855 26.772197723388672
    endloop
  endfacet
  facet normal 0.9659311771392822 -0.12250407785177231 -0.22796902060508728
    outer loop
      vertex 11.983531951904297 -2.030830144882202 27.183189392089844
      vertex 10.987546920776367 -2.962310552597046 23.46363639831543
      vertex 11.485710144042969 -0.43663620948791504 24.217185974121094
    endloop
  endfacet
  facet normal 0.9699382185935974 -0.019617127254605293 -0.24255938827991486
    outer loop
      vertex 12.387916564941406 0.28260499238967896 27.7667293548584
      vertex 11.485710144042969 -0.43663620948791504 24.217185974121094
      vertex 11.790390014648438 1.9665684700012207 25.241168975830078
    endloop
  endfacet
  facet normal 0.9728350639343262 -0.04574688896536827 -0.2269342541694641
    outer loop
      vertex 11.485710144042969 -0.43663620948791504 24.217185974121094
      vertex 10.618282318115234 -1.3675260543823242 20.68630027770996
      vertex 11.019336700439453 1.3460689783096313 21.858539581298828
    endloop
  endfacet
  facet normal 0.9723464846611023 0.04305758327245712 -0.22953984141349792
    outer loop
      vertex 11.790390014648438 1.9665684700012207 25.241168975830078
      vertex 11.019336700439453 1.3460689783096313 21.858539581298828
      vertex 11.28154182434082 3.895879030227661 23.44755744934082
    endloop
  endfacet
  facet normal 0.9757429361343384 -0.03138953447341919 -0.21665771305561066
    outer loop
      vertex 11.019336700439453 1.3460689783096313 21.858539581298828
      vertex 11.790390014648438 1.9665684700012207 25.241168975830078
      vertex 11.485710144042969 -0.43663620948791504 24.217185974121094
    endloop
  endfacet
  facet normal 0.8542462587356567 -0.4787645637989044 -0.20260301232337952
    outer loop
      vertex 6.733093738555908 -9.594254493713379 12.960123062133789
      vertex 8.07772159576416 -8.346688270568848 15.681468963623047
      vertex 6.888359069824219 -10.686651229858398 16.196184158325195
    endloop
  endfacet
  facet normal 0.9225553870201111 -0.35660719871520996 -0.14738687872886658
    outer loop
      vertex 8.07772159576416 -8.346688270568848 15.681468963623047
      vertex 9.200469017028809 -6.87836217880249 19.15654754638672
      vertex 8.192633628845215 -9.426422119140625 19.013200759887695
    endloop
  endfacet
  facet normal 0.8254361748695374 -0.5475648045539856 -0.13721545040607452
    outer loop
      vertex 6.888359069824219 -10.686651229858398 16.196184158325195
      vertex 8.192633628845215 -9.426422119140625 19.013200759887695
      vertex 7.0021138191223145 -11.443160057067871 19.89937400817871
    endloop
  endfacet
  facet normal 0.8592147827148438 -0.4772648811340332 -0.18430452048778534
    outer loop
      vertex 8.192633628845215 -9.426422119140625 19.013200759887695
      vertex 6.888359069824219 -10.686651229858398 16.196184158325195
      vertex 8.07772159576416 -8.346688270568848 15.681468963623047
    endloop
  endfacet
  facet normal 0.9256126284599304 -0.3530711233615875 -0.13631579279899597
    outer loop
      vertex 9.200469017028809 -6.87836217880249 19.15654754638672
      vertex 10.284194946289062 -5.487587928771973 22.91303253173828
      vertex 9.299596786499023 -7.981908798217773 22.687938690185547
    endloop
  endfacet
  facet normal 0.9298732876777649 -0.3322213590145111 -0.15800203382968903
    outer loop
      vertex 10.284194946289062 -5.487587928771973 22.91303253173828
      vertex 11.32489013671875 -4.4101176261901855 26.772197723388672
      vertex 10.438295364379883 -6.773868560791016 26.52452850341797
    endloop
  endfacet
  facet normal 0.8774704337120056 -0.4659554958343506 -0.11371592432260513
    outer loop
      vertex 9.299596786499023 -7.981908798217773 22.687938690185547
      vertex 10.438295364379883 -6.773868560791016 26.52452850341797
      vertex 9.282424926757812 -8.96286678314209 26.574949264526367
    endloop
  endfacet
  facet normal 0.9225513339042664 -0.34938231110572815 -0.16380171477794647
    outer loop
      vertex 10.438295364379883 -6.773868560791016 26.52452850341797
      vertex 9.299596786499023 -7.981908798217773 22.687938690185547
      vertex 10.284194946289062 -5.487587928771973 22.91303253173828
    endloop
  endfacet
  facet normal 0.8019617795944214 -0.5938856601715088 -0.06447581201791763
    outer loop
      vertex 7.0021138191223145 -11.443160057067871 19.89937400817871
      vertex 8.20462417602539 -10.148853302001953 22.9345760345459
      vertex 7.071813106536865 -11.795580863952637 24.012449264526367
    endloop
  endfacet
  facet normal 0.8347406983375549 -0.546281635761261 -0.06916912645101547
    outer loop
      vertex 8.20462417602539 -10.148853302001953 22.9345760345459
      vertex 9.282424926757812 -8.96286678314209 26.574949264526367
      vertex 8.11545467376709 -10.788009643554688 26.906375885009766
    endloop
  endfacet
  facet normal 0.7680812478065491 -0.6379976868629456 -0.054864346981048584
    outer loop
      vertex 7.071813106536865 -11.795580863952637 24.012449264526367
      vertex 8.11545467376709 -10.788009643554688 26.906375885009766
      vertex 7.118381500244141 -12.037314414978027 27.475421905517578
    endloop
  endfacet
  facet normal 0.796576201915741 -0.5994099378585815 -0.07857555150985718
    outer loop
      vertex 8.11545467376709 -10.788009643554688 26.906375885009766
      vertex 7.071813106536865 -11.795580863952637 24.012449264526367
      vertex 8.20462417602539 -10.148853302001953 22.9345760345459
    endloop
  endfacet
  facet normal 0.8817549347877502 -0.4582773447036743 -0.111759252846241
    outer loop
      vertex 9.282424926757812 -8.96286678314209 26.574949264526367
      vertex 8.20462417602539 -10.148853302001953 22.9345760345459
      vertex 9.299596786499023 -7.981908798217773 22.687938690185547
    endloop
  endfacet
  facet normal 0.8364609479904175 -0.5384953022003174 -0.10176414996385574
    outer loop
      vertex 8.20462417602539 -10.148853302001953 22.9345760345459
      vertex 7.0021138191223145 -11.443160057067871 19.89937400817871
      vertex 8.192633628845215 -9.426422119140625 19.013200759887695
    endloop
  endfacet
  facet normal 0.9236726760864258 -0.35759544372558594 -0.13767516613006592
    outer loop
      vertex 9.299596786499023 -7.981908798217773 22.687938690185547
      vertex 8.192633628845215 -9.426422119140625 19.013200759887695
      vertex 9.200469017028809 -6.87836217880249 19.15654754638672
    endloop
  endfacet
  facet normal 0.8851284384727478 -0.457155704498291 -0.08692783862352371
    outer loop
      vertex 8.192633628845215 -9.426422119140625 19.013200759887695
      vertex 9.299596786499023 -7.981908798217773 22.687938690185547
      vertex 8.20462417602539 -10.148853302001953 22.9345760345459
    endloop
  endfacet
  facet normal 0.954983651638031 -0.22343751788139343 -0.19514575600624084
    outer loop
      vertex 11.32489013671875 -4.4101176261901855 26.772197723388672
      vertex 10.284194946289062 -5.487587928771973 22.91303253173828
      vertex 10.987546920776367 -2.962310552597046 23.46363639831543
    endloop
  endfacet
  facet normal 0.9507800340652466 -0.25133317708969116 -0.1812431812286377
    outer loop
      vertex 10.284194946289062 -5.487587928771973 22.91303253173828
      vertex 9.200469017028809 -6.87836217880249 19.15654754638672
      vertex 10.045732498168945 -4.131739616394043 19.78190803527832
    endloop
  endfacet
  facet normal 0.9694848656654358 -0.13354627788066864 -0.2055833339691162
    outer loop
      vertex 10.987546920776367 -2.962310552597046 23.46363639831543
      vertex 10.045732498168945 -4.131739616394043 19.78190803527832
      vertex 10.618282318115234 -1.3675260543823242 20.68630027770996
    endloop
  endfacet
  facet normal 0.9580017924308777 -0.22927235066890717 -0.17224034667015076
    outer loop
      vertex 10.045732498168945 -4.131739616394043 19.78190803527832
      vertex 10.987546920776367 -2.962310552597046 23.46363639831543
      vertex 10.284194946289062 -5.487587928771973 22.91303253173828
    endloop
  endfacet
  facet normal 0.942358136177063 -0.27726665139198303 -0.18730862438678741
    outer loop
      vertex 9.200469017028809 -6.87836217880249 19.15654754638672
      vertex 8.07772159576416 -8.346688270568848 15.681468963623047
      vertex 9.026603698730469 -5.521078586578369 16.272682189941406
    endloop
  endfacet
  facet normal 0.8905587792396545 -0.3635682463645935 -0.2733554542064667
    outer loop
      vertex 8.07772159576416 -8.346688270568848 15.681468963623047
      vertex 6.733093738555908 -9.594254493713379 12.960123062133789
      vertex 7.889070510864258 -6.869619846343994 13.102335929870605
    endloop
  endfacet
  facet normal 0.9450598359107971 -0.21180850267410278 -0.248996302485466
    outer loop
      vertex 9.026603698730469 -5.521078586578369 16.272682189941406
      vertex 7.889070510864258 -6.869619846343994 13.102335929870605
      vertex 8.78606128692627 -3.7947843074798584 13.89123821258545
    endloop
  endfacet
  facet normal 0.9373607635498047 -0.2682858109474182 -0.2222105860710144
    outer loop
      vertex 7.889070510864258 -6.869619846343994 13.102335929870605
      vertex 9.026603698730469 -5.521078586578369 16.272682189941406
      vertex 8.07772159576416 -8.346688270568848 15.681468963623047
    endloop
  endfacet
  facet normal 0.9730100631713867 -0.049586571753025055 -0.2253722846508026
    outer loop
      vertex 10.618282318115234 -1.3675260543823242 20.68630027770996
      vertex 9.75985336303711 -2.522463321685791 17.234275817871094
      vertex 10.206936836242676 0.47425422072410583 18.505149841308594
    endloop
  endfacet
  facet normal 0.9637921452522278 -0.048896435648202896 -0.2621332108974457
    outer loop
      vertex 9.75985336303711 -2.522463321685791 17.234275817871094
      vertex 8.78606128692627 -3.7947843074798584 13.89123821258545
      vertex 9.322497367858887 -0.5844078660011292 15.264726638793945
    endloop
  endfacet
  facet normal 0.9577810168266296 0.06027671694755554 -0.28110894560813904
    outer loop
      vertex 10.206936836242676 0.47425422072410583 18.505149841308594
      vertex 9.322497367858887 -0.5844078660011292 15.264726638793945
      vertex 9.634483337402344 2.5703723430633545 17.004173278808594
    endloop
  endfacet
  facet normal 0.9670796990394592 -0.037541016936302185 -0.25168946385383606
    outer loop
      vertex 9.322497367858887 -0.5844078660011292 15.264726638793945
      vertex 10.206936836242676 0.47425422072410583 18.505149841308594
      vertex 9.75985336303711 -2.522463321685791 17.234275817871094
    endloop
  endfacet
  facet normal 0.9619814157485962 -0.16558235883712769 -0.21719644963741302
    outer loop
      vertex 8.78606128692627 -3.7947843074798584 13.89123821258545
      vertex 9.75985336303711 -2.522463321685791 17.234275817871094
      vertex 9.026603698730469 -5.521078586578369 16.272682189941406
    endloop
  endfacet
  facet normal 0.9710491299629211 -0.13713911175727844 -0.19559235870838165
    outer loop
      vertex 9.75985336303711 -2.522463321685791 17.234275817871094
      vertex 10.618282318115234 -1.3675260543823242 20.68630027770996
      vertex 10.045732498168945 -4.131739616394043 19.78190803527832
    endloop
  endfacet
  facet normal 0.9513674378395081 -0.25264737010002136 -0.17626479268074036
    outer loop
      vertex 9.026603698730469 -5.521078586578369 16.272682189941406
      vertex 10.045732498168945 -4.131739616394043 19.78190803527832
      vertex 9.200469017028809 -6.87836217880249 19.15654754638672
    endloop
  endfacet
  facet normal 0.9625850915908813 -0.16692829132080078 -0.21345967054367065
    outer loop
      vertex 10.045732498168945 -4.131739616394043 19.78190803527832
      vertex 9.026603698730469 -5.521078586578369 16.272682189941406
      vertex 9.75985336303711 -2.522463321685791 17.234275817871094
    endloop
  endfacet
  facet normal 0.9521767497062683 0.2285010665655136 -0.2028467357158661
    outer loop
      vertex 12.585001945495605 4.151703834533691 29.468059539794922
      vertex 12.923955917358398 5.1361799240112305 32.16811752319336
      vertex 13.345808029174805 3.088568687438965 31.841745376586914
    endloop
  endfacet
  facet normal 0.9304707646369934 0.35804489254951477 -0.07764081656932831
    outer loop
      vertex 12.923955917358398 5.1361799240112305 32.16811752319336
      vertex 12.863205909729004 6.1118621826171875 35.939483642578125
      vertex 13.648401260375977 3.9804489612579346 35.52037048339844
    endloop
  endfacet
  facet normal 0.979110062122345 0.16393586993217468 -0.12028495967388153
    outer loop
      vertex 13.345808029174805 3.088568687438965 31.841745376586914
      vertex 13.648401260375977 3.9804489612579346 35.52037048339844
      vertex 13.974447250366211 1.7202197313308716 35.093902587890625
    endloop
  endfacet
  facet normal 0.9663439989089966 0.22026975452899933 -0.13289296627044678
    outer loop
      vertex 13.648401260375977 3.9804489612579346 35.52037048339844
      vertex 13.345808029174805 3.088568687438965 31.841745376586914
      vertex 12.923955917358398 5.1361799240112305 32.16811752319336
    endloop
  endfacet
  facet normal 0.9094300270080566 0.41560783982276917 -0.01438828930258751
    outer loop
      vertex 12.863205909729004 6.1118621826171875 35.939483642578125
      vertex 12.468988418579102 7.115344047546387 40.0081901550293
      vertex 13.449841499328613 4.949962139129639 39.45687484741211
    endloop
  endfacet
  facet normal 0.8881908059120178 0.4571753740310669 0.0459103025496006
    outer loop
      vertex 12.468988418579102 7.115344047546387 40.0081901550293
      vertex 11.608780860900879 8.357773780822754 44.27782440185547
      vertex 12.831153869628906 6.054157257080078 43.5689697265625
    endloop
  endfacet
  facet normal 0.9497725367546082 0.30704742670059204 0.06044905260205269
    outer loop
      vertex 13.449841499328613 4.949962139129639 39.45687484741211
      vertex 12.831153869628906 6.054157257080078 43.5689697265625
      vertex 13.66198444366455 3.604356288909912 42.958621978759766
    endloop
  endfacet
  facet normal 0.9132267236709595 0.40647101402282715 0.02825293317437172
    outer loop
      vertex 12.831153869628906 6.054157257080078 43.5689697265625
      vertex 13.449841499328613 4.949962139129639 39.45687484741211
      vertex 12.468988418579102 7.115344047546387 40.0081901550293
    endloop
  endfacet
  facet normal 0.9945304989814758 0.0952882170677185 -0.04277092590928078
    outer loop
      vertex 13.974447250366211 1.7202197313308716 35.093902587890625
      vertex 14.052047729492188 2.639554500579834 38.946468353271484
      vertex 14.26325511932373 0.2484292834997177 38.53044128417969
    endloop
  endfacet
  facet normal 0.9829698801040649 0.17587576806545258 0.05327194556593895
    outer loop
      vertex 14.052047729492188 2.639554500579834 38.946468353271484
      vertex 13.66198444366455 3.604356288909912 42.958621978759766
      vertex 14.135543823242188 1.195817470550537 42.17226028442383
    endloop
  endfacet
  facet normal 0.9961039423942566 0.08733769506216049 0.012211213819682598
    outer loop
      vertex 14.26325511932373 0.2484292834997177 38.53044128417969
      vertex 14.135543823242188 1.195817470550537 42.17226028442383
      vertex 14.352058410644531 -1.2399107217788696 41.93148422241211
    endloop
  endfacet
  facet normal 0.9962323307991028 0.08580202609300613 0.012615209445357323
    outer loop
      vertex 14.135543823242188 1.195817470550537 42.17226028442383
      vertex 14.26325511932373 0.2484292834997177 38.53044128417969
      vertex 14.052047729492188 2.639554500579834 38.946468353271484
    endloop
  endfacet
  facet normal 0.9689428806304932 0.24474555253982544 0.03534712269902229
    outer loop
      vertex 13.66198444366455 3.604356288909912 42.958621978759766
      vertex 14.052047729492188 2.639554500579834 38.946468353271484
      vertex 13.449841499328613 4.949962139129639 39.45687484741211
    endloop
  endfacet
  facet normal 0.9866231083869934 0.15296068787574768 -0.05637399107217789
    outer loop
      vertex 14.052047729492188 2.639554500579834 38.946468353271484
      vertex 13.974447250366211 1.7202197313308716 35.093902587890625
      vertex 13.648401260375977 3.9804489612579346 35.52037048339844
    endloop
  endfacet
  facet normal 0.9350660443305969 0.35225576162338257 -0.0395909920334816
    outer loop
      vertex 13.449841499328613 4.949962139129639 39.45687484741211
      vertex 13.648401260375977 3.9804489612579346 35.52037048339844
      vertex 12.863205909729004 6.1118621826171875 35.939483642578125
    endloop
  endfacet
  facet normal 0.9668110609054565 0.25510531663894653 -0.014062788337469101
    outer loop
      vertex 13.648401260375977 3.9804489612579346 35.52037048339844
      vertex 13.449841499328613 4.949962139129639 39.45687484741211
      vertex 14.052047729492188 2.639554500579834 38.946468353271484
    endloop
  endfacet
  facet normal 0.8779098987579346 0.47409868240356445 -0.06711661070585251
    outer loop
      vertex 12.310725212097168 7.336164474487305 46.243064880371094
      vertex 11.608780860900879 8.357773780822754 44.27782440185547
      vertex 11.763290405273438 8.4443359375 46.91032409667969
    endloop
  endfacet
  facet normal 0.8259479999542236 0.559321403503418 -0.07049553841352463
    outer loop
      vertex 11.182287216186523 9.349822044372559 47.08854293823242
      vertex 10.846725463867188 10.068120956420898 48.8560791015625
      vertex 11.453046798706055 9.128083229064941 48.50154113769531
    endloop
  endfacet
  facet normal 0.9156426787376404 0.4018056392669678 -0.012279516085982323
    outer loop
      vertex 12.310725212097168 7.336164474487305 46.243064880371094
      vertex 12.001527786254883 8.100733757019043 48.20518493652344
      vertex 12.503613471984863 6.949708938598633 47.98065185546875
    endloop
  endfacet
  facet normal 0.9952824115753174 -0.048400212079286575 0.08408625423908234
    outer loop
      vertex 14.352058410644531 -1.2399107217788696 41.93148422241211
      vertex 14.107124328613281 -0.07709120213985443 45.49995422363281
      vertex 14.017168045043945 -2.5917155742645264 45.11729431152344
    endloop
  endfacet
  facet normal 0.9991382360458374 -0.021592533215880394 0.03544731065630913
    outer loop
      vertex 14.016569137573242 -1.4964920282363892 47.187774658203125
      vertex 14.107124328613281 -0.07709120213985443 45.49995422363281
      vertex 14.024011611938477 -0.3895464539527893 47.652286529541016
    endloop
  endfacet
  facet normal 0.9846335649490356 -0.16941793262958527 0.04235946387052536
    outer loop
      vertex 13.724084854125977 -3.8299567699432373 46.97754669189453
      vertex 14.017168045043945 -2.5917155742645264 45.11729431152344
      vertex 13.907539367675781 -2.677171230316162 47.32379913330078
    endloop
  endfacet
  facet normal 0.9990244507789612 -0.038914792239665985 0.020873764529824257
    outer loop
      vertex 14.016569137573242 -1.4964920282363892 47.187774658203125
      vertex 14.017168045043945 -2.5917155742645264 45.11729431152344
      vertex 14.107124328613281 -0.07709120213985443 45.49995422363281
    endloop
  endfacet
  facet normal 0.9913156628608704 0.07822342962026596 0.10570961982011795
    outer loop
      vertex 13.963983535766602 0.6497505903244019 47.767723083496094
      vertex 13.780021667480469 1.1013590097427368 49.15868377685547
      vertex 13.890412330627441 0.08055008202791214 48.87885284423828
    endloop
  endfacet
  facet normal 0.9749495983123779 -0.19980722665786743 0.09772588312625885
    outer loop
      vertex 13.724084854125977 -3.8299567699432373 46.97754669189453
      vertex 13.69595718383789 -3.207839012145996 48.530120849609375
      vertex 13.458464622497559 -4.3766374588012695 48.50974655151367
    endloop
  endfacet
  facet normal 0.993462324142456 -0.06491771340370178 0.09390616416931152
    outer loop
      vertex 14.016569137573242 -1.4964920282363892 47.187774658203125
      vertex 13.908376693725586 -0.9685260653495789 48.69736099243164
      vertex 13.847024917602539 -2.0741639137268066 48.582088470458984
    endloop
  endfacet
  facet normal 0.9964740872383118 0.07423067837953568 0.039105456322431564
    outer loop
      vertex 13.963983535766602 0.6497505903244019 47.767723083496094
      vertex 14.107124328613281 -0.07709120213985443 45.49995422363281
      vertex 13.943815231323242 1.4253973960876465 46.80929946899414
    endloop
  endfacet
  facet normal 0.9955903887748718 0.08446478098630905 0.04081208258867264
    outer loop
      vertex 14.107124328613281 -0.07709120213985443 45.49995422363281
      vertex 14.352058410644531 -1.2399107217788696 41.93148422241211
      vertex 14.135543823242188 1.195817470550537 42.17226028442383
    endloop
  endfacet
  facet normal 0.9821736216545105 0.18705998361110687 0.018536394461989403
    outer loop
      vertex 13.918374061584473 2.0474705696105957 45.08481216430664
      vertex 14.135543823242188 1.195817470550537 42.17226028442383
      vertex 13.66198444366455 3.604356288909912 42.958621978759766
    endloop
  endfacet
  facet normal 0.9942099452018738 0.09725609421730042 0.04569322243332863
    outer loop
      vertex 14.135543823242188 1.195817470550537 42.17226028442383
      vertex 13.918374061584473 2.0474705696105957 45.08481216430664
      vertex 14.107124328613281 -0.07709120213985443 45.49995422363281
    endloop
  endfacet
  facet normal 0.9462972283363342 0.3231724500656128 -0.009003818966448307
    outer loop
      vertex 13.260029792785645 4.85723352432251 45.68266677856445
      vertex 13.66198444366455 3.604356288909912 42.958621978759766
      vertex 12.831153869628906 6.054157257080078 43.5689697265625
    endloop
  endfacet
  facet normal 0.873753547668457 0.482494592666626 -0.061267510056495667
    outer loop
      vertex 12.310725212097168 7.336164474487305 46.243064880371094
      vertex 12.831153869628906 6.054157257080078 43.5689697265625
      vertex 11.608780860900879 8.357773780822754 44.27782440185547
    endloop
  endfacet
  facet normal 0.9472386837005615 0.3203471004962921 -0.010794742032885551
    outer loop
      vertex 13.260029792785645 4.85723352432251 45.68266677856445
      vertex 12.831153869628906 6.054157257080078 43.5689697265625
      vertex 12.824508666992188 6.165602207183838 46.29311752319336
    endloop
  endfacet
  facet normal 0.9822678565979004 0.18659870326519012 0.01818726398050785
    outer loop
      vertex 13.918374061584473 2.0474705696105957 45.08481216430664
      vertex 13.66198444366455 3.604356288909912 42.958621978759766
      vertex 13.634243965148926 3.4808268547058105 45.724239349365234
    endloop
  endfacet
  facet normal 0.9638176560401917 0.263586163520813 0.039721161127090454
    outer loop
      vertex 13.260029792785645 4.85723352432251 45.68266677856445
      vertex 12.95414924621582 5.655399799346924 47.808170318603516
      vertex 13.364699363708496 4.1912922859191895 47.56203079223633
    endloop
  endfacet
  facet normal 0.9859864711761475 0.1610417515039444 0.043546341359615326
    outer loop
      vertex 13.918374061584473 2.0474705696105957 45.08481216430664
      vertex 13.718374252319336 2.7122063636779785 47.15494918823242
      vertex 13.943815231323242 1.4253973960876465 46.80929946899414
    endloop
  endfacet
  facet normal 0.9517804384231567 -0.2979591190814972 0.07303646206855774
    outer loop
      vertex 13.128026962280273 -6.072980880737305 46.836219787597656
      vertex 13.178991317749023 -5.5244646072387695 48.40979766845703
      vertex 12.856162071228027 -6.579728126525879 48.31172561645508
    endloop
  endfacet
  facet normal 0.8827230930328369 -0.46776342391967773 -0.04469141364097595
    outer loop
      vertex 12.27955436706543 -8.111906051635742 46.7425651550293
      vertex 11.698697090148926 -9.017370223999023 44.74681091308594
      vertex 12.739727020263672 -7.060279369354248 44.82480239868164
    endloop
  endfacet
  facet normal 0.8381803035736084 -0.5427824258804321 -0.05330146476626396
    outer loop
      vertex 11.698697090148926 -9.017370223999023 44.74681091308594
      vertex 10.931561470031738 -9.87955093383789 41.463199615478516
      vertex 12.179985046386719 -7.95816707611084 41.52906036376953
    endloop
  endfacet
  facet normal 0.89300936460495 -0.44908204674720764 -0.029319508001208305
    outer loop
      vertex 12.739727020263672 -7.060279369354248 44.82480239868164
      vertex 12.179985046386719 -7.95816707611084 41.52906036376953
      vertex 13.231414794921875 -5.872374057769775 41.60560989379883
    endloop
  endfacet
  facet normal 0.8830167055130005 -0.46881410479545593 -0.02224661596119404
    outer loop
      vertex 12.179985046386719 -7.95816707611084 41.52906036376953
      vertex 12.739727020263672 -7.060279369354248 44.82480239868164
      vertex 11.698697090148926 -9.017370223999023 44.74681091308594
    endloop
  endfacet
  facet normal 0.9784348607063293 -0.20584365725517273 0.017136763781309128
    outer loop
      vertex 13.724084854125977 -3.8299567699432373 46.97754669189453
      vertex 13.53287410736084 -4.908821105957031 44.93572998046875
      vertex 14.017168045043945 -2.5917155742645264 45.11729431152344
    endloop
  endfacet
  facet normal 0.9471101760864258 -0.32083016633987427 0.007093342021107674
    outer loop
      vertex 13.53287410736084 -4.908821105957031 44.93572998046875
      vertex 13.231414794921875 -5.872374057769775 41.60560989379883
      vertex 13.991340637207031 -3.6264796257019043 41.72080993652344
    endloop
  endfacet
  facet normal 0.9875022768974304 -0.15269972383975983 0.03901197388768196
    outer loop
      vertex 14.017168045043945 -2.5917155742645264 45.11729431152344
      vertex 13.991340637207031 -3.6264796257019043 41.72080993652344
      vertex 14.352058410644531 -1.2399107217788696 41.93148422241211
    endloop
  endfacet
  facet normal 0.9764182567596436 -0.20847435295581818 0.056088417768478394
    outer loop
      vertex 13.991340637207031 -3.6264796257019043 41.72080993652344
      vertex 14.017168045043945 -2.5917155742645264 45.11729431152344
      vertex 13.53287410736084 -4.908821105957031 44.93572998046875
    endloop
  endfacet
  facet normal 0.9379034042358398 -0.34655579924583435 0.015370355919003487
    outer loop
      vertex 13.231414794921875 -5.872374057769775 41.60560989379883
      vertex 13.53287410736084 -4.908821105957031 44.93572998046875
      vertex 12.739727020263672 -7.060279369354248 44.82480239868164
    endloop
  endfacet
  facet normal 0.9562242031097412 -0.29155638813972473 0.025102145969867706
    outer loop
      vertex 13.128026962280273 -6.072980880737305 46.836219787597656
      vertex 13.53287410736084 -4.908821105957031 44.93572998046875
      vertex 13.451118469238281 -4.983470439910889 47.18303680419922
    endloop
  endfacet
  facet normal 0.9084538221359253 -0.4178367555141449 -0.011139354668557644
    outer loop
      vertex 12.27955436706543 -8.111906051635742 46.7425651550293
      vertex 12.739727020263672 -7.060279369354248 44.82480239868164
      vertex 12.736793518066406 -7.1261091232299805 47.05483627319336
    endloop
  endfacet
  facet normal 0.9384028315544128 -0.34534701704978943 -0.011644082143902779
    outer loop
      vertex 13.128026962280273 -6.072980880737305 46.836219787597656
      vertex 12.739727020263672 -7.060279369354248 44.82480239868164
      vertex 13.53287410736084 -4.908821105957031 44.93572998046875
    endloop
  endfacet
  facet normal 0.7951854467391968 -0.5934797525405884 -0.1243453249335289
    outer loop
      vertex 10.931561470031738 -9.87955093383789 41.463199615478516
      vertex 9.884408950805664 -10.538714408874512 37.91276168823242
      vertex 11.282000541687012 -8.683820724487305 37.99722671508789
    endloop
  endfacet
  facet normal 0.774459183216095 -0.6174910664558411 -0.13754256069660187
    outer loop
      vertex 9.884408950805664 -10.538714408874512 37.91276168823242
      vertex 8.7455415725708 -11.133108139038086 34.16865921020508
      vertex 10.1968412399292 -9.329612731933594 34.2437629699707
    endloop
  endfacet
  facet normal 0.8260520696640015 -0.5445895195007324 -0.1451210379600525
    outer loop
      vertex 11.282000541687012 -8.683820724487305 37.99722671508789
      vertex 10.1968412399292 -9.329612731933594 34.2437629699707
      vertex 11.521684646606445 -7.330169200897217 34.28175735473633
    endloop
  endfacet
  facet normal 0.7949126362800598 -0.5931181907653809 -0.1277688592672348
    outer loop
      vertex 10.1968412399292 -9.329612731933594 34.2437629699707
      vertex 11.282000541687012 -8.683820724487305 37.99722671508789
      vertex 9.884408950805664 -10.538714408874512 37.91276168823242
    endloop
  endfacet
  facet normal 0.7788418531417847 -0.6156538724899292 -0.11989859491586685
    outer loop
      vertex 8.7455415725708 -11.133108139038086 34.16865921020508
      vertex 7.7992353439331055 -11.613508224487305 30.488359451293945
      vertex 9.092601776123047 -9.970827102661133 30.455039978027344
    endloop
  endfacet
  facet normal 0.7606254816055298 -0.6440818905830383 -0.0812857523560524
    outer loop
      vertex 7.7992353439331055 -11.613508224487305 30.488359451293945
      vertex 7.118381500244141 -12.037314414978027 27.475421905517578
      vertex 8.11545467376709 -10.788009643554688 26.906375885009766
    endloop
  endfacet
  facet normal 0.829599142074585 -0.5489598512649536 -0.10202149301767349
    outer loop
      vertex 9.092601776123047 -9.970827102661133 30.455039978027344
      vertex 8.11545467376709 -10.788009643554688 26.906375885009766
      vertex 9.282424926757812 -8.96286678314209 26.574949264526367
    endloop
  endfacet
  facet normal 0.7828577160835266 -0.6178701519966125 -0.07328234612941742
    outer loop
      vertex 8.11545467376709 -10.788009643554688 26.906375885009766
      vertex 9.092601776123047 -9.970827102661133 30.455039978027344
      vertex 7.7992353439331055 -11.613508224487305 30.488359451293945
    endloop
  endfacet
  facet normal 0.8764410018920898 -0.4504826068878174 -0.17004917562007904
    outer loop
      vertex 11.521684646606445 -7.330169200897217 34.28175735473633
      vertex 10.409859657287598 -8.0211763381958 30.38193130493164
      vertex 11.534284591674805 -5.854816436767578 30.438295364379883
    endloop
  endfacet
  facet normal 0.873726487159729 -0.4646718502044678 -0.14381277561187744
    outer loop
      vertex 10.409859657287598 -8.0211763381958 30.38193130493164
      vertex 9.282424926757812 -8.96286678314209 26.574949264526367
      vertex 10.438295364379883 -6.773868560791016 26.52452850341797
    endloop
  endfacet
  facet normal 0.9267322421073914 -0.3284890055656433 -0.18237930536270142
    outer loop
      vertex 11.534284591674805 -5.854816436767578 30.438295364379883
      vertex 10.438295364379883 -6.773868560791016 26.52452850341797
      vertex 11.32489013671875 -4.4101176261901855 26.772197723388672
    endloop
  endfacet
  facet normal 0.8803005218505859 -0.4532656967639923 -0.14007610082626343
    outer loop
      vertex 10.438295364379883 -6.773868560791016 26.52452850341797
      vertex 11.534284591674805 -5.854816436767578 30.438295364379883
      vertex 10.409859657287598 -8.0211763381958 30.38193130493164
    endloop
  endfacet
  facet normal 0.8221811056137085 -0.5594379901885986 -0.10510636866092682
    outer loop
      vertex 9.282424926757812 -8.96286678314209 26.574949264526367
      vertex 10.409859657287598 -8.0211763381958 30.38193130493164
      vertex 9.092601776123047 -9.970827102661133 30.455039978027344
    endloop
  endfacet
  facet normal 0.8267201781272888 -0.5451465249061584 -0.1391005516052246
    outer loop
      vertex 10.409859657287598 -8.0211763381958 30.38193130493164
      vertex 11.521684646606445 -7.330169200897217 34.28175735473633
      vertex 10.1968412399292 -9.329612731933594 34.2437629699707
    endloop
  endfacet
  facet normal 0.7757818102836609 -0.6192317008972168 -0.12130437791347504
    outer loop
      vertex 9.092601776123047 -9.970827102661133 30.455039978027344
      vertex 10.1968412399292 -9.329612731933594 34.2437629699707
      vertex 8.7455415725708 -11.133108139038086 34.16865921020508
    endloop
  endfacet
  facet normal 0.8174726366996765 -0.5577102303504944 -0.1438674032688141
    outer loop
      vertex 10.1968412399292 -9.329612731933594 34.2437629699707
      vertex 9.092601776123047 -9.970827102661133 30.455039978027344
      vertex 10.409859657287598 -8.0211763381958 30.38193130493164
    endloop
  endfacet
  facet normal 0.9968591332435608 -0.05962642282247543 -0.05212188512086868
    outer loop
      vertex 14.352058410644531 -1.2399107217788696 41.93148422241211
      vertex 14.104969024658203 -2.160337448120117 38.25871658325195
      vertex 14.26325511932373 0.2484292834997177 38.53044128417969
    endloop
  endfacet
  facet normal 0.9857745170593262 -0.12567058205604553 -0.11160401999950409
    outer loop
      vertex 14.104969024658203 -2.160337448120117 38.25871658325195
      vertex 13.561347961425781 -3.020131826400757 34.42518997192383
      vertex 13.899723052978516 -0.6255125999450684 34.71754837036133
    endloop
  endfacet
  facet normal 0.995702862739563 -0.01711667701601982 -0.09100987762212753
    outer loop
      vertex 14.26325511932373 0.2484292834997177 38.53044128417969
      vertex 13.899723052978516 -0.6255125999450684 34.71754837036133
      vertex 13.974447250366211 1.7202197313308716 35.093902587890625
    endloop
  endfacet
  facet normal 0.995049774646759 -0.05613661929965019 -0.08200396597385406
    outer loop
      vertex 13.899723052978516 -0.6255125999450684 34.71754837036133
      vertex 14.26325511932373 0.2484292834997177 38.53044128417969
      vertex 14.104969024658203 -2.160337448120117 38.25871658325195
    endloop
  endfacet
  facet normal 0.9442537426948547 -0.22226543724536896 -0.24286405742168427
    outer loop
      vertex 13.561347961425781 -3.020131826400757 34.42518997192383
      vertex 12.425119400024414 -3.6497080326080322 30.58371925354004
      vertex 13.039278030395508 -1.354645848274231 30.871158599853516
    endloop
  endfacet
  facet normal 0.9475786089897156 -0.2227393239736557 -0.22908975183963776
    outer loop
      vertex 12.425119400024414 -3.6497080326080322 30.58371925354004
      vertex 11.32489013671875 -4.4101176261901855 26.772197723388672
      vertex 11.983531951904297 -2.030830144882202 27.183189392089844
    endloop
  endfacet
  facet normal 0.9610867500305176 -0.1033792570233345 -0.2561735510826111
    outer loop
      vertex 13.039278030395508 -1.354645848274231 30.871158599853516
      vertex 11.983531951904297 -2.030830144882202 27.183189392089844
      vertex 12.387916564941406 0.28260499238967896 27.7667293548584
    endloop
  endfacet
  facet normal 0.9469415545463562 -0.22460870444774628 -0.22989697754383087
    outer loop
      vertex 11.983531951904297 -2.030830144882202 27.183189392089844
      vertex 13.039278030395508 -1.354645848274231 30.871158599853516
      vertex 12.425119400024414 -3.6497080326080322 30.58371925354004
    endloop
  endfacet
  facet normal 0.9842007160186768 0.045441772788763046 -0.17112547159194946
    outer loop
      vertex 13.974447250366211 1.7202197313308716 35.093902587890625
      vertex 13.351818084716797 0.9153085947036743 31.299209594726562
      vertex 13.345808029174805 3.088568687438965 31.841745376586914
    endloop
  endfacet
  facet normal 0.9630849957466125 0.02774246595799923 -0.26776424050331116
    outer loop
      vertex 13.351818084716797 0.9153085947036743 31.299209594726562
      vertex 12.387916564941406 0.28260499238967896 27.7667293548584
      vertex 12.549375534057617 2.432135820388794 28.570167541503906
    endloop
  endfacet
  facet normal 0.9597799777984619 0.11406836658716202 -0.25653621554374695
    outer loop
      vertex 13.345808029174805 3.088568687438965 31.841745376586914
      vertex 12.549375534057617 2.432135820388794 28.570167541503906
      vertex 12.585001945495605 4.151703834533691 29.468059539794922
    endloop
  endfacet
  facet normal 0.9665325284004211 0.06464997678995132 -0.2482643872499466
    outer loop
      vertex 12.549375534057617 2.432135820388794 28.570167541503906
      vertex 13.345808029174805 3.088568687438965 31.841745376586914
      vertex 13.351818084716797 0.9153085947036743 31.299209594726562
    endloop
  endfacet
  facet normal 0.9649553298950195 -0.08611688762903214 -0.2478812038898468
    outer loop
      vertex 12.387916564941406 0.28260499238967896 27.7667293548584
      vertex 13.351818084716797 0.9153085947036743 31.299209594726562
      vertex 13.039278030395508 -1.354645848274231 30.871158599853516
    endloop
  endfacet
  facet normal 0.9869800209999084 -0.005650508217513561 -0.1607440710067749
    outer loop
      vertex 13.351818084716797 0.9153085947036743 31.299209594726562
      vertex 13.974447250366211 1.7202197313308716 35.093902587890625
      vertex 13.899723052978516 -0.6255125999450684 34.71754837036133
    endloop
  endfacet
  facet normal 0.9739298224449158 -0.11365321278572083 -0.19632558524608612
    outer loop
      vertex 13.039278030395508 -1.354645848274231 30.871158599853516
      vertex 13.899723052978516 -0.6255125999450684 34.71754837036133
      vertex 13.561347961425781 -3.020131826400757 34.42518997192383
    endloop
  endfacet
  facet normal 0.9750626087188721 -0.09657210111618042 -0.19981694221496582
    outer loop
      vertex 13.899723052978516 -0.6255125999450684 34.71754837036133
      vertex 13.039278030395508 -1.354645848274231 30.871158599853516
      vertex 13.351818084716797 0.9153085947036743 31.299209594726562
    endloop
  endfacet
  facet normal 0.9141607880592346 -0.3565980792045593 -0.19273819029331207
    outer loop
      vertex 11.32489013671875 -4.4101176261901855 26.772197723388672
      vertex 12.425119400024414 -3.6497080326080322 30.58371925354004
      vertex 11.534284591674805 -5.854816436767578 30.438295364379883
    endloop
  endfacet
  facet normal 0.9123547673225403 -0.34992846846580505 -0.21250633895397186
    outer loop
      vertex 12.425119400024414 -3.6497080326080322 30.58371925354004
      vertex 13.561347961425781 -3.020131826400757 34.42518997192383
      vertex 12.682394981384277 -5.23887825012207 34.30512619018555
    endloop
  endfacet
  facet normal 0.8609525561332703 -0.47583720088005066 -0.17983262240886688
    outer loop
      vertex 11.534284591674805 -5.854816436767578 30.438295364379883
      vertex 12.682394981384277 -5.23887825012207 34.30512619018555
      vertex 11.521684646606445 -7.330169200897217 34.28175735473633
    endloop
  endfacet
  facet normal 0.9105362296104431 -0.3537313640117645 -0.21400456130504608
    outer loop
      vertex 12.682394981384277 -5.23887825012207 34.30512619018555
      vertex 11.534284591674805 -5.854816436767578 30.438295364379883
      vertex 12.425119400024414 -3.6497080326080322 30.58371925354004
    endloop
  endfacet
  facet normal 0.9665960073471069 -0.2426108866930008 -0.08265664428472519
    outer loop
      vertex 13.561347961425781 -3.020131826400757 34.42518997192383
      vertex 14.104969024658203 -2.160337448120117 38.25871658325195
      vertex 13.509012222290039 -4.48381233215332 38.10931396484375
    endloop
  endfacet
  facet normal 0.988717257976532 -0.1468157321214676 -0.029723750427365303
    outer loop
      vertex 14.104969024658203 -2.160337448120117 38.25871658325195
      vertex 14.352058410644531 -1.2399107217788696 41.93148422241211
      vertex 13.991340637207031 -3.6264796257019043 41.72080993652344
    endloop
  endfacet
  facet normal 0.94680255651474 -0.31774523854255676 -0.05101940780878067
    outer loop
      vertex 13.509012222290039 -4.48381233215332 38.10931396484375
      vertex 13.991340637207031 -3.6264796257019043 41.72080993652344
      vertex 13.231414794921875 -5.872374057769775 41.60560989379883
    endloop
  endfacet
  facet normal 0.9672688245773315 -0.24350887537002563 -0.07137572020292282
    outer loop
      vertex 13.991340637207031 -3.6264796257019043 41.72080993652344
      vertex 13.509012222290039 -4.48381233215332 38.10931396484375
      vertex 14.104969024658203 -2.160337448120117 38.25871658325195
    endloop
  endfacet
  facet normal 0.8446844220161438 -0.5181464552879333 -0.13428513705730438
    outer loop
      vertex 11.521684646606445 -7.330169200897217 34.28175735473633
      vertex 12.531164169311523 -6.660824298858643 38.048912048339844
      vertex 11.282000541687012 -8.683820724487305 37.99722671508789
    endloop
  endfacet
  facet normal 0.8914691209793091 -0.446573406457901 -0.07651785016059875
    outer loop
      vertex 12.531164169311523 -6.660824298858643 38.048912048339844
      vertex 13.231414794921875 -5.872374057769775 41.60560989379883
      vertex 12.179985046386719 -7.95816707611084 41.52906036376953
    endloop
  endfacet
  facet normal 0.8357839584350586 -0.5395684838294983 -0.10164158046245575
    outer loop
      vertex 11.282000541687012 -8.683820724487305 37.99722671508789
      vertex 12.179985046386719 -7.95816707611084 41.52906036376953
      vertex 10.931561470031738 -9.87955093383789 41.463199615478516
    endloop
  endfacet
  facet normal 0.8470765948295593 -0.5202829837799072 -0.10847519338130951
    outer loop
      vertex 12.179985046386719 -7.95816707611084 41.52906036376953
      vertex 11.282000541687012 -8.683820724487305 37.99722671508789
      vertex 12.531164169311523 -6.660824298858643 38.048912048339844
    endloop
  endfacet
  facet normal 0.9095016717910767 -0.4060499370098114 -0.08905141055583954
    outer loop
      vertex 13.231414794921875 -5.872374057769775 41.60560989379883
      vertex 12.531164169311523 -6.660824298858643 38.048912048339844
      vertex 13.509012222290039 -4.48381233215332 38.10931396484375
    endloop
  endfacet
  facet normal 0.8655684590339661 -0.4787673354148865 -0.14687825739383698
    outer loop
      vertex 12.531164169311523 -6.660824298858643 38.048912048339844
      vertex 11.521684646606445 -7.330169200897217 34.28175735473633
      vertex 12.682394981384277 -5.23887825012207 34.30512619018555
    endloop
  endfacet
  facet normal 0.9242520928382874 -0.3591306209564209 -0.1295507550239563
    outer loop
      vertex 13.509012222290039 -4.48381233215332 38.10931396484375
      vertex 12.682394981384277 -5.23887825012207 34.30512619018555
      vertex 13.561347961425781 -3.020131826400757 34.42518997192383
    endloop
  endfacet
  facet normal 0.9071599245071411 -0.40422579646110535 -0.11688616126775742
    outer loop
      vertex 12.682394981384277 -5.23887825012207 34.30512619018555
      vertex 13.509012222290039 -4.48381233215332 38.10931396484375
      vertex 12.531164169311523 -6.660824298858643 38.048912048339844
    endloop
  endfacet
  facet normal -0.4186391830444336 0.11588209867477417 -0.9007290005683899
    outer loop
      vertex 4.504926681518555 -0.9825209975242615 10.363975524902344
      vertex 5.264538764953613 -3.2778797149658203 9.715618133544922
      vertex 3.359252452850342 -2.7040252685546875 10.674982070922852
    endloop
  endfacet
  facet normal -0.1520402878522873 -0.09199430048465729 -0.9840837121009827
    outer loop
      vertex 5.264538764953613 -3.2778797149658203 9.715618133544922
      vertex 5.954294204711914 -5.720968723297119 9.83743667602539
      vertex 4.089791297912598 -5.549881935119629 10.10950756072998
    endloop
  endfacet
  facet normal -0.5802008509635925 0.012877370230853558 -0.814371645450592
    outer loop
      vertex 3.359252452850342 -2.7040252685546875 10.674982070922852
      vertex 4.089791297912598 -5.549881935119629 10.10950756072998
      vertex 1.8921047449111938 -4.5048322677612305 11.691779136657715
    endloop
  endfacet
  facet normal -0.43236660957336426 0.06767331808805466 -0.8991549611091614
    outer loop
      vertex 4.089791297912598 -5.549881935119629 10.10950756072998
      vertex 3.359252452850342 -2.7040252685546875 10.674982070922852
      vertex 5.264538764953613 -3.2778797149658203 9.715618133544922
    endloop
  endfacet
  facet normal 0.2650325298309326 -0.3824145793914795 -0.8851649165153503
    outer loop
      vertex 5.954294204711914 -5.720968723297119 9.83743667602539
      vertex 6.445155620574951 -7.869158744812012 10.912483215332031
      vertex 4.725088119506836 -8.02329158782959 10.464056968688965
    endloop
  endfacet
  facet normal 0.5337881445884705 -0.6082257628440857 -0.5874791145324707
    outer loop
      vertex 6.445155620574951 -7.869158744812012 10.912483215332031
      vertex 6.733093738555908 -9.594254493713379 12.960123062133789
      vertex 5.128256320953369 -10.005887031555176 11.92812442779541
    endloop
  endfacet
  facet normal -0.30182012915611267 -0.6052964329719543 -0.7365601658821106
    outer loop
      vertex 4.725088119506836 -8.02329158782959 10.464056968688965
      vertex 5.128256320953369 -10.005887031555176 11.92812442779541
      vertex 3.2311692237854004 -9.587403297424316 12.361588478088379
    endloop
  endfacet
  facet normal 0.25733742117881775 -0.5396271347999573 -0.8016110062599182
    outer loop
      vertex 5.128256320953369 -10.005887031555176 11.92812442779541
      vertex 4.725088119506836 -8.02329158782959 10.464056968688965
      vertex 6.445155620574951 -7.869158744812012 10.912483215332031
    endloop
  endfacet
  facet normal -0.6998680233955383 -0.14082351326942444 -0.7002524137496948
    outer loop
      vertex 1.8921047449111938 -4.5048322677612305 11.691779136657715
      vertex 2.6518235206604004 -7.306201934814453 11.495843887329102
      vertex 0.30596113204956055 -5.9657793045043945 13.570854187011719
    endloop
  endfacet
  facet normal -0.6314252018928528 -0.4101196527481079 -0.6581064462661743
    outer loop
      vertex 2.6518235206604004 -7.306201934814453 11.495843887329102
      vertex 3.2311692237854004 -9.587403297424316 12.361588478088379
      vertex 1.1057058572769165 -8.583585739135742 13.775320053100586
    endloop
  endfacet
  facet normal -0.7590030431747437 -0.27786678075790405 -0.5888161063194275
    outer loop
      vertex 0.30596113204956055 -5.9657793045043945 13.570854187011719
      vertex 1.1057058572769165 -8.583585739135742 13.775320053100586
      vertex -1.2906830310821533 -7.093174457550049 16.161006927490234
    endloop
  endfacet
  facet normal -0.7198675274848938 -0.2698695659637451 -0.6395007967948914
    outer loop
      vertex 1.1057058572769165 -8.583585739135742 13.775320053100586
      vertex 0.30596113204956055 -5.9657793045043945 13.570854187011719
      vertex 2.6518235206604004 -7.306201934814453 11.495843887329102
    endloop
  endfacet
  facet normal -0.5163607597351074 -0.41535484790802 -0.7489005327224731
    outer loop
      vertex 3.2311692237854004 -9.587403297424316 12.361588478088379
      vertex 2.6518235206604004 -7.306201934814453 11.495843887329102
      vertex 4.725088119506836 -8.02329158782959 10.464056968688965
    endloop
  endfacet
  facet normal -0.6152021288871765 -0.11226128786802292 -0.7803356647491455
    outer loop
      vertex 2.6518235206604004 -7.306201934814453 11.495843887329102
      vertex 1.8921047449111938 -4.5048322677612305 11.691779136657715
      vertex 4.089791297912598 -5.549881935119629 10.10950756072998
    endloop
  endfacet
  facet normal -0.15817402303218842 -0.1798006147146225 -0.9709030985832214
    outer loop
      vertex 4.725088119506836 -8.02329158782959 10.464056968688965
      vertex 4.089791297912598 -5.549881935119629 10.10950756072998
      vertex 5.954294204711914 -5.720968723297119 9.83743667602539
    endloop
  endfacet
  facet normal -0.4988919496536255 -0.24721094965934753 -0.830658495426178
    outer loop
      vertex 4.089791297912598 -5.549881935119629 10.10950756072998
      vertex 4.725088119506836 -8.02329158782959 10.464056968688965
      vertex 2.6518235206604004 -7.306201934814453 11.495843887329102
    endloop
  endfacet
  facet normal 0.6523203253746033 -0.708095908164978 -0.270330011844635
    outer loop
      vertex 6.733093738555908 -9.594254493713379 12.960123062133789
      vertex 6.888359069824219 -10.686651229858398 16.196184158325195
      vertex 5.332731246948242 -11.453238487243652 14.450353622436523
    endloop
  endfacet
  facet normal 0.6691608428955078 -0.7237821221351624 -0.1684136688709259
    outer loop
      vertex 6.888359069824219 -10.686651229858398 16.196184158325195
      vertex 7.0021138191223145 -11.443160057067871 19.89937400817871
      vertex 5.501898288726807 -12.365402221679688 17.90201187133789
    endloop
  endfacet
  facet normal 0.2416849434375763 -0.9351572394371033 -0.2589774429798126
    outer loop
      vertex 5.332731246948242 -11.453238487243652 14.450353622436523
      vertex 5.501898288726807 -12.365402221679688 17.90201187133789
      vertex 3.8520874977111816 -12.58468246459961 17.1541748046875
    endloop
  endfacet
  facet normal 0.6241828203201294 -0.7472494840621948 -0.22806577384471893
    outer loop
      vertex 5.501898288726807 -12.365402221679688 17.90201187133789
      vertex 5.332731246948242 -11.453238487243652 14.450353622436523
      vertex 6.888359069824219 -10.686651229858398 16.196184158325195
    endloop
  endfacet
  facet normal 0.6339857578277588 -0.7695338726043701 -0.07667938619852066
    outer loop
      vertex 7.0021138191223145 -11.443160057067871 19.89937400817871
      vertex 7.071813106536865 -11.795580863952637 24.012449264526367
      vertex 5.7160139083862305 -12.72048568725586 22.084787368774414
    endloop
  endfacet
  facet normal 0.6380859613418579 -0.7674525380134583 -0.06215285882353783
    outer loop
      vertex 7.071813106536865 -11.795580863952637 24.012449264526367
      vertex 7.118381500244141 -12.037314414978027 27.475421905517578
      vertex 6.012670040130615 -12.8602933883667 26.285747528076172
    endloop
  endfacet
  facet normal 0.42638516426086426 -0.902539849281311 -0.06014620512723923
    outer loop
      vertex 5.7160139083862305 -12.72048568725586 22.084787368774414
      vertex 6.012670040130615 -12.8602933883667 26.285747528076172
      vertex 4.472460746765137 -13.52064323425293 25.27603530883789
    endloop
  endfacet
  facet normal 0.6283007264137268 -0.7748010754585266 -0.07015359401702881
    outer loop
      vertex 6.012670040130615 -12.8602933883667 26.285747528076172
      vertex 5.7160139083862305 -12.72048568725586 22.084787368774414
      vertex 7.071813106536865 -11.795580863952637 24.012449264526367
    endloop
  endfacet
  facet normal -0.05785596743226051 -0.9814783334732056 -0.182627871632576
    outer loop
      vertex 3.8520874977111816 -12.58468246459961 17.1541748046875
      vertex 4.116883754730225 -13.296022415161133 20.893169403076172
      vertex 2.3773019313812256 -13.169695854187012 20.76535987854004
    endloop
  endfacet
  facet normal 0.11609453707933426 -0.9914103746414185 -0.06022816523909569
    outer loop
      vertex 4.116883754730225 -13.296022415161133 20.893169403076172
      vertex 4.472460746765137 -13.52064323425293 25.27603530883789
      vertex 2.7657313346862793 -13.697924613952637 24.90439224243164
    endloop
  endfacet
  facet normal -0.2845994830131531 -0.9539244174957275 -0.0950327143073082
    outer loop
      vertex 2.3773019313812256 -13.169695854187012 20.76535987854004
      vertex 2.7657313346862793 -13.697924613952637 24.90439224243164
      vertex 0.9094339609146118 -13.186870574951172 25.33365821838379
    endloop
  endfacet
  facet normal -0.06308955699205399 -0.9907047748565674 -0.1205143854022026
    outer loop
      vertex 2.7657313346862793 -13.697924613952637 24.90439224243164
      vertex 2.3773019313812256 -13.169695854187012 20.76535987854004
      vertex 4.116883754730225 -13.296022415161133 20.893169403076172
    endloop
  endfacet
  facet normal 0.38892829418182373 -0.9179093837738037 -0.07859594374895096
    outer loop
      vertex 4.472460746765137 -13.52064323425293 25.27603530883789
      vertex 4.116883754730225 -13.296022415161133 20.893169403076172
      vertex 5.7160139083862305 -12.72048568725586 22.084787368774414
    endloop
  endfacet
  facet normal 0.21649038791656494 -0.9561530947685242 -0.19723905622959137
    outer loop
      vertex 4.116883754730225 -13.296022415161133 20.893169403076172
      vertex 3.8520874977111816 -12.58468246459961 17.1541748046875
      vertex 5.501898288726807 -12.365402221679688 17.90201187133789
    endloop
  endfacet
  facet normal 0.6125577688217163 -0.7843345403671265 -0.09794031828641891
    outer loop
      vertex 5.7160139083862305 -12.72048568725586 22.084787368774414
      vertex 5.501898288726807 -12.365402221679688 17.90201187133789
      vertex 7.0021138191223145 -11.443160057067871 19.89937400817871
    endloop
  endfacet
  facet normal 0.40076518058776855 -0.9109408855438232 -0.09784654527902603
    outer loop
      vertex 5.501898288726807 -12.365402221679688 17.90201187133789
      vertex 5.7160139083862305 -12.72048568725586 22.084787368774414
      vertex 4.116883754730225 -13.296022415161133 20.893169403076172
    endloop
  endfacet
  facet normal -0.734643816947937 -0.4531767964363098 -0.5049052834510803
    outer loop
      vertex -1.2906830310821533 -7.093174457550049 16.161006927490234
      vertex -0.4751751124858856 -9.323834419250488 16.9765567779541
      vertex -2.846902847290039 -8.00260066986084 19.241580963134766
    endloop
  endfacet
  facet normal -0.6688240766525269 -0.6495118141174316 -0.361674964427948
    outer loop
      vertex -0.4751751124858856 -9.323834419250488 16.9765567779541
      vertex 0.12722651660442352 -11.006621360778809 18.884593963623047
      vertex -2.041398763656616 -9.794816017150879 20.718690872192383
    endloop
  endfacet
  facet normal -0.6883419156074524 -0.6198781728744507 -0.37674447894096375
    outer loop
      vertex -2.846902847290039 -8.00260066986084 19.241580963134766
      vertex -2.041398763656616 -9.794816017150879 20.718690872192383
      vertex -4.265904426574707 -8.62600040435791 22.859922409057617
    endloop
  endfacet
  facet normal -0.6956212520599365 -0.6165549159049988 -0.36874261498451233
    outer loop
      vertex -2.041398763656616 -9.794816017150879 20.718690872192383
      vertex -2.846902847290039 -8.00260066986084 19.241580963134766
      vertex -0.4751751124858856 -9.323834419250488 16.9765567779541
    endloop
  endfacet
  facet normal -0.5970413684844971 -0.7600254416465759 -0.25671589374542236
    outer loop
      vertex 0.12722651660442352 -11.006621360778809 18.884593963623047
      vertex 0.5257887244224548 -12.271527290344238 21.702505111694336
      vertex -1.4726991653442383 -11.173864364624023 23.100658416748047
    endloop
  endfacet
  facet normal -0.464797705411911 -0.868955671787262 -0.16993920505046844
    outer loop
      vertex 0.5257887244224548 -12.271527290344238 21.702505111694336
      vertex 0.9094339609146118 -13.186870574951172 25.33365821838379
      vertex -1.024604320526123 -12.33055305480957 26.244775772094727
    endloop
  endfacet
  facet normal -0.5227412581443787 -0.8215124011039734 -0.22772574424743652
    outer loop
      vertex -1.4726991653442383 -11.173864364624023 23.100658416748047
      vertex -1.024604320526123 -12.33055305480957 26.244775772094727
      vertex -2.960693597793579 -11.398503303527832 27.326705932617188
    endloop
  endfacet
  facet normal -0.5785454511642456 -0.7887564897537231 -0.2077220380306244
    outer loop
      vertex -1.024604320526123 -12.33055305480957 26.244775772094727
      vertex -1.4726991653442383 -11.173864364624023 23.100658416748047
      vertex 0.5257887244224548 -12.271527290344238 21.702505111694336
    endloop
  endfacet
  facet normal -0.6215881705284119 -0.7107713222503662 -0.3292906880378723
    outer loop
      vertex -4.265904426574707 -8.62600040435791 22.859922409057617
      vertex -3.5163097381591797 -10.124302864074707 24.679018020629883
      vertex -5.42220401763916 -9.263310432434082 26.418249130249023
    endloop
  endfacet
  facet normal -0.529661238193512 -0.8023920059204102 -0.2750021517276764
    outer loop
      vertex -3.5163097381591797 -10.124302864074707 24.679018020629883
      vertex -2.960693597793579 -11.398503303527832 27.326705932617188
      vertex -4.776883602142334 -10.56113338470459 28.381484985351562
    endloop
  endfacet
  facet normal -0.563532829284668 -0.7621785998344421 -0.31861358880996704
    outer loop
      vertex -5.42220401763916 -9.263310432434082 26.418249130249023
      vertex -4.776883602142334 -10.56113338470459 28.381484985351562
      vertex -6.189269542694092 -9.883970260620117 29.259685516357422
    endloop
  endfacet
  facet normal -0.6025506854057312 -0.7424501180648804 -0.29274657368659973
    outer loop
      vertex -4.776883602142334 -10.56113338470459 28.381484985351562
      vertex -5.42220401763916 -9.263310432434082 26.418249130249023
      vertex -3.5163097381591797 -10.124302864074707 24.679018020629883
    endloop
  endfacet
  facet normal -0.5871084332466125 -0.770684540271759 -0.2476876825094223
    outer loop
      vertex -2.960693597793579 -11.398503303527832 27.326705932617188
      vertex -3.5163097381591797 -10.124302864074707 24.679018020629883
      vertex -1.4726991653442383 -11.173864364624023 23.100658416748047
    endloop
  endfacet
  facet normal -0.6544759273529053 -0.6933985352516174 -0.30142951011657715
    outer loop
      vertex -3.5163097381591797 -10.124302864074707 24.679018020629883
      vertex -4.265904426574707 -8.62600040435791 22.859922409057617
      vertex -2.041398763656616 -9.794816017150879 20.718690872192383
    endloop
  endfacet
  facet normal -0.6331123113632202 -0.7257980704307556 -0.26904645562171936
    outer loop
      vertex -1.4726991653442383 -11.173864364624023 23.100658416748047
      vertex -2.041398763656616 -9.794816017150879 20.718690872192383
      vertex 0.12722651660442352 -11.006621360778809 18.884593963623047
    endloop
  endfacet
  facet normal -0.6035240888595581 -0.7440303564071655 -0.2866663336753845
    outer loop
      vertex -2.041398763656616 -9.794816017150879 20.718690872192383
      vertex -1.4726991653442383 -11.173864364624023 23.100658416748047
      vertex -3.5163097381591797 -10.124302864074707 24.679018020629883
    endloop
  endfacet
  facet normal -0.49605536460876465 -0.852931022644043 -0.16259720921516418
    outer loop
      vertex 0.9094339609146118 -13.186870574951172 25.33365821838379
      vertex 0.5257887244224548 -12.271527290344238 21.702505111694336
      vertex 2.3773019313812256 -13.169695854187012 20.76535987854004
    endloop
  endfacet
  facet normal -0.5911031365394592 -0.7637977600097656 -0.25924915075302124
    outer loop
      vertex 0.5257887244224548 -12.271527290344238 21.702505111694336
      vertex 0.12722651660442352 -11.006621360778809 18.884593963623047
      vertex 2.064793586730957 -12.061498641967773 17.57469940185547
    endloop
  endfacet
  facet normal -0.32988855242729187 -0.9013103246688843 -0.280737042427063
    outer loop
      vertex 2.3773019313812256 -13.169695854187012 20.76535987854004
      vertex 2.064793586730957 -12.061498641967773 17.57469940185547
      vertex 3.8520874977111816 -12.58468246459961 17.1541748046875
    endloop
  endfacet
  facet normal -0.517928957939148 -0.8225240707397461 -0.23495502769947052
    outer loop
      vertex 2.064793586730957 -12.061498641967773 17.57469940185547
      vertex 2.3773019313812256 -13.169695854187012 20.76535987854004
      vertex 0.5257887244224548 -12.271527290344238 21.702505111694336
    endloop
  endfacet
  facet normal -0.6741757988929749 -0.6464172005653381 -0.35725605487823486
    outer loop
      vertex 0.12722651660442352 -11.006621360778809 18.884593963623047
      vertex -0.4751751124858856 -9.323834419250488 16.9765567779541
      vertex 1.6978039741516113 -10.579485893249512 15.147910118103027
    endloop
  endfacet
  facet normal -0.7548388838768005 -0.45031967759132385 -0.4768966734409332
    outer loop
      vertex -0.4751751124858856 -9.323834419250488 16.9765567779541
      vertex -1.2906830310821533 -7.093174457550049 16.161006927490234
      vertex 1.1057058572769165 -8.583585739135742 13.775320053100586
    endloop
  endfacet
  facet normal -0.6257559657096863 -0.5594418048858643 -0.5435571074485779
    outer loop
      vertex 1.6978039741516113 -10.579485893249512 15.147910118103027
      vertex 1.1057058572769165 -8.583585739135742 13.775320053100586
      vertex 3.2311692237854004 -9.587403297424316 12.361588478088379
    endloop
  endfacet
  facet normal -0.7036508321762085 -0.5323711633682251 -0.47059166431427
    outer loop
      vertex 1.1057058572769165 -8.583585739135742 13.775320053100586
      vertex 1.6978039741516113 -10.579485893249512 15.147910118103027
      vertex -0.4751751124858856 -9.323834419250488 16.9765567779541
    endloop
  endfacet
  facet normal -0.005236292723566294 -0.9214511513710022 -0.38845890760421753
    outer loop
      vertex 3.8520874977111816 -12.58468246459961 17.1541748046875
      vertex 3.5979857444763184 -11.355085372924805 14.240911483764648
      vertex 5.332731246948242 -11.453238487243652 14.450353622436523
    endloop
  endfacet
  facet normal -0.3015054166316986 -0.7231816649436951 -0.6213716864585876
    outer loop
      vertex 3.5979857444763184 -11.355085372924805 14.240911483764648
      vertex 3.2311692237854004 -9.587403297424316 12.361588478088379
      vertex 5.128256320953369 -10.005887031555176 11.92812442779541
    endloop
  endfacet
  facet normal 0.48794662952423096 -0.7394177913665771 -0.4638635516166687
    outer loop
      vertex 5.332731246948242 -11.453238487243652 14.450353622436523
      vertex 5.128256320953369 -10.005887031555176 11.92812442779541
      vertex 6.733093738555908 -9.594254493713379 12.960123062133789
    endloop
  endfacet
  facet normal 0.011119200848042965 -0.8668984174728394 -0.49836087226867676
    outer loop
      vertex 5.128256320953369 -10.005887031555176 11.92812442779541
      vertex 5.332731246948242 -11.453238487243652 14.450353622436523
      vertex 3.5979857444763184 -11.355085372924805 14.240911483764648
    endloop
  endfacet
  facet normal -0.5244723558425903 -0.6688952445983887 -0.526790201663971
    outer loop
      vertex 3.2311692237854004 -9.587403297424316 12.361588478088379
      vertex 3.5979857444763184 -11.355085372924805 14.240911483764648
      vertex 1.6978039741516113 -10.579485893249512 15.147910118103027
    endloop
  endfacet
  facet normal -0.33710744976997375 -0.8775476217269897 -0.34098201990127563
    outer loop
      vertex 3.5979857444763184 -11.355085372924805 14.240911483764648
      vertex 3.8520874977111816 -12.58468246459961 17.1541748046875
      vertex 2.064793586730957 -12.061498641967773 17.57469940185547
    endloop
  endfacet
  facet normal -0.6165826320648193 -0.7099401354789734 -0.34031009674072266
    outer loop
      vertex 1.6978039741516113 -10.579485893249512 15.147910118103027
      vertex 2.064793586730957 -12.061498641967773 17.57469940185547
      vertex 0.12722651660442352 -11.006621360778809 18.884593963623047
    endloop
  endfacet
  facet normal -0.5022704005241394 -0.7696892023086548 -0.39408499002456665
    outer loop
      vertex 2.064793586730957 -12.061498641967773 17.57469940185547
      vertex 1.6978039741516113 -10.579485893249512 15.147910118103027
      vertex 3.5979857444763184 -11.355085372924805 14.240911483764648
    endloop
  endfacet
  facet normal 0.7012356519699097 -0.7105238437652588 -0.0585191585123539
    outer loop
      vertex 7.118381500244141 -12.037314414978027 27.475421905517578
      vertex 7.7992353439331055 -11.613508224487305 30.488359451293945
      vertex 6.50251579284668 -12.8673734664917 30.173851013183594
    endloop
  endfacet
  facet normal 0.7276014089584351 -0.6788963675498962 -0.09846803545951843
    outer loop
      vertex 7.7992353439331055 -11.613508224487305 30.488359451293945
      vertex 8.7455415725708 -11.133108139038086 34.16865921020508
      vertex 7.299868583679199 -12.65608024597168 33.986534118652344
    endloop
  endfacet
  facet normal 0.6160817742347717 -0.7830337882041931 -0.08544764667749405
    outer loop
      vertex 6.50251579284668 -12.8673734664917 30.173851013183594
      vertex 7.299868583679199 -12.65608024597168 33.986534118652344
      vertex 5.803727626800537 -13.79781436920166 33.66202163696289
    endloop
  endfacet
  facet normal 0.7044973969459534 -0.7013693451881409 -0.10846386104822159
    outer loop
      vertex 7.299868583679199 -12.65608024597168 33.986534118652344
      vertex 6.50251579284668 -12.8673734664917 30.173851013183594
      vertex 7.7992353439331055 -11.613508224487305 30.488359451293945
    endloop
  endfacet
  facet normal 0.7366024255752563 -0.665891706943512 -0.11834361404180527
    outer loop
      vertex 8.7455415725708 -11.133108139038086 34.16865921020508
      vertex 9.884408950805664 -10.538714408874512 37.91276168823242
      vertex 8.395955085754395 -12.162137985229492 37.7828483581543
    endloop
  endfacet
  facet normal 0.7689757943153381 -0.6297642588615417 -0.10987865179777145
    outer loop
      vertex 9.884408950805664 -10.538714408874512 37.91276168823242
      vertex 10.931561470031738 -9.87955093383789 41.463199615478516
      vertex 9.523194313049316 -11.58426570892334 41.37736129760742
    endloop
  endfacet
  facet normal 0.6797795295715332 -0.7270679473876953 -0.09629169851541519
    outer loop
      vertex 8.395955085754395 -12.162137985229492 37.7828483581543
      vertex 9.523194313049316 -11.58426570892334 41.37736129760742
      vertex 7.983809947967529 -13.00925350189209 41.26957321166992
    endloop
  endfacet
  facet normal 0.7363186478614807 -0.6651811003684998 -0.12397158890962601
    outer loop
      vertex 9.523194313049316 -11.58426570892334 41.37736129760742
      vertex 8.395955085754395 -12.162137985229492 37.7828483581543
      vertex 9.884408950805664 -10.538714408874512 37.91276168823242
    endloop
  endfacet
  facet normal 0.5007949471473694 -0.8633979558944702 -0.06122352555394173
    outer loop
      vertex 5.803727626800537 -13.79781436920166 33.66202163696289
      vertex 6.836639404296875 -13.478050231933594 37.6015739440918
      vertex 5.170273780822754 -14.432037353515625 37.42456817626953
    endloop
  endfacet
  facet normal 0.5621718764305115 -0.8240095973014832 -0.07050547003746033
    outer loop
      vertex 6.836639404296875 -13.478050231933594 37.6015739440918
      vertex 7.983809947967529 -13.00925350189209 41.26957321166992
      vertex 6.332179069519043 -14.127708435058594 41.17195129394531
    endloop
  endfacet
  facet normal 0.4010051488876343 -0.9147074818611145 -0.05005040019750595
    outer loop
      vertex 5.170273780822754 -14.432037353515625 37.42456817626953
      vertex 6.332179069519043 -14.127708435058594 41.17195129394531
      vertex 4.555964946746826 -14.90380859375 41.124671936035156
    endloop
  endfacet
  facet normal 0.5018498301506042 -0.8606983423233032 -0.08570422232151031
    outer loop
      vertex 6.332179069519043 -14.127708435058594 41.17195129394531
      vertex 5.170273780822754 -14.432037353515625 37.42456817626953
      vertex 6.836639404296875 -13.478050231933594 37.6015739440918
    endloop
  endfacet
  facet normal 0.6484736800193787 -0.7537538409233093 -0.10647563636302948
    outer loop
      vertex 7.983809947967529 -13.00925350189209 41.26957321166992
      vertex 6.836639404296875 -13.478050231933594 37.6015739440918
      vertex 8.395955085754395 -12.162137985229492 37.7828483581543
    endloop
  endfacet
  facet normal 0.6171127557754517 -0.7806937098503113 -0.09843382984399796
    outer loop
      vertex 6.836639404296875 -13.478050231933594 37.6015739440918
      vertex 5.803727626800537 -13.79781436920166 33.66202163696289
      vertex 7.299868583679199 -12.65608024597168 33.986534118652344
    endloop
  endfacet
  facet normal 0.7270984053611755 -0.6756014227867126 -0.12202746421098709
    outer loop
      vertex 8.395955085754395 -12.162137985229492 37.7828483581543
      vertex 7.299868583679199 -12.65608024597168 33.986534118652344
      vertex 8.7455415725708 -11.133108139038086 34.16865921020508
    endloop
  endfacet
  facet normal 0.648401141166687 -0.7560983300209045 -0.08883215487003326
    outer loop
      vertex 7.299868583679199 -12.65608024597168 33.986534118652344
      vertex 8.395955085754395 -12.162137985229492 37.7828483581543
      vertex 6.836639404296875 -13.478050231933594 37.6015739440918
    endloop
  endfacet
  facet normal 0.811772882938385 -0.5828240513801575 -0.03661829233169556
    outer loop
      vertex 10.931561470031738 -9.87955093383789 41.463199615478516
      vertex 11.698697090148926 -9.017370223999023 44.74681091308594
      vertex 10.449978828430176 -10.752829551696777 44.68650817871094
    endloop
  endfacet
  facet normal 0.8398292660713196 -0.5412898659706116 -0.04113610461354256
    outer loop
      vertex 11.20718765258789 -9.92689323425293 46.6801872253418
      vertex 11.698697090148926 -9.017370223999023 44.74681091308594
      vertex 11.78207015991211 -9.0577392578125 46.980140686035156
    endloop
  endfacet
  facet normal 0.7422958016395569 -0.6683056354522705 -0.04862625524401665
    outer loop
      vertex 9.909793853759766 -11.496968269348145 46.667640686035156
      vertex 10.449978828430176 -10.752829551696777 44.68650817871094
      vertex 10.609659194946289 -10.739786148071289 46.94481658935547
    endloop
  endfacet
  facet normal 0.8109836578369141 -0.581192135810852 -0.0672406479716301
    outer loop
      vertex 11.20718765258789 -9.92689323425293 46.6801872253418
      vertex 10.449978828430176 -10.752829551696777 44.68650817871094
      vertex 11.698697090148926 -9.017370223999023 44.74681091308594
    endloop
  endfacet
  facet normal 0.9050961136817932 -0.4232456386089325 0.040795668959617615
    outer loop
      vertex 12.27955436706543 -8.111906051635742 46.7425651550293
      vertex 12.457446098327637 -7.582726001739502 48.28596496582031
      vertex 12.007299423217773 -8.549525260925293 48.242637634277344
    endloop
  endfacet
  facet normal 0.7143528461456299 -0.6992581486701965 0.027167728170752525
    outer loop
      vertex 9.909793853759766 -11.496968269348145 46.667640686035156
      vertex 10.330452919006348 -11.00703239440918 48.217002868652344
      vertex 9.632944107055664 -11.718152046203613 48.25422286987305
    endloop
  endfacet
  facet normal 0.8256452083587646 -0.5639552474021912 0.016264673322439194
    outer loop
      vertex 11.20718765258789 -9.92689323425293 46.6801872253418
      vertex 11.510334968566895 -9.439132690429688 48.20391845703125
      vertex 10.956111907958984 -10.250737190246582 48.19672393798828
    endloop
  endfacet
  facet normal 0.31815487146377563 -0.9475762844085693 0.0296085886657238
    outer loop
      vertex 4.555964946746826 -14.90380859375 41.124671936035156
      vertex 5.673023223876953 -14.422137260437012 44.53661346435547
      vertex 3.8538975715637207 -15.033308029174805 44.52421188354492
    endloop
  endfacet
  facet normal 0.36608362197875977 -0.9304749965667725 -0.014107070863246918
    outer loop
      vertex 4.897334098815918 -14.758216857910156 46.57435607910156
      vertex 5.673023223876953 -14.422137260437012 44.53661346435547
      vertex 5.803648948669434 -14.406431198120117 46.89045715332031
    endloop
  endfacet
  facet normal 0.1950768381357193 -0.9807065725326538 -0.012632756493985653
    outer loop
      vertex 3.0634453296661377 -15.217142105102539 46.58934783935547
      vertex 3.8538975715637207 -15.033308029174805 44.52421188354492
      vertex 4.009711742401123 -15.032307624816895 46.85265350341797
    endloop
  endfacet
  facet normal 0.3184952139854431 -0.9472783803939819 -0.034993454813957214
    outer loop
      vertex 4.897334098815918 -14.758216857910156 46.57435607910156
      vertex 3.8538975715637207 -15.033308029174805 44.52421188354492
      vertex 5.673023223876953 -14.422137260437012 44.53661346435547
    endloop
  endfacet
  facet normal 0.49723541736602783 -0.8662046790122986 0.04946311563253403
    outer loop
      vertex 6.670411109924316 -13.961132049560547 46.64501190185547
      vertex 7.124457359313965 -13.60372543334961 48.339595794677734
      vertex 6.234616279602051 -14.119743347167969 48.24828338623047
    endloop
  endfacet
  facet normal 0.15903140604496002 -0.9866399765014648 0.035363852977752686
    outer loop
      vertex 3.0634453296661377 -15.217142105102539 46.58934783935547
      vertex 3.589797019958496 -15.076663970947266 48.14163589477539
      vertex 2.6647958755493164 -15.224328994750977 48.18156433105469
    endloop
  endfacet
  facet normal 0.33860307931900024 -0.9402567148208618 0.03556978702545166
    outer loop
      vertex 4.897334098815918 -14.758216857910156 46.57435607910156
      vertex 5.35660982131958 -14.532085418701172 48.17991638183594
      vertex 4.479925155639648 -14.849268913269043 48.14095687866211
    endloop
  endfacet
  facet normal 0.5973146557807922 -0.8004996180534363 0.04914829879999161
    outer loop
      vertex 8.37962532043457 -12.846847534179688 46.68498229980469
      vertex 8.863100051879883 -12.386765480041504 48.30271911621094
      vertex 8.0164794921875 -13.014982223510742 48.35992431640625
    endloop
  endfacet
  facet normal 0.4771909713745117 -0.878152072429657 -0.033727891743183136
    outer loop
      vertex 6.670411109924316 -13.961132049560547 46.64501190185547
      vertex 5.673023223876953 -14.422137260437012 44.53661346435547
      vertex 7.403546333312988 -13.483941078186035 44.59327697753906
    endloop
  endfacet
  facet normal 0.40042686462402344 -0.9163270592689514 -0.0017384839011356235
    outer loop
      vertex 5.673023223876953 -14.422137260437012 44.53661346435547
      vertex 4.555964946746826 -14.90380859375 41.124671936035156
      vertex 6.332179069519043 -14.127708435058594 41.17195129394531
    endloop
  endfacet
  facet normal 0.5614156126976013 -0.8272889256477356 -0.020138602703809738
    outer loop
      vertex 7.403546333312988 -13.483941078186035 44.59327697753906
      vertex 6.332179069519043 -14.127708435058594 41.17195129394531
      vertex 7.983809947967529 -13.00925350189209 41.26957321166992
    endloop
  endfacet
  facet normal 0.47613173723220825 -0.8792221546173096 0.016339438036084175
    outer loop
      vertex 6.332179069519043 -14.127708435058594 41.17195129394531
      vertex 7.403546333312988 -13.483941078186035 44.59327697753906
      vertex 5.673023223876953 -14.422137260437012 44.53661346435547
    endloop
  endfacet
  facet normal 0.720169186592102 -0.6909182667732239 -0.06315301358699799
    outer loop
      vertex 9.909793853759766 -11.496968269348145 46.667640686035156
      vertex 9.011207580566406 -12.248369216918945 44.64117431640625
      vertex 10.449978828430176 -10.752829551696777 44.68650817871094
    endloop
  endfacet
  facet normal 0.6802978515625 -0.7317216396331787 -0.04217013344168663
    outer loop
      vertex 9.011207580566406 -12.248369216918945 44.64117431640625
      vertex 7.983809947967529 -13.00925350189209 41.26957321166992
      vertex 9.523194313049316 -11.58426570892334 41.37736129760742
    endloop
  endfacet
  facet normal 0.7710955142974854 -0.6341975927352905 -0.05661417543888092
    outer loop
      vertex 10.449978828430176 -10.752829551696777 44.68650817871094
      vertex 9.523194313049316 -11.58426570892334 41.37736129760742
      vertex 10.931561470031738 -9.87955093383789 41.463199615478516
    endloop
  endfacet
  facet normal 0.7207940220832825 -0.6925894021987915 -0.027855170890688896
    outer loop
      vertex 9.523194313049316 -11.58426570892334 41.37736129760742
      vertex 10.449978828430176 -10.752829551696777 44.68650817871094
      vertex 9.011207580566406 -12.248369216918945 44.64117431640625
    endloop
  endfacet
  facet normal 0.6094862818717957 -0.792767345905304 -0.0068159159272909164
    outer loop
      vertex 7.983809947967529 -13.00925350189209 41.26957321166992
      vertex 9.011207580566406 -12.248369216918945 44.64117431640625
      vertex 7.403546333312988 -13.483941078186035 44.59327697753906
    endloop
  endfacet
  facet normal 0.630103349685669 -0.7758322358131409 -0.032467201352119446
    outer loop
      vertex 8.37962532043457 -12.846847534179688 46.68498229980469
      vertex 9.011207580566406 -12.248369216918945 44.64117431640625
      vertex 9.19786262512207 -12.193845748901367 46.96077346801758
    endloop
  endfacet
  facet normal 0.5147162079811096 -0.8572213649749756 -0.015451181679964066
    outer loop
      vertex 6.670411109924316 -13.961132049560547 46.64501190185547
      vertex 7.403546333312988 -13.483941078186035 44.59327697753906
      vertex 7.557785987854004 -13.434228897094727 46.97337341308594
    endloop
  endfacet
  facet normal 0.6096112132072449 -0.791512131690979 -0.043391138315200806
    outer loop
      vertex 8.37962532043457 -12.846847534179688 46.68498229980469
      vertex 7.403546333312988 -13.483941078186035 44.59327697753906
      vertex 9.011207580566406 -12.248369216918945 44.64117431640625
    endloop
  endfacet
  facet normal 0.028113581240177155 -0.9989039301872253 0.03742499276995659
    outer loop
      vertex 1.1360068321228027 -15.38156795501709 46.67045593261719
      vertex 1.6966683864593506 -15.307250022888184 48.23289489746094
      vertex 0.7053040266036987 -15.333752632141113 48.27022933959961
    endloop
  endfacet
  facet normal -0.16832688450813293 -0.9846929907798767 -0.04523136094212532
    outer loop
      vertex -0.8184276819229126 -15.271717071533203 46.73963165283203
      vertex -1.9205557107925415 -14.993840217590332 44.791744232177734
      vertex 0.006934487260878086 -15.31862735748291 44.6893196105957
    endloop
  endfacet
  facet normal -0.29987287521362305 -0.9535934925079346 -0.027125660330057144
    outer loop
      vertex -1.9205557107925415 -14.993840217590332 44.791744232177734
      vertex -3.180917739868164 -14.506619453430176 41.59690475463867
      vertex -1.2730642557144165 -15.102115631103516 41.44014358520508
    endloop
  endfacet
  facet normal -0.14216646552085876 -0.9897927641868591 -0.009949860163033009
    outer loop
      vertex 0.006934487260878086 -15.31862735748291 44.6893196105957
      vertex -1.2730642557144165 -15.102115631103516 41.44014358520508
      vertex 0.6924299597740173 -15.38278865814209 41.27740478515625
    endloop
  endfacet
  facet normal -0.16617295145988464 -0.9860966801643372 -0.00024631471023894846
    outer loop
      vertex -1.2730642557144165 -15.102115631103516 41.44014358520508
      vertex 0.006934487260878086 -15.31862735748291 44.6893196105957
      vertex -1.9205557107925415 -14.993840217590332 44.791744232177734
    endloop
  endfacet
  facet normal 0.15162639319896698 -0.9879851937294006 -0.029911795631051064
    outer loop
      vertex 3.0634453296661377 -15.217142105102539 46.58934783935547
      vertex 1.954432725906372 -15.326676368713379 44.58554458618164
      vertex 3.8538975715637207 -15.033308029174805 44.52421188354492
    endloop
  endfacet
  facet normal 0.032896507531404495 -0.9994491338729858 0.0044030481949448586
    outer loop
      vertex 1.954432725906372 -15.326676368713379 44.58554458618164
      vertex 0.6924299597740173 -15.38278865814209 41.27740478515625
      vertex 2.6562986373901367 -15.318676948547363 41.1574821472168
    endloop
  endfacet
  facet normal 0.21346955001354218 -0.9769254922866821 0.006871139630675316
    outer loop
      vertex 3.8538975715637207 -15.033308029174805 44.52421188354492
      vertex 2.6562986373901367 -15.318676948547363 41.1574821472168
      vertex 4.555964946746826 -14.90380859375 41.124671936035156
    endloop
  endfacet
  facet normal 0.15349170565605164 -0.987720787525177 0.02912122942507267
    outer loop
      vertex 2.6562986373901367 -15.318676948547363 41.1574821472168
      vertex 3.8538975715637207 -15.033308029174805 44.52421188354492
      vertex 1.954432725906372 -15.326676368713379 44.58554458618164
    endloop
  endfacet
  facet normal -0.0031642913818359375 -0.9998299479484558 0.018166128545999527
    outer loop
      vertex 0.6924299597740173 -15.38278865814209 41.27740478515625
      vertex 1.954432725906372 -15.326676368713379 44.58554458618164
      vertex 0.006934487260878086 -15.31862735748291 44.6893196105957
    endloop
  endfacet
  facet normal 0.045355185866355896 -0.9989347457885742 -0.008495927788317204
    outer loop
      vertex 1.1360068321228027 -15.38156795501709 46.67045593261719
      vertex 1.954432725906372 -15.326676368713379 44.58554458618164
      vertex 2.1306490898132324 -15.338458061218262 46.911537170410156
    endloop
  endfacet
  facet normal -0.09718571603298187 -0.9951319098472595 -0.016354329884052277
    outer loop
      vertex -0.8184276819229126 -15.271717071533203 46.73963165283203
      vertex 0.006934487260878086 -15.31862735748291 44.6893196105957
      vertex 0.17266090214252472 -15.372650146484375 46.99168014526367
    endloop
  endfacet
  facet normal -0.005651801824569702 -0.99957674741745 -0.028535474091768265
    outer loop
      vertex 1.1360068321228027 -15.38156795501709 46.67045593261719
      vertex 0.006934487260878086 -15.31862735748291 44.6893196105957
      vertex 1.954432725906372 -15.326676368713379 44.58554458618164
    endloop
  endfacet
  facet normal -0.4256076514720917 -0.8995532989501953 -0.09829561412334442
    outer loop
      vertex -3.180917739868164 -14.506619453430176 41.59690475463867
      vertex -4.356443881988525 -13.579648971557617 38.20360565185547
      vertex -2.5186781883239746 -14.427153587341309 38.00225830078125
    endloop
  endfacet
  facet normal -0.5291195511817932 -0.8290985822677612 -0.18063239753246307
    outer loop
      vertex -4.356443881988525 -13.579648971557617 38.20360565185547
      vertex -5.231719493865967 -12.275824546813965 34.78299331665039
      vertex -3.53090500831604 -13.299617767333984 34.50004959106445
    endloop
  endfacet
  facet normal -0.39271146059036255 -0.9024596214294434 -0.17704325914382935
    outer loop
      vertex -2.5186781883239746 -14.427153587341309 38.00225830078125
      vertex -3.53090500831604 -13.299617767333984 34.50004959106445
      vertex -1.6365292072296143 -14.048112869262695 34.11338424682617
    endloop
  endfacet
  facet normal -0.4278367757797241 -0.8891114592552185 -0.16259369254112244
    outer loop
      vertex -3.53090500831604 -13.299617767333984 34.50004959106445
      vertex -2.5186781883239746 -14.427153587341309 38.00225830078125
      vertex -4.356443881988525 -13.579648971557617 38.20360565185547
    endloop
  endfacet
  facet normal -0.5525382161140442 -0.8045743107795715 -0.21762743592262268
    outer loop
      vertex -5.231719493865967 -12.275824546813965 34.78299331665039
      vertex -5.944174289703369 -10.938222885131836 31.646709442138672
      vertex -4.2579755783081055 -11.962532997131348 31.152490615844727
    endloop
  endfacet
  facet normal -0.553743839263916 -0.7812296748161316 -0.2881803512573242
    outer loop
      vertex -5.944174289703369 -10.938222885131836 31.646709442138672
      vertex -6.189269542694092 -9.883970260620117 29.259685516357422
      vertex -4.776883602142334 -10.56113338470459 28.381484985351562
    endloop
  endfacet
  facet normal -0.5370835661888123 -0.7889721989631653 -0.2984361946582794
    outer loop
      vertex -4.2579755783081055 -11.962532997131348 31.152490615844727
      vertex -4.776883602142334 -10.56113338470459 28.381484985351562
      vertex -2.960693597793579 -11.398503303527832 27.326705932617188
    endloop
  endfacet
  facet normal -0.5574842095375061 -0.7781990170478821 -0.28916749358177185
    outer loop
      vertex -4.776883602142334 -10.56113338470459 28.381484985351562
      vertex -4.2579755783081055 -11.962532997131348 31.152490615844727
      vertex -5.944174289703369 -10.938222885131836 31.646709442138672
    endloop
  endfacet
  facet normal -0.40376797318458557 -0.8865169286727905 -0.2259630262851715
    outer loop
      vertex -1.6365292072296143 -14.048112869262695 34.11338424682617
      vertex -2.4124648571014404 -12.781107902526855 30.52906608581543
      vertex -0.4651060104370117 -13.501404762268066 29.87530517578125
    endloop
  endfacet
  facet normal -0.5320739150047302 -0.8066893815994263 -0.25719600915908813
    outer loop
      vertex -2.4124648571014404 -12.781107902526855 30.52906608581543
      vertex -2.960693597793579 -11.398503303527832 27.326705932617188
      vertex -1.024604320526123 -12.33055305480957 26.244775772094727
    endloop
  endfacet
  facet normal -0.474799245595932 -0.856360912322998 -0.2030068188905716
    outer loop
      vertex -0.4651060104370117 -13.501404762268066 29.87530517578125
      vertex -1.024604320526123 -12.33055305480957 26.244775772094727
      vertex 0.9094339609146118 -13.186870574951172 25.33365821838379
    endloop
  endfacet
  facet normal -0.4033546447753906 -0.8872115015983582 -0.22396647930145264
    outer loop
      vertex -1.024604320526123 -12.33055305480957 26.244775772094727
      vertex -0.4651060104370117 -13.501404762268066 29.87530517578125
      vertex -2.4124648571014404 -12.781107902526855 30.52906608581543
    endloop
  endfacet
  facet normal -0.4669814109802246 -0.8381253480911255 -0.2819119095802307
    outer loop
      vertex -2.960693597793579 -11.398503303527832 27.326705932617188
      vertex -2.4124648571014404 -12.781107902526855 30.52906608581543
      vertex -4.2579755783081055 -11.962532997131348 31.152490615844727
    endloop
  endfacet
  facet normal -0.39769625663757324 -0.8887224793434143 -0.22805704176425934
    outer loop
      vertex -2.4124648571014404 -12.781107902526855 30.52906608581543
      vertex -1.6365292072296143 -14.048112869262695 34.11338424682617
      vertex -3.53090500831604 -13.299617767333984 34.50004959106445
    endloop
  endfacet
  facet normal -0.5296505689620972 -0.8210597634315491 -0.21291130781173706
    outer loop
      vertex -4.2579755783081055 -11.962532997131348 31.152490615844727
      vertex -3.53090500831604 -13.299617767333984 34.50004959106445
      vertex -5.231719493865967 -12.275824546813965 34.78299331665039
    endloop
  endfacet
  facet normal -0.46041232347488403 -0.8543009757995605 -0.2412266582250595
    outer loop
      vertex -3.53090500831604 -13.299617767333984 34.50004959106445
      vertex -4.2579755783081055 -11.962532997131348 31.152490615844727
      vertex -2.4124648571014404 -12.781107902526855 30.52906608581543
    endloop
  endfacet
  facet normal 0.2954847514629364 -0.9526001214981079 -0.07240079343318939
    outer loop
      vertex 4.555964946746826 -14.90380859375 41.124671936035156
      vertex 3.34674334526062 -14.992240905761719 37.353084564208984
      vertex 5.170273780822754 -14.432037353515625 37.42456817626953
    endloop
  endfacet
  facet normal 0.14654788374900818 -0.9849666357040405 -0.09145701676607132
    outer loop
      vertex 3.34674334526062 -14.992240905761719 37.353084564208984
      vertex 2.2451248168945312 -14.787074089050293 33.3782958984375
      vertex 4.142821311950684 -14.505762100219727 33.38945388793945
    endloop
  endfacet
  facet normal 0.4025498032569885 -0.9113636016845703 -0.08584904670715332
    outer loop
      vertex 5.170273780822754 -14.432037353515625 37.42456817626953
      vertex 4.142821311950684 -14.505762100219727 33.38945388793945
      vertex 5.803727626800537 -13.79781436920166 33.66202163696289
    endloop
  endfacet
  facet normal 0.29524099826812744 -0.9536758065223694 -0.057752154767513275
    outer loop
      vertex 4.142821311950684 -14.505762100219727 33.38945388793945
      vertex 5.170273780822754 -14.432037353515625 37.42456817626953
      vertex 3.34674334526062 -14.992240905761719 37.353084564208984
    endloop
  endfacet
  facet normal -0.03757612779736519 -0.9875721335411072 -0.15260843932628632
    outer loop
      vertex 2.2451248168945312 -14.787074089050293 33.3782958984375
      vertex 1.4419785737991333 -14.123814582824707 29.283912658691406
      vertex 3.2909204959869385 -14.178932189941406 29.18533706665039
    endloop
  endfacet
  facet normal -0.29985126852989197 -0.9365213513374329 -0.18170572817325592
    outer loop
      vertex 1.4419785737991333 -14.123814582824707 29.283912658691406
      vertex 0.9094339609146118 -13.186870574951172 25.33365821838379
      vertex 2.7657313346862793 -13.697924613952637 24.90439224243164
    endloop
  endfacet
  facet normal 0.12968076765537262 -0.9834648370742798 -0.126411572098732
    outer loop
      vertex 3.2909204959869385 -14.178932189941406 29.18533706665039
      vertex 2.7657313346862793 -13.697924613952637 24.90439224243164
      vertex 4.472460746765137 -13.52064323425293 25.27603530883789
    endloop
  endfacet
  facet normal -0.035340432077646255 -0.9935978055000305 -0.10730520635843277
    outer loop
      vertex 2.7657313346862793 -13.697924613952637 24.90439224243164
      vertex 3.2909204959869385 -14.178932189941406 29.18533706665039
      vertex 1.4419785737991333 -14.123814582824707 29.283912658691406
    endloop
  endfacet
  facet normal 0.5398662090301514 -0.8339546918869019 -0.11429871618747711
    outer loop
      vertex 5.803727626800537 -13.79781436920166 33.66202163696289
      vertex 5.032846450805664 -13.736369132995605 29.572603225708008
      vertex 6.50251579284668 -12.8673734664917 30.173851013183594
    endloop
  endfacet
  facet normal 0.44825315475463867 -0.8879474401473999 -0.10304687917232513
    outer loop
      vertex 5.032846450805664 -13.736369132995605 29.572603225708008
      vertex 4.472460746765137 -13.52064323425293 25.27603530883789
      vertex 6.012670040130615 -12.8602933883667 26.285747528076172
    endloop
  endfacet
  facet normal 0.6511866450309753 -0.7543196082115173 -0.08341384679079056
    outer loop
      vertex 6.50251579284668 -12.8673734664917 30.173851013183594
      vertex 6.012670040130615 -12.8602933883667 26.285747528076172
      vertex 7.118381500244141 -12.037314414978027 27.475421905517578
    endloop
  endfacet
  facet normal 0.528283953666687 -0.8463325500488281 -0.06809739768505096
    outer loop
      vertex 6.012670040130615 -12.8602933883667 26.285747528076172
      vertex 6.50251579284668 -12.8673734664917 30.173851013183594
      vertex 5.032846450805664 -13.736369132995605 29.572603225708008
    endloop
  endfacet
  facet normal 0.26259666681289673 -0.9613707065582275 -0.08251888304948807
    outer loop
      vertex 4.472460746765137 -13.52064323425293 25.27603530883789
      vertex 5.032846450805664 -13.736369132995605 29.572603225708008
      vertex 3.2909204959869385 -14.178932189941406 29.18533706665039
    endloop
  endfacet
  facet normal 0.40294259786605835 -0.9108245968818665 -0.08964274823665619
    outer loop
      vertex 5.032846450805664 -13.736369132995605 29.572603225708008
      vertex 5.803727626800537 -13.79781436920166 33.66202163696289
      vertex 4.142821311950684 -14.505762100219727 33.38945388793945
    endloop
  endfacet
  facet normal 0.14641867578029633 -0.9835132360458374 -0.1061282828450203
    outer loop
      vertex 3.2909204959869385 -14.178932189941406 29.18533706665039
      vertex 4.142821311950684 -14.505762100219727 33.38945388793945
      vertex 2.2451248168945312 -14.787074089050293 33.3782958984375
    endloop
  endfacet
  facet normal 0.27104276418685913 -0.9538736343383789 -0.12907728552818298
    outer loop
      vertex 4.142821311950684 -14.505762100219727 33.38945388793945
      vertex 3.2909204959869385 -14.178932189941406 29.18533706665039
      vertex 5.032846450805664 -13.736369132995605 29.572603225708008
    endloop
  endfacet
  facet normal -0.353121280670166 -0.9198954105377197 -0.17058083415031433
    outer loop
      vertex 0.9094339609146118 -13.186870574951172 25.33365821838379
      vertex 1.4419785737991333 -14.123814582824707 29.283912658691406
      vertex -0.4651060104370117 -13.501404762268066 29.87530517578125
    endloop
  endfacet
  facet normal -0.11349699646234512 -0.9840277433395386 -0.13714180886745453
    outer loop
      vertex 1.4419785737991333 -14.123814582824707 29.283912658691406
      vertex 2.2451248168945312 -14.787074089050293 33.3782958984375
      vertex 0.31449994444847107 -14.605086326599121 33.670249938964844
    endloop
  endfacet
  facet normal -0.3115691840648651 -0.9276723265647888 -0.20578786730766296
    outer loop
      vertex -0.4651060104370117 -13.501404762268066 29.87530517578125
      vertex 0.31449994444847107 -14.605086326599121 33.670249938964844
      vertex -1.6365292072296143 -14.048112869262695 34.11338424682617
    endloop
  endfacet
  facet normal -0.3578421175479889 -0.9137791395187378 -0.1922413557767868
    outer loop
      vertex 0.31449994444847107 -14.605086326599121 33.670249938964844
      vertex -0.4651060104370117 -13.501404762268066 29.87530517578125
      vertex 1.4419785737991333 -14.123814582824707 29.283912658691406
    endloop
  endfacet
  facet normal 0.08886462450027466 -0.9931482672691345 -0.07589232921600342
    outer loop
      vertex 2.2451248168945312 -14.787074089050293 33.3782958984375
      vertex 3.34674334526062 -14.992240905761719 37.353084564208984
      vertex 1.4014610052108765 -15.17482852935791 37.46468734741211
    endloop
  endfacet
  facet normal 0.21239779889583588 -0.9761368632316589 -0.04521013796329498
    outer loop
      vertex 3.34674334526062 -14.992240905761719 37.353084564208984
      vertex 4.555964946746826 -14.90380859375 41.124671936035156
      vertex 2.6562986373901367 -15.318676948547363 41.1574821472168
    endloop
  endfacet
  facet normal 0.02960309386253357 -0.9983624815940857 -0.048949360847473145
    outer loop
      vertex 1.4014610052108765 -15.17482852935791 37.46468734741211
      vertex 2.6562986373901367 -15.318676948547363 41.1574821472168
      vertex 0.6924299597740173 -15.38278865814209 41.27740478515625
    endloop
  endfacet
  facet normal 0.08930038660764694 -0.9936083555221558 -0.06904972344636917
    outer loop
      vertex 2.6562986373901367 -15.318676948547363 41.1574821472168
      vertex 1.4014610052108765 -15.17482852935791 37.46468734741211
      vertex 3.34674334526062 -14.992240905761719 37.353084564208984
    endloop
  endfacet
  facet normal -0.28514304757118225 -0.9455651044845581 -0.15684393048286438
    outer loop
      vertex -1.6365292072296143 -14.048112869262695 34.11338424682617
      vertex -0.570931613445282 -14.968221664428711 37.723182678222656
      vertex -2.5186781883239746 -14.427153587341309 38.00225830078125
    endloop
  endfacet
  facet normal -0.14620853960514069 -0.9872341156005859 -0.0631813108921051
    outer loop
      vertex -0.570931613445282 -14.968221664428711 37.723182678222656
      vertex 0.6924299597740173 -15.38278865814209 41.27740478515625
      vertex -1.2730642557144165 -15.102115631103516 41.44014358520508
    endloop
  endfacet
  facet normal -0.30281636118888855 -0.9499503970146179 -0.07678796350955963
    outer loop
      vertex -2.5186781883239746 -14.427153587341309 38.00225830078125
      vertex -1.2730642557144165 -15.102115631103516 41.44014358520508
      vertex -3.180917739868164 -14.506619453430176 41.59690475463867
    endloop
  endfacet
  facet normal -0.27819564938545227 -0.9565755128860474 -0.0870092362165451
    outer loop
      vertex -1.2730642557144165 -15.102115631103516 41.44014358520508
      vertex -2.5186781883239746 -14.427153587341309 38.00225830078125
      vertex -0.570931613445282 -14.968221664428711 37.723182678222656
    endloop
  endfacet
  facet normal -0.11362363398075104 -0.9906764030456543 -0.0751652643084526
    outer loop
      vertex 0.6924299597740173 -15.38278865814209 41.27740478515625
      vertex -0.570931613445282 -14.968221664428711 37.723182678222656
      vertex 1.4014610052108765 -15.17482852935791 37.46468734741211
    endloop
  endfacet
  facet normal -0.3028368353843689 -0.9410876035690308 -0.1504795402288437
    outer loop
      vertex -0.570931613445282 -14.968221664428711 37.723182678222656
      vertex -1.6365292072296143 -14.048112869262695 34.11338424682617
      vertex 0.31449994444847107 -14.605086326599121 33.670249938964844
    endloop
  endfacet
  facet normal -0.11065661907196045 -0.9870067834854126 -0.11650210618972778
    outer loop
      vertex 1.4014610052108765 -15.17482852935791 37.46468734741211
      vertex 0.31449994444847107 -14.605086326599121 33.670249938964844
      vertex 2.2451248168945312 -14.787074089050293 33.3782958984375
    endloop
  endfacet
  facet normal -0.11829296499490738 -0.9863874316215515 -0.11422161012887955
    outer loop
      vertex 0.31449994444847107 -14.605086326599121 33.670249938964844
      vertex 1.4014610052108765 -15.17482852935791 37.46468734741211
      vertex -0.570931613445282 -14.968221664428711 37.723182678222656
    endloop
  endfacet
  facet normal -0.5235627293586731 0.19876237213611603 -0.8284779787063599
    outer loop
      vertex 4.504926681518555 -0.9825209975242615 10.363975524902344
      vertex 3.359252452850342 -2.7040252685546875 10.674982070922852
      vertex 2.769792079925537 0.3504449725151062 11.780302047729492
    endloop
  endfacet
  facet normal -0.6054585576057434 0.0446043498814106 -0.794625997543335
    outer loop
      vertex 3.359252452850342 -2.7040252685546875 10.674982070922852
      vertex 1.8921047449111938 -4.5048322677612305 11.691779136657715
      vertex 1.1416540145874023 -1.4324214458465576 12.436040878295898
    endloop
  endfacet
  facet normal -0.5732817053794861 0.23480822145938873 -0.7849923968315125
    outer loop
      vertex 2.769792079925537 0.3504449725151062 11.780302047729492
      vertex 1.1416540145874023 -1.4324214458465576 12.436040878295898
      vertex 0.4192080497741699 1.8024537563323975 13.931265830993652
    endloop
  endfacet
  facet normal -0.5403596758842468 0.1921626478433609 -0.8191978335380554
    outer loop
      vertex 1.1416540145874023 -1.4324214458465576 12.436040878295898
      vertex 2.769792079925537 0.3504449725151062 11.780302047729492
      vertex 3.359252452850342 -2.7040252685546875 10.674982070922852
    endloop
  endfacet
  facet normal -0.7056012749671936 -0.12990188598632812 -0.6966005563735962
    outer loop
      vertex 1.8921047449111938 -4.5048322677612305 11.691779136657715
      vertex 0.30596113204956055 -5.9657793045043945 13.570854187011719
      vertex -0.545391321182251 -3.094809055328369 13.897829055786133
    endloop
  endfacet
  facet normal -0.7546529173851013 -0.28690841794013977 -0.5900699496269226
    outer loop
      vertex 0.30596113204956055 -5.9657793045043945 13.570854187011719
      vertex -1.2906830310821533 -7.093174457550049 16.161006927490234
      vertex -2.2070717811584473 -4.4910054206848145 16.0677490234375
    endloop
  endfacet
  facet normal -0.7491911053657532 -0.12056244909763336 -0.6512890458106995
    outer loop
      vertex -0.545391321182251 -3.094809055328369 13.897829055786133
      vertex -2.2070717811584473 -4.4910054206848145 16.0677490234375
      vertex -3.138657569885254 -1.6009442806243896 16.604381561279297
    endloop
  endfacet
  facet normal -0.7387374043464661 -0.1440771073102951 -0.6584138870239258
    outer loop
      vertex -2.2070717811584473 -4.4910054206848145 16.0677490234375
      vertex -0.545391321182251 -3.094809055328369 13.897829055786133
      vertex 0.30596113204956055 -5.9657793045043945 13.570854187011719
    endloop
  endfacet
  facet normal -0.6110584735870361 0.24302101135253906 -0.753358006477356
    outer loop
      vertex 0.4192080497741699 1.8024537563323975 13.931265830993652
      vertex -1.3846287727355957 0.043957218527793884 14.827118873596191
      vertex -2.1648080348968506 3.2024757862091064 16.478818893432617
    endloop
  endfacet
  facet normal -0.7334942817687988 0.049735959619283676 -0.6778735518455505
    outer loop
      vertex -1.3846287727355957 0.043957218527793884 14.827118873596191
      vertex -3.138657569885254 -1.6009442806243896 16.604381561279297
      vertex -4.02980375289917 1.4018323421478271 17.788963317871094
    endloop
  endfacet
  facet normal -0.6860902309417725 0.20210646092891693 -0.6988800168037415
    outer loop
      vertex -2.1648080348968506 3.2024757862091064 16.478818893432617
      vertex -4.02980375289917 1.4018323421478271 17.788963317871094
      vertex -4.832699298858643 4.371996879577637 19.43609619140625
    endloop
  endfacet
  facet normal -0.6842362284660339 0.1980164796113968 -0.7018620371818542
    outer loop
      vertex -4.02980375289917 1.4018323421478271 17.788963317871094
      vertex -2.1648080348968506 3.2024757862091064 16.478818893432617
      vertex -1.3846287727355957 0.043957218527793884 14.827118873596191
    endloop
  endfacet
  facet normal -0.718117356300354 0.013990059494972229 -0.6957813501358032
    outer loop
      vertex -3.138657569885254 -1.6009442806243896 16.604381561279297
      vertex -1.3846287727355957 0.043957218527793884 14.827118873596191
      vertex -0.545391321182251 -3.094809055328369 13.897829055786133
    endloop
  endfacet
  facet normal -0.5986664891242981 0.22202950716018677 -0.7696111798286438
    outer loop
      vertex -1.3846287727355957 0.043957218527793884 14.827118873596191
      vertex 0.4192080497741699 1.8024537563323975 13.931265830993652
      vertex 1.1416540145874023 -1.4324214458465576 12.436040878295898
    endloop
  endfacet
  facet normal -0.6650398373603821 0.01841287687420845 -0.7465808391571045
    outer loop
      vertex -0.545391321182251 -3.094809055328369 13.897829055786133
      vertex 1.1416540145874023 -1.4324214458465576 12.436040878295898
      vertex 1.8921047449111938 -4.5048322677612305 11.691779136657715
    endloop
  endfacet
  facet normal -0.6752605438232422 0.03754107654094696 -0.7366232872009277
    outer loop
      vertex 1.1416540145874023 -1.4324214458465576 12.436040878295898
      vertex -0.545391321182251 -3.094809055328369 13.897829055786133
      vertex -1.3846287727355957 0.043957218527793884 14.827118873596191
    endloop
  endfacet
  facet normal -0.7612336277961731 -0.407131552696228 -0.5047445893287659
    outer loop
      vertex -1.2906830310821533 -7.093174457550049 16.161006927490234
      vertex -2.846902847290039 -8.00260066986084 19.241580963134766
      vertex -3.788027763366699 -5.659626483917236 18.771080017089844
    endloop
  endfacet
  facet normal -0.7465120553970337 -0.5418784618377686 -0.38611850142478943
    outer loop
      vertex -2.846902847290039 -8.00260066986084 19.241580963134766
      vertex -4.265904426574707 -8.62600040435791 22.859922409057617
      vertex -5.203177452087402 -6.659638404846191 21.912431716918945
    endloop
  endfacet
  facet normal -0.7791465520858765 -0.40372326970100403 -0.4795188009738922
    outer loop
      vertex -3.788027763366699 -5.659626483917236 18.771080017089844
      vertex -5.203177452087402 -6.659638404846191 21.912431716918945
      vertex -6.250843524932861 -4.349576950073242 21.66981315612793
    endloop
  endfacet
  facet normal -0.776579737663269 -0.4082898199558258 -0.47981613874435425
    outer loop
      vertex -5.203177452087402 -6.659638404846191 21.912431716918945
      vertex -3.788027763366699 -5.659626483917236 18.771080017089844
      vertex -2.846902847290039 -8.00260066986084 19.241580963134766
    endloop
  endfacet
  facet normal -0.7031623721122742 -0.6243003010749817 -0.3403114080429077
    outer loop
      vertex -4.265904426574707 -8.62600040435791 22.859922409057617
      vertex -5.42220401763916 -9.263310432434082 26.418249130249023
      vertex -6.344673156738281 -7.614495277404785 25.299537658691406
    endloop
  endfacet
  facet normal -0.6591005921363831 -0.6777395606040955 -0.32596859335899353
    outer loop
      vertex -5.42220401763916 -9.263310432434082 26.418249130249023
      vertex -6.189269542694092 -9.883970260620117 29.259685516357422
      vertex -7.11470890045166 -8.654512405395508 28.57466697692871
    endloop
  endfacet
  facet normal -0.7451730370521545 -0.5648068189620972 -0.3545565605163574
    outer loop
      vertex -6.344673156738281 -7.614495277404785 25.299537658691406
      vertex -7.11470890045166 -8.654512405395508 28.57466697692871
      vertex -8.247830390930176 -6.842777252197266 28.070068359375
    endloop
  endfacet
  facet normal -0.6873367428779602 -0.6299126744270325 -0.36163270473480225
    outer loop
      vertex -7.11470890045166 -8.654512405395508 28.57466697692871
      vertex -6.344673156738281 -7.614495277404785 25.299537658691406
      vertex -5.42220401763916 -9.263310432434082 26.418249130249023
    endloop
  endfacet
  facet normal -0.8004627227783203 -0.38107308745384216 -0.4626477360725403
    outer loop
      vertex -6.250843524932861 -4.349576950073242 21.66981315612793
      vertex -7.451757431030273 -5.5664777755737305 24.749942779541016
      vertex -8.572227478027344 -3.255763292312622 24.785268783569336
    endloop
  endfacet
  facet normal -0.8002340197563171 -0.46994587779045105 -0.37252697348594666
    outer loop
      vertex -7.451757431030273 -5.5664777755737305 24.749942779541016
      vertex -8.247830390930176 -6.842777252197266 28.070068359375
      vertex -9.454641342163086 -4.681644916534424 27.936161041259766
    endloop
  endfacet
  facet normal -0.83575838804245 -0.3730813264846802 -0.40288734436035156
    outer loop
      vertex -8.572227478027344 -3.255763292312622 24.785268783569336
      vertex -9.454641342163086 -4.681644916534424 27.936161041259766
      vertex -10.6658353805542 -2.2387993335723877 28.186567306518555
    endloop
  endfacet
  facet normal -0.8236934542655945 -0.3931639790534973 -0.40859660506248474
    outer loop
      vertex -9.454641342163086 -4.681644916534424 27.936161041259766
      vertex -8.572227478027344 -3.255763292312622 24.785268783569336
      vertex -7.451757431030273 -5.5664777755737305 24.749942779541016
    endloop
  endfacet
  facet normal -0.7660670876502991 -0.51670241355896 -0.3823085427284241
    outer loop
      vertex -8.247830390930176 -6.842777252197266 28.070068359375
      vertex -7.451757431030273 -5.5664777755737305 24.749942779541016
      vertex -6.344673156738281 -7.614495277404785 25.299537658691406
    endloop
  endfacet
  facet normal -0.7860103249549866 -0.4054853916168213 -0.46665769815444946
    outer loop
      vertex -7.451757431030273 -5.5664777755737305 24.749942779541016
      vertex -6.250843524932861 -4.349576950073242 21.66981315612793
      vertex -5.203177452087402 -6.659638404846191 21.912431716918945
    endloop
  endfacet
  facet normal -0.7363294959068298 -0.5445111393928528 -0.40165475010871887
    outer loop
      vertex -6.344673156738281 -7.614495277404785 25.299537658691406
      vertex -5.203177452087402 -6.659638404846191 21.912431716918945
      vertex -4.265904426574707 -8.62600040435791 22.859922409057617
    endloop
  endfacet
  facet normal -0.7567230463027954 -0.5165738463401794 -0.40065181255340576
    outer loop
      vertex -5.203177452087402 -6.659638404846191 21.912431716918945
      vertex -6.344673156738281 -7.614495277404785 25.299537658691406
      vertex -7.451757431030273 -5.5664777755737305 24.749942779541016
    endloop
  endfacet
  facet normal -0.7284960150718689 0.18823984265327454 -0.6586799621582031
    outer loop
      vertex -4.832699298858643 4.371996879577637 19.43609619140625
      vertex -6.654941558837891 2.5117223262786865 20.919849395751953
      vertex -7.451227188110352 5.299684524536133 22.5972900390625
    endloop
  endfacet
  facet normal -0.7940506339073181 0.014854771085083485 -0.6076700687408447
    outer loop
      vertex -6.654941558837891 2.5117223262786865 20.919849395751953
      vertex -8.236467361450195 0.7713717222213745 22.943906784057617
      vertex -9.10747241973877 3.406458854675293 24.14647674560547
    endloop
  endfacet
  facet normal -0.7798020243644714 0.19556483626365662 -0.5946959257125854
    outer loop
      vertex -7.451227188110352 5.299684524536133 22.5972900390625
      vertex -9.10747241973877 3.406458854675293 24.14647674560547
      vertex -9.77614974975586 5.933216094970703 25.85420799255371
    endloop
  endfacet
  facet normal -0.7646389603614807 0.15758901834487915 -0.624894380569458
    outer loop
      vertex -9.10747241973877 3.406458854675293 24.14647674560547
      vertex -7.451227188110352 5.299684524536133 22.5972900390625
      vertex -6.654941558837891 2.5117223262786865 20.919849395751953
    endloop
  endfacet
  facet normal -0.8412852883338928 -0.07921237498521805 -0.5347565412521362
    outer loop
      vertex -8.236467361450195 0.7713717222213745 22.943906784057617
      vertex -9.598328590393066 -0.8356634378433228 25.32444953918457
      vertex -10.442549705505371 1.6428179740905762 26.28545570373535
    endloop
  endfacet
  facet normal -0.8853787183761597 -0.19095396995544434 -0.4238407611846924
    outer loop
      vertex -9.598328590393066 -0.8356634378433228 25.32444953918457
      vertex -10.6658353805542 -2.2387993335723877 28.186567306518555
      vertex -11.48546028137207 -0.036259498447179794 28.906400680541992
    endloop
  endfacet
  facet normal -0.9006866216659546 -0.10039279609918594 -0.42271125316619873
    outer loop
      vertex -10.442549705505371 1.6428179740905762 26.28545570373535
      vertex -11.48546028137207 -0.036259498447179794 28.906400680541992
      vertex -12.11391544342041 2.2198727130889893 29.70964813232422
    endloop
  endfacet
  facet normal -0.8888086080551147 -0.13266132771968842 -0.438657283782959
    outer loop
      vertex -11.48546028137207 -0.036259498447179794 28.906400680541992
      vertex -10.442549705505371 1.6428179740905762 26.28545570373535
      vertex -9.598328590393066 -0.8356634378433228 25.32444953918457
    endloop
  endfacet
  facet normal -0.8638303279876709 0.24858075380325317 -0.43818366527557373
    outer loop
      vertex -9.77614974975586 5.933216094970703 25.85420799255371
      vertex -11.115108489990234 4.037803649902344 27.41855239868164
      vertex -11.39925479888916 6.0781636238098145 29.136207580566406
    endloop
  endfacet
  facet normal -0.9273684024810791 0.040793661028146744 -0.3719189763069153
    outer loop
      vertex -11.115108489990234 4.037803649902344 27.41855239868164
      vertex -12.11391544342041 2.2198727130889893 29.70964813232422
      vertex -12.410202026367188 4.3591532707214355 30.683074951171875
    endloop
  endfacet
  facet normal -0.9132776260375977 0.2427506148815155 -0.32710278034210205
    outer loop
      vertex -11.39925479888916 6.0781636238098145 29.136207580566406
      vertex -12.410202026367188 4.3591532707214355 30.683074951171875
      vertex -12.373952865600586 5.980586051940918 31.78516960144043
    endloop
  endfacet
  facet normal -0.9055521488189697 0.19225122034549713 -0.3781731128692627
    outer loop
      vertex -12.410202026367188 4.3591532707214355 30.683074951171875
      vertex -11.39925479888916 6.0781636238098145 29.136207580566406
      vertex -11.115108489990234 4.037803649902344 27.41855239868164
    endloop
  endfacet
  facet normal -0.9008094668388367 -0.048836104571819305 -0.4314596652984619
    outer loop
      vertex -12.11391544342041 2.2198727130889893 29.70964813232422
      vertex -11.115108489990234 4.037803649902344 27.41855239868164
      vertex -10.442549705505371 1.6428179740905762 26.28545570373535
    endloop
  endfacet
  facet normal -0.830970823764801 0.14338162541389465 -0.5375213027000427
    outer loop
      vertex -11.115108489990234 4.037803649902344 27.41855239868164
      vertex -9.77614974975586 5.933216094970703 25.85420799255371
      vertex -9.10747241973877 3.406458854675293 24.14647674560547
    endloop
  endfacet
  facet normal -0.8375298380851746 -0.027805499732494354 -0.5456836819648743
    outer loop
      vertex -10.442549705505371 1.6428179740905762 26.28545570373535
      vertex -9.10747241973877 3.406458854675293 24.14647674560547
      vertex -8.236467361450195 0.7713717222213745 22.943906784057617
    endloop
  endfacet
  facet normal -0.8515519499778748 0.008870732970535755 -0.5241953730583191
    outer loop
      vertex -9.10747241973877 3.406458854675293 24.14647674560547
      vertex -10.442549705505371 1.6428179740905762 26.28545570373535
      vertex -11.115108489990234 4.037803649902344 27.41855239868164
    endloop
  endfacet
  facet normal -0.8547782301902771 -0.26269668340682983 -0.447598934173584
    outer loop
      vertex -10.6658353805542 -2.2387993335723877 28.186567306518555
      vertex -9.598328590393066 -0.8356634378433228 25.32444953918457
      vertex -8.572227478027344 -3.255763292312622 24.785268783569336
    endloop
  endfacet
  facet normal -0.8299895524978638 -0.1074208989739418 -0.5473372936248779
    outer loop
      vertex -9.598328590393066 -0.8356634378433228 25.32444953918457
      vertex -8.236467361450195 0.7713717222213745 22.943906784057617
      vertex -7.287426471710205 -1.846269130706787 22.018508911132812
    endloop
  endfacet
  facet normal -0.8153929114341736 -0.2660219669342041 -0.5141660571098328
    outer loop
      vertex -8.572227478027344 -3.255763292312622 24.785268783569336
      vertex -7.287426471710205 -1.846269130706787 22.018508911132812
      vertex -6.250843524932861 -4.349576950073242 21.66981315612793
    endloop
  endfacet
  facet normal -0.828683078289032 -0.2385454773902893 -0.5063400864601135
    outer loop
      vertex -7.287426471710205 -1.846269130706787 22.018508911132812
      vertex -8.572227478027344 -3.255763292312622 24.785268783569336
      vertex -9.598328590393066 -0.8356634378433228 25.32444953918457
    endloop
  endfacet
  facet normal -0.7966973781585693 0.021534446626901627 -0.6039946675300598
    outer loop
      vertex -8.236467361450195 0.7713717222213745 22.943906784057617
      vertex -6.654941558837891 2.5117223262786865 20.919849395751953
      vertex -5.758363246917725 -0.2878204584121704 19.637407302856445
    endloop
  endfacet
  facet normal -0.7229808568954468 0.1751711219549179 -0.6682916879653931
    outer loop
      vertex -6.654941558837891 2.5117223262786865 20.919849395751953
      vertex -4.832699298858643 4.371996879577637 19.43609619140625
      vertex -4.02980375289917 1.4018323421478271 17.788963317871094
    endloop
  endfacet
  facet normal -0.7476413249969482 0.03963790088891983 -0.662918746471405
    outer loop
      vertex -5.758363246917725 -0.2878204584121704 19.637407302856445
      vertex -4.02980375289917 1.4018323421478271 17.788963317871094
      vertex -3.138657569885254 -1.6009442806243896 16.604381561279297
    endloop
  endfacet
  facet normal -0.7548803687095642 0.057528745383024216 -0.6533344984054565
    outer loop
      vertex -4.02980375289917 1.4018323421478271 17.788963317871094
      vertex -5.758363246917725 -0.2878204584121704 19.637407302856445
      vertex -6.654941558837891 2.5117223262786865 20.919849395751953
    endloop
  endfacet
  facet normal -0.7906214594841003 -0.26593443751335144 -0.551540195941925
    outer loop
      vertex -6.250843524932861 -4.349576950073242 21.66981315612793
      vertex -4.780355453491211 -3.0553202629089355 18.937850952148438
      vertex -3.788027763366699 -5.659626483917236 18.771080017089844
    endloop
  endfacet
  facet normal -0.7699942588806152 -0.13230115175247192 -0.624183714389801
    outer loop
      vertex -4.780355453491211 -3.0553202629089355 18.937850952148438
      vertex -3.138657569885254 -1.6009442806243896 16.604381561279297
      vertex -2.2070717811584473 -4.4910054206848145 16.0677490234375
    endloop
  endfacet
  facet normal -0.7660378813743591 -0.29032376408576965 -0.573496401309967
    outer loop
      vertex -3.788027763366699 -5.659626483917236 18.771080017089844
      vertex -2.2070717811584473 -4.4910054206848145 16.0677490234375
      vertex -1.2906830310821533 -7.093174457550049 16.161006927490234
    endloop
  endfacet
  facet normal -0.7799849510192871 -0.26077133417129517 -0.5688776969909668
    outer loop
      vertex -2.2070717811584473 -4.4910054206848145 16.0677490234375
      vertex -3.788027763366699 -5.659626483917236 18.771080017089844
      vertex -4.780355453491211 -3.0553202629089355 18.937850952148438
    endloop
  endfacet
  facet normal -0.7761711478233337 -0.11771287024021149 -0.6194369792938232
    outer loop
      vertex -3.138657569885254 -1.6009442806243896 16.604381561279297
      vertex -4.780355453491211 -3.0553202629089355 18.937850952148438
      vertex -5.758363246917725 -0.2878204584121704 19.637407302856445
    endloop
  endfacet
  facet normal -0.7966004014015198 -0.2534123361110687 -0.5488260388374329
    outer loop
      vertex -4.780355453491211 -3.0553202629089355 18.937850952148438
      vertex -6.250843524932861 -4.349576950073242 21.66981315612793
      vertex -7.287426471710205 -1.846269130706787 22.018508911132812
    endloop
  endfacet
  facet normal -0.8105193376541138 -0.08921151608228683 -0.578877866268158
    outer loop
      vertex -5.758363246917725 -0.2878204584121704 19.637407302856445
      vertex -7.287426471710205 -1.846269130706787 22.018508911132812
      vertex -8.236467361450195 0.7713717222213745 22.943906784057617
    endloop
  endfacet
  facet normal -0.7934060096740723 -0.1300734132528305 -0.594632625579834
    outer loop
      vertex -7.287426471710205 -1.846269130706787 22.018508911132812
      vertex -5.758363246917725 -0.2878204584121704 19.637407302856445
      vertex -4.780355453491211 -3.0553202629089355 18.937850952148438
    endloop
  endfacet
  facet normal -0.6290070414543152 -0.7329419851303101 -0.2591257393360138
    outer loop
      vertex -6.189269542694092 -9.883970260620117 29.259685516357422
      vertex -5.944174289703369 -10.938222885131836 31.646709442138672
      vertex -7.32830810546875 -9.755836486816406 31.662181854248047
    endloop
  endfacet
  facet normal -0.6043609380722046 -0.7731201648712158 -0.1924401819705963
    outer loop
      vertex -5.944174289703369 -10.938222885131836 31.646709442138672
      vertex -5.231719493865967 -12.275824546813965 34.78299331665039
      vertex -6.826399803161621 -11.058627128601074 34.90106964111328
    endloop
  endfacet
  facet normal -0.692128598690033 -0.7003727555274963 -0.1744592785835266
    outer loop
      vertex -7.32830810546875 -9.755836486816406 31.662181854248047
      vertex -6.826399803161621 -11.058627128601074 34.90106964111328
      vertex -8.307206153869629 -9.581703186035156 34.8466796875
    endloop
  endfacet
  facet normal -0.6376402378082275 -0.7438170313835144 -0.2003777176141739
    outer loop
      vertex -6.826399803161621 -11.058627128601074 34.90106964111328
      vertex -7.32830810546875 -9.755836486816406 31.662181854248047
      vertex -5.944174289703369 -10.938222885131836 31.646709442138672
    endloop
  endfacet
  facet normal -0.5629140734672546 -0.8099427223205566 -0.16468341648578644
    outer loop
      vertex -5.231719493865967 -12.275824546813965 34.78299331665039
      vertex -4.356443881988525 -13.579648971557617 38.20360565185547
      vertex -6.034127712249756 -12.436564445495605 38.31629943847656
    endloop
  endfacet
  facet normal -0.4621368646621704 -0.8830885291099548 -0.08114315569400787
    outer loop
      vertex -4.356443881988525 -13.579648971557617 38.20360565185547
      vertex -3.180917739868164 -14.506619453430176 41.59690475463867
      vertex -4.9652934074401855 -13.58509635925293 41.73048782348633
    endloop
  endfacet
  facet normal -0.6321830749511719 -0.7723419070243835 -0.06190649792551994
    outer loop
      vertex -6.034127712249756 -12.436564445495605 38.31629943847656
      vertex -4.9652934074401855 -13.58509635925293 41.73048782348633
      vertex -6.540332317352295 -12.298720359802246 41.76587677001953
    endloop
  endfacet
  facet normal -0.5648401975631714 -0.8192675709724426 -0.09877438843250275
    outer loop
      vertex -4.9652934074401855 -13.58509635925293 41.73048782348633
      vertex -6.034127712249756 -12.436564445495605 38.31629943847656
      vertex -4.356443881988525 -13.579648971557617 38.20360565185547
    endloop
  endfacet
  facet normal -0.7351832389831543 -0.6653198599815369 -0.12982754409313202
    outer loop
      vertex -8.307206153869629 -9.581703186035156 34.8466796875
      vertex -7.597163200378418 -11.05537223815918 38.377899169921875
      vertex -9.063222885131836 -9.443458557128906 38.41937255859375
    endloop
  endfacet
  facet normal -0.6903771758079529 -0.7217527031898499 -0.049521565437316895
    outer loop
      vertex -7.597163200378418 -11.05537223815918 38.377899169921875
      vertex -6.540332317352295 -12.298720359802246 41.76587677001953
      vertex -8.031949043273926 -10.904547691345215 42.24102783203125
    endloop
  endfacet
  facet normal -0.7603763937950134 -0.6480850577354431 -0.04258726164698601
    outer loop
      vertex -9.063222885131836 -9.443458557128906 38.41937255859375
      vertex -8.031949043273926 -10.904547691345215 42.24102783203125
      vertex -9.490142822265625 -9.207149505615234 42.44572830200195
    endloop
  endfacet
  facet normal -0.7393103241920471 -0.6709469556808472 -0.05701243504881859
    outer loop
      vertex -8.031949043273926 -10.904547691345215 42.24102783203125
      vertex -9.063222885131836 -9.443458557128906 38.41937255859375
      vertex -7.597163200378418 -11.05537223815918 38.377899169921875
    endloop
  endfacet
  facet normal -0.6621579527854919 -0.746332049369812 -0.06734446436166763
    outer loop
      vertex -6.540332317352295 -12.298720359802246 41.76587677001953
      vertex -7.597163200378418 -11.05537223815918 38.377899169921875
      vertex -6.034127712249756 -12.436564445495605 38.31629943847656
    endloop
  endfacet
  facet normal -0.6949880719184875 -0.7024646401405334 -0.15341131389141083
    outer loop
      vertex -7.597163200378418 -11.05537223815918 38.377899169921875
      vertex -8.307206153869629 -9.581703186035156 34.8466796875
      vertex -6.826399803161621 -11.058627128601074 34.90106964111328
    endloop
  endfacet
  facet normal -0.6056585311889648 -0.7767177820205688 -0.1728791445493698
    outer loop
      vertex -6.034127712249756 -12.436564445495605 38.31629943847656
      vertex -6.826399803161621 -11.058627128601074 34.90106964111328
      vertex -5.231719493865967 -12.275824546813965 34.78299331665039
    endloop
  endfacet
  facet normal -0.658357560634613 -0.7385565042495728 -0.14525707066059113
    outer loop
      vertex -6.826399803161621 -11.058627128601074 34.90106964111328
      vertex -6.034127712249756 -12.436564445495605 38.31629943847656
      vertex -7.597163200378418 -11.05537223815918 38.377899169921875
    endloop
  endfacet
  facet normal -0.3308049738407135 -0.9436039924621582 -0.013399559073150158
    outer loop
      vertex -3.180917739868164 -14.506619453430176 41.59690475463867
      vertex -1.9205557107925415 -14.993840217590332 44.791744232177734
      vertex -3.7643890380859375 -14.349392890930176 44.92951965332031
    endloop
  endfacet
  facet normal -0.25555408000946045 -0.9659971594810486 -0.03926444426178932
    outer loop
      vertex -2.6958913803100586 -14.870633125305176 46.806861877441406
      vertex -1.9205557107925415 -14.993840217590332 44.791744232177734
      vertex -1.7550420761108398 -15.129192352294922 47.044471740722656
    endloop
  endfacet
  facet normal -0.41870036721229553 -0.905916690826416 -0.06328616291284561
    outer loop
      vertex -4.456264972686768 -14.173796653747559 46.993370056152344
      vertex -3.7643890380859375 -14.349392890930176 44.92951965332031
      vertex -3.5687990188598633 -14.594634056091309 47.14603042602539
    endloop
  endfacet
  facet normal -0.333832323551178 -0.9399566650390625 -0.0709749087691307
    outer loop
      vertex -2.6958913803100586 -14.870633125305176 46.806861877441406
      vertex -3.7643890380859375 -14.349392890930176 44.92951965332031
      vertex -1.9205557107925415 -14.993840217590332 44.791744232177734
    endloop
  endfacet
  facet normal -0.10066340118646622 -0.9947744607925415 0.01704687997698784
    outer loop
      vertex -0.8184276819229126 -15.271717071533203 46.73963165283203
      vertex -0.2819910943508148 -15.299412727355957 48.29115295410156
      vertex -1.2473604679107666 -15.201578140258789 48.29971694946289
    endloop
  endfacet
  facet normal -0.4205624461174011 -0.9062255024909973 -0.043388258665800095
    outer loop
      vertex -4.456264972686768 -14.173796653747559 46.993370056152344
      vertex -3.9150166511535645 -14.492961883544922 48.41326904296875
      vertex -4.737098693847656 -14.117326736450195 48.53603744506836
    endloop
  endfacet
  facet normal -0.2548404633998871 -0.9667955636978149 -0.019045868888497353
    outer loop
      vertex -2.6958913803100586 -14.870633125305176 46.806861877441406
      vertex -2.1752054691314697 -15.037423133850098 48.306400299072266
      vertex -3.0598931312561035 -14.804787635803223 48.334922790527344
    endloop
  endfacet
  facet normal -0.8214874267578125 -0.5677667856216431 -0.052909139543771744
    outer loop
      vertex -10.017204284667969 -8.68580436706543 45.034542083740234
      vertex -9.490142822265625 -9.207149505615234 42.44572830200195
      vertex -9.360644340515137 -9.663186073303223 45.32880401611328
    endloop
  endfacet
  facet normal -0.7563884854316711 -0.6517783403396606 -0.055330127477645874
    outer loop
      vertex -8.64538288116455 -10.4992036819458 44.873409271240234
      vertex -8.147637367248535 -11.24722671508789 46.88056564331055
      vertex -8.952271461486816 -10.324731826782227 47.01347351074219
    endloop
  endfacet
  facet normal -0.8360342979431152 -0.5468795895576477 -0.04437796026468277
    outer loop
      vertex -10.017204284667969 -8.68580436706543 45.034542083740234
      vertex -9.659830093383789 -9.39438533782959 47.03398895263672
      vertex -10.270417213439941 -8.463623046875 47.06681823730469
    endloop
  endfacet
  facet normal -0.5808951258659363 -0.8132625222206116 -0.03413344547152519
    outer loop
      vertex -5.949695110321045 -13.324712753295898 47.52579116821289
      vertex -5.483561992645264 -13.707120895385742 48.70421600341797
      vertex -6.167529582977295 -13.230550765991211 48.98947525024414
    endloop
  endfacet
  facet normal -0.7608508467674255 -0.6442092061042786 -0.07810618728399277
    outer loop
      vertex -8.64538288116455 -10.4992036819458 44.873409271240234
      vertex -9.490142822265625 -9.207149505615234 42.44572830200195
      vertex -8.031949043273926 -10.904547691345215 42.24102783203125
    endloop
  endfacet
  facet normal -0.6936811804771423 -0.716260552406311 -0.07600857317447662
    outer loop
      vertex -6.968493938446045 -12.184256553649902 44.594791412353516
      vertex -8.031949043273926 -10.904547691345215 42.24102783203125
      vertex -6.540332317352295 -12.298720359802246 41.76587677001953
    endloop
  endfacet
  facet normal -0.7408580780029297 -0.6680271029472351 -0.06977963447570801
    outer loop
      vertex -8.64538288116455 -10.4992036819458 44.873409271240234
      vertex -8.031949043273926 -10.904547691345215 42.24102783203125
      vertex -7.83052921295166 -11.424910545349121 45.084163665771484
    endloop
  endfacet
  facet normal -0.4937407672405243 -0.8647347092628479 -0.09194619208574295
    outer loop
      vertex -4.456264972686768 -14.173796653747559 46.993370056152344
      vertex -5.55208158493042 -13.358509063720703 45.210174560546875
      vertex -3.7643890380859375 -14.349392890930176 44.92951965332031
    endloop
  endfacet
  facet normal -0.6323172450065613 -0.772659957408905 -0.05631578713655472
    outer loop
      vertex -5.55208158493042 -13.358509063720703 45.210174560546875
      vertex -6.540332317352295 -12.298720359802246 41.76587677001953
      vertex -4.9652934074401855 -13.58509635925293 41.73048782348633
    endloop
  endfacet
  facet normal -0.4608091711997986 -0.8866487145423889 -0.03884764015674591
    outer loop
      vertex -3.7643890380859375 -14.349392890930176 44.92951965332031
      vertex -4.9652934074401855 -13.58509635925293 41.73048782348633
      vertex -3.180917739868164 -14.506619453430176 41.59690475463867
    endloop
  endfacet
  facet normal -0.48768341541290283 -0.8726505041122437 -0.02541474625468254
    outer loop
      vertex -4.9652934074401855 -13.58509635925293 41.73048782348633
      vertex -3.7643890380859375 -14.349392890930176 44.92951965332031
      vertex -5.55208158493042 -13.358509063720703 45.210174560546875
    endloop
  endfacet
  facet normal -0.6207966804504395 -0.7814892530441284 -0.06233804672956467
    outer loop
      vertex -6.540332317352295 -12.298720359802246 41.76587677001953
      vertex -5.55208158493042 -13.358509063720703 45.210174560546875
      vertex -6.968493938446045 -12.184256553649902 44.594791412353516
    endloop
  endfacet
  facet normal -0.554397463798523 -0.8280920386314392 -0.08310938626527786
    outer loop
      vertex -5.949695110321045 -13.324712753295898 47.52579116821289
      vertex -5.55208158493042 -13.358509063720703 45.210174560546875
      vertex -5.232876300811768 -13.796817779541016 47.4481086730957
    endloop
  endfacet
  facet normal -0.6636403203010559 -0.7440710067749023 -0.07707055658102036
    outer loop
      vertex -6.968493938446045 -12.184256553649902 44.594791412353516
      vertex -6.508317470550537 -12.786053657531738 46.44229507446289
      vertex -7.305140972137451 -12.094779968261719 46.62975311279297
    endloop
  endfacet
  facet normal -0.6071665287017822 -0.7875657677650452 -0.10530480742454529
    outer loop
      vertex -6.508317470550537 -12.786053657531738 46.44229507446289
      vertex -6.968493938446045 -12.184256553649902 44.594791412353516
      vertex -5.55208158493042 -13.358509063720703 45.210174560546875
    endloop
  endfacet
  facet normal -0.9806974530220032 -0.19399301707744598 0.02448202110826969
    outer loop
      vertex -12.497821807861328 -2.6889030933380127 45.56643295288086
      vertex -12.853056907653809 -1.1647052764892578 43.414058685302734
      vertex -12.43614673614502 -3.3114330768585205 43.10414123535156
    endloop
  endfacet
  facet normal -0.9461426734924316 -0.32374441623687744 -0.0018889163620769978
    outer loop
      vertex -11.943619728088379 -4.764026165008545 45.363677978515625
      vertex -12.43614673614502 -3.3114330768585205 43.10414123535156
      vertex -11.727242469787598 -5.381618976593018 42.83232116699219
    endloop
  endfacet
  facet normal -0.9757394194602966 -0.21681784093379974 0.030376913025975227
    outer loop
      vertex -12.497821807861328 -2.6889030933380127 45.56643295288086
      vertex -12.43614673614502 -3.3114330768585205 43.10414123535156
      vertex -12.245689392089844 -3.7917773723602295 45.793338775634766
    endloop
  endfacet
  facet normal -0.8947643041610718 -0.4455968737602234 -0.028990384191274643
    outer loop
      vertex -11.109436988830566 -6.775017261505127 45.18149948120117
      vertex -11.727242469787598 -5.381618976593018 42.83232116699219
      vertex -10.737424850463867 -7.354889392852783 42.612579345703125
    endloop
  endfacet
  facet normal -0.8304895162582397 -0.5540584325790405 -0.05750252678990364
    outer loop
      vertex -10.017204284667969 -8.68580436706543 45.034542083740234
      vertex -10.737424850463867 -7.354889392852783 42.612579345703125
      vertex -9.490142822265625 -9.207149505615234 42.44572830200195
    endloop
  endfacet
  facet normal -0.8882514834403992 -0.4586716592311859 -0.025095917284488678
    outer loop
      vertex -11.109436988830566 -6.775017261505127 45.18149948120117
      vertex -10.737424850463867 -7.354889392852783 42.612579345703125
      vertex -10.587350845336914 -7.800961971282959 45.453575134277344
    endloop
  endfacet
  facet normal -0.9390425086021423 -0.3437822759151459 0.0036067746113985777
    outer loop
      vertex -11.943619728088379 -4.764026165008545 45.363677978515625
      vertex -11.727242469787598 -5.381618976593018 42.83232116699219
      vertex -11.549566268920898 -5.837751865386963 45.6146125793457
    endloop
  endfacet
  facet normal -0.9006596207618713 -0.433824360370636 -0.024674078449606895
    outer loop
      vertex -11.109436988830566 -6.775017261505127 45.18149948120117
      vertex -10.8086519241333 -7.509779453277588 47.12089538574219
      vertex -11.284323692321777 -6.525911808013916 47.18544006347656
    endloop
  endfacet
  facet normal -0.9481865763664246 -0.3177046477794647 -0.002454184228554368
    outer loop
      vertex -11.943619728088379 -4.764026165008545 45.363677978515625
      vertex -11.696380615234375 -5.516483306884766 47.25038528442383
      vertex -12.039499282836914 -4.4928693771362305 47.30482482910156
    endloop
  endfacet
  facet normal -0.9905976057052612 -0.12675125896930695 0.05148358643054962
    outer loop
      vertex -12.853056907653809 -1.1647052764892578 43.414058685302734
      vertex -13.27839183807373 0.7487409710884094 39.9410285949707
      vertex -13.015283584594727 -1.4815659523010254 39.51254653930664
    endloop
  endfacet
  facet normal -0.9982929229736328 -0.05261559039354324 -0.02535399980843067
    outer loop
      vertex -13.27839183807373 0.7487409710884094 39.9410285949707
      vertex -13.305806159973145 2.827755928039551 36.70599365234375
      vertex -13.174280166625977 0.5768108367919922 36.19851303100586
    endloop
  endfacet
  facet normal -0.984420657157898 -0.16659186780452728 -0.056242428719997406
    outer loop
      vertex -13.015283584594727 -1.4815659523010254 39.51254653930664
      vertex -13.174280166625977 0.5768108367919922 36.19851303100586
      vertex -12.771718978881836 -1.6226601600646973 35.667320251464844
    endloop
  endfacet
  facet normal -0.9933558106422424 -0.11287296563386917 -0.022448452189564705
    outer loop
      vertex -13.174280166625977 0.5768108367919922 36.19851303100586
      vertex -13.015283584594727 -1.4815659523010254 39.51254653930664
      vertex -13.27839183807373 0.7487409710884094 39.9410285949707
    endloop
  endfacet
  facet normal -0.9970623254776001 0.000951490830630064 -0.076588474214077
    outer loop
      vertex -13.305806159973145 2.827755928039551 36.70599365234375
      vertex -13.081007957458496 4.721396446228027 33.80299758911133
      vertex -13.033227920532227 2.5683698654174805 33.15422821044922
    endloop
  endfacet
  facet normal -0.9581438899040222 0.1752774715423584 -0.22635874152183533
    outer loop
      vertex -13.081007957458496 4.721396446228027 33.80299758911133
      vertex -12.373952865600586 5.980586051940918 31.78516960144043
      vertex -12.410202026367188 4.3591532707214355 30.683074951171875
    endloop
  endfacet
  facet normal -0.9664719104766846 -0.017281709238886833 -0.25619006156921387
    outer loop
      vertex -13.033227920532227 2.5683698654174805 33.15422821044922
      vertex -12.410202026367188 4.3591532707214355 30.683074951171875
      vertex -12.11391544342041 2.2198727130889893 29.70964813232422
    endloop
  endfacet
  facet normal -0.9757112264633179 0.04306806996464729 -0.21478542685508728
    outer loop
      vertex -12.410202026367188 4.3591532707214355 30.683074951171875
      vertex -13.033227920532227 2.5683698654174805 33.15422821044922
      vertex -13.081007957458496 4.721396446228027 33.80299758911133
    endloop
  endfacet
  facet normal -0.9635680913925171 -0.21182765066623688 -0.16329587996006012
    outer loop
      vertex -12.771718978881836 -1.6226601600646973 35.667320251464844
      vertex -12.672355651855469 0.3527292311191559 32.518524169921875
      vertex -12.081578254699707 -1.820730209350586 31.851909637451172
    endloop
  endfacet
  facet normal -0.9429627060890198 -0.15842679142951965 -0.2927839756011963
    outer loop
      vertex -12.672355651855469 0.3527292311191559 32.518524169921875
      vertex -12.11391544342041 2.2198727130889893 29.70964813232422
      vertex -11.48546028137207 -0.036259498447179794 28.906400680541992
    endloop
  endfacet
  facet normal -0.915633499622345 -0.23386535048484802 -0.3269898295402527
    outer loop
      vertex -12.081578254699707 -1.820730209350586 31.851909637451172
      vertex -11.48546028137207 -0.036259498447179794 28.906400680541992
      vertex -10.6658353805542 -2.2387993335723877 28.186567306518555
    endloop
  endfacet
  facet normal -0.9419304728507996 -0.16660553216934204 -0.291564017534256
    outer loop
      vertex -11.48546028137207 -0.036259498447179794 28.906400680541992
      vertex -12.081578254699707 -1.820730209350586 31.851909637451172
      vertex -12.672355651855469 0.3527292311191559 32.518524169921875
    endloop
  endfacet
  facet normal -0.9647508263587952 -0.08574775606393814 -0.24880379438400269
    outer loop
      vertex -12.11391544342041 2.2198727130889893 29.70964813232422
      vertex -12.672355651855469 0.3527292311191559 32.518524169921875
      vertex -13.033227920532227 2.5683698654174805 33.15422821044922
    endloop
  endfacet
  facet normal -0.9808814525604248 -0.1494140475988388 -0.12468720227479935
    outer loop
      vertex -12.672355651855469 0.3527292311191559 32.518524169921875
      vertex -12.771718978881836 -1.6226601600646973 35.667320251464844
      vertex -13.174280166625977 0.5768108367919922 36.19851303100586
    endloop
  endfacet
  facet normal -0.9964297413825989 -0.041668470948934555 -0.07342737913131714
    outer loop
      vertex -13.033227920532227 2.5683698654174805 33.15422821044922
      vertex -13.174280166625977 0.5768108367919922 36.19851303100586
      vertex -13.305806159973145 2.827755928039551 36.70599365234375
    endloop
  endfacet
  facet normal -0.9841684103012085 -0.12394799292087555 -0.1266862004995346
    outer loop
      vertex -13.174280166625977 0.5768108367919922 36.19851303100586
      vertex -13.033227920532227 2.5683698654174805 33.15422821044922
      vertex -12.672355651855469 0.3527292311191559 32.518524169921875
    endloop
  endfacet
  facet normal -0.8008891940116882 -0.5967299938201904 -0.0498969666659832
    outer loop
      vertex -9.490142822265625 -9.207149505615234 42.44572830200195
      vertex -10.416107177734375 -7.6346940994262695 38.50287628173828
      vertex -9.063222885131836 -9.443458557128906 38.41937255859375
    endloop
  endfacet
  facet normal -0.8287973999977112 -0.5446216464042664 -0.12838254868984222
    outer loop
      vertex -10.416107177734375 -7.6346940994262695 38.50287628173828
      vertex -11.027626991271973 -5.84345817565918 34.85191345214844
      vertex -9.719374656677246 -7.816930294036865 34.77806854248047
    endloop
  endfacet
  facet normal -0.7705713510513306 -0.6220137476921082 -0.13899174332618713
    outer loop
      vertex -9.063222885131836 -9.443458557128906 38.41937255859375
      vertex -9.719374656677246 -7.816930294036865 34.77806854248047
      vertex -8.307206153869629 -9.581703186035156 34.8466796875
    endloop
  endfacet
  facet normal -0.7976250052452087 -0.5910390019416809 -0.12028072774410248
    outer loop
      vertex -9.719374656677246 -7.816930294036865 34.77806854248047
      vertex -9.063222885131836 -9.443458557128906 38.41937255859375
      vertex -10.416107177734375 -7.6346940994262695 38.50287628173828
    endloop
  endfacet
  facet normal -0.8562961220741272 -0.4665299952030182 -0.22160005569458008
    outer loop
      vertex -11.027626991271973 -5.84345817565918 34.85191345214844
      vertex -11.13352108001709 -4.004878520965576 31.390380859375
      vertex -9.928108215332031 -6.155823230743408 31.260822296142578
    endloop
  endfacet
  facet normal -0.8560316562652588 -0.38960710167884827 -0.3397297263145447
    outer loop
      vertex -11.13352108001709 -4.004878520965576 31.390380859375
      vertex -10.6658353805542 -2.2387993335723877 28.186567306518555
      vertex -9.454641342163086 -4.681644916534424 27.936161041259766
    endloop
  endfacet
  facet normal -0.8162174224853516 -0.4760708808898926 -0.32733115553855896
    outer loop
      vertex -9.928108215332031 -6.155823230743408 31.260822296142578
      vertex -9.454641342163086 -4.681644916534424 27.936161041259766
      vertex -8.247830390930176 -6.842777252197266 28.070068359375
    endloop
  endfacet
  facet normal -0.8351216316223145 -0.4488596022129059 -0.31795763969421387
    outer loop
      vertex -9.454641342163086 -4.681644916534424 27.936161041259766
      vertex -9.928108215332031 -6.155823230743408 31.260822296142578
      vertex -11.13352108001709 -4.004878520965576 31.390380859375
    endloop
  endfacet
  facet normal -0.7366722226142883 -0.6487236022949219 -0.19097599387168884
    outer loop
      vertex -8.307206153869629 -9.581703186035156 34.8466796875
      vertex -8.660796165466309 -8.157951354980469 31.374298095703125
      vertex -7.32830810546875 -9.755836486816406 31.662181854248047
    endloop
  endfacet
  facet normal -0.760670006275177 -0.5648447871208191 -0.3198930025100708
    outer loop
      vertex -8.660796165466309 -8.157951354980469 31.374298095703125
      vertex -8.247830390930176 -6.842777252197266 28.070068359375
      vertex -7.11470890045166 -8.654512405395508 28.57466697692871
    endloop
  endfacet
  facet normal -0.6815453767776489 -0.6730494499206543 -0.2872287631034851
    outer loop
      vertex -7.32830810546875 -9.755836486816406 31.662181854248047
      vertex -7.11470890045166 -8.654512405395508 28.57466697692871
      vertex -6.189269542694092 -9.883970260620117 29.259685516357422
    endloop
  endfacet
  facet normal -0.7121738791465759 -0.6441609263420105 -0.2790430784225464
    outer loop
      vertex -7.11470890045166 -8.654512405395508 28.57466697692871
      vertex -7.32830810546875 -9.755836486816406 31.662181854248047
      vertex -8.660796165466309 -8.157951354980469 31.374298095703125
    endloop
  endfacet
  facet normal -0.79618239402771 -0.521371066570282 -0.3070276379585266
    outer loop
      vertex -8.247830390930176 -6.842777252197266 28.070068359375
      vertex -8.660796165466309 -8.157951354980469 31.374298095703125
      vertex -9.928108215332031 -6.155823230743408 31.260822296142578
    endloop
  endfacet
  facet normal -0.7652621865272522 -0.6192026138305664 -0.17596043646335602
    outer loop
      vertex -8.660796165466309 -8.157951354980469 31.374298095703125
      vertex -8.307206153869629 -9.581703186035156 34.8466796875
      vertex -9.719374656677246 -7.816930294036865 34.77806854248047
    endloop
  endfacet
  facet normal -0.8194124698638916 -0.535559356212616 -0.2043026238679886
    outer loop
      vertex -9.928108215332031 -6.155823230743408 31.260822296142578
      vertex -9.719374656677246 -7.816930294036865 34.77806854248047
      vertex -11.027626991271973 -5.84345817565918 34.85191345214844
    endloop
  endfacet
  facet normal -0.8222357630729675 -0.5319336652755737 -0.20242273807525635
    outer loop
      vertex -9.719374656677246 -7.816930294036865 34.77806854248047
      vertex -9.928108215332031 -6.155823230743408 31.260822296142578
      vertex -8.660796165466309 -8.157951354980469 31.374298095703125
    endloop
  endfacet
  facet normal -0.8946083188056946 -0.32308679819107056 -0.30869224667549133
    outer loop
      vertex -10.6658353805542 -2.2387993335723877 28.186567306518555
      vertex -11.13352108001709 -4.004878520965576 31.390380859375
      vertex -12.081578254699707 -1.820730209350586 31.851909637451172
    endloop
  endfacet
  facet normal -0.8890807628631592 -0.41497451066970825 -0.19321364164352417
    outer loop
      vertex -11.13352108001709 -4.004878520965576 31.390380859375
      vertex -11.027626991271973 -5.84345817565918 34.85191345214844
      vertex -12.069910049438477 -3.758589029312134 35.17024612426758
    endloop
  endfacet
  facet normal -0.9484796524047852 -0.2750415503978729 -0.15728500485420227
    outer loop
      vertex -12.081578254699707 -1.820730209350586 31.851909637451172
      vertex -12.069910049438477 -3.758589029312134 35.17024612426758
      vertex -12.771718978881836 -1.6226601600646973 35.667320251464844
    endloop
  endfacet
  facet normal -0.9131317138671875 -0.35342222452163696 -0.20318245887756348
    outer loop
      vertex -12.069910049438477 -3.758589029312134 35.17024612426758
      vertex -12.081578254699707 -1.820730209350586 31.851909637451172
      vertex -11.13352108001709 -4.004878520965576 31.390380859375
    endloop
  endfacet
  facet normal -0.8594737648963928 -0.500938355922699 -0.10181247442960739
    outer loop
      vertex -11.027626991271973 -5.84345817565918 34.85191345214844
      vertex -10.416107177734375 -7.6346940994262695 38.50287628173828
      vertex -11.580005645751953 -5.681558132171631 38.71836471557617
    endloop
  endfacet
  facet normal -0.830292820930481 -0.556672215461731 -0.02701612561941147
    outer loop
      vertex -10.416107177734375 -7.6346940994262695 38.50287628173828
      vertex -9.490142822265625 -9.207149505615234 42.44572830200195
      vertex -10.737424850463867 -7.354889392852783 42.612579345703125
    endloop
  endfacet
  facet normal -0.8938181400299072 -0.44842904806137085 0.0007045433740131557
    outer loop
      vertex -11.580005645751953 -5.681558132171631 38.71836471557617
      vertex -10.737424850463867 -7.354889392852783 42.612579345703125
      vertex -11.727242469787598 -5.381618976593018 42.83232116699219
    endloop
  endfacet
  facet normal -0.8601590394973755 -0.5089830756187439 -0.03259808570146561
    outer loop
      vertex -10.737424850463867 -7.354889392852783 42.612579345703125
      vertex -11.580005645751953 -5.681558132171631 38.71836471557617
      vertex -10.416107177734375 -7.6346940994262695 38.50287628173828
    endloop
  endfacet
  facet normal -0.9685832262039185 -0.24309960007667542 -0.052431926131248474
    outer loop
      vertex -12.771718978881836 -1.6226601600646973 35.667320251464844
      vertex -12.454025268554688 -3.6251630783081055 39.08308029174805
      vertex -13.015283584594727 -1.4815659523010254 39.51254653930664
    endloop
  endfacet
  facet normal -0.9444468021392822 -0.3273162245750427 0.029736991971731186
    outer loop
      vertex -12.454025268554688 -3.6251630783081055 39.08308029174805
      vertex -11.727242469787598 -5.381618976593018 42.83232116699219
      vertex -12.43614673614502 -3.3114330768585205 43.10414123535156
    endloop
  endfacet
  facet normal -0.9785088896751404 -0.19823163747787476 0.05678620561957359
    outer loop
      vertex -13.015283584594727 -1.4815659523010254 39.51254653930664
      vertex -12.43614673614502 -3.3114330768585205 43.10414123535156
      vertex -12.853056907653809 -1.1647052764892578 43.414058685302734
    endloop
  endfacet
  facet normal -0.9658927321434021 -0.25778988003730774 0.02440778911113739
    outer loop
      vertex -12.43614673614502 -3.3114330768585205 43.10414123535156
      vertex -13.015283584594727 -1.4815659523010254 39.51254653930664
      vertex -12.454025268554688 -3.6251630783081055 39.08308029174805
    endloop
  endfacet
  facet normal -0.920599102973938 -0.39048346877098083 -0.004478611517697573
    outer loop
      vertex -11.727242469787598 -5.381618976593018 42.83232116699219
      vertex -12.454025268554688 -3.6251630783081055 39.08308029174805
      vertex -11.580005645751953 -5.681558132171631 38.71836471557617
    endloop
  endfacet
  facet normal -0.9523141384124756 -0.29347750544548035 -0.08347934484481812
    outer loop
      vertex -12.454025268554688 -3.6251630783081055 39.08308029174805
      vertex -12.771718978881836 -1.6226601600646973 35.667320251464844
      vertex -12.069910049438477 -3.758589029312134 35.17024612426758
    endloop
  endfacet
  facet normal -0.895645022392273 -0.43097561597824097 -0.10990962386131287
    outer loop
      vertex -11.580005645751953 -5.681558132171631 38.71836471557617
      vertex -12.069910049438477 -3.758589029312134 35.17024612426758
      vertex -11.027626991271973 -5.84345817565918 34.85191345214844
    endloop
  endfacet
  facet normal -0.9224274158477783 -0.37828242778778076 -0.07765360921621323
    outer loop
      vertex -12.069910049438477 -3.758589029312134 35.17024612426758
      vertex -11.580005645751953 -5.681558132171631 38.71836471557617
      vertex -12.454025268554688 -3.6251630783081055 39.08308029174805
    endloop
  endfacet
  facet normal -0.32000255584716797 0.462196409702301 -0.8270264863967896
    outer loop
      vertex 4.504926681518555 -0.9825209975242615 10.363975524902344
      vertex 2.769792079925537 0.3504449725151062 11.780302047729492
      vertex 4.344236373901367 1.640528917312622 11.892083168029785
    endloop
  endfacet
  facet normal -0.4478709101676941 0.4334251880645752 -0.782019317150116
    outer loop
      vertex 2.769792079925537 0.3504449725151062 11.780302047729492
      vertex 0.4192080497741699 1.8024537563323975 13.931265830993652
      vertex 2.247863531112671 3.269050359725952 13.696819305419922
    endloop
  endfacet
  facet normal -0.24981723725795746 0.5565319061279297 -0.7923784852027893
    outer loop
      vertex 4.344236373901367 1.640528917312622 11.892083168029785
      vertex 2.247863531112671 3.269050359725952 13.696819305419922
      vertex 4.0736775398254395 4.56394624710083 14.03066349029541
    endloop
  endfacet
  facet normal -0.33186548948287964 0.47560247778892517 -0.814657986164093
    outer loop
      vertex 2.247863531112671 3.269050359725952 13.696819305419922
      vertex 4.344236373901367 1.640528917312622 11.892083168029785
      vertex 2.769792079925537 0.3504449725151062 11.780302047729492
    endloop
  endfacet
  facet normal -0.5154181718826294 0.41398870944976807 -0.7503050565719604
    outer loop
      vertex 0.4192080497741699 1.8024537563323975 13.931265830993652
      vertex -2.1648080348968506 3.2024757862091064 16.478818893432617
      vertex -0.20811891555786133 4.7897539138793945 16.010478973388672
    endloop
  endfacet
  facet normal -0.5986198782920837 0.3956416845321655 -0.696506917476654
    outer loop
      vertex -2.1648080348968506 3.2024757862091064 16.478818893432617
      vertex -4.832699298858643 4.371996879577637 19.43609619140625
      vertex -2.8321075439453125 6.121616363525391 18.71051597595215
    endloop
  endfacet
  facet normal -0.4342223107814789 0.5656890273094177 -0.7010327577590942
    outer loop
      vertex -0.20811891555786133 4.7897539138793945 16.010478973388672
      vertex -2.8321075439453125 6.121616363525391 18.71051597595215
      vertex -0.7515172958374023 7.578829765319824 18.59766960144043
    endloop
  endfacet
  facet normal -0.5282163619995117 0.4361979067325592 -0.7285045981407166
    outer loop
      vertex -2.8321075439453125 6.121616363525391 18.71051597595215
      vertex -0.20811891555786133 4.7897539138793945 16.010478973388672
      vertex -2.1648080348968506 3.2024757862091064 16.478818893432617
    endloop
  endfacet
  facet normal -0.16666428744792938 0.6888514161109924 -0.7054833173751831
    outer loop
      vertex 4.0736775398254395 4.56394624710083 14.03066349029541
      vertex 1.7724964618682861 6.13777494430542 16.11102294921875
      vertex 3.6905064582824707 7.316173076629639 16.80852699279785
    endloop
  endfacet
  facet normal -0.23898673057556152 0.7150454521179199 -0.6569591760635376
    outer loop
      vertex 1.7724964618682861 6.13777494430542 16.11102294921875
      vertex -0.7515172958374023 7.578829765319824 18.59766960144043
      vertex 1.2983298301696777 8.7227201461792 19.09701156616211
    endloop
  endfacet
  facet normal -0.09716436266899109 0.7993981838226318 -0.592892587184906
    outer loop
      vertex 3.6905064582824707 7.316173076629639 16.80852699279785
      vertex 1.2983298301696777 8.7227201461792 19.09701156616211
      vertex 3.209054708480835 9.701415061950684 20.10345458984375
    endloop
  endfacet
  facet normal -0.20495156943798065 0.7236654758453369 -0.6590168476104736
    outer loop
      vertex 1.2983298301696777 8.7227201461792 19.09701156616211
      vertex 3.6905064582824707 7.316173076629639 16.80852699279785
      vertex 1.7724964618682861 6.13777494430542 16.11102294921875
    endloop
  endfacet
  facet normal -0.36727941036224365 0.5930758118629456 -0.7164962291717529
    outer loop
      vertex -0.7515172958374023 7.578829765319824 18.59766960144043
      vertex 1.7724964618682861 6.13777494430542 16.11102294921875
      vertex -0.20811891555786133 4.7897539138793945 16.010478973388672
    endloop
  endfacet
  facet normal -0.28037160634994507 0.5904446244239807 -0.7568137049674988
    outer loop
      vertex 1.7724964618682861 6.13777494430542 16.11102294921875
      vertex 4.0736775398254395 4.56394624710083 14.03066349029541
      vertex 2.247863531112671 3.269050359725952 13.696819305419922
    endloop
  endfacet
  facet normal -0.45418742299079895 0.44272419810295105 -0.7731165289878845
    outer loop
      vertex -0.20811891555786133 4.7897539138793945 16.010478973388672
      vertex 2.247863531112671 3.269050359725952 13.696819305419922
      vertex 0.4192080497741699 1.8024537563323975 13.931265830993652
    endloop
  endfacet
  facet normal -0.34930965304374695 0.56877201795578 -0.7446349859237671
    outer loop
      vertex 2.247863531112671 3.269050359725952 13.696819305419922
      vertex -0.20811891555786133 4.7897539138793945 16.010478973388672
      vertex 1.7724964618682861 6.13777494430542 16.11102294921875
    endloop
  endfacet
  facet normal -0.6549366116523743 0.3790488839149475 -0.6537431478500366
    outer loop
      vertex -4.832699298858643 4.371996879577637 19.43609619140625
      vertex -7.451227188110352 5.299684524536133 22.5972900390625
      vertex -5.533946990966797 7.164854049682617 21.757959365844727
    endloop
  endfacet
  facet normal -0.7197660207748413 0.3719688653945923 -0.5861536860466003
    outer loop
      vertex -7.451227188110352 5.299684524536133 22.5972900390625
      vertex -9.77614974975586 5.933216094970703 25.85420799255371
      vertex -8.09618854522705 7.826177597045898 24.992563247680664
    endloop
  endfacet
  facet normal -0.5941623449325562 0.5533229112625122 -0.5837848782539368
    outer loop
      vertex -5.533946990966797 7.164854049682617 21.757959365844727
      vertex -8.09618854522705 7.826177597045898 24.992563247680664
      vertex -6.111021041870117 9.574520111083984 24.629220962524414
    endloop
  endfacet
  facet normal -0.6710714101791382 0.412643700838089 -0.615945041179657
    outer loop
      vertex -8.09618854522705 7.826177597045898 24.992563247680664
      vertex -5.533946990966797 7.164854049682617 21.757959365844727
      vertex -7.451227188110352 5.299684524536133 22.5972900390625
    endloop
  endfacet
  facet normal -0.82475745677948 0.3737255334854126 -0.42438721656799316
    outer loop
      vertex -9.77614974975586 5.933216094970703 25.85420799255371
      vertex -11.39925479888916 6.0781636238098145 29.136207580566406
      vertex -10.146981239318848 7.95117712020874 28.35194969177246
    endloop
  endfacet
  facet normal -0.8680323958396912 0.391812264919281 -0.30496373772621155
    outer loop
      vertex -11.39925479888916 6.0781636238098145 29.136207580566406
      vertex -12.373952865600586 5.980586051940918 31.78516960144043
      vertex -11.564051628112793 7.5672688484191895 31.51845359802246
    endloop
  endfacet
  facet normal -0.8054016828536987 0.5121752619743347 -0.2983362078666687
    outer loop
      vertex -10.146981239318848 7.95117712020874 28.35194969177246
      vertex -11.564051628112793 7.5672688484191895 31.51845359802246
      vertex -10.326432228088379 9.457719802856445 31.422794342041016
    endloop
  endfacet
  facet normal -0.8433405160903931 0.4275228977203369 -0.3255777955055237
    outer loop
      vertex -11.564051628112793 7.5672688484191895 31.51845359802246
      vertex -10.146981239318848 7.95117712020874 28.35194969177246
      vertex -11.39925479888916 6.0781636238098145 29.136207580566406
    endloop
  endfacet
  facet normal -0.5128936171531677 0.7456958889961243 -0.425297349691391
    outer loop
      vertex -6.111021041870117 9.574520111083984 24.629220962524414
      vertex -8.525830268859863 9.839851379394531 28.006614685058594
      vertex -6.448733329772949 11.326310157775879 28.107994079589844
    endloop
  endfacet
  facet normal -0.6493132710456848 0.7138223052024841 -0.2623927593231201
    outer loop
      vertex -8.525830268859863 9.839851379394531 28.006614685058594
      vertex -10.326432228088379 9.457719802856445 31.422794342041016
      vertex -8.55851936340332 11.127772331237793 31.591211318969727
    endloop
  endfacet
  facet normal -0.4599495530128479 0.8577196002006531 -0.22970294952392578
    outer loop
      vertex -6.448733329772949 11.326310157775879 28.107994079589844
      vertex -8.55851936340332 11.127772331237793 31.591211318969727
      vertex -6.407291412353516 12.378039360046387 31.95220947265625
    endloop
  endfacet
  facet normal -0.5481345057487488 0.7855231165885925 -0.2872316837310791
    outer loop
      vertex -8.55851936340332 11.127772331237793 31.591211318969727
      vertex -6.448733329772949 11.326310157775879 28.107994079589844
      vertex -8.525830268859863 9.839851379394531 28.006614685058594
    endloop
  endfacet
  facet normal -0.7456105351448059 0.5800029635429382 -0.32811811566352844
    outer loop
      vertex -10.326432228088379 9.457719802856445 31.422794342041016
      vertex -8.525830268859863 9.839851379394531 28.006614685058594
      vertex -10.146981239318848 7.95117712020874 28.35194969177246
    endloop
  endfacet
  facet normal -0.6239061951637268 0.6058211922645569 -0.4936818480491638
    outer loop
      vertex -8.525830268859863 9.839851379394531 28.006614685058594
      vertex -6.111021041870117 9.574520111083984 24.629220962524414
      vertex -8.09618854522705 7.826177597045898 24.992563247680664
    endloop
  endfacet
  facet normal -0.7538338303565979 0.45188620686531067 -0.4770045578479767
    outer loop
      vertex -10.146981239318848 7.95117712020874 28.35194969177246
      vertex -8.09618854522705 7.826177597045898 24.992563247680664
      vertex -9.77614974975586 5.933216094970703 25.85420799255371
    endloop
  endfacet
  facet normal -0.7147918939590454 0.530151903629303 -0.45608294010162354
    outer loop
      vertex -8.09618854522705 7.826177597045898 24.992563247680664
      vertex -10.146981239318848 7.95117712020874 28.35194969177246
      vertex -8.525830268859863 9.839851379394531 28.006614685058594
    endloop
  endfacet
  facet normal -0.05056297034025192 0.8828186988830566 -0.4669843912124634
    outer loop
      vertex 3.209054708480835 9.701415061950684 20.10345458984375
      vertex 0.8134593963623047 10.85222053527832 22.53839874267578
      vertex 2.639894962310791 11.59779167175293 23.750118255615234
    endloop
  endfacet
  facet normal -0.10506804287433624 0.9117182493209839 -0.3971532881259918
    outer loop
      vertex 0.8134593963623047 10.85222053527832 22.53839874267578
      vertex -1.6752299070358276 11.784420013427734 25.336776733398438
      vertex 0.32549041509628296 12.424437522888184 26.27672576904297
    endloop
  endfacet
  facet normal 0.018707435578107834 0.9551963210105896 -0.29538121819496155
    outer loop
      vertex 2.639894962310791 11.59779167175293 23.750118255615234
      vertex 0.32549041509628296 12.424437522888184 26.27672576904297
      vertex 2.0044174194335938 12.800307273864746 27.598535537719727
    endloop
  endfacet
  facet normal -0.10834266245365143 0.9112368226051331 -0.39737826585769653
    outer loop
      vertex 0.32549041509628296 12.424437522888184 26.27672576904297
      vertex 2.639894962310791 11.59779167175293 23.750118255615234
      vertex 0.8134593963623047 10.85222053527832 22.53839874267578
    endloop
  endfacet
  facet normal -0.20099319517612457 0.9260154366493225 -0.31952643394470215
    outer loop
      vertex -1.6752299070358276 11.784420013427734 25.336776733398438
      vertex -4.157031536102295 12.341346740722656 28.511938095092773
      vertex -1.9607090950012207 13.043562889099121 29.16545867919922
    endloop
  endfacet
  facet normal -0.2960734963417053 0.9332107901573181 -0.20361310243606567
    outer loop
      vertex -4.157031536102295 12.341346740722656 28.511938095092773
      vertex -6.407291412353516 12.378039360046387 31.95220947265625
      vertex -4.133188724517822 13.20739459991455 32.44658660888672
    endloop
  endfacet
  facet normal -0.19033487141132355 0.9661288261413574 -0.1742636114358902
    outer loop
      vertex -1.9607090950012207 13.043562889099121 29.16545867919922
      vertex -4.133188724517822 13.20739459991455 32.44658660888672
      vertex -2.007861375808716 13.730693817138672 33.026458740234375
    endloop
  endfacet
  facet normal -0.2414536476135254 0.948032557964325 -0.20720647275447845
    outer loop
      vertex -4.133188724517822 13.20739459991455 32.44658660888672
      vertex -1.9607090950012207 13.043562889099121 29.16545867919922
      vertex -4.157031536102295 12.341346740722656 28.511938095092773
    endloop
  endfacet
  facet normal 0.07679963111877441 0.9843083024024963 -0.15886777639389038
    outer loop
      vertex 2.0044174194335938 12.800307273864746 27.598535537719727
      vertex -0.0575249008834362 13.36398983001709 30.094202041625977
      vertex 1.429599404335022 13.443282127380371 31.30438232421875
    endloop
  endfacet
  facet normal -0.012419173493981361 0.9911437630653381 -0.13221146166324615
    outer loop
      vertex -0.0575249008834362 13.36398983001709 30.094202041625977
      vertex -2.007861375808716 13.730693817138672 33.026458740234375
      vertex -0.22654756903648376 13.841399192810059 33.68905258178711
    endloop
  endfacet
  facet normal 0.13103437423706055 0.9886089563369751 -0.07404374331235886
    outer loop
      vertex 1.429599404335022 13.443282127380371 31.30438232421875
      vertex -0.22654756903648376 13.841399192810059 33.68905258178711
      vertex 1.0364710092544556 13.720773696899414 34.31364822387695
    endloop
  endfacet
  facet normal 0.05222140997648239 0.990261435508728 -0.12905502319335938
    outer loop
      vertex -0.22654756903648376 13.841399192810059 33.68905258178711
      vertex 1.429599404335022 13.443282127380371 31.30438232421875
      vertex -0.0575249008834362 13.36398983001709 30.094202041625977
    endloop
  endfacet
  facet normal -0.07951394468545914 0.981245219707489 -0.17560039460659027
    outer loop
      vertex -2.007861375808716 13.730693817138672 33.026458740234375
      vertex -0.0575249008834362 13.36398983001709 30.094202041625977
      vertex -1.9607090950012207 13.043562889099121 29.16545867919922
    endloop
  endfacet
  facet normal -0.027066873386502266 0.9700334668159485 -0.24145907163619995
    outer loop
      vertex -0.0575249008834362 13.36398983001709 30.094202041625977
      vertex 2.0044174194335938 12.800307273864746 27.598535537719727
      vertex 0.32549041509628296 12.424437522888184 26.27672576904297
    endloop
  endfacet
  facet normal -0.14954830706119537 0.9359014630317688 -0.31894177198410034
    outer loop
      vertex -1.9607090950012207 13.043562889099121 29.16545867919922
      vertex 0.32549041509628296 12.424437522888184 26.27672576904297
      vertex -1.6752299070358276 11.784420013427734 25.336776733398438
    endloop
  endfacet
  facet normal -0.04458075761795044 0.9690102934837341 -0.24296443164348602
    outer loop
      vertex 0.32549041509628296 12.424437522888184 26.27672576904297
      vertex -1.9607090950012207 13.043562889099121 29.16545867919922
      vertex -0.0575249008834362 13.36398983001709 30.094202041625977
    endloop
  endfacet
  facet normal -0.35671937465667725 0.9020683169364929 -0.24294902384281158
    outer loop
      vertex -6.407291412353516 12.378039360046387 31.95220947265625
      vertex -4.157031536102295 12.341346740722656 28.511938095092773
      vertex -6.448733329772949 11.326310157775879 28.107994079589844
    endloop
  endfacet
  facet normal -0.2630256116390228 0.8941304683685303 -0.36242014169692993
    outer loop
      vertex -4.157031536102295 12.341346740722656 28.511938095092773
      vertex -1.6752299070358276 11.784420013427734 25.336776733398438
      vertex -3.8942222595214844 10.899928092956543 24.765066146850586
    endloop
  endfacet
  facet normal -0.4415875971317291 0.7833998203277588 -0.43736153841018677
    outer loop
      vertex -6.448733329772949 11.326310157775879 28.107994079589844
      vertex -3.8942222595214844 10.899928092956543 24.765066146850586
      vertex -6.111021041870117 9.574520111083984 24.629220962524414
    endloop
  endfacet
  facet normal -0.3242332935333252 0.8750556111335754 -0.3593752384185791
    outer loop
      vertex -3.8942222595214844 10.899928092956543 24.765066146850586
      vertex -6.448733329772949 11.326310157775879 28.107994079589844
      vertex -4.157031536102295 12.341346740722656 28.511938095092773
    endloop
  endfacet
  facet normal -0.19769524037837982 0.8637371063232422 -0.46354612708091736
    outer loop
      vertex -1.6752299070358276 11.784420013427734 25.336776733398438
      vertex 0.8134593963623047 10.85222053527832 22.53839874267578
      vertex -1.244105339050293 9.961840629577637 21.756851196289062
    endloop
  endfacet
  facet normal -0.14431297779083252 0.8322346806526184 -0.5353123545646667
    outer loop
      vertex 0.8134593963623047 10.85222053527832 22.53839874267578
      vertex 3.209054708480835 9.701415061950684 20.10345458984375
      vertex 1.2983298301696777 8.7227201461792 19.09701156616211
    endloop
  endfacet
  facet normal -0.2697443962097168 0.7480631470680237 -0.6063327789306641
    outer loop
      vertex -1.244105339050293 9.961840629577637 21.756851196289062
      vertex 1.2983298301696777 8.7227201461792 19.09701156616211
      vertex -0.7515172958374023 7.578829765319824 18.59766960144043
    endloop
  endfacet
  facet normal -0.15575243532657623 0.8300157189369202 -0.535551130771637
    outer loop
      vertex 1.2983298301696777 8.7227201461792 19.09701156616211
      vertex -1.244105339050293 9.961840629577637 21.756851196289062
      vertex 0.8134593963623047 10.85222053527832 22.53839874267578
    endloop
  endfacet
  facet normal -0.5422582626342773 0.5867458581924438 -0.6014028191566467
    outer loop
      vertex -6.111021041870117 9.574520111083984 24.629220962524414
      vertex -3.4139366149902344 8.798994064331055 21.440753936767578
      vertex -5.533946990966797 7.164854049682617 21.757959365844727
    endloop
  endfacet
  facet normal -0.4486224353313446 0.5884467363357544 -0.6726577281951904
    outer loop
      vertex -3.4139366149902344 8.798994064331055 21.440753936767578
      vertex -0.7515172958374023 7.578829765319824 18.59766960144043
      vertex -2.8321075439453125 6.121616363525391 18.71051597595215
    endloop
  endfacet
  facet normal -0.6070119738578796 0.4123585522174835 -0.6793355941772461
    outer loop
      vertex -5.533946990966797 7.164854049682617 21.757959365844727
      vertex -2.8321075439453125 6.121616363525391 18.71051597595215
      vertex -4.832699298858643 4.371996879577637 19.43609619140625
    endloop
  endfacet
  facet normal -0.521977961063385 0.5507463812828064 -0.6513197422027588
    outer loop
      vertex -2.8321075439453125 6.121616363525391 18.71051597595215
      vertex -5.533946990966797 7.164854049682617 21.757959365844727
      vertex -3.4139366149902344 8.798994064331055 21.440753936767578
    endloop
  endfacet
  facet normal -0.3067035973072052 0.7362655401229858 -0.6031965017318726
    outer loop
      vertex -0.7515172958374023 7.578829765319824 18.59766960144043
      vertex -3.4139366149902344 8.798994064331055 21.440753936767578
      vertex -1.244105339050293 9.961840629577637 21.756851196289062
    endloop
  endfacet
  facet normal -0.41149434447288513 0.7424246668815613 -0.5286567807197571
    outer loop
      vertex -3.4139366149902344 8.798994064331055 21.440753936767578
      vertex -6.111021041870117 9.574520111083984 24.629220962524414
      vertex -3.8942222595214844 10.899928092956543 24.765066146850586
    endloop
  endfacet
  facet normal -0.22248013317584991 0.8577277660369873 -0.46347153186798096
    outer loop
      vertex -1.244105339050293 9.961840629577637 21.756851196289062
      vertex -3.8942222595214844 10.899928092956543 24.765066146850586
      vertex -1.6752299070358276 11.784420013427734 25.336776733398438
    endloop
  endfacet
  facet normal -0.3362089693546295 0.7734289765357971 -0.5373741984367371
    outer loop
      vertex -3.8942222595214844 10.899928092956543 24.765066146850586
      vertex -1.244105339050293 9.961840629577637 21.756851196289062
      vertex -3.4139366149902344 8.798994064331055 21.440753936767578
    endloop
  endfacet
  facet normal -0.944824755191803 0.2917110323905945 -0.149033322930336
    outer loop
      vertex -12.373952865600586 5.980586051940918 31.78516960144043
      vertex -13.081007957458496 4.721396446228027 33.80299758911133
      vertex -12.570087432861328 6.651171684265137 34.3411750793457
    endloop
  endfacet
  facet normal -0.9948152303695679 0.10109160840511322 -0.011092511005699635
    outer loop
      vertex -13.081007957458496 4.721396446228027 33.80299758911133
      vertex -13.305806159973145 2.827755928039551 36.70599365234375
      vertex -13.086874961853027 5.039013385772705 37.22377395629883
    endloop
  endfacet
  facet normal -0.9448213577270508 0.32730087637901306 0.01366439275443554
    outer loop
      vertex -12.570087432861328 6.651171684265137 34.3411750793457
      vertex -13.086874961853027 5.039013385772705 37.22377395629883
      vertex -12.365796089172363 7.097764015197754 37.76970291137695
    endloop
  endfacet
  facet normal -0.9645448327064514 0.2626314163208008 -0.02603946067392826
    outer loop
      vertex -13.086874961853027 5.039013385772705 37.22377395629883
      vertex -12.570087432861328 6.651171684265137 34.3411750793457
      vertex -13.081007957458496 4.721396446228027 33.80299758911133
    endloop
  endfacet
  facet normal -0.9996298551559448 0.01823653094470501 0.020190877839922905
    outer loop
      vertex -13.305806159973145 2.827755928039551 36.70599365234375
      vertex -13.27839183807373 0.7487409710884094 39.9410285949707
      vertex -13.227995872497559 3.0207974910736084 40.38394546508789
    endloop
  endfacet
  facet normal -0.9942130446434021 -0.06279154121875763 0.08716461062431335
    outer loop
      vertex -13.27839183807373 0.7487409710884094 39.9410285949707
      vertex -12.853056907653809 -1.1647052764892578 43.414058685302734
      vertex -12.962642669677734 1.0500154495239258 43.759544372558594
    endloop
  endfacet
  facet normal -0.9882093071937561 0.08503193408250809 0.12732671201229095
    outer loop
      vertex -13.227995872497559 3.0207974910736084 40.38394546508789
      vertex -12.962642669677734 1.0500154495239258 43.759544372558594
      vertex -12.720767974853516 3.277190685272217 44.14942169189453
    endloop
  endfacet
  facet normal -0.9966195225715637 0.006135175470262766 0.0819253921508789
    outer loop
      vertex -12.962642669677734 1.0500154495239258 43.759544372558594
      vertex -13.227995872497559 3.0207974910736084 40.38394546508789
      vertex -13.27839183807373 0.7487409710884094 39.9410285949707
    endloop
  endfacet
  facet normal -0.9076424241065979 0.40320339798927307 0.11667154729366302
    outer loop
      vertex -12.365796089172363 7.097764015197754 37.76970291137695
      vertex -12.788270950317383 5.240934371948242 40.900062561035156
      vertex -11.798874855041504 7.291452884674072 41.51068115234375
    endloop
  endfacet
  facet normal -0.9528301358222961 0.2505856454372406 0.17123524844646454
    outer loop
      vertex -12.788270950317383 5.240934371948242 40.900062561035156
      vertex -12.720767974853516 3.277190685272217 44.14942169189453
      vertex -12.062190055847168 5.446999549865723 44.63874816894531
    endloop
  endfacet
  facet normal -0.8794143795967102 0.43877020478248596 0.18469169735908508
    outer loop
      vertex -11.798874855041504 7.291452884674072 41.51068115234375
      vertex -12.062190055847168 5.446999549865723 44.63874816894531
      vertex -10.869272232055664 7.559628009796143 45.29990768432617
    endloop
  endfacet
  facet normal -0.9070467948913574 0.3916304111480713 0.1545698195695877
    outer loop
      vertex -12.062190055847168 5.446999549865723 44.63874816894531
      vertex -11.798874855041504 7.291452884674072 41.51068115234375
      vertex -12.788270950317383 5.240934371948242 40.900062561035156
    endloop
  endfacet
  facet normal -0.9787582159042358 0.16583006083965302 0.12055202573537827
    outer loop
      vertex -12.720767974853516 3.277190685272217 44.14942169189453
      vertex -12.788270950317383 5.240934371948242 40.900062561035156
      vertex -13.227995872497559 3.0207974910736084 40.38394546508789
    endloop
  endfacet
  facet normal -0.9469314813613892 0.3158683776855469 0.05956470966339111
    outer loop
      vertex -12.788270950317383 5.240934371948242 40.900062561035156
      vertex -12.365796089172363 7.097764015197754 37.76970291137695
      vertex -13.086874961853027 5.039013385772705 37.22377395629883
    endloop
  endfacet
  facet normal -0.9953680634498596 0.0947830006480217 0.016083085909485817
    outer loop
      vertex -13.227995872497559 3.0207974910736084 40.38394546508789
      vertex -13.086874961853027 5.039013385772705 37.22377395629883
      vertex -13.305806159973145 2.827755928039551 36.70599365234375
    endloop
  endfacet
  facet normal -0.9815161228179932 0.1781424731016159 0.06993846595287323
    outer loop
      vertex -13.086874961853027 5.039013385772705 37.22377395629883
      vertex -13.227995872497559 3.0207974910736084 40.38394546508789
      vertex -12.788270950317383 5.240934371948242 40.900062561035156
    endloop
  endfacet
  facet normal -0.9950634837150574 -0.07736054807901382 0.06216135993599892
    outer loop
      vertex -12.750642776489258 -0.540357768535614 45.83048629760742
      vertex -12.853056907653809 -1.1647052764892578 43.414058685302734
      vertex -12.64984130859375 -1.6918727159500122 46.011016845703125
    endloop
  endfacet
  facet normal -0.9820832014083862 -0.18720664083957672 0.02159634605050087
    outer loop
      vertex -12.497821807861328 -2.6889030933380127 45.56643295288086
      vertex -12.309789657592773 -3.4689178466796875 47.3555908203125
      vertex -12.503545761108398 -2.444206953048706 47.42727279663086
    endloop
  endfacet
  facet normal -0.9975705742835999 -0.04323539882898331 0.05462431162595749
    outer loop
      vertex -12.750642776489258 -0.540357768535614 45.83048629760742
      vertex -12.620028495788574 -1.3899035453796387 47.54339599609375
      vertex -12.660439491271973 -0.28769320249557495 47.677799224853516
    endloop
  endfacet
  facet normal -0.8655813932418823 0.4870721101760864 0.1163170337677002
    outer loop
      vertex -10.389507293701172 7.827563285827637 47.748146057128906
      vertex -10.869272232055664 7.559628009796143 45.29990768432617
      vertex -10.927803039550781 6.915530681610107 47.56147384643555
    endloop
  endfacet
  facet normal -0.9217507839202881 0.37969285249710083 0.07879630476236343
    outer loop
      vertex -11.436148643493652 5.980808734893799 46.953128814697266
      vertex -11.650701522827148 5.164588928222656 48.376399993896484
      vertex -11.198819160461426 6.207038402557373 48.639259338378906
    endloop
  endfacet
  facet normal -0.8673694729804993 0.49598002433776855 0.0409148707985878
    outer loop
      vertex -10.389507293701172 7.827563285827637 47.748146057128906
      vertex -10.696218490600586 7.192983627319336 48.93859100341797
      vertex -10.167169570922852 8.09036636352539 49.27580261230469
    endloop
  endfacet
  facet normal -0.8802788853645325 0.4554118514060974 0.1330757588148117
    outer loop
      vertex -11.436148643493652 5.980808734893799 46.953128814697266
      vertex -10.869272232055664 7.559628009796143 45.29990768432617
      vertex -12.062190055847168 5.446999549865723 44.63874816894531
    endloop
  endfacet
  facet normal -0.9568511843681335 0.26215633749961853 0.1253393143415451
    outer loop
      vertex -12.256078720092773 3.8684144020080566 46.46031188964844
      vertex -12.062190055847168 5.446999549865723 44.63874816894531
      vertex -12.720767974853516 3.277190685272217 44.14942169189453
    endloop
  endfacet
  facet normal -0.9123029708862305 0.37704503536224365 0.1598135530948639
    outer loop
      vertex -11.436148643493652 5.980808734893799 46.953128814697266
      vertex -12.062190055847168 5.446999549865723 44.63874816894531
      vertex -11.893890380859375 4.869276523590088 46.96250534057617
    endloop
  endfacet
  facet normal -0.9914420247077942 0.09134534746408463 0.09326689690351486
    outer loop
      vertex -12.681742668151855 1.6830767393112183 46.12553787231445
      vertex -12.720767974853516 3.277190685272217 44.14942169189453
      vertex -12.962642669677734 1.0500154495239258 43.759544372558594
    endloop
  endfacet
  facet normal -0.996656596660614 -0.058252427726984024 0.057291798293590546
    outer loop
      vertex -12.750642776489258 -0.540357768535614 45.83048629760742
      vertex -12.962642669677734 1.0500154495239258 43.759544372558594
      vertex -12.853056907653809 -1.1647052764892578 43.414058685302734
    endloop
  endfacet
  facet normal -0.9927449822425842 0.06676719337701797 0.09999788552522659
    outer loop
      vertex -12.681742668151855 1.6830767393112183 46.12553787231445
      vertex -12.962642669677734 1.0500154495239258 43.759544372558594
      vertex -12.744418144226074 0.5042295455932617 46.2904167175293
    endloop
  endfacet
  facet normal -0.9649960994720459 0.22375939786434174 0.13680072128772736
    outer loop
      vertex -12.256078720092773 3.8684144020080566 46.46031188964844
      vertex -12.720767974853516 3.277190685272217 44.14942169189453
      vertex -12.504318237304688 2.7249276638031006 46.5795783996582
    endloop
  endfacet
  facet normal -0.9920843839645386 0.0951247289776802 0.08197557926177979
    outer loop
      vertex -12.681742668151855 1.6830767393112183 46.12553787231445
      vertex -12.623924255371094 0.8429576754570007 47.80014419555664
      vertex -12.507522583007812 1.9662072658538818 47.90543746948242
    endloop
  endfacet
  facet normal -0.9647396802902222 0.24525099992752075 0.095548115670681
    outer loop
      vertex -12.256078720092773 3.8684144020080566 46.46031188964844
      vertex -12.308221817016602 3.056687355041504 48.01735305786133
      vertex -12.024496078491211 4.115216255187988 48.16509246826172
    endloop
  endfacet
  facet normal -0.5035102963447571 0.8639818429946899 -0.0035526826977729797
    outer loop
      vertex -5.63025426864624 12.459271430969238 45.796634674072266
      vertex -6.193922996520996 12.138282775878906 47.62190628051758
      vertex -5.1766462326049805 12.731422424316406 47.693016052246094
    endloop
  endfacet
  facet normal -0.8023227453231812 0.5899767875671387 0.09058581292629242
    outer loop
      vertex -9.953155517578125 8.583998680114746 46.742366790771484
      vertex -9.626553535461426 9.299903869628906 44.97247314453125
      vertex -10.869272232055664 7.559628009796143 45.29990768432617
    endloop
  endfacet
  facet normal -0.7833850383758545 0.6128846406936646 0.10334642231464386
    outer loop
      vertex -9.626553535461426 9.299903869628906 44.97247314453125
      vertex -9.953155517578125 8.583998680114746 46.742366790771484
      vertex -9.15310287475586 9.549808502197266 47.07928466796875
    endloop
  endfacet
  facet normal -0.6623409986495972 0.748187243938446 0.03899018093943596
    outer loop
      vertex -7.647159576416016 11.124852180480957 45.49611282348633
      vertex -8.19653606414795 10.54084587097168 47.37021255493164
      vertex -7.196361541748047 11.41866683959961 47.51594543457031
    endloop
  endfacet
  facet normal -0.27037832140922546 0.9627535939216614 -0.0010295346146449447
    outer loop
      vertex -3.5669445991516113 13.34697437286377 45.91560363769531
      vertex -2.462415933609009 13.654807090759277 43.707275390625
      vertex -4.527196884155273 13.074822425842285 43.60012435913086
    endloop
  endfacet
  facet normal -0.12182163447141647 0.9922677278518677 0.023756664246320724
    outer loop
      vertex -2.462415933609009 13.654807090759277 43.707275390625
      vertex -1.2657299041748047 13.883560180664062 40.28919982910156
      vertex -3.267690658569336 13.64114761352539 40.148441314697266
    endloop
  endfacet
  facet normal -0.27497410774230957 0.9597526788711548 0.05713169649243355
    outer loop
      vertex -4.527196884155273 13.074822425842285 43.60012435913086
      vertex -3.267690658569336 13.64114761352539 40.148441314697266
      vertex -5.394134521484375 13.049811363220215 39.84772491455078
    endloop
  endfacet
  facet normal -0.2727625072002411 0.9603295922279358 0.058033376932144165
    outer loop
      vertex -3.267690658569336 13.64114761352539 40.148441314697266
      vertex -4.527196884155273 13.074822425842285 43.60012435913086
      vertex -2.462415933609009 13.654807090759277 43.707275390625
    endloop
  endfacet
  facet normal 0.010522499680519104 0.9998860955238342 0.01081489585340023
    outer loop
      vertex -1.2657299041748047 13.883560180664062 40.28919982910156
      vertex -0.035383038222789764 13.906522750854492 36.96912384033203
      vertex -1.8051453828811646 13.927550315856934 36.746944427490234
    endloop
  endfacet
  facet normal 0.10778117924928665 0.9938342571258545 -0.02601344883441925
    outer loop
      vertex -0.035383038222789764 13.906522750854492 36.96912384033203
      vertex 1.0364710092544556 13.720773696899414 34.31364822387695
      vertex -0.22654756903648376 13.841399192810059 33.68905258178711
    endloop
  endfacet
  facet normal -0.043249424546957016 0.9977903366088867 -0.05043807998299599
    outer loop
      vertex -1.8051453828811646 13.927550315856934 36.746944427490234
      vertex -0.22654756903648376 13.841399192810059 33.68905258178711
      vertex -2.007861375808716 13.730693817138672 33.026458740234375
    endloop
  endfacet
  facet normal 0.014475453644990921 0.9996811747550964 -0.02069161832332611
    outer loop
      vertex -0.22654756903648376 13.841399192810059 33.68905258178711
      vertex -1.8051453828811646 13.927550315856934 36.746944427490234
      vertex -0.035383038222789764 13.906522750854492 36.96912384033203
    endloop
  endfacet
  facet normal -0.2977394163608551 0.9545482397079468 0.013742854818701744
    outer loop
      vertex -5.394134521484375 13.049811363220215 39.84772491455078
      vertex -3.8294029235839844 13.588122367858887 36.35779571533203
      vertex -6.036932468414307 12.905939102172852 35.91453552246094
    endloop
  endfacet
  facet normal -0.2183084487915039 0.9727787375450134 -0.07773678749799728
    outer loop
      vertex -3.8294029235839844 13.588122367858887 36.35779571533203
      vertex -2.007861375808716 13.730693817138672 33.026458740234375
      vertex -4.133188724517822 13.20739459991455 32.44658660888672
    endloop
  endfacet
  facet normal -0.3227123022079468 0.9416874647140503 -0.09529685974121094
    outer loop
      vertex -6.036932468414307 12.905939102172852 35.91453552246094
      vertex -4.133188724517822 13.20739459991455 32.44658660888672
      vertex -6.407291412353516 12.378039360046387 31.95220947265625
    endloop
  endfacet
  facet normal -0.2814027667045593 0.9569376707077026 -0.07129421085119247
    outer loop
      vertex -4.133188724517822 13.20739459991455 32.44658660888672
      vertex -6.036932468414307 12.905939102172852 35.91453552246094
      vertex -3.8294029235839844 13.588122367858887 36.35779571533203
    endloop
  endfacet
  facet normal -0.15704689919948578 0.9866262078285217 -0.043646953999996185
    outer loop
      vertex -2.007861375808716 13.730693817138672 33.026458740234375
      vertex -3.8294029235839844 13.588122367858887 36.35779571533203
      vertex -1.8051453828811646 13.927550315856934 36.746944427490234
    endloop
  endfacet
  facet normal -0.2713339328765869 0.9621134996414185 0.026748815551400185
    outer loop
      vertex -3.8294029235839844 13.588122367858887 36.35779571533203
      vertex -5.394134521484375 13.049811363220215 39.84772491455078
      vertex -3.267690658569336 13.64114761352539 40.148441314697266
    endloop
  endfacet
  facet normal -0.1222958192229271 0.9920112490653992 0.030942708253860474
    outer loop
      vertex -1.8051453828811646 13.927550315856934 36.746944427490234
      vertex -3.267690658569336 13.64114761352539 40.148441314697266
      vertex -1.2657299041748047 13.883560180664062 40.28919982910156
    endloop
  endfacet
  facet normal -0.16742147505283356 0.9858238101005554 0.011019011959433556
    outer loop
      vertex -3.267690658569336 13.64114761352539 40.148441314697266
      vertex -1.8051453828811646 13.927550315856934 36.746944427490234
      vertex -3.8294029235839844 13.588122367858887 36.35779571533203
    endloop
  endfacet
  facet normal -0.7806168794631958 0.6071022152900696 0.14854054152965546
    outer loop
      vertex -10.869272232055664 7.559628009796143 45.29990768432617
      vertex -10.29655647277832 9.10357666015625 41.99937438964844
      vertex -11.798874855041504 7.291452884674072 41.51068115234375
    endloop
  endfacet
  facet normal -0.7382028102874756 0.657086193561554 0.15262475609779358
    outer loop
      vertex -10.29655647277832 9.10357666015625 41.99937438964844
      vertex -9.514839172363281 10.701504707336426 38.900856018066406
      vertex -11.149039268493652 8.999987602233887 38.3221321105957
    endloop
  endfacet
  facet normal -0.851207971572876 0.5147530436515808 0.10234379023313522
    outer loop
      vertex -11.798874855041504 7.291452884674072 41.51068115234375
      vertex -11.149039268493652 8.999987602233887 38.3221321105957
      vertex -12.365796089172363 7.097764015197754 37.76970291137695
    endloop
  endfacet
  facet normal -0.7807000279426575 0.6030019521713257 0.16400033235549927
    outer loop
      vertex -11.149039268493652 8.999987602233887 38.3221321105957
      vertex -11.798874855041504 7.291452884674072 41.51068115234375
      vertex -10.29655647277832 9.10357666015625 41.99937438964844
    endloop
  endfacet
  facet normal -0.6119032502174377 0.7902190685272217 0.03359213098883629
    outer loop
      vertex -9.514839172363281 10.701504707336426 38.900856018066406
      vertex -8.228113174438477 11.844108581542969 35.460899353027344
      vertex -10.152600288391113 10.372430801391602 35.02471923828125
    endloop
  endfacet
  facet normal -0.48388007283210754 0.8669816255569458 -0.11917585879564285
    outer loop
      vertex -8.228113174438477 11.844108581542969 35.460899353027344
      vertex -6.407291412353516 12.378039360046387 31.95220947265625
      vertex -8.55851936340332 11.127772331237793 31.591211318969727
    endloop
  endfacet
  facet normal -0.671046793460846 0.7256869673728943 -0.15190334618091583
    outer loop
      vertex -10.152600288391113 10.372430801391602 35.02471923828125
      vertex -8.55851936340332 11.127772331237793 31.591211318969727
      vertex -10.326432228088379 9.457719802856445 31.422794342041016
    endloop
  endfacet
  facet normal -0.5904419422149658 0.80112224817276 -0.09788573533296585
    outer loop
      vertex -8.55851936340332 11.127772331237793 31.591211318969727
      vertex -10.152600288391113 10.372430801391602 35.02471923828125
      vertex -8.228113174438477 11.844108581542969 35.460899353027344
    endloop
  endfacet
  facet normal -0.8956873416900635 0.4446612298488617 -0.004550388548523188
    outer loop
      vertex -12.365796089172363 7.097764015197754 37.76970291137695
      vertex -11.618268013000488 8.57153606414795 34.644222259521484
      vertex -12.570087432861328 6.651171684265137 34.3411750793457
    endloop
  endfacet
  facet normal -0.8264548182487488 0.5316849946975708 -0.18515804409980774
    outer loop
      vertex -11.618268013000488 8.57153606414795 34.644222259521484
      vertex -10.326432228088379 9.457719802856445 31.422794342041016
      vertex -11.564051628112793 7.5672688484191895 31.51845359802246
    endloop
  endfacet
  facet normal -0.8881336450576782 0.4232157766819 -0.17918431758880615
    outer loop
      vertex -12.570087432861328 6.651171684265137 34.3411750793457
      vertex -11.564051628112793 7.5672688484191895 31.51845359802246
      vertex -12.373952865600586 5.980586051940918 31.78516960144043
    endloop
  endfacet
  facet normal -0.8736276626586914 0.4586549997329712 -0.16251270473003387
    outer loop
      vertex -11.564051628112793 7.5672688484191895 31.51845359802246
      vertex -12.570087432861328 6.651171684265137 34.3411750793457
      vertex -11.618268013000488 8.57153606414795 34.644222259521484
    endloop
  endfacet
  facet normal -0.7561009526252747 0.6420990228652954 -0.126571387052536
    outer loop
      vertex -10.326432228088379 9.457719802856445 31.422794342041016
      vertex -11.618268013000488 8.57153606414795 34.644222259521484
      vertex -10.152600288391113 10.372430801391602 35.02471923828125
    endloop
  endfacet
  facet normal -0.8475741744041443 0.5286313891410828 0.04655177891254425
    outer loop
      vertex -11.618268013000488 8.57153606414795 34.644222259521484
      vertex -12.365796089172363 7.097764015197754 37.76970291137695
      vertex -11.149039268493652 8.999987602233887 38.3221321105957
    endloop
  endfacet
  facet normal -0.7303451299667358 0.6802205443382263 0.062418557703495026
    outer loop
      vertex -10.152600288391113 10.372430801391602 35.02471923828125
      vertex -11.149039268493652 8.999987602233887 38.3221321105957
      vertex -9.514839172363281 10.701504707336426 38.900856018066406
    endloop
  endfacet
  facet normal -0.7780311107635498 0.6276816129684448 0.026140758767724037
    outer loop
      vertex -11.149039268493652 8.999987602233887 38.3221321105957
      vertex -10.152600288391113 10.372430801391602 35.02471923828125
      vertex -11.618268013000488 8.57153606414795 34.644222259521484
    endloop
  endfacet
  facet normal -0.4210222065448761 0.9034255743026733 -0.08101019263267517
    outer loop
      vertex -6.407291412353516 12.378039360046387 31.95220947265625
      vertex -8.228113174438477 11.844108581542969 35.460899353027344
      vertex -6.036932468414307 12.905939102172852 35.91453552246094
    endloop
  endfacet
  facet normal -0.5835099220275879 0.8105061054229736 0.05095123499631882
    outer loop
      vertex -8.228113174438477 11.844108581542969 35.460899353027344
      vertex -9.514839172363281 10.701504707336426 38.900856018066406
      vertex -7.548552989959717 12.08389663696289 39.42901611328125
    endloop
  endfacet
  facet normal -0.41443198919296265 0.9094275236129761 0.034464314579963684
    outer loop
      vertex -6.036932468414307 12.905939102172852 35.91453552246094
      vertex -7.548552989959717 12.08389663696289 39.42901611328125
      vertex -5.394134521484375 13.049811363220215 39.84772491455078
    endloop
  endfacet
  facet normal -0.43950915336608887 0.8979926109313965 0.021003667265176773
    outer loop
      vertex -7.548552989959717 12.08389663696289 39.42901611328125
      vertex -6.036932468414307 12.905939102172852 35.91453552246094
      vertex -8.228113174438477 11.844108581542969 35.460899353027344
    endloop
  endfacet
  facet normal -0.721854567527771 0.6721991300582886 0.1645430475473404
    outer loop
      vertex -9.514839172363281 10.701504707336426 38.900856018066406
      vertex -10.29655647277832 9.10357666015625 41.99937438964844
      vertex -8.605344772338867 10.710100173950195 42.855716705322266
    endloop
  endfacet
  facet normal -0.7932252883911133 0.5927059650421143 0.13961830735206604
    outer loop
      vertex -10.29655647277832 9.10357666015625 41.99937438964844
      vertex -10.869272232055664 7.559628009796143 45.29990768432617
      vertex -9.626553535461426 9.299903869628906 44.97247314453125
    endloop
  endfacet
  facet normal -0.6524829864501953 0.7483649849891663 0.11922968924045563
    outer loop
      vertex -7.647159576416016 11.124852180480957 45.49611282348633
      vertex -8.605344772338867 10.710100173950195 42.855716705322266
      vertex -8.647883415222168 10.235252380371094 45.60338592529297
    endloop
  endfacet
  facet normal -0.7142062187194824 0.6903630495071411 0.11536219716072083
    outer loop
      vertex -9.626553535461426 9.299903869628906 44.97247314453125
      vertex -8.605344772338867 10.710100173950195 42.855716705322266
      vertex -10.29655647277832 9.10357666015625 41.99937438964844
    endloop
  endfacet
  facet normal -0.4325532615184784 0.8966993093490601 0.09395836293697357
    outer loop
      vertex -5.394134521484375 13.049811363220215 39.84772491455078
      vertex -6.6081929206848145 12.099557876586914 43.327423095703125
      vertex -4.527196884155273 13.074822425842285 43.60012435913086
    endloop
  endfacet
  facet normal -0.5054773092269897 0.8595764636993408 0.07497312128543854
    outer loop
      vertex -5.63025426864624 12.459271430969238 45.796634674072266
      vertex -6.6081929206848145 12.099557876586914 43.327423095703125
      vertex -6.655925750732422 11.837701797485352 46.007816314697266
    endloop
  endfacet
  facet normal -0.3431113362312317 0.9387510418891907 0.03195473179221153
    outer loop
      vertex -3.5669445991516113 13.34697437286377 45.91560363769531
      vertex -4.527196884155273 13.074822425842285 43.60012435913086
      vertex -4.612179756164551 12.955084800720215 46.205223083496094
    endloop
  endfacet
  facet normal -0.4281363785266876 0.9029136300086975 0.038028668612241745
    outer loop
      vertex -5.63025426864624 12.459271430969238 45.796634674072266
      vertex -4.527196884155273 13.074822425842285 43.60012435913086
      vertex -6.6081929206848145 12.099557876586914 43.327423095703125
    endloop
  endfacet
  facet normal -0.5824152231216431 0.8085026144981384 0.08435609936714172
    outer loop
      vertex -7.647159576416016 11.124852180480957 45.49611282348633
      vertex -6.6081929206848145 12.099557876586914 43.327423095703125
      vertex -8.605344772338867 10.710100173950195 42.855716705322266
    endloop
  endfacet
  facet normal -0.42298221588134766 0.9007781744003296 0.09841154515743256
    outer loop
      vertex -6.6081929206848145 12.099557876586914 43.327423095703125
      vertex -5.394134521484375 13.049811363220215 39.84772491455078
      vertex -7.548552989959717 12.08389663696289 39.42901611328125
    endloop
  endfacet
  facet normal -0.5938661098480225 0.7931831479072571 0.1348467469215393
    outer loop
      vertex -8.605344772338867 10.710100173950195 42.855716705322266
      vertex -7.548552989959717 12.08389663696289 39.42901611328125
      vertex -9.514839172363281 10.701504707336426 38.900856018066406
    endloop
  endfacet
  facet normal -0.5874323844909668 0.7973344922065735 0.13849522173404694
    outer loop
      vertex -7.548552989959717 12.08389663696289 39.42901611328125
      vertex -8.605344772338867 10.710100173950195 42.855716705322266
      vertex -6.6081929206848145 12.099557876586914 43.327423095703125
    endloop
  endfacet
  facet normal 0.10728319734334946 0.5053716897964478 -0.8562065958976746
    outer loop
      vertex 4.504926681518555 -0.9825209975242615 10.363975524902344
      vertex 4.344236373901367 1.640528917312622 11.892083168029785
      vertex 5.798924922943115 -0.35199010372161865 10.898282051086426
    endloop
  endfacet
  facet normal -0.05157258361577988 0.5865198969841003 -0.8082912564277649
    outer loop
      vertex 4.344236373901367 1.640528917312622 11.892083168029785
      vertex 4.0736775398254395 4.56394624710083 14.03066349029541
      vertex 5.945687294006348 2.759876251220703 12.602134704589844
    endloop
  endfacet
  facet normal 0.2788764238357544 0.45105183124542236 -0.8478090167045593
    outer loop
      vertex 5.798924922943115 -0.35199010372161865 10.898282051086426
      vertex 5.945687294006348 2.759876251220703 12.602134704589844
      vertex 7.31778621673584 0.5775355100631714 11.892419815063477
    endloop
  endfacet
  facet normal 0.05502051115036011 0.47753211855888367 -0.8768898844718933
    outer loop
      vertex 5.945687294006348 2.759876251220703 12.602134704589844
      vertex 5.798924922943115 -0.35199010372161865 10.898282051086426
      vertex 4.344236373901367 1.640528917312622 11.892083168029785
    endloop
  endfacet
  facet normal -0.07176124304533005 0.7035790681838989 -0.7069843411445618
    outer loop
      vertex 4.0736775398254395 4.56394624710083 14.03066349029541
      vertex 3.6905064582824707 7.316173076629639 16.80852699279785
      vertex 5.805729866027832 5.760624408721924 15.045768737792969
    endloop
  endfacet
  facet normal -0.06267809867858887 0.8040633201599121 -0.591230571269989
    outer loop
      vertex 3.6905064582824707 7.316173076629639 16.80852699279785
      vertex 3.209054708480835 9.701415061950684 20.10345458984375
      vertex 5.4478254318237305 8.398186683654785 18.093748092651367
    endloop
  endfacet
  facet normal 0.24612432718276978 0.7470352053642273 -0.6175444722175598
    outer loop
      vertex 5.805729866027832 5.760624408721924 15.045768737792969
      vertex 5.4478254318237305 8.398186683654785 18.093748092651367
      vertex 7.323755264282227 6.743804454803467 16.84012222290039
    endloop
  endfacet
  facet normal 0.011957630515098572 0.7568228244781494 -0.6535107493400574
    outer loop
      vertex 5.4478254318237305 8.398186683654785 18.093748092651367
      vertex 5.805729866027832 5.760624408721924 15.045768737792969
      vertex 3.6905064582824707 7.316173076629639 16.80852699279785
    endloop
  endfacet
  facet normal 0.7349158525466919 0.34461650252342224 -0.5840703845024109
    outer loop
      vertex 7.31778621673584 0.5775355100631714 11.892419815063477
      vertex 7.466965675354004 3.889805555343628 14.034451484680176
      vertex 8.568938255310059 1.6271840333938599 14.086021423339844
    endloop
  endfacet
  facet normal 0.5593715906143188 0.5952112674713135 -0.5769116878509521
    outer loop
      vertex 7.466965675354004 3.889805555343628 14.034451484680176
      vertex 7.323755264282227 6.743804454803467 16.84012222290039
      vertex 8.75948715209961 4.830821990966797 16.258541107177734
    endloop
  endfacet
  facet normal 0.8928826451301575 0.2151433378458023 -0.39556798338890076
    outer loop
      vertex 8.568938255310059 1.6271840333938599 14.086021423339844
      vertex 8.75948715209961 4.830821990966797 16.258541107177734
      vertex 9.634483337402344 2.5703723430633545 17.004173278808594
    endloop
  endfacet
  facet normal 0.7395997643470764 0.34706661105155945 -0.5766602754592896
    outer loop
      vertex 8.75948715209961 4.830821990966797 16.258541107177734
      vertex 8.568938255310059 1.6271840333938599 14.086021423339844
      vertex 7.466965675354004 3.889805555343628 14.034451484680176
    endloop
  endfacet
  facet normal 0.3483979403972626 0.6659528017044067 -0.6596406698226929
    outer loop
      vertex 7.323755264282227 6.743804454803467 16.84012222290039
      vertex 7.466965675354004 3.889805555343628 14.034451484680176
      vertex 5.805729866027832 5.760624408721924 15.045768737792969
    endloop
  endfacet
  facet normal 0.37505191564559937 0.49142739176750183 -0.7860249876976013
    outer loop
      vertex 7.466965675354004 3.889805555343628 14.034451484680176
      vertex 7.31778621673584 0.5775355100631714 11.892419815063477
      vertex 5.945687294006348 2.759876251220703 12.602134704589844
    endloop
  endfacet
  facet normal 0.01759696938097477 0.6318480372428894 -0.7748925685882568
    outer loop
      vertex 5.805729866027832 5.760624408721924 15.045768737792969
      vertex 5.945687294006348 2.759876251220703 12.602134704589844
      vertex 4.0736775398254395 4.56394624710083 14.03066349029541
    endloop
  endfacet
  facet normal 0.24294301867485046 0.6193223595619202 -0.7466046810150146
    outer loop
      vertex 5.945687294006348 2.759876251220703 12.602134704589844
      vertex 5.805729866027832 5.760624408721924 15.045768737792969
      vertex 7.466965675354004 3.889805555343628 14.034451484680176
    endloop
  endfacet
  facet normal -0.0032131599728018045 0.8869957327842712 -0.46176639199256897
    outer loop
      vertex 3.209054708480835 9.701415061950684 20.10345458984375
      vertex 2.639894962310791 11.59779167175293 23.750118255615234
      vertex 4.8771562576293945 10.51197624206543 21.648834228515625
    endloop
  endfacet
  facet normal 0.12840989232063293 0.9524251222610474 -0.27640053629875183
    outer loop
      vertex 2.639894962310791 11.59779167175293 23.750118255615234
      vertex 2.0044174194335938 12.800307273864746 27.598535537719727
      vertex 4.12101411819458 11.915163040161133 25.531818389892578
    endloop
  endfacet
  facet normal 0.21349038183689117 0.93134605884552 -0.2949853241443634
    outer loop
      vertex 4.8771562576293945 10.51197624206543 21.648834228515625
      vertex 4.12101411819458 11.915163040161133 25.531818389892578
      vertex 6.2254719734191895 10.898062705993652 23.843629837036133
    endloop
  endfacet
  facet normal 0.16737224161624908 0.9371793866157532 -0.30607402324676514
    outer loop
      vertex 4.12101411819458 11.915163040161133 25.531818389892578
      vertex 4.8771562576293945 10.51197624206543 21.648834228515625
      vertex 2.639894962310791 11.59779167175293 23.750118255615234
    endloop
  endfacet
  facet normal 0.1897743195295334 0.9719110727310181 -0.13919322192668915
    outer loop
      vertex 2.0044174194335938 12.800307273864746 27.598535537719727
      vertex 1.429599404335022 13.443282127380371 31.30438232421875
      vertex 3.2884976863861084 12.81269645690918 29.435741424560547
    endloop
  endfacet
  facet normal 0.22753386199474335 0.9719261527061462 -0.05989876016974449
    outer loop
      vertex 1.429599404335022 13.443282127380371 31.30438232421875
      vertex 1.0364710092544556 13.720773696899414 34.31364822387695
      vertex 2.4785561561584473 13.312628746032715 33.16899108886719
    endloop
  endfacet
  facet normal 0.23337626457214355 0.969159722328186 -0.0791517049074173
    outer loop
      vertex 3.2884976863861084 12.81269645690918 29.435741424560547
      vertex 2.4785561561584473 13.312628746032715 33.16899108886719
      vertex 4.351511001586914 12.753264427185059 31.842296600341797
    endloop
  endfacet
  facet normal 0.2524540424346924 0.9647427201271057 -0.0744212195277214
    outer loop
      vertex 2.4785561561584473 13.312628746032715 33.16899108886719
      vertex 3.2884976863861084 12.81269645690918 29.435741424560547
      vertex 1.429599404335022 13.443282127380371 31.30438232421875
    endloop
  endfacet
  facet normal 0.2987003028392792 0.9305722117424011 -0.21169230341911316
    outer loop
      vertex 6.2254719734191895 10.898062705993652 23.843629837036133
      vertex 5.337581157684326 12.080403327941895 27.788223266601562
      vertex 7.374294281005859 11.123295783996582 26.454727172851562
    endloop
  endfacet
  facet normal 0.269343763589859 0.9584878087043762 -0.09356944262981415
    outer loop
      vertex 5.337581157684326 12.080403327941895 27.788223266601562
      vertex 4.351511001586914 12.753264427185059 31.842296600341797
      vertex 6.4232096672058105 12.048062324523926 30.58196449279785
    endloop
  endfacet
  facet normal 0.42279052734375 0.9002081751823425 -0.10427625477313995
    outer loop
      vertex 7.374294281005859 11.123295783996582 26.454727172851562
      vertex 6.4232096672058105 12.048062324523926 30.58196449279785
      vertex 8.419879913330078 10.993955612182617 29.577495574951172
    endloop
  endfacet
  facet normal 0.3529018759727478 0.9270827770233154 -0.1264031082391739
    outer loop
      vertex 6.4232096672058105 12.048062324523926 30.58196449279785
      vertex 7.374294281005859 11.123295783996582 26.454727172851562
      vertex 5.337581157684326 12.080403327941895 27.788223266601562
    endloop
  endfacet
  facet normal 0.2669789791107178 0.959083080291748 -0.09424339979887009
    outer loop
      vertex 4.351511001586914 12.753264427185059 31.842296600341797
      vertex 5.337581157684326 12.080403327941895 27.788223266601562
      vertex 3.2884976863861084 12.81269645690918 29.435741424560547
    endloop
  endfacet
  facet normal 0.27732065320014954 0.9357082843780518 -0.21804416179656982
    outer loop
      vertex 5.337581157684326 12.080403327941895 27.788223266601562
      vertex 6.2254719734191895 10.898062705993652 23.843629837036133
      vertex 4.12101411819458 11.915163040161133 25.531818389892578
    endloop
  endfacet
  facet normal 0.23417386412620544 0.9571936726570129 -0.17012621462345123
    outer loop
      vertex 3.2884976863861084 12.81269645690918 29.435741424560547
      vertex 4.12101411819458 11.915163040161133 25.531818389892578
      vertex 2.0044174194335938 12.800307273864746 27.598535537719727
    endloop
  endfacet
  facet normal 0.20057521760463715 0.9632456302642822 -0.17868255078792572
    outer loop
      vertex 4.12101411819458 11.915163040161133 25.531818389892578
      vertex 3.2884976863861084 12.81269645690918 29.435741424560547
      vertex 5.337581157684326 12.080403327941895 27.788223266601562
    endloop
  endfacet
  facet normal 0.9298585057258606 0.19445614516735077 -0.31232982873916626
    outer loop
      vertex 9.634483337402344 2.5703723430633545 17.004173278808594
      vertex 9.758731842041016 5.519987106323242 19.210508346557617
      vertex 10.525775909423828 3.369408130645752 20.155179977416992
    endloop
  endfacet
  facet normal 0.8709418773651123 0.39413630962371826 -0.2934566140174866
    outer loop
      vertex 9.758731842041016 5.519987106323242 19.210508346557617
      vertex 9.61037826538086 7.976867198944092 22.070005416870117
      vertex 10.613534927368164 5.979796409606934 22.36501693725586
    endloop
  endfacet
  facet normal 0.9526968598365784 0.17707641422748566 -0.2470073401927948
    outer loop
      vertex 10.525775909423828 3.369408130645752 20.155179977416992
      vertex 10.613534927368164 5.979796409606934 22.36501693725586
      vertex 11.28154182434082 3.895879030227661 23.44755744934082
    endloop
  endfacet
  facet normal 0.935760498046875 0.2089906632900238 -0.28403371572494507
    outer loop
      vertex 10.613534927368164 5.979796409606934 22.36501693725586
      vertex 10.525775909423828 3.369408130645752 20.155179977416992
      vertex 9.758731842041016 5.519987106323242 19.210508346557617
    endloop
  endfacet
  facet normal 0.7525214552879333 0.6195801496505737 -0.22323077917099
    outer loop
      vertex 9.61037826538086 7.976867198944092 22.070005416870117
      vertex 9.15655517578125 9.792213439941406 25.578664779663086
      vertex 10.480517387390137 8.085101127624512 25.30368995666504
    endloop
  endfacet
  facet normal 0.6272129416465759 0.7701748013496399 -0.1159086674451828
    outer loop
      vertex 9.15655517578125 9.792213439941406 25.578664779663086
      vertex 8.419879913330078 10.993955612182617 29.577495574951172
      vertex 10.066372871398926 9.562487602233887 28.975481033325195
    endloop
  endfacet
  facet normal 0.8090158104896545 0.5712158679962158 -0.13858556747436523
    outer loop
      vertex 10.480517387390137 8.085101127624512 25.30368995666504
      vertex 10.066372871398926 9.562487602233887 28.975481033325195
      vertex 11.279487609863281 7.794222354888916 28.768877029418945
    endloop
  endfacet
  facet normal 0.7666715979576111 0.620910108089447 -0.16335660219192505
    outer loop
      vertex 10.066372871398926 9.562487602233887 28.975481033325195
      vertex 10.480517387390137 8.085101127624512 25.30368995666504
      vertex 9.15655517578125 9.792213439941406 25.578664779663086
    endloop
  endfacet
  facet normal 0.957471489906311 0.18854503333568573 -0.21840129792690277
    outer loop
      vertex 11.28154182434082 3.895879030227661 23.44755744934082
      vertex 11.353315353393555 6.105072498321533 25.669401168823242
      vertex 11.977389335632324 4.126328468322754 26.697099685668945
    endloop
  endfacet
  facet normal 0.9068946242332458 0.37868326902389526 -0.1847728192806244
    outer loop
      vertex 11.353315353393555 6.105072498321533 25.669401168823242
      vertex 11.279487609863281 7.794222354888916 28.768877029418945
      vertex 12.12337589263916 5.862869739532471 28.952598571777344
    endloop
  endfacet
  facet normal 0.95774906873703 0.19457460939884186 -0.2117958515882492
    outer loop
      vertex 11.977389335632324 4.126328468322754 26.697099685668945
      vertex 12.12337589263916 5.862869739532471 28.952598571777344
      vertex 12.585001945495605 4.151703834533691 29.468059539794922
    endloop
  endfacet
  facet normal 0.9583616852760315 0.19290390610694885 -0.2105492204427719
    outer loop
      vertex 12.12337589263916 5.862869739532471 28.952598571777344
      vertex 11.977389335632324 4.126328468322754 26.697099685668945
      vertex 11.353315353393555 6.105072498321533 25.669401168823242
    endloop
  endfacet
  facet normal 0.9120100140571594 0.36889487504959106 -0.1793164610862732
    outer loop
      vertex 11.279487609863281 7.794222354888916 28.768877029418945
      vertex 11.353315353393555 6.105072498321533 25.669401168823242
      vertex 10.480517387390137 8.085101127624512 25.30368995666504
    endloop
  endfacet
  facet normal 0.9562032222747803 0.1915365755558014 -0.22133484482765198
    outer loop
      vertex 11.353315353393555 6.105072498321533 25.669401168823242
      vertex 11.28154182434082 3.895879030227661 23.44755744934082
      vertex 10.613534927368164 5.979796409606934 22.36501693725586
    endloop
  endfacet
  facet normal 0.8794965147972107 0.40482190251350403 -0.25020986795425415
    outer loop
      vertex 10.480517387390137 8.085101127624512 25.30368995666504
      vertex 10.613534927368164 5.979796409606934 22.36501693725586
      vertex 9.61037826538086 7.976867198944092 22.070005416870117
    endloop
  endfacet
  facet normal 0.9074310660362244 0.3599531054496765 -0.21680083870887756
    outer loop
      vertex 10.613534927368164 5.979796409606934 22.36501693725586
      vertex 10.480517387390137 8.085101127624512 25.30368995666504
      vertex 11.353315353393555 6.105072498321533 25.669401168823242
    endloop
  endfacet
  facet normal 0.5440796613693237 0.8258835077285767 -0.14796549081802368
    outer loop
      vertex 8.419879913330078 10.993955612182617 29.577495574951172
      vertex 9.15655517578125 9.792213439941406 25.578664779663086
      vertex 7.374294281005859 11.123295783996582 26.454727172851562
    endloop
  endfacet
  facet normal 0.6948394179344177 0.6714699864387512 -0.25753894448280334
    outer loop
      vertex 9.15655517578125 9.792213439941406 25.578664779663086
      vertex 9.61037826538086 7.976867198944092 22.070005416870117
      vertex 8.151620864868164 9.677702903747559 22.568796157836914
    endloop
  endfacet
  facet normal 0.39474305510520935 0.8841413855552673 -0.24994376301765442
    outer loop
      vertex 7.374294281005859 11.123295783996582 26.454727172851562
      vertex 8.151620864868164 9.677702903747559 22.568796157836914
      vertex 6.2254719734191895 10.898062705993652 23.843629837036133
    endloop
  endfacet
  facet normal 0.5190523862838745 0.8298265337944031 -0.20487187802791595
    outer loop
      vertex 8.151620864868164 9.677702903747559 22.568796157836914
      vertex 7.374294281005859 11.123295783996582 26.454727172851562
      vertex 9.15655517578125 9.792213439941406 25.578664779663086
    endloop
  endfacet
  facet normal 0.8481795191764832 0.42272934317588806 -0.3192046582698822
    outer loop
      vertex 9.61037826538086 7.976867198944092 22.070005416870117
      vertex 9.758731842041016 5.519987106323242 19.210508346557617
      vertex 8.654054641723633 7.611531734466553 19.045074462890625
    endloop
  endfacet
  facet normal 0.9038882851600647 0.23115792870521545 -0.35993340611457825
    outer loop
      vertex 9.758731842041016 5.519987106323242 19.210508346557617
      vertex 9.634483337402344 2.5703723430633545 17.004173278808594
      vertex 8.75948715209961 4.830821990966797 16.258541107177734
    endloop
  endfacet
  facet normal 0.5618782639503479 0.5960772037506104 -0.5735719799995422
    outer loop
      vertex 8.654054641723633 7.611531734466553 19.045074462890625
      vertex 8.75948715209961 4.830821990966797 16.258541107177734
      vertex 7.323755264282227 6.743804454803467 16.84012222290039
    endloop
  endfacet
  facet normal 0.8310398459434509 0.4091196060180664 -0.37682095170021057
    outer loop
      vertex 8.75948715209961 4.830821990966797 16.258541107177734
      vertex 8.654054641723633 7.611531734466553 19.045074462890625
      vertex 9.758731842041016 5.519987106323242 19.210508346557617
    endloop
  endfacet
  facet normal 0.3235938549041748 0.8778001666069031 -0.35320526361465454
    outer loop
      vertex 6.2254719734191895 10.898062705993652 23.843629837036133
      vertex 6.931230068206787 9.138534545898438 20.117368698120117
      vertex 4.8771562576293945 10.51197624206543 21.648834228515625
    endloop
  endfacet
  facet normal 0.333599328994751 0.779747486114502 -0.5298163294792175
    outer loop
      vertex 6.931230068206787 9.138534545898438 20.117368698120117
      vertex 7.323755264282227 6.743804454803467 16.84012222290039
      vertex 5.4478254318237305 8.398186683654785 18.093748092651367
    endloop
  endfacet
  facet normal 0.0487128347158432 0.8619357943534851 -0.5046718716621399
    outer loop
      vertex 4.8771562576293945 10.51197624206543 21.648834228515625
      vertex 5.4478254318237305 8.398186683654785 18.093748092651367
      vertex 3.209054708480835 9.701415061950684 20.10345458984375
    endloop
  endfacet
  facet normal 0.21854268014431 0.8537733554840088 -0.4725572168827057
    outer loop
      vertex 5.4478254318237305 8.398186683654785 18.093748092651367
      vertex 4.8771562576293945 10.51197624206543 21.648834228515625
      vertex 6.931230068206787 9.138534545898438 20.117368698120117
    endloop
  endfacet
  facet normal 0.3605220317840576 0.7731578946113586 -0.5217766165733337
    outer loop
      vertex 7.323755264282227 6.743804454803467 16.84012222290039
      vertex 6.931230068206787 9.138534545898438 20.117368698120117
      vertex 8.654054641723633 7.611531734466553 19.045074462890625
    endloop
  endfacet
  facet normal 0.32232174277305603 0.8781118988990784 -0.3535934090614319
    outer loop
      vertex 6.931230068206787 9.138534545898438 20.117368698120117
      vertex 6.2254719734191895 10.898062705993652 23.843629837036133
      vertex 8.151620864868164 9.677702903747559 22.568796157836914
    endloop
  endfacet
  facet normal 0.6803930401802063 0.6703792810440063 -0.29606932401657104
    outer loop
      vertex 8.654054641723633 7.611531734466553 19.045074462890625
      vertex 8.151620864868164 9.677702903747559 22.568796157836914
      vertex 9.61037826538086 7.976867198944092 22.070005416870117
    endloop
  endfacet
  facet normal 0.4548742473125458 0.7950118780136108 -0.40130478143692017
    outer loop
      vertex 8.151620864868164 9.677702903747559 22.568796157836914
      vertex 8.654054641723633 7.611531734466553 19.045074462890625
      vertex 6.931230068206787 9.138534545898438 20.117368698120117
    endloop
  endfacet
  facet normal 0.16559763252735138 0.9861910939216614 -0.0021418302785605192
    outer loop
      vertex 1.0364710092544556 13.720773696899414 34.31364822387695
      vertex -0.035383038222789764 13.906522750854492 36.96912384033203
      vertex 1.6355527639389038 13.62531852722168 36.6805419921875
    endloop
  endfacet
  facet normal 0.034488495439291 0.9992111325263977 0.019691497087478638
    outer loop
      vertex -0.035383038222789764 13.906522750854492 36.96912384033203
      vertex -1.2657299041748047 13.883560180664062 40.28919982910156
      vertex 0.6366837024688721 13.820173263549805 40.1736946105957
    endloop
  endfacet
  facet normal 0.16042111814022064 0.9870059490203857 -0.009184567257761955
    outer loop
      vertex 1.6355527639389038 13.62531852722168 36.6805419921875
      vertex 0.6366837024688721 13.820173263549805 40.1736946105957
      vertex 2.5367870330810547 13.507403373718262 39.75026321411133
    endloop
  endfacet
  facet normal 0.16461773216724396 0.9863254427909851 -0.00794658437371254
    outer loop
      vertex 0.6366837024688721 13.820173263549805 40.1736946105957
      vertex 1.6355527639389038 13.62531852722168 36.6805419921875
      vertex -0.035383038222789764 13.906522750854492 36.96912384033203
    endloop
  endfacet
  facet normal -0.11311029642820358 0.9932190179824829 0.026870209723711014
    outer loop
      vertex -1.2657299041748047 13.883560180664062 40.28919982910156
      vertex -2.462415933609009 13.654807090759277 43.707275390625
      vertex -0.4690040349960327 13.88299560546875 43.66389083862305
    endloop
  endfacet
  facet normal -0.18584761023521423 0.9825667142868042 -0.004840448964387178
    outer loop
      vertex -1.538501262664795 13.840150833129883 45.8569221496582
      vertex -2.462415933609009 13.654807090759277 43.707275390625
      vertex -2.5477330684661865 13.651041984558105 46.218719482421875
    endloop
  endfacet
  facet normal -0.0458633229136467 0.998105525970459 -0.041011273860931396
    outer loop
      vertex 0.3988586962223053 14.009228706359863 45.76552963256836
      vertex -0.4690040349960327 13.88299560546875 43.66389083862305
      vertex -0.58024662733078 13.978235244750977 46.10617446899414
    endloop
  endfacet
  facet normal -0.11443539708852768 0.9927631616592407 -0.03641244024038315
    outer loop
      vertex -1.538501262664795 13.840150833129883 45.8569221496582
      vertex -0.4690040349960327 13.88299560546875 43.66389083862305
      vertex -2.462415933609009 13.654807090759277 43.707275390625
    endloop
  endfacet
  facet normal 0.15418633818626404 0.9873424768447876 -0.037168845534324646
    outer loop
      vertex 2.5367870330810547 13.507403373718262 39.75026321411133
      vertex 1.4918415546417236 13.81130313873291 43.48825454711914
      vertex 3.4813554286956787 13.488039016723633 43.154197692871094
    endloop
  endfacet
  facet normal 0.08244121074676514 0.9932854771614075 -0.08116297423839569
    outer loop
      vertex 2.399463653564453 13.911206245422363 45.6328010559082
      vertex 1.4918415546417236 13.81130313873291 43.48825454711914
      vertex 1.3676620721817017 14.02991771697998 46.037559509277344
    endloop
  endfacet
  facet normal 0.21337567269802094 0.971042811870575 -0.10745620727539062
    outer loop
      vertex 4.433368682861328 13.522603988647461 45.35696029663086
      vertex 3.4813554286956787 13.488039016723633 43.154197692871094
      vertex 3.406435966491699 13.801912307739258 45.84178924560547
    endloop
  endfacet
  facet normal 0.1421130746603012 0.9841592907905579 -0.10599236190319061
    outer loop
      vertex 2.399463653564453 13.911206245422363 45.6328010559082
      vertex 3.4813554286956787 13.488039016723633 43.154197692871094
      vertex 1.4918415546417236 13.81130313873291 43.48825454711914
    endloop
  endfacet
  facet normal 0.02997758612036705 0.9969353079795837 -0.07225916534662247
    outer loop
      vertex 0.3988586962223053 14.009228706359863 45.76552963256836
      vertex 1.4918415546417236 13.81130313873291 43.48825454711914
      vertex -0.4690040349960327 13.88299560546875 43.66389083862305
    endloop
  endfacet
  facet normal 0.1542426347732544 0.9873343110084534 -0.037152450531721115
    outer loop
      vertex 1.4918415546417236 13.81130313873291 43.48825454711914
      vertex 2.5367870330810547 13.507403373718262 39.75026321411133
      vertex 0.6366837024688721 13.820173263549805 40.1736946105957
    endloop
  endfacet
  facet normal 0.03283970430493355 0.9994319081306458 -0.007585876155644655
    outer loop
      vertex -0.4690040349960327 13.88299560546875 43.66389083862305
      vertex 0.6366837024688721 13.820173263549805 40.1736946105957
      vertex -1.2657299041748047 13.883560180664062 40.28919982910156
    endloop
  endfacet
  facet normal 0.035946428775787354 0.9993318915367126 -0.006599871441721916
    outer loop
      vertex 0.6366837024688721 13.820173263549805 40.1736946105957
      vertex -0.4690040349960327 13.88299560546875 43.66389083862305
      vertex 1.4918415546417236 13.81130313873291 43.48825454711914
    endloop
  endfacet
  facet normal -0.3375466465950012 0.9406265020370483 -0.035834312438964844
    outer loop
      vertex -3.5669445991516113 13.34697437286377 45.91560363769531
      vertex -4.139346122741699 13.210403442382812 47.722530364990234
      vertex -3.0926311016082764 13.584877014160156 47.69252014160156
    endloop
  endfacet
  facet normal 0.21277578175067902 0.9657065272331238 -0.14878663420677185
    outer loop
      vertex 4.433368682861328 13.522603988647461 45.35696029663086
      vertex 3.813408136367798 13.962749481201172 47.32715606689453
      vertex 4.8219099044799805 13.725706100463867 47.2308464050293
    endloop
  endfacet
  facet normal 0.06660327315330505 0.9890899062156677 -0.13139718770980835
    outer loop
      vertex 2.399463653564453 13.911206245422363 45.6328010559082
      vertex 1.742034912109375 14.202249526977539 47.49038314819336
      vertex 2.786224842071533 14.123550415039062 47.42726135253906
    endloop
  endfacet
  facet normal -0.18417370319366455 0.9808610677719116 -0.0631798580288887
    outer loop
      vertex -1.538501262664795 13.840150833129883 45.8569221496582
      vertex -2.0685174465179443 13.8529052734375 47.59996795654297
      vertex -1.112070083618164 14.024221420288086 47.47152328491211
    endloop
  endfacet
  facet normal -0.06648106127977371 0.9929987788200378 -0.09764090180397034
    outer loop
      vertex 0.3988586962223053 14.009228706359863 45.76552963256836
      vertex -0.2107681930065155 14.132604598999023 47.43532943725586
      vertex 0.7270076274871826 14.200445175170898 47.48675537109375
    endloop
  endfacet
  facet normal 0.785295844078064 0.6115256547927856 -0.0966796725988388
    outer loop
      vertex 11.182287216186523 9.349822044372559 47.08854293823242
      vertex 11.608780860900879 8.357773780822754 44.27782440185547
      vertex 10.740774154663086 9.729950904846191 45.90670394897461
    endloop
  endfacet
  facet normal 0.7343083620071411 0.6731294393539429 -0.08768155425786972
    outer loop
      vertex 10.362393379211426 9.877030372619629 43.86699676513672
      vertex 9.913603782653809 10.682174682617188 46.28958511352539
      vertex 10.740774154663086 9.729950904846191 45.90670394897461
    endloop
  endfacet
  facet normal 0.3809630274772644 0.9133965969085693 -0.1434353142976761
    outer loop
      vertex 6.448169231414795 12.805116653442383 45.0042724609375
      vertex 5.832352638244629 13.395431518554688 47.1277961730957
      vertex 6.853364944458008 12.95018196105957 47.00424575805664
    endloop
  endfacet
  facet normal 0.5703283548355103 0.8131000399589539 -0.11659333109855652
    outer loop
      vertex 8.44063663482666 11.639604568481445 44.52694320678711
      vertex 7.880621910095215 12.364988327026367 46.84626388549805
      vertex 8.917282104492188 11.608927726745605 46.644569396972656
    endloop
  endfacet
  facet normal 0.7812315821647644 0.6237752437591553 -0.024118153378367424
    outer loop
      vertex 11.608780860900879 8.357773780822754 44.27782440185547
      vertex 12.468988418579102 7.115344047546387 40.0081901550293
      vertex 10.99704360961914 8.978527069091797 40.51725769042969
    endloop
  endfacet
  facet normal 0.8521229028701782 0.5213150978088379 -0.0460117906332016
    outer loop
      vertex 12.468988418579102 7.115344047546387 40.0081901550293
      vertex 12.863205909729004 6.1118621826171875 35.939483642578125
      vertex 11.689665794372559 8.070549011230469 36.39789962768555
    endloop
  endfacet
  facet normal 0.7641757130622864 0.6448636651039124 -0.01365187019109726
    outer loop
      vertex 10.99704360961914 8.978527069091797 40.51725769042969
      vertex 11.689665794372559 8.070549011230469 36.39789962768555
      vertex 10.228826522827148 9.813570976257324 36.959983825683594
    endloop
  endfacet
  facet normal 0.7840007543563843 0.620739758014679 -0.005001208744943142
    outer loop
      vertex 11.689665794372559 8.070549011230469 36.39789962768555
      vertex 10.99704360961914 8.978527069091797 40.51725769042969
      vertex 12.468988418579102 7.115344047546387 40.0081901550293
    endloop
  endfacet
  facet normal 0.8931542634963989 0.43869513273239136 -0.09910677373409271
    outer loop
      vertex 12.863205909729004 6.1118621826171875 35.939483642578125
      vertex 12.923955917358398 5.1361799240112305 32.16811752319336
      vertex 12.016406059265137 7.040987491607666 32.42085266113281
    endloop
  endfacet
  facet normal 0.9603046774864197 0.20070534944534302 -0.1937323808670044
    outer loop
      vertex 12.923955917358398 5.1361799240112305 32.16811752319336
      vertex 12.585001945495605 4.151703834533691 29.468059539794922
      vertex 12.12337589263916 5.862869739532471 28.952598571777344
    endloop
  endfacet
  facet normal 0.9149547815322876 0.38986843824386597 -0.10421334207057953
    outer loop
      vertex 12.016406059265137 7.040987491607666 32.42085266113281
      vertex 12.12337589263916 5.862869739532471 28.952598571777344
      vertex 11.279487609863281 7.794222354888916 28.768877029418945
    endloop
  endfacet
  facet normal 0.8896352052688599 0.44006189703941345 -0.12204428762197495
    outer loop
      vertex 12.12337589263916 5.862869739532471 28.952598571777344
      vertex 12.016406059265137 7.040987491607666 32.42085266113281
      vertex 12.923955917358398 5.1361799240112305 32.16811752319336
    endloop
  endfacet
  facet normal 0.707004725933075 0.7050806879997253 -0.054822977632284164
    outer loop
      vertex 10.228826522827148 9.813570976257324 36.959983825683594
      vertex 10.826716423034668 8.883435249328613 32.70793914794922
      vertex 9.293159484863281 10.460868835449219 33.21841812133789
    endloop
  endfacet
  facet normal 0.8194804191589355 0.5695998072624207 -0.06330908089876175
    outer loop
      vertex 10.826716423034668 8.883435249328613 32.70793914794922
      vertex 11.279487609863281 7.794222354888916 28.768877029418945
      vertex 10.066372871398926 9.562487602233887 28.975481033325195
    endloop
  endfacet
  facet normal 0.646382749080658 0.7617722749710083 -0.04350055754184723
    outer loop
      vertex 9.293159484863281 10.460868835449219 33.21841812133789
      vertex 10.066372871398926 9.562487602233887 28.975481033325195
      vertex 8.419879913330078 10.993955612182617 29.577495574951172
    endloop
  endfacet
  facet normal 0.7139575481414795 0.6999551057815552 -0.018097152933478355
    outer loop
      vertex 10.066372871398926 9.562487602233887 28.975481033325195
      vertex 9.293159484863281 10.460868835449219 33.21841812133789
      vertex 10.826716423034668 8.883435249328613 32.70793914794922
    endloop
  endfacet
  facet normal 0.8348292112350464 0.5477052330970764 -0.05549061298370361
    outer loop
      vertex 11.279487609863281 7.794222354888916 28.768877029418945
      vertex 10.826716423034668 8.883435249328613 32.70793914794922
      vertex 12.016406059265137 7.040987491607666 32.42085266113281
    endloop
  endfacet
  facet normal 0.7603732347488403 0.6485453248023987 -0.0349515937268734
    outer loop
      vertex 10.826716423034668 8.883435249328613 32.70793914794922
      vertex 10.228826522827148 9.813570976257324 36.959983825683594
      vertex 11.689665794372559 8.070549011230469 36.39789962768555
    endloop
  endfacet
  facet normal 0.8490707874298096 0.52414870262146 -0.06593277305364609
    outer loop
      vertex 12.016406059265137 7.040987491607666 32.42085266113281
      vertex 11.689665794372559 8.070549011230469 36.39789962768555
      vertex 12.863205909729004 6.1118621826171875 35.939483642578125
    endloop
  endfacet
  facet normal 0.8325234651565552 0.5490601062774658 -0.07374121248722076
    outer loop
      vertex 11.689665794372559 8.070549011230469 36.39789962768555
      vertex 12.016406059265137 7.040987491607666 32.42085266113281
      vertex 10.826716423034668 8.883435249328613 32.70793914794922
    endloop
  endfacet
  facet normal 0.2548016309738159 0.9588581323623657 -0.12516891956329346
    outer loop
      vertex 4.433368682861328 13.522603988647461 45.35696029663086
      vertex 5.487098693847656 12.89526081085205 42.69622802734375
      vertex 3.4813554286956787 13.488039016723633 43.154197692871094
    endloop
  endfacet
  facet normal 0.3251883387565613 0.9433943033218384 -0.06526709347963333
    outer loop
      vertex 5.487098693847656 12.89526081085205 42.69622802734375
      vertex 6.5135626792907715 12.241891860961914 38.36647415161133
      vertex 4.503246307373047 12.985993385314941 39.10573959350586
    endloop
  endfacet
  facet normal 0.23730513453483582 0.9695596694946289 -0.06033489108085632
    outer loop
      vertex 3.4813554286956787 13.488039016723633 43.154197692871094
      vertex 4.503246307373047 12.985993385314941 39.10573959350586
      vertex 2.5367870330810547 13.507403373718262 39.75026321411133
    endloop
  endfacet
  facet normal 0.27246570587158203 0.9608456492424011 -0.050379231572151184
    outer loop
      vertex 4.503246307373047 12.985993385314941 39.10573959350586
      vertex 3.4813554286956787 13.488039016723633 43.154197692871094
      vertex 5.487098693847656 12.89526081085205 42.69622802734375
    endloop
  endfacet
  facet normal 0.3763757348060608 0.925374448299408 -0.04498215764760971
    outer loop
      vertex 6.5135626792907715 12.241891860961914 38.36647415161133
      vertex 7.426610946655273 11.657093048095703 33.975650787353516
      vertex 5.412321090698242 12.521749496459961 34.90938186645508
    endloop
  endfacet
  facet normal 0.45411649346351624 0.8903784155845642 -0.03169133514165878
    outer loop
      vertex 7.426610946655273 11.657093048095703 33.975650787353516
      vertex 8.419879913330078 10.993955612182617 29.577495574951172
      vertex 6.4232096672058105 12.048062324523926 30.58196449279785
    endloop
  endfacet
  facet normal 0.3038846254348755 0.9521290063858032 -0.03323409706354141
    outer loop
      vertex 5.412321090698242 12.521749496459961 34.90938186645508
      vertex 6.4232096672058105 12.048062324523926 30.58196449279785
      vertex 4.351511001586914 12.753264427185059 31.842296600341797
    endloop
  endfacet
  facet normal 0.3907221555709839 0.9204598069190979 -0.009482205845415592
    outer loop
      vertex 6.4232096672058105 12.048062324523926 30.58196449279785
      vertex 5.412321090698242 12.521749496459961 34.90938186645508
      vertex 7.426610946655273 11.657093048095703 33.975650787353516
    endloop
  endfacet
  facet normal 0.23837879300117493 0.9706215262413025 -0.03270139545202255
    outer loop
      vertex 2.5367870330810547 13.507403373718262 39.75026321411133
      vertex 3.4362337589263916 13.155835151672363 35.8718147277832
      vertex 1.6355527639389038 13.62531852722168 36.6805419921875
    endloop
  endfacet
  facet normal 0.2619108259677887 0.9643880128860474 -0.036856360733509064
    outer loop
      vertex 3.4362337589263916 13.155835151672363 35.8718147277832
      vertex 4.351511001586914 12.753264427185059 31.842296600341797
      vertex 2.4785561561584473 13.312628746032715 33.16899108886719
    endloop
  endfacet
  facet normal 0.2536652088165283 0.966963529586792 -0.025207946076989174
    outer loop
      vertex 1.6355527639389038 13.62531852722168 36.6805419921875
      vertex 2.4785561561584473 13.312628746032715 33.16899108886719
      vertex 1.0364710092544556 13.720773696899414 34.31364822387695
    endloop
  endfacet
  facet normal 0.2400674819946289 0.9703297019004822 -0.02877204306423664
    outer loop
      vertex 2.4785561561584473 13.312628746032715 33.16899108886719
      vertex 1.6355527639389038 13.62531852722168 36.6805419921875
      vertex 3.4362337589263916 13.155835151672363 35.8718147277832
    endloop
  endfacet
  facet normal 0.29255610704421997 0.9558074474334717 -0.029038242995738983
    outer loop
      vertex 4.351511001586914 12.753264427185059 31.842296600341797
      vertex 3.4362337589263916 13.155835151672363 35.8718147277832
      vertex 5.412321090698242 12.521749496459961 34.90938186645508
    endloop
  endfacet
  facet normal 0.24680431187152863 0.9685832262039185 -0.03056267835199833
    outer loop
      vertex 3.4362337589263916 13.155835151672363 35.8718147277832
      vertex 2.5367870330810547 13.507403373718262 39.75026321411133
      vertex 4.503246307373047 12.985993385314941 39.10573959350586
    endloop
  endfacet
  facet normal 0.3368692398071289 0.9410366415977478 -0.031129660084843636
    outer loop
      vertex 5.412321090698242 12.521749496459961 34.90938186645508
      vertex 4.503246307373047 12.985993385314941 39.10573959350586
      vertex 6.5135626792907715 12.241891860961914 38.36647415161133
    endloop
  endfacet
  facet normal 0.28574469685554504 0.9572949409484863 -0.04400365427136421
    outer loop
      vertex 4.503246307373047 12.985993385314941 39.10573959350586
      vertex 5.412321090698242 12.521749496459961 34.90938186645508
      vertex 3.4362337589263916 13.155835151672363 35.8718147277832
    endloop
  endfacet
  facet normal 0.5379542112350464 0.842955470085144 -0.005607376340776682
    outer loop
      vertex 8.419879913330078 10.993955612182617 29.577495574951172
      vertex 7.426610946655273 11.657093048095703 33.975650787353516
      vertex 9.293159484863281 10.460868835449219 33.21841812133789
    endloop
  endfacet
  facet normal 0.4618222117424011 0.8866981267929077 -0.02206284925341606
    outer loop
      vertex 7.426610946655273 11.657093048095703 33.975650787353516
      vertex 6.5135626792907715 12.241891860961914 38.36647415161133
      vertex 8.466849327087402 11.206243515014648 37.63056182861328
    endloop
  endfacet
  facet normal 0.6158332228660583 0.7876770496368408 -0.017734063789248466
    outer loop
      vertex 9.293159484863281 10.460868835449219 33.21841812133789
      vertex 8.466849327087402 11.206243515014648 37.63056182861328
      vertex 10.228826522827148 9.813570976257324 36.959983825683594
    endloop
  endfacet
  facet normal 0.5260387063026428 0.8492716550827026 -0.04495648294687271
    outer loop
      vertex 8.466849327087402 11.206243515014648 37.63056182861328
      vertex 9.293159484863281 10.460868835449219 33.21841812133789
      vertex 7.426610946655273 11.657093048095703 33.975650787353516
    endloop
  endfacet
  facet normal 0.4152919352054596 0.9088648557662964 -0.03869546204805374
    outer loop
      vertex 6.5135626792907715 12.241891860961914 38.36647415161133
      vertex 5.487098693847656 12.89526081085205 42.69622802734375
      vertex 7.467096328735352 11.967120170593262 42.1463623046875
    endloop
  endfacet
  facet normal 0.36123761534690857 0.9254451394081116 -0.11427482962608337
    outer loop
      vertex 6.448169231414795 12.805116653442383 45.0042724609375
      vertex 5.487098693847656 12.89526081085205 42.69622802734375
      vertex 5.432374954223633 13.268294334411621 45.544219970703125
    endloop
  endfacet
  facet normal 0.5334116220474243 0.8396069407463074 -0.10262761265039444
    outer loop
      vertex 8.44063663482666 11.639604568481445 44.52694320678711
      vertex 7.467096328735352 11.967120170593262 42.1463623046875
      vertex 7.445754528045654 12.349625587463379 45.16475296020508
    endloop
  endfacet
  facet normal 0.3917199969291687 0.9112042188644409 -0.12752391397953033
    outer loop
      vertex 6.448169231414795 12.805116653442383 45.0042724609375
      vertex 7.467096328735352 11.967120170593262 42.1463623046875
      vertex 5.487098693847656 12.89526081085205 42.69622802734375
    endloop
  endfacet
  facet normal 0.712028980255127 0.7020633220672607 0.01103677786886692
    outer loop
      vertex 10.228826522827148 9.813570976257324 36.959983825683594
      vertex 9.357608795166016 10.626057624816895 41.48261260986328
      vertex 10.99704360961914 8.978527069091797 40.51725769042969
    endloop
  endfacet
  facet normal 0.704440176486969 0.7057746648788452 -0.07514149695634842
    outer loop
      vertex 10.362393379211426 9.877030372619629 43.86699676513672
      vertex 9.357608795166016 10.626057624816895 41.48261260986328
      vertex 9.425355911254883 10.890713691711426 44.60354232788086
    endloop
  endfacet
  facet normal 0.7758556008338928 0.6305222511291504 -0.022129908204078674
    outer loop
      vertex 10.99704360961914 8.978527069091797 40.51725769042969
      vertex 10.362393379211426 9.877030372619629 43.86699676513672
      vertex 11.608780860900879 8.357773780822754 44.27782440185547
    endloop
  endfacet
  facet normal 0.6886409521102905 0.722335934638977 -0.0632810965180397
    outer loop
      vertex 10.362393379211426 9.877030372619629 43.86699676513672
      vertex 10.99704360961914 8.978527069091797 40.51725769042969
      vertex 9.357608795166016 10.626057624816895 41.48261260986328
    endloop
  endfacet
  facet normal 0.5489338636398315 0.8285297155380249 -0.11049941927194595
    outer loop
      vertex 8.44063663482666 11.639604568481445 44.52694320678711
      vertex 9.357608795166016 10.626057624816895 41.48261260986328
      vertex 7.467096328735352 11.967120170593262 42.1463623046875
    endloop
  endfacet
  facet normal 0.6144500970840454 0.7886112332344055 -0.0233086459338665
    outer loop
      vertex 9.357608795166016 10.626057624816895 41.48261260986328
      vertex 10.228826522827148 9.813570976257324 36.959983825683594
      vertex 8.466849327087402 11.206243515014648 37.63056182861328
    endloop
  endfacet
  facet normal 0.4532011151313782 0.8900257349014282 -0.04962810128927231
    outer loop
      vertex 7.467096328735352 11.967120170593262 42.1463623046875
      vertex 8.466849327087402 11.206243515014648 37.63056182861328
      vertex 6.5135626792907715 12.241891860961914 38.36647415161133
    endloop
  endfacet
  facet normal 0.576176106929779 0.8172626495361328 -0.010142668150365353
    outer loop
      vertex 8.466849327087402 11.206243515014648 37.63056182861328
      vertex 7.467096328735352 11.967120170593262 42.1463623046875
      vertex 9.357608795166016 10.626057624816895 41.48261260986328
    endloop
  endfacet
  facet normal 0.607336699962616 0.7903852462768555 -0.08020864427089691
    outer loop
      vertex 9.357608795166016 10.626057624816895 41.48261260986328
      vertex 8.44063663482666 11.639604568481445 44.52694320678711
      vertex 9.425355911254883 10.890713691711426 44.60354232788086
    endloop
  endfacet
  facet normal 0.4274730682373047 0.89722740650177 -0.11067861318588257
    outer loop
      vertex 7.467096328735352 11.967120170593262 42.1463623046875
      vertex 6.448169231414795 12.805116653442383 45.0042724609375
      vertex 7.445754528045654 12.349625587463379 45.16475296020508
    endloop
  endfacet
  facet normal 0.26600196957588196 0.9564533829689026 -0.12016626447439194
    outer loop
      vertex 5.487098693847656 12.89526081085205 42.69622802734375
      vertex 4.433368682861328 13.522603988647461 45.35696029663086
      vertex 5.432374954223633 13.268294334411621 45.544219970703125
    endloop
  endfacet
  facet normal 0.27146485447883606 0.9491960406303406 -0.15916602313518524
    outer loop
      vertex 4.8219099044799805 13.725706100463867 47.2308464050293
      vertex 5.432374954223633 13.268294334411621 45.544219970703125
      vertex 4.433368682861328 13.522603988647461 45.35696029663086
    endloop
  endfacet
  facet normal 0.29333120584487915 0.9441868662834167 -0.1498931348323822
    outer loop
      vertex 4.8219099044799805 13.725706100463867 47.2308464050293
      vertex 5.832352638244629 13.395431518554688 47.1277961730957
      vertex 5.432374954223633 13.268294334411621 45.544219970703125
    endloop
  endfacet
  facet normal 0.33795851469039917 0.927491307258606 -0.15982463955879211
    outer loop
      vertex 5.832352638244629 13.395431518554688 47.1277961730957
      vertex 6.448169231414795 12.805116653442383 45.0042724609375
      vertex 5.432374954223633 13.268294334411621 45.544219970703125
    endloop
  endfacet
  facet normal 0.43063512444496155 0.8896723985671997 -0.15177805721759796
    outer loop
      vertex 6.853364944458008 12.95018196105957 47.00424575805664
      vertex 7.445754528045654 12.349625587463379 45.16475296020508
      vertex 6.448169231414795 12.805116653442383 45.0042724609375
    endloop
  endfacet
  facet normal 0.4754485785961151 0.8699493408203125 -0.13090720772743225
    outer loop
      vertex 6.853364944458008 12.95018196105957 47.00424575805664
      vertex 7.880621910095215 12.364988327026367 46.84626388549805
      vertex 7.445754528045654 12.349625587463379 45.16475296020508
    endloop
  endfacet
  facet normal 0.5138275027275085 0.8462909460067749 -0.1406165063381195
    outer loop
      vertex 7.880621910095215 12.364988327026367 46.84626388549805
      vertex 8.44063663482666 11.639604568481445 44.52694320678711
      vertex 7.445754528045654 12.349625587463379 45.16475296020508
    endloop
  endfacet
  facet normal 0.7745833992958069 0.6263316869735718 -0.08791547268629074
    outer loop
      vertex 10.740774154663086 9.729950904846191 45.90670394897461
      vertex 10.406980514526367 10.402671813964844 47.75843048095703
      vertex 11.182287216186523 9.349822044372559 47.08854293823242
    endloop
  endfacet
  facet normal 0.7265345454216003 0.6774152517318726 -0.11513515561819077
    outer loop
      vertex 10.740774154663086 9.729950904846191 45.90670394897461
      vertex 9.913603782653809 10.682174682617188 46.28958511352539
      vertex 10.406980514526367 10.402671813964844 47.75843048095703
    endloop
  endfacet
  facet normal 0.6067306399345398 0.7849869132041931 -0.12519417703151703
    outer loop
      vertex 8.917282104492188 11.608927726745605 46.644569396972656
      vertex 9.425355911254883 10.890713691711426 44.60354232788086
      vertex 8.44063663482666 11.639604568481445 44.52694320678711
    endloop
  endfacet
  facet normal 0.6587281227111816 0.7459057569503784 -0.09849818050861359
    outer loop
      vertex 8.917282104492188 11.608927726745605 46.644569396972656
      vertex 9.913603782653809 10.682174682617188 46.28958511352539
      vertex 9.425355911254883 10.890713691711426 44.60354232788086
    endloop
  endfacet
  facet normal 0.6884275674819946 0.7168079018592834 -0.11069759726524353
    outer loop
      vertex 9.913603782653809 10.682174682617188 46.28958511352539
      vertex 10.362393379211426 9.877030372619629 43.86699676513672
      vertex 9.425355911254883 10.890713691711426 44.60354232788086
    endloop
  endfacet
  facet normal 0.7823756337165833 0.6145924925804138 -0.10081934183835983
    outer loop
      vertex 11.608780860900879 8.357773780822754 44.27782440185547
      vertex 10.362393379211426 9.877030372619629 43.86699676513672
      vertex 10.740774154663086 9.729950904846191 45.90670394897461
    endloop
  endfacet
  facet normal 0.764464795589447 0.6347187757492065 -0.1128082424402237
    outer loop
      vertex 10.846725463867188 10.068120956420898 48.8560791015625
      vertex 11.182287216186523 9.349822044372559 47.08854293823242
      vertex 10.406980514526367 10.402671813964844 47.75843048095703
    endloop
  endfacet
  facet normal -0.26991963386535645 0.9612154364585876 -0.056642595678567886
    outer loop
      vertex -3.0926311016082764 13.584877014160156 47.69252014160156
      vertex -2.5477330684661865 13.651041984558105 46.218719482421875
      vertex -3.5669445991516113 13.34697437286377 45.91560363769531
    endloop
  endfacet
  facet normal -0.2572270929813385 0.9649626612663269 -0.05178162828087807
    outer loop
      vertex -3.0926311016082764 13.584877014160156 47.69252014160156
      vertex -2.0685174465179443 13.8529052734375 47.59996795654297
      vertex -2.5477330684661865 13.651041984558105 46.218719482421875
    endloop
  endfacet
  facet normal -0.20804093778133392 0.9755834937095642 -0.07039865851402283
    outer loop
      vertex -2.0685174465179443 13.8529052734375 47.59996795654297
      vertex -1.538501262664795 13.840150833129883 45.8569221496582
      vertex -2.5477330684661865 13.651041984558105 46.218719482421875
    endloop
  endfacet
  facet normal -0.12157336622476578 0.9892985224723816 -0.08067508041858673
    outer loop
      vertex -1.112070083618164 14.024221420288086 47.47152328491211
      vertex -0.58024662733078 13.978235244750977 46.10617446899414
      vertex -1.538501262664795 13.840150833129883 45.8569221496582
    endloop
  endfacet
  facet normal -0.12220262736082077 0.9892011880874634 -0.08091690391302109
    outer loop
      vertex -1.112070083618164 14.024221420288086 47.47152328491211
      vertex -0.2107681930065155 14.132604598999023 47.43532943725586
      vertex -0.58024662733078 13.978235244750977 46.10617446899414
    endloop
  endfacet
  facet normal -0.06525537371635437 0.9931230545043945 -0.0972025990486145
    outer loop
      vertex -0.2107681930065155 14.132604598999023 47.43532943725586
      vertex 0.3988586962223053 14.009228706359863 45.76552963256836
      vertex -0.58024662733078 13.978235244750977 46.10617446899414
    endloop
  endfacet
  facet normal 0.010328680276870728 0.993614673614502 -0.11235297471284866
    outer loop
      vertex 0.7270076274871826 14.200445175170898 47.48675537109375
      vertex 1.3676620721817017 14.02991771697998 46.037559509277344
      vertex 0.3988586962223053 14.009228706359863 45.76552963256836
    endloop
  endfacet
  facet normal -0.0013455566950142384 0.99307781457901 -0.11745069921016693
    outer loop
      vertex 0.7270076274871826 14.200445175170898 47.48675537109375
      vertex 1.742034912109375 14.202249526977539 47.49038314819336
      vertex 1.3676620721817017 14.02991771697998 46.037559509277344
    endloop
  endfacet
  facet normal 0.06155640631914139 0.9891760945320129 -0.1331968754529953
    outer loop
      vertex 1.742034912109375 14.202249526977539 47.49038314819336
      vertex 2.399463653564453 13.911206245422363 45.6328010559082
      vertex 1.3676620721817017 14.02991771697998 46.037559509277344
    endloop
  endfacet
  facet normal 0.13652946054935455 0.979910135269165 -0.14538215100765228
    outer loop
      vertex 2.786224842071533 14.123550415039062 47.42726135253906
      vertex 3.406435966491699 13.801912307739258 45.84178924560547
      vertex 2.399463653564453 13.911206245422363 45.6328010559082
    endloop
  endfacet
  facet normal 0.13930746912956238 0.9796863794326782 -0.1442500650882721
    outer loop
      vertex 2.786224842071533 14.123550415039062 47.42726135253906
      vertex 3.813408136367798 13.962749481201172 47.32715606689453
      vertex 3.406435966491699 13.801912307739258 45.84178924560547
    endloop
  endfacet
  facet normal 0.18955253064632416 0.9692555069923401 -0.15688712894916534
    outer loop
      vertex 3.813408136367798 13.962749481201172 47.32715606689453
      vertex 4.433368682861328 13.522603988647461 45.35696029663086
      vertex 3.406435966491699 13.801912307739258 45.84178924560547
    endloop
  endfacet
  facet normal 0.13006076216697693 0.9852240681648254 -0.11143488436937332
    outer loop
      vertex 3.4813554286956787 13.488039016723633 43.154197692871094
      vertex 2.399463653564453 13.911206245422363 45.6328010559082
      vertex 3.406435966491699 13.801912307739258 45.84178924560547
    endloop
  endfacet
  facet normal 0.002677212469279766 0.9963507652282715 -0.08531123399734497
    outer loop
      vertex 1.4918415546417236 13.81130313873291 43.48825454711914
      vertex 0.3988586962223053 14.009228706359863 45.76552963256836
      vertex 1.3676620721817017 14.02991771697998 46.037559509277344
    endloop
  endfacet
  facet normal -0.13111242651939392 0.990364134311676 -0.044592369347810745
    outer loop
      vertex -0.4690040349960327 13.88299560546875 43.66389083862305
      vertex -1.538501262664795 13.840150833129883 45.8569221496582
      vertex -0.58024662733078 13.978235244750977 46.10617446899414
    endloop
  endfacet
  facet normal -0.28363555669784546 0.9588971138000488 -0.008197923190891743
    outer loop
      vertex -2.462415933609009 13.654807090759277 43.707275390625
      vertex -3.5669445991516113 13.34697437286377 45.91560363769531
      vertex -2.5477330684661865 13.651041984558105 46.218719482421875
    endloop
  endfacet
  facet normal -0.44628673791885376 0.8944960236549377 0.026554901152849197
    outer loop
      vertex -4.527196884155273 13.074822425842285 43.60012435913086
      vertex -5.63025426864624 12.459271430969238 45.796634674072266
      vertex -4.612179756164551 12.955084800720215 46.205223083496094
    endloop
  endfacet
  facet normal -0.6050288081169128 0.7934018969535828 0.06673549115657806
    outer loop
      vertex -6.6081929206848145 12.099557876586914 43.327423095703125
      vertex -7.647159576416016 11.124852180480957 45.49611282348633
      vertex -6.655925750732422 11.837701797485352 46.007816314697266
    endloop
  endfacet
  facet normal -0.722127377986908 0.683445394039154 0.1069321557879448
    outer loop
      vertex -8.605344772338867 10.710100173950195 42.855716705322266
      vertex -9.626553535461426 9.299903869628906 44.97247314453125
      vertex -8.647883415222168 10.235252380371094 45.60338592529297
    endloop
  endfacet
  facet normal -0.7766076326370239 0.6285622715950012 0.04231095314025879
    outer loop
      vertex -9.15310287475586 9.549808502197266 47.07928466796875
      vertex -9.953155517578125 8.583998680114746 46.742366790771484
      vertex -9.687302589416504 8.802433013916016 48.37702178955078
    endloop
  endfacet
  facet normal -0.8279450535774231 0.5575745105743408 0.06014617159962654
    outer loop
      vertex -9.953155517578125 8.583998680114746 46.742366790771484
      vertex -10.389507293701172 7.827563285827637 47.748146057128906
      vertex -9.687302589416504 8.802433013916016 48.37702178955078
    endloop
  endfacet
  facet normal -0.8037747144699097 0.5875874757766724 0.09320476651191711
    outer loop
      vertex -10.389507293701172 7.827563285827637 47.748146057128906
      vertex -9.953155517578125 8.583998680114746 46.742366790771484
      vertex -10.869272232055664 7.559628009796143 45.29990768432617
    endloop
  endfacet
  facet normal -0.7146849632263184 0.6950658559799194 0.07815977185964584
    outer loop
      vertex -9.15310287475586 9.549808502197266 47.07928466796875
      vertex -8.647883415222168 10.235252380371094 45.60338592529297
      vertex -9.626553535461426 9.299903869628906 44.97247314453125
    endloop
  endfacet
  facet normal -0.7277304530143738 0.6824981570243835 0.06785737723112106
    outer loop
      vertex -9.15310287475586 9.549808502197266 47.07928466796875
      vertex -8.19653606414795 10.54084587097168 47.37021255493164
      vertex -8.647883415222168 10.235252380371094 45.60338592529297
    endloop
  endfacet
  facet normal -0.6615087985992432 0.7488987445831299 0.039455853402614594
    outer loop
      vertex -8.19653606414795 10.54084587097168 47.37021255493164
      vertex -7.647159576416016 11.124852180480957 45.49611282348633
      vertex -8.647883415222168 10.235252380371094 45.60338592529297
    endloop
  endfacet
  facet normal -0.8172947764396667 0.5758767127990723 0.019882285967469215
    outer loop
      vertex -10.167169570922852 8.09036636352539 49.27580261230469
      vertex -9.687302589416504 8.802433013916016 48.37702178955078
      vertex -10.389507293701172 7.827563285827637 47.748146057128906
    endloop
  endfacet
  facet normal -0.5884631276130676 0.8084073066711426 0.013741784729063511
    outer loop
      vertex -7.196361541748047 11.41866683959961 47.51594543457031
      vertex -6.655925750732422 11.837701797485352 46.007816314697266
      vertex -7.647159576416016 11.124852180480957 45.49611282348633
    endloop
  endfacet
  facet normal -0.5842096209526062 0.8114429116249084 0.016109472140669823
    outer loop
      vertex -7.196361541748047 11.41866683959961 47.51594543457031
      vertex -6.193922996520996 12.138282775878906 47.62190628051758
      vertex -6.655925750732422 11.837701797485352 46.007816314697266
    endloop
  endfacet
  facet normal -0.5197937488555908 0.8542298078536987 -0.010296234861016273
    outer loop
      vertex -6.193922996520996 12.138282775878906 47.62190628051758
      vertex -5.63025426864624 12.459271430969238 45.796634674072266
      vertex -6.655925750732422 11.837701797485352 46.007816314697266
    endloop
  endfacet
  facet normal -0.4289120137691498 0.9029430747032166 -0.026987669989466667
    outer loop
      vertex -5.1766462326049805 12.731422424316406 47.693016052246094
      vertex -4.612179756164551 12.955084800720215 46.205223083496094
      vertex -5.63025426864624 12.459271430969238 45.796634674072266
    endloop
  endfacet
  facet normal -0.4185938239097595 0.907899022102356 -0.02232792228460312
    outer loop
      vertex -5.1766462326049805 12.731422424316406 47.693016052246094
      vertex -4.139346122741699 13.210403442382812 47.722530364990234
      vertex -4.612179756164551 12.955084800720215 46.205223083496094
    endloop
  endfacet
  facet normal -0.36141344904899597 0.9313623905181885 -0.04409506916999817
    outer loop
      vertex -4.139346122741699 13.210403442382812 47.722530364990234
      vertex -3.5669445991516113 13.34697437286377 45.91560363769531
      vertex -4.612179756164551 12.955084800720215 46.205223083496094
    endloop
  endfacet
  facet normal -0.9879246354103088 0.13549162447452545 0.07514721155166626
    outer loop
      vertex -12.507522583007812 1.9662072658538818 47.90543746948242
      vertex -12.504318237304688 2.7249276638031006 46.5795783996582
      vertex -12.681742668151855 1.6830767393112183 46.12553787231445
    endloop
  endfacet
  facet normal -0.980961263179779 0.1695692092180252 0.09466488659381866
    outer loop
      vertex -12.507522583007812 1.9662072658538818 47.90543746948242
      vertex -12.308221817016602 3.056687355041504 48.01735305786133
      vertex -12.504318237304688 2.7249276638031006 46.5795783996582
    endloop
  endfacet
  facet normal -0.9721471667289734 0.21958784759044647 0.08192116767168045
    outer loop
      vertex -12.308221817016602 3.056687355041504 48.01735305786133
      vertex -12.256078720092773 3.8684144020080566 46.46031188964844
      vertex -12.504318237304688 2.7249276638031006 46.5795783996582
    endloop
  endfacet
  facet normal -0.9863701462745667 0.11800246685743332 0.1146707758307457
    outer loop
      vertex -12.720767974853516 3.277190685272217 44.14942169189453
      vertex -12.681742668151855 1.6830767393112183 46.12553787231445
      vertex -12.504318237304688 2.7249276638031006 46.5795783996582
    endloop
  endfacet
  facet normal -0.9963986277580261 -0.029125100001692772 0.07963363081216812
    outer loop
      vertex -12.962642669677734 1.0500154495239258 43.759544372558594
      vertex -12.750642776489258 -0.540357768535614 45.83048629760742
      vertex -12.744418144226074 0.5042295455932617 46.2904167175293
    endloop
  endfacet
  facet normal -0.9985612034797668 -0.016512664034962654 0.05101770907640457
    outer loop
      vertex -12.660439491271973 -0.28769320249557495 47.677799224853516
      vertex -12.744418144226074 0.5042295455932617 46.2904167175293
      vertex -12.750642776489258 -0.540357768535614 45.83048629760742
    endloop
  endfacet
  facet normal -0.9969543814659119 0.024174382910132408 0.07414474338293076
    outer loop
      vertex -12.660439491271973 -0.28769320249557495 47.677799224853516
      vertex -12.623924255371094 0.8429576754570007 47.80014419555664
      vertex -12.744418144226074 0.5042295455932617 46.2904167175293
    endloop
  endfacet
  facet normal -0.9959140419960022 0.06211744248867035 0.06554867327213287
    outer loop
      vertex -12.623924255371094 0.8429576754570007 47.80014419555664
      vertex -12.681742668151855 1.6830767393112183 46.12553787231445
      vertex -12.744418144226074 0.5042295455932617 46.2904167175293
    endloop
  endfacet
  facet normal -0.9514681100845337 0.2753840982913971 0.1373755931854248
    outer loop
      vertex -12.062190055847168 5.446999549865723 44.63874816894531
      vertex -12.256078720092773 3.8684144020080566 46.46031188964844
      vertex -11.893890380859375 4.869276523590088 46.96250534057617
    endloop
  endfacet
  facet normal -0.9498379230499268 0.30083492398262024 0.08547691255807877
    outer loop
      vertex -12.024496078491211 4.115216255187988 48.16509246826172
      vertex -11.893890380859375 4.869276523590088 46.96250534057617
      vertex -12.256078720092773 3.8684144020080566 46.46031188964844
    endloop
  endfacet
  facet normal -0.9436190724372864 0.31676483154296875 0.09614086896181107
    outer loop
      vertex -12.024496078491211 4.115216255187988 48.16509246826172
      vertex -11.650701522827148 5.164588928222656 48.376399993896484
      vertex -11.893890380859375 4.869276523590088 46.96250534057617
    endloop
  endfacet
  facet normal -0.9215304851531982 0.38016411662101746 0.07909978926181793
    outer loop
      vertex -11.650701522827148 5.164588928222656 48.376399993896484
      vertex -11.436148643493652 5.980808734893799 46.953128814697266
      vertex -11.893890380859375 4.869276523590088 46.96250534057617
    endloop
  endfacet
  facet normal -0.8940533995628357 0.4430115520954132 0.06640226393938065
    outer loop
      vertex -11.198819160461426 6.207038402557373 48.639259338378906
      vertex -10.927803039550781 6.915530681610107 47.56147384643555
      vertex -11.436148643493652 5.980808734893799 46.953128814697266
    endloop
  endfacet
  facet normal -0.8967300057411194 0.43813902139663696 0.062526173889637
    outer loop
      vertex -11.198819160461426 6.207038402557373 48.639259338378906
      vertex -10.696218490600586 7.192983627319336 48.93859100341797
      vertex -10.927803039550781 6.915530681610107 47.56147384643555
    endloop
  endfacet
  facet normal -0.8642904162406921 0.5010298490524292 0.044400058686733246
    outer loop
      vertex -10.696218490600586 7.192983627319336 48.93859100341797
      vertex -10.389507293701172 7.827563285827637 47.748146057128906
      vertex -10.927803039550781 6.915530681610107 47.56147384643555
    endloop
  endfacet
  facet normal -0.8996286392211914 0.4255370795726776 0.09791060537099838
    outer loop
      vertex -10.869272232055664 7.559628009796143 45.29990768432617
      vertex -11.436148643493652 5.980808734893799 46.953128814697266
      vertex -10.927803039550781 6.915530681610107 47.56147384643555
    endloop
  endfacet
  facet normal -0.9872051477432251 -0.15845870971679688 0.017800306901335716
    outer loop
      vertex -12.503545761108398 -2.444206953048706 47.42727279663086
      vertex -12.64984130859375 -1.6918727159500122 46.011016845703125
      vertex -12.497821807861328 -2.6889030933380127 45.56643295288086
    endloop
  endfacet
  facet normal -0.9925689101219177 -0.1142691895365715 0.041828446090221405
    outer loop
      vertex -12.503545761108398 -2.444206953048706 47.42727279663086
      vertex -12.620028495788574 -1.3899035453796387 47.54339599609375
      vertex -12.64984130859375 -1.6918727159500122 46.011016845703125
    endloop
  endfacet
  facet normal -0.9960315227508545 -0.08163078874349594 0.035464126616716385
    outer loop
      vertex -12.620028495788574 -1.3899035453796387 47.54339599609375
      vertex -12.750642776489258 -0.540357768535614 45.83048629760742
      vertex -12.64984130859375 -1.6918727159500122 46.011016845703125
    endloop
  endfacet
  facet normal -0.984659731388092 -0.1691775768995285 0.042708929628133774
    outer loop
      vertex -12.853056907653809 -1.1647052764892578 43.414058685302734
      vertex -12.497821807861328 -2.6889030933380127 45.56643295288086
      vertex -12.64984130859375 -1.6918727159500122 46.011016845703125
    endloop
  endfacet
  facet normal -0.9097119569778442 -0.4143019914627075 -0.027890855446457863
    outer loop
      vertex -11.284323692321777 -6.525911808013916 47.18544006347656
      vertex -11.549566268920898 -5.837751865386963 45.6146125793457
      vertex -11.109436988830566 -6.775017261505127 45.18149948120117
    endloop
  endfacet
  facet normal -0.9259979128837585 -0.37742185592651367 -0.008984138257801533
    outer loop
      vertex -11.284323692321777 -6.525911808013916 47.18544006347656
      vertex -11.696380615234375 -5.516483306884766 47.25038528442383
      vertex -11.549566268920898 -5.837751865386963 45.6146125793457
    endloop
  endfacet
  facet normal -0.9374553561210632 -0.34774482250213623 -0.015841079875826836
    outer loop
      vertex -11.696380615234375 -5.516483306884766 47.25038528442383
      vertex -11.943619728088379 -4.764026165008545 45.363677978515625
      vertex -11.549566268920898 -5.837751865386963 45.6146125793457
    endloop
  endfacet
  facet normal -0.9070694446563721 -0.42083537578582764 -0.011067229323089123
    outer loop
      vertex -11.727242469787598 -5.381618976593018 42.83232116699219
      vertex -11.109436988830566 -6.775017261505127 45.18149948120117
      vertex -11.549566268920898 -5.837751865386963 45.6146125793457
    endloop
  endfacet
  facet normal -0.8481277227401733 -0.528415322303772 -0.038166068494319916
    outer loop
      vertex -10.737424850463867 -7.354889392852783 42.612579345703125
      vertex -10.017204284667969 -8.68580436706543 45.034542083740234
      vertex -10.587350845336914 -7.800961971282959 45.453575134277344
    endloop
  endfacet
  facet normal -0.849925696849823 -0.5246621966362 -0.048537727445364
    outer loop
      vertex -10.270417213439941 -8.463623046875 47.06681823730469
      vertex -10.587350845336914 -7.800961971282959 45.453575134277344
      vertex -10.017204284667969 -8.68580436706543 45.034542083740234
    endloop
  endfacet
  facet normal -0.8712472319602966 -0.4899219274520874 -0.0300789475440979
    outer loop
      vertex -10.270417213439941 -8.463623046875 47.06681823730469
      vertex -10.8086519241333 -7.509779453277588 47.12089538574219
      vertex -10.587350845336914 -7.800961971282959 45.453575134277344
    endloop
  endfacet
  facet normal -0.8866043090820312 -0.461033433675766 -0.03716239333152771
    outer loop
      vertex -10.8086519241333 -7.509779453277588 47.12089538574219
      vertex -11.109436988830566 -6.775017261505127 45.18149948120117
      vertex -10.587350845336914 -7.800961971282959 45.453575134277344
    endloop
  endfacet
  facet normal -0.9531716704368591 -0.30212652683258057 0.013540763407945633
    outer loop
      vertex -12.43614673614502 -3.3114330768585205 43.10414123535156
      vertex -11.943619728088379 -4.764026165008545 45.363677978515625
      vertex -12.245689392089844 -3.7917773723602295 45.793338775634766
    endloop
  endfacet
  facet normal -0.9557138085365295 -0.29423466324806213 -0.0061044818721711636
    outer loop
      vertex -12.039499282836914 -4.4928693771362305 47.30482482910156
      vertex -12.245689392089844 -3.7917773723602295 45.793338775634766
      vertex -11.943619728088379 -4.764026165008545 45.363677978515625
    endloop
  endfacet
  facet normal -0.9666354656219482 -0.2558155059814453 0.013205859810113907
    outer loop
      vertex -12.039499282836914 -4.4928693771362305 47.30482482910156
      vertex -12.309789657592773 -3.4689178466796875 47.3555908203125
      vertex -12.245689392089844 -3.7917773723602295 45.793338775634766
    endloop
  endfacet
  facet normal -0.9750921726226807 -0.22172360122203827 0.005813349038362503
    outer loop
      vertex -12.309789657592773 -3.4689178466796875 47.3555908203125
      vertex -12.497821807861328 -2.6889030933380127 45.56643295288086
      vertex -12.245689392089844 -3.7917773723602295 45.793338775634766
    endloop
  endfacet
  facet normal -0.5947699546813965 -0.7987890839576721 -0.09046939760446548
    outer loop
      vertex -5.949695110321045 -13.324712753295898 47.52579116821289
      vertex -6.508317470550537 -12.786053657531738 46.44229507446289
      vertex -5.55208158493042 -13.358509063720703 45.210174560546875
    endloop
  endfacet
  facet normal -0.6625185608863831 -0.7462989091873169 -0.06408632546663284
    outer loop
      vertex -7.305140972137451 -12.094779968261719 46.62975311279297
      vertex -6.508317470550537 -12.786053657531738 46.44229507446289
      vertex -6.739864826202393 -12.71529483795166 48.01200866699219
    endloop
  endfacet
  facet normal -0.6319509744644165 -0.7728061676025391 -0.058382462710142136
    outer loop
      vertex -6.508317470550537 -12.786053657531738 46.44229507446289
      vertex -5.949695110321045 -13.324712753295898 47.52579116821289
      vertex -6.739864826202393 -12.71529483795166 48.01200866699219
    endloop
  endfacet
  facet normal -0.4819839894771576 -0.8702582120895386 -0.1016964465379715
    outer loop
      vertex -5.55208158493042 -13.358509063720703 45.210174560546875
      vertex -4.456264972686768 -14.173796653747559 46.993370056152344
      vertex -5.232876300811768 -13.796817779541016 47.4481086730957
    endloop
  endfacet
  facet normal -0.685065507888794 -0.7236328721046448 -0.08390941470861435
    outer loop
      vertex -8.031949043273926 -10.904547691345215 42.24102783203125
      vertex -6.968493938446045 -12.184256553649902 44.594791412353516
      vertex -7.83052921295166 -11.424910545349121 45.084163665771484
    endloop
  endfacet
  facet normal -0.6844174861907959 -0.7245358228683472 -0.08136668801307678
    outer loop
      vertex -7.305140972137451 -12.094779968261719 46.62975311279297
      vertex -7.83052921295166 -11.424910545349121 45.084163665771484
      vertex -6.968493938446045 -12.184256553649902 44.594791412353516
    endloop
  endfacet
  facet normal -0.7165254950523376 -0.6951683759689331 -0.05772421881556511
    outer loop
      vertex -7.305140972137451 -12.094779968261719 46.62975311279297
      vertex -8.147637367248535 -11.24722671508789 46.88056564331055
      vertex -7.83052921295166 -11.424910545349121 45.084163665771484
    endloop
  endfacet
  facet normal -0.7416657209396362 -0.6676239967346191 -0.06488651037216187
    outer loop
      vertex -8.147637367248535 -11.24722671508789 46.88056564331055
      vertex -8.64538288116455 -10.4992036819458 44.873409271240234
      vertex -7.83052921295166 -11.424910545349121 45.084163665771484
    endloop
  endfacet
  facet normal -0.4602835178375244 -0.8862857222557068 -0.05134915933012962
    outer loop
      vertex -4.737098693847656 -14.117326736450195 48.53603744506836
      vertex -5.232876300811768 -13.796817779541016 47.4481086730957
      vertex -4.456264972686768 -14.173796653747559 46.993370056152344
    endloop
  endfacet
  facet normal -0.48734739422798157 -0.87250816822052 -0.03495701402425766
    outer loop
      vertex -4.737098693847656 -14.117326736450195 48.53603744506836
      vertex -5.483561992645264 -13.707120895385742 48.70421600341797
      vertex -5.232876300811768 -13.796817779541016 47.4481086730957
    endloop
  endfacet
  facet normal -0.5531683564186096 -0.8315057158470154 -0.05102105066180229
    outer loop
      vertex -5.483561992645264 -13.707120895385742 48.70421600341797
      vertex -5.949695110321045 -13.324712753295898 47.52579116821289
      vertex -5.232876300811768 -13.796817779541016 47.4481086730957
    endloop
  endfacet
  facet normal -0.6266807317733765 -0.7780771255493164 -0.04321107640862465
    outer loop
      vertex -6.167529582977295 -13.230550765991211 48.98947525024414
      vertex -6.739864826202393 -12.71529483795166 48.01200866699219
      vertex -5.949695110321045 -13.324712753295898 47.52579116821289
    endloop
  endfacet
  facet normal -0.7743232846260071 -0.629969596862793 -0.059679992496967316
    outer loop
      vertex -8.952271461486816 -10.324731826782227 47.01347351074219
      vertex -9.360644340515137 -9.663186073303223 45.32880401611328
      vertex -8.64538288116455 -10.4992036819458 44.873409271240234
    endloop
  endfacet
  facet normal -0.7956454157829285 -0.6041357517242432 -0.044366829097270966
    outer loop
      vertex -8.952271461486816 -10.324731826782227 47.01347351074219
      vertex -9.659830093383789 -9.39438533782959 47.03398895263672
      vertex -9.360644340515137 -9.663186073303223 45.32880401611328
    endloop
  endfacet
  facet normal -0.8211835622787476 -0.568052351474762 -0.05453573167324066
    outer loop
      vertex -9.659830093383789 -9.39438533782959 47.03398895263672
      vertex -10.017204284667969 -8.68580436706543 45.034542083740234
      vertex -9.360644340515137 -9.663186073303223 45.32880401611328
    endloop
  endfacet
  facet normal -0.7753620743751526 -0.6282100677490234 -0.06454169005155563
    outer loop
      vertex -9.490142822265625 -9.207149505615234 42.44572830200195
      vertex -8.64538288116455 -10.4992036819458 44.873409271240234
      vertex -9.360644340515137 -9.663186073303223 45.32880401611328
    endloop
  endfacet
  facet normal -0.14935943484306335 -0.988777220249176 0.003388673532754183
    outer loop
      vertex -1.2473604679107666 -15.201578140258789 48.29971694946289
      vertex -1.7550420761108398 -15.129192352294922 47.044471740722656
      vertex -0.8184276819229126 -15.271717071533203 46.73963165283203
    endloop
  endfacet
  facet normal -0.1741037517786026 -0.9846329689025879 0.013635458424687386
    outer loop
      vertex -1.2473604679107666 -15.201578140258789 48.29971694946289
      vertex -2.1752054691314697 -15.037423133850098 48.306400299072266
      vertex -1.7550420761108398 -15.129192352294922 47.044471740722656
    endloop
  endfacet
  facet normal -0.26102516055107117 -0.9651871919631958 -0.01671944558620453
    outer loop
      vertex -2.1752054691314697 -15.037423133850098 48.306400299072266
      vertex -2.6958913803100586 -14.870633125305176 46.806861877441406
      vertex -1.7550420761108398 -15.129192352294922 47.044471740722656
    endloop
  endfacet
  facet normal -0.3131847083568573 -0.9490938782691956 -0.03370692580938339
    outer loop
      vertex -3.0598931312561035 -14.804787635803223 48.334922790527344
      vertex -3.5687990188598633 -14.594634056091309 47.14603042602539
      vertex -2.6958913803100586 -14.870633125305176 46.806861877441406
    endloop
  endfacet
  facet normal -0.34403881430625916 -0.9387696981430054 -0.018674898892641068
    outer loop
      vertex -3.0598931312561035 -14.804787635803223 48.334922790527344
      vertex -3.9150166511535645 -14.492961883544922 48.41326904296875
      vertex -3.5687990188598633 -14.594634056091309 47.14603042602539
    endloop
  endfacet
  facet normal -0.4220771789550781 -0.9055556058883667 -0.04266028106212616
    outer loop
      vertex -3.9150166511535645 -14.492961883544922 48.41326904296875
      vertex -4.456264972686768 -14.173796653747559 46.993370056152344
      vertex -3.5687990188598633 -14.594634056091309 47.14603042602539
    endloop
  endfacet
  facet normal -0.3271169364452362 -0.9419744610786438 -0.07535722851753235
    outer loop
      vertex -3.7643890380859375 -14.349392890930176 44.92951965332031
      vertex -2.6958913803100586 -14.870633125305176 46.806861877441406
      vertex -3.5687990188598633 -14.594634056091309 47.14603042602539
    endloop
  endfacet
  facet normal -0.16522163152694702 -0.9851335287094116 -0.047051187604665756
    outer loop
      vertex -1.9205557107925415 -14.993840217590332 44.791744232177734
      vertex -0.8184276819229126 -15.271717071533203 46.73963165283203
      vertex -1.7550420761108398 -15.129192352294922 47.044471740722656
    endloop
  endfacet
  facet normal -0.016674315556883812 -0.9996132850646973 -0.022254779934883118
    outer loop
      vertex 0.006934487260878086 -15.31862735748291 44.6893196105957
      vertex 1.1360068321228027 -15.38156795501709 46.67045593261719
      vertex 0.17266090214252472 -15.372650146484375 46.99168014526367
    endloop
  endfacet
  facet normal 0.12405586242675781 -0.9921703338623047 -0.014424002729356289
    outer loop
      vertex 1.954432725906372 -15.326676368713379 44.58554458618164
      vertex 3.0634453296661377 -15.217142105102539 46.58934783935547
      vertex 2.1306490898132324 -15.338458061218262 46.911537170410156
    endloop
  endfacet
  facet normal 0.13922595977783203 -0.9897942543029785 0.030390845611691475
    outer loop
      vertex 2.6647958755493164 -15.224328994750977 48.18156433105469
      vertex 2.1306490898132324 -15.338458061218262 46.911537170410156
      vertex 3.0634453296661377 -15.217142105102539 46.58934783935547
    endloop
  endfacet
  facet normal 0.08797844499349594 -0.9947437644004822 0.05238925293087959
    outer loop
      vertex 2.6647958755493164 -15.224328994750977 48.18156433105469
      vertex 1.6966683864593506 -15.307250022888184 48.23289489746094
      vertex 2.1306490898132324 -15.338458061218262 46.911537170410156
    endloop
  endfacet
  facet normal 0.03480127453804016 -0.9987804889678955 0.03501933068037033
    outer loop
      vertex 1.6966683864593506 -15.307250022888184 48.23289489746094
      vertex 1.1360068321228027 -15.38156795501709 46.67045593261719
      vertex 2.1306490898132324 -15.338458061218262 46.911537170410156
    endloop
  endfacet
  facet normal 0.0007787881186231971 -0.9995471239089966 0.030084947124123573
    outer loop
      vertex 0.7053040266036987 -15.333752632141113 48.27022933959961
      vertex 0.17266090214252472 -15.372650146484375 46.99168014526367
      vertex 1.1360068321228027 -15.38156795501709 46.67045593261719
    endloop
  endfacet
  facet normal -0.033785514533519745 -0.9984402060508728 0.04445074126124382
    outer loop
      vertex 0.7053040266036987 -15.333752632141113 48.27022933959961
      vertex -0.2819910943508148 -15.299412727355957 48.29115295410156
      vertex 0.17266090214252472 -15.372650146484375 46.99168014526367
    endloop
  endfacet
  facet normal -0.10606040060520172 -0.9941796660423279 0.018923502415418625
    outer loop
      vertex -0.2819910943508148 -15.299412727355957 48.29115295410156
      vertex -0.8184276819229126 -15.271717071533203 46.73963165283203
      vertex 0.17266090214252472 -15.372650146484375 46.99168014526367
    endloop
  endfacet
  facet normal 0.5766232013702393 -0.81675785779953 -0.020308135077357292
    outer loop
      vertex 7.403546333312988 -13.483941078186035 44.59327697753906
      vertex 8.37962532043457 -12.846847534179688 46.68498229980469
      vertex 7.557785987854004 -13.434228897094727 46.97337341308594
    endloop
  endfacet
  facet normal 0.6908236742019653 -0.7219911217689514 -0.03861886262893677
    outer loop
      vertex 9.011207580566406 -12.248369216918945 44.64117431640625
      vertex 9.909793853759766 -11.496968269348145 46.667640686035156
      vertex 9.19786262512207 -12.193845748901367 46.96077346801758
    endloop
  endfacet
  facet normal 0.7043383121490479 -0.7094586491584778 0.023998206481337547
    outer loop
      vertex 9.632944107055664 -11.718152046203613 48.25422286987305
      vertex 9.19786262512207 -12.193845748901367 46.96077346801758
      vertex 9.909793853759766 -11.496968269348145 46.667640686035156
    endloop
  endfacet
  facet normal 0.6567026376724243 -0.7520898580551147 0.05570008233189583
    outer loop
      vertex 9.632944107055664 -11.718152046203613 48.25422286987305
      vertex 8.863100051879883 -12.386765480041504 48.30271911621094
      vertex 9.19786262512207 -12.193845748901367 46.96077346801758
    endloop
  endfacet
  facet normal 0.6149551868438721 -0.7875372767448425 0.040189772844314575
    outer loop
      vertex 8.863100051879883 -12.386765480041504 48.30271911621094
      vertex 8.37962532043457 -12.846847534179688 46.68498229980469
      vertex 9.19786262512207 -12.193845748901367 46.96077346801758
    endloop
  endfacet
  facet normal 0.5917990207672119 -0.8046829104423523 0.04753253608942032
    outer loop
      vertex 8.0164794921875 -13.014982223510742 48.35992431640625
      vertex 7.557785987854004 -13.434228897094727 46.97337341308594
      vertex 8.37962532043457 -12.846847534179688 46.68498229980469
    endloop
  endfacet
  facet normal 0.548354983329773 -0.8332647085189819 0.07054667919874191
    outer loop
      vertex 8.0164794921875 -13.014982223510742 48.35992431640625
      vertex 7.124457359313965 -13.60372543334961 48.339595794677734
      vertex 7.557785987854004 -13.434228897094727 46.97337341308594
    endloop
  endfacet
  facet normal 0.4962179362773895 -0.8667654991149902 0.049854036420583725
    outer loop
      vertex 7.124457359313965 -13.60372543334961 48.339595794677734
      vertex 6.670411109924316 -13.961132049560547 46.64501190185547
      vertex 7.557785987854004 -13.434228897094727 46.97337341308594
    endloop
  endfacet
  facet normal 0.46534034609794617 -0.8842719197273254 0.03900611773133278
    outer loop
      vertex 6.234616279602051 -14.119743347167969 48.24828338623047
      vertex 5.803648948669434 -14.406431198120117 46.89045715332031
      vertex 6.670411109924316 -13.961132049560547 46.64501190185547
    endloop
  endfacet
  facet normal 0.4207037687301636 -0.9053659439086914 0.05762726813554764
    outer loop
      vertex 6.234616279602051 -14.119743347167969 48.24828338623047
      vertex 5.35660982131958 -14.532085418701172 48.17991638183594
      vertex 5.803648948669434 -14.406431198120117 46.89045715332031
    endloop
  endfacet
  facet normal 0.35226649045944214 -0.9353870153427124 0.030975451692938805
    outer loop
      vertex 5.35660982131958 -14.532085418701172 48.17991638183594
      vertex 4.897334098815918 -14.758216857910156 46.57435607910156
      vertex 5.803648948669434 -14.406431198120117 46.89045715332031
    endloop
  endfacet
  facet normal 0.30213332176208496 -0.952934741973877 0.025115830823779106
    outer loop
      vertex 4.479925155639648 -14.849268913269043 48.14095687866211
      vertex 4.009711742401123 -15.032307624816895 46.85265350341797
      vertex 4.897334098815918 -14.758216857910156 46.57435607910156
    endloop
  endfacet
  facet normal 0.24727171659469604 -0.9677934050559998 0.0472506508231163
    outer loop
      vertex 4.479925155639648 -14.849268913269043 48.14095687866211
      vertex 3.589797019958496 -15.076663970947266 48.14163589477539
      vertex 4.009711742401123 -15.032307624816895 46.85265350341797
    endloop
  endfacet
  facet normal 0.18458060920238495 -0.9824647903442383 0.026322761550545692
    outer loop
      vertex 3.589797019958496 -15.076663970947266 48.14163589477539
      vertex 3.0634453296661377 -15.217142105102539 46.58934783935547
      vertex 4.009711742401123 -15.032307624816895 46.85265350341797
    endloop
  endfacet
  facet normal 0.28955918550491333 -0.9569721817970276 -0.018965503200888634
    outer loop
      vertex 3.8538975715637207 -15.033308029174805 44.52421188354492
      vertex 4.897334098815918 -14.758216857910156 46.57435607910156
      vertex 4.009711742401123 -15.032307624816895 46.85265350341797
    endloop
  endfacet
  facet normal 0.45258763432502747 -0.8915138840675354 -0.019167538732290268
    outer loop
      vertex 5.673023223876953 -14.422137260437012 44.53661346435547
      vertex 6.670411109924316 -13.961132049560547 46.64501190185547
      vertex 5.803648948669434 -14.406431198120117 46.89045715332031
    endloop
  endfacet
  facet normal 0.8874874711036682 -0.46004825830459595 0.026863304898142815
    outer loop
      vertex 12.007299423217773 -8.549525260925293 48.242637634277344
      vertex 11.78207015991211 -9.0577392578125 46.980140686035156
      vertex 12.27955436706543 -8.111906051635742 46.7425651550293
    endloop
  endfacet
  facet normal 0.871506929397583 -0.4886471927165985 0.04122663661837578
    outer loop
      vertex 12.007299423217773 -8.549525260925293 48.242637634277344
      vertex 11.510334968566895 -9.439132690429688 48.20391845703125
      vertex 11.78207015991211 -9.0577392578125 46.980140686035156
    endloop
  endfacet
  facet normal 0.8320988416671753 -0.5544984936714172 0.011953522451221943
    outer loop
      vertex 11.510334968566895 -9.439132690429688 48.20391845703125
      vertex 11.20718765258789 -9.92689323425293 46.6801872253418
      vertex 11.78207015991211 -9.0577392578125 46.980140686035156
    endloop
  endfacet
  facet normal 0.8068729639053345 -0.5906780362129211 0.007450347300618887
    outer loop
      vertex 10.956111907958984 -10.250737190246582 48.19672393798828
      vertex 10.609659194946289 -10.739786148071289 46.94481658935547
      vertex 11.20718765258789 -9.92689323425293 46.6801872253418
    endloop
  endfacet
  facet normal 0.770497739315033 -0.6364590525627136 0.0354008749127388
    outer loop
      vertex 10.956111907958984 -10.250737190246582 48.19672393798828
      vertex 10.330452919006348 -11.00703239440918 48.217002868652344
      vertex 10.609659194946289 -10.739786148071289 46.94481658935547
    endloop
  endfacet
  facet normal 0.7311041355133057 -0.6820496320724487 0.017178039997816086
    outer loop
      vertex 10.330452919006348 -11.00703239440918 48.217002868652344
      vertex 9.909793853759766 -11.496968269348145 46.667640686035156
      vertex 10.609659194946289 -10.739786148071289 46.94481658935547
    endloop
  endfacet
  facet normal 0.7963301539421082 -0.6025509834289551 -0.05282670259475708
    outer loop
      vertex 10.449978828430176 -10.752829551696777 44.68650817871094
      vertex 11.20718765258789 -9.92689323425293 46.6801872253418
      vertex 10.609659194946289 -10.739786148071289 46.94481658935547
    endloop
  endfacet
  facet normal 0.8799614906311035 -0.4732373058795929 -0.04140418767929077
    outer loop
      vertex 11.698697090148926 -9.017370223999023 44.74681091308594
      vertex 12.27955436706543 -8.111906051635742 46.7425651550293
      vertex 11.78207015991211 -9.0577392578125 46.980140686035156
    endloop
  endfacet
  facet normal 0.9367478489875793 -0.34988683462142944 -0.009096289053559303
    outer loop
      vertex 12.739727020263672 -7.060279369354248 44.82480239868164
      vertex 13.128026962280273 -6.072980880737305 46.836219787597656
      vertex 12.736793518066406 -7.1261091232299805 47.05483627319336
    endloop
  endfacet
  facet normal 0.9738486409187317 -0.2254735827445984 0.02793840318918228
    outer loop
      vertex 13.53287410736084 -4.908821105957031 44.93572998046875
      vertex 13.724084854125977 -3.8299567699432373 46.97754669189453
      vertex 13.451118469238281 -4.983470439910889 47.18303680419922
    endloop
  endfacet
  facet normal 0.9725272059440613 -0.21368567645549774 0.0923541784286499
    outer loop
      vertex 13.458464622497559 -4.3766374588012695 48.50974655151367
      vertex 13.451118469238281 -4.983470439910889 47.18303680419922
      vertex 13.724084854125977 -3.8299567699432373 46.97754669189453
    endloop
  endfacet
  facet normal 0.9639491438865662 -0.24395418167114258 0.10624639689922333
    outer loop
      vertex 13.458464622497559 -4.3766374588012695 48.50974655151367
      vertex 13.178991317749023 -5.5244646072387695 48.40979766845703
      vertex 13.451118469238281 -4.983470439910889 47.18303680419922
    endloop
  endfacet
  facet normal 0.94914311170578 -0.305588960647583 0.07578148692846298
    outer loop
      vertex 13.178991317749023 -5.5244646072387695 48.40979766845703
      vertex 13.128026962280273 -6.072980880737305 46.836219787597656
      vertex 13.451118469238281 -4.983470439910889 47.18303680419922
    endloop
  endfacet
  facet normal 0.9396893978118896 -0.3371891975402832 0.0573355071246624
    outer loop
      vertex 12.856162071228027 -6.579728126525879 48.31172561645508
      vertex 12.736793518066406 -7.1261091232299805 47.05483627319336
      vertex 13.128026962280273 -6.072980880737305 46.836219787597656
    endloop
  endfacet
  facet normal 0.9261510372161865 -0.3700399100780487 0.07290175557136536
    outer loop
      vertex 12.856162071228027 -6.579728126525879 48.31172561645508
      vertex 12.457446098327637 -7.582726001739502 48.28596496582031
      vertex 12.736793518066406 -7.1261091232299805 47.05483627319336
    endloop
  endfacet
  facet normal 0.9008577466011047 -0.4318547546863556 0.0442359484732151
    outer loop
      vertex 12.457446098327637 -7.582726001739502 48.28596496582031
      vertex 12.27955436706543 -8.111906051635742 46.7425651550293
      vertex 12.736793518066406 -7.1261091232299805 47.05483627319336
    endloop
  endfacet
  facet normal 0.963911235332489 0.2632620334625244 0.03960109129548073
    outer loop
      vertex 13.364699363708496 4.1912922859191895 47.56203079223633
      vertex 13.634243965148926 3.4808268547058105 45.724239349365234
      vertex 13.260029792785645 4.85723352432251 45.68266677856445
    endloop
  endfacet
  facet normal 0.9744389653205872 0.216729998588562 0.05913379043340683
    outer loop
      vertex 13.364699363708496 4.1912922859191895 47.56203079223633
      vertex 13.718374252319336 2.7122063636779785 47.15494918823242
      vertex 13.634243965148926 3.4808268547058105 45.724239349365234
    endloop
  endfacet
  facet normal 0.9832958579063416 0.17804068326950073 0.037827908992767334
    outer loop
      vertex 13.718374252319336 2.7122063636779785 47.15494918823242
      vertex 13.918374061584473 2.0474705696105957 45.08481216430664
      vertex 13.634243965148926 3.4808268547058105 45.724239349365234
    endloop
  endfacet
  facet normal 0.9897385239601135 0.12054308503866196 0.07672756165266037
    outer loop
      vertex 13.943815231323242 1.4253973960876465 46.80929946899414
      vertex 13.772835731506348 1.868359923362732 48.318912506103516
      vertex 13.963983535766602 0.6497505903244019 47.767723083496094
    endloop
  endfacet
  facet normal 0.9857087731361389 0.15491175651550293 0.06618642061948776
    outer loop
      vertex 13.943815231323242 1.4253973960876465 46.80929946899414
      vertex 13.718374252319336 2.7122063636779785 47.15494918823242
      vertex 13.772835731506348 1.868359923362732 48.318912506103516
    endloop
  endfacet
  facet normal 0.9645863771438599 0.262896329164505 0.021417828276753426
    outer loop
      vertex 13.66198444366455 3.604356288909912 42.958621978759766
      vertex 13.260029792785645 4.85723352432251 45.68266677856445
      vertex 13.634243965148926 3.4808268547058105 45.724239349365234
    endloop
  endfacet
  facet normal 0.9158101081848145 0.40136101841926575 -0.014185693114995956
    outer loop
      vertex 12.831153869628906 6.054157257080078 43.5689697265625
      vertex 12.310725212097168 7.336164474487305 46.243064880371094
      vertex 12.824508666992188 6.165602207183838 46.29311752319336
    endloop
  endfacet
  facet normal 0.9158037304878235 0.4014354646205902 -0.012379715219140053
    outer loop
      vertex 12.503613471984863 6.949708938598633 47.98065185546875
      vertex 12.824508666992188 6.165602207183838 46.29311752319336
      vertex 12.310725212097168 7.336164474487305 46.243064880371094
    endloop
  endfacet
  facet normal 0.9452108144760132 0.32520246505737305 0.028633590787649155
    outer loop
      vertex 12.503613471984863 6.949708938598633 47.98065185546875
      vertex 12.95414924621582 5.655399799346924 47.808170318603516
      vertex 12.824508666992188 6.165602207183838 46.29311752319336
    endloop
  endfacet
  facet normal 0.951594352722168 0.30658137798309326 0.021816613152623177
    outer loop
      vertex 12.95414924621582 5.655399799346924 47.808170318603516
      vertex 13.260029792785645 4.85723352432251 45.68266677856445
      vertex 12.824508666992188 6.165602207183838 46.29311752319336
    endloop
  endfacet
  facet normal 0.9955803751945496 0.09206900000572205 0.018524305894970894
    outer loop
      vertex 14.107124328613281 -0.07709120213985443 45.49995422363281
      vertex 13.918374061584473 2.0474705696105957 45.08481216430664
      vertex 13.943815231323242 1.4253973960876465 46.80929946899414
    endloop
  endfacet
  facet normal 0.9891666173934937 0.11250782757997513 0.09429413825273514
    outer loop
      vertex 13.780021667480469 1.1013590097427368 49.15868377685547
      vertex 13.963983535766602 0.6497505903244019 47.767723083496094
      vertex 13.772835731506348 1.868359923362732 48.318912506103516
    endloop
  endfacet
  facet normal 0.9947956204414368 0.04744222015142441 0.0901716947555542
    outer loop
      vertex 13.890412330627441 0.08055008202791214 48.87885284423828
      vertex 14.024011611938477 -0.3895464539527893 47.652286529541016
      vertex 13.963983535766602 0.6497505903244019 47.767723083496094
    endloop
  endfacet
  facet normal 0.9940428733825684 -0.00183072907384485 0.1089741662144661
    outer loop
      vertex 13.890412330627441 0.08055008202791214 48.87885284423828
      vertex 13.908376693725586 -0.9685260653495789 48.69736099243164
      vertex 14.024011611938477 -0.3895464539527893 47.652286529541016
    endloop
  endfacet
  facet normal 0.9953396916389465 -0.042927391827106476 0.08634977042675018
    outer loop
      vertex 13.908376693725586 -0.9685260653495789 48.69736099243164
      vertex 14.016569137573242 -1.4964920282363892 47.187774658203125
      vertex 14.024011611938477 -0.3895464539527893 47.652286529541016
    endloop
  endfacet
  facet normal 0.9928641319274902 -0.0816754475235939 0.08689060807228088
    outer loop
      vertex 13.847024917602539 -2.0741639137268066 48.582088470458984
      vertex 13.907539367675781 -2.677171230316162 47.32379913330078
      vertex 14.016569137573242 -1.4964920282363892 47.187774658203125
    endloop
  endfacet
  facet normal 0.9842380285263062 -0.13631895184516907 0.11266244947910309
    outer loop
      vertex 13.847024917602539 -2.0741639137268066 48.582088470458984
      vertex 13.69595718383789 -3.207839012145996 48.530120849609375
      vertex 13.907539367675781 -2.677171230316162 47.32379913330078
    endloop
  endfacet
  facet normal 0.978854238986969 -0.18314386904239655 0.09111960232257843
    outer loop
      vertex 13.69595718383789 -3.207839012145996 48.530120849609375
      vertex 13.724084854125977 -3.8299567699432373 46.97754669189453
      vertex 13.907539367675781 -2.677171230316162 47.32379913330078
    endloop
  endfacet
  facet normal 0.9951773285865784 -0.0865895003080368 0.04609117656946182
    outer loop
      vertex 14.017168045043945 -2.5917155742645264 45.11729431152344
      vertex 14.016569137573242 -1.4964920282363892 47.187774658203125
      vertex 13.907539367675781 -2.677171230316162 47.32379913330078
    endloop
  endfacet
  facet normal 0.9975547790527344 0.052492134273052216 0.04614108055830002
    outer loop
      vertex 14.107124328613281 -0.07709120213985443 45.49995422363281
      vertex 13.963983535766602 0.6497505903244019 47.767723083496094
      vertex 14.024011611938477 -0.3895464539527893 47.652286529541016
    endloop
  endfacet
  facet normal 0.8327345252037048 0.5487789511680603 -0.07345039397478104
    outer loop
      vertex 11.453046798706055 9.128083229064941 48.50154113769531
      vertex 11.763290405273438 8.4443359375 46.91032409667969
      vertex 11.182287216186523 9.349822044372559 47.08854293823242
    endloop
  endfacet
  facet normal 0.8774601817131042 0.4784078896045685 -0.03449161723256111
    outer loop
      vertex 11.453046798706055 9.128083229064941 48.50154113769531
      vertex 12.001527786254883 8.100733757019043 48.20518493652344
      vertex 11.763290405273438 8.4443359375 46.91032409667969
    endloop
  endfacet
  facet normal 0.8859610557556152 0.4619956314563751 -0.04041077196598053
    outer loop
      vertex 12.001527786254883 8.100733757019043 48.20518493652344
      vertex 12.310725212097168 7.336164474487305 46.243064880371094
      vertex 11.763290405273438 8.4443359375 46.91032409667969
    endloop
  endfacet
  facet normal 0.8337107300758362 0.5481271147727966 -0.06695664674043655
    outer loop
      vertex 11.608780860900879 8.357773780822754 44.27782440185547
      vertex 11.182287216186523 9.349822044372559 47.08854293823242
      vertex 11.763290405273438 8.4443359375 46.91032409667969
    endloop
  endfacet
  facet normal -0.8153673410415649 -0.08325112611055374 0.5729269981384277
    outer loop
      vertex -11.127044677734375 -1.359952688217163 53.55903625488281
      vertex -10.481842041015625 -2.5420923233032227 54.30548858642578
      vertex -10.173053741455078 -1.1461623907089233 54.947784423828125
    endloop
  endfacet
  facet normal -0.7337660193443298 -0.3118095099925995 0.6036242246627808
    outer loop
      vertex -10.074294090270996 -4.260799407958984 54.237274169921875
      vertex -10.089062690734863 -6.1067705154418945 53.26576232910156
      vertex -8.791963577270508 -6.113710403442383 54.838932037353516
    endloop
  endfacet
  facet normal -0.7414003610610962 -0.3219010531902313 0.58881676197052
    outer loop
      vertex -10.074294090270996 -4.260799407958984 54.237274169921875
      vertex -8.791963577270508 -6.113710403442383 54.838932037353516
      vertex -9.003068923950195 -4.204715728759766 55.61675262451172
    endloop
  endfacet
  facet normal -0.7680171132087708 -0.2102162092924118 0.6049453020095825
    outer loop
      vertex -9.588190078735352 -2.6762137413024902 55.405052185058594
      vertex -10.074294090270996 -4.260799407958984 54.237274169921875
      vertex -9.003068923950195 -4.204715728759766 55.61675262451172
    endloop
  endfacet
  facet normal -0.7904072999954224 -0.21026106178760529 0.5753665566444397
    outer loop
      vertex -10.481842041015625 -2.5420923233032227 54.30548858642578
      vertex -11.069812774658203 -3.2475435733795166 53.239967346191406
      vertex -10.074294090270996 -4.260799407958984 54.237274169921875
    endloop
  endfacet
  facet normal -0.7693946957588196 -0.09403783082962036 0.6318138837814331
    outer loop
      vertex -8.966751098632812 -0.9206240177154541 56.42311096191406
      vertex -9.588190078735352 -2.6762137413024902 55.405052185058594
      vertex -8.424699783325195 -2.968440532684326 56.778404235839844
    endloop
  endfacet
  facet normal -0.49077799916267395 -0.6271123290061951 0.604869544506073
    outer loop
      vertex -6.712039947509766 -9.949773788452148 54.0615348815918
      vertex -5.489511489868164 -11.708117485046387 53.230464935302734
      vertex -5.18072509765625 -10.262435913085938 54.97985076904297
    endloop
  endfacet
  facet normal -0.3330844044685364 -0.7382404804229736 0.5865627527236938
    outer loop
      vertex -5.489511489868164 -11.708117485046387 53.230464935302734
      vertex -3.333350419998169 -12.63537883758545 53.287818908691406
      vertex -4.015714168548584 -11.403961181640625 54.45018005371094
    endloop
  endfacet
  facet normal -0.18964695930480957 -0.7806776165962219 0.5954632759094238
    outer loop
      vertex -2.4170899391174316 -11.753886222839355 54.73530960083008
      vertex -3.333350419998169 -12.63537883758545 53.287818908691406
      vertex -1.2573661804199219 -12.972599029541016 53.50688171386719
    endloop
  endfacet
  facet normal -0.27171096205711365 -0.7539902329444885 0.5980568528175354
    outer loop
      vertex -4.015714168548584 -11.403961181640625 54.45018005371094
      vertex -2.4170899391174316 -11.753886222839355 54.73530960083008
      vertex -3.4599738121032715 -10.443408966064453 55.913665771484375
    endloop
  endfacet
  facet normal -0.14631353318691254 -0.8119187355041504 0.565137505531311
    outer loop
      vertex -1.8341150283813477 -10.986618041992188 55.988555908203125
      vertex -2.4170899391174316 -11.753886222839355 54.73530960083008
      vertex -0.41895899176597595 -11.820630073547363 55.156734466552734
    endloop
  endfacet
  facet normal -0.2910151779651642 -0.7983406782150269 0.5272215008735657
    outer loop
      vertex -2.163905143737793 -10.045230865478516 57.23200607299805
      vertex -3.4599738121032715 -10.443408966064453 55.913665771484375
      vertex -1.8341150283813477 -10.986618041992188 55.988555908203125
    endloop
  endfacet
  facet normal -0.06476923078298569 -0.8024446964263916 0.5932009816169739
    outer loop
      vertex -0.41895899176597595 -11.820630073547363 55.156734466552734
      vertex -1.2573661804199219 -12.972599029541016 53.50688171386719
      vertex 0.4664108157157898 -12.86107063293457 53.84596252441406
    endloop
  endfacet
  facet normal -0.1728699952363968 -0.8269551992416382 0.5350337624549866
    outer loop
      vertex -1.8341150283813477 -10.986618041992188 55.988555908203125
      vertex -0.41895899176597595 -11.820630073547363 55.156734466552734
      vertex -0.5801464915275574 -10.692583084106445 56.84817886352539
    endloop
  endfacet
  facet normal -0.23683202266693115 -0.8540380001068115 0.4631737172603607
    outer loop
      vertex -2.163905143737793 -10.045230865478516 57.23200607299805
      vertex -0.5801464915275574 -10.692583084106445 56.84817886352539
      vertex -0.8231825828552246 -9.729392051696777 58.49991989135742
    endloop
  endfacet
  facet normal -0.6761642098426819 -0.41989922523498535 0.605381429195404
    outer loop
      vertex -9.171566009521484 -7.891836166381836 53.181617736816406
      vertex -7.768311500549316 -8.245918273925781 54.50334930419922
      vertex -8.791963577270508 -6.113710403442383 54.838932037353516
    endloop
  endfacet
  facet normal -0.7104316353797913 -0.3926810622215271 0.584027886390686
    outer loop
      vertex -10.089062690734863 -6.1067705154418945 53.26576232910156
      vertex -9.171566009521484 -7.891836166381836 53.181617736816406
      vertex -8.791963577270508 -6.113710403442383 54.838932037353516
    endloop
  endfacet
  facet normal -0.6991793513298035 -0.38953134417533875 0.5995110869407654
    outer loop
      vertex -8.791963577270508 -6.113710403442383 54.838932037353516
      vertex -7.166659832000732 -6.992612838745117 56.16337585449219
      vertex -7.818717002868652 -4.959235668182373 56.724098205566406
    endloop
  endfacet
  facet normal -0.7405086755752563 -0.24250251054763794 0.6267690062522888
    outer loop
      vertex -9.003068923950195 -4.204715728759766 55.61675262451172
      vertex -7.818717002868652 -4.959235668182373 56.724098205566406
      vertex -8.424699783325195 -2.968440532684326 56.778404235839844
    endloop
  endfacet
  facet normal -0.8030843734741211 -0.09028314799070358 0.5889860391616821
    outer loop
      vertex -7.813523769378662 -1.622825026512146 57.81800842285156
      vertex -8.424699783325195 -2.968440532684326 56.778404235839844
      vertex -7.037202835083008 -3.4124326705932617 58.602203369140625
    endloop
  endfacet
  facet normal -0.5807359218597412 -0.5220037698745728 0.6247062683105469
    outer loop
      vertex -8.103994369506836 -9.604413032531738 53.05613708496094
      vertex -6.712039947509766 -9.949773788452148 54.0615348815918
      vertex -7.768311500549316 -8.245918273925781 54.50334930419922
    endloop
  endfacet
  facet normal -0.6103869080543518 -0.509877622127533 0.6061787009239197
    outer loop
      vertex -7.166659832000732 -6.992612838745117 56.16337585449219
      vertex -7.768311500549316 -8.245918273925781 54.50334930419922
      vertex -6.298962116241455 -8.748625755310059 55.560054779052734
    endloop
  endfacet
  facet normal -0.49663931131362915 -0.6052876114845276 0.6220742464065552
    outer loop
      vertex -6.298962116241455 -8.748625755310059 55.560054779052734
      vertex -6.712039947509766 -9.949773788452148 54.0615348815918
      vertex -5.18072509765625 -10.262435913085938 54.97985076904297
    endloop
  endfacet
  facet normal -0.5405582785606384 -0.6027500033378601 0.5869320631027222
    outer loop
      vertex -6.298962116241455 -8.748625755310059 55.560054779052734
      vertex -4.834181785583496 -9.100143432617188 56.54811096191406
      vertex -5.831029891967773 -7.769515037536621 56.99651336669922
    endloop
  endfacet
  facet normal -0.6489198803901672 -0.5230180621147156 0.5525894165039062
    outer loop
      vertex -6.1837992668151855 -6.000168800354004 58.25690841674805
      vertex -7.166659832000732 -6.992612838745117 56.16337585449219
      vertex -5.831029891967773 -7.769515037536621 56.99651336669922
    endloop
  endfacet
  facet normal -0.7486144304275513 -0.32406413555145264 0.5784107446670532
    outer loop
      vertex -7.037202835083008 -3.4124326705932617 58.602203369140625
      vertex -7.818717002868652 -4.959235668182373 56.724098205566406
      vertex -6.1837992668151855 -6.000168800354004 58.25690841674805
    endloop
  endfacet
  facet normal -0.3990904986858368 -0.6922625303268433 0.6012482643127441
    outer loop
      vertex -4.834181785583496 -9.100143432617188 56.54811096191406
      vertex -5.18072509765625 -10.262435913085938 54.97985076904297
      vertex -3.4599738121032715 -10.443408966064453 55.913665771484375
    endloop
  endfacet
  facet normal -0.5922751426696777 -0.6179479360580444 0.5170594453811646
    outer loop
      vertex -4.469339370727539 -7.90374755859375 58.3958625793457
      vertex -5.831029891967773 -7.769515037536621 56.99651336669922
      vertex -4.834181785583496 -9.100143432617188 56.54811096191406
    endloop
  endfacet
  facet normal -0.633043110370636 -0.528887927532196 0.5652733445167542
    outer loop
      vertex -6.1837992668151855 -6.000168800354004 58.25690841674805
      vertex -5.831029891967773 -7.769515037536621 56.99651336669922
      vertex -4.469339370727539 -7.90374755859375 58.3958625793457
    endloop
  endfacet
  facet normal -0.4597468674182892 -0.7012704610824585 0.5448417663574219
    outer loop
      vertex -4.469339370727539 -7.90374755859375 58.3958625793457
      vertex -4.834181785583496 -9.100143432617188 56.54811096191406
      vertex -3.535661220550537 -9.312049865722656 57.37107849121094
    endloop
  endfacet
  facet normal -0.37747102975845337 -0.7959921956062317 0.47319355607032776
    outer loop
      vertex -2.608788013458252 -8.946370124816895 58.725589752197266
      vertex -3.535661220550537 -9.312049865722656 57.37107849121094
      vertex -2.163905143737793 -10.045230865478516 57.23200607299805
    endloop
  endfacet
  facet normal -0.7700625658035278 -0.4850161671638489 0.4144429862499237
    outer loop
      vertex -5.86653995513916 -4.533901214599609 60.562347412109375
      vertex -6.1837992668151855 -6.000168800354004 58.25690841674805
      vertex -4.865917205810547 -6.35161018371582 60.294334411621094
    endloop
  endfacet
  facet normal -0.5042648315429688 -0.788503110408783 0.3521077334880829
    outer loop
      vertex -3.2430691719055176 -7.733989715576172 60.532196044921875
      vertex -4.469339370727539 -7.90374755859375 58.3958625793457
      vertex -2.608788013458252 -8.946370124816895 58.725589752197266
    endloop
  endfacet
  facet normal -0.3421752154827118 -0.8772944211959839 0.33655717968940735
    outer loop
      vertex -1.3076426982879639 -8.851835250854492 60.29487609863281
      vertex -2.608788013458252 -8.946370124816895 58.725589752197266
      vertex -0.8231825828552246 -9.729392051696777 58.49991989135742
    endloop
  endfacet
  facet normal -0.8205550909042358 -0.04148014634847641 0.5700602531433105
    outer loop
      vertex -10.644643783569336 0.3219197690486908 54.37579345703125
      vertex -11.127044677734375 -1.359952688217163 53.55903625488281
      vertex -10.173053741455078 -1.1461623907089233 54.947784423828125
    endloop
  endfacet
  facet normal -0.7963088750839233 -0.020253309980034828 0.6045511960983276
    outer loop
      vertex -10.644643783569336 0.3219197690486908 54.37579345703125
      vertex -10.173053741455078 -1.1461623907089233 54.947784423828125
      vertex -9.799361228942871 0.274941623210907 55.48761749267578
    endloop
  endfacet
  facet normal -0.8150023221969604 0.07436336576938629 0.5746662616729736
    outer loop
      vertex -10.943035125732422 2.0208346843719482 53.732765197753906
      vertex -10.644643783569336 0.3219197690486908 54.37579345703125
      vertex -9.957120895385742 1.8037693500518799 55.159095764160156
    endloop
  endfacet
  facet normal -0.8109320998191833 0.10237235575914383 0.5761154294013977
    outer loop
      vertex -10.943035125732422 2.0208346843719482 53.732765197753906
      vertex -9.957120895385742 1.8037693500518799 55.159095764160156
      vertex -10.032008171081543 3.592320442199707 54.735870361328125
    endloop
  endfacet
  facet normal -0.7414513826370239 0.008640559390187263 0.6709510087966919
    outer loop
      vertex -9.799361228942871 0.274941623210907 55.48761749267578
      vertex -8.966751098632812 -0.9206240177154541 56.42311096191406
      vertex -8.919450759887695 1.257271647453308 56.44733428955078
    endloop
  endfacet
  facet normal -0.7650852799415588 0.058842457830905914 0.641234815120697
    outer loop
      vertex -9.957120895385742 1.8037693500518799 55.159095764160156
      vertex -9.799361228942871 0.274941623210907 55.48761749267578
      vertex -8.919450759887695 1.257271647453308 56.44733428955078
    endloop
  endfacet
  facet normal -0.755782425403595 0.09291790425777435 0.6481969952583313
    outer loop
      vertex -8.998713493347168 3.242323160171509 56.07036209106445
      vertex -9.957120895385742 1.8037693500518799 55.159095764160156
      vertex -8.919450759887695 1.257271647453308 56.44733428955078
    endloop
  endfacet
  facet normal -0.7442238926887512 0.095815010368824 0.6610221266746521
    outer loop
      vertex -8.998713493347168 3.242323160171509 56.07036209106445
      vertex -8.919450759887695 1.257271647453308 56.44733428955078
      vertex -7.812501430511475 2.6549253463745117 57.491024017333984
    endloop
  endfacet
  facet normal -0.8194631934165955 0.1461598426103592 0.5541817545890808
    outer loop
      vertex -10.053576469421387 5.040449142456055 54.32204818725586
      vertex -10.775152206420898 4.000089168548584 53.52944564819336
      vertex -10.032008171081543 3.592320442199707 54.735870361328125
    endloop
  endfacet
  facet normal -0.7610181570053101 0.15506815910339355 0.6299247741699219
    outer loop
      vertex -9.060918807983398 5.276229381561279 55.49452590942383
      vertex -10.032008171081543 3.592320442199707 54.735870361328125
      vertex -8.998713493347168 3.242323160171509 56.07036209106445
    endloop
  endfacet
  facet normal -0.8062416911125183 0.24600966274738312 0.538008987903595
    outer loop
      vertex -9.57854175567627 6.423069000244141 54.401702880859375
      vertex -10.488153457641602 5.723207950592041 53.35860824584961
      vertex -10.053576469421387 5.040449142456055 54.32204818725586
    endloop
  endfacet
  facet normal -0.7674642205238342 0.012841077521443367 0.640963077545166
    outer loop
      vertex -7.643248558044434 0.3955557644367218 57.98145294189453
      vertex -8.966751098632812 -0.9206240177154541 56.42311096191406
      vertex -7.813523769378662 -1.622825026512146 57.81800842285156
    endloop
  endfacet
  facet normal -0.7484194040298462 0.15937922894954681 0.6437909007072449
    outer loop
      vertex -9.060918807983398 5.276229381561279 55.49452590942383
      vertex -8.998713493347168 3.242323160171509 56.07036209106445
      vertex -7.864799499511719 4.716843605041504 57.023521423339844
    endloop
  endfacet
  facet normal -0.7331539988517761 0.13263526558876038 0.6670030355453491
    outer loop
      vertex -7.864799499511719 4.716843605041504 57.023521423339844
      vertex -8.998713493347168 3.242323160171509 56.07036209106445
      vertex -7.812501430511475 2.6549253463745117 57.491024017333984
    endloop
  endfacet
  facet normal -0.7779216766357422 0.3312417268753052 0.5339632630348206
    outer loop
      vertex -8.91382122039795 7.90661096572876 54.44981384277344
      vertex -9.889266014099121 7.346316337585449 53.37628173828125
      vertex -9.57854175567627 6.423069000244141 54.401702880859375
    endloop
  endfacet
  facet normal -0.7627085447311401 0.2312803715467453 0.6039742827415466
    outer loop
      vertex -8.692727088928223 6.962969779968262 55.31357955932617
      vertex -9.57854175567627 6.423069000244141 54.401702880859375
      vertex -9.060918807983398 5.276229381561279 55.49452590942383
    endloop
  endfacet
  facet normal -0.7679685950279236 0.43334850668907166 0.4716283082962036
    outer loop
      vertex -9.043916702270508 8.918815612792969 53.307926177978516
      vertex -9.889266014099121 7.346316337585449 53.37628173828125
      vertex -8.91382122039795 7.90661096572876 54.44981384277344
    endloop
  endfacet
  facet normal -0.799084484577179 -0.08588976413011551 0.595052182674408
    outer loop
      vertex -6.782892227172852 -1.2215964794158936 59.25993728637695
      vertex -7.813523769378662 -1.622825026512146 57.81800842285156
      vertex -7.037202835083008 -3.4124326705932617 58.602203369140625
    endloop
  endfacet
  facet normal -0.7589168548583984 0.10439691692590714 0.642764687538147
    outer loop
      vertex -6.37868070602417 0.44887277483940125 59.465877532958984
      vertex -7.643248558044434 0.3955557644367218 57.98145294189453
      vertex -6.782892227172852 -1.2215964794158936 59.25993728637695
    endloop
  endfacet
  facet normal -0.7565287947654724 0.13637971878051758 0.6395816206932068
    outer loop
      vertex -6.5479021072387695 2.1085901260375977 58.911808013916016
      vertex -7.643248558044434 0.3955557644367218 57.98145294189453
      vertex -6.37868070602417 0.44887277483940125 59.465877532958984
    endloop
  endfacet
  facet normal -0.7179790735244751 0.12079685926437378 0.685502827167511
    outer loop
      vertex -7.812501430511475 2.6549253463745117 57.491024017333984
      vertex -6.5479021072387695 2.1085901260375977 58.911808013916016
      vertex -6.638964653015137 4.0981645584106445 58.46583557128906
    endloop
  endfacet
  facet normal -0.7367271780967712 0.19468028843402863 0.6475590467453003
    outer loop
      vertex -9.060918807983398 5.276229381561279 55.49452590942383
      vertex -7.864799499511719 4.716843605041504 57.023521423339844
      vertex -7.795696258544922 6.690438270568848 56.50880432128906
    endloop
  endfacet
  facet normal -0.7587696313858032 0.4421052932739258 0.47834262251853943
    outer loop
      vertex -9.043916702270508 8.918815612792969 53.307926177978516
      vertex -8.91382122039795 7.90661096572876 54.44981384277344
      vertex -8.107465744018555 9.177143096923828 54.55461120605469
    endloop
  endfacet
  facet normal -0.7510219216346741 0.3413761258125305 0.5651800632476807
    outer loop
      vertex -7.838387489318848 8.276638984680176 55.65536880493164
      vertex -8.91382122039795 7.90661096572876 54.44981384277344
      vertex -8.692727088928223 6.962969779968262 55.31357955932617
    endloop
  endfacet
  facet normal -0.7246290445327759 0.31129536032676697 0.614823579788208
    outer loop
      vertex -7.838387489318848 8.276638984680176 55.65536880493164
      vertex -8.692727088928223 6.962969779968262 55.31357955932617
      vertex -7.795696258544922 6.690438270568848 56.50880432128906
    endloop
  endfacet
  facet normal -0.7375173568725586 0.22210659086704254 0.6377592086791992
    outer loop
      vertex -7.795696258544922 6.690438270568848 56.50880432128906
      vertex -6.608367443084717 6.167876243591309 58.0638427734375
      vertex -6.4330153465271 8.505571365356445 57.45249557495117
    endloop
  endfacet
  facet normal -0.7309383749961853 0.4296829402446747 0.5301901698112488
    outer loop
      vertex -7.838387489318848 8.276638984680176 55.65536880493164
      vertex -6.806875228881836 10.111788749694824 55.59018325805664
      vertex -8.107465744018555 9.177143096923828 54.55461120605469
    endloop
  endfacet
  facet normal -0.7890015840530396 0.21016459167003632 0.5773276686668396
    outer loop
      vertex -6.4330153465271 8.505571365356445 57.45249557495117
      vertex -6.608367443084717 6.167876243591309 58.0638427734375
      vertex -5.279189109802246 7.465943336486816 59.40782165527344
    endloop
  endfacet
  facet normal -0.8492320775985718 0.34421393275260925 0.4004018306732178
    outer loop
      vertex -4.830455780029297 10.012907981872559 59.55562973022461
      vertex -5.649725914001465 10.56605339050293 57.34247589111328
      vertex -6.4330153465271 8.505571365356445 57.45249557495117
    endloop
  endfacet
  facet normal -0.8128670454025269 0.21548166871070862 0.5411237478256226
    outer loop
      vertex -6.782892227172852 -1.2215964794158936 59.25993728637695
      vertex -6.137247085571289 -2.560030698776245 60.762794494628906
      vertex -5.526101112365723 -0.5960241556167603 60.89875793457031
    endloop
  endfacet
  facet normal -0.7228804230690002 0.2777729034423828 0.632681667804718
    outer loop
      vertex -6.37868070602417 0.44887277483940125 59.465877532958984
      vertex -5.526101112365723 -0.5960241556167603 60.89875793457031
      vertex -5.272468566894531 1.5260999202728271 60.25685119628906
    endloop
  endfacet
  facet normal -0.6869841814041138 0.14158420264720917 0.7127459049224854
    outer loop
      vertex -6.5479021072387695 2.1085901260375977 58.911808013916016
      vertex -5.272468566894531 1.5260999202728271 60.25685119628906
      vertex -5.367415428161621 3.45796799659729 59.781578063964844
    endloop
  endfacet
  facet normal -0.6968867182731628 0.08050134778022766 0.7126489281654358
    outer loop
      vertex -6.638964653015137 4.0981645584106445 58.46583557128906
      vertex -5.367415428161621 3.45796799659729 59.781578063964844
      vertex -5.440924167633057 5.3694353103637695 59.4937744140625
    endloop
  endfacet
  facet normal -0.7481473088264465 0.08469682931900024 0.6581048965454102
    outer loop
      vertex -6.608367443084717 6.167876243591309 58.0638427734375
      vertex -5.440924167633057 5.3694353103637695 59.4937744140625
      vertex -5.279189109802246 7.465943336486816 59.40782165527344
    endloop
  endfacet
  facet normal -0.587169349193573 0.1859475076198578 0.787817120552063
    outer loop
      vertex -5.272468566894531 1.5260999202728271 60.25685119628906
      vertex -3.945039749145508 0.745874285697937 61.430355072021484
      vertex -3.773228168487549 2.9534318447113037 61.03736114501953
    endloop
  endfacet
  facet normal -0.6156602501869202 0.01565544866025448 0.7878562211990356
    outer loop
      vertex -4.410916805267334 4.625146865844727 60.505828857421875
      vertex -5.367415428161621 3.45796799659729 59.781578063964844
      vertex -3.773228168487549 2.9534318447113037 61.03736114501953
    endloop
  endfacet
  facet normal -0.703250527381897 -0.006545227486640215 0.7109120488166809
    outer loop
      vertex -4.211060523986816 6.305473327636719 60.71900177001953
      vertex -5.440924167633057 5.3694353103637695 59.4937744140625
      vertex -4.410916805267334 4.625146865844727 60.505828857421875
    endloop
  endfacet
  facet normal -0.7977601885795593 -0.05593492463231087 0.6003748178482056
    outer loop
      vertex -5.279189109802246 7.465943336486816 59.40782165527344
      vertex -4.211060523986816 6.305473327636719 60.71900177001953
      vertex -4.032502174377441 8.320326805114746 61.14398193359375
    endloop
  endfacet
  facet normal -0.8328757882118225 0.11532508581876755 0.541311502456665
    outer loop
      vertex -5.279189109802246 7.465943336486816 59.40782165527344
      vertex -4.032502174377441 8.320326805114746 61.14398193359375
      vertex -4.830455780029297 10.012907981872559 59.55562973022461
    endloop
  endfacet
  facet normal -0.3008238971233368 0.18979279696941376 0.9346035122871399
    outer loop
      vertex -3.773228168487549 2.9534318447113037 61.03736114501953
      vertex -3.945039749145508 0.745874285697937 61.430355072021484
      vertex -2.1959075927734375 1.6325715780258179 61.813289642333984
    endloop
  endfacet
  facet normal -0.7067331075668335 -0.14317737519741058 0.6928409934043884
    outer loop
      vertex -4.211060523986816 6.305473327636719 60.71900177001953
      vertex -3.1918749809265137 4.991575241088867 61.48710250854492
      vertex -2.8360793590545654 6.998104572296143 62.264686584472656
    endloop
  endfacet
  facet normal -0.5358886122703552 -0.19356058537960052 0.8218015432357788
    outer loop
      vertex -3.1918749809265137 4.991575241088867 61.48710250854492
      vertex -1.960355520248413 3.6567459106445312 61.97576904296875
      vertex -1.911648154258728 5.376250267028809 62.41252899169922
    endloop
  endfacet
  facet normal -0.5923018455505371 -0.2683497369289398 0.7597150802612305
    outer loop
      vertex -2.8360793590545654 6.998104572296143 62.264686584472656
      vertex -1.911648154258728 5.376250267028809 62.41252899169922
      vertex -1.0867304801940918 6.572092056274414 63.478065490722656
    endloop
  endfacet
  facet normal -0.3452847898006439 -0.27355238795280457 0.8977457880973816
    outer loop
      vertex -0.4631953239440918 4.647961616516113 62.85363006591797
      vertex -1.960355520248413 3.6567459106445312 61.97576904296875
      vertex -0.19952663779258728 2.321486234664917 62.24613952636719
    endloop
  endfacet
  facet normal -0.8233984708786011 0.33737698197364807 0.45628029108047485
    outer loop
      vertex -5.649725914001465 10.56605339050293 57.34247589111328
      vertex -6.806875228881836 10.111788749694824 55.59018325805664
      vertex -6.4330153465271 8.505571365356445 57.45249557495117
    endloop
  endfacet
  facet normal -0.6993108987808228 0.5864412188529968 0.4087187349796295
    outer loop
      vertex -6.265594482421875 11.640275955200195 54.32318878173828
      vertex -7.69502067565918 10.373525619506836 53.69503402709961
      vertex -6.806875228881836 10.111788749694824 55.59018325805664
    endloop
  endfacet
  facet normal -0.7686694860458374 0.5197286605834961 0.37286636233329773
    outer loop
      vertex -5.649725914001465 10.56605339050293 57.34247589111328
      vertex -5.399742603302002 11.880191802978516 56.02607727050781
      vertex -6.806875228881836 10.111788749694824 55.59018325805664
    endloop
  endfacet
  facet normal -0.866994321346283 0.4252110719680786 0.2598392963409424
    outer loop
      vertex -5.649725914001465 10.56605339050293 57.34247589111328
      vertex -4.658893585205078 12.149871826171875 58.05672073364258
      vertex -5.399742603302002 11.880191802978516 56.02607727050781
    endloop
  endfacet
  facet normal -0.7950854301452637 0.5672063231468201 0.21474672853946686
    outer loop
      vertex -5.399742603302002 11.880191802978516 56.02607727050781
      vertex -4.658893585205078 12.149871826171875 58.05672073364258
      vertex -4.162208080291748 13.446043014526367 56.47211456298828
    endloop
  endfacet
  facet normal -0.6763013005256653 0.734229564666748 0.05935928225517273
    outer loop
      vertex -4.162208080291748 13.446043014526367 56.47211456298828
      vertex -3.1439366340637207 14.478132247924805 55.30747604370117
      vertex -4.706754684448242 13.119333267211914 54.30905532836914
    endloop
  endfacet
  facet normal -0.002911932999268174 -0.8530631065368652 0.5217997431755066
    outer loop
      vertex -0.41895899176597595 -11.820630073547363 55.156734466552734
      vertex 1.9107961654663086 -12.060759544372559 54.77716064453125
      vertex 0.9189186692237854 -11.13142204284668 56.290950775146484
    endloop
  endfacet
  facet normal -0.07703162729740143 -0.8735029101371765 0.480685830116272
    outer loop
      vertex -0.5801464915275574 -10.692583084106445 56.84817886352539
      vertex 0.9189186692237854 -11.13142204284668 56.290950775146484
      vertex 0.9500432014465332 -10.263687133789062 57.87278747558594
    endloop
  endfacet
  facet normal 0.07195713371038437 -0.828295886516571 0.5556510090827942
    outer loop
      vertex 0.9189186692237854 -11.13142204284668 56.290950775146484
      vertex 1.9107961654663086 -12.060759544372559 54.77716064453125
      vertex 2.7964539527893066 -10.65873908996582 56.75242614746094
    endloop
  endfacet
  facet normal 0.17584139108657837 -0.7733453512191772 0.6091114282608032
    outer loop
      vertex 1.9107961654663086 -12.060759544372559 54.77716064453125
      vertex 3.6653738021850586 -12.845136642456055 53.27477264404297
      vertex 4.167082786560059 -11.427745819091797 54.92949676513672
    endloop
  endfacet
  facet normal 0.27285465598106384 -0.7956624031066895 0.5408065915107727
    outer loop
      vertex 2.7964539527893066 -10.65873908996582 56.75242614746094
      vertex 4.167082786560059 -11.427745819091797 54.92949676513672
      vertex 4.973353385925293 -10.085845947265625 56.496978759765625
    endloop
  endfacet
  facet normal 0.04482224956154823 -0.9166797399520874 0.3971008360385895
    outer loop
      vertex 2.592489719390869 -9.775467872619629 58.81441879272461
      vertex 0.9500432014465332 -10.263687133789062 57.87278747558594
      vertex 2.7964539527893066 -10.65873908996582 56.75242614746094
    endloop
  endfacet
  facet normal 0.2844882309436798 -0.7690035700798035 0.5724508762359619
    outer loop
      vertex 4.167082786560059 -11.427745819091797 54.92949676513672
      vertex 3.6653738021850586 -12.845136642456055 53.27477264404297
      vertex 5.59311580657959 -12.045318603515625 53.39118957519531
    endloop
  endfacet
  facet normal 0.27687889337539673 -0.8789148330688477 0.38839006423950195
    outer loop
      vertex 4.090373992919922 -9.685426712036133 58.0325813293457
      vertex 2.7964539527893066 -10.65873908996582 56.75242614746094
      vertex 4.973353385925293 -10.085845947265625 56.496978759765625
    endloop
  endfacet
  facet normal 0.4722445011138916 -0.6544100642204285 0.5905358791351318
    outer loop
      vertex 6.039616584777832 -10.674269676208496 54.80298614501953
      vertex 7.248432636260986 -11.141658782958984 53.31836700439453
      vertex 7.40356969833374 -9.907245635986328 54.56223678588867
    endloop
  endfacet
  facet normal 0.4886619448661804 -0.7096526622772217 0.5075456500053406
    outer loop
      vertex 6.039616584777832 -10.674269676208496 54.80298614501953
      vertex 7.40356969833374 -9.907245635986328 54.56223678588867
      vertex 6.770420074462891 -9.280515670776367 56.048126220703125
    endloop
  endfacet
  facet normal 0.4532710313796997 -0.7141771912574768 0.5333819389343262
    outer loop
      vertex 4.973353385925293 -10.085845947265625 56.496978759765625
      vertex 6.039616584777832 -10.674269676208496 54.80298614501953
      vertex 6.770420074462891 -9.280515670776367 56.048126220703125
    endloop
  endfacet
  facet normal 0.4304530620574951 -0.865594208240509 0.2558453381061554
    outer loop
      vertex 4.1425933837890625 -9.165010452270508 59.7054328918457
      vertex 4.090373992919922 -9.685426712036133 58.0325813293457
      vertex 5.944330215454102 -8.662193298339844 58.37522506713867
    endloop
  endfacet
  facet normal 0.45552700757980347 -0.8068743348121643 0.3760969042778015
    outer loop
      vertex 5.944330215454102 -8.662193298339844 58.37522506713867
      vertex 4.973353385925293 -10.085845947265625 56.496978759765625
      vertex 6.770420074462891 -9.280515670776367 56.048126220703125
    endloop
  endfacet
  facet normal 0.5771568417549133 -0.596176266670227 0.558089554309845
    outer loop
      vertex 8.417774200439453 -8.488624572753906 55.02881622314453
      vertex 7.40356969833374 -9.907245635986328 54.56223678588867
      vertex 8.439350128173828 -9.847923278808594 53.554439544677734
    endloop
  endfacet
  facet normal 0.5965750217437744 -0.6675021648406982 0.4455772340297699
    outer loop
      vertex 7.761632442474365 -7.770883560180664 56.9825325012207
      vertex 6.770420074462891 -9.280515670776367 56.048126220703125
      vertex 8.417774200439453 -8.488624572753906 55.02881622314453
    endloop
  endfacet
  facet normal 0.6677039265632629 -0.7371290922164917 0.10398146510124207
    outer loop
      vertex 6.724167823791504 -7.670404434204102 60.39842987060547
      vertex 5.944330215454102 -8.662193298339844 58.37522506713867
      vertex 7.684458255767822 -7.022866249084473 58.822471618652344
    endloop
  endfacet
  facet normal 0.6847752928733826 -0.7184605598449707 0.1220543161034584
    outer loop
      vertex 6.724167823791504 -7.670404434204102 60.39842987060547
      vertex 7.684458255767822 -7.022866249084473 58.822471618652344
      vertex 8.174755096435547 -6.237450122833252 60.694976806640625
    endloop
  endfacet
  facet normal 0.6611429452896118 -0.5467574596405029 0.5137571096420288
    outer loop
      vertex 8.417774200439453 -8.488624572753906 55.02881622314453
      vertex 8.439350128173828 -9.847923278808594 53.554439544677734
      vertex 9.685877799987793 -8.531618118286133 53.351165771484375
    endloop
  endfacet
  facet normal 0.728858232498169 -0.5261662602424622 0.438080757856369
    outer loop
      vertex 7.761632442474365 -7.770883560180664 56.9825325012207
      vertex 8.417774200439453 -8.488624572753906 55.02881622314453
      vertex 9.05778694152832 -6.755114555358887 56.04606246948242
    endloop
  endfacet
  facet normal 0.7462727427482605 -0.45006099343299866 0.4904305934906006
    outer loop
      vertex 9.64576244354248 -7.245366096496582 54.59258270263672
      vertex 9.685877799987793 -8.531618118286133 53.351165771484375
      vertex 10.75143814086914 -6.716529846191406 53.395416259765625
    endloop
  endfacet
  facet normal 0.7058653831481934 -0.5338262319564819 0.46560028195381165
    outer loop
      vertex 9.05778694152832 -6.755114555358887 56.04606246948242
      vertex 8.417774200439453 -8.488624572753906 55.02881622314453
      vertex 9.64576244354248 -7.245366096496582 54.59258270263672
    endloop
  endfacet
  facet normal 0.7715322375297546 -0.5774035453796387 0.26710134744644165
    outer loop
      vertex 8.606466293334961 -6.376690864562988 57.55607986450195
      vertex 7.684458255767822 -7.022866249084473 58.822471618652344
      vertex 7.761632442474365 -7.770883560180664 56.9825325012207
    endloop
  endfacet
  facet normal 0.8122686743736267 -0.5824262499809265 0.03161228075623512
    outer loop
      vertex 8.174755096435547 -6.237450122833252 60.694976806640625
      vertex 7.684458255767822 -7.022866249084473 58.822471618652344
      vertex 8.840999603271484 -5.4043145179748535 58.925743103027344
    endloop
  endfacet
  facet normal -0.15801090002059937 -0.9262035489082336 0.3423152267932892
    outer loop
      vertex 0.8557494878768921 -9.46137523651123 60.00008010864258
      vertex -0.8231825828552246 -9.729392051696777 58.49991989135742
      vertex 0.9500432014465332 -10.263687133789062 57.87278747558594
    endloop
  endfacet
  facet normal -0.00043995154555886984 -0.9668157696723938 0.2554739713668823
    outer loop
      vertex 0.8557494878768921 -9.46137523651123 60.00008010864258
      vertex 2.592489719390869 -9.775467872619629 58.81441879272461
      vertex 2.741346836090088 -9.328794479370117 60.50506591796875
    endloop
  endfacet
  facet normal 0.9252278208732605 -0.3792915344238281 -0.009553427807986736
    outer loop
      vertex 9.287668228149414 -4.359951496124268 60.72113800048828
      vertex 8.840999603271484 -5.4043145179748535 58.925743103027344
      vertex 9.614763259887695 -3.512777328491211 58.764923095703125
    endloop
  endfacet
  facet normal 0.8222879767417908 -0.320359468460083 0.47033217549324036
    outer loop
      vertex 10.173808097839355 -5.7073163986206055 55.09270477294922
      vertex 10.75143814086914 -6.716529846191406 53.395416259765625
      vertex 11.162616729736328 -4.833958148956299 53.958831787109375
    endloop
  endfacet
  facet normal 0.784216582775116 -0.4182683229446411 0.4583186209201813
    outer loop
      vertex 10.173808097839355 -5.7073163986206055 55.09270477294922
      vertex 9.05778694152832 -6.755114555358887 56.04606246948242
      vertex 9.64576244354248 -7.245366096496582 54.59258270263672
    endloop
  endfacet
  facet normal 0.8394262194633484 -0.500572919845581 0.21163731813430786
    outer loop
      vertex 9.610282897949219 -4.928039073944092 57.001007080078125
      vertex 8.840999603271484 -5.4043145179748535 58.925743103027344
      vertex 8.606466293334961 -6.376690864562988 57.55607986450195
    endloop
  endfacet
  facet normal 0.8753886222839355 -0.298377126455307 0.38034963607788086
    outer loop
      vertex 9.610282897949219 -4.928039073944092 57.001007080078125
      vertex 10.173808097839355 -5.7073163986206055 55.09270477294922
      vertex 10.64411735534668 -3.7728583812713623 55.52781677246094
    endloop
  endfacet
  facet normal 0.8698577284812927 -0.22447384893894196 0.4392712116241455
    outer loop
      vertex 10.64411735534668 -3.7728583812713623 55.52781677246094
      vertex 11.162616729736328 -4.833958148956299 53.958831787109375
      vertex 11.649541854858398 -2.8349528312683105 54.01612854003906
    endloop
  endfacet
  facet normal 0.9227822422981262 -0.17395728826522827 0.3438194692134857
    outer loop
      vertex 10.076822280883789 -1.4379830360412598 58.19219207763672
      vertex 10.192195892333984 -2.9972639083862305 57.09361267089844
      vertex 10.90673828125 -1.3828094005584717 55.99268341064453
    endloop
  endfacet
  facet normal 0.948765754699707 -0.13204902410507202 0.287065327167511
    outer loop
      vertex 9.614763259887695 -3.512777328491211 58.764923095703125
      vertex 10.192195892333984 -2.9972639083862305 57.09361267089844
      vertex 10.076822280883789 -1.4379830360412598 58.19219207763672
    endloop
  endfacet
  facet normal 0.9731012582778931 -0.175519660115242 0.14922019839286804
    outer loop
      vertex 9.59813117980957 -1.9856433868408203 60.66967010498047
      vertex 9.614763259887695 -3.512777328491211 58.764923095703125
      vertex 10.076822280883789 -1.4379830360412598 58.19219207763672
    endloop
  endfacet
  facet normal -0.06292936205863953 -0.37120339274406433 0.9264166951179504
    outer loop
      vertex 1.6004605293273926 4.093724250793457 63.078521728515625
      vertex -0.19952663779258728 2.321486234664917 62.24613952636719
      vertex 2.5056698322296143 1.863393783569336 62.24634552001953
    endloop
  endfacet
  facet normal -0.22641390562057495 -0.5050950050354004 0.8328360915184021
    outer loop
      vertex 0.7904447913169861 5.858598232269287 63.92866516113281
      vertex -0.4631953239440918 4.647961616516113 62.85363006591797
      vertex 1.6004605293273926 4.093724250793457 63.078521728515625
    endloop
  endfacet
  facet normal -0.11913333088159561 -0.47473588585853577 0.8720282316207886
    outer loop
      vertex 0.7904447913169861 5.858598232269287 63.92866516113281
      vertex 1.6004605293273926 4.093724250793457 63.078521728515625
      vertex 2.971454620361328 5.800349235534668 64.19491577148438
    endloop
  endfacet
  facet normal 0.06344688683748245 -0.3619685173034668 0.9300286769866943
    outer loop
      vertex 4.000753402709961 4.065867900848389 63.001556396484375
      vertex 2.5056698322296143 1.863393783569336 62.24634552001953
      vertex 5.296862602233887 2.0752248764038086 62.13837432861328
    endloop
  endfacet
  facet normal 0.17307235300540924 -0.48649370670318604 0.8563701510429382
    outer loop
      vertex 4.000753402709961 4.065867900848389 63.001556396484375
      vertex 5.408136367797852 6.077594757080078 63.859962463378906
      vertex 2.971454620361328 5.800349235534668 64.19491577148438
    endloop
  endfacet
  facet normal 0.25838592648506165 -0.2377728670835495 0.9363230466842651
    outer loop
      vertex 6.2178497314453125 4.4782843589782715 62.49446105957031
      vertex 4.000753402709961 4.065867900848389 63.001556396484375
      vertex 5.296862602233887 2.0752248764038086 62.13837432861328
    endloop
  endfacet
  facet normal 0.23522786796092987 0.03663566708564758 0.9712495803833008
    outer loop
      vertex 7.088160514831543 2.9834327697753906 61.67028045654297
      vertex 5.296862602233887 2.0752248764038086 62.13837432861328
      vertex 7.27976655960083 0.9525227546691895 61.70048141479492
    endloop
  endfacet
  facet normal 0.4837101697921753 0.2108253687620163 0.8494569659233093
    outer loop
      vertex 7.27976655960083 0.9525227546691895 61.70048141479492
      vertex 8.798208236694336 0.025261230766773224 61.06596374511719
      vertex 8.40330982208252 2.248586654663086 60.73902893066406
    endloop
  endfacet
  facet normal 0.524541437625885 -0.127921462059021 0.8417198657989502
    outer loop
      vertex 8.223464012145996 5.141530990600586 61.29076385498047
      vertex 7.088160514831543 2.9834327697753906 61.67028045654297
      vertex 8.40330982208252 2.248586654663086 60.73902893066406
    endloop
  endfacet
  facet normal 0.5633954405784607 -0.46792083978652954 0.6809080243110657
    outer loop
      vertex 7.27484130859375 6.509031295776367 63.015419006347656
      vertex 6.2178497314453125 4.4782843589782715 62.49446105957031
      vertex 8.223464012145996 5.141530990600586 61.29076385498047
    endloop
  endfacet
  facet normal 0.8151095509529114 0.536017894744873 -0.2197299301624298
    outer loop
      vertex 9.999013900756836 11.9533052444458 54.24060821533203
      vertex 9.003559112548828 13.264484405517578 53.74641418457031
      vertex 9.022218704223633 13.918952941894531 55.41217041015625
    endloop
  endfacet
  facet normal 0.9450392127037048 0.3202250599861145 -0.06600509583950043
    outer loop
      vertex 9.87334156036377 12.815146446228027 56.62251281738281
      vertex 10.420005798339844 10.961811065673828 55.457977294921875
      vertex 9.999013900756836 11.9533052444458 54.24060821533203
    endloop
  endfacet
  facet normal 0.8983349204063416 -0.11688728630542755 0.423475980758667
    outer loop
      vertex 11.885573387145996 -0.5816544890403748 54.13737869262695
      vertex 10.90673828125 -1.3828094005584717 55.99268341064453
      vertex 11.649541854858398 -2.8349528312683105 54.01612854003906
    endloop
  endfacet
  facet normal 0.9183703660964966 -0.06432856619358063 0.3904583752155304
    outer loop
      vertex 10.452747344970703 0.40577396750450134 57.35515594482422
      vertex 10.90673828125 -1.3828094005584717 55.99268341064453
      vertex 11.256832122802734 1.4417712688446045 55.634605407714844
    endloop
  endfacet
  facet normal 0.9141567349433899 -0.002363921608775854 0.40535399317741394
    outer loop
      vertex 9.591431617736816 0.7785312533378601 59.299774169921875
      vertex 10.076822280883789 -1.4379830360412598 58.19219207763672
      vertex 10.452747344970703 0.40577396750450134 57.35515594482422
    endloop
  endfacet
  facet normal 0.907992422580719 -0.009057408198714256 0.4188888669013977
    outer loop
      vertex 10.323795318603516 2.547851800918579 57.680992126464844
      vertex 10.452747344970703 0.40577396750450134 57.35515594482422
      vertex 11.256832122802734 1.4417712688446045 55.634605407714844
    endloop
  endfacet
  facet normal 0.8922470808029175 0.04201436787843704 0.4495887756347656
    outer loop
      vertex 9.394899368286133 3.566049575805664 59.42931365966797
      vertex 9.591431617736816 0.7785312533378601 59.299774169921875
      vertex 10.323795318603516 2.547851800918579 57.680992126464844
    endloop
  endfacet
  facet normal 0.9203841090202332 0.053354017436504364 0.38735830783843994
    outer loop
      vertex 10.972040176391602 4.374015808105469 56.287628173828125
      vertex 11.84322452545166 3.270716667175293 54.36961364746094
      vertex 11.639568328857422 5.290699481964111 54.57528305053711
    endloop
  endfacet
  facet normal 0.908943772315979 -0.004563457332551479 0.4168936014175415
    outer loop
      vertex 10.972040176391602 4.374015808105469 56.287628173828125
      vertex 10.323795318603516 2.547851800918579 57.680992126464844
      vertex 11.256832122802734 1.4417712688446045 55.634605407714844
    endloop
  endfacet
  facet normal 0.9429923892021179 0.029540253803133965 0.33150091767311096
    outer loop
      vertex 10.395295143127441 6.457852840423584 57.7425537109375
      vertex 10.972040176391602 4.374015808105469 56.287628173828125
      vertex 11.020292282104492 6.8226847648620605 55.932167053222656
    endloop
  endfacet
  facet normal 0.9117697477340698 -0.03594004362821579 0.4091261029243469
    outer loop
      vertex 9.59548282623291 5.99037504196167 59.48393249511719
      vertex 10.15404987335205 4.6071038246154785 58.11760711669922
      vertex 10.395295143127441 6.457852840423584 57.7425537109375
    endloop
  endfacet
  facet normal 0.9420748353004456 0.12969361245632172 0.3093131184577942
    outer loop
      vertex 10.914203643798828 8.984161376953125 55.34898376464844
      vertex 11.020292282104492 6.8226847648620605 55.932167053222656
      vertex 11.551970481872559 7.007879257202148 54.23518371582031
    endloop
  endfacet
  facet normal 0.973410964012146 0.10298225283622742 0.20461130142211914
    outer loop
      vertex 10.51206111907959 8.644784927368164 57.43293380737305
      vertex 11.020292282104492 6.8226847648620605 55.932167053222656
      vertex 10.914203643798828 8.984161376953125 55.34898376464844
    endloop
  endfacet
  facet normal 0.9455198645591736 -0.004395443480461836 0.3255346715450287
    outer loop
      vertex 10.51206111907959 8.644784927368164 57.43293380737305
      vertex 10.395295143127441 6.457852840423584 57.7425537109375
      vertex 11.020292282104492 6.8226847648620605 55.932167053222656
    endloop
  endfacet
  facet normal 0.964952826499939 -0.01442430168390274 0.26202672719955444
    outer loop
      vertex 10.013859748840332 8.176064491271973 59.2418327331543
      vertex 10.395295143127441 6.457852840423584 57.7425537109375
      vertex 10.51206111907959 8.644784927368164 57.43293380737305
    endloop
  endfacet
  facet normal 0.9715137481689453 0.10711842030286789 0.21139219403266907
    outer loop
      vertex 9.591431617736816 0.7785312533378601 59.299774169921875
      vertex 9.59813117980957 -1.9856433868408203 60.66967010498047
      vertex 10.076822280883789 -1.4379830360412598 58.19219207763672
    endloop
  endfacet
  facet normal 0.8226351141929626 -0.05675380304455757 0.565730094909668
    outer loop
      vertex 8.223464012145996 5.141530990600586 61.29076385498047
      vertex 8.40330982208252 2.248586654663086 60.73902893066406
      vertex 9.394899368286133 3.566049575805664 59.42931365966797
    endloop
  endfacet
  facet normal 0.8116312026977539 -0.0801890566945076 0.5786402225494385
    outer loop
      vertex 9.59548282623291 5.99037504196167 59.48393249511719
      vertex 8.223464012145996 5.141530990600586 61.29076385498047
      vertex 9.394899368286133 3.566049575805664 59.42931365966797
    endloop
  endfacet
  facet normal 0.9348201751708984 -0.14293135702610016 0.32508760690689087
    outer loop
      vertex 9.32046127319336 7.906973838806152 61.117454528808594
      vertex 9.59548282623291 5.99037504196167 59.48393249511719
      vertex 10.013859748840332 8.176064491271973 59.2418327331543
    endloop
  endfacet
  facet normal 0.8392941355705261 -0.3047139048576355 0.4502609968185425
    outer loop
      vertex 8.443544387817383 7.393352508544922 62.404449462890625
      vertex 8.223464012145996 5.141530990600586 61.29076385498047
      vertex 9.32046127319336 7.906973838806152 61.117454528808594
    endloop
  endfacet
  facet normal 0.9815524816513062 -0.10127612203359604 0.1621665358543396
    outer loop
      vertex 10.013859748840332 8.176064491271973 59.2418327331543
      vertex 10.25799560546875 10.461446762084961 59.19140625
      vertex 9.941627502441406 9.510494232177734 60.512413024902344
    endloop
  endfacet
  facet normal 0.9209781885147095 -0.2413622885942459 0.30584871768951416
    outer loop
      vertex 10.013859748840332 8.176064491271973 59.2418327331543
      vertex 9.941627502441406 9.510494232177734 60.512413024902344
      vertex 9.32046127319336 7.906973838806152 61.117454528808594
    endloop
  endfacet
  facet normal 0.7840081453323364 0.02645515277981758 0.6201866269111633
    outer loop
      vertex 8.40330982208252 2.248586654663086 60.73902893066406
      vertex 9.591431617736816 0.7785312533378601 59.299774169921875
      vertex 9.394899368286133 3.566049575805664 59.42931365966797
    endloop
  endfacet
  facet normal 0.8898327946662903 -0.08372820168733597 0.4485389292240143
    outer loop
      vertex 9.59548282623291 5.99037504196167 59.48393249511719
      vertex 9.394899368286133 3.566049575805664 59.42931365966797
      vertex 10.15404987335205 4.6071038246154785 58.11760711669922
    endloop
  endfacet
  facet normal 0.910101056098938 0.4137870967388153 0.022279417142271996
    outer loop
      vertex 10.420005798339844 10.961811065673828 55.457977294921875
      vertex 10.860828399658203 10.075910568237305 53.90412521362305
      vertex 9.999013900756836 11.9533052444458 54.24060821533203
    endloop
  endfacet
  facet normal 0.9699314832687378 0.240225687623024 0.039046041667461395
    outer loop
      vertex 10.420005798339844 10.961811065673828 55.457977294921875
      vertex 10.382780075073242 10.833829879760742 57.17007827758789
      vertex 10.914203643798828 8.984161376953125 55.34898376464844
    endloop
  endfacet
  facet normal 0.9649620056152344 0.2592666447162628 0.040361326187849045
    outer loop
      vertex 10.382780075073242 10.833829879760742 57.17007827758789
      vertex 10.420005798339844 10.961811065673828 55.457977294921875
      vertex 9.87334156036377 12.815146446228027 56.62251281738281
    endloop
  endfacet
  facet normal 0.9949708580970764 0.06763292104005814 0.07388324290513992
    outer loop
      vertex 10.382780075073242 10.833829879760742 57.17007827758789
      vertex 10.25799560546875 10.461446762084961 59.19140625
      vertex 10.51206111907959 8.644784927368164 57.43293380737305
    endloop
  endfacet
  facet normal -0.8350607752799988 -0.11621645092964172 0.5377427339553833
    outer loop
      vertex -11.127044677734375 -1.359952688217163 53.55903625488281
      vertex -11.069812774658203 -3.2475435733795166 53.239967346191406
      vertex -10.481842041015625 -2.5420923233032227 54.30548858642578
    endloop
  endfacet
  facet normal -0.7475549578666687 -0.3046424686908722 0.5902156829833984
    outer loop
      vertex -10.074294090270996 -4.260799407958984 54.237274169921875
      vertex -10.985488891601562 -4.847395896911621 52.780399322509766
      vertex -10.089062690734863 -6.1067705154418945 53.26576232910156
    endloop
  endfacet
  facet normal -0.7896420955657959 -0.20748770236968994 0.5774204730987549
    outer loop
      vertex -11.069812774658203 -3.2475435733795166 53.239967346191406
      vertex -10.985488891601562 -4.847395896911621 52.780399322509766
      vertex -10.074294090270996 -4.260799407958984 54.237274169921875
    endloop
  endfacet
  facet normal -0.7714431881904602 -0.20681138336658478 0.6017513275146484
    outer loop
      vertex -10.481842041015625 -2.5420923233032227 54.30548858642578
      vertex -10.074294090270996 -4.260799407958984 54.237274169921875
      vertex -9.588190078735352 -2.6762137413024902 55.405052185058594
    endloop
  endfacet
  facet normal -0.7777712941169739 -0.11249036341905594 0.6183993816375732
    outer loop
      vertex -10.173053741455078 -1.1461623907089233 54.947784423828125
      vertex -10.481842041015625 -2.5420923233032227 54.30548858642578
      vertex -9.588190078735352 -2.6762137413024902 55.405052185058594
    endloop
  endfacet
  facet normal -0.7626450061798096 -0.10056616365909576 0.6389515399932861
    outer loop
      vertex -8.966751098632812 -0.9206240177154541 56.42311096191406
      vertex -10.173053741455078 -1.1461623907089233 54.947784423828125
      vertex -9.588190078735352 -2.6762137413024902 55.405052185058594
    endloop
  endfacet
  facet normal -0.45153945684432983 -0.6180856227874756 0.6434923410415649
    outer loop
      vertex -6.712039947509766 -9.949773788452148 54.0615348815918
      vertex -7.093618392944336 -10.90269947052002 52.87847900390625
      vertex -5.489511489868164 -11.708117485046387 53.230464935302734
    endloop
  endfacet
  facet normal -0.37976327538490295 -0.6790673732757568 0.62820965051651
    outer loop
      vertex -4.015714168548584 -11.403961181640625 54.45018005371094
      vertex -5.18072509765625 -10.262435913085938 54.97985076904297
      vertex -5.489511489868164 -11.708117485046387 53.230464935302734
    endloop
  endfacet
  facet normal -0.400350958108902 -0.6889446377754211 0.6042139530181885
    outer loop
      vertex -3.4599738121032715 -10.443408966064453 55.913665771484375
      vertex -5.18072509765625 -10.262435913085938 54.97985076904297
      vertex -4.015714168548584 -11.403961181640625 54.45018005371094
    endloop
  endfacet
  facet normal -0.27169838547706604 -0.7359296679496765 0.620151162147522
    outer loop
      vertex -2.4170899391174316 -11.753886222839355 54.73530960083008
      vertex -4.015714168548584 -11.403961181640625 54.45018005371094
      vertex -3.333350419998169 -12.63537883758545 53.287818908691406
    endloop
  endfacet
  facet normal -0.15599662065505981 -0.7709119915962219 0.6175432205200195
    outer loop
      vertex -2.4170899391174316 -11.753886222839355 54.73530960083008
      vertex -1.2573661804199219 -12.972599029541016 53.50688171386719
      vertex -0.41895899176597595 -11.820630073547363 55.156734466552734
    endloop
  endfacet
  facet normal -0.2796797752380371 -0.7554030418395996 0.5925754308700562
    outer loop
      vertex -1.8341150283813477 -10.986618041992188 55.988555908203125
      vertex -3.4599738121032715 -10.443408966064453 55.913665771484375
      vertex -2.4170899391174316 -11.753886222839355 54.73530960083008
    endloop
  endfacet
  facet normal -0.3438010811805725 -0.7503383755683899 0.5646175742149353
    outer loop
      vertex -3.535661220550537 -9.312049865722656 57.37107849121094
      vertex -3.4599738121032715 -10.443408966064453 55.913665771484375
      vertex -2.163905143737793 -10.045230865478516 57.23200607299805
    endloop
  endfacet
  facet normal -0.19408641755580902 -0.8062105178833008 0.5588873028755188
    outer loop
      vertex -2.163905143737793 -10.045230865478516 57.23200607299805
      vertex -1.8341150283813477 -10.986618041992188 55.988555908203125
      vertex -0.5801464915275574 -10.692583084106445 56.84817886352539
    endloop
  endfacet
  facet normal -0.6677337288856506 -0.4591757357120514 0.5859089493751526
    outer loop
      vertex -9.171566009521484 -7.891836166381836 53.181617736816406
      vertex -8.103994369506836 -9.604413032531738 53.05613708496094
      vertex -7.768311500549316 -8.245918273925781 54.50334930419922
    endloop
  endfacet
  facet normal -0.69871586561203 -0.42591285705566406 0.5747994780540466
    outer loop
      vertex -8.791963577270508 -6.113710403442383 54.838932037353516
      vertex -7.768311500549316 -8.245918273925781 54.50334930419922
      vertex -7.166659832000732 -6.992612838745117 56.16337585449219
    endloop
  endfacet
  facet normal -0.7477685809135437 -0.319778710603714 0.5818794965744019
    outer loop
      vertex -9.003068923950195 -4.204715728759766 55.61675262451172
      vertex -8.791963577270508 -6.113710403442383 54.838932037353516
      vertex -7.818717002868652 -4.959235668182373 56.724098205566406
    endloop
  endfacet
  facet normal -0.7675702571868896 -0.20995402336120605 0.6056031584739685
    outer loop
      vertex -8.424699783325195 -2.968440532684326 56.778404235839844
      vertex -9.588190078735352 -2.6762137413024902 55.405052185058594
      vertex -9.003068923950195 -4.204715728759766 55.61675262451172
    endloop
  endfacet
  facet normal -0.7917964458465576 -0.1051996573805809 0.6016572117805481
    outer loop
      vertex -7.813523769378662 -1.622825026512146 57.81800842285156
      vertex -8.966751098632812 -0.9206240177154541 56.42311096191406
      vertex -8.424699783325195 -2.968440532684326 56.778404235839844
    endloop
  endfacet
  facet normal -0.6071237921714783 -0.5299104452133179 0.5921111702919006
    outer loop
      vertex -7.768311500549316 -8.245918273925781 54.50334930419922
      vertex -6.712039947509766 -9.949773788452148 54.0615348815918
      vertex -6.298962116241455 -8.748625755310059 55.560054779052734
    endloop
  endfacet
  facet normal -0.6489129662513733 -0.5135365128517151 0.5614199042320251
    outer loop
      vertex -7.166659832000732 -6.992612838745117 56.16337585449219
      vertex -6.298962116241455 -8.748625755310059 55.560054779052734
      vertex -5.831029891967773 -7.769515037536621 56.99651336669922
    endloop
  endfacet
  facet normal -0.5780527591705322 -0.5342631340026855 0.6167802810668945
    outer loop
      vertex -6.712039947509766 -9.949773788452148 54.0615348815918
      vertex -8.103994369506836 -9.604413032531738 53.05613708496094
      vertex -7.093618392944336 -10.90269947052002 52.87847900390625
    endloop
  endfacet
  facet normal -0.5364651083946228 -0.6169722676277161 0.5758041143417358
    outer loop
      vertex -6.298962116241455 -8.748625755310059 55.560054779052734
      vertex -5.18072509765625 -10.262435913085938 54.97985076904297
      vertex -4.834181785583496 -9.100143432617188 56.54811096191406
    endloop
  endfacet
  facet normal -0.7496770620346069 -0.3882068693637848 0.5359848141670227
    outer loop
      vertex -6.1837992668151855 -6.000168800354004 58.25690841674805
      vertex -7.818717002868652 -4.959235668182373 56.724098205566406
      vertex -7.166659832000732 -6.992612838745117 56.16337585449219
    endloop
  endfacet
  facet normal -0.7981771230697632 -0.2578113377094269 0.5444690585136414
    outer loop
      vertex -7.037202835083008 -3.4124326705932617 58.602203369140625
      vertex -8.424699783325195 -2.968440532684326 56.778404235839844
      vertex -7.818717002868652 -4.959235668182373 56.724098205566406
    endloop
  endfacet
  facet normal -0.45366257429122925 -0.7152193188667297 0.5316499471664429
    outer loop
      vertex -4.834181785583496 -9.100143432617188 56.54811096191406
      vertex -3.4599738121032715 -10.443408966064453 55.913665771484375
      vertex -3.535661220550537 -9.312049865722656 57.37107849121094
    endloop
  endfacet
  facet normal -0.48556026816368103 -0.7015077471733093 0.5216494202613831
    outer loop
      vertex -2.608788013458252 -8.946370124816895 58.725589752197266
      vertex -4.469339370727539 -7.90374755859375 58.3958625793457
      vertex -3.535661220550537 -9.312049865722656 57.37107849121094
    endloop
  endfacet
  facet normal -0.2908218502998352 -0.8099692463874817 0.5092862844467163
    outer loop
      vertex -0.8231825828552246 -9.729392051696777 58.49991989135742
      vertex -2.608788013458252 -8.946370124816895 58.725589752197266
      vertex -2.163905143737793 -10.045230865478516 57.23200607299805
    endloop
  endfacet
  facet normal -0.8855037093162537 -0.16553038358688354 0.43414628505706787
    outer loop
      vertex -6.137247085571289 -2.560030698776245 60.762794494628906
      vertex -7.037202835083008 -3.4124326705932617 58.602203369140625
      vertex -5.86653995513916 -4.533901214599609 60.562347412109375
    endloop
  endfacet
  facet normal -0.708028256893158 -0.6119609475135803 0.35241982340812683
    outer loop
      vertex -4.865917205810547 -6.35161018371582 60.294334411621094
      vertex -6.1837992668151855 -6.000168800354004 58.25690841674805
      vertex -4.469339370727539 -7.90374755859375 58.3958625793457
    endloop
  endfacet
  facet normal -0.8808585405349731 -0.33511021733283997 0.33434927463531494
    outer loop
      vertex -5.86653995513916 -4.533901214599609 60.562347412109375
      vertex -7.037202835083008 -3.4124326705932617 58.602203369140625
      vertex -6.1837992668151855 -6.000168800354004 58.25690841674805
    endloop
  endfacet
  facet normal -0.6251960396766663 -0.6631345152854919 0.4115610122680664
    outer loop
      vertex -4.865917205810547 -6.35161018371582 60.294334411621094
      vertex -4.469339370727539 -7.90374755859375 58.3958625793457
      vertex -3.2430691719055176 -7.733989715576172 60.532196044921875
    endloop
  endfacet
  facet normal -0.42155730724334717 -0.8145017623901367 0.3985927104949951
    outer loop
      vertex -3.2430691719055176 -7.733989715576172 60.532196044921875
      vertex -2.608788013458252 -8.946370124816895 58.725589752197266
      vertex -1.3076426982879639 -8.851835250854492 60.29487609863281
    endloop
  endfacet
  facet normal -0.8274455070495605 -0.034843701869249344 0.560464084148407
    outer loop
      vertex -10.644643783569336 0.3219197690486908 54.37579345703125
      vertex -11.423067092895508 0.27713125944137573 53.223777770996094
      vertex -11.127044677734375 -1.359952688217163 53.55903625488281
    endloop
  endfacet
  facet normal -0.8279823660850525 0.06537079811096191 0.5569307208061218
    outer loop
      vertex -10.943035125732422 2.0208346843719482 53.732765197753906
      vertex -11.423067092895508 0.27713125944137573 53.223777770996094
      vertex -10.644643783569336 0.3219197690486908 54.37579345703125
    endloop
  endfacet
  facet normal -0.7941506505012512 0.04822966083884239 0.6058040261268616
    outer loop
      vertex -9.957120895385742 1.8037693500518799 55.159095764160156
      vertex -10.644643783569336 0.3219197690486908 54.37579345703125
      vertex -9.799361228942871 0.274941623210907 55.48761749267578
    endloop
  endfacet
  facet normal -0.824910044670105 0.1265626698732376 0.5509132146835327
    outer loop
      vertex -10.032008171081543 3.592320442199707 54.735870361328125
      vertex -10.775152206420898 4.000089168548584 53.52944564819336
      vertex -10.943035125732422 2.0208346843719482 53.732765197753906
    endloop
  endfacet
  facet normal -0.7706420421600342 -0.03897760808467865 0.6360750794410706
    outer loop
      vertex -9.799361228942871 0.274941623210907 55.48761749267578
      vertex -10.173053741455078 -1.1461623907089233 54.947784423828125
      vertex -8.966751098632812 -0.9206240177154541 56.42311096191406
    endloop
  endfacet
  facet normal -0.7703664898872375 0.1160980835556984 0.6269424557685852
    outer loop
      vertex -8.998713493347168 3.242323160171509 56.07036209106445
      vertex -10.032008171081543 3.592320442199707 54.735870361328125
      vertex -9.957120895385742 1.8037693500518799 55.159095764160156
    endloop
  endfacet
  facet normal -0.8373207449913025 0.1902768313884735 0.5125316977500916
    outer loop
      vertex -10.053576469421387 5.040449142456055 54.32204818725586
      vertex -10.488153457641602 5.723207950592041 53.35860824584961
      vertex -10.775152206420898 4.000089168548584 53.52944564819336
    endloop
  endfacet
  facet normal -0.7688578963279724 0.16507722437381744 0.6177436709403992
    outer loop
      vertex -9.060918807983398 5.276229381561279 55.49452590942383
      vertex -10.053576469421387 5.040449142456055 54.32204818725586
      vertex -10.032008171081543 3.592320442199707 54.735870361328125
    endloop
  endfacet
  facet normal -0.8092836141586304 0.29306259751319885 0.5090916156768799
    outer loop
      vertex -9.57854175567627 6.423069000244141 54.401702880859375
      vertex -9.889266014099121 7.346316337585449 53.37628173828125
      vertex -10.488153457641602 5.723207950592041 53.35860824584961
    endloop
  endfacet
  facet normal -0.7652156352996826 0.22822977602481842 0.6019603610038757
    outer loop
      vertex -9.060918807983398 5.276229381561279 55.49452590942383
      vertex -9.57854175567627 6.423069000244141 54.401702880859375
      vertex -10.053576469421387 5.040449142456055 54.32204818725586
    endloop
  endfacet
  facet normal -0.766108512878418 0.009490943513810635 0.6426412463188171
    outer loop
      vertex -7.643248558044434 0.3955557644367218 57.98145294189453
      vertex -8.919450759887695 1.257271647453308 56.44733428955078
      vertex -8.966751098632812 -0.9206240177154541 56.42311096191406
    endloop
  endfacet
  facet normal -0.7405323386192322 0.08910934627056122 0.6660866737365723
    outer loop
      vertex -7.812501430511475 2.6549253463745117 57.491024017333984
      vertex -8.919450759887695 1.257271647453308 56.44733428955078
      vertex -7.643248558044434 0.3955557644367218 57.98145294189453
    endloop
  endfacet
  facet normal -0.7672542333602905 0.3258644938468933 0.5523888468742371
    outer loop
      vertex -8.692727088928223 6.962969779968262 55.31357955932617
      vertex -8.91382122039795 7.90661096572876 54.44981384277344
      vertex -9.57854175567627 6.423069000244141 54.401702880859375
    endloop
  endfacet
  facet normal -0.8162533640861511 0.022114738821983337 0.5772706866264343
    outer loop
      vertex -6.782892227172852 -1.2215964794158936 59.25993728637695
      vertex -7.643248558044434 0.3955557644367218 57.98145294189453
      vertex -7.813523769378662 -1.622825026512146 57.81800842285156
    endloop
  endfacet
  facet normal -0.7255344986915588 0.09364046156406403 0.6817852854728699
    outer loop
      vertex -6.5479021072387695 2.1085901260375977 58.911808013916016
      vertex -7.812501430511475 2.6549253463745117 57.491024017333984
      vertex -7.643248558044434 0.3955557644367218 57.98145294189453
    endloop
  endfacet
  facet normal -0.7258233428001404 0.13454261422157288 0.6745952367782593
    outer loop
      vertex -7.864799499511719 4.716843605041504 57.023521423339844
      vertex -7.812501430511475 2.6549253463745117 57.491024017333984
      vertex -6.638964653015137 4.0981645584106445 58.46583557128906
    endloop
  endfacet
  facet normal -0.7523285150527954 0.23043052852153778 0.6171739101409912
    outer loop
      vertex -8.692727088928223 6.962969779968262 55.31357955932617
      vertex -9.060918807983398 5.276229381561279 55.49452590942383
      vertex -7.795696258544922 6.690438270568848 56.50880432128906
    endloop
  endfacet
  facet normal -0.7365815043449402 0.42401552200317383 0.5269332528114319
    outer loop
      vertex -7.838387489318848 8.276638984680176 55.65536880493164
      vertex -8.107465744018555 9.177143096923828 54.55461120605469
      vertex -8.91382122039795 7.90661096572876 54.44981384277344
    endloop
  endfacet
  facet normal -0.7233884930610657 0.14193205535411835 0.6756954789161682
    outer loop
      vertex -6.608367443084717 6.167876243591309 58.0638427734375
      vertex -7.864799499511719 4.716843605041504 57.023521423339844
      vertex -6.638964653015137 4.0981645584106445 58.46583557128906
    endloop
  endfacet
  facet normal -0.7478559017181396 0.1919279843568802 0.6355118155479431
    outer loop
      vertex -7.795696258544922 6.690438270568848 56.50880432128906
      vertex -7.864799499511719 4.716843605041504 57.023521423339844
      vertex -6.608367443084717 6.167876243591309 58.0638427734375
    endloop
  endfacet
  facet normal -0.7362193465232849 0.43231281638145447 0.520659863948822
    outer loop
      vertex -7.838387489318848 8.276638984680176 55.65536880493164
      vertex -6.4330153465271 8.505571365356445 57.45249557495117
      vertex -6.806875228881836 10.111788749694824 55.59018325805664
    endloop
  endfacet
  facet normal -0.7724003195762634 0.2846873998641968 0.5677594542503357
    outer loop
      vertex -7.838387489318848 8.276638984680176 55.65536880493164
      vertex -7.795696258544922 6.690438270568848 56.50880432128906
      vertex -6.4330153465271 8.505571365356445 57.45249557495117
    endloop
  endfacet
  facet normal -0.847022533416748 0.34914159774780273 0.4008154571056366
    outer loop
      vertex -4.830455780029297 10.012907981872559 59.55562973022461
      vertex -4.658893585205078 12.149871826171875 58.05672073364258
      vertex -5.649725914001465 10.56605339050293 57.34247589111328
    endloop
  endfacet
  facet normal -0.8279097080230713 0.11399498581886292 0.5491545796394348
    outer loop
      vertex -6.4330153465271 8.505571365356445 57.45249557495117
      vertex -5.279189109802246 7.465943336486816 59.40782165527344
      vertex -4.830455780029297 10.012907981872559 59.55562973022461
    endloop
  endfacet
  facet normal -0.9217613339424133 -0.009381446987390518 0.3876444697380066
    outer loop
      vertex -6.782892227172852 -1.2215964794158936 59.25993728637695
      vertex -7.037202835083008 -3.4124326705932617 58.602203369140625
      vertex -6.137247085571289 -2.560030698776245 60.762794494628906
    endloop
  endfacet
  facet normal -0.8097869157791138 0.12528325617313385 0.5731922388076782
    outer loop
      vertex -6.37868070602417 0.44887277483940125 59.465877532958984
      vertex -6.782892227172852 -1.2215964794158936 59.25993728637695
      vertex -5.526101112365723 -0.5960241556167603 60.89875793457031
    endloop
  endfacet
  facet normal -0.6772934794425964 0.16991068422794342 0.7158240079879761
    outer loop
      vertex -6.5479021072387695 2.1085901260375977 58.911808013916016
      vertex -6.37868070602417 0.44887277483940125 59.465877532958984
      vertex -5.272468566894531 1.5260999202728271 60.25685119628906
    endloop
  endfacet
  facet normal -0.6804474592208862 0.13049057126045227 0.7210849523544312
    outer loop
      vertex -6.638964653015137 4.0981645584106445 58.46583557128906
      vertex -6.5479021072387695 2.1085901260375977 58.911808013916016
      vertex -5.367415428161621 3.45796799659729 59.781578063964844
    endloop
  endfacet
  facet normal -0.7267310619354248 0.14130845665931702 0.6722305417060852
    outer loop
      vertex -6.608367443084717 6.167876243591309 58.0638427734375
      vertex -6.638964653015137 4.0981645584106445 58.46583557128906
      vertex -5.440924167633057 5.3694353103637695 59.4937744140625
    endloop
  endfacet
  facet normal -0.5248359441757202 0.3033023178577423 0.795333206653595
    outer loop
      vertex -5.272468566894531 1.5260999202728271 60.25685119628906
      vertex -5.526101112365723 -0.5960241556167603 60.89875793457031
      vertex -3.945039749145508 0.745874285697937 61.430355072021484
    endloop
  endfacet
  facet normal -0.5765329599380493 0.16836528480052948 0.7995392084121704
    outer loop
      vertex -5.367415428161621 3.45796799659729 59.781578063964844
      vertex -5.272468566894531 1.5260999202728271 60.25685119628906
      vertex -3.773228168487549 2.9534318447113037 61.03736114501953
    endloop
  endfacet
  facet normal -0.6659746766090393 0.08595963567495346 0.7410051822662354
    outer loop
      vertex -4.410916805267334 4.625146865844727 60.505828857421875
      vertex -5.440924167633057 5.3694353103637695 59.4937744140625
      vertex -5.367415428161621 3.45796799659729 59.781578063964844
    endloop
  endfacet
  facet normal -0.7347198724746704 0.08427637070417404 0.6731153130531311
    outer loop
      vertex -4.211060523986816 6.305473327636719 60.71900177001953
      vertex -5.279189109802246 7.465943336486816 59.40782165527344
      vertex -5.440924167633057 5.3694353103637695 59.4937744140625
    endloop
  endfacet
  facet normal -0.6284140348434448 0.007606317289173603 0.7778418660163879
    outer loop
      vertex -3.1918749809265137 4.991575241088867 61.48710250854492
      vertex -4.410916805267334 4.625146865844727 60.505828857421875
      vertex -3.773228168487549 2.9534318447113037 61.03736114501953
    endloop
  endfacet
  facet normal -0.6222282648086548 -0.02525479346513748 0.7824283838272095
    outer loop
      vertex -4.211060523986816 6.305473327636719 60.71900177001953
      vertex -4.410916805267334 4.625146865844727 60.505828857421875
      vertex -3.1918749809265137 4.991575241088867 61.48710250854492
    endloop
  endfacet
  facet normal -0.7268455624580383 -0.07947557419538498 0.682187020778656
    outer loop
      vertex -4.032502174377441 8.320326805114746 61.14398193359375
      vertex -4.211060523986816 6.305473327636719 60.71900177001953
      vertex -2.8360793590545654 6.998104572296143 62.264686584472656
    endloop
  endfacet
  facet normal -0.4538908898830414 -0.018689922988414764 0.8908613324165344
    outer loop
      vertex -1.960355520248413 3.6567459106445312 61.97576904296875
      vertex -3.773228168487549 2.9534318447113037 61.03736114501953
      vertex -2.1959075927734375 1.6325715780258179 61.813289642333984
    endloop
  endfacet
  facet normal -0.4357690215110779 -0.0736456885933876 0.8970404267311096
    outer loop
      vertex -3.1918749809265137 4.991575241088867 61.48710250854492
      vertex -3.773228168487549 2.9534318447113037 61.03736114501953
      vertex -1.960355520248413 3.6567459106445312 61.97576904296875
    endloop
  endfacet
  facet normal -0.5255783200263977 -0.22477619349956512 0.8205138444900513
    outer loop
      vertex -2.8360793590545654 6.998104572296143 62.264686584472656
      vertex -3.1918749809265137 4.991575241088867 61.48710250854492
      vertex -1.911648154258728 5.376250267028809 62.41252899169922
    endloop
  endfacet
  facet normal -0.19300813972949982 -0.05617077276110649 0.9795880913734436
    outer loop
      vertex -0.19952663779258728 2.321486234664917 62.24613952636719
      vertex -1.960355520248413 3.6567459106445312 61.97576904296875
      vertex -2.1959075927734375 1.6325715780258179 61.813289642333984
    endloop
  endfacet
  facet normal -0.38269373774528503 -0.21724697947502136 0.8979695439338684
    outer loop
      vertex -0.4631953239440918 4.647961616516113 62.85363006591797
      vertex -1.911648154258728 5.376250267028809 62.41252899169922
      vertex -1.960355520248413 3.6567459106445312 61.97576904296875
    endloop
  endfacet
  facet normal -0.44623902440071106 -0.40378984808921814 0.7986392378807068
    outer loop
      vertex -1.0867304801940918 6.572092056274414 63.478065490722656
      vertex -1.911648154258728 5.376250267028809 62.41252899169922
      vertex -0.4631953239440918 4.647961616516113 62.85363006591797
    endloop
  endfacet
  facet normal -0.7174662351608276 0.5523218512535095 0.4244793653488159
    outer loop
      vertex -8.107465744018555 9.177143096923828 54.55461120605469
      vertex -7.69502067565918 10.373525619506836 53.69503402709961
      vertex -9.043916702270508 8.918815612792969 53.307926177978516
    endloop
  endfacet
  facet normal -0.7253243923187256 0.548723578453064 0.41570064425468445
    outer loop
      vertex -8.107465744018555 9.177143096923828 54.55461120605469
      vertex -6.806875228881836 10.111788749694824 55.59018325805664
      vertex -7.69502067565918 10.373525619506836 53.69503402709961
    endloop
  endfacet
  facet normal -0.6670703291893005 0.705344557762146 0.23980474472045898
    outer loop
      vertex -6.265594482421875 11.640275955200195 54.32318878173828
      vertex -5.399742603302002 11.880191802978516 56.02607727050781
      vertex -4.706754684448242 13.119333267211914 54.30905532836914
    endloop
  endfacet
  facet normal -0.7782799601554871 0.540511965751648 0.3195733428001404
    outer loop
      vertex -6.265594482421875 11.640275955200195 54.32318878173828
      vertex -6.806875228881836 10.111788749694824 55.59018325805664
      vertex -5.399742603302002 11.880191802978516 56.02607727050781
    endloop
  endfacet
  facet normal -0.7947977185249329 0.5968325138092041 0.10994308441877365
    outer loop
      vertex -5.399742603302002 11.880191802978516 56.02607727050781
      vertex -4.162208080291748 13.446043014526367 56.47211456298828
      vertex -4.706754684448242 13.119333267211914 54.30905532836914
    endloop
  endfacet
  facet normal 0.03707536682486534 -0.7855778336524963 0.617651104927063
    outer loop
      vertex 1.8356107473373413 -13.401021003723145 53.077022552490234
      vertex 1.9107961654663086 -12.060759544372559 54.77716064453125
      vertex 0.4664108157157898 -12.86107063293457 53.84596252441406
    endloop
  endfacet
  facet normal 0.022875066846609116 -0.7754603624343872 0.6309818625450134
    outer loop
      vertex -0.41895899176597595 -11.820630073547363 55.156734466552734
      vertex 0.4664108157157898 -12.86107063293457 53.84596252441406
      vertex 1.9107961654663086 -12.060759544372559 54.77716064453125
    endloop
  endfacet
  facet normal -0.038723718374967575 -0.8330309987068176 0.5518693923950195
    outer loop
      vertex -0.5801464915275574 -10.692583084106445 56.84817886352539
      vertex -0.41895899176597595 -11.820630073547363 55.156734466552734
      vertex 0.9189186692237854 -11.13142204284668 56.290950775146484
    endloop
  endfacet
  facet normal -0.08686526119709015 -0.8660966157913208 0.4922715425491333
    outer loop
      vertex -0.8231825828552246 -9.729392051696777 58.49991989135742
      vertex -0.5801464915275574 -10.692583084106445 56.84817886352539
      vertex 0.9500432014465332 -10.263687133789062 57.87278747558594
    endloop
  endfacet
  facet normal 0.1025705337524414 -0.8729733228683472 0.47686150670051575
    outer loop
      vertex 0.9500432014465332 -10.263687133789062 57.87278747558594
      vertex 0.9189186692237854 -11.13142204284668 56.290950775146484
      vertex 2.7964539527893066 -10.65873908996582 56.75242614746094
    endloop
  endfacet
  facet normal 0.17076820135116577 -0.777443528175354 0.6053262948989868
    outer loop
      vertex 1.9107961654663086 -12.060759544372559 54.77716064453125
      vertex 1.8356107473373413 -13.401021003723145 53.077022552490234
      vertex 3.6653738021850586 -12.845136642456055 53.27477264404297
    endloop
  endfacet
  facet normal 0.20129984617233276 -0.8391147255897522 0.5053362250328064
    outer loop
      vertex 2.7964539527893066 -10.65873908996582 56.75242614746094
      vertex 1.9107961654663086 -12.060759544372559 54.77716064453125
      vertex 4.167082786560059 -11.427745819091797 54.92949676513672
    endloop
  endfacet
  facet normal 0.2624465823173523 -0.8773269653320312 0.40177029371261597
    outer loop
      vertex 4.090373992919922 -9.685426712036133 58.0325813293457
      vertex 2.592489719390869 -9.775467872619629 58.81441879272461
      vertex 2.7964539527893066 -10.65873908996582 56.75242614746094
    endloop
  endfacet
  facet normal 0.3330654799938202 -0.7268936634063721 0.600577175617218
    outer loop
      vertex 6.039616584777832 -10.674269676208496 54.80298614501953
      vertex 4.167082786560059 -11.427745819091797 54.92949676513672
      vertex 5.59311580657959 -12.045318603515625 53.39118957519531
    endloop
  endfacet
  facet normal 0.3525736927986145 -0.7927188277244568 0.49728134274482727
    outer loop
      vertex 6.039616584777832 -10.674269676208496 54.80298614501953
      vertex 4.973353385925293 -10.085845947265625 56.496978759765625
      vertex 4.167082786560059 -11.427745819091797 54.92949676513672
    endloop
  endfacet
  facet normal 0.414976567029953 -0.7147876024246216 0.5629149079322815
    outer loop
      vertex 6.039616584777832 -10.674269676208496 54.80298614501953
      vertex 5.59311580657959 -12.045318603515625 53.39118957519531
      vertex 7.248432636260986 -11.141658782958984 53.31836700439453
    endloop
  endfacet
  facet normal 0.20499670505523682 -0.9363791942596436 0.28490403294563293
    outer loop
      vertex 4.1425933837890625 -9.165010452270508 59.7054328918457
      vertex 2.592489719390869 -9.775467872619629 58.81441879272461
      vertex 4.090373992919922 -9.685426712036133 58.0325813293457
    endloop
  endfacet
  facet normal 0.37423175573349 -0.8218783736228943 0.42949581146240234
    outer loop
      vertex 5.944330215454102 -8.662193298339844 58.37522506713867
      vertex 4.090373992919922 -9.685426712036133 58.0325813293457
      vertex 4.973353385925293 -10.085845947265625 56.496978759765625
    endloop
  endfacet
  facet normal 0.5652626156806946 -0.6196924448013306 0.5444808602333069
    outer loop
      vertex 7.40356969833374 -9.907245635986328 54.56223678588867
      vertex 7.248432636260986 -11.141658782958984 53.31836700439453
      vertex 8.439350128173828 -9.847923278808594 53.554439544677734
    endloop
  endfacet
  facet normal 0.608646035194397 -0.6042594909667969 0.5142183303833008
    outer loop
      vertex 8.417774200439453 -8.488624572753906 55.02881622314453
      vertex 6.770420074462891 -9.280515670776367 56.048126220703125
      vertex 7.40356969833374 -9.907245635986328 54.56223678588867
    endloop
  endfacet
  facet normal 0.6322641372680664 -0.6631210446357727 0.4006403088569641
    outer loop
      vertex 5.944330215454102 -8.662193298339844 58.37522506713867
      vertex 6.770420074462891 -9.280515670776367 56.048126220703125
      vertex 7.761632442474365 -7.770883560180664 56.9825325012207
    endloop
  endfacet
  facet normal 0.6041288375854492 -0.7290521264076233 0.32173171639442444
    outer loop
      vertex 7.761632442474365 -7.770883560180664 56.9825325012207
      vertex 7.684458255767822 -7.022866249084473 58.822471618652344
      vertex 5.944330215454102 -8.662193298339844 58.37522506713867
    endloop
  endfacet
  facet normal 0.6880746483802795 -0.4926999509334564 0.5327288508415222
    outer loop
      vertex 9.64576244354248 -7.245366096496582 54.59258270263672
      vertex 8.417774200439453 -8.488624572753906 55.02881622314453
      vertex 9.685877799987793 -8.531618118286133 53.351165771484375
    endloop
  endfacet
  facet normal 0.7229956388473511 -0.5875855684280396 0.36334627866744995
    outer loop
      vertex 9.05778694152832 -6.755114555358887 56.04606246948242
      vertex 8.606466293334961 -6.376690864562988 57.55607986450195
      vertex 7.761632442474365 -7.770883560180664 56.9825325012207
    endloop
  endfacet
  facet normal 0.7744981646537781 -0.5708147883415222 0.272622674703598
    outer loop
      vertex 8.606466293334961 -6.376690864562988 57.55607986450195
      vertex 8.840999603271484 -5.4043145179748535 58.925743103027344
      vertex 7.684458255767822 -7.022866249084473 58.822471618652344
    endloop
  endfacet
  facet normal -0.20109014213085175 -0.9003534913063049 0.3859098255634308
    outer loop
      vertex 0.8557494878768921 -9.46137523651123 60.00008010864258
      vertex -1.3076426982879639 -8.851835250854492 60.29487609863281
      vertex -0.8231825828552246 -9.729392051696777 58.49991989135742
    endloop
  endfacet
  facet normal 0.07364840805530548 -0.9320424199104309 0.3547857999801636
    outer loop
      vertex 0.8557494878768921 -9.46137523651123 60.00008010864258
      vertex 0.9500432014465332 -10.263687133789062 57.87278747558594
      vertex 2.592489719390869 -9.775467872619629 58.81441879272461
    endloop
  endfacet
  facet normal 0.2404453307390213 -0.9434812068939209 0.22809962928295135
    outer loop
      vertex 2.741346836090088 -9.328794479370117 60.50506591796875
      vertex 2.592489719390869 -9.775467872619629 58.81441879272461
      vertex 4.1425933837890625 -9.165010452270508 59.7054328918457
    endloop
  endfacet
  facet normal 0.36956602334976196 -0.9163203239440918 0.15420082211494446
    outer loop
      vertex 5.944330215454102 -8.662193298339844 58.37522506713867
      vertex 5.359963417053223 -8.540915489196777 60.496429443359375
      vertex 4.1425933837890625 -9.165010452270508 59.7054328918457
    endloop
  endfacet
  facet normal 0.5375133156776428 -0.8204028010368347 0.1949843168258667
    outer loop
      vertex 6.724167823791504 -7.670404434204102 60.39842987060547
      vertex 5.359963417053223 -8.540915489196777 60.496429443359375
      vertex 5.944330215454102 -8.662193298339844 58.37522506713867
    endloop
  endfacet
  facet normal 0.8567559719085693 -0.5090095400810242 0.08293702453374863
    outer loop
      vertex 9.287668228149414 -4.359951496124268 60.72113800048828
      vertex 8.174755096435547 -6.237450122833252 60.694976806640625
      vertex 8.840999603271484 -5.4043145179748535 58.925743103027344
    endloop
  endfacet
  facet normal 0.7511534690856934 -0.42274776101112366 0.5070037245750427
    outer loop
      vertex 10.173808097839355 -5.7073163986206055 55.09270477294922
      vertex 9.64576244354248 -7.245366096496582 54.59258270263672
      vertex 10.75143814086914 -6.716529846191406 53.395416259765625
    endloop
  endfacet
  facet normal 0.7855144143104553 -0.4561271667480469 0.4182286858558655
    outer loop
      vertex 10.173808097839355 -5.7073163986206055 55.09270477294922
      vertex 9.610282897949219 -4.928039073944092 57.001007080078125
      vertex 9.05778694152832 -6.755114555358887 56.04606246948242
    endloop
  endfacet
  facet normal 0.826366126537323 -0.4361015856266022 0.35627883672714233
    outer loop
      vertex 9.610282897949219 -4.928039073944092 57.001007080078125
      vertex 8.606466293334961 -6.376690864562988 57.55607986450195
      vertex 9.05778694152832 -6.755114555358887 56.04606246948242
    endloop
  endfacet
  facet normal 0.8217559456825256 -0.3076712489128113 0.4796411991119385
    outer loop
      vertex 11.162616729736328 -4.833958148956299 53.958831787109375
      vertex 10.64411735534668 -3.7728583812713623 55.52781677246094
      vertex 10.173808097839355 -5.7073163986206055 55.09270477294922
    endloop
  endfacet
  facet normal 0.8981177806854248 -0.34410974383354187 0.27381205558776855
    outer loop
      vertex 9.610282897949219 -4.928039073944092 57.001007080078125
      vertex 9.614763259887695 -3.512777328491211 58.764923095703125
      vertex 8.840999603271484 -5.4043145179748535 58.925743103027344
    endloop
  endfacet
  facet normal 0.875216007232666 -0.2826097011566162 0.39259228110313416
    outer loop
      vertex 10.192195892333984 -2.9972639083862305 57.09361267089844
      vertex 9.610282897949219 -4.928039073944092 57.001007080078125
      vertex 10.64411735534668 -3.7728583812713623 55.52781677246094
    endloop
  endfacet
  facet normal 0.9284368753433228 -0.2909015417098999 0.23104391992092133
    outer loop
      vertex 10.192195892333984 -2.9972639083862305 57.09361267089844
      vertex 9.614763259887695 -3.512777328491211 58.764923095703125
      vertex 9.610282897949219 -4.928039073944092 57.001007080078125
    endloop
  endfacet
  facet normal 0.9214082956314087 -0.16927926242351532 0.34978774189949036
    outer loop
      vertex 10.64411735534668 -3.7728583812713623 55.52781677246094
      vertex 10.90673828125 -1.3828094005584717 55.99268341064453
      vertex 10.192195892333984 -2.9972639083862305 57.09361267089844
    endloop
  endfacet
  facet normal 0.8673418760299683 -0.18516157567501068 0.4619885981082916
    outer loop
      vertex 11.649541854858398 -2.8349528312683105 54.01612854003906
      vertex 10.90673828125 -1.3828094005584717 55.99268341064453
      vertex 10.64411735534668 -3.7728583812713623 55.52781677246094
    endloop
  endfacet
  facet normal 0.9858404994010925 -0.12652233242988586 0.11004776507616043
    outer loop
      vertex 9.59813117980957 -1.9856433868408203 60.66967010498047
      vertex 9.287668228149414 -4.359951496124268 60.72113800048828
      vertex 9.614763259887695 -3.512777328491211 58.764923095703125
    endloop
  endfacet
  facet normal -0.17504742741584778 -0.26727354526519775 0.9475881457328796
    outer loop
      vertex 1.6004605293273926 4.093724250793457 63.078521728515625
      vertex -0.4631953239440918 4.647961616516113 62.85363006591797
      vertex -0.19952663779258728 2.321486234664917 62.24613952636719
    endloop
  endfacet
  facet normal -0.3525014817714691 -0.3902605175971985 0.8505524396896362
    outer loop
      vertex 0.7904447913169861 5.858598232269287 63.92866516113281
      vertex -1.0867304801940918 6.572092056274414 63.478065490722656
      vertex -0.4631953239440918 4.647961616516113 62.85363006591797
    endloop
  endfacet
  facet normal 0.02619468793272972 -0.34010741114616394 0.9400216937065125
    outer loop
      vertex 4.000753402709961 4.065867900848389 63.001556396484375
      vertex 1.6004605293273926 4.093724250793457 63.078521728515625
      vertex 2.5056698322296143 1.863393783569336 62.24634552001953
    endloop
  endfacet
  facet normal 0.020105956122279167 -0.5585801601409912 0.8292069435119629
    outer loop
      vertex 2.971454620361328 5.800349235534668 64.19491577148438
      vertex 1.6004605293273926 4.093724250793457 63.078521728515625
      vertex 4.000753402709961 4.065867900848389 63.001556396484375
    endloop
  endfacet
  facet normal 0.2817414402961731 -0.5365278124809265 0.7954618334770203
    outer loop
      vertex 5.408136367797852 6.077594757080078 63.859962463378906
      vertex 4.000753402709961 4.065867900848389 63.001556396484375
      vertex 6.2178497314453125 4.4782843589782715 62.49446105957031
    endloop
  endfacet
  facet normal 0.37063995003700256 -0.2735710144042969 0.8875724673271179
    outer loop
      vertex 6.2178497314453125 4.4782843589782715 62.49446105957031
      vertex 5.296862602233887 2.0752248764038086 62.13837432861328
      vertex 7.088160514831543 2.9834327697753906 61.67028045654297
    endloop
  endfacet
  facet normal 0.4526839852333069 -0.43525999784469604 0.7782197594642639
    outer loop
      vertex 5.408136367797852 6.077594757080078 63.859962463378906
      vertex 6.2178497314453125 4.4782843589782715 62.49446105957031
      vertex 7.27484130859375 6.509031295776367 63.015419006347656
    endloop
  endfacet
  facet normal 0.601775586605072 0.06860724091529846 0.7957130074501038
    outer loop
      vertex 7.088160514831543 2.9834327697753906 61.67028045654297
      vertex 7.27976655960083 0.9525227546691895 61.70048141479492
      vertex 8.40330982208252 2.248586654663086 60.73902893066406
    endloop
  endfacet
  facet normal 0.5431870222091675 -0.14017325639724731 0.8278279900550842
    outer loop
      vertex 6.2178497314453125 4.4782843589782715 62.49446105957031
      vertex 7.088160514831543 2.9834327697753906 61.67028045654297
      vertex 8.223464012145996 5.141530990600586 61.29076385498047
    endloop
  endfacet
  facet normal 0.6975688934326172 0.6641972661018372 -0.2687743902206421
    outer loop
      vertex 9.022218704223633 13.918952941894531 55.41217041015625
      vertex 9.003559112548828 13.264484405517578 53.74641418457031
      vertex 7.841653823852539 14.765170097351074 54.43934631347656
    endloop
  endfacet
  facet normal 0.8517365455627441 0.5054821968078613 -0.13795919716358185
    outer loop
      vertex 9.87334156036377 12.815146446228027 56.62251281738281
      vertex 9.999013900756836 11.9533052444458 54.24060821533203
      vertex 9.022218704223633 13.918952941894531 55.41217041015625
    endloop
  endfacet
  facet normal 0.9656773209571838 -0.09784943610429764 0.24060919880867004
    outer loop
      vertex 10.013859748840332 8.176064491271973 59.2418327331543
      vertex 10.51206111907959 8.644784927368164 57.43293380737305
      vertex 10.25799560546875 10.461446762084961 59.19140625
    endloop
  endfacet
  facet normal 0.8925845623016357 -0.05388239398598671 0.4476487934589386
    outer loop
      vertex 11.256832122802734 1.4417712688446045 55.634605407714844
      vertex 10.90673828125 -1.3828094005584717 55.99268341064453
      vertex 11.885573387145996 -0.5816544890403748 54.13737869262695
    endloop
  endfacet
  facet normal 0.9354242086410522 -0.03084051050245762 0.35217952728271484
    outer loop
      vertex 10.452747344970703 0.40577396750450134 57.35515594482422
      vertex 10.076822280883789 -1.4379830360412598 58.19219207763672
      vertex 10.90673828125 -1.3828094005584717 55.99268341064453
    endloop
  endfacet
  facet normal 0.9138263463973999 -0.006753097288310528 0.4060490131378174
    outer loop
      vertex 10.323795318603516 2.547851800918579 57.680992126464844
      vertex 9.591431617736816 0.7785312533378601 59.299774169921875
      vertex 10.452747344970703 0.40577396750450134 57.35515594482422
    endloop
  endfacet
  facet normal 0.9095600843429565 -0.00420466298237443 0.4155513644218445
    outer loop
      vertex 10.972040176391602 4.374015808105469 56.287628173828125
      vertex 11.256832122802734 1.4417712688446045 55.634605407714844
      vertex 11.84322452545166 3.270716667175293 54.36961364746094
    endloop
  endfacet
  facet normal 0.9123342633247375 -0.01157425157725811 0.40928253531455994
    outer loop
      vertex 10.972040176391602 4.374015808105469 56.287628173828125
      vertex 10.15404987335205 4.6071038246154785 58.11760711669922
      vertex 10.323795318603516 2.547851800918579 57.680992126464844
    endloop
  endfacet
  facet normal 0.8753038644790649 -0.030178437009453773 0.48263081908226013
    outer loop
      vertex 10.15404987335205 4.6071038246154785 58.11760711669922
      vertex 9.394899368286133 3.566049575805664 59.42931365966797
      vertex 10.323795318603516 2.547851800918579 57.680992126464844
    endloop
  endfacet
  facet normal 0.9450891017913818 0.1092175617814064 0.3080229163169861
    outer loop
      vertex 11.551970481872559 7.007879257202148 54.23518371582031
      vertex 11.020292282104492 6.8226847648620605 55.932167053222656
      vertex 11.639568328857422 5.290699481964111 54.57528305053711
    endloop
  endfacet
  facet normal 0.924216091632843 0.036961764097213745 0.38007670640945435
    outer loop
      vertex 11.020292282104492 6.8226847648620605 55.932167053222656
      vertex 10.972040176391602 4.374015808105469 56.287628173828125
      vertex 11.639568328857422 5.290699481964111 54.57528305053711
    endloop
  endfacet
  facet normal 0.9106934070587158 -0.03530415892601013 0.41157159209251404
    outer loop
      vertex 10.395295143127441 6.457852840423584 57.7425537109375
      vertex 10.15404987335205 4.6071038246154785 58.11760711669922
      vertex 10.972040176391602 4.374015808105469 56.287628173828125
    endloop
  endfacet
  facet normal 0.9137362241744995 -0.1323537975549698 0.3841467797756195
    outer loop
      vertex 10.395295143127441 6.457852840423584 57.7425537109375
      vertex 10.013859748840332 8.176064491271973 59.2418327331543
      vertex 9.59548282623291 5.99037504196167 59.48393249511719
    endloop
  endfacet
  facet normal 0.9760256409645081 0.08185909688472748 0.2016758918762207
    outer loop
      vertex 10.914203643798828 8.984161376953125 55.34898376464844
      vertex 10.382780075073242 10.833829879760742 57.17007827758789
      vertex 10.51206111907959 8.644784927368164 57.43293380737305
    endloop
  endfacet
  facet normal 0.8429872989654541 0.24050800502300262 0.481174111366272
    outer loop
      vertex 9.591431617736816 0.7785312533378601 59.299774169921875
      vertex 8.798208236694336 0.025261230766773224 61.06596374511719
      vertex 9.59813117980957 -1.9856433868408203 60.66967010498047
    endloop
  endfacet
  facet normal 0.8508971929550171 0.22120006382465363 0.47649186849594116
    outer loop
      vertex 8.40330982208252 2.248586654663086 60.73902893066406
      vertex 8.798208236694336 0.025261230766773224 61.06596374511719
      vertex 9.591431617736816 0.7785312533378601 59.299774169921875
    endloop
  endfacet
  facet normal 0.822575569152832 -0.29586562514305115 0.48562654852867126
    outer loop
      vertex 9.32046127319336 7.906973838806152 61.117454528808594
      vertex 8.223464012145996 5.141530990600586 61.29076385498047
      vertex 9.59548282623291 5.99037504196167 59.48393249511719
    endloop
  endfacet
  facet normal 0.6407279372215271 -0.38976749777793884 0.6614749431610107
    outer loop
      vertex 8.443544387817383 7.393352508544922 62.404449462890625
      vertex 7.27484130859375 6.509031295776367 63.015419006347656
      vertex 8.223464012145996 5.141530990600586 61.29076385498047
    endloop
  endfacet
  facet normal 0.9623602032661438 0.23275229334831238 0.1403188705444336
    outer loop
      vertex 10.420005798339844 10.961811065673828 55.457977294921875
      vertex 10.914203643798828 8.984161376953125 55.34898376464844
      vertex 10.860828399658203 10.075910568237305 53.90412521362305
    endloop
  endfacet
  facet normal -2.355704054934904e-06 0.707108736038208 0.7071048617362976
    outer loop
      vertex 2.999999523162842 7.290668964385986 64.7093276977539
      vertex 2.9999992847442627 6.767409801483154 65.23258972167969
      vertex 4.2993011474609375 7.381157398223877 64.61884307861328
    endloop
  endfacet
  facet normal -1.2797531780961435e-06 0.7071076035499573 0.7071059346199036
    outer loop
      vertex 2.9999992847442627 6.767409801483154 65.23258972167969
      vertex 4.443667888641357 6.867952346801758 65.13204956054688
      vertex 4.2993011474609375 7.381157398223877 64.61884307861328
    endloop
  endfacet
  facet normal 6.199224458214303e-07 0.7071078419685364 0.7071057558059692
    outer loop
      vertex 5.548671722412109 7.649145603179932 64.3508529663086
      vertex 4.2993011474609375 7.381157398223877 64.61884307861328
      vertex 4.443667888641357 6.867952346801758 65.13204956054688
    endloop
  endfacet
  facet normal 1.1577058103284799e-06 0.7071074843406677 0.7071061134338379
    outer loop
      vertex 4.443667888641357 6.867952346801758 65.13204956054688
      vertex 5.831857681274414 7.165717124938965 64.83428192138672
      vertex 5.548671722412109 7.649145603179932 64.3508529663086
    endloop
  endfacet
  facet normal -9.298849477090698e-07 0.7071068286895752 0.7071067094802856
    outer loop
      vertex 6.700098037719727 8.084335327148438 63.91566467285156
      vertex 5.548671722412109 7.649145603179932 64.3508529663086
      vertex 5.831857681274414 7.165717124938965 64.83428192138672
    endloop
  endfacet
  facet normal 4.3239646174697555e-07 0.7071062326431274 0.7071073055267334
    outer loop
      vertex 5.831857681274414 7.165717124938965 64.83428192138672
      vertex 7.111220359802246 7.649260520935059 64.35073852539062
      vertex 6.700098037719727 8.084335327148438 63.91566467285156
    endloop
  endfacet
  facet normal -2.789659561130975e-07 0.7071058750152588 0.707107663154602
    outer loop
      vertex 7.709331035614014 8.670000076293945 63.33000183105469
      vertex 6.700098037719727 8.084335327148438 63.91566467285156
      vertex 7.111220359802246 7.649260520935059 64.35073852539062
    endloop
  endfacet
  facet normal 8.229507670876046e-07 0.7071055769920349 0.7071080207824707
    outer loop
      vertex 7.111220359802246 7.649260520935059 64.35073852539062
      vertex 8.232589721679688 8.299999237060547 63.70000076293945
      vertex 7.709331035614014 8.670000076293945 63.33000183105469
    endloop
  endfacet
  facet normal 2.8826489142375067e-06 0.7071070075035095 0.7071065902709961
    outer loop
      vertex 8.537586212158203 9.383634567260742 62.616363525390625
      vertex 7.709331035614014 8.670000076293945 63.33000183105469
      vertex 8.232589721679688 8.299999237060547 63.70000076293945
    endloop
  endfacet
  facet normal -3.361534027135349e-06 0.7071078419685364 0.7071056962013245
    outer loop
      vertex 8.232589721679688 8.299999237060547 63.70000076293945
      vertex 9.152873992919922 9.092927932739258 62.907073974609375
      vertex 8.537586212158203 9.383634567260742 62.616363525390625
    endloop
  endfacet
  facet normal -4.091493337909924e-06 0.7071071267127991 0.7071064710617065
    outer loop
      vertex 9.153038024902344 10.197815895080566 61.80218505859375
      vertex 8.537586212158203 9.383634567260742 62.616363525390625
      vertex 9.152873992919922 9.092927932739258 62.907073974609375
    endloop
  endfacet
  facet normal 1.1716571179931634e-06 0.7071070671081543 0.7071064710617065
    outer loop
      vertex 9.152873992919922 9.092927932739258 62.907073974609375
      vertex 9.836708068847656 9.997573852539062 62.00242614746094
      vertex 9.153038024902344 10.197815895080566 61.80218505859375
    endloop
  endfacet
  facet normal 6.664190550509375e-07 0.7071062326431274 0.7071073055267334
    outer loop
      vertex 9.53203010559082 11.081254959106445 60.91874694824219
      vertex 9.153038024902344 10.197815895080566 61.80218505859375
      vertex 9.836708068847656 9.997573852539062 62.00242614746094
    endloop
  endfacet
  facet normal 1.75051218320732e-06 0.7071064114570618 0.7071071863174438
    outer loop
      vertex 9.836708068847656 9.997573852539062 62.00242614746094
      vertex 10.257810592651367 10.979171752929688 61.02082824707031
      vertex 9.53203010559082 11.081254959106445 60.91874694824219
    endloop
  endfacet
  facet normal 2.022501575993374e-06 0.7071073651313782 0.7071061730384827
    outer loop
      vertex 9.65999984741211 12.0 60.0
      vertex 9.53203010559082 11.081254959106445 60.91874694824219
      vertex 10.257810592651367 10.979171752929688 61.02082824707031
    endloop
  endfacet
  facet normal 0.0 0.7071067690849304 0.7071067690849304
    outer loop
      vertex 9.65999984741211 12.0 60.0
      vertex 10.257810592651367 10.979171752929688 61.02082824707031
      vertex 10.399999618530273 12.0 60.0
    endloop
  endfacet
  facet normal 0.0 0.7071067690849304 0.7071067690849304
    outer loop
      vertex 9.65999984741211 12.0 60.0
      vertex 10.399999618530273 12.0 60.0
      vertex 10.257810592651367 13.020828247070312 58.97917175292969
    endloop
  endfacet
  facet normal -2.022501575993374e-06 0.7071073651313782 0.7071061730384827
    outer loop
      vertex 10.257810592651367 13.020828247070312 58.97917175292969
      vertex 9.53203010559082 12.918745040893555 59.08125305175781
      vertex 9.65999984741211 12.0 60.0
    endloop
  endfacet
  facet normal -1.75051218320732e-06 0.7071064114570618 0.7071071863174438
    outer loop
      vertex 9.53203010559082 12.918745040893555 59.08125305175781
      vertex 10.257810592651367 13.020828247070312 58.97917175292969
      vertex 9.836708068847656 14.002426147460938 57.99757385253906
    endloop
  endfacet
  facet normal -6.66418031869398e-07 0.7071062326431274 0.7071073055267334
    outer loop
      vertex 9.836708068847656 14.002426147460938 57.99757385253906
      vertex 9.153037071228027 13.802184104919434 58.19781494140625
      vertex 9.53203010559082 12.918745040893555 59.08125305175781
    endloop
  endfacet
  facet normal -8.090029268714716e-07 0.7071064710617065 0.7071071267127991
    outer loop
      vertex 9.153037071228027 13.802184104919434 58.19781494140625
      vertex 9.836708068847656 14.002426147460938 57.99757385253906
      vertex 9.152875900268555 14.90707015991211 57.09292984008789
    endloop
  endfacet
  facet normal 2.9446465532600996e-07 0.7071064710617065 0.7071070671081543
    outer loop
      vertex 9.152875900268555 14.90707015991211 57.09292984008789
      vertex 8.537588119506836 14.616363525390625 57.383636474609375
      vertex 9.153037071228027 13.802184104919434 58.19781494140625
    endloop
  endfacet
  facet normal -2.650173200891004e-07 0.7071070075035095 0.7071065306663513
    outer loop
      vertex 8.537588119506836 14.616363525390625 57.383636474609375
      vertex 9.152875900268555 14.90707015991211 57.09292984008789
      vertex 8.23259162902832 15.699999809265137 56.29999923706055
    endloop
  endfacet
  facet normal 2.851642875612015e-06 0.7071075439453125 0.7071060538291931
    outer loop
      vertex 8.23259162902832 15.699999809265137 56.29999923706055
      vertex 7.709331512451172 15.329999923706055 56.67000198364258
      vertex 8.537588119506836 14.616363525390625 57.383636474609375
    endloop
  endfacet
  facet normal 2.0643421976274112e-06 0.7071080207824707 0.7071055173873901
    outer loop
      vertex 7.709331512451172 15.329999923706055 56.67000198364258
      vertex 8.23259162902832 15.699999809265137 56.29999923706055
      vertex 7.111220359802246 16.350738525390625 55.649261474609375
    endloop
  endfacet
  facet normal 1.5498103778099903e-07 0.7071074843406677 0.7071061134338379
    outer loop
      vertex 7.111220359802246 16.350738525390625 55.649261474609375
      vertex 6.700098037719727 15.915665626525879 56.08433532714844
      vertex 7.709331512451172 15.329999923706055 56.67000198364258
    endloop
  endfacet
  facet normal 1.2135011502323323e-06 0.7071070075035095 0.7071065306663513
    outer loop
      vertex 6.700098037719727 15.915665626525879 56.08433532714844
      vertex 7.111220359802246 16.350738525390625 55.649261474609375
      vertex 5.831857681274414 16.83428382873535 55.16571807861328
    endloop
  endfacet
  facet normal 4.804404056812928e-07 0.7071066498756409 0.70710688829422
    outer loop
      vertex 5.831857681274414 16.83428382873535 55.16571807861328
      vertex 5.548671722412109 16.350854873657227 55.649147033691406
      vertex 6.700098037719727 15.915665626525879 56.08433532714844
    endloop
  endfacet
  facet normal -1.7156357898784336e-06 0.7071073055267334 0.7071062922477722
    outer loop
      vertex 5.548671722412109 16.350854873657227 55.649147033691406
      vertex 5.831857681274414 16.83428382873535 55.16571807861328
      vertex 4.443667888641357 17.132047653198242 54.867950439453125
    endloop
  endfacet
  facet normal -4.959381385560846e-07 0.7071081399917603 0.7071053981781006
    outer loop
      vertex 4.443667888641357 17.132047653198242 54.867950439453125
      vertex 4.2993011474609375 16.61884307861328 55.38115692138672
      vertex 5.548671722412109 16.350854873657227 55.649147033691406
    endloop
  endfacet
  facet normal 1.0949397619697265e-06 0.7071079611778259 0.7071055769920349
    outer loop
      vertex 4.2993011474609375 16.61884307861328 55.38115692138672
      vertex 4.443667888641357 17.132047653198242 54.867950439453125
      vertex 3.0 17.232589721679688 54.76741027832031
    endloop
  endfacet
  facet normal 0.0 0.7071067690849304 0.7071067690849304
    outer loop
      vertex 4.2993011474609375 16.61884307861328 55.38115692138672
      vertex 3.0 17.232589721679688 54.76741027832031
      vertex 3.0 16.709331512451172 55.29066848754883
    endloop
  endfacet
  facet normal 2.3479565243178513e-06 0.7071086764335632 0.7071048617362976
    outer loop
      vertex 2.999999523162842 7.290668964385986 64.7093276977539
      vertex 1.700698971748352 7.381157398223877 64.61884307861328
      vertex 2.9999992847442627 6.767409801483154 65.23258972167969
    endloop
  endfacet
  facet normal 1.2832415450247936e-06 0.7071076035499573 0.7071059346199036
    outer loop
      vertex 2.9999992847442627 6.767409801483154 65.23258972167969
      vertex 1.700698971748352 7.381157398223877 64.61884307861328
      vertex 1.5563321113586426 6.867952346801758 65.13204956054688
    endloop
  endfacet
  facet normal -6.199225026648492e-07 0.7071078419685364 0.7071057558059692
    outer loop
      vertex 0.4513285160064697 7.649145603179932 64.3508529663086
      vertex 1.5563321113586426 6.867952346801758 65.13204956054688
      vertex 1.700698971748352 7.381157398223877 64.61884307861328
    endloop
  endfacet
  facet normal -1.1437576858952525e-06 0.7071074843406677 0.7071061134338379
    outer loop
      vertex 1.5563321113586426 6.867952346801758 65.13204956054688
      vertex 0.4513285160064697 7.649145603179932 64.3508529663086
      vertex 0.16814255714416504 7.165717124938965 64.83428192138672
    endloop
  endfacet
  facet normal 9.298847771788132e-07 0.7071068286895752 0.7071067094802856
    outer loop
      vertex -0.7000980377197266 8.084335327148438 63.91566467285156
      vertex 0.16814255714416504 7.165717124938965 64.83428192138672
      vertex 0.4513285160064697 7.649145603179932 64.3508529663086
    endloop
  endfacet
  facet normal -4.4634472828875005e-07 0.7071062326431274 0.7071073651313782
    outer loop
      vertex 0.16814255714416504 7.165717124938965 64.83428192138672
      vertex -0.7000980377197266 8.084335327148438 63.91566467285156
      vertex -1.111220359802246 7.649260520935059 64.35073852539062
    endloop
  endfacet
  facet normal 2.789659561130975e-07 0.7071058750152588 0.707107663154602
    outer loop
      vertex -1.7093310356140137 8.670000076293945 63.33000183105469
      vertex -1.111220359802246 7.649260520935059 64.35073852539062
      vertex -0.7000980377197266 8.084335327148438 63.91566467285156
    endloop
  endfacet
  facet normal -8.368990620510885e-07 0.7071055769920349 0.7071080207824707
    outer loop
      vertex -1.111220359802246 7.649260520935059 64.35073852539062
      vertex -1.7093310356140137 8.670000076293945 63.33000183105469
      vertex -2.2325897216796875 8.299999237060547 63.70000076293945
    endloop
  endfacet
  facet normal -2.8826477773691295e-06 0.7071070075035095 0.7071065306663513
    outer loop
      vertex -2.5375866889953613 9.383634567260742 62.616363525390625
      vertex -2.2325897216796875 8.299999237060547 63.70000076293945
      vertex -1.7093310356140137 8.670000076293945 63.33000183105469
    endloop
  endfacet
  facet normal 3.3475880627520382e-06 0.7071079015731812 0.7071056962013245
    outer loop
      vertex -2.2325897216796875 8.299999237060547 63.70000076293945
      vertex -2.5375866889953613 9.383634567260742 62.616363525390625
      vertex -3.152873992919922 9.092927932739258 62.907073974609375
    endloop
  endfacet
  facet normal 4.091496975888731e-06 0.7071070671081543 0.7071064710617065
    outer loop
      vertex -3.1530375480651855 10.197815895080566 61.80218505859375
      vertex -3.152873992919922 9.092927932739258 62.907073974609375
      vertex -2.5375866889953613 9.383634567260742 62.616363525390625
    endloop
  endfacet
  facet normal -1.171655640064273e-06 0.7071070671081543 0.7071064710617065
    outer loop
      vertex -3.152873992919922 9.092927932739258 62.907073974609375
      vertex -3.1530375480651855 10.197815895080566 61.80218505859375
      vertex -3.8367085456848145 9.997573852539062 62.00242614746094
    endloop
  endfacet
  facet normal -6.664182592430734e-07 0.7071062922477722 0.7071073055267334
    outer loop
      vertex -3.532029628753662 11.081254959106445 60.91874694824219
      vertex -3.8367085456848145 9.997573852539062 62.00242614746094
      vertex -3.1530375480651855 10.197815895080566 61.80218505859375
    endloop
  endfacet
  facet normal -1.7505100231574033e-06 0.7071064114570618 0.7071071863174438
    outer loop
      vertex -3.8367085456848145 9.997573852539062 62.00242614746094
      vertex -3.532029628753662 11.081254959106445 60.91874694824219
      vertex -4.257811069488525 10.979171752929688 61.02082824707031
    endloop
  endfacet
  facet normal -2.0302479697420495e-06 0.7071073651313782 0.7071061730384827
    outer loop
      vertex -3.6599998474121094 12.0 60.0
      vertex -4.257811069488525 10.979171752929688 61.02082824707031
      vertex -3.532029628753662 11.081254959106445 60.91874694824219
    endloop
  endfacet
  facet normal 0.0 0.7071067690849304 0.7071067690849304
    outer loop
      vertex -3.6599998474121094 12.0 60.0
      vertex -4.400000095367432 12.0 60.0
      vertex -4.257811069488525 10.979171752929688 61.02082824707031
    endloop
  endfacet
  facet normal 0.0 0.7071067690849304 0.7071067690849304
    outer loop
      vertex -3.6599998474121094 12.0 60.0
      vertex -4.257811069488525 13.020828247070312 58.97917175292969
      vertex -4.400000095367432 12.0 60.0
    endloop
  endfacet
  facet normal 2.0457459868339356e-06 0.7071073651313782 0.7071062326431274
    outer loop
      vertex -4.257811069488525 13.020828247070312 58.97917175292969
      vertex -3.6599998474121094 12.0 60.0
      vertex -3.532029628753662 12.918745040893555 59.08125305175781
    endloop
  endfacet
  facet normal 1.67379448612337e-06 0.7071064114570618 0.7071071267127991
    outer loop
      vertex -3.532029628753662 12.918745040893555 59.08125305175781
      vertex -3.8367080688476562 14.002426147460938 57.99757385253906
      vertex -4.257811069488525 13.020828247070312 58.97917175292969
    endloop
  endfacet
  facet normal 6.819162763349595e-07 0.7071062326431274 0.7071073651313782
    outer loop
      vertex -3.8367080688476562 14.002426147460938 57.99757385253906
      vertex -3.532029628753662 12.918745040893555 59.08125305175781
      vertex -3.1530370712280273 13.802184104919434 58.19781494140625
    endloop
  endfacet
  facet normal 7.811062801010848e-07 0.7071064710617065 0.7071071267127991
    outer loop
      vertex -3.1530370712280273 13.802184104919434 58.19781494140625
      vertex -3.1528759002685547 14.90707015991211 57.09292984008789
      vertex -3.8367080688476562 14.002426147460938 57.99757385253906
    endloop
  endfacet
  facet normal -2.479702629898384e-07 0.7071064710617065 0.7071071267127991
    outer loop
      vertex -3.1528759002685547 14.90707015991211 57.09292984008789
      vertex -3.1530370712280273 13.802184104919434 58.19781494140625
      vertex -2.537588119506836 14.616363525390625 57.383636474609375
    endloop
  endfacet
  facet normal 2.789655866308749e-07 0.7071070671081543 0.7071065306663513
    outer loop
      vertex -2.537588119506836 14.616363525390625 57.383636474609375
      vertex -2.232591152191162 15.699999809265137 56.29999923706055
      vertex -3.1528759002685547 14.90707015991211 57.09292984008789
    endloop
  endfacet
  facet normal -2.9136369903426385e-06 0.7071075439453125 0.7071060538291931
    outer loop
      vertex -2.232591152191162 15.699999809265137 56.29999923706055
      vertex -2.537588119506836 14.616363525390625 57.383636474609375
      vertex -1.7093315124511719 15.329999923706055 56.67000198364258
    endloop
  endfacet
  facet normal -2.0643433344957884e-06 0.7071080803871155 0.7071055173873901
    outer loop
      vertex -1.7093315124511719 15.329999923706055 56.67000198364258
      vertex -1.111220359802246 16.350738525390625 55.649261474609375
      vertex -2.232591152191162 15.699999809265137 56.29999923706055
    endloop
  endfacet
  facet normal -1.2398483306697017e-07 0.707107424736023 0.7071061134338379
    outer loop
      vertex -1.111220359802246 16.350738525390625 55.649261474609375
      vertex -1.7093315124511719 15.329999923706055 56.67000198364258
      vertex -0.7000980377197266 15.915665626525879 56.08433532714844
    endloop
  endfacet
  facet normal -1.2274492746655596e-06 0.7071069478988647 0.7071066498756409
    outer loop
      vertex -0.7000980377197266 15.915665626525879 56.08433532714844
      vertex 0.16814255714416504 16.83428382873535 55.16571807861328
      vertex -1.111220359802246 16.350738525390625 55.649261474609375
    endloop
  endfacet
  facet normal -4.649422749025689e-07 0.7071066498756409 0.70710688829422
    outer loop
      vertex 0.16814255714416504 16.83428382873535 55.16571807861328
      vertex -0.7000980377197266 15.915665626525879 56.08433532714844
      vertex 0.4513285160064697 16.350854873657227 55.649147033691406
    endloop
  endfacet
  facet normal 1.7295840279984986e-06 0.7071073055267334 0.7071062922477722
    outer loop
      vertex 0.4513285160064697 16.350854873657227 55.649147033691406
      vertex 1.5563322305679321 17.132047653198242 54.867950439453125
      vertex 0.16814255714416504 16.83428382873535 55.16571807861328
    endloop
  endfacet
  facet normal 4.804400646207796e-07 0.7071081399917603 0.7071053981781006
    outer loop
      vertex 1.5563322305679321 17.132047653198242 54.867950439453125
      vertex 0.4513285160064697 16.350854873657227 55.649147033691406
      vertex 1.7006990909576416 16.61884307861328 55.38115692138672
    endloop
  endfacet
  facet normal -1.0984269920299994e-06 0.7071079611778259 0.7071056365966797
    outer loop
      vertex 1.7006990909576416 16.61884307861328 55.38115692138672
      vertex 3.0 17.232589721679688 54.76741027832031
      vertex 1.5563322305679321 17.132047653198242 54.867950439453125
    endloop
  endfacet
  facet normal 0.0 0.7071067690849304 0.7071067690849304
    outer loop
      vertex 1.7006990909576416 16.61884307861328 55.38115692138672
      vertex 3.0 16.709331512451172 55.29066848754883
      vertex 3.0 17.232589721679688 54.76741027832031
    endloop
  endfacet
  facet normal 0.0 0.7071067690849304 0.7071067690849304
    outer loop
      vertex 4.4800004959106445 13.8126220703125 58.1873779296875
      vertex 3.0 14.093036651611328 57.90696334838867
      vertex 3.0 13.308147430419922 58.69185256958008
    endloop
  endfacet
  facet normal -2.747991629803437e-07 0.7071071863174438 0.7071064114570618
    outer loop
      vertex 3.0 13.308147430419922 58.69185256958008
      vertex 4.30814790725708 12.925000190734863 59.07500076293945
      vertex 4.4800004959106445 13.8126220703125 58.1873779296875
    endloop
  endfacet
  facet normal -6.215990424607298e-07 0.7071072459220886 0.707106351852417
    outer loop
      vertex 4.4800004959106445 13.8126220703125 58.1873779296875
      vertex 4.30814790725708 12.925000190734863 59.07500076293945
      vertex 5.5634355545043945 13.046518325805664 58.95348358154297
    endloop
  endfacet
  facet normal -4.4654896669271693e-07 0.7071062922477722 0.7071072459220886
    outer loop
      vertex 4.30814790725708 12.925000190734863 59.07500076293945
      vertex 4.849999904632568 12.0 60.0
      vertex 5.5634355545043945 13.046518325805664 58.95348358154297
    endloop
  endfacet
  facet normal 0.0 0.7071061730384827 0.707107424736023
    outer loop
      vertex 5.5634355545043945 13.046518325805664 58.95348358154297
      vertex 4.849999904632568 12.0 60.0
      vertex 5.960000038146973 12.0 60.0
    endloop
  endfacet
  facet normal 0.0 0.7071061730384827 0.707107424736023
    outer loop
      vertex 5.5634355545043945 10.953481674194336 61.04651641845703
      vertex 5.960000038146973 12.0 60.0
      vertex 4.849999904632568 12.0 60.0
    endloop
  endfacet
  facet normal 4.422550432536809e-07 0.7071062922477722 0.7071072459220886
    outer loop
      vertex 4.849999904632568 12.0 60.0
      vertex 4.308147430419922 11.074999809265137 60.92499923706055
      vertex 5.5634355545043945 10.953481674194336 61.04651641845703
    endloop
  endfacet
  facet normal 6.215987582436355e-07 0.7071071863174438 0.707106351852417
    outer loop
      vertex 5.5634355545043945 10.953481674194336 61.04651641845703
      vertex 4.308147430419922 11.074999809265137 60.92499923706055
      vertex 4.480000019073486 10.1873779296875 61.8126220703125
    endloop
  endfacet
  facet normal 2.7479921982376254e-07 0.7071071863174438 0.7071064114570618
    outer loop
      vertex 4.308147430419922 11.074999809265137 60.92499923706055
      vertex 2.999999761581421 10.691852569580078 61.30814743041992
      vertex 4.480000019073486 10.1873779296875 61.8126220703125
    endloop
  endfacet
  facet normal 0.0 0.7071067690849304 0.7071067690849304
    outer loop
      vertex 4.480000019073486 10.1873779296875 61.8126220703125
      vertex 2.999999761581421 10.691852569580078 61.30814743041992
      vertex 2.999999761581421 9.906963348388672 62.09303665161133
    endloop
  endfacet
  facet normal -3.081338206811779e-07 0.7071064710617065 0.7071071267127991
    outer loop
      vertex 2.999999523162842 8.860445976257324 63.13955307006836
      vertex 4.699114799499512 9.099430084228516 62.900569915771484
      vertex 2.999999761581421 9.906963348388672 62.09303665161133
    endloop
  endfacet
  facet normal 0.0 0.7071067690849304 0.7071067690849304
    outer loop
      vertex 2.999999761581421 9.906963348388672 62.09303665161133
      vertex 4.699114799499512 9.099430084228516 62.900569915771484
      vertex 4.480000019073486 10.1873779296875 61.8126220703125
    endloop
  endfacet
  facet normal -4.17478929648496e-07 0.7071067094802856 0.7071068286895752
    outer loop
      vertex 4.699114799499512 9.099430084228516 62.900569915771484
      vertex 6.139554023742676 9.779999732971191 62.220001220703125
      vertex 4.480000019073486 10.1873779296875 61.8126220703125
    endloop
  endfacet
  facet normal 1.2303776664168709e-08 0.707107663154602 0.7071059346199036
    outer loop
      vertex 4.480000019073486 10.1873779296875 61.8126220703125
      vertex 6.139554023742676 9.779999732971191 62.220001220703125
      vertex 5.5634355545043945 10.953481674194336 61.04651641845703
    endloop
  endfacet
  facet normal 1.841817720560357e-07 0.707107663154602 0.7071058750152588
    outer loop
      vertex 6.139554023742676 9.779999732971191 62.220001220703125
      vertex 7.102025032043457 10.798543930053711 61.201454162597656
      vertex 5.5634355545043945 10.953481674194336 61.04651641845703
    endloop
  endfacet
  facet normal -1.26067135397534e-07 0.7071061730384827 0.707107424736023
    outer loop
      vertex 5.5634355545043945 10.953481674194336 61.04651641845703
      vertex 7.102025032043457 10.798543930053711 61.201454162597656
      vertex 5.960000038146973 12.0 60.0
    endloop
  endfacet
  facet normal 0.0 0.7071062326431274 0.7071073651313782
    outer loop
      vertex 7.102025032043457 10.798543930053711 61.201454162597656
      vertex 7.440000057220459 12.0 60.0
      vertex 5.960000038146973 12.0 60.0
    endloop
  endfacet
  facet normal 0.0 0.7071062326431274 0.7071073651313782
    outer loop
      vertex 7.440000057220459 12.0 60.0
      vertex 7.102024555206299 13.201456069946289 58.798545837402344
      vertex 5.960000038146973 12.0 60.0
    endloop
  endfacet
  facet normal 1.2606717803009815e-07 0.7071061730384827 0.707107424736023
    outer loop
      vertex 5.960000038146973 12.0 60.0
      vertex 7.102024555206299 13.201456069946289 58.798545837402344
      vertex 5.5634355545043945 13.046518325805664 58.95348358154297
    endloop
  endfacet
  facet normal -2.4557593292229285e-07 0.7071080207824707 0.7071055769920349
    outer loop
      vertex 7.102024555206299 13.201456069946289 58.798545837402344
      vertex 6.139554977416992 14.219999313354492 57.779998779296875
      vertex 5.5634355545043945 13.046518325805664 58.95348358154297
    endloop
  endfacet
  facet normal 2.8298688903305447e-07 0.7071078419685364 0.7071056962013245
    outer loop
      vertex 5.5634355545043945 13.046518325805664 58.95348358154297
      vertex 6.139554977416992 14.219999313354492 57.779998779296875
      vertex 4.4800004959106445 13.8126220703125 58.1873779296875
    endloop
  endfacet
  facet normal 8.595151257395628e-07 0.7071067094802856 0.7071068286895752
    outer loop
      vertex 6.139554977416992 14.219999313354492 57.779998779296875
      vertex 4.699114799499512 14.900569915771484 57.099430084228516
      vertex 4.4800004959106445 13.8126220703125 58.1873779296875
    endloop
  endfacet
  facet normal 0.0 0.7071067690849304 0.7071067690849304
    outer loop
      vertex 4.4800004959106445 13.8126220703125 58.1873779296875
      vertex 4.699114799499512 14.900569915771484 57.099430084228516
      vertex 3.0 14.093036651611328 57.90696334838867
    endloop
  endfacet
  facet normal 3.081339343680156e-07 0.7071064710617065 0.7071071267127991
    outer loop
      vertex 3.0 15.139554023742676 56.86044692993164
      vertex 3.0 14.093036651611328 57.90696334838867
      vertex 4.699114799499512 14.900569915771484 57.099430084228516
    endloop
  endfacet
  facet normal 5.3725841553387e-07 0.7071071863174438 0.707106351852417
    outer loop
      vertex 4.699114799499512 14.900569915771484 57.099430084228516
      vertex 3.0 15.924442291259766 56.075557708740234
      vertex 3.0 15.139554023742676 56.86044692993164
    endloop
  endfacet
  facet normal 4.2980687453564315e-07 0.7071071267127991 0.7071064710617065
    outer loop
      vertex 3.0 15.924442291259766 56.075557708740234
      vertex 4.699114799499512 14.900569915771484 57.099430084228516
      vertex 5.123892784118652 15.625712394714355 56.37428665161133
    endloop
  endfacet
  facet normal 6.3206863387677e-07 0.7071071267127991 0.7071064710617065
    outer loop
      vertex 6.924443244934082 14.774999618530273 57.224998474121094
      vertex 5.123892784118652 15.625712394714355 56.37428665161133
      vertex 4.699114799499512 14.900569915771484 57.099430084228516
    endloop
  endfacet
  facet normal 5.688618784915889e-07 0.707106351852417 0.7071071863174438
    outer loop
      vertex 4.699114799499512 14.900569915771484 57.099430084228516
      vertex 6.139554977416992 14.219999313354492 57.779998779296875
      vertex 6.924443244934082 14.774999618530273 57.224998474121094
    endloop
  endfacet
  facet normal -4.4244836772122653e-07 0.7071070671081543 0.7071064710617065
    outer loop
      vertex 6.924443244934082 14.774999618530273 57.224998474121094
      vertex 6.139554977416992 14.219999313354492 57.779998779296875
      vertex 8.127531051635742 13.501819610595703 58.4981803894043
    endloop
  endfacet
  facet normal 4.266462667601445e-07 0.7071082592010498 0.707105278968811
    outer loop
      vertex 6.139554977416992 14.219999313354492 57.779998779296875
      vertex 7.102024555206299 13.201456069946289 58.798545837402344
      vertex 8.127531051635742 13.501819610595703 58.4981803894043
    endloop
  endfacet
  facet normal 1.226212930305337e-06 0.7071069478988647 0.7071065902709961
    outer loop
      vertex 8.127531051635742 13.501819610595703 58.4981803894043
      vertex 7.102024555206299 13.201456069946289 58.798545837402344
      vertex 8.550000190734863 12.0 60.0
    endloop
  endfacet
  facet normal 0.0 0.7071062326431274 0.7071073651313782
    outer loop
      vertex 7.102024555206299 13.201456069946289 58.798545837402344
      vertex 7.440000057220459 12.0 60.0
      vertex 8.550000190734863 12.0 60.0
    endloop
  endfacet
  facet normal 0.0 0.7071062326431274 0.7071073651313782
    outer loop
      vertex 7.102025032043457 10.798543930053711 61.201454162597656
      vertex 8.550000190734863 12.0 60.0
      vertex 7.440000057220459 12.0 60.0
    endloop
  endfacet
  facet normal -1.2262134987395257e-06 0.7071069478988647 0.7071065902709961
    outer loop
      vertex 8.550000190734863 12.0 60.0
      vertex 7.102025032043457 10.798543930053711 61.201454162597656
      vertex 8.127531051635742 10.498180389404297 61.5018196105957
    endloop
  endfacet
  facet normal -5.688614805876568e-07 0.7071080803871155 0.7071055173873901
    outer loop
      vertex 7.102025032043457 10.798543930053711 61.201454162597656
      vertex 6.139554023742676 9.779999732971191 62.220001220703125
      vertex 8.127531051635742 10.498180389404297 61.5018196105957
    endloop
  endfacet
  facet normal -6.320691881001039e-08 0.7071073651313782 0.7071062326431274
    outer loop
      vertex 8.127531051635742 10.498180389404297 61.5018196105957
      vertex 6.139554023742676 9.779999732971191 62.220001220703125
      vertex 6.924442291259766 9.225000381469727 62.775001525878906
    endloop
  endfacet
  facet normal -6.241686492103327e-07 0.7071069478988647 0.7071066498756409
    outer loop
      vertex 6.139554023742676 9.779999732971191 62.220001220703125
      vertex 4.699114799499512 9.099430084228516 62.900569915771484
      vertex 6.924442291259766 9.225000381469727 62.775001525878906
    endloop
  endfacet
  facet normal -6.857951575511834e-07 0.7071075439453125 0.7071060538291931
    outer loop
      vertex 6.924442291259766 9.225000381469727 62.775001525878906
      vertex 4.699114799499512 9.099430084228516 62.900569915771484
      vertex 5.123892784118652 8.374288558959961 63.62571334838867
    endloop
  endfacet
  facet normal -8.28010456643824e-07 0.7071074843406677 0.7071060538291931
    outer loop
      vertex 2.999999523162842 8.075557708740234 63.924442291259766
      vertex 5.123892784118652 8.374288558959961 63.62571334838867
      vertex 4.699114799499512 9.099430084228516 62.900569915771484
    endloop
  endfacet
  facet normal -5.21456513524754e-07 0.7071071863174438 0.707106351852417
    outer loop
      vertex 4.699114799499512 9.099430084228516 62.900569915771484
      vertex 2.999999523162842 8.860445976257324 63.13955307006836
      vertex 2.999999523162842 8.075557708740234 63.924442291259766
    endloop
  endfacet
  facet normal 2.488578729753499e-07 0.7071065306663513 0.7071070075035095
    outer loop
      vertex 5.123892784118652 15.625712394714355 56.37428665161133
      vertex 4.2993011474609375 16.61884307861328 55.38115692138672
      vertex 3.0 15.924442291259766 56.075557708740234
    endloop
  endfacet
  facet normal 0.0 0.7071067690849304 0.7071067690849304
    outer loop
      vertex 3.0 15.924442291259766 56.075557708740234
      vertex 4.2993011474609375 16.61884307861328 55.38115692138672
      vertex 3.0 16.709331512451172 55.29066848754883
    endloop
  endfacet
  facet normal -1.4878186220812495e-06 0.7071058750152588 0.707107663154602
    outer loop
      vertex 4.2993011474609375 16.61884307861328 55.38115692138672
      vertex 5.123892784118652 15.625712394714355 56.37428665161133
      vertex 5.548671722412109 16.350854873657227 55.649147033691406
    endloop
  endfacet
  facet normal -3.719548828939878e-07 0.7071055173873901 0.7071080803871155
    outer loop
      vertex 6.700098037719727 15.915665626525879 56.08433532714844
      vertex 5.548671722412109 16.350854873657227 55.649147033691406
      vertex 5.123892784118652 15.625712394714355 56.37428665161133
    endloop
  endfacet
  facet normal -4.977161438546318e-07 0.7071058750152588 0.7071077227592468
    outer loop
      vertex 5.123892784118652 15.625712394714355 56.37428665161133
      vertex 6.924443244934082 14.774999618530273 57.224998474121094
      vertex 6.700098037719727 15.915665626525879 56.08433532714844
    endloop
  endfacet
  facet normal -1.9011026779480744e-06 0.7071056365966797 0.7071079015731812
    outer loop
      vertex 6.700098037719727 15.915665626525879 56.08433532714844
      vertex 6.924443244934082 14.774999618530273 57.224998474121094
      vertex 7.709331512451172 15.329999923706055 56.67000198364258
    endloop
  endfacet
  facet normal -1.1571934237508685e-06 0.7071051597595215 0.7071083784103394
    outer loop
      vertex 8.537588119506836 14.616363525390625 57.383636474609375
      vertex 7.709331512451172 15.329999923706055 56.67000198364258
      vertex 6.924443244934082 14.774999618530273 57.224998474121094
    endloop
  endfacet
  facet normal -8.144444905155979e-07 0.7071069478988647 0.7071066498756409
    outer loop
      vertex 6.924443244934082 14.774999618530273 57.224998474121094
      vertex 8.127531051635742 13.501819610595703 58.4981803894043
      vertex 8.537588119506836 14.616363525390625 57.383636474609375
    endloop
  endfacet
  facet normal 7.232461598505324e-07 0.7071065902709961 0.7071069478988647
    outer loop
      vertex 8.537588119506836 14.616363525390625 57.383636474609375
      vertex 8.127531051635742 13.501819610595703 58.4981803894043
      vertex 9.153037071228027 13.802184104919434 58.19781494140625
    endloop
  endfacet
  facet normal 7.852363523852546e-07 0.7071066498756409 0.7071069478988647
    outer loop
      vertex 9.53203010559082 12.918745040893555 59.08125305175781
      vertex 9.153037071228027 13.802184104919434 58.19781494140625
      vertex 8.127531051635742 13.501819610595703 58.4981803894043
    endloop
  endfacet
  facet normal 1.08592450942524e-06 0.7071069478988647 0.7071065902709961
    outer loop
      vertex 8.127531051635742 13.501819610595703 58.4981803894043
      vertex 8.550000190734863 12.0 60.0
      vertex 9.53203010559082 12.918745040893555 59.08125305175781
    endloop
  endfacet
  facet normal 0.0 0.7071075439453125 0.7071060538291931
    outer loop
      vertex 9.53203010559082 12.918745040893555 59.08125305175781
      vertex 8.550000190734863 12.0 60.0
      vertex 9.65999984741211 12.0 60.0
    endloop
  endfacet
  facet normal 0.0 0.7071075439453125 0.7071060538291931
    outer loop
      vertex 9.53203010559082 11.081254959106445 60.91874694824219
      vertex 9.65999984741211 12.0 60.0
      vertex 8.550000190734863 12.0 60.0
    endloop
  endfacet
  facet normal -1.0859246231120778e-06 0.7071069478988647 0.7071066498756409
    outer loop
      vertex 8.550000190734863 12.0 60.0
      vertex 8.127531051635742 10.498180389404297 61.5018196105957
      vertex 9.53203010559082 11.081254959106445 60.91874694824219
    endloop
  endfacet
  facet normal -7.749038104520878e-07 0.7071065306663513 0.7071070671081543
    outer loop
      vertex 9.53203010559082 11.081254959106445 60.91874694824219
      vertex 8.127531051635742 10.498180389404297 61.5018196105957
      vertex 9.153038024902344 10.197815895080566 61.80218505859375
    endloop
  endfacet
  facet normal -1.1365267482688068e-06 0.7071059346199036 0.7071076035499573
    outer loop
      vertex 8.537586212158203 9.383634567260742 62.616363525390625
      vertex 9.153038024902344 10.197815895080566 61.80218505859375
      vertex 8.127531051635742 10.498180389404297 61.5018196105957
    endloop
  endfacet
  facet normal 1.7306948620898766e-06 0.7071064710617065 0.7071070671081543
    outer loop
      vertex 8.127531051635742 10.498180389404297 61.5018196105957
      vertex 6.924442291259766 9.225000381469727 62.775001525878906
      vertex 8.537586212158203 9.383634567260742 62.616363525390625
    endloop
  endfacet
  facet normal 1.4671533108412405e-06 0.7071078419685364 0.7071057558059692
    outer loop
      vertex 8.537586212158203 9.383634567260742 62.616363525390625
      vertex 6.924442291259766 9.225000381469727 62.775001525878906
      vertex 7.709331035614014 8.670000076293945 63.33000183105469
    endloop
  endfacet
  facet normal -7.439097657879756e-07 0.7071062922477722 0.7071073055267334
    outer loop
      vertex 6.700098037719727 8.084335327148438 63.91566467285156
      vertex 7.709331035614014 8.670000076293945 63.33000183105469
      vertex 6.924442291259766 9.225000381469727 62.775001525878906
    endloop
  endfacet
  facet normal 6.164895580695884e-07 0.7071061134338379 0.707107424736023
    outer loop
      vertex 6.924442291259766 9.225000381469727 62.775001525878906
      vertex 5.123892784118652 8.374288558959961 63.62571334838867
      vertex 6.700098037719727 8.084335327148438 63.91566467285156
    endloop
  endfacet
  facet normal 2.892981569857511e-07 0.7071052193641663 0.7071083188056946
    outer loop
      vertex 6.700098037719727 8.084335327148438 63.91566467285156
      vertex 5.123892784118652 8.374288558959961 63.62571334838867
      vertex 5.548671722412109 7.649145603179932 64.3508529663086
    endloop
  endfacet
  facet normal 1.5808070656930795e-06 0.7071056962013245 0.7071079015731812
    outer loop
      vertex 4.2993011474609375 7.381157398223877 64.61884307861328
      vertex 5.548671722412109 7.649145603179932 64.3508529663086
      vertex 5.123892784118652 8.374288558959961 63.62571334838867
    endloop
  endfacet
  facet normal -5.542741519093397e-07 0.7071064710617065 0.7071070671081543
    outer loop
      vertex 5.123892784118652 8.374288558959961 63.62571334838867
      vertex 2.999999523162842 8.075557708740234 63.924442291259766
      vertex 4.2993011474609375 7.381157398223877 64.61884307861328
    endloop
  endfacet
  facet normal -1.864941509666096e-06 0.707105278968811 0.7071083188056946
    outer loop
      vertex 2.999999523162842 7.290668964385986 64.7093276977539
      vertex 4.2993011474609375 7.381157398223877 64.61884307861328
      vertex 2.999999523162842 8.075557708740234 63.924442291259766
    endloop
  endfacet
  facet normal 0.0 0.7071067690849304 0.7071067690849304
    outer loop
      vertex 1.519999384880066 13.8126220703125 58.1873779296875
      vertex 3.0 13.308147430419922 58.69185256958008
      vertex 3.0 14.093036651611328 57.90696334838867
    endloop
  endfacet
  facet normal 2.747991914020531e-07 0.7071071863174438 0.707106351852417
    outer loop
      vertex 3.0 13.308147430419922 58.69185256958008
      vertex 1.519999384880066 13.8126220703125 58.1873779296875
      vertex 1.6918524503707886 12.925000190734863 59.07500076293945
    endloop
  endfacet
  facet normal 6.215989287738921e-07 0.7071071863174438 0.707106351852417
    outer loop
      vertex 1.519999384880066 13.8126220703125 58.1873779296875
      vertex 0.43656468391418457 13.046518325805664 58.95348358154297
      vertex 1.6918524503707886 12.925000190734863 59.07500076293945
    endloop
  endfacet
  facet normal 4.4654890984929807e-07 0.7071062922477722 0.7071072459220886
    outer loop
      vertex 1.6918524503707886 12.925000190734863 59.07500076293945
      vertex 0.43656468391418457 13.046518325805664 58.95348358154297
      vertex 1.149999976158142 12.0 60.0
    endloop
  endfacet
  facet normal 0.0 0.7071061730384827 0.707107424736023
    outer loop
      vertex 0.43656468391418457 13.046518325805664 58.95348358154297
      vertex 0.039999961853027344 12.0 60.0
      vertex 1.149999976158142 12.0 60.0
    endloop
  endfacet
  facet normal 0.0 0.7071061730384827 0.707107424736023
    outer loop
      vertex 0.43656468391418457 10.953481674194336 61.04651641845703
      vertex 1.149999976158142 12.0 60.0
      vertex 0.039999961853027344 12.0 60.0
    endloop
  endfacet
  facet normal -4.4654890984929807e-07 0.7071062922477722 0.7071072459220886
    outer loop
      vertex 1.149999976158142 12.0 60.0
      vertex 0.43656468391418457 10.953481674194336 61.04651641845703
      vertex 1.6918524503707886 11.074999809265137 60.92499923706055
    endloop
  endfacet
  facet normal -6.553290177180315e-07 0.7071071863174438 0.707106351852417
    outer loop
      vertex 0.43656468391418457 10.953481674194336 61.04651641845703
      vertex 1.5199999809265137 10.1873779296875 61.8126220703125
      vertex 1.6918524503707886 11.074999809265137 60.92499923706055
    endloop
  endfacet
  facet normal -2.747992766671814e-07 0.7071071863174438 0.707106351852417
    outer loop
      vertex 1.6918524503707886 11.074999809265137 60.92499923706055
      vertex 1.5199999809265137 10.1873779296875 61.8126220703125
      vertex 2.999999761581421 10.691852569580078 61.30814743041992
    endloop
  endfacet
  facet normal 0.0 0.7071067690849304 0.7071067690849304
    outer loop
      vertex 1.5199999809265137 10.1873779296875 61.8126220703125
      vertex 2.999999761581421 9.906963348388672 62.09303665161133
      vertex 2.999999761581421 10.691852569580078 61.30814743041992
    endloop
  endfacet
  facet normal 3.0813404805485334e-07 0.7071064710617065 0.7071071267127991
    outer loop
      vertex 2.999999523162842 8.860445976257324 63.13955307006836
      vertex 2.999999761581421 9.906963348388672 62.09303665161133
      vertex 1.3008854389190674 9.099430084228516 62.900569915771484
    endloop
  endfacet
  facet normal 0.0 0.7071067690849304 0.7071067690849304
    outer loop
      vertex 2.999999761581421 9.906963348388672 62.09303665161133
      vertex 1.5199999809265137 10.1873779296875 61.8126220703125
      vertex 1.3008854389190674 9.099430084228516 62.900569915771484
    endloop
  endfacet
  facet normal 4.29757733400038e-07 0.7071067094802856 0.7071068286895752
    outer loop
      vertex 1.3008854389190674 9.099430084228516 62.900569915771484
      vertex 1.5199999809265137 10.1873779296875 61.8126220703125
      vertex -0.13955402374267578 9.779999732971191 62.220001220703125
    endloop
  endfacet
  facet normal -2.4607553328337417e-08 0.707107663154602 0.7071059346199036
    outer loop
      vertex 1.5199999809265137 10.1873779296875 61.8126220703125
      vertex 0.43656468391418457 10.953481674194336 61.04651641845703
      vertex -0.13955402374267578 9.779999732971191 62.220001220703125
    endloop
  endfacet
  facet normal -1.8418174363432627e-07 0.707107663154602 0.7071059346199036
    outer loop
      vertex -0.13955402374267578 9.779999732971191 62.220001220703125
      vertex 0.43656468391418457 10.953481674194336 61.04651641845703
      vertex -1.102025032043457 10.798543930053711 61.201454162597656
    endloop
  endfacet
  facet normal 1.0085368273848871e-07 0.7071061730384827 0.707107424736023
    outer loop
      vertex 0.43656468391418457 10.953481674194336 61.04651641845703
      vertex 0.039999961853027344 12.0 60.0
      vertex -1.102025032043457 10.798543930053711 61.201454162597656
    endloop
  endfacet
  facet normal 0.0 0.7071062326431274 0.7071073651313782
    outer loop
      vertex -1.102025032043457 10.798543930053711 61.201454162597656
      vertex 0.039999961853027344 12.0 60.0
      vertex -1.440000057220459 12.0 60.0
    endloop
  endfacet
  facet normal 0.0 0.7071062326431274 0.7071073651313782
    outer loop
      vertex -1.440000057220459 12.0 60.0
      vertex 0.039999961853027344 12.0 60.0
      vertex -1.1020245552062988 13.201456069946289 58.798545837402344
    endloop
  endfacet
  facet normal -1.1976379710176843e-07 0.7071061730384827 0.707107424736023
    outer loop
      vertex 0.039999961853027344 12.0 60.0
      vertex 0.43656468391418457 13.046518325805664 58.95348358154297
      vertex -1.1020245552062988 13.201456069946289 58.798545837402344
    endloop
  endfacet
  facet normal 2.39436474203103e-07 0.7071080207824707 0.7071055769920349
    outer loop
      vertex -1.1020245552062988 13.201456069946289 58.798545837402344
      vertex 0.43656468391418457 13.046518325805664 58.95348358154297
      vertex -0.13955473899841309 14.219999313354492 57.779998779296875
    endloop
  endfacet
  facet normal -2.8298697429818276e-07 0.7071078419685364 0.7071057558059692
    outer loop
      vertex 0.43656468391418457 13.046518325805664 58.95348358154297
      vertex 1.519999384880066 13.8126220703125 58.1873779296875
      vertex -0.13955473899841309 14.219999313354492 57.779998779296875
    endloop
  endfacet
  facet normal -8.472365493616962e-07 0.7071067094802856 0.70710688829422
    outer loop
      vertex -0.13955473899841309 14.219999313354492 57.779998779296875
      vertex 1.519999384880066 13.8126220703125 58.1873779296875
      vertex 1.3008854389190674 14.900569915771484 57.099430084228516
    endloop
  endfacet
  facet normal 0.0 0.7071067690849304 0.7071067690849304
    outer loop
      vertex 1.519999384880066 13.8126220703125 58.1873779296875
      vertex 3.0 14.093036651611328 57.90696334838867
      vertex 1.3008854389190674 14.900569915771484 57.099430084228516
    endloop
  endfacet
  facet normal -3.0813396278972505e-07 0.7071064710617065 0.7071071267127991
    outer loop
      vertex 3.0 15.139554023742676 56.86044692993164
      vertex 1.3008854389190674 14.900569915771484 57.099430084228516
      vertex 3.0 14.093036651611328 57.90696334838867
    endloop
  endfacet
  facet normal -5.214567977418483e-07 0.7071072459220886 0.707106351852417
    outer loop
      vertex 1.3008854389190674 14.900569915771484 57.099430084228516
      vertex 3.0 15.139554023742676 56.86044692993164
      vertex 3.0 15.924442291259766 56.075557708740234
    endloop
  endfacet
  facet normal -4.171654097717692e-07 0.7071071267127991 0.7071064114570618
    outer loop
      vertex 3.0 15.924442291259766 56.075557708740234
      vertex 0.8761069774627686 15.625712394714355 56.37428665161133
      vertex 1.3008854389190674 14.900569915771484 57.099430084228516
    endloop
  endfacet
  facet normal -6.352287869049178e-07 0.7071070671081543 0.7071064710617065
    outer loop
      vertex -0.9244434833526611 14.774999618530273 57.224998474121094
      vertex 1.3008854389190674 14.900569915771484 57.099430084228516
      vertex 0.8761069774627686 15.625712394714355 56.37428665161133
    endloop
  endfacet
  facet normal -5.609609843304497e-07 0.7071064114570618 0.7071071863174438
    outer loop
      vertex 1.3008854389190674 14.900569915771484 57.099430084228516
      vertex -0.9244434833526611 14.774999618530273 57.224998474121094
      vertex -0.13955473899841309 14.219999313354492 57.779998779296875
    endloop
  endfacet
  facet normal 4.550896619548439e-07 0.7071070671081543 0.7071064710617065
    outer loop
      vertex -0.9244434833526611 14.774999618530273 57.224998474121094
      vertex -2.127531051635742 13.501819610595703 58.4981803894043
      vertex -0.13955473899841309 14.219999313354492 57.779998779296875
    endloop
  endfacet
  facet normal -4.187453441772959e-07 0.7071083188056946 0.7071052193641663
    outer loop
      vertex -0.13955473899841309 14.219999313354492 57.779998779296875
      vertex -2.127531051635742 13.501819610595703 58.4981803894043
      vertex -1.1020245552062988 13.201456069946289 58.798545837402344
    endloop
  endfacet
  facet normal -1.213571522384882e-06 0.7071069478988647 0.7071065902709961
    outer loop
      vertex -2.127531051635742 13.501819610595703 58.4981803894043
      vertex -2.5500001907348633 12.0 60.0
      vertex -1.1020245552062988 13.201456069946289 58.798545837402344
    endloop
  endfacet
  facet normal 0.0 0.7071062326431274 0.7071073651313782
    outer loop
      vertex -1.1020245552062988 13.201456069946289 58.798545837402344
      vertex -2.5500001907348633 12.0 60.0
      vertex -1.440000057220459 12.0 60.0
    endloop
  endfacet
  facet normal 0.0 0.7071062326431274 0.7071073651313782
    outer loop
      vertex -1.102025032043457 10.798543930053711 61.201454162597656
      vertex -1.440000057220459 12.0 60.0
      vertex -2.5500001907348633 12.0 60.0
    endloop
  endfacet
  facet normal 1.2135722045059083e-06 0.7071069478988647 0.7071066498756409
    outer loop
      vertex -2.5500001907348633 12.0 60.0
      vertex -2.127531051635742 10.498180389404297 61.5018196105957
      vertex -1.102025032043457 10.798543930053711 61.201454162597656
    endloop
  endfacet
  facet normal 5.767624315922149e-07 0.7071080803871155 0.7071055173873901
    outer loop
      vertex -1.102025032043457 10.798543930053711 61.201454162597656
      vertex -2.127531051635742 10.498180389404297 61.5018196105957
      vertex -0.13955402374267578 9.779999732971191 62.220001220703125
    endloop
  endfacet
  facet normal 5.056552865312369e-08 0.7071073651313782 0.7071062326431274
    outer loop
      vertex -2.127531051635742 10.498180389404297 61.5018196105957
      vertex -0.9244425296783447 9.225000381469727 62.775001525878906
      vertex -0.13955402374267578 9.779999732971191 62.220001220703125
    endloop
  endfacet
  facet normal 6.241685355234949e-07 0.7071069478988647 0.7071065902709961
    outer loop
      vertex -0.13955402374267578 9.779999732971191 62.220001220703125
      vertex -0.9244425296783447 9.225000381469727 62.775001525878906
      vertex 1.3008854389190674 9.099430084228516 62.900569915771484
    endloop
  endfacet
  facet normal 6.826346634625224e-07 0.7071075439453125 0.7071060538291931
    outer loop
      vertex -0.9244425296783447 9.225000381469727 62.775001525878906
      vertex 0.8761069774627686 8.374288558959961 63.62571334838867
      vertex 1.3008854389190674 9.099430084228516 62.900569915771484
    endloop
  endfacet
  facet normal 8.343313311343081e-07 0.707107424736023 0.7071061134338379
    outer loop
      vertex 2.999999523162842 8.075557708740234 63.924442291259766
      vertex 1.3008854389190674 9.099430084228516 62.900569915771484
      vertex 0.8761069774627686 8.374288558959961 63.62571334838867
    endloop
  endfacet
  facet normal 5.372586429075454e-07 0.7071072459220886 0.707106351852417
    outer loop
      vertex 1.3008854389190674 9.099430084228516 62.900569915771484
      vertex 2.999999523162842 8.075557708740234 63.924442291259766
      vertex 2.999999523162842 8.860445976257324 63.13955307006836
    endloop
  endfacet
  facet normal -2.488578729753499e-07 0.7071065306663513 0.7071070075035095
    outer loop
      vertex 0.8761069774627686 15.625712394714355 56.37428665161133
      vertex 3.0 15.924442291259766 56.075557708740234
      vertex 1.7006990909576416 16.61884307861328 55.38115692138672
    endloop
  endfacet
  facet normal 0.0 0.7071067690849304 0.7071067690849304
    outer loop
      vertex 3.0 15.924442291259766 56.075557708740234
      vertex 3.0 16.709331512451172 55.29066848754883
      vertex 1.7006990909576416 16.61884307861328 55.38115692138672
    endloop
  endfacet
  facet normal 1.4981508229539031e-06 0.7071058750152588 0.707107663154602
    outer loop
      vertex 1.7006990909576416 16.61884307861328 55.38115692138672
      vertex 0.4513285160064697 16.350854873657227 55.649147033691406
      vertex 0.8761069774627686 15.625712394714355 56.37428665161133
    endloop
  endfacet
  facet normal 3.8228699850151315e-07 0.7071054577827454 0.7071081399917603
    outer loop
      vertex -0.7000980377197266 15.915665626525879 56.08433532714844
      vertex 0.8761069774627686 15.625712394714355 56.37428665161133
      vertex 0.4513285160064697 16.350854873657227 55.649147033691406
    endloop
  endfacet
  facet normal 5.090279273645137e-07 0.7071058750152588 0.7071077227592468
    outer loop
      vertex 0.8761069774627686 15.625712394714355 56.37428665161133
      vertex -0.7000980377197266 15.915665626525879 56.08433532714844
      vertex -0.9244434833526611 14.774999618530273 57.224998474121094
    endloop
  endfacet
  facet normal 1.921767307067057e-06 0.7071056962013245 0.7071078419685364
    outer loop
      vertex -0.7000980377197266 15.915665626525879 56.08433532714844
      vertex -1.7093315124511719 15.329999923706055 56.67000198364258
      vertex -0.9244434833526611 14.774999618530273 57.224998474121094
    endloop
  endfacet
  facet normal 1.1520273801579606e-06 0.7071051597595215 0.7071083784103394
    outer loop
      vertex -2.537588119506836 14.616363525390625 57.383636474609375
      vertex -0.9244434833526611 14.774999618530273 57.224998474121094
      vertex -1.7093315124511719 15.329999923706055 56.67000198364258
    endloop
  endfacet
  facet normal 8.031329343793914e-07 0.7071069478988647 0.7071066498756409
    outer loop
      vertex -0.9244434833526611 14.774999618530273 57.224998474121094
      vertex -2.537588119506836 14.616363525390625 57.383636474609375
      vertex -2.127531051635742 13.501819610595703 58.4981803894043
    endloop
  endfacet
  facet normal -7.335782470363483e-07 0.7071065902709961 0.7071069478988647
    outer loop
      vertex -2.537588119506836 14.616363525390625 57.383636474609375
      vertex -3.1530370712280273 13.802184104919434 58.19781494140625
      vertex -2.127531051635742 13.501819610595703 58.4981803894043
    endloop
  endfacet
  facet normal -7.749044357296953e-07 0.7071065902709961 0.7071070075035095
    outer loop
      vertex -3.532029628753662 12.918745040893555 59.08125305175781
      vertex -2.127531051635742 13.501819610595703 58.4981803894043
      vertex -3.1530370712280273 13.802184104919434 58.19781494140625
    endloop
  endfacet
  facet normal -1.0859248504857533e-06 0.7071069478988647 0.7071065902709961
    outer loop
      vertex -2.127531051635742 13.501819610595703 58.4981803894043
      vertex -3.532029628753662 12.918745040893555 59.08125305175781
      vertex -2.5500001907348633 12.0 60.0
    endloop
  endfacet
  facet normal 0.0 0.7071075439453125 0.7071060538291931
    outer loop
      vertex -3.532029628753662 12.918745040893555 59.08125305175781
      vertex -3.6599998474121094 12.0 60.0
      vertex -2.5500001907348633 12.0 60.0
    endloop
  endfacet
  facet normal 0.0 0.7071075439453125 0.7071060538291931
    outer loop
      vertex -3.532029628753662 11.081254959106445 60.91874694824219
      vertex -2.5500001907348633 12.0 60.0
      vertex -3.6599998474121094 12.0 60.0
    endloop
  endfacet
  facet normal 1.0859248504857533e-06 0.7071069478988647 0.7071065902709961
    outer loop
      vertex -2.5500001907348633 12.0 60.0
      vertex -3.532029628753662 11.081254959106445 60.91874694824219
      vertex -2.127531051635742 10.498180389404297 61.5018196105957
    endloop
  endfacet
  facet normal 7.85236181854998e-07 0.7071065902709961 0.7071070075035095
    outer loop
      vertex -3.532029628753662 11.081254959106445 60.91874694824219
      vertex -3.1530375480651855 10.197815895080566 61.80218505859375
      vertex -2.127531051635742 10.498180389404297 61.5018196105957
    endloop
  endfacet
  facet normal 1.1365275440766709e-06 0.7071059346199036 0.7071076035499573
    outer loop
      vertex -2.5375866889953613 9.383634567260742 62.616363525390625
      vertex -2.127531051635742 10.498180389404297 61.5018196105957
      vertex -3.1530375480651855 10.197815895080566 61.80218505859375
    endloop
  endfacet
  facet normal -1.7306944073425257e-06 0.7071064710617065 0.7071070671081543
    outer loop
      vertex -2.127531051635742 10.498180389404297 61.5018196105957
      vertex -2.5375866889953613 9.383634567260742 62.616363525390625
      vertex -0.9244425296783447 9.225000381469727 62.775001525878906
    endloop
  endfacet
  facet normal -1.4671529697807273e-06 0.7071077823638916 0.7071057558059692
    outer loop
      vertex -2.5375866889953613 9.383634567260742 62.616363525390625
      vertex -1.7093310356140137 8.670000076293945 63.33000183105469
      vertex -0.9244425296783447 9.225000381469727 62.775001525878906
    endloop
  endfacet
  facet normal 7.439098226313945e-07 0.7071062922477722 0.7071073055267334
    outer loop
      vertex -0.7000980377197266 8.084335327148438 63.91566467285156
      vertex -0.9244425296783447 9.225000381469727 62.775001525878906
      vertex -1.7093310356140137 8.670000076293945 63.33000183105469
    endloop
  endfacet
  facet normal -6.108338652666134e-07 0.7071061134338379 0.7071074843406677
    outer loop
      vertex -0.9244425296783447 9.225000381469727 62.775001525878906
      vertex -0.7000980377197266 8.084335327148438 63.91566467285156
      vertex 0.8761069774627686 8.374288558959961 63.62571334838867
    endloop
  endfacet
  facet normal -2.892981569857511e-07 0.7071052193641663 0.7071083188056946
    outer loop
      vertex -0.7000980377197266 8.084335327148438 63.91566467285156
      vertex 0.4513285160064697 7.649145603179932 64.3508529663086
      vertex 0.8761069774627686 8.374288558959961 63.62571334838867
    endloop
  endfacet
  facet normal -1.570475205880939e-06 0.7071056365966797 0.7071079611778259
    outer loop
      vertex 1.700698971748352 7.381157398223877 64.61884307861328
      vertex 0.8761069774627686 8.374288558959961 63.62571334838867
      vertex 0.4513285160064697 7.649145603179932 64.3508529663086
    endloop
  endfacet
  facet normal 5.429627663033898e-07 0.7071065306663513 0.7071070671081543
    outer loop
      vertex 0.8761069774627686 8.374288558959961 63.62571334838867
      vertex 1.700698971748352 7.381157398223877 64.61884307861328
      vertex 2.999999523162842 8.075557708740234 63.924442291259766
    endloop
  endfacet
  facet normal 1.8597766029415652e-06 0.707105278968811 0.7071082592010498
    outer loop
      vertex 2.999999523162842 7.290668964385986 64.7093276977539
      vertex 2.999999523162842 8.075557708740234 63.924442291259766
      vertex 1.700698971748352 7.381157398223877 64.61884307861328
    endloop
  endfacet
  facet normal 0.0 0.7071061730384827 0.707107424736023
    outer loop
      vertex 3.0 11.476740837097168 60.523258209228516
      vertex 3.740000009536743 12.0 60.0
      vertex 3.0 12.0 60.0
    endloop
  endfacet
  facet normal 0.0 0.7071061730384827 0.707107424736023
    outer loop
      vertex 3.0 11.476740837097168 60.523258209228516
      vertex 3.0 12.0 60.0
      vertex 2.259999990463257 12.0 60.0
    endloop
  endfacet
  facet normal 0.0 0.7071061730384827 0.707107424736023
    outer loop
      vertex 3.0 12.523259162902832 59.476741790771484
      vertex 2.259999990463257 12.0 60.0
      vertex 3.0 12.0 60.0
    endloop
  endfacet
  facet normal 0.0 0.7071061730384827 0.707107424736023
    outer loop
      vertex 3.740000009536743 12.0 60.0
      vertex 3.0 12.523259162902832 59.476741790771484
      vertex 3.0 12.0 60.0
    endloop
  endfacet
  facet normal 2.790363566873566e-07 0.707106351852417 0.7071072459220886
    outer loop
      vertex 3.0 11.476740837097168 60.523258209228516
      vertex 2.259999990463257 12.0 60.0
      vertex 1.6918524503707886 11.074999809265137 60.92499923706055
    endloop
  endfacet
  facet normal 0.0 0.707106351852417 0.7071071863174438
    outer loop
      vertex 1.149999976158142 12.0 60.0
      vertex 1.6918524503707886 11.074999809265137 60.92499923706055
      vertex 2.259999990463257 12.0 60.0
    endloop
  endfacet
  facet normal 0.0 0.7071064114570618 0.7071071863174438
    outer loop
      vertex 1.6918524503707886 12.925000190734863 59.07500076293945
      vertex 1.149999976158142 12.0 60.0
      vertex 2.259999990463257 12.0 60.0
    endloop
  endfacet
  facet normal -2.790363566873566e-07 0.707106351852417 0.7071072459220886
    outer loop
      vertex 2.259999990463257 12.0 60.0
      vertex 3.0 12.523259162902832 59.476741790771484
      vertex 1.6918524503707886 12.925000190734863 59.07500076293945
    endloop
  endfacet
  facet normal 2.462927000124182e-07 0.7071072459220886 0.7071062922477722
    outer loop
      vertex 1.6918524503707886 12.925000190734863 59.07500076293945
      vertex 3.0 12.523259162902832 59.476741790771484
      vertex 3.0 13.308147430419922 58.69185256958008
    endloop
  endfacet
  facet normal -2.66817011151943e-07 0.7071071863174438 0.7071064114570618
    outer loop
      vertex 4.30814790725708 12.925000190734863 59.07500076293945
      vertex 3.0 13.308147430419922 58.69185256958008
      vertex 3.0 12.523259162902832 59.476741790771484
    endloop
  endfacet
  facet normal 2.7903629984393774e-07 0.707106351852417 0.7071072459220886
    outer loop
      vertex 3.0 12.523259162902832 59.476741790771484
      vertex 3.740000009536743 12.0 60.0
      vertex 4.30814790725708 12.925000190734863 59.07500076293945
    endloop
  endfacet
  facet normal 0.0 0.7071064114570618 0.7071071267127991
    outer loop
      vertex 4.30814790725708 12.925000190734863 59.07500076293945
      vertex 3.740000009536743 12.0 60.0
      vertex 4.849999904632568 12.0 60.0
    endloop
  endfacet
  facet normal 0.0 0.7071064114570618 0.7071071267127991
    outer loop
      vertex 4.308147430419922 11.074999809265137 60.92499923706055
      vertex 4.849999904632568 12.0 60.0
      vertex 3.740000009536743 12.0 60.0
    endloop
  endfacet
  facet normal -2.7903638510906603e-07 0.707106351852417 0.7071072459220886
    outer loop
      vertex 3.740000009536743 12.0 60.0
      vertex 3.0 11.476740837097168 60.523258209228516
      vertex 4.308147430419922 11.074999809265137 60.92499923706055
    endloop
  endfacet
  facet normal 2.462926715907088e-07 0.7071071863174438 0.707106351852417
    outer loop
      vertex 4.308147430419922 11.074999809265137 60.92499923706055
      vertex 3.0 11.476740837097168 60.523258209228516
      vertex 2.999999761581421 10.691852569580078 61.30814743041992
    endloop
  endfacet
  facet normal -2.668170964170713e-07 0.7071071863174438 0.7071064114570618
    outer loop
      vertex 1.6918524503707886 11.074999809265137 60.92499923706055
      vertex 2.999999761581421 10.691852569580078 61.30814743041992
      vertex 3.0 11.476740837097168 60.523258209228516
    endloop
  endfacet
  facet normal 0.9937010407447815 -0.1078021228313446 0.030608410015702248
    outer loop
      vertex 10.257810592651367 10.979171752929688 61.02082824707031
      vertex 10.25799560546875 10.461446762084961 59.19140625
      vertex 10.399999618530273 12.0 60.0
    endloop
  endfacet
  facet normal 0.9705734252929688 -0.2316800057888031 0.0656634122133255
    outer loop
      vertex 10.257810592651367 10.979171752929688 61.02082824707031
      vertex 9.941627502441406 9.510494232177734 60.512413024902344
      vertex 10.25799560546875 10.461446762084961 59.19140625
    endloop
  endfacet
  facet normal 0.9390883445739746 -0.30162614583969116 0.16472642123699188
    outer loop
      vertex 9.836708068847656 9.997573852539062 62.00242614746094
      vertex 9.32046127319336 7.906973838806152 61.117454528808594
      vertex 9.941627502441406 9.510494232177734 60.512413024902344
    endloop
  endfacet
  facet normal 0.8115286231040955 -0.44920673966407776 0.37367740273475647
    outer loop
      vertex 9.152873992919922 9.092927932739258 62.907073974609375
      vertex 8.443544387817383 7.393352508544922 62.404449462890625
      vertex 9.32046127319336 7.906973838806152 61.117454528808594
    endloop
  endfacet
  facet normal 0.6739181280136108 -0.5492591857910156 0.4941141903400421
    outer loop
      vertex 8.232589721679688 8.299999237060547 63.70000076293945
      vertex 7.27484130859375 6.509031295776367 63.015419006347656
      vertex 8.443544387817383 7.393352508544922 62.404449462890625
    endloop
  endfacet
  facet normal 0.43105974793434143 -0.6594296097755432 0.6159059405326843
    outer loop
      vertex 7.111220359802246 7.649260520935059 64.35073852539062
      vertex 5.408136367797852 6.077594757080078 63.859962463378906
      vertex 7.27484130859375 6.509031295776367 63.015419006347656
    endloop
  endfacet
  facet normal 0.17189452052116394 -0.7730407118797302 0.6106228828430176
    outer loop
      vertex 4.443667888641357 6.867952346801758 65.13204956054688
      vertex 2.971454620361328 5.800349235534668 64.19491577148438
      vertex 5.408136367797852 6.077594757080078 63.859962463378906
    endloop
  endfacet
  facet normal -0.09796234220266342 -0.7266955375671387 0.6799389719963074
    outer loop
      vertex 1.5563321113586426 6.867952346801758 65.13204956054688
      vertex 2.971454620361328 5.800349235534668 64.19491577148438
      vertex 2.9999992847442627 6.767409801483154 65.23258972167969
    endloop
  endfacet
  facet normal -0.2897961437702179 -0.6344447731971741 0.7165878415107727
    outer loop
      vertex 0.16814255714416504 7.165717124938965 64.83428192138672
      vertex 0.7904447913169861 5.858598232269287 63.92866516113281
      vertex 1.5563321113586426 6.867952346801758 65.13204956054688
    endloop
  endfacet
  facet normal -0.46973761916160583 -0.5621445775032043 0.6806908845901489
    outer loop
      vertex -1.111220359802246 7.649260520935059 64.35073852539062
      vertex -1.0867304801940918 6.572092056274414 63.478065490722656
      vertex 0.16814255714416504 7.165717124938965 64.83428192138672
    endloop
  endfacet
  facet normal -0.5776485204696655 -0.4688890278339386 0.6681805849075317
    outer loop
      vertex -2.2325897216796875 8.299999237060547 63.70000076293945
      vertex -2.8360793590545654 6.998104572296143 62.264686584472656
      vertex -1.0867304801940918 6.572092056274414 63.478065490722656
    endloop
  endfacet
  facet normal -0.8032659888267517 -0.2823064625263214 0.524468183517456
    outer loop
      vertex -3.152873992919922 9.092927932739258 62.907073974609375
      vertex -4.032502174377441 8.320326805114746 61.14398193359375
      vertex -2.8360793590545654 6.998104572296143 62.264686584472656
    endloop
  endfacet
  facet normal -0.9234189987182617 -0.08388717472553253 0.3745136559009552
    outer loop
      vertex -3.8367085456848145 9.997573852539062 62.00242614746094
      vertex -4.830455780029297 10.012907981872559 59.55562973022461
      vertex -4.032502174377441 8.320326805114746 61.14398193359375
    endloop
  endfacet
  facet normal -0.9733741283416748 0.1787751168012619 0.14346550405025482
    outer loop
      vertex -4.400000095367432 12.0 60.0
      vertex -4.658893585205078 12.149871826171875 58.05672073364258
      vertex -4.830455780029297 10.012907981872559 59.55562973022461
    endloop
  endfacet
  facet normal 0.7729896903038025 -0.4537421762943268 0.44340166449546814
    outer loop
      vertex 9.152873992919922 9.092927932739258 62.907073974609375
      vertex 8.232589721679688 8.299999237060547 63.70000076293945
      vertex 8.443544387817383 7.393352508544922 62.404449462890625
    endloop
  endfacet
  facet normal -0.7828167080879211 0.6041358709335327 -0.14905712008476257
    outer loop
      vertex -4.162208080291748 13.446043014526367 56.47211456298828
      vertex -3.1528759002685547 14.90707015991211 57.09292984008789
      vertex -3.1439366340637207 14.478132247924805 55.30747604370117
    endloop
  endfacet
  facet normal -0.5888991355895996 0.7266438007354736 -0.35381725430488586
    outer loop
      vertex -2.232591152191162 15.699999809265137 56.29999923706055
      vertex -1.5262055397033691 15.31572437286377 54.3350830078125
      vertex -3.1439366340637207 14.478132247924805 55.30747604370117
    endloop
  endfacet
  facet normal -0.36117279529571533 0.7846254110336304 -0.5039019584655762
    outer loop
      vertex -1.111220359802246 16.350738525390625 55.649261474609375
      vertex 0.5012016296386719 16.086254119873047 54.08172607421875
      vertex -1.5262055397033691 15.31572437286377 54.3350830078125
    endloop
  endfacet
  facet normal -0.18104475736618042 0.7011414170265198 -0.6896546483039856
    outer loop
      vertex 1.5563322305679321 17.132047653198242 54.867950439453125
      vertex 2.261690855026245 16.396400451660156 53.93488311767578
      vertex 0.5012016296386719 16.086254119873047 54.08172607421875
    endloop
  endfacet
  facet normal 0.2900282144546509 0.7058292627334595 -0.6462883949279785
    outer loop
      vertex 5.831857681274414 16.83428382873535 55.16571807861328
      vertex 6.062367916107178 15.788217544555664 54.12672424316406
      vertex 4.443667888641357 17.132047653198242 54.867950439453125
    endloop
  endfacet
  facet normal 0.4702235162258148 0.6719338297843933 -0.5721843242645264
    outer loop
      vertex 7.111220359802246 16.350738525390625 55.649261474609375
      vertex 6.062367916107178 15.788217544555664 54.12672424316406
      vertex 5.831857681274414 16.83428382873535 55.16571807861328
    endloop
  endfacet
  facet normal 0.6290546655654907 0.6335352063179016 -0.4504702687263489
    outer loop
      vertex 8.23259162902832 15.699999809265137 56.29999923706055
      vertex 7.841653823852539 14.765170097351074 54.43934631347656
      vertex 7.111220359802246 16.350738525390625 55.649261474609375
    endloop
  endfacet
  facet normal 0.7682823538780212 0.5239336490631104 -0.36774417757987976
    outer loop
      vertex 8.23259162902832 15.699999809265137 56.29999923706055
      vertex 9.152875900268555 14.90707015991211 57.09292984008789
      vertex 9.022218704223633 13.918952941894531 55.41217041015625
    endloop
  endfacet
  facet normal -0.9124883413314819 0.4064563810825348 0.046457793563604355
    outer loop
      vertex -4.162208080291748 13.446043014526367 56.47211456298828
      vertex -4.658893585205078 12.149871826171875 58.05672073364258
      vertex -3.8367080688476562 14.002426147460938 57.99757385253906
    endloop
  endfacet
  facet normal 0.8807140588760376 0.3698575794696808 -0.2958855926990509
    outer loop
      vertex 9.836708068847656 14.002426147460938 57.99757385253906
      vertex 9.87334156036377 12.815146446228027 56.62251281738281
      vertex 9.152875900268555 14.90707015991211 57.09292984008789
    endloop
  endfacet
  facet normal 0.9561517238616943 0.23379334807395935 -0.17639285326004028
    outer loop
      vertex 10.257810592651367 13.020828247070312 58.97917175292969
      vertex 9.87334156036377 12.815146446228027 56.62251281738281
      vertex 9.836708068847656 14.002426147460938 57.99757385253906
    endloop
  endfacet
  facet normal 0.9980260133743286 0.005261652171611786 0.0625813826918602
    outer loop
      vertex 10.257810592651367 13.020828247070312 58.97917175292969
      vertex 10.25799560546875 10.461446762084961 59.19140625
      vertex 10.382780075073242 10.833829879760742 57.17007827758789
    endloop
  endfacet
  facet normal 0.9542290568351746 -0.2578718662261963 0.1514894813299179
    outer loop
      vertex 10.257810592651367 10.979171752929688 61.02082824707031
      vertex 9.836708068847656 9.997573852539062 62.00242614746094
      vertex 9.941627502441406 9.510494232177734 60.512413024902344
    endloop
  endfacet
  facet normal 0.8816371560096741 -0.35116732120513916 0.3152734637260437
    outer loop
      vertex 9.836708068847656 9.997573852539062 62.00242614746094
      vertex 9.152873992919922 9.092927932739258 62.907073974609375
      vertex 9.32046127319336 7.906973838806152 61.117454528808594
    endloop
  endfacet
  facet normal 0.6343919634819031 -0.5477464199066162 0.5454546809196472
    outer loop
      vertex 8.232589721679688 8.299999237060547 63.70000076293945
      vertex 7.111220359802246 7.649260520935059 64.35073852539062
      vertex 7.27484130859375 6.509031295776367 63.015419006347656
    endloop
  endfacet
  facet normal 0.4695698022842407 -0.6833902597427368 0.5590009689331055
    outer loop
      vertex 7.111220359802246 7.649260520935059 64.35073852539062
      vertex 5.831857681274414 7.165717124938965 64.83428192138672
      vertex 5.408136367797852 6.077594757080078 63.859962463378906
    endloop
  endfacet
  facet normal 0.2901417911052704 -0.6986124515533447 0.6540324091911316
    outer loop
      vertex 5.831857681274414 7.165717124938965 64.83428192138672
      vertex 4.443667888641357 6.867952346801758 65.13204956054688
      vertex 5.408136367797852 6.077594757080078 63.859962463378906
    endloop
  endfacet
  facet normal 0.09794869273900986 -0.7293844223022461 0.6770556569099426
    outer loop
      vertex 4.443667888641357 6.867952346801758 65.13204956054688
      vertex 2.9999992847442627 6.767409801483154 65.23258972167969
      vertex 2.971454620361328 5.800349235534668 64.19491577148438
    endloop
  endfacet
  facet normal -0.10207464545965195 -0.729228138923645 0.6766144037246704
    outer loop
      vertex 1.5563321113586426 6.867952346801758 65.13204956054688
      vertex 0.7904447913169861 5.858598232269287 63.92866516113281
      vertex 2.971454620361328 5.800349235534668 64.19491577148438
    endloop
  endfacet
  facet normal -0.40101882815361023 -0.6429898142814636 0.6524936556816101
    outer loop
      vertex 0.16814255714416504 7.165717124938965 64.83428192138672
      vertex -1.0867304801940918 6.572092056274414 63.478065490722656
      vertex 0.7904447913169861 5.858598232269287 63.92866516113281
    endloop
  endfacet
  facet normal -0.6328527927398682 -0.49603572487831116 0.5945131182670593
    outer loop
      vertex -1.111220359802246 7.649260520935059 64.35073852539062
      vertex -2.2325897216796875 8.299999237060547 63.70000076293945
      vertex -1.0867304801940918 6.572092056274414 63.478065490722656
    endloop
  endfacet
  facet normal -0.7564935088157654 -0.2936084568500519 0.5843899846076965
    outer loop
      vertex -2.2325897216796875 8.299999237060547 63.70000076293945
      vertex -3.152873992919922 9.092927932739258 62.907073974609375
      vertex -2.8360793590545654 6.998104572296143 62.264686584472656
    endloop
  endfacet
  facet normal -0.8558858036994934 -0.15294252336025238 0.4940325617790222
    outer loop
      vertex -3.152873992919922 9.092927932739258 62.907073974609375
      vertex -3.8367085456848145 9.997573852539062 62.00242614746094
      vertex -4.032502174377441 8.320326805114746 61.14398193359375
    endloop
  endfacet
  facet normal -0.9263375997543335 -0.021304765716195107 0.37609124183654785
    outer loop
      vertex -4.257811069488525 10.979171752929688 61.02082824707031
      vertex -4.830455780029297 10.012907981872559 59.55562973022461
      vertex -3.8367085456848145 9.997573852539062 62.00242614746094
    endloop
  endfacet
  facet normal -0.9485047459602356 0.28008052706718445 0.14796529710292816
    outer loop
      vertex -4.257811069488525 13.020828247070312 58.97917175292969
      vertex -4.658893585205078 12.149871826171875 58.05672073364258
      vertex -4.400000095367432 12.0 60.0
    endloop
  endfacet
  facet normal -0.9137710928916931 0.4059888422489166 0.013983394019305706
    outer loop
      vertex -3.8367080688476562 14.002426147460938 57.99757385253906
      vertex -4.658893585205078 12.149871826171875 58.05672073364258
      vertex -4.257811069488525 13.020828247070312 58.97917175292969
    endloop
  endfacet
  facet normal -0.8147248029708862 0.5786528587341309 -0.03720828518271446
    outer loop
      vertex -3.1528759002685547 14.90707015991211 57.09292984008789
      vertex -4.162208080291748 13.446043014526367 56.47211456298828
      vertex -3.8367080688476562 14.002426147460938 57.99757385253906
    endloop
  endfacet
  facet normal -0.950194239616394 0.1440301388502121 0.276380717754364
    outer loop
      vertex -4.257811069488525 10.979171752929688 61.02082824707031
      vertex -4.400000095367432 12.0 60.0
      vertex -4.830455780029297 10.012907981872559 59.55562973022461
    endloop
  endfacet
  facet normal -0.6154010891914368 0.7019593715667725 -0.3585171401500702
    outer loop
      vertex -2.232591152191162 15.699999809265137 56.29999923706055
      vertex -1.111220359802246 16.350738525390625 55.649261474609375
      vertex -1.5262055397033691 15.31572437286377 54.3350830078125
    endloop
  endfacet
  facet normal -0.4710107147693634 0.6517378091812134 -0.5944634675979614
    outer loop
      vertex -1.111220359802246 16.350738525390625 55.649261474609375
      vertex 0.16814255714416504 16.83428382873535 55.16571807861328
      vertex 0.5012016296386719 16.086254119873047 54.08172607421875
    endloop
  endfacet
  facet normal -0.28882038593292236 0.7441980242729187 -0.602289080619812
    outer loop
      vertex 0.16814255714416504 16.83428382873535 55.16571807861328
      vertex 1.5563322305679321 17.132047653198242 54.867950439453125
      vertex 0.5012016296386719 16.086254119873047 54.08172607421875
    endloop
  endfacet
  facet normal -0.0978446677327156 0.7442232370376587 -0.660725474357605
    outer loop
      vertex 1.5563322305679321 17.132047653198242 54.867950439453125
      vertex 3.0 17.232589721679688 54.76741027832031
      vertex 2.261690855026245 16.396400451660156 53.93488311767578
    endloop
  endfacet
  facet normal 0.48122864961624146 0.6610214710235596 -0.5757339596748352
    outer loop
      vertex 7.111220359802246 16.350738525390625 55.649261474609375
      vertex 7.841653823852539 14.765170097351074 54.43934631347656
      vertex 6.062367916107178 15.788217544555664 54.12672424316406
    endloop
  endfacet
  facet normal 0.7316296100616455 0.5349822640419006 -0.42250704765319824
    outer loop
      vertex 8.23259162902832 15.699999809265137 56.29999923706055
      vertex 9.022218704223633 13.918952941894531 55.41217041015625
      vertex 7.841653823852539 14.765170097351074 54.43934631347656
    endloop
  endfacet
  facet normal 0.8845175504684448 0.36885687708854675 -0.2856104373931885
    outer loop
      vertex 9.152875900268555 14.90707015991211 57.09292984008789
      vertex 9.87334156036377 12.815146446228027 56.62251281738281
      vertex 9.022218704223633 13.918952941894531 55.41217041015625
    endloop
  endfacet
  facet normal 0.9641702771186829 0.19962260127067566 -0.1747186779975891
    outer loop
      vertex 10.257810592651367 13.020828247070312 58.97917175292969
      vertex 10.382780075073242 10.833829879760742 57.17007827758789
      vertex 9.87334156036377 12.815146446228027 56.62251281738281
    endloop
  endfacet
  facet normal 0.9885975122451782 -0.012373202480375767 -0.1500728726387024
    outer loop
      vertex 10.257810592651367 13.020828247070312 58.97917175292969
      vertex 10.399999618530273 12.0 60.0
      vertex 10.25799560546875 10.461446762084961 59.19140625
    endloop
  endfacet
  facet normal -0.7215844392776489 0.6723435521125793 -0.16513678431510925
    outer loop
      vertex -3.1528759002685547 14.90707015991211 57.09292984008789
      vertex -2.232591152191162 15.699999809265137 56.29999923706055
      vertex -3.1439366340637207 14.478132247924805 55.30747604370117
    endloop
  endfacet
  facet normal 0.0 0.0 1.0
    outer loop
      vertex 1.9999995231628418 -7.94955587387085 62.0
      vertex 1.9999949932098389 -9.262125968933105 62.0
      vertex 3.1089110374450684 -7.898157119750977 62.0
    endloop
  endfacet
  facet normal 0.0 0.0 1.0
    outer loop
      vertex 1.9999949932098389 -9.262125968933105 62.0
      vertex 4.124935150146484 -8.94631576538086 62.0
      vertex 3.1089110374450684 -7.898157119750977 62.0
    endloop
  endfacet
  facet normal 0.0 0.0 1.0
    outer loop
      vertex 3.1089110374450684 -7.898157119750977 62.0
      vertex 4.124935150146484 -8.94631576538086 62.0
      vertex 4.183667182922363 -7.716758728027344 62.0
    endloop
  endfacet
  facet normal 0.0 0.0 1.0
    outer loop
      vertex 4.124935150146484 -8.94631576538086 62.0
      vertex 5.8544793128967285 -8.240421295166016 62.0
      vertex 4.183667182922363 -7.716758728027344 62.0
    endloop
  endfacet
  facet normal 0.0 0.0 1.0
    outer loop
      vertex 4.183667182922363 -7.716758728027344 62.0
      vertex 5.8544793128967285 -8.240421295166016 62.0
      vertex 5.369955062866211 -7.378722667694092 62.0
    endloop
  endfacet
  facet normal 0.0 0.0 1.0
    outer loop
      vertex 5.369955062866211 -7.378722667694092 62.0
      vertex 5.8544793128967285 -8.240421295166016 62.0
      vertex 6.477258682250977 -6.872300148010254 62.0
    endloop
  endfacet
  facet normal 0.0 0.0 1.0
    outer loop
      vertex 5.8544793128967285 -8.240421295166016 62.0
      vertex 7.306517601013184 -7.3031182289123535 62.0
      vertex 6.477258682250977 -6.872300148010254 62.0
    endloop
  endfacet
  facet normal 0.0 0.0 1.0
    outer loop
      vertex 6.477258682250977 -6.872300148010254 62.0
      vertex 7.306517601013184 -7.3031182289123535 62.0
      vertex 7.436971187591553 -6.135692119598389 62.0
    endloop
  endfacet
  facet normal 0.0 0.0 1.0
    outer loop
      vertex 7.306517601013184 -7.3031182289123535 62.0
      vertex 8.222986221313477 -6.493096351623535 62.0
      vertex 7.436971187591553 -6.135692119598389 62.0
    endloop
  endfacet
  facet normal 0.0 0.0 1.0
    outer loop
      vertex 7.436971187591553 -6.135692119598389 62.0
      vertex 8.222986221313477 -6.493096351623535 62.0
      vertex 8.193126678466797 -5.457082748413086 62.0
    endloop
  endfacet
  facet normal 0.0 0.0 1.0
    outer loop
      vertex 8.222986221313477 -6.493096351623535 62.0
      vertex 9.127965927124023 -5.408159255981445 62.0
      vertex 8.193126678466797 -5.457082748413086 62.0
    endloop
  endfacet
  facet normal 0.0 0.0 1.0
    outer loop
      vertex 8.193126678466797 -5.457082748413086 62.0
      vertex 9.127965927124023 -5.408159255981445 62.0
      vertex 8.694385528564453 -4.744315147399902 62.0
    endloop
  endfacet
  facet normal 0.0 0.0 1.0
    outer loop
      vertex 9.127965927124023 -5.408159255981445 62.0
      vertex 9.698265075683594 -4.375558376312256 62.0
      vertex 8.694385528564453 -4.744315147399902 62.0
    endloop
  endfacet
  facet normal 0.0 0.0 1.0
    outer loop
      vertex 8.694385528564453 -4.744315147399902 62.0
      vertex 9.698265075683594 -4.375558376312256 62.0
      vertex 9.067033767700195 -4.061732292175293 62.0
    endloop
  endfacet
  facet normal 0.0 0.0 1.0
    outer loop
      vertex 9.698265075683594 -4.375558376312256 62.0
      vertex 9.923559188842773 -3.6092660427093506 62.0
      vertex 9.067033767700195 -4.061732292175293 62.0
    endloop
  endfacet
  facet normal 0.0 0.0 1.0
    outer loop
      vertex 9.067033767700195 -4.061732292175293 62.0
      vertex 9.923559188842773 -3.6092660427093506 62.0
      vertex 9.254249572753906 -3.323802947998047 62.0
    endloop
  endfacet
  facet normal 0.0 0.0 1.0
    outer loop
      vertex 9.923559188842773 -3.6092660427093506 62.0
      vertex 10.019140243530273 -2.6902031898498535 62.0
      vertex 9.254249572753906 -3.323802947998047 62.0
    endloop
  endfacet
  facet normal 0.0 0.0 1.0
    outer loop
      vertex 9.254249572753906 -3.323802947998047 62.0
      vertex 10.019140243530273 -2.6902031898498535 62.0
      vertex 9.251091957092285 -2.7537589073181152 62.0
    endloop
  endfacet
  facet normal 0.0 0.0 1.0
    outer loop
      vertex 9.251091957092285 -2.7537589073181152 62.0
      vertex 10.019140243530273 -2.6902031898498535 62.0
      vertex 9.234542846679688 -2.254892110824585 62.0
    endloop
  endfacet
  facet normal 0.0 0.0 1.0
    outer loop
      vertex 10.019140243530273 -2.6902031898498535 62.0
      vertex 9.722305297851562 -1.855994701385498 62.0
      vertex 9.234542846679688 -2.254892110824585 62.0
    endloop
  endfacet
  facet normal 0.0 0.0 1.0
    outer loop
      vertex 9.234542846679688 -2.254892110824585 62.0
      vertex 9.722305297851562 -1.855994701385498 62.0
      vertex 9.143610000610352 -1.9082077741622925 62.0
    endloop
  endfacet
  facet normal 0.0 0.0 1.0
    outer loop
      vertex 9.722305297851562 -1.855994701385498 62.0
      vertex 9.294389724731445 -1.2454707622528076 62.0
      vertex 9.143610000610352 -1.9082077741622925 62.0
    endloop
  endfacet
  facet normal 0.0 0.0 1.0
    outer loop
      vertex 9.143610000610352 -1.9082077741622925 62.0
      vertex 9.294389724731445 -1.2454707622528076 62.0
      vertex 8.931146621704102 -1.5362584590911865 62.0
    endloop
  endfacet
  facet normal 0.0 0.0 1.0
    outer loop
      vertex 8.931146621704102 -1.5362584590911865 62.0
      vertex 9.294389724731445 -1.2454707622528076 62.0
      vertex 8.637977600097656 -1.169081449508667 62.0
    endloop
  endfacet
  facet normal 0.0 0.0 1.0
    outer loop
      vertex 9.294389724731445 -1.2454707622528076 62.0
      vertex 8.593050003051758 -0.6230071783065796 62.0
      vertex 8.637977600097656 -1.169081449508667 62.0
    endloop
  endfacet
  facet normal 0.0 0.0 1.0
    outer loop
      vertex 8.637977600097656 -1.169081449508667 62.0
      vertex 8.593050003051758 -0.6230071783065796 62.0
      vertex 8.261322021484375 -0.8924888372421265 62.0
    endloop
  endfacet
  facet normal 0.0 0.0 1.0
    outer loop
      vertex 8.261322021484375 -0.8924888372421265 62.0
      vertex 8.593050003051758 -0.6230071783065796 62.0
      vertex 7.732574939727783 -0.5966147184371948 62.0
    endloop
  endfacet
  facet normal 0.0 0.0 1.0
    outer loop
      vertex 8.593050003051758 -0.6230071783065796 62.0
      vertex 7.658980846405029 -0.06914734840393066 62.0
      vertex 7.732574939727783 -0.5966147184371948 62.0
    endloop
  endfacet
  facet normal 0.0 0.0 1.0
    outer loop
      vertex 7.732574939727783 -0.5966147184371948 62.0
      vertex 7.658980846405029 -0.06914734840393066 62.0
      vertex 6.991950035095215 -0.269824743270874 62.0
    endloop
  endfacet
  facet normal 0.0 0.0 1.0
    outer loop
      vertex 7.658980846405029 -0.06914734840393066 62.0
      vertex 6.557694911956787 0.38237738609313965 62.0
      vertex 6.991950035095215 -0.269824743270874 62.0
    endloop
  endfacet
  facet normal 0.0 0.0 1.0
    outer loop
      vertex 6.991950035095215 -0.269824743270874 62.0
      vertex 6.557694911956787 0.38237738609313965 62.0
      vertex 6.105690002441406 0.05169820785522461 62.0
    endloop
  endfacet
  facet normal 0.0 0.0 1.0
    outer loop
      vertex 6.557694911956787 0.38237738609313965 62.0
      vertex 5.824388027191162 0.579906702041626 62.0
      vertex 6.105690002441406 0.05169820785522461 62.0
    endloop
  endfacet
  facet normal 0.0 0.0 1.0
    outer loop
      vertex 6.105690002441406 0.05169820785522461 62.0
      vertex 5.824388027191162 0.579906702041626 62.0
      vertex 5.384183883666992 0.2563135623931885 62.0
    endloop
  endfacet
  facet normal 0.0 0.0 1.0
    outer loop
      vertex 5.824388027191162 0.579906702041626 62.0
      vertex 5.091080665588379 0.7774362564086914 62.0
      vertex 5.384183883666992 0.2563135623931885 62.0
    endloop
  endfacet
  facet normal 0.0 0.0 1.0
    outer loop
      vertex 5.384183883666992 0.2563135623931885 62.0
      vertex 5.091080665588379 0.7774362564086914 62.0
      vertex 4.742983818054199 0.42338037490844727 62.0
    endloop
  endfacet
  facet normal 0.0 0.0 1.0
    outer loop
      vertex 5.091080665588379 0.7774362564086914 62.0
      vertex 4.357852935791016 0.8902676105499268 62.0
      vertex 4.742983818054199 0.42338037490844727 62.0
    endloop
  endfacet
  facet normal 0.0 0.0 1.0
    outer loop
      vertex 4.742983818054199 0.42338037490844727 62.0
      vertex 4.357852935791016 0.8902676105499268 62.0
      vertex 3.7237932682037354 0.5623972415924072 62.0
    endloop
  endfacet
  facet normal 0.0 0.0 1.0
    outer loop
      vertex 4.357852935791016 0.8902676105499268 62.0
      vertex 3.6246252059936523 1.003098726272583 62.0
      vertex 3.7237932682037354 0.5623972415924072 62.0
    endloop
  endfacet
  facet normal 0.0 0.0 1.0
    outer loop
      vertex 3.7237932682037354 0.5623972415924072 62.0
      vertex 3.6246252059936523 1.003098726272583 62.0
      vertex 2.7046029567718506 0.5884006023406982 62.0
    endloop
  endfacet
  facet normal 0.0 0.0 1.0
    outer loop
      vertex 3.6246252059936523 1.003098726272583 62.0
      vertex 2.812310218811035 1.0450880527496338 62.0
      vertex 2.7046029567718506 0.5884006023406982 62.0
    endloop
  endfacet
  facet normal 0.0 0.0 1.0
    outer loop
      vertex 2.812310218811035 1.0450880527496338 62.0
      vertex 1.9999955892562866 1.0870773792266846 62.0
      vertex 2.7046029567718506 0.5884006023406982 62.0
    endloop
  endfacet
  facet normal 0.0 0.0 1.0
    outer loop
      vertex 2.7046029567718506 0.5884006023406982 62.0
      vertex 1.9999955892562866 1.0870773792266846 62.0
      vertex 2.0 0.5785796642303467 62.0
    endloop
  endfacet
  facet normal 0.0 0.0 1.0
    outer loop
      vertex 1.9999995231628418 -7.94955587387085 62.0
      vertex 0.8910888433456421 -7.898157119750977 62.0
      vertex 1.9999949932098389 -9.262125968933105 62.0
    endloop
  endfacet
  facet normal 0.0 0.0 1.0
    outer loop
      vertex 1.9999949932098389 -9.262125968933105 62.0
      vertex 0.8910888433456421 -7.898157119750977 62.0
      vertex -0.12493538856506348 -8.94631576538086 62.0
    endloop
  endfacet
  facet normal 0.0 0.0 1.0
    outer loop
      vertex 0.8910888433456421 -7.898157119750977 62.0
      vertex -0.18366694450378418 -7.716758728027344 62.0
      vertex -0.12493538856506348 -8.94631576538086 62.0
    endloop
  endfacet
  facet normal 0.0 0.0 1.0
    outer loop
      vertex -0.12493538856506348 -8.94631576538086 62.0
      vertex -0.18366694450378418 -7.716758728027344 62.0
      vertex -1.8544793128967285 -8.240421295166016 62.0
    endloop
  endfacet
  facet normal 0.0 0.0 1.0
    outer loop
      vertex -0.18366694450378418 -7.716758728027344 62.0
      vertex -1.36995530128479 -7.378722667694092 62.0
      vertex -1.8544793128967285 -8.240421295166016 62.0
    endloop
  endfacet
  facet normal 0.0 0.0 1.0
    outer loop
      vertex -1.36995530128479 -7.378722667694092 62.0
      vertex -2.4772586822509766 -6.872300148010254 62.0
      vertex -1.8544793128967285 -8.240421295166016 62.0
    endloop
  endfacet
  facet normal 0.0 0.0 1.0
    outer loop
      vertex -1.8544793128967285 -8.240421295166016 62.0
      vertex -2.4772586822509766 -6.872300148010254 62.0
      vertex -3.3065176010131836 -7.3031182289123535 62.0
    endloop
  endfacet
  facet normal 0.0 0.0 1.0
    outer loop
      vertex -2.4772586822509766 -6.872300148010254 62.0
      vertex -3.4369711875915527 -6.135692119598389 62.0
      vertex -3.3065176010131836 -7.3031182289123535 62.0
    endloop
  endfacet
  facet normal 0.0 0.0 1.0
    outer loop
      vertex -3.3065176010131836 -7.3031182289123535 62.0
      vertex -3.4369711875915527 -6.135692119598389 62.0
      vertex -4.222986698150635 -6.493096351623535 62.0
    endloop
  endfacet
  facet normal 0.0 0.0 1.0
    outer loop
      vertex -3.4369711875915527 -6.135692119598389 62.0
      vertex -4.193126201629639 -5.457082748413086 62.0
      vertex -4.222986698150635 -6.493096351623535 62.0
    endloop
  endfacet
  facet normal 0.0 0.0 1.0
    outer loop
      vertex -4.222986698150635 -6.493096351623535 62.0
      vertex -4.193126201629639 -5.457082748413086 62.0
      vertex -5.127965927124023 -5.408159255981445 62.0
    endloop
  endfacet
  facet normal 0.0 0.0 1.0
    outer loop
      vertex -4.193126201629639 -5.457082748413086 62.0
      vertex -4.694385051727295 -4.744315147399902 62.0
      vertex -5.127965927124023 -5.408159255981445 62.0
    endloop
  endfacet
  facet normal 0.0 0.0 1.0
    outer loop
      vertex -5.127965927124023 -5.408159255981445 62.0
      vertex -4.694385051727295 -4.744315147399902 62.0
      vertex -5.6982645988464355 -4.375558376312256 62.0
    endloop
  endfacet
  facet normal 0.0 0.0 1.0
    outer loop
      vertex -4.694385051727295 -4.744315147399902 62.0
      vertex -5.067033290863037 -4.061732292175293 62.0
      vertex -5.6982645988464355 -4.375558376312256 62.0
    endloop
  endfacet
  facet normal 0.0 0.0 1.0
    outer loop
      vertex -5.6982645988464355 -4.375558376312256 62.0
      vertex -5.067033290863037 -4.061732292175293 62.0
      vertex -5.923559188842773 -3.6092660427093506 62.0
    endloop
  endfacet
  facet normal 0.0 0.0 1.0
    outer loop
      vertex -5.067033290863037 -4.061732292175293 62.0
      vertex -5.2542500495910645 -3.323802947998047 62.0
      vertex -5.923559188842773 -3.6092660427093506 62.0
    endloop
  endfacet
  facet normal 0.0 0.0 1.0
    outer loop
      vertex -5.923559188842773 -3.6092660427093506 62.0
      vertex -5.2542500495910645 -3.323802947998047 62.0
      vertex -6.019140243530273 -2.6902031898498535 62.0
    endloop
  endfacet
  facet normal 0.0 0.0 1.0
    outer loop
      vertex -5.2542500495910645 -3.323802947998047 62.0
      vertex -5.251091957092285 -2.7537589073181152 62.0
      vertex -6.019140243530273 -2.6902031898498535 62.0
    endloop
  endfacet
  facet normal 0.0 0.0 1.0
    outer loop
      vertex -5.251091957092285 -2.7537589073181152 62.0
      vertex -5.2345428466796875 -2.254892110824585 62.0
      vertex -6.019140243530273 -2.6902031898498535 62.0
    endloop
  endfacet
  facet normal 0.0 0.0 1.0
    outer loop
      vertex -6.019140243530273 -2.6902031898498535 62.0
      vertex -5.2345428466796875 -2.254892110824585 62.0
      vertex -5.7223052978515625 -1.855994701385498 62.0
    endloop
  endfacet
  facet normal 0.0 0.0 1.0
    outer loop
      vertex -5.2345428466796875 -2.254892110824585 62.0
      vertex -5.143609523773193 -1.9082077741622925 62.0
      vertex -5.7223052978515625 -1.855994701385498 62.0
    endloop
  endfacet
  facet normal 0.0 0.0 1.0
    outer loop
      vertex -5.7223052978515625 -1.855994701385498 62.0
      vertex -5.143609523773193 -1.9082077741622925 62.0
      vertex -5.2943902015686035 -1.2454707622528076 62.0
    endloop
  endfacet
  facet normal 0.0 0.0 1.0
    outer loop
      vertex -5.143609523773193 -1.9082077741622925 62.0
      vertex -4.93114709854126 -1.5362584590911865 62.0
      vertex -5.2943902015686035 -1.2454707622528076 62.0
    endloop
  endfacet
  facet normal 0.0 0.0 1.0
    outer loop
      vertex -4.93114709854126 -1.5362584590911865 62.0
      vertex -4.637977123260498 -1.169081449508667 62.0
      vertex -5.2943902015686035 -1.2454707622528076 62.0
    endloop
  endfacet
  facet normal 0.0 0.0 1.0
    outer loop
      vertex -5.2943902015686035 -1.2454707622528076 62.0
      vertex -4.637977123260498 -1.169081449508667 62.0
      vertex -4.593050479888916 -0.6230071783065796 62.0
    endloop
  endfacet
  facet normal 0.0 0.0 1.0
    outer loop
      vertex -4.637977123260498 -1.169081449508667 62.0
      vertex -4.261322498321533 -0.8924888372421265 62.0
      vertex -4.593050479888916 -0.6230071783065796 62.0
    endloop
  endfacet
  facet normal 0.0 0.0 1.0
    outer loop
      vertex -4.261322498321533 -0.8924888372421265 62.0
      vertex -3.732574939727783 -0.5966147184371948 62.0
      vertex -4.593050479888916 -0.6230071783065796 62.0
    endloop
  endfacet
  facet normal 0.0 0.0 1.0
    outer loop
      vertex -4.593050479888916 -0.6230071783065796 62.0
      vertex -3.732574939727783 -0.5966147184371948 62.0
      vertex -3.6589808464050293 -0.06914734840393066 62.0
    endloop
  endfacet
  facet normal 0.0 0.0 1.0
    outer loop
      vertex -3.732574939727783 -0.5966147184371948 62.0
      vertex -2.991950035095215 -0.269824743270874 62.0
      vertex -3.6589808464050293 -0.06914734840393066 62.0
    endloop
  endfacet
  facet normal 0.0 0.0 1.0
    outer loop
      vertex -3.6589808464050293 -0.06914734840393066 62.0
      vertex -2.991950035095215 -0.269824743270874 62.0
      vertex -2.557694911956787 0.38237738609313965 62.0
    endloop
  endfacet
  facet normal 0.0 0.0 1.0
    outer loop
      vertex -2.991950035095215 -0.269824743270874 62.0
      vertex -2.1056900024414062 0.05169820785522461 62.0
      vertex -2.557694911956787 0.38237738609313965 62.0
    endloop
  endfacet
  facet normal 0.0 0.0 1.0
    outer loop
      vertex -2.557694911956787 0.38237738609313965 62.0
      vertex -2.1056900024414062 0.05169820785522461 62.0
      vertex -1.824388027191162 0.579906702041626 62.0
    endloop
  endfacet
  facet normal 0.0 0.0 1.0
    outer loop
      vertex -2.1056900024414062 0.05169820785522461 62.0
      vertex -1.3841841220855713 0.2563135623931885 62.0
      vertex -1.824388027191162 0.579906702041626 62.0
    endloop
  endfacet
  facet normal 0.0 0.0 1.0
    outer loop
      vertex -1.824388027191162 0.579906702041626 62.0
      vertex -1.3841841220855713 0.2563135623931885 62.0
      vertex -1.091080665588379 0.7774362564086914 62.0
    endloop
  endfacet
  facet normal 0.0 0.0 1.0
    outer loop
      vertex -1.3841841220855713 0.2563135623931885 62.0
      vertex -0.7429838180541992 0.42338037490844727 62.0
      vertex -1.091080665588379 0.7774362564086914 62.0
    endloop
  endfacet
  facet normal 0.0 0.0 1.0
    outer loop
      vertex -1.091080665588379 0.7774362564086914 62.0
      vertex -0.7429838180541992 0.42338037490844727 62.0
      vertex -0.3578529357910156 0.8902676105499268 62.0
    endloop
  endfacet
  facet normal 0.0 0.0 1.0
    outer loop
      vertex -0.7429838180541992 0.42338037490844727 62.0
      vertex 0.27620673179626465 0.5623972415924072 62.0
      vertex -0.3578529357910156 0.8902676105499268 62.0
    endloop
  endfacet
  facet normal 0.0 0.0 1.0
    outer loop
      vertex -0.3578529357910156 0.8902676105499268 62.0
      vertex 0.27620673179626465 0.5623972415924072 62.0
      vertex 0.3753749132156372 1.003098726272583 62.0
    endloop
  endfacet
  facet normal 0.0 0.0 1.0
    outer loop
      vertex 0.27620673179626465 0.5623972415924072 62.0
      vertex 1.2953970432281494 0.5884006023406982 62.0
      vertex 0.3753749132156372 1.003098726272583 62.0
    endloop
  endfacet
  facet normal 0.0 0.0 1.0
    outer loop
      vertex 0.3753749132156372 1.003098726272583 62.0
      vertex 1.2953970432281494 0.5884006023406982 62.0
      vertex 1.1876896619796753 1.0450880527496338 62.0
    endloop
  endfacet
  facet normal 0.0 0.0 1.0
    outer loop
      vertex 1.1876896619796753 1.0450880527496338 62.0
      vertex 1.2953970432281494 0.5884006023406982 62.0
      vertex 1.9999955892562866 1.0870773792266846 62.0
    endloop
  endfacet
  facet normal 0.0 0.0 1.0
    outer loop
      vertex 1.2953970432281494 0.5884006023406982 62.0
      vertex 2.0 0.5785796642303467 62.0
      vertex 1.9999955892562866 1.0870773792266846 62.0
    endloop
  endfacet
  facet normal 0.0 0.0 1.0
    outer loop
      vertex 9.143610000610352 -1.9082077741622925 62.0
      vertex 8.931146621704102 -1.5362584590911865 62.0
      vertex 8.719683647155762 -1.9347095489501953 62.0
    endloop
  endfacet
  facet normal 0.0 0.0 1.0
    outer loop
      vertex 9.143610000610352 -1.9082077741622925 62.0
      vertex 8.719683647155762 -1.9347095489501953 62.0
      vertex 9.234542846679688 -2.254892110824585 62.0
    endloop
  endfacet
  facet normal 0.0 0.0 1.0
    outer loop
      vertex 8.719683647155762 -1.9347095489501953 62.0
      vertex 8.790462493896484 -2.232412576675415 62.0
      vertex 9.234542846679688 -2.254892110824585 62.0
    endloop
  endfacet
  facet normal 0.0 0.0 1.0
    outer loop
      vertex 9.234542846679688 -2.254892110824585 62.0
      vertex 8.790462493896484 -2.232412576675415 62.0
      vertex 9.251091957092285 -2.7537589073181152 62.0
    endloop
  endfacet
  facet normal 0.0 0.0 1.0
    outer loop
      vertex 8.680337905883789 -2.689220428466797 62.0
      vertex 8.420308113098145 -3.1285293102264404 62.0
      vertex 9.254249572753906 -3.323802947998047 62.0
    endloop
  endfacet
  facet normal 0.0 0.0 1.0
    outer loop
      vertex 8.790462493896484 -2.232412576675415 62.0
      vertex 8.680337905883789 -2.689220428466797 62.0
      vertex 9.251091957092285 -2.7537589073181152 62.0
    endloop
  endfacet
  facet normal 0.0 0.0 1.0
    outer loop
      vertex 9.254249572753906 -3.323802947998047 62.0
      vertex 9.251091957092285 -2.7537589073181152 62.0
      vertex 8.680337905883789 -2.689220428466797 62.0
    endloop
  endfacet
  facet normal 0.0 0.0 1.0
    outer loop
      vertex 8.22150993347168 -1.9841071367263794 62.0
      vertex 8.456960678100586 -1.790023684501648 62.0
      vertex 8.270893096923828 -1.424499273300171 62.0
    endloop
  endfacet
  facet normal 0.0 0.0 1.0
    outer loop
      vertex 8.637977600097656 -1.169081449508667 62.0
      vertex 8.261322021484375 -0.8924888372421265 62.0
      vertex 8.270893096923828 -1.424499273300171 62.0
    endloop
  endfacet
  facet normal 0.0 0.0 1.0
    outer loop
      vertex 8.270893096923828 -1.424499273300171 62.0
      vertex 8.261322021484375 -0.8924888372421265 62.0
      vertex 7.70401668548584 -1.5482709407806396 62.0
    endloop
  endfacet
  facet normal 0.0 0.0 1.0
    outer loop
      vertex 8.261322021484375 -0.8924888372421265 62.0
      vertex 7.732574939727783 -0.5966147184371948 62.0
      vertex 7.70401668548584 -1.5482709407806396 62.0
    endloop
  endfacet
  facet normal 0.0 0.0 1.0
    outer loop
      vertex 8.270893096923828 -1.424499273300171 62.0
      vertex 7.70401668548584 -1.5482709407806396 62.0
      vertex 8.22150993347168 -1.9841071367263794 62.0
    endloop
  endfacet
  facet normal 0.0 0.0 1.0
    outer loop
      vertex 7.70401668548584 -1.5482709407806396 62.0
      vertex 7.572692394256592 -2.438514471054077 62.0
      vertex 8.22150993347168 -1.9841071367263794 62.0
    endloop
  endfacet
  facet normal 0.0 0.0 1.0
    outer loop
      vertex 8.22150993347168 -1.9841071367263794 62.0
      vertex 7.572692394256592 -2.438514471054077 62.0
      vertex 8.003255844116211 -2.6886157989501953 62.0
    endloop
  endfacet
  facet normal 0.0 0.0 1.0
    outer loop
      vertex 7.575969696044922 -3.391479730606079 62.0
      vertex 8.003255844116211 -2.6886157989501953 62.0
      vertex 7.572692394256592 -2.438514471054077 62.0
    endloop
  endfacet
  facet normal 0.0 0.0 1.0
    outer loop
      vertex 7.572692394256592 -2.438514471054077 62.0
      vertex 6.956700325012207 -3.1324832439422607 62.0
      vertex 7.575969696044922 -3.391479730606079 62.0
    endloop
  endfacet
  facet normal 0.0 0.0 1.0
    outer loop
      vertex 6.944950580596924 -4.086702823638916 62.0
      vertex 7.575969696044922 -3.391479730606079 62.0
      vertex 6.956700325012207 -3.1324832439422607 62.0
    endloop
  endfacet
  facet normal 0.0 0.0 1.0
    outer loop
      vertex 6.956700325012207 -3.1324832439422607 62.0
      vertex 7.572692394256592 -2.438514471054077 62.0
      vertex 6.968450546264648 -2.1782636642456055 62.0
    endloop
  endfacet
  facet normal 0.0 0.0 1.0
    outer loop
      vertex 7.572692394256592 -2.438514471054077 62.0
      vertex 7.70401668548584 -1.5482709407806396 62.0
      vertex 6.968450546264648 -2.1782636642456055 62.0
    endloop
  endfacet
  facet normal 0.0 0.0 1.0
    outer loop
      vertex 6.968450546264648 -2.1782636642456055 62.0
      vertex 7.70401668548584 -1.5482709407806396 62.0
      vertex 6.980200290679932 -1.2240442037582397 62.0
    endloop
  endfacet
  facet normal 0.0 0.0 1.0
    outer loop
      vertex 7.70401668548584 -1.5482709407806396 62.0
      vertex 7.732574939727783 -0.5966147184371948 62.0
      vertex 6.980200290679932 -1.2240442037582397 62.0
    endloop
  endfacet
  facet normal 0.0 0.0 1.0
    outer loop
      vertex 7.732574939727783 -0.5966147184371948 62.0
      vertex 6.991950035095215 -0.269824743270874 62.0
      vertex 6.980200290679932 -1.2240442037582397 62.0
    endloop
  endfacet
  facet normal 0.0 0.0 1.0
    outer loop
      vertex 6.086995601654053 -3.4271841049194336 62.0
      vertex 6.944950580596924 -4.086702823638916 62.0
      vertex 6.956700325012207 -3.1324832439422607 62.0
    endloop
  endfacet
  facet normal 0.0 0.0 1.0
    outer loop
      vertex 6.944950580596924 -4.086702823638916 62.0
      vertex 6.086995601654053 -3.4271841049194336 62.0
      vertex 6.080764293670654 -4.586811542510986 62.0
    endloop
  endfacet
  facet normal 0.0 0.0 1.0
    outer loop
      vertex 6.086995601654053 -3.4271841049194336 62.0
      vertex 6.956700325012207 -3.1324832439422607 62.0
      vertex 6.093226909637451 -2.267556667327881 62.0
    endloop
  endfacet
  facet normal 0.0 0.0 1.0
    outer loop
      vertex 6.956700325012207 -3.1324832439422607 62.0
      vertex 6.968450546264648 -2.1782636642456055 62.0
      vertex 6.093226909637451 -2.267556667327881 62.0
    endloop
  endfacet
  facet normal 0.0 0.0 1.0
    outer loop
      vertex 6.991950035095215 -0.269824743270874 62.0
      vertex 6.099458694458008 -1.1079292297363281 62.0
      vertex 6.980200290679932 -1.2240442037582397 62.0
    endloop
  endfacet
  facet normal 0.0 0.0 1.0
    outer loop
      vertex 6.991950035095215 -0.269824743270874 62.0
      vertex 6.105690002441406 0.05169820785522461 62.0
      vertex 6.099458694458008 -1.1079292297363281 62.0
    endloop
  endfacet
  facet normal 0.0 0.0 1.0
    outer loop
      vertex 6.968450546264648 -2.1782636642456055 62.0
      vertex 6.980200290679932 -1.2240442037582397 62.0
      vertex 6.093226909637451 -2.267556667327881 62.0
    endloop
  endfacet
  facet normal 0.0 0.0 1.0
    outer loop
      vertex 6.099458694458008 -1.1079292297363281 62.0
      vertex 6.093226909637451 -2.267556667327881 62.0
      vertex 6.980200290679932 -1.2240442037582397 62.0
    endloop
  endfacet
  facet normal 0.0 0.0 1.0
    outer loop
      vertex 6.080764293670654 -4.586811542510986 62.0
      vertex 6.086995601654053 -3.4271841049194336 62.0
      vertex 5.192238807678223 -3.6507835388183594 62.0
    endloop
  endfacet
  facet normal 0.0 0.0 1.0
    outer loop
      vertex 5.128256797790527 -4.953149318695068 62.0
      vertex 6.080764293670654 -4.586811542510986 62.0
      vertex 5.192238807678223 -3.6507835388183594 62.0
    endloop
  endfacet
  facet normal 0.0 0.0 1.0
    outer loop
      vertex 5.192238807678223 -3.6507835388183594 62.0
      vertex 6.086995601654053 -3.4271841049194336 62.0
      vertex 5.25622034072876 -2.3484179973602295 62.0
    endloop
  endfacet
  facet normal 0.0 0.0 1.0
    outer loop
      vertex 6.086995601654053 -3.4271841049194336 62.0
      vertex 6.093226909637451 -2.267556667327881 62.0
      vertex 5.25622034072876 -2.3484179973602295 62.0
    endloop
  endfacet
  facet normal 0.0 0.0 1.0
    outer loop
      vertex 6.105690002441406 0.05169820785522461 62.0
      vertex 5.320201873779297 -1.0460522174835205 62.0
      vertex 6.099458694458008 -1.1079292297363281 62.0
    endloop
  endfacet
  facet normal 0.0 0.0 1.0
    outer loop
      vertex 6.105690002441406 0.05169820785522461 62.0
      vertex 5.384183883666992 0.2563135623931885 62.0
      vertex 5.320201873779297 -1.0460522174835205 62.0
    endloop
  endfacet
  facet normal 0.0 0.0 1.0
    outer loop
      vertex 6.093226909637451 -2.267556667327881 62.0
      vertex 6.099458694458008 -1.1079292297363281 62.0
      vertex 5.320201873779297 -1.0460522174835205 62.0
    endloop
  endfacet
  facet normal 0.0 0.0 1.0
    outer loop
      vertex 5.320201873779297 -1.0460522174835205 62.0
      vertex 5.25622034072876 -2.3484179973602295 62.0
      vertex 6.093226909637451 -2.267556667327881 62.0
    endloop
  endfacet
  facet normal 0.0 0.0 1.0
    outer loop
      vertex 5.128256797790527 -4.953149318695068 62.0
      vertex 5.192238807678223 -3.6507835388183594 62.0
      vertex 4.274073123931885 -3.800273895263672 62.0
    endloop
  endfacet
  facet normal 0.0 0.0 1.0
    outer loop
      vertex 4.117769241333008 -5.20815896987915 62.0
      vertex 5.128256797790527 -4.953149318695068 62.0
      vertex 4.274073123931885 -3.800273895263672 62.0
    endloop
  endfacet
  facet normal 0.0 0.0 1.0
    outer loop
      vertex 4.430377006530762 -2.3923892974853516 62.0
      vertex 5.192238807678223 -3.6507835388183594 62.0
      vertex 5.25622034072876 -2.3484179973602295 62.0
    endloop
  endfacet
  facet normal 0.0 0.0 1.0
    outer loop
      vertex 4.274073123931885 -3.800273895263672 62.0
      vertex 5.192238807678223 -3.6507835388183594 62.0
      vertex 4.430377006530762 -2.3923892974853516 62.0
    endloop
  endfacet
  facet normal 0.0 0.0 1.0
    outer loop
      vertex 5.25622034072876 -2.3484179973602295 62.0
      vertex 5.320201873779297 -1.0460522174835205 62.0
      vertex 4.5866804122924805 -0.9845044612884521 62.0
    endloop
  endfacet
  facet normal 0.0 0.0 1.0
    outer loop
      vertex 4.5866804122924805 -0.9845044612884521 62.0
      vertex 4.430377006530762 -2.3923892974853516 62.0
      vertex 5.25622034072876 -2.3484179973602295 62.0
    endloop
  endfacet
  facet normal 0.0 0.0 1.0
    outer loop
      vertex 5.384183883666992 0.2563135623931885 62.0
      vertex 4.742983818054199 0.42338037490844727 62.0
      vertex 5.320201873779297 -1.0460522174835205 62.0
    endloop
  endfacet
  facet normal 0.0 0.0 1.0
    outer loop
      vertex 4.5866804122924805 -0.9845044612884521 62.0
      vertex 5.320201873779297 -1.0460522174835205 62.0
      vertex 4.742983818054199 0.42338037490844727 62.0
    endloop
  endfacet
  facet normal 0.0 0.0 1.0
    outer loop
      vertex 4.742983818054199 0.42338037490844727 62.0
      vertex 3.7237932682037354 0.5623972415924072 62.0
      vertex 4.5866804122924805 -0.9845044612884521 62.0
    endloop
  endfacet
  facet normal 0.0 0.0 1.0
    outer loop
      vertex 3.1474833488464355 -0.7712993621826172 62.0
      vertex 4.5866804122924805 -0.9845044612884521 62.0
      vertex 3.7237932682037354 0.5623972415924072 62.0
    endloop
  endfacet
  facet normal 0.0 0.0 1.0
    outer loop
      vertex 4.5866804122924805 -0.9845044612884521 62.0
      vertex 3.1205332279205322 -2.3007466793060303 62.0
      vertex 4.430377006530762 -2.3923892974853516 62.0
    endloop
  endfacet
  facet normal 0.0 0.0 1.0
    outer loop
      vertex 4.5866804122924805 -0.9845044612884521 62.0
      vertex 3.1474833488464355 -0.7712993621826172 62.0
      vertex 3.1205332279205322 -2.3007466793060303 62.0
    endloop
  endfacet
  facet normal 0.0 0.0 1.0
    outer loop
      vertex 4.274073123931885 -3.800273895263672 62.0
      vertex 4.430377006530762 -2.3923892974853516 62.0
      vertex 3.1205332279205322 -2.3007466793060303 62.0
    endloop
  endfacet
  facet normal 0.0 0.0 1.0
    outer loop
      vertex 3.1205332279205322 -2.3007466793060303 62.0
      vertex 3.093583106994629 -3.8301937580108643 62.0
      vertex 4.274073123931885 -3.800273895263672 62.0
    endloop
  endfacet
  facet normal 0.0 0.0 1.0
    outer loop
      vertex 4.274073123931885 -3.800273895263672 62.0
      vertex 3.093583106994629 -3.8301937580108643 62.0
      vertex 4.117769241333008 -5.20815896987915 62.0
    endloop
  endfacet
  facet normal 0.0 0.0 1.0
    outer loop
      vertex 3.0666327476501465 -5.359641075134277 62.0
      vertex 4.117769241333008 -5.20815896987915 62.0
      vertex 3.093583106994629 -3.8301937580108643 62.0
    endloop
  endfacet
  facet normal 0.0 0.0 1.0
    outer loop
      vertex 3.0666327476501465 -5.359641075134277 62.0
      vertex 3.093583106994629 -3.8301937580108643 62.0
      vertex 2.0 -3.912389039993286 62.0
    endloop
  endfacet
  facet normal 0.0 0.0 1.0
    outer loop
      vertex 2.0 -5.409379005432129 62.0
      vertex 3.0666327476501465 -5.359641075134277 62.0
      vertex 2.0 -3.912389039993286 62.0
    endloop
  endfacet
  facet normal 0.0 0.0 1.0
    outer loop
      vertex 3.093583106994629 -3.8301937580108643 62.0
      vertex 3.1205332279205322 -2.3007466793060303 62.0
      vertex 2.0 -2.4153995513916016 62.0
    endloop
  endfacet
  facet normal 0.0 0.0 1.0
    outer loop
      vertex 2.0 -2.4153995513916016 62.0
      vertex 2.0 -3.912389039993286 62.0
      vertex 3.093583106994629 -3.8301937580108643 62.0
    endloop
  endfacet
  facet normal 0.0 0.0 1.0
    outer loop
      vertex 2.0 -0.9184098243713379 62.0
      vertex 3.1205332279205322 -2.3007466793060303 62.0
      vertex 3.1474833488464355 -0.7712993621826172 62.0
    endloop
  endfacet
  facet normal 0.0 0.0 1.0
    outer loop
      vertex 2.0 -2.4153995513916016 62.0
      vertex 3.1205332279205322 -2.3007466793060303 62.0
      vertex 2.0 -0.9184098243713379 62.0
    endloop
  endfacet
  facet normal 0.0 0.0 1.0
    outer loop
      vertex 3.7237932682037354 0.5623972415924072 62.0
      vertex 2.7046029567718506 0.5884006023406982 62.0
      vertex 3.1474833488464355 -0.7712993621826172 62.0
    endloop
  endfacet
  facet normal 0.0 0.0 1.0
    outer loop
      vertex 3.1474833488464355 -0.7712993621826172 62.0
      vertex 2.7046029567718506 0.5884006023406982 62.0
      vertex 2.0 -0.9184098243713379 62.0
    endloop
  endfacet
  facet normal 0.0 0.0 1.0
    outer loop
      vertex 2.7046029567718506 0.5884006023406982 62.0
      vertex 2.0 0.5785796642303467 62.0
      vertex 2.0 -0.9184098243713379 62.0
    endloop
  endfacet
  facet normal 0.0 0.0 1.0
    outer loop
      vertex 9.254249572753906 -3.323802947998047 62.0
      vertex 8.420308113098145 -3.1285293102264404 62.0
      vertex 9.067033767700195 -4.061732292175293 62.0
    endloop
  endfacet
  facet normal 0.0 0.0 1.0
    outer loop
      vertex 8.420308113098145 -3.1285293102264404 62.0
      vertex 8.470130920410156 -4.0055646896362305 62.0
      vertex 9.067033767700195 -4.061732292175293 62.0
    endloop
  endfacet
  facet normal 0.0 0.0 1.0
    outer loop
      vertex 7.958540916442871 -3.9411568641662598 62.0
      vertex 8.470130920410156 -4.0055646896362305 62.0
      vertex 8.420308113098145 -3.1285293102264404 62.0
    endloop
  endfacet
  facet normal 0.0 0.0 1.0
    outer loop
      vertex 8.694385528564453 -4.744315147399902 62.0
      vertex 9.067033767700195 -4.061732292175293 62.0
      vertex 8.470130920410156 -4.0055646896362305 62.0
    endloop
  endfacet
  facet normal 0.0 0.0 1.0
    outer loop
      vertex 8.470130920410156 -4.0055646896362305 62.0
      vertex 8.033177375793457 -4.703239440917969 62.0
      vertex 8.694385528564453 -4.744315147399902 62.0
    endloop
  endfacet
  facet normal 0.0 0.0 1.0
    outer loop
      vertex 8.470130920410156 -4.0055646896362305 62.0
      vertex 7.958540916442871 -3.9411568641662598 62.0
      vertex 8.033177375793457 -4.703239440917969 62.0
    endloop
  endfacet
  facet normal 0.0 0.0 1.0
    outer loop
      vertex 8.193126678466797 -5.457082748413086 62.0
      vertex 8.694385528564453 -4.744315147399902 62.0
      vertex 8.033177375793457 -4.703239440917969 62.0
    endloop
  endfacet
  facet normal 0.0 0.0 1.0
    outer loop
      vertex 8.033177375793457 -4.703239440917969 62.0
      vertex 7.2255682945251465 -5.375486373901367 62.0
      vertex 8.193126678466797 -5.457082748413086 62.0
    endloop
  endfacet
  facet normal 0.0 0.0 1.0
    outer loop
      vertex 7.436971187591553 -6.135692119598389 62.0
      vertex 8.193126678466797 -5.457082748413086 62.0
      vertex 7.2255682945251465 -5.375486373901367 62.0
    endloop
  endfacet
  facet normal 0.0 0.0 1.0
    outer loop
      vertex 7.958540916442871 -3.9411568641662598 62.0
      vertex 7.0904974937438965 -4.618673324584961 62.0
      vertex 8.033177375793457 -4.703239440917969 62.0
    endloop
  endfacet
  facet normal 0.0 0.0 1.0
    outer loop
      vertex 7.0904974937438965 -4.618673324584961 62.0
      vertex 7.2255682945251465 -5.375486373901367 62.0
      vertex 8.033177375793457 -4.703239440917969 62.0
    endloop
  endfacet
  facet normal 0.0 0.0 1.0
    outer loop
      vertex 7.2255682945251465 -5.375486373901367 62.0
      vertex 6.315739154815674 -6.062170028686523 62.0
      vertex 7.436971187591553 -6.135692119598389 62.0
    endloop
  endfacet
  facet normal 0.0 0.0 1.0
    outer loop
      vertex 7.436971187591553 -6.135692119598389 62.0
      vertex 6.315739154815674 -6.062170028686523 62.0
      vertex 6.477258682250977 -6.872300148010254 62.0
    endloop
  endfacet
  facet normal 0.0 0.0 1.0
    outer loop
      vertex 7.0904974937438965 -4.618673324584961 62.0
      vertex 6.154219627380371 -5.252039909362793 62.0
      vertex 7.2255682945251465 -5.375486373901367 62.0
    endloop
  endfacet
  facet normal 0.0 0.0 1.0
    outer loop
      vertex 6.315739154815674 -6.062170028686523 62.0
      vertex 7.2255682945251465 -5.375486373901367 62.0
      vertex 6.154219627380371 -5.252039909362793 62.0
    endloop
  endfacet
  facet normal 0.0 0.0 1.0
    outer loop
      vertex 6.154219627380371 -5.252039909362793 62.0
      vertex 5.229793548583984 -5.705687522888184 62.0
      vertex 6.315739154815674 -6.062170028686523 62.0
    endloop
  endfacet
  facet normal 0.0 0.0 1.0
    outer loop
      vertex 5.229793548583984 -5.705687522888184 62.0
      vertex 5.299874305725098 -6.542205333709717 62.0
      vertex 6.315739154815674 -6.062170028686523 62.0
    endloop
  endfacet
  facet normal 0.0 0.0 1.0
    outer loop
      vertex 6.315739154815674 -6.062170028686523 62.0
      vertex 5.299874305725098 -6.542205333709717 62.0
      vertex 6.477258682250977 -6.872300148010254 62.0
    endloop
  endfacet
  facet normal 0.0 0.0 1.0
    outer loop
      vertex 5.369955062866211 -7.378722667694092 62.0
      vertex 6.477258682250977 -6.872300148010254 62.0
      vertex 5.299874305725098 -6.542205333709717 62.0
    endloop
  endfacet
  facet normal 0.0 0.0 1.0
    outer loop
      vertex 5.299874305725098 -6.542205333709717 62.0
      vertex 4.114340782165527 -6.824235916137695 62.0
      vertex 5.369955062866211 -7.378722667694092 62.0
    endloop
  endfacet
  facet normal 0.0 0.0 1.0
    outer loop
      vertex 5.369955062866211 -7.378722667694092 62.0
      vertex 4.114340782165527 -6.824235916137695 62.0
      vertex 4.183667182922363 -7.716758728027344 62.0
    endloop
  endfacet
  facet normal 0.0 0.0 1.0
    outer loop
      vertex 5.229793548583984 -5.705687522888184 62.0
      vertex 4.045014381408691 -5.931713581085205 62.0
      vertex 5.299874305725098 -6.542205333709717 62.0
    endloop
  endfacet
  facet normal 0.0 0.0 1.0
    outer loop
      vertex 4.114340782165527 -6.824235916137695 62.0
      vertex 5.299874305725098 -6.542205333709717 62.0
      vertex 4.045014381408691 -5.931713581085205 62.0
    endloop
  endfacet
  facet normal 0.0 0.0 1.0
    outer loop
      vertex 4.183667182922363 -7.716758728027344 62.0
      vertex 4.114340782165527 -6.824235916137695 62.0
      vertex 2.994075298309326 -6.960901737213135 62.0
    endloop
  endfacet
  facet normal 0.0 0.0 1.0
    outer loop
      vertex 3.1089110374450684 -7.898157119750977 62.0
      vertex 4.183667182922363 -7.716758728027344 62.0
      vertex 2.994075298309326 -6.960901737213135 62.0
    endloop
  endfacet
  facet normal 0.0 0.0 1.0
    outer loop
      vertex 4.045014381408691 -5.931713581085205 62.0
      vertex 2.879239559173584 -6.023646831512451 62.0
      vertex 4.114340782165527 -6.824235916137695 62.0
    endloop
  endfacet
  facet normal 0.0 0.0 1.0
    outer loop
      vertex 2.879239559173584 -6.023646831512451 62.0
      vertex 2.994075298309326 -6.960901737213135 62.0
      vertex 4.114340782165527 -6.824235916137695 62.0
    endloop
  endfacet
  facet normal 0.0 0.0 1.0
    outer loop
      vertex 2.879239559173584 -6.023646831512451 62.0
      vertex 2.0 -6.045982837677002 62.0
      vertex 2.994075298309326 -6.960901737213135 62.0
    endloop
  endfacet
  facet normal 0.0 0.0 1.0
    outer loop
      vertex 2.0 -6.045982837677002 62.0
      vertex 1.999999761581421 -6.997769355773926 62.0
      vertex 2.994075298309326 -6.960901737213135 62.0
    endloop
  endfacet
  facet normal 0.0 0.0 1.0
    outer loop
      vertex 2.994075298309326 -6.960901737213135 62.0
      vertex 1.999999761581421 -6.997769355773926 62.0
      vertex 3.1089110374450684 -7.898157119750977 62.0
    endloop
  endfacet
  facet normal 0.0 0.0 1.0
    outer loop
      vertex 1.9999995231628418 -7.94955587387085 62.0
      vertex 3.1089110374450684 -7.898157119750977 62.0
      vertex 1.999999761581421 -6.997769355773926 62.0
    endloop
  endfacet
  facet normal 0.0 0.0 1.0
    outer loop
      vertex 8.719683647155762 -1.9347095489501953 62.0
      vertex 8.931146621704102 -1.5362584590911865 62.0
      vertex 8.653621673583984 -1.586268424987793 62.0
    endloop
  endfacet
  facet normal 0.0 0.0 1.0
    outer loop
      vertex 8.456960678100586 -1.790023684501648 62.0
      vertex 8.719683647155762 -1.9347095489501953 62.0
      vertex 8.653621673583984 -1.586268424987793 62.0
    endloop
  endfacet
  facet normal 0.0 0.0 1.0
    outer loop
      vertex 8.931146621704102 -1.5362584590911865 62.0
      vertex 8.637977600097656 -1.169081449508667 62.0
      vertex 8.653621673583984 -1.586268424987793 62.0
    endloop
  endfacet
  facet normal 0.0 0.0 1.0
    outer loop
      vertex 8.456960678100586 -1.790023684501648 62.0
      vertex 8.653621673583984 -1.586268424987793 62.0
      vertex 8.270893096923828 -1.424499273300171 62.0
    endloop
  endfacet
  facet normal 0.0 0.0 1.0
    outer loop
      vertex 8.270893096923828 -1.424499273300171 62.0
      vertex 8.653621673583984 -1.586268424987793 62.0
      vertex 8.637977600097656 -1.169081449508667 62.0
    endloop
  endfacet
  facet normal 0.0 0.0 1.0
    outer loop
      vertex -5.143609523773193 -1.9082077741622925 62.0
      vertex -4.719683647155762 -1.9347095489501953 62.0
      vertex -4.93114709854126 -1.5362584590911865 62.0
    endloop
  endfacet
  facet normal 0.0 0.0 1.0
    outer loop
      vertex -5.143609523773193 -1.9082077741622925 62.0
      vertex -5.2345428466796875 -2.254892110824585 62.0
      vertex -4.719683647155762 -1.9347095489501953 62.0
    endloop
  endfacet
  facet normal 0.0 0.0 1.0
    outer loop
      vertex -4.719683647155762 -1.9347095489501953 62.0
      vertex -5.2345428466796875 -2.254892110824585 62.0
      vertex -4.790462970733643 -2.232412576675415 62.0
    endloop
  endfacet
  facet normal 0.0 0.0 1.0
    outer loop
      vertex -5.2345428466796875 -2.254892110824585 62.0
      vertex -5.251091957092285 -2.7537589073181152 62.0
      vertex -4.790462970733643 -2.232412576675415 62.0
    endloop
  endfacet
  facet normal 0.0 0.0 1.0
    outer loop
      vertex -4.680338382720947 -2.689220428466797 62.0
      vertex -5.2542500495910645 -3.323802947998047 62.0
      vertex -4.4203081130981445 -3.1285293102264404 62.0
    endloop
  endfacet
  facet normal 0.0 0.0 1.0
    outer loop
      vertex -4.790462970733643 -2.232412576675415 62.0
      vertex -5.251091957092285 -2.7537589073181152 62.0
      vertex -4.680338382720947 -2.689220428466797 62.0
    endloop
  endfacet
  facet normal 0.0 0.0 1.0
    outer loop
      vertex -5.2542500495910645 -3.323802947998047 62.0
      vertex -4.680338382720947 -2.689220428466797 62.0
      vertex -5.251091957092285 -2.7537589073181152 62.0
    endloop
  endfacet
  facet normal 0.0 0.0 1.0
    outer loop
      vertex -4.22150993347168 -1.9841071367263794 62.0
      vertex -4.270893096923828 -1.424499273300171 62.0
      vertex -4.456961154937744 -1.790023684501648 62.0
    endloop
  endfacet
  facet normal 0.0 0.0 1.0
    outer loop
      vertex -4.637977123260498 -1.169081449508667 62.0
      vertex -4.270893096923828 -1.424499273300171 62.0
      vertex -4.261322498321533 -0.8924888372421265 62.0
    endloop
  endfacet
  facet normal 0.0 0.0 1.0
    outer loop
      vertex -4.270893096923828 -1.424499273300171 62.0
      vertex -3.70401668548584 -1.5482709407806396 62.0
      vertex -4.261322498321533 -0.8924888372421265 62.0
    endloop
  endfacet
  facet normal 0.0 0.0 1.0
    outer loop
      vertex -4.261322498321533 -0.8924888372421265 62.0
      vertex -3.70401668548584 -1.5482709407806396 62.0
      vertex -3.732574939727783 -0.5966147184371948 62.0
    endloop
  endfacet
  facet normal 0.0 0.0 1.0
    outer loop
      vertex -4.270893096923828 -1.424499273300171 62.0
      vertex -4.22150993347168 -1.9841071367263794 62.0
      vertex -3.70401668548584 -1.5482709407806396 62.0
    endloop
  endfacet
  facet normal 0.0 0.0 1.0
    outer loop
      vertex -3.70401668548584 -1.5482709407806396 62.0
      vertex -4.22150993347168 -1.9841071367263794 62.0
      vertex -3.572692394256592 -2.438514471054077 62.0
    endloop
  endfacet
  facet normal 0.0 0.0 1.0
    outer loop
      vertex -4.22150993347168 -1.9841071367263794 62.0
      vertex -4.003255367279053 -2.6886157989501953 62.0
      vertex -3.572692394256592 -2.438514471054077 62.0
    endloop
  endfacet
  facet normal 0.0 0.0 1.0
    outer loop
      vertex -3.575969696044922 -3.391479730606079 62.0
      vertex -3.572692394256592 -2.438514471054077 62.0
      vertex -4.003255367279053 -2.6886157989501953 62.0
    endloop
  endfacet
  facet normal 0.0 0.0 1.0
    outer loop
      vertex -3.572692394256592 -2.438514471054077 62.0
      vertex -3.575969696044922 -3.391479730606079 62.0
      vertex -2.956700325012207 -3.1324832439422607 62.0
    endloop
  endfacet
  facet normal 0.0 0.0 1.0
    outer loop
      vertex -2.944950580596924 -4.086702823638916 62.0
      vertex -2.956700325012207 -3.1324832439422607 62.0
      vertex -3.575969696044922 -3.391479730606079 62.0
    endloop
  endfacet
  facet normal 0.0 0.0 1.0
    outer loop
      vertex -2.956700325012207 -3.1324832439422607 62.0
      vertex -2.9684505462646484 -2.1782636642456055 62.0
      vertex -3.572692394256592 -2.438514471054077 62.0
    endloop
  endfacet
  facet normal 0.0 0.0 1.0
    outer loop
      vertex -3.572692394256592 -2.438514471054077 62.0
      vertex -2.9684505462646484 -2.1782636642456055 62.0
      vertex -3.70401668548584 -1.5482709407806396 62.0
    endloop
  endfacet
  facet normal 0.0 0.0 1.0
    outer loop
      vertex -2.9684505462646484 -2.1782636642456055 62.0
      vertex -2.9802002906799316 -1.2240442037582397 62.0
      vertex -3.70401668548584 -1.5482709407806396 62.0
    endloop
  endfacet
  facet normal 0.0 0.0 1.0
    outer loop
      vertex -3.70401668548584 -1.5482709407806396 62.0
      vertex -2.9802002906799316 -1.2240442037582397 62.0
      vertex -3.732574939727783 -0.5966147184371948 62.0
    endloop
  endfacet
  facet normal 0.0 0.0 1.0
    outer loop
      vertex -3.732574939727783 -0.5966147184371948 62.0
      vertex -2.9802002906799316 -1.2240442037582397 62.0
      vertex -2.991950035095215 -0.269824743270874 62.0
    endloop
  endfacet
  facet normal 0.0 0.0 1.0
    outer loop
      vertex -2.0869956016540527 -3.4271841049194336 62.0
      vertex -2.956700325012207 -3.1324832439422607 62.0
      vertex -2.944950580596924 -4.086702823638916 62.0
    endloop
  endfacet
  facet normal 0.0 0.0 1.0
    outer loop
      vertex -2.944950580596924 -4.086702823638916 62.0
      vertex -2.0807642936706543 -4.586811542510986 62.0
      vertex -2.0869956016540527 -3.4271841049194336 62.0
    endloop
  endfacet
  facet normal 0.0 0.0 1.0
    outer loop
      vertex -2.0869956016540527 -3.4271841049194336 62.0
      vertex -2.093226909637451 -2.267556667327881 62.0
      vertex -2.956700325012207 -3.1324832439422607 62.0
    endloop
  endfacet
  facet normal 0.0 0.0 1.0
    outer loop
      vertex -2.956700325012207 -3.1324832439422607 62.0
      vertex -2.093226909637451 -2.267556667327881 62.0
      vertex -2.9684505462646484 -2.1782636642456055 62.0
    endloop
  endfacet
  facet normal 0.0 0.0 1.0
    outer loop
      vertex -2.991950035095215 -0.269824743270874 62.0
      vertex -2.9802002906799316 -1.2240442037582397 62.0
      vertex -2.099458694458008 -1.1079292297363281 62.0
    endloop
  endfacet
  facet normal 0.0 0.0 1.0
    outer loop
      vertex -2.991950035095215 -0.269824743270874 62.0
      vertex -2.099458694458008 -1.1079292297363281 62.0
      vertex -2.1056900024414062 0.05169820785522461 62.0
    endloop
  endfacet
  facet normal 0.0 0.0 1.0
    outer loop
      vertex -2.9684505462646484 -2.1782636642456055 62.0
      vertex -2.093226909637451 -2.267556667327881 62.0
      vertex -2.9802002906799316 -1.2240442037582397 62.0
    endloop
  endfacet
  facet normal 0.0 0.0 1.0
    outer loop
      vertex -2.099458694458008 -1.1079292297363281 62.0
      vertex -2.9802002906799316 -1.2240442037582397 62.0
      vertex -2.093226909637451 -2.267556667327881 62.0
    endloop
  endfacet
  facet normal 0.0 0.0 1.0
    outer loop
      vertex -2.0807642936706543 -4.586811542510986 62.0
      vertex -1.1922385692596436 -3.6507835388183594 62.0
      vertex -2.0869956016540527 -3.4271841049194336 62.0
    endloop
  endfacet
  facet normal 0.0 0.0 1.0
    outer loop
      vertex -1.1282567977905273 -4.953149318695068 62.0
      vertex -1.1922385692596436 -3.6507835388183594 62.0
      vertex -2.0807642936706543 -4.586811542510986 62.0
    endloop
  endfacet
  facet normal 0.0 0.0 1.0
    outer loop
      vertex -1.1922385692596436 -3.6507835388183594 62.0
      vertex -1.2562203407287598 -2.3484179973602295 62.0
      vertex -2.0869956016540527 -3.4271841049194336 62.0
    endloop
  endfacet
  facet normal 0.0 0.0 1.0
    outer loop
      vertex -2.0869956016540527 -3.4271841049194336 62.0
      vertex -1.2562203407287598 -2.3484179973602295 62.0
      vertex -2.093226909637451 -2.267556667327881 62.0
    endloop
  endfacet
  facet normal 0.0 0.0 1.0
    outer loop
      vertex -2.1056900024414062 0.05169820785522461 62.0
      vertex -2.099458694458008 -1.1079292297363281 62.0
      vertex -1.320202112197876 -1.0460522174835205 62.0
    endloop
  endfacet
  facet normal 0.0 0.0 1.0
    outer loop
      vertex -2.1056900024414062 0.05169820785522461 62.0
      vertex -1.320202112197876 -1.0460522174835205 62.0
      vertex -1.3841841220855713 0.2563135623931885 62.0
    endloop
  endfacet
  facet normal 0.0 0.0 1.0
    outer loop
      vertex -2.093226909637451 -2.267556667327881 62.0
      vertex -1.320202112197876 -1.0460522174835205 62.0
      vertex -2.099458694458008 -1.1079292297363281 62.0
    endloop
  endfacet
  facet normal 0.0 0.0 1.0
    outer loop
      vertex -1.320202112197876 -1.0460522174835205 62.0
      vertex -2.093226909637451 -2.267556667327881 62.0
      vertex -1.2562203407287598 -2.3484179973602295 62.0
    endloop
  endfacet
  facet normal 0.0 0.0 1.0
    outer loop
      vertex -1.1282567977905273 -4.953149318695068 62.0
      vertex -0.27407312393188477 -3.800273895263672 62.0
      vertex -1.1922385692596436 -3.6507835388183594 62.0
    endloop
  endfacet
  facet normal 0.0 0.0 1.0
    outer loop
      vertex -0.11776947975158691 -5.20815896987915 62.0
      vertex -0.27407312393188477 -3.800273895263672 62.0
      vertex -1.1282567977905273 -4.953149318695068 62.0
    endloop
  endfacet
  facet normal 0.0 0.0 1.0
    outer loop
      vertex -0.4303767681121826 -2.3923892974853516 62.0
      vertex -1.2562203407287598 -2.3484179973602295 62.0
      vertex -1.1922385692596436 -3.6507835388183594 62.0
    endloop
  endfacet
  facet normal 0.0 0.0 1.0
    outer loop
      vertex -0.27407312393188477 -3.800273895263672 62.0
      vertex -0.4303767681121826 -2.3923892974853516 62.0
      vertex -1.1922385692596436 -3.6507835388183594 62.0
    endloop
  endfacet
  facet normal 0.0 0.0 1.0
    outer loop
      vertex -1.2562203407287598 -2.3484179973602295 62.0
      vertex -0.5866801738739014 -0.9845044612884521 62.0
      vertex -1.320202112197876 -1.0460522174835205 62.0
    endloop
  endfacet
  facet normal 0.0 0.0 1.0
    outer loop
      vertex -0.5866801738739014 -0.9845044612884521 62.0
      vertex -1.2562203407287598 -2.3484179973602295 62.0
      vertex -0.4303767681121826 -2.3923892974853516 62.0
    endloop
  endfacet
  facet normal 0.0 0.0 1.0
    outer loop
      vertex -1.3841841220855713 0.2563135623931885 62.0
      vertex -1.320202112197876 -1.0460522174835205 62.0
      vertex -0.7429838180541992 0.42338037490844727 62.0
    endloop
  endfacet
  facet normal 0.0 0.0 1.0
    outer loop
      vertex -0.5866801738739014 -0.9845044612884521 62.0
      vertex -0.7429838180541992 0.42338037490844727 62.0
      vertex -1.320202112197876 -1.0460522174835205 62.0
    endloop
  endfacet
  facet normal 0.0 0.0 1.0
    outer loop
      vertex -0.7429838180541992 0.42338037490844727 62.0
      vertex -0.5866801738739014 -0.9845044612884521 62.0
      vertex 0.27620673179626465 0.5623972415924072 62.0
    endloop
  endfacet
  facet normal 0.0 0.0 1.0
    outer loop
      vertex 0.8525166511535645 -0.7712993621826172 62.0
      vertex 0.27620673179626465 0.5623972415924072 62.0
      vertex -0.5866801738739014 -0.9845044612884521 62.0
    endloop
  endfacet
  facet normal 0.0 0.0 1.0
    outer loop
      vertex -0.5866801738739014 -0.9845044612884521 62.0
      vertex -0.4303767681121826 -2.3923892974853516 62.0
      vertex 0.8794667720794678 -2.3007466793060303 62.0
    endloop
  endfacet
  facet normal 0.0 0.0 1.0
    outer loop
      vertex -0.5866801738739014 -0.9845044612884521 62.0
      vertex 0.8794667720794678 -2.3007466793060303 62.0
      vertex 0.8525166511535645 -0.7712993621826172 62.0
    endloop
  endfacet
  facet normal 0.0 0.0 1.0
    outer loop
      vertex -0.27407312393188477 -3.800273895263672 62.0
      vertex 0.8794667720794678 -2.3007466793060303 62.0
      vertex -0.4303767681121826 -2.3923892974853516 62.0
    endloop
  endfacet
  facet normal 0.0 0.0 1.0
    outer loop
      vertex 0.8794667720794678 -2.3007466793060303 62.0
      vertex -0.27407312393188477 -3.800273895263672 62.0
      vertex 0.9064168930053711 -3.8301937580108643 62.0
    endloop
  endfacet
  facet normal 0.0 0.0 1.0
    outer loop
      vertex -0.27407312393188477 -3.800273895263672 62.0
      vertex -0.11776947975158691 -5.20815896987915 62.0
      vertex 0.9064168930053711 -3.8301937580108643 62.0
    endloop
  endfacet
  facet normal 0.0 0.0 1.0
    outer loop
      vertex 0.933367133140564 -5.359641075134277 62.0
      vertex 0.9064168930053711 -3.8301937580108643 62.0
      vertex -0.11776947975158691 -5.20815896987915 62.0
    endloop
  endfacet
  facet normal 0.0 0.0 1.0
    outer loop
      vertex 0.933367133140564 -5.359641075134277 62.0
      vertex 2.0 -3.912389039993286 62.0
      vertex 0.9064168930053711 -3.8301937580108643 62.0
    endloop
  endfacet
  facet normal 0.0 0.0 1.0
    outer loop
      vertex 2.0 -5.409379005432129 62.0
      vertex 2.0 -3.912389039993286 62.0
      vertex 0.933367133140564 -5.359641075134277 62.0
    endloop
  endfacet
  facet normal 0.0 0.0 1.0
    outer loop
      vertex 0.9064168930053711 -3.8301937580108643 62.0
      vertex 2.0 -2.4153995513916016 62.0
      vertex 0.8794667720794678 -2.3007466793060303 62.0
    endloop
  endfacet
  facet normal 0.0 0.0 1.0
    outer loop
      vertex 2.0 -2.4153995513916016 62.0
      vertex 0.9064168930053711 -3.8301937580108643 62.0
      vertex 2.0 -3.912389039993286 62.0
    endloop
  endfacet
  facet normal 0.0 0.0 1.0
    outer loop
      vertex 2.0 -0.9184098243713379 62.0
      vertex 0.8525166511535645 -0.7712993621826172 62.0
      vertex 0.8794667720794678 -2.3007466793060303 62.0
    endloop
  endfacet
  facet normal 0.0 0.0 1.0
    outer loop
      vertex 2.0 -2.4153995513916016 62.0
      vertex 2.0 -0.9184098243713379 62.0
      vertex 0.8794667720794678 -2.3007466793060303 62.0
    endloop
  endfacet
  facet normal 0.0 0.0 1.0
    outer loop
      vertex 0.27620673179626465 0.5623972415924072 62.0
      vertex 0.8525166511535645 -0.7712993621826172 62.0
      vertex 1.2953970432281494 0.5884006023406982 62.0
    endloop
  endfacet
  facet normal 0.0 0.0 1.0
    outer loop
      vertex 0.8525166511535645 -0.7712993621826172 62.0
      vertex 2.0 -0.9184098243713379 62.0
      vertex 1.2953970432281494 0.5884006023406982 62.0
    endloop
  endfacet
  facet normal 0.0 0.0 1.0
    outer loop
      vertex 1.2953970432281494 0.5884006023406982 62.0
      vertex 2.0 -0.9184098243713379 62.0
      vertex 2.0 0.5785796642303467 62.0
    endloop
  endfacet
  facet normal 0.0 0.0 1.0
    outer loop
      vertex -5.2542500495910645 -3.323802947998047 62.0
      vertex -5.067033290863037 -4.061732292175293 62.0
      vertex -4.4203081130981445 -3.1285293102264404 62.0
    endloop
  endfacet
  facet normal 0.0 0.0 1.0
    outer loop
      vertex -4.4203081130981445 -3.1285293102264404 62.0
      vertex -5.067033290863037 -4.061732292175293 62.0
      vertex -4.470130443572998 -4.0055646896362305 62.0
    endloop
  endfacet
  facet normal 0.0 0.0 1.0
    outer loop
      vertex -3.958540916442871 -3.9411568641662598 62.0
      vertex -4.4203081130981445 -3.1285293102264404 62.0
      vertex -4.470130443572998 -4.0055646896362305 62.0
    endloop
  endfacet
  facet normal 0.0 0.0 1.0
    outer loop
      vertex -4.694385051727295 -4.744315147399902 62.0
      vertex -4.470130443572998 -4.0055646896362305 62.0
      vertex -5.067033290863037 -4.061732292175293 62.0
    endloop
  endfacet
  facet normal 0.0 0.0 1.0
    outer loop
      vertex -4.470130443572998 -4.0055646896362305 62.0
      vertex -4.694385051727295 -4.744315147399902 62.0
      vertex -4.033177375793457 -4.703239440917969 62.0
    endloop
  endfacet
  facet normal 0.0 0.0 1.0
    outer loop
      vertex -4.470130443572998 -4.0055646896362305 62.0
      vertex -4.033177375793457 -4.703239440917969 62.0
      vertex -3.958540916442871 -3.9411568641662598 62.0
    endloop
  endfacet
  facet normal 0.0 0.0 1.0
    outer loop
      vertex -4.193126201629639 -5.457082748413086 62.0
      vertex -4.033177375793457 -4.703239440917969 62.0
      vertex -4.694385051727295 -4.744315147399902 62.0
    endloop
  endfacet
  facet normal 0.0 0.0 1.0
    outer loop
      vertex -4.033177375793457 -4.703239440917969 62.0
      vertex -4.193126201629639 -5.457082748413086 62.0
      vertex -3.2255682945251465 -5.375486373901367 62.0
    endloop
  endfacet
  facet normal 0.0 0.0 1.0
    outer loop
      vertex -3.4369711875915527 -6.135692119598389 62.0
      vertex -3.2255682945251465 -5.375486373901367 62.0
      vertex -4.193126201629639 -5.457082748413086 62.0
    endloop
  endfacet
  facet normal 0.0 0.0 1.0
    outer loop
      vertex -3.958540916442871 -3.9411568641662598 62.0
      vertex -4.033177375793457 -4.703239440917969 62.0
      vertex -3.0904974937438965 -4.618673324584961 62.0
    endloop
  endfacet
  facet normal 0.0 0.0 1.0
    outer loop
      vertex -3.0904974937438965 -4.618673324584961 62.0
      vertex -4.033177375793457 -4.703239440917969 62.0
      vertex -3.2255682945251465 -5.375486373901367 62.0
    endloop
  endfacet
  facet normal 0.0 0.0 1.0
    outer loop
      vertex -3.2255682945251465 -5.375486373901367 62.0
      vertex -3.4369711875915527 -6.135692119598389 62.0
      vertex -2.315739154815674 -6.062170028686523 62.0
    endloop
  endfacet
  facet normal 0.0 0.0 1.0
    outer loop
      vertex -3.4369711875915527 -6.135692119598389 62.0
      vertex -2.4772586822509766 -6.872300148010254 62.0
      vertex -2.315739154815674 -6.062170028686523 62.0
    endloop
  endfacet
  facet normal 0.0 0.0 1.0
    outer loop
      vertex -3.0904974937438965 -4.618673324584961 62.0
      vertex -3.2255682945251465 -5.375486373901367 62.0
      vertex -2.154219627380371 -5.252039909362793 62.0
    endloop
  endfacet
  facet normal 0.0 0.0 1.0
    outer loop
      vertex -2.315739154815674 -6.062170028686523 62.0
      vertex -2.154219627380371 -5.252039909362793 62.0
      vertex -3.2255682945251465 -5.375486373901367 62.0
    endloop
  endfacet
  facet normal 0.0 0.0 1.0
    outer loop
      vertex -2.154219627380371 -5.252039909362793 62.0
      vertex -2.315739154815674 -6.062170028686523 62.0
      vertex -1.2297933101654053 -5.705687522888184 62.0
    endloop
  endfacet
  facet normal 0.0 0.0 1.0
    outer loop
      vertex -1.2297933101654053 -5.705687522888184 62.0
      vertex -2.315739154815674 -6.062170028686523 62.0
      vertex -1.2998743057250977 -6.542205333709717 62.0
    endloop
  endfacet
  facet normal 0.0 0.0 1.0
    outer loop
      vertex -2.315739154815674 -6.062170028686523 62.0
      vertex -2.4772586822509766 -6.872300148010254 62.0
      vertex -1.2998743057250977 -6.542205333709717 62.0
    endloop
  endfacet
  facet normal 0.0 0.0 1.0
    outer loop
      vertex -1.36995530128479 -7.378722667694092 62.0
      vertex -1.2998743057250977 -6.542205333709717 62.0
      vertex -2.4772586822509766 -6.872300148010254 62.0
    endloop
  endfacet
  facet normal 0.0 0.0 1.0
    outer loop
      vertex -1.2998743057250977 -6.542205333709717 62.0
      vertex -1.36995530128479 -7.378722667694092 62.0
      vertex -0.11434078216552734 -6.824235916137695 62.0
    endloop
  endfacet
  facet normal 0.0 0.0 1.0
    outer loop
      vertex -1.36995530128479 -7.378722667694092 62.0
      vertex -0.18366694450378418 -7.716758728027344 62.0
      vertex -0.11434078216552734 -6.824235916137695 62.0
    endloop
  endfacet
  facet normal 0.0 0.0 1.0
    outer loop
      vertex -1.2297933101654053 -5.705687522888184 62.0
      vertex -1.2998743057250977 -6.542205333709717 62.0
      vertex -0.04501461982727051 -5.931713581085205 62.0
    endloop
  endfacet
  facet normal 0.0 0.0 1.0
    outer loop
      vertex -0.11434078216552734 -6.824235916137695 62.0
      vertex -0.04501461982727051 -5.931713581085205 62.0
      vertex -1.2998743057250977 -6.542205333709717 62.0
    endloop
  endfacet
  facet normal 0.0 0.0 1.0
    outer loop
      vertex -0.18366694450378418 -7.716758728027344 62.0
      vertex 1.0059245824813843 -6.960901737213135 62.0
      vertex -0.11434078216552734 -6.824235916137695 62.0
    endloop
  endfacet
  facet normal 0.0 0.0 1.0
    outer loop
      vertex 0.8910888433456421 -7.898157119750977 62.0
      vertex 1.0059245824813843 -6.960901737213135 62.0
      vertex -0.18366694450378418 -7.716758728027344 62.0
    endloop
  endfacet
  facet normal 0.0 0.0 1.0
    outer loop
      vertex -0.04501461982727051 -5.931713581085205 62.0
      vertex -0.11434078216552734 -6.824235916137695 62.0
      vertex 1.1207603216171265 -6.023646831512451 62.0
    endloop
  endfacet
  facet normal 0.0 0.0 1.0
    outer loop
      vertex 1.1207603216171265 -6.023646831512451 62.0
      vertex -0.11434078216552734 -6.824235916137695 62.0
      vertex 1.0059245824813843 -6.960901737213135 62.0
    endloop
  endfacet
  facet normal 0.0 0.0 1.0
    outer loop
      vertex 1.1207603216171265 -6.023646831512451 62.0
      vertex 1.0059245824813843 -6.960901737213135 62.0
      vertex 2.0 -6.045982837677002 62.0
    endloop
  endfacet
  facet normal 0.0 0.0 1.0
    outer loop
      vertex 2.0 -6.045982837677002 62.0
      vertex 1.0059245824813843 -6.960901737213135 62.0
      vertex 1.999999761581421 -6.997769355773926 62.0
    endloop
  endfacet
  facet normal 0.0 0.0 1.0
    outer loop
      vertex 1.0059245824813843 -6.960901737213135 62.0
      vertex 0.8910888433456421 -7.898157119750977 62.0
      vertex 1.999999761581421 -6.997769355773926 62.0
    endloop
  endfacet
  facet normal 0.0 0.0 1.0
    outer loop
      vertex 1.9999995231628418 -7.94955587387085 62.0
      vertex 1.999999761581421 -6.997769355773926 62.0
      vertex 0.8910888433456421 -7.898157119750977 62.0
    endloop
  endfacet
  facet normal 0.0 0.0 1.0
    outer loop
      vertex -4.719683647155762 -1.9347095489501953 62.0
      vertex -4.653621673583984 -1.586268424987793 62.0
      vertex -4.93114709854126 -1.5362584590911865 62.0
    endloop
  endfacet
  facet normal 0.0 0.0 1.0
    outer loop
      vertex -4.456961154937744 -1.790023684501648 62.0
      vertex -4.653621673583984 -1.586268424987793 62.0
      vertex -4.719683647155762 -1.9347095489501953 62.0
    endloop
  endfacet
  facet normal 0.0 0.0 1.0
    outer loop
      vertex -4.93114709854126 -1.5362584590911865 62.0
      vertex -4.653621673583984 -1.586268424987793 62.0
      vertex -4.637977123260498 -1.169081449508667 62.0
    endloop
  endfacet
  facet normal 0.0 0.0 1.0
    outer loop
      vertex -4.456961154937744 -1.790023684501648 62.0
      vertex -4.270893096923828 -1.424499273300171 62.0
      vertex -4.653621673583984 -1.586268424987793 62.0
    endloop
  endfacet
  facet normal 0.0 0.0 1.0
    outer loop
      vertex -4.270893096923828 -1.424499273300171 62.0
      vertex -4.637977123260498 -1.169081449508667 62.0
      vertex -4.653621673583984 -1.586268424987793 62.0
    endloop
  endfacet
  facet normal 0.0032710072118788958 0.0007776813581585884 0.9999943375587463
    outer loop
      vertex 8.719683647155762 -1.9347095489501953 62.0
      vertex 8.478411674499512 -2.219770669937134 62.00101089477539
      vertex 8.790462493896484 -2.232412576675415 62.0
    endloop
  endfacet
  facet normal 0.001332063926383853 0.002418783726170659 0.9999961853027344
    outer loop
      vertex 8.456960678100586 -1.790023684501648 62.0
      vertex 8.478411674499512 -2.219770669937134 62.00101089477539
      vertex 8.719683647155762 -1.9347095489501953 62.0
    endloop
  endfacet
  facet normal 0.003208169713616371 -0.0007734069367870688 0.9999946355819702
    outer loop
      vertex 8.790462493896484 -2.232412576675415 62.0
      vertex 8.478411674499512 -2.219770669937134 62.00101089477539
      vertex 8.680337905883789 -2.689220428466797 62.0
    endloop
  endfacet
  facet normal -0.0018623798387125134 0.0022593310568481684 0.999995768070221
    outer loop
      vertex 8.22150993347168 -1.9841071367263794 62.0
      vertex 8.478411674499512 -2.219770669937134 62.00101089477539
      vertex 8.456960678100586 -1.790023684501648 62.0
    endloop
  endfacet
  facet normal -1.9236476873629726e-06 -0.0021541835740208626 0.9999976754188538
    outer loop
      vertex 8.680337905883789 -2.689220428466797 62.0
      vertex 8.478411674499512 -2.219770669937134 62.00101089477539
      vertex 8.003255844116211 -2.6886157989501953 62.0
    endloop
  endfacet
  facet normal -0.0030641432385891676 0.0009492598474025726 0.9999948740005493
    outer loop
      vertex 8.22150993347168 -1.9841071367263794 62.0
      vertex 8.003255844116211 -2.6886157989501953 62.0
      vertex 8.478411674499512 -2.219770669937134 62.00101089477539
    endloop
  endfacet
  facet normal 0.0 0.0 1.0
    outer loop
      vertex 8.680337905883789 -2.689220428466797 62.0
      vertex 8.003255844116211 -2.6886157989501953 62.0
      vertex 8.420308113098145 -3.1285293102264404 62.0
    endloop
  endfacet
  facet normal 0.0 0.0 1.0
    outer loop
      vertex 8.003255844116211 -2.6886157989501953 62.0
      vertex 7.575969696044922 -3.391479730606079 62.0
      vertex 8.420308113098145 -3.1285293102264404 62.0
    endloop
  endfacet
  facet normal 0.0 0.0 1.0
    outer loop
      vertex 8.420308113098145 -3.1285293102264404 62.0
      vertex 7.575969696044922 -3.391479730606079 62.0
      vertex 7.958540916442871 -3.9411568641662598 62.0
    endloop
  endfacet
  facet normal 0.0 0.0 1.0
    outer loop
      vertex 7.575969696044922 -3.391479730606079 62.0
      vertex 6.944950580596924 -4.086702823638916 62.0
      vertex 7.958540916442871 -3.9411568641662598 62.0
    endloop
  endfacet
  facet normal 0.0 0.0 1.0
    outer loop
      vertex 7.958540916442871 -3.9411568641662598 62.0
      vertex 6.944950580596924 -4.086702823638916 62.0
      vertex 7.0904974937438965 -4.618673324584961 62.0
    endloop
  endfacet
  facet normal 0.0 0.0 1.0
    outer loop
      vertex 6.944950580596924 -4.086702823638916 62.0
      vertex 6.080764293670654 -4.586811542510986 62.0
      vertex 7.0904974937438965 -4.618673324584961 62.0
    endloop
  endfacet
  facet normal 0.0 0.0 1.0
    outer loop
      vertex 7.0904974937438965 -4.618673324584961 62.0
      vertex 6.080764293670654 -4.586811542510986 62.0
      vertex 6.154219627380371 -5.252039909362793 62.0
    endloop
  endfacet
  facet normal 0.0 0.0 1.0
    outer loop
      vertex 6.080764293670654 -4.586811542510986 62.0
      vertex 5.128256797790527 -4.953149318695068 62.0
      vertex 6.154219627380371 -5.252039909362793 62.0
    endloop
  endfacet
  facet normal 0.0 0.0 1.0
    outer loop
      vertex 6.154219627380371 -5.252039909362793 62.0
      vertex 5.128256797790527 -4.953149318695068 62.0
      vertex 5.229793548583984 -5.705687522888184 62.0
    endloop
  endfacet
  facet normal 0.0 0.0 1.0
    outer loop
      vertex 5.128256797790527 -4.953149318695068 62.0
      vertex 4.117769241333008 -5.20815896987915 62.0
      vertex 5.229793548583984 -5.705687522888184 62.0
    endloop
  endfacet
  facet normal 0.0 0.0 1.0
    outer loop
      vertex 5.229793548583984 -5.705687522888184 62.0
      vertex 4.117769241333008 -5.20815896987915 62.0
      vertex 4.045014381408691 -5.931713581085205 62.0
    endloop
  endfacet
  facet normal 0.0 0.0 1.0
    outer loop
      vertex 4.117769241333008 -5.20815896987915 62.0
      vertex 3.0666327476501465 -5.359641075134277 62.0
      vertex 4.045014381408691 -5.931713581085205 62.0
    endloop
  endfacet
  facet normal 0.0 0.0 1.0
    outer loop
      vertex 4.045014381408691 -5.931713581085205 62.0
      vertex 3.0666327476501465 -5.359641075134277 62.0
      vertex 2.879239559173584 -6.023646831512451 62.0
    endloop
  endfacet
  facet normal 0.0 0.0 1.0
    outer loop
      vertex 3.0666327476501465 -5.359641075134277 62.0
      vertex 2.0 -5.409379005432129 62.0
      vertex 2.879239559173584 -6.023646831512451 62.0
    endloop
  endfacet
  facet normal 0.0 0.0 1.0
    outer loop
      vertex 2.879239559173584 -6.023646831512451 62.0
      vertex 2.0 -5.409379005432129 62.0
      vertex 2.0 -6.045982837677002 62.0
    endloop
  endfacet
  facet normal -0.003271002322435379 0.0007776854909025133 0.9999943375587463
    outer loop
      vertex -4.719683647155762 -1.9347095489501953 62.0
      vertex -4.790462970733643 -2.232412576675415 62.0
      vertex -4.478411674499512 -2.219770669937134 62.00101089477539
    endloop
  endfacet
  facet normal -0.0013320656726136804 0.002418782329186797 0.9999962449073792
    outer loop
      vertex -4.456961154937744 -1.790023684501648 62.0
      vertex -4.719683647155762 -1.9347095489501953 62.0
      vertex -4.478411674499512 -2.219770669937134 62.00101089477539
    endloop
  endfacet
  facet normal -0.0032081645913422108 -0.0007734057726338506 0.9999946355819702
    outer loop
      vertex -4.790462970733643 -2.232412576675415 62.0
      vertex -4.680338382720947 -2.689220428466797 62.0
      vertex -4.478411674499512 -2.219770669937134 62.00101089477539
    endloop
  endfacet
  facet normal 0.0018623777432367206 0.0022593329194933176 0.9999957084655762
    outer loop
      vertex -4.22150993347168 -1.9841071367263794 62.0
      vertex -4.456961154937744 -1.790023684501648 62.0
      vertex -4.478411674499512 -2.219770669937134 62.00101089477539
    endloop
  endfacet
  facet normal 1.9236681509937625e-06 -0.0021541835740208626 0.9999977350234985
    outer loop
      vertex -4.680338382720947 -2.689220428466797 62.0
      vertex -4.003255367279053 -2.6886157989501953 62.0
      vertex -4.478411674499512 -2.219770669937134 62.00101089477539
    endloop
  endfacet
  facet normal 0.0030641418416053057 0.0009492614190094173 0.9999949336051941
    outer loop
      vertex -4.22150993347168 -1.9841071367263794 62.0
      vertex -4.478411674499512 -2.219770669937134 62.00101089477539
      vertex -4.003255367279053 -2.6886157989501953 62.0
    endloop
  endfacet
  facet normal 0.0 0.0 1.0
    outer loop
      vertex -4.680338382720947 -2.689220428466797 62.0
      vertex -4.4203081130981445 -3.1285293102264404 62.0
      vertex -4.003255367279053 -2.6886157989501953 62.0
    endloop
  endfacet
  facet normal 0.0 0.0 1.0
    outer loop
      vertex -4.003255367279053 -2.6886157989501953 62.0
      vertex -4.4203081130981445 -3.1285293102264404 62.0
      vertex -3.575969696044922 -3.391479730606079 62.0
    endloop
  endfacet
  facet normal 0.0 0.0 1.0
    outer loop
      vertex -4.4203081130981445 -3.1285293102264404 62.0
      vertex -3.958540916442871 -3.9411568641662598 62.0
      vertex -3.575969696044922 -3.391479730606079 62.0
    endloop
  endfacet
  facet normal 0.0 0.0 1.0
    outer loop
      vertex -3.575969696044922 -3.391479730606079 62.0
      vertex -3.958540916442871 -3.9411568641662598 62.0
      vertex -2.944950580596924 -4.086702823638916 62.0
    endloop
  endfacet
  facet normal 0.0 0.0 1.0
    outer loop
      vertex -3.958540916442871 -3.9411568641662598 62.0
      vertex -3.0904974937438965 -4.618673324584961 62.0
      vertex -2.944950580596924 -4.086702823638916 62.0
    endloop
  endfacet
  facet normal 0.0 0.0 1.0
    outer loop
      vertex -2.944950580596924 -4.086702823638916 62.0
      vertex -3.0904974937438965 -4.618673324584961 62.0
      vertex -2.0807642936706543 -4.586811542510986 62.0
    endloop
  endfacet
  facet normal 0.0 0.0 1.0
    outer loop
      vertex -3.0904974937438965 -4.618673324584961 62.0
      vertex -2.154219627380371 -5.252039909362793 62.0
      vertex -2.0807642936706543 -4.586811542510986 62.0
    endloop
  endfacet
  facet normal 0.0 0.0 1.0
    outer loop
      vertex -2.0807642936706543 -4.586811542510986 62.0
      vertex -2.154219627380371 -5.252039909362793 62.0
      vertex -1.1282567977905273 -4.953149318695068 62.0
    endloop
  endfacet
  facet normal 0.0 0.0 1.0
    outer loop
      vertex -2.154219627380371 -5.252039909362793 62.0
      vertex -1.2297933101654053 -5.705687522888184 62.0
      vertex -1.1282567977905273 -4.953149318695068 62.0
    endloop
  endfacet
  facet normal 0.0 0.0 1.0
    outer loop
      vertex -1.1282567977905273 -4.953149318695068 62.0
      vertex -1.2297933101654053 -5.705687522888184 62.0
      vertex -0.11776947975158691 -5.20815896987915 62.0
    endloop
  endfacet
  facet normal 0.0 0.0 1.0
    outer loop
      vertex -1.2297933101654053 -5.705687522888184 62.0
      vertex -0.04501461982727051 -5.931713581085205 62.0
      vertex -0.11776947975158691 -5.20815896987915 62.0
    endloop
  endfacet
  facet normal 0.0 0.0 1.0
    outer loop
      vertex -0.11776947975158691 -5.20815896987915 62.0
      vertex -0.04501461982727051 -5.931713581085205 62.0
      vertex 0.933367133140564 -5.359641075134277 62.0
    endloop
  endfacet
  facet normal 0.0 0.0 1.0
    outer loop
      vertex -0.04501461982727051 -5.931713581085205 62.0
      vertex 1.1207603216171265 -6.023646831512451 62.0
      vertex 0.933367133140564 -5.359641075134277 62.0
    endloop
  endfacet
  facet normal 0.0 0.0 1.0
    outer loop
      vertex 0.933367133140564 -5.359641075134277 62.0
      vertex 1.1207603216171265 -6.023646831512451 62.0
      vertex 2.0 -5.409379005432129 62.0
    endloop
  endfacet
  facet normal 0.0 0.0 1.0
    outer loop
      vertex 1.1207603216171265 -6.023646831512451 62.0
      vertex 2.0 -6.045982837677002 62.0
      vertex 2.0 -5.409379005432129 62.0
    endloop
  endfacet
  facet normal -0.027391228824853897 -0.10168701410293579 0.9944393038749695
    outer loop
      vertex 5.091080665588379 0.7774362564086914 62.0
      vertex 5.824388027191162 0.579906702041626 62.0
      vertex 5.296862602233887 2.0752248764038086 62.13837432861328
    endloop
  endfacet
  facet normal 0.04991418868303299 -0.15477536618709564 0.9866880178451538
    outer loop
      vertex 2.5056698322296143 1.863393783569336 62.24634552001953
      vertex 4.357852935791016 0.8902676105499268 62.0
      vertex 5.296862602233887 2.0752248764038086 62.13837432861328
    endloop
  endfacet
  facet normal -0.015168111771345139 -0.29343849420547485 0.9558576345443726
    outer loop
      vertex 2.5056698322296143 1.863393783569336 62.24634552001953
      vertex 2.812310218811035 1.0450880527496338 62.0
      vertex 3.6246252059936523 1.003098726272583 62.0
    endloop
  endfacet
  facet normal -0.015168121084570885 -0.29343852400779724 0.9558576941490173
    outer loop
      vertex 2.5056698322296143 1.863393783569336 62.24634552001953
      vertex 1.9999955892562866 1.0870773792266846 62.0
      vertex 2.812310218811035 1.0450880527496338 62.0
    endloop
  endfacet
  facet normal 0.16877532005310059 -0.9810845255851746 0.09480579197406769
    outer loop
      vertex 2.741346836090088 -9.328794479370117 60.50506591796875
      vertex 4.1425933837890625 -9.165010452270508 59.7054328918457
      vertex 4.124935150146484 -8.94631576538086 62.0
    endloop
  endfacet
  facet normal 0.016125040128827095 -0.3119508922100067 0.9499613642692566
    outer loop
      vertex 2.5056698322296143 1.863393783569336 62.24634552001953
      vertex 0.3753749132156372 1.003098726272583 62.0
      vertex 1.1876896619796753 1.0450880527496338 62.0
    endloop
  endfacet
  facet normal 0.026510756462812424 -0.17227894067764282 0.9846914410591125
    outer loop
      vertex -0.19952663779258728 2.321486234664917 62.24613952636719
      vertex -0.3578529357910156 0.8902676105499268 62.0
      vertex 0.3753749132156372 1.003098726272583 62.0
    endloop
  endfacet
  facet normal 0.9329657554626465 -0.09702692925930023 -0.34664207696914673
    outer loop
      vertex 9.59813117980957 -1.9856433868408203 60.66967010498047
      vertex 10.019140243530273 -2.6902031898498535 62.0
      vertex 9.923559188842773 -3.6092660427093506 62.0
    endloop
  endfacet
  facet normal -0.043028607964515686 0.15973906219005585 0.9862210750579834
    outer loop
      vertex -1.091080665588379 0.7774362564086914 62.0
      vertex -2.1959075927734375 1.6325715780258179 61.813289642333984
      vertex -1.824388027191162 0.579906702041626 62.0
    endloop
  endfacet
  facet normal -0.0430285781621933 0.15973909199237823 0.9862210750579834
    outer loop
      vertex -2.1959075927734375 1.6325715780258179 61.813289642333984
      vertex -2.557694911956787 0.38237738609313965 62.0
      vertex -1.824388027191162 0.579906702041626 62.0
    endloop
  endfacet
  facet normal -0.20904387533664703 0.509865939617157 0.8344683647155762
    outer loop
      vertex -3.945039749145508 0.745874285697937 61.430355072021484
      vertex -3.6589808464050293 -0.06914734840393066 62.0
      vertex -2.557694911956787 0.38237738609313965 62.0
    endloop
  endfacet
  facet normal -0.28464752435684204 0.48005035519599915 0.8297754526138306
    outer loop
      vertex -3.945039749145508 0.745874285697937 61.430355072021484
      vertex -4.593050479888916 -0.6230071783065796 62.0
      vertex -3.6589808464050293 -0.06914734840393066 62.0
    endloop
  endfacet
  facet normal -0.5740209221839905 0.6467586159706116 0.5021984577178955
    outer loop
      vertex -5.526101112365723 -0.5960241556167603 60.89875793457031
      vertex -5.2943902015686035 -1.2454707622528076 62.0
      vertex -4.593050479888916 -0.6230071783065796 62.0
    endloop
  endfacet
  facet normal -0.7292609214782715 0.5111376047134399 0.45488113164901733
    outer loop
      vertex -5.2943902015686035 -1.2454707622528076 62.0
      vertex -5.526101112365723 -0.5960241556167603 60.89875793457031
      vertex -5.7223052978515625 -1.855994701385498 62.0
    endloop
  endfacet
  facet normal -0.9348340630531311 0.3326403498649597 0.12424041330814362
    outer loop
      vertex -6.137247085571289 -2.560030698776245 60.762794494628906
      vertex -6.019140243530273 -2.6902031898498535 62.0
      vertex -5.7223052978515625 -1.855994701385498 62.0
    endloop
  endfacet
  facet normal 0.5374826788902283 -0.8432344198226929 -0.00825147982686758
    outer loop
      vertex 5.8544793128967285 -8.240421295166016 62.0
      vertex 5.359963417053223 -8.540915489196777 60.496429443359375
      vertex 6.724167823791504 -7.670404434204102 60.39842987060547
    endloop
  endfacet
  facet normal -0.7473345398902893 -0.6233745813369751 0.22998954355716705
    outer loop
      vertex -4.222986698150635 -6.493096351623535 62.0
      vertex -5.127965927124023 -5.408159255981445 62.0
      vertex -4.865917205810547 -6.35161018371582 60.294334411621094
    endloop
  endfacet
  facet normal -0.9496846795082092 -0.2792130708694458 0.1419118195772171
    outer loop
      vertex -5.6982645988464355 -4.375558376312256 62.0
      vertex -5.923559188842773 -3.6092660427093506 62.0
      vertex -5.86653995513916 -4.533901214599609 60.562347412109375
    endloop
  endfacet
  facet normal 0.9159913659095764 -0.2693064510822296 -0.2973785996437073
    outer loop
      vertex 9.287668228149414 -4.359951496124268 60.72113800048828
      vertex 9.923559188842773 -3.6092660427093506 62.0
      vertex 9.698265075683594 -4.375558376312256 62.0
    endloop
  endfacet
  facet normal -0.6504546403884888 -0.7359326481819153 0.18791480362415314
    outer loop
      vertex -4.222986698150635 -6.493096351623535 62.0
      vertex -3.2430691719055176 -7.733989715576172 60.532196044921875
      vertex -3.3065176010131836 -7.3031182289123535 62.0
    endloop
  endfacet
  facet normal -0.5293101072311401 -0.8199893832206726 0.21782617270946503
    outer loop
      vertex -3.2430691719055176 -7.733989715576172 60.532196044921875
      vertex -1.8544793128967285 -8.240421295166016 62.0
      vertex -3.3065176010131836 -7.3031182289123535 62.0
    endloop
  endfacet
  facet normal -0.3697516620159149 -0.9059453010559082 0.206268772482872
    outer loop
      vertex -1.3076426982879639 -8.851835250854492 60.29487609863281
      vertex -0.12493538856506348 -8.94631576538086 62.0
      vertex -1.8544793128967285 -8.240421295166016 62.0
    endloop
  endfacet
  facet normal -0.14461414515972137 -0.9730368852615356 0.1796826869249344
    outer loop
      vertex 0.8557494878768921 -9.46137523651123 60.00008010864258
      vertex 1.9999949932098389 -9.262125968933105 62.0
      vertex -0.12493538856506348 -8.94631576538086 62.0
    endloop
  endfacet
  facet normal 0.40756523609161377 -0.9087550044059753 0.08974972367286682
    outer loop
      vertex 4.1425933837890625 -9.165010452270508 59.7054328918457
      vertex 5.359963417053223 -8.540915489196777 60.496429443359375
      vertex 4.124935150146484 -8.94631576538086 62.0
    endloop
  endfacet
  facet normal 0.0977744534611702 0.36297744512557983 0.9266539216041565
    outer loop
      vertex 7.27976655960083 0.9525227546691895 61.70048141479492
      vertex 5.824388027191162 0.579906702041626 62.0
      vertex 6.557694911956787 0.38237738609313965 62.0
    endloop
  endfacet
  facet normal 0.5527662634849548 0.6228106021881104 0.5536754727363586
    outer loop
      vertex 8.798208236694336 0.025261230766773224 61.06596374511719
      vertex 8.593050003051758 -0.6230071783065796 62.0
      vertex 9.294389724731445 -1.2454707622528076 62.0
    endloop
  endfacet
  facet normal 0.8118045330047607 0.5689929723739624 -0.1312263160943985
    outer loop
      vertex 9.59813117980957 -1.9856433868408203 60.66967010498047
      vertex 9.294389724731445 -1.2454707622528076 62.0
      vertex 9.722305297851562 -1.855994701385498 62.0
    endloop
  endfacet
  facet normal 0.7589887380599976 -0.6330960988998413 -0.1520705223083496
    outer loop
      vertex 8.174755096435547 -6.237450122833252 60.694976806640625
      vertex 9.127965927124023 -5.408159255981445 62.0
      vertex 8.222986221313477 -6.493096351623535 62.0
    endloop
  endfacet
  facet normal 0.9353548884391785 0.3328256905078888 -0.11974269896745682
    outer loop
      vertex 9.59813117980957 -1.9856433868408203 60.66967010498047
      vertex 9.722305297851562 -1.855994701385498 62.0
      vertex 10.019140243530273 -2.6902031898498535 62.0
    endloop
  endfacet
  facet normal 0.8414111137390137 -0.4647062122821808 -0.2758181393146515
    outer loop
      vertex 9.287668228149414 -4.359951496124268 60.72113800048828
      vertex 9.698265075683594 -4.375558376312256 62.0
      vertex 9.127965927124023 -5.408159255981445 62.0
    endloop
  endfacet
  facet normal -0.9911394715309143 -0.10307691246271133 0.08377151936292648
    outer loop
      vertex -5.923559188842773 -3.6092660427093506 62.0
      vertex -6.019140243530273 -2.6902031898498535 62.0
      vertex -6.137247085571289 -2.560030698776245 60.762794494628906
    endloop
  endfacet
  facet normal 0.3771823048591614 -0.9241515398025513 0.060642000287771225
    outer loop
      vertex 5.359963417053223 -8.540915489196777 60.496429443359375
      vertex 5.8544793128967285 -8.240421295166016 62.0
      vertex 4.124935150146484 -8.94631576538086 62.0
    endloop
  endfacet
  facet normal 0.20423787832260132 0.3444414436817169 0.9163225293159485
    outer loop
      vertex 7.27976655960083 0.9525227546691895 61.70048141479492
      vertex 7.658980846405029 -0.06914734840393066 62.0
      vertex 8.593050003051758 -0.6230071783065796 62.0
    endloop
  endfacet
  facet normal 0.13280098140239716 0.3239066004753113 0.9367221593856812
    outer loop
      vertex 7.27976655960083 0.9525227546691895 61.70048141479492
      vertex 6.557694911956787 0.38237738609313965 62.0
      vertex 7.658980846405029 -0.06914734840393066 62.0
    endloop
  endfacet
  facet normal -0.015928611159324646 -0.10351111739873886 0.9945007562637329
    outer loop
      vertex 5.296862602233887 2.0752248764038086 62.13837432861328
      vertex 4.357852935791016 0.8902676105499268 62.0
      vertex 5.091080665588379 0.7774362564086914 62.0
    endloop
  endfacet
  facet normal -0.05179745331406593 -0.3366033434867859 0.9402207732200623
    outer loop
      vertex 2.5056698322296143 1.863393783569336 62.24634552001953
      vertex 3.6246252059936523 1.003098726272583 62.0
      vertex 4.357852935791016 0.8902676105499268 62.0
    endloop
  endfacet
  facet normal 0.016125230118632317 -0.3119511902332306 0.9499613046646118
    outer loop
      vertex 1.1876896619796753 1.0450880527496338 62.0
      vertex 1.9999955892562866 1.0870773792266846 62.0
      vertex 2.5056698322296143 1.863393783569336 62.24634552001953
    endloop
  endfacet
  facet normal -0.033524006605148315 -0.19753044843673706 0.9797233939170837
    outer loop
      vertex 2.5056698322296143 1.863393783569336 62.24634552001953
      vertex -0.19952663779258728 2.321486234664917 62.24613952636719
      vertex 0.3753749132156372 1.003098726272583 62.0
    endloop
  endfacet
  facet normal -0.197893887758255 -0.04185010492801666 0.9793296456336975
    outer loop
      vertex -2.1959075927734375 1.6325715780258179 61.813289642333984
      vertex -1.091080665588379 0.7774362564086914 62.0
      vertex -0.19952663779258728 2.321486234664917 62.24613952636719
    endloop
  endfacet
  facet normal 0.20593620836734772 -0.01788858324289322 0.9784018993377686
    outer loop
      vertex 5.824388027191162 0.579906702041626 62.0
      vertex 7.27976655960083 0.9525227546691895 61.70048141479492
      vertex 5.296862602233887 2.0752248764038086 62.13837432861328
    endloop
  endfacet
  facet normal -0.3176828622817993 0.22933678328990936 0.9200447201728821
    outer loop
      vertex -2.1959075927734375 1.6325715780258179 61.813289642333984
      vertex -3.945039749145508 0.745874285697937 61.430355072021484
      vertex -2.557694911956787 0.38237738609313965 62.0
    endloop
  endfacet
  facet normal -0.6389694213867188 0.5332061052322388 0.5544451475143433
    outer loop
      vertex -3.945039749145508 0.745874285697937 61.430355072021484
      vertex -5.526101112365723 -0.5960241556167603 60.89875793457031
      vertex -4.593050479888916 -0.6230071783065796 62.0
    endloop
  endfacet
  facet normal 0.915960431098938 -0.12801416218280792 -0.3803010880947113
    outer loop
      vertex 9.287668228149414 -4.359951496124268 60.72113800048828
      vertex 9.59813117980957 -1.9856433868408203 60.66967010498047
      vertex 9.923559188842773 -3.6092660427093506 62.0
    endloop
  endfacet
  facet normal -0.9887039661407471 -0.1408107429742813 0.05134997144341469
    outer loop
      vertex -5.86653995513916 -4.533901214599609 60.562347412109375
      vertex -5.923559188842773 -3.6092660427093506 62.0
      vertex -6.137247085571289 -2.560030698776245 60.762794494628906
    endloop
  endfacet
  facet normal -0.858357310295105 -0.49330106377601624 0.140985369682312
    outer loop
      vertex -4.865917205810547 -6.35161018371582 60.294334411621094
      vertex -5.127965927124023 -5.408159255981445 62.0
      vertex -5.86653995513916 -4.533901214599609 60.562347412109375
    endloop
  endfacet
  facet normal -0.6528279781341553 -0.7345316410064697 0.18514589965343475
    outer loop
      vertex -3.2430691719055176 -7.733989715576172 60.532196044921875
      vertex -4.222986698150635 -6.493096351623535 62.0
      vertex -4.865917205810547 -6.35161018371582 60.294334411621094
    endloop
  endfacet
  facet normal -0.8649442791938782 -0.4777030348777771 0.15385474264621735
    outer loop
      vertex -5.127965927124023 -5.408159255981445 62.0
      vertex -5.6982645988464355 -4.375558376312256 62.0
      vertex -5.86653995513916 -4.533901214599609 60.562347412109375
    endloop
  endfacet
  facet normal -0.47963839769363403 -0.8635209798812866 0.15581560134887695
    outer loop
      vertex -3.2430691719055176 -7.733989715576172 60.532196044921875
      vertex -1.3076426982879639 -8.851835250854492 60.29487609863281
      vertex -1.8544793128967285 -8.240421295166016 62.0
    endloop
  endfacet
  facet normal -0.25361138582229614 -0.9594868421554565 0.12274487316608429
    outer loop
      vertex -1.3076426982879639 -8.851835250854492 60.29487609863281
      vertex 0.8557494878768921 -9.46137523651123 60.00008010864258
      vertex -0.12493538856506348 -8.94631576538086 62.0
    endloop
  endfacet
  facet normal 0.05133167654275894 -0.9962335824966431 0.06988418102264404
    outer loop
      vertex 0.8557494878768921 -9.46137523651123 60.00008010864258
      vertex 2.741346836090088 -9.328794479370117 60.50506591796875
      vertex 1.9999949932098389 -9.262125968933105 62.0
    endloop
  endfacet
  facet normal 0.14600984752178192 -0.9824326038360596 0.11622049659490585
    outer loop
      vertex 1.9999949932098389 -9.262125968933105 62.0
      vertex 2.741346836090088 -9.328794479370117 60.50506591796875
      vertex 4.124935150146484 -8.94631576538086 62.0
    endloop
  endfacet
  facet normal 0.5423272848129272 -0.8401552438735962 -0.004524800926446915
    outer loop
      vertex 7.306517601013184 -7.3031182289123535 62.0
      vertex 5.8544793128967285 -8.240421295166016 62.0
      vertex 6.724167823791504 -7.670404434204102 60.39842987060547
    endloop
  endfacet
  facet normal 0.6527497172355652 -0.7385290265083313 -0.16879777610301971
    outer loop
      vertex 8.222986221313477 -6.493096351623535 62.0
      vertex 7.306517601013184 -7.3031182289123535 62.0
      vertex 8.174755096435547 -6.237450122833252 60.694976806640625
    endloop
  endfacet
  facet normal 0.8239808082580566 -0.4843282699584961 -0.29407790303230286
    outer loop
      vertex 8.174755096435547 -6.237450122833252 60.694976806640625
      vertex 9.287668228149414 -4.359951496124268 60.72113800048828
      vertex 9.127965927124023 -5.408159255981445 62.0
    endloop
  endfacet
  facet normal 0.7094518542289734 -0.6979192495346069 -0.09791207313537598
    outer loop
      vertex 7.306517601013184 -7.3031182289123535 62.0
      vertex 6.724167823791504 -7.670404434204102 60.39842987060547
      vertex 8.174755096435547 -6.237450122833252 60.694976806640625
    endloop
  endfacet
  facet normal 0.9296510219573975 0.36836886405944824 0.007304271217435598
    outer loop
      vertex 9.59813117980957 -1.9856433868408203 60.66967010498047
      vertex 8.798208236694336 0.025261230766773224 61.06596374511719
      vertex 9.294389724731445 -1.2454707622528076 62.0
    endloop
  endfacet
  facet normal 0.5910805463790894 0.5960173606872559 0.5434951782226562
    outer loop
      vertex 8.798208236694336 0.025261230766773224 61.06596374511719
      vertex 7.27976655960083 0.9525227546691895 61.70048141479492
      vertex 8.593050003051758 -0.6230071783065796 62.0
    endloop
  endfacet
  facet normal 0.026510819792747498 -0.17227895557880402 0.9846914410591125
    outer loop
      vertex -1.091080665588379 0.7774362564086914 62.0
      vertex -0.3578529357910156 0.8902676105499268 62.0
      vertex -0.19952663779258728 2.321486234664917 62.24613952636719
    endloop
  endfacet
  facet normal -0.946171224117279 0.2836281359195709 0.15593332052230835
    outer loop
      vertex -5.526101112365723 -0.5960241556167603 60.89875793457031
      vertex -6.137247085571289 -2.560030698776245 60.762794494628906
      vertex -5.7223052978515625 -1.855994701385498 62.0
    endloop
  endfacet
  facet normal 0.38427573442459106 -0.9132958650588989 0.13499175012111664
    outer loop
      vertex 5.35660982131958 -14.532085418701172 48.17991638183594
      vertex 5.6794233322143555 -14.20601749420166 49.467010498046875
      vertex 4.829689025878906 -14.577009201049805 49.375946044921875
    endloop
  endfacet
  facet normal 0.41380369663238525 -0.9017892479896545 0.12467087805271149
    outer loop
      vertex 5.35660982131958 -14.532085418701172 48.17991638183594
      vertex 6.234616279602051 -14.119743347167969 48.24828338623047
      vertex 5.6794233322143555 -14.20601749420166 49.467010498046875
    endloop
  endfacet
  facet normal 0.4611930251121521 -0.874841570854187 0.14816679060459137
    outer loop
      vertex 5.6794233322143555 -14.20601749420166 49.467010498046875
      vertex 6.234616279602051 -14.119743347167969 48.24828338623047
      vertex 6.5470991134643555 -13.724958419799805 49.60661315917969
    endloop
  endfacet
  facet normal 0.486078679561615 -0.862799346446991 0.1389419138431549
    outer loop
      vertex 6.5470991134643555 -13.724958419799805 49.60661315917969
      vertex 6.234616279602051 -14.119743347167969 48.24828338623047
      vertex 7.124457359313965 -13.60372543334961 48.339595794677734
    endloop
  endfacet
  facet normal 0.5308156609535217 -0.8318025469779968 0.16229365766048431
    outer loop
      vertex 7.124457359313965 -13.60372543334961 48.339595794677734
      vertex 7.48751163482666 -13.074712753295898 49.863494873046875
      vertex 6.5470991134643555 -13.724958419799805 49.60661315917969
    endloop
  endfacet
  facet normal 0.5025877952575684 -0.826736569404602 0.25280892848968506
    outer loop
      vertex 6.5470991134643555 -13.724958419799805 49.60661315917969
      vertex 7.48751163482666 -13.074712753295898 49.863494873046875
      vertex 6.682760238647461 -13.281991958618164 50.78550720214844
    endloop
  endfacet
  facet normal 0.5198754072189331 -0.8098865747451782 0.27168601751327515
    outer loop
      vertex 6.682760238647461 -13.281991958618164 50.78550720214844
      vertex 7.48751163482666 -13.074712753295898 49.863494873046875
      vertex 7.319397926330566 -12.779491424560547 51.06522750854492
    endloop
  endfacet
  facet normal 0.5541604161262512 -0.7871008515357971 0.2708846628665924
    outer loop
      vertex 7.319397926330566 -12.779491424560547 51.06522750854492
      vertex 7.48751163482666 -13.074712753295898 49.863494873046875
      vertex 8.016569137573242 -12.360906600952148 50.855262756347656
    endloop
  endfacet
  facet normal 0.5665832757949829 -0.7817699909210205 0.26042094826698303
    outer loop
      vertex 7.48751163482666 -13.074712753295898 49.863494873046875
      vertex 8.450068473815918 -12.444575309753418 49.660953521728516
      vertex 8.016569137573242 -12.360906600952148 50.855262756347656
    endloop
  endfacet
  facet normal 0.6049838066101074 -0.7483325004577637 0.2720167338848114
    outer loop
      vertex 8.016569137573242 -12.360906600952148 50.855262756347656
      vertex 8.450068473815918 -12.444575309753418 49.660953521728516
      vertex 8.822528839111328 -11.764669418334961 50.703033447265625
    endloop
  endfacet
  facet normal 0.6201826930046082 -0.7397667169570923 0.2609955966472626
    outer loop
      vertex 8.450068473815918 -12.444575309753418 49.660953521728516
      vertex 9.26468563079834 -11.800203323364258 49.55165481567383
      vertex 8.822528839111328 -11.764669418334961 50.703033447265625
    endloop
  endfacet
  facet normal 0.6529383063316345 -0.7066726684570312 0.2725532054901123
    outer loop
      vertex 9.26468563079834 -11.800203323364258 49.55165481567383
      vertex 9.591118812561035 -11.103630065917969 50.575706481933594
      vertex 8.822528839111328 -11.764669418334961 50.703033447265625
    endloop
  endfacet
  facet normal 0.6360160112380981 -0.6636490821838379 0.3937684893608093
    outer loop
      vertex 8.822528839111328 -11.764669418334961 50.703033447265625
      vertex 9.591118812561035 -11.103630065917969 50.575706481933594
      vertex 9.085867881774902 -10.984004974365234 51.59340286254883
    endloop
  endfacet
  facet normal 0.6613430380821228 -0.632806658744812 0.40271714329719543
    outer loop
      vertex 9.591118812561035 -11.103630065917969 50.575706481933594
      vertex 9.86911392211914 -10.288742065429688 51.39965057373047
      vertex 9.085867881774902 -10.984004974365234 51.59340286254883
    endloop
  endfacet
  facet normal 0.639209508895874 -0.5790775418281555 0.5060439109802246
    outer loop
      vertex 9.085867881774902 -10.984004974365234 51.59340286254883
      vertex 9.86911392211914 -10.288742065429688 51.39965057373047
      vertex 9.317959785461426 -9.994680404663086 52.432342529296875
    endloop
  endfacet
  facet normal 0.6699665784835815 -0.5386016368865967 0.510933518409729
    outer loop
      vertex 9.86911392211914 -10.288742065429688 51.39965057373047
      vertex 10.227575302124023 -9.274374008178711 51.9989128112793
      vertex 9.317959785461426 -9.994680404663086 52.432342529296875
    endloop
  endfacet
  facet normal 0.6642942428588867 -0.5101463794708252 0.5463184714317322
    outer loop
      vertex 9.317959785461426 -9.994680404663086 52.432342529296875
      vertex 10.227575302124023 -9.274374008178711 51.9989128112793
      vertex 9.685877799987793 -8.531618118286133 53.351165771484375
    endloop
  endfacet
  facet normal 0.7081301808357239 -0.4595339298248291 0.5360785722732544
    outer loop
      vertex 9.685877799987793 -8.531618118286133 53.351165771484375
      vertex 10.227575302124023 -9.274374008178711 51.9989128112793
      vertex 10.775932312011719 -8.054203033447266 52.32051086425781
    endloop
  endfacet
  facet normal 0.7429561614990234 -0.4616362750530243 0.48467329144477844
    outer loop
      vertex 10.775932312011719 -8.054203033447266 52.32051086425781
      vertex 10.227575302124023 -9.274374008178711 51.9989128112793
      vertex 11.007631301879883 -8.886758804321289 51.17235565185547
    endloop
  endfacet
  facet normal 0.7404952645301819 -0.4737768769264221 0.4766574800014496
    outer loop
      vertex 10.227575302124023 -9.274374008178711 51.9989128112793
      vertex 10.487589836120605 -9.75796890258789 51.11430358886719
      vertex 11.007631301879883 -8.886758804321289 51.17235565185547
    endloop
  endfacet
  facet normal 0.785082995891571 -0.49356603622436523 0.3742157816886902
    outer loop
      vertex 10.487589836120605 -9.75796890258789 51.11430358886719
      vertex 10.860822677612305 -9.755729675292969 50.33423614501953
      vertex 11.007631301879883 -8.886758804321289 51.17235565185547
    endloop
  endfacet
  facet normal 0.7835118174552917 -0.4948446452617645 0.3758167028427124
    outer loop
      vertex 11.007631301879883 -8.886758804321289 51.17235565185547
      vertex 10.860822677612305 -9.755729675292969 50.33423614501953
      vertex 11.314615249633789 -9.143095970153809 50.19482421875
    endloop
  endfacet
  facet normal 0.8055105805397034 -0.542302668094635 0.2388734668493271
    outer loop
      vertex 11.314615249633789 -9.143095970153809 50.19482421875
      vertex 10.860822677612305 -9.755729675292969 50.33423614501953
      vertex 11.198064804077148 -9.688274383544922 49.350154876708984
    endloop
  endfacet
  facet normal 0.7818894386291504 -0.580156147480011 0.22818385064601898
    outer loop
      vertex 10.860822677612305 -9.755729675292969 50.33423614501953
      vertex 10.642523765563965 -10.418554306030273 49.39702606201172
      vertex 11.198064804077148 -9.688274383544922 49.350154876708984
    endloop
  endfacet
  facet normal 0.7935588955879211 -0.5957179665565491 0.1240345910191536
    outer loop
      vertex 11.198064804077148 -9.688274383544922 49.350154876708984
      vertex 10.642523765563965 -10.418554306030273 49.39702606201172
      vertex 10.956111907958984 -10.250737190246582 48.19672393798828
    endloop
  endfacet
  facet normal 0.7671313881874084 -0.6316173672676086 0.11211102455854416
    outer loop
      vertex 10.642523765563965 -10.418554306030273 49.39702606201172
      vertex 10.330452919006348 -11.00703239440918 48.217002868652344
      vertex 10.956111907958984 -10.250737190246582 48.19672393798828
    endloop
  endfacet
  facet normal 0.7367780208587646 -0.6624184846878052 0.13549889624118805
    outer loop
      vertex 10.330452919006348 -11.00703239440918 48.217002868652344
      vertex 10.642523765563965 -10.418554306030273 49.39702606201172
      vertex 9.995796203613281 -11.123726844787598 49.466217041015625
    endloop
  endfacet
  facet normal 0.7271952033042908 -0.6434724926948547 0.2390194535255432
    outer loop
      vertex 10.642523765563965 -10.418554306030273 49.39702606201172
      vertex 10.279866218566895 -10.442619323730469 50.43559265136719
      vertex 9.995796203613281 -11.123726844787598 49.466217041015625
    endloop
  endfacet
  facet normal 0.6951360106468201 -0.6679960489273071 0.2656450569629669
    outer loop
      vertex 9.995796203613281 -11.123726844787598 49.466217041015625
      vertex 10.279866218566895 -10.442619323730469 50.43559265136719
      vertex 9.591118812561035 -11.103630065917969 50.575706481933594
    endloop
  endfacet
  facet normal 0.6779625415802002 -0.6240676045417786 0.38846680521965027
    outer loop
      vertex 9.591118812561035 -11.103630065917969 50.575706481933594
      vertex 10.279866218566895 -10.442619323730469 50.43559265136719
      vertex 9.86911392211914 -10.288742065429688 51.39965057373047
    endloop
  endfacet
  facet normal 0.6965435147285461 -0.6005566120147705 0.39263084530830383
    outer loop
      vertex 10.279866218566895 -10.442619323730469 50.43559265136719
      vertex 10.487589836120605 -9.75796890258789 51.11430358886719
      vertex 9.86911392211914 -10.288742065429688 51.39965057373047
    endloop
  endfacet
  facet normal 0.6862170100212097 -0.5341764092445374 0.49372240900993347
    outer loop
      vertex 9.86911392211914 -10.288742065429688 51.39965057373047
      vertex 10.487589836120605 -9.75796890258789 51.11430358886719
      vertex 10.227575302124023 -9.274374008178711 51.9989128112793
    endloop
  endfacet
  facet normal 0.7395830750465393 -0.5735509395599365 0.3522161841392517
    outer loop
      vertex 10.487589836120605 -9.75796890258789 51.11430358886719
      vertex 10.279866218566895 -10.442619323730469 50.43559265136719
      vertex 10.860822677612305 -9.755729675292969 50.33423614501953
    endloop
  endfacet
  facet normal 0.7571086883544922 -0.6033984422683716 0.2503935694694519
    outer loop
      vertex 10.860822677612305 -9.755729675292969 50.33423614501953
      vertex 10.279866218566895 -10.442619323730469 50.43559265136719
      vertex 10.642523765563965 -10.418554306030273 49.39702606201172
    endloop
  endfacet
  facet normal 0.6722558736801147 -0.693993091583252 0.2577706575393677
    outer loop
      vertex 9.591118812561035 -11.103630065917969 50.575706481933594
      vertex 9.26468563079834 -11.800203323364258 49.55165481567383
      vertex 9.995796203613281 -11.123726844787598 49.466217041015625
    endloop
  endfacet
  facet normal 0.6809364557266235 -0.7172494530677795 0.1479148268699646
    outer loop
      vertex 9.26468563079834 -11.800203323364258 49.55165481567383
      vertex 9.632944107055664 -11.718152046203613 48.25422286987305
      vertex 9.995796203613281 -11.123726844787598 49.466217041015625
    endloop
  endfacet
  facet normal 0.7115030288696289 -0.6912883520126343 0.1260310411453247
    outer loop
      vertex 9.995796203613281 -11.123726844787598 49.466217041015625
      vertex 9.632944107055664 -11.718152046203613 48.25422286987305
      vertex 10.330452919006348 -11.00703239440918 48.217002868652344
    endloop
  endfacet
  facet normal 0.6543501019477844 -0.7433596253395081 0.138717383146286
    outer loop
      vertex 9.26468563079834 -11.800203323364258 49.55165481567383
      vertex 8.863100051879883 -12.386765480041504 48.30271911621094
      vertex 9.632944107055664 -11.718152046203613 48.25422286987305
    endloop
  endfacet
  facet normal 0.6255531311035156 -0.7640760540962219 0.15770626068115234
    outer loop
      vertex 8.863100051879883 -12.386765480041504 48.30271911621094
      vertex 9.26468563079834 -11.800203323364258 49.55165481567383
      vertex 8.450068473815918 -12.444575309753418 49.660953521728516
    endloop
  endfacet
  facet normal 0.5957821607589722 -0.7894719839096069 0.14757217466831207
    outer loop
      vertex 8.450068473815918 -12.444575309753418 49.660953521728516
      vertex 8.0164794921875 -13.014982223510742 48.35992431640625
      vertex 8.863100051879883 -12.386765480041504 48.30271911621094
    endloop
  endfacet
  facet normal 0.5643566846847534 -0.8085819482803345 0.16642354428768158
    outer loop
      vertex 8.0164794921875 -13.014982223510742 48.35992431640625
      vertex 8.450068473815918 -12.444575309753418 49.660953521728516
      vertex 7.48751163482666 -13.074712753295898 49.863494873046875
    endloop
  endfacet
  facet normal 0.5414512157440186 -0.8258131742477417 0.1576806753873825
    outer loop
      vertex 7.48751163482666 -13.074712753295898 49.863494873046875
      vertex 7.124457359313965 -13.60372543334961 48.339595794677734
      vertex 8.0164794921875 -13.014982223510742 48.35992431640625
    endloop
  endfacet
  facet normal 0.8211262226104736 -0.5616260766983032 0.10162714868783951
    outer loop
      vertex 11.198064804077148 -9.688274383544922 49.350154876708984
      vertex 10.956111907958984 -10.250737190246582 48.19672393798828
      vertex 11.510334968566895 -9.439132690429688 48.20391845703125
    endloop
  endfacet
  facet normal 0.8534268140792847 -0.50664222240448 0.122377909719944
    outer loop
      vertex 11.198064804077148 -9.688274383544922 49.350154876708984
      vertex 11.510334968566895 -9.439132690429688 48.20391845703125
      vertex 11.66794490814209 -8.888980865478516 49.38241195678711
    endloop
  endfacet
  facet normal 0.8654112219810486 -0.48833227157592773 0.11222757399082184
    outer loop
      vertex 11.510334968566895 -9.439132690429688 48.20391845703125
      vertex 12.007299423217773 -8.549525260925293 48.242637634277344
      vertex 11.66794490814209 -8.888980865478516 49.38241195678711
    endloop
  endfacet
  facet normal 0.8942066431045532 -0.42534369230270386 0.1395607590675354
    outer loop
      vertex 11.66794490814209 -8.888980865478516 49.38241195678711
      vertex 12.007299423217773 -8.549525260925293 48.242637634277344
      vertex 12.096614837646484 -7.957635402679443 49.47428894042969
    endloop
  endfacet
  facet normal 0.8954387903213501 -0.4231235682964325 0.1384044587612152
    outer loop
      vertex 12.096614837646484 -7.957635402679443 49.47428894042969
      vertex 12.007299423217773 -8.549525260925293 48.242637634277344
      vertex 12.457446098327637 -7.582726001739502 48.28596496582031
    endloop
  endfacet
  facet normal 0.9136548638343811 -0.37390661239624023 0.15946336090564728
    outer loop
      vertex 12.457446098327637 -7.582726001739502 48.28596496582031
      vertex 12.512253761291504 -6.92521333694458 49.51366424560547
      vertex 12.096614837646484 -7.957635402679443 49.47428894042969
    endloop
  endfacet
  facet normal 0.8912716507911682 -0.36887308955192566 0.26375678181648254
    outer loop
      vertex 12.512253761291504 -6.92521333694458 49.51366424560547
      vertex 12.050182342529297 -7.259378910064697 50.60772705078125
      vertex 12.096614837646484 -7.957635402679443 49.47428894042969
    endloop
  endfacet
  facet normal 0.8857664465904236 -0.3780827224254608 0.26920488476753235
    outer loop
      vertex 12.096614837646484 -7.957635402679443 49.47428894042969
      vertex 12.050182342529297 -7.259378910064697 50.60772705078125
      vertex 11.641388893127441 -8.336018562316895 50.440704345703125
    endloop
  endfacet
  facet normal 0.8504289984703064 -0.3794356882572174 0.3644159138202667
    outer loop
      vertex 12.050182342529297 -7.259378910064697 50.60772705078125
      vertex 11.471961975097656 -7.712012767791748 51.485816955566406
      vertex 11.641388893127441 -8.336018562316895 50.440704345703125
    endloop
  endfacet
  facet normal 0.8174927234649658 -0.4264218509197235 0.3871305584907532
    outer loop
      vertex 11.641388893127441 -8.336018562316895 50.440704345703125
      vertex 11.471961975097656 -7.712012767791748 51.485816955566406
      vertex 11.007631301879883 -8.886758804321289 51.17235565185547
    endloop
  endfacet
  facet normal 0.7722479104995728 -0.43002739548683167 0.4676640033721924
    outer loop
      vertex 11.471961975097656 -7.712012767791748 51.485816955566406
      vertex 10.775932312011719 -8.054203033447266 52.32051086425781
      vertex 11.007631301879883 -8.886758804321289 51.17235565185547
    endloop
  endfacet
  facet normal 0.7721067667007446 -0.430714875459671 0.46726441383361816
    outer loop
      vertex 11.471961975097656 -7.712012767791748 51.485816955566406
      vertex 11.286133766174316 -7.112566947937012 52.345436096191406
      vertex 10.775932312011719 -8.054203033447266 52.32051086425781
    endloop
  endfacet
  facet normal 0.7383787631988525 -0.414159893989563 0.5322296619415283
    outer loop
      vertex 11.286133766174316 -7.112566947937012 52.345436096191406
      vertex 10.75143814086914 -6.716529846191406 53.395416259765625
      vertex 10.775932312011719 -8.054203033447266 52.32051086425781
    endloop
  endfacet
  facet normal 0.7123174667358398 -0.4316628873348236 0.5534175634384155
    outer loop
      vertex 10.775932312011719 -8.054203033447266 52.32051086425781
      vertex 10.75143814086914 -6.716529846191406 53.395416259765625
      vertex 9.685877799987793 -8.531618118286133 53.351165771484375
    endloop
  endfacet
  facet normal 0.7610536217689514 -0.3752826154232025 0.5291127562522888
    outer loop
      vertex 11.286133766174316 -7.112566947937012 52.345436096191406
      vertex 11.404899597167969 -6.514350891113281 52.59890365600586
      vertex 10.75143814086914 -6.716529846191406 53.395416259765625
    endloop
  endfacet
  facet normal 0.7740896940231323 -0.29484283924102783 0.5602256655693054
    outer loop
      vertex 10.75143814086914 -6.716529846191406 53.395416259765625
      vertex 11.404899597167969 -6.514350891113281 52.59890365600586
      vertex 11.594512939453125 -5.688094615936279 52.771759033203125
    endloop
  endfacet
  facet normal 0.8467153310775757 -0.28790929913520813 0.4474163353443146
    outer loop
      vertex 11.404899597167969 -6.514350891113281 52.59890365600586
      vertex 11.831897735595703 -6.510723114013672 51.79316329956055
      vertex 11.594512939453125 -5.688094615936279 52.771759033203125
    endloop
  endfacet
  facet normal 0.8447302579879761 -0.2907533347606659 0.4493255913257599
    outer loop
      vertex 11.594512939453125 -5.688094615936279 52.771759033203125
      vertex 11.831897735595703 -6.510723114013672 51.79316329956055
      vertex 12.229547500610352 -5.227989196777344 51.87562561035156
    endloop
  endfacet
  facet normal 0.8790663480758667 -0.29650789499282837 0.3732634484767914
    outer loop
      vertex 12.229547500610352 -5.227989196777344 51.87562561035156
      vertex 11.831897735595703 -6.510723114013672 51.79316329956055
      vertex 12.504546165466309 -5.970080375671387 50.63848876953125
    endloop
  endfacet
  facet normal 0.8764711022377014 -0.31751370429992676 0.3619162142276764
    outer loop
      vertex 11.831897735595703 -6.510723114013672 51.79316329956055
      vertex 12.050182342529297 -7.259378910064697 50.60772705078125
      vertex 12.504546165466309 -5.970080375671387 50.63848876953125
    endloop
  endfacet
  facet normal 0.9027289748191833 -0.32486140727996826 0.2820383906364441
    outer loop
      vertex 12.504546165466309 -5.970080375671387 50.63848876953125
      vertex 12.050182342529297 -7.259378910064697 50.60772705078125
      vertex 12.512253761291504 -6.92521333694458 49.51366424560547
    endloop
  endfacet
  facet normal 0.9082485437393188 -0.31586334109306335 0.2744356095790863
    outer loop
      vertex 12.512253761291504 -6.92521333694458 49.51366424560547
      vertex 12.862533569335938 -6.011106014251709 49.4065055847168
      vertex 12.504546165466309 -5.970080375671387 50.63848876953125
    endloop
  endfacet
  facet normal 0.9210708737373352 -0.27391573786735535 0.2767646014690399
    outer loop
      vertex 12.862533569335938 -6.011106014251709 49.4065055847168
      vertex 13.05418586730957 -4.900425910949707 49.86793518066406
      vertex 12.504546165466309 -5.970080375671387 50.63848876953125
    endloop
  endfacet
  facet normal 0.9204100370407104 -0.26769259572029114 0.28493189811706543
    outer loop
      vertex 13.05418586730957 -4.900425910949707 49.86793518066406
      vertex 12.706541061401367 -4.807826042175293 51.07792282104492
      vertex 12.504546165466309 -5.970080375671387 50.63848876953125
    endloop
  endfacet
  facet normal 0.8806040287017822 -0.2936534285545349 0.3718929588794708
    outer loop
      vertex 12.706541061401367 -4.807826042175293 51.07792282104492
      vertex 12.229547500610352 -5.227989196777344 51.87562561035156
      vertex 12.504546165466309 -5.970080375671387 50.63848876953125
    endloop
  endfacet
  facet normal 0.88357013463974 -0.24264594912528992 0.40053310990333557
    outer loop
      vertex 12.706541061401367 -4.807826042175293 51.07792282104492
      vertex 12.542549133300781 -4.037045001983643 51.90663146972656
      vertex 12.229547500610352 -5.227989196777344 51.87562561035156
    endloop
  endfacet
  facet normal 0.8602840900421143 -0.23783819377422333 0.4509371519088745
    outer loop
      vertex 12.229547500610352 -5.227989196777344 51.87562561035156
      vertex 12.542549133300781 -4.037045001983643 51.90663146972656
      vertex 11.95454216003418 -4.299221992492676 52.890132904052734
    endloop
  endfacet
  facet normal 0.8632335066795349 -0.20415931940078735 0.46167847514152527
    outer loop
      vertex 12.542549133300781 -4.037045001983643 51.90663146972656
      vertex 12.316455841064453 -3.1735105514526367 52.711238861083984
      vertex 11.95454216003418 -4.299221992492676 52.890132904052734
    endloop
  endfacet
  facet normal 0.8514887690544128 -0.19649186730384827 0.48616644740104675
    outer loop
      vertex 12.316455841064453 -3.1735105514526367 52.711238861083984
      vertex 11.649541854858398 -2.8349528312683105 54.01612854003906
      vertex 11.95454216003418 -4.299221992492676 52.890132904052734
    endloop
  endfacet
  facet normal 0.8331218361854553 -0.21751055121421814 0.5085245370864868
    outer loop
      vertex 11.649541854858398 -2.8349528312683105 54.01612854003906
      vertex 11.162616729736328 -4.833958148956299 53.958831787109375
      vertex 11.95454216003418 -4.299221992492676 52.890132904052734
    endloop
  endfacet
  facet normal 0.8335186839103699 -0.257720023393631 0.4886993169784546
    outer loop
      vertex 11.95454216003418 -4.299221992492676 52.890132904052734
      vertex 11.162616729736328 -4.833958148956299 53.958831787109375
      vertex 11.594512939453125 -5.688094615936279 52.771759033203125
    endloop
  endfacet
  facet normal 0.7869267463684082 -0.3282471001148224 0.5224941372871399
    outer loop
      vertex 11.162616729736328 -4.833958148956299 53.958831787109375
      vertex 10.75143814086914 -6.716529846191406 53.395416259765625
      vertex 11.594512939453125 -5.688094615936279 52.771759033203125
    endloop
  endfacet
  facet normal 0.8458103537559509 -0.25900503993034363 0.4663917124271393
    outer loop
      vertex 11.594512939453125 -5.688094615936279 52.771759033203125
      vertex 12.229547500610352 -5.227989196777344 51.87562561035156
      vertex 11.95454216003418 -4.299221992492676 52.890132904052734
    endloop
  endfacet
  facet normal 0.8700844645500183 -0.12436182796955109 0.4769561290740967
    outer loop
      vertex 11.649541854858398 -2.8349528312683105 54.01612854003906
      vertex 12.316455841064453 -3.1735105514526367 52.711238861083984
      vertex 12.433155059814453 -1.8576335906982422 52.841453552246094
    endloop
  endfacet
  facet normal 0.8879157304763794 -0.12261892110109329 0.44336265325546265
    outer loop
      vertex 12.316455841064453 -3.1735105514526367 52.711238861083984
      vertex 12.808099746704102 -2.8489720821380615 51.81638717651367
      vertex 12.433155059814453 -1.8576335906982422 52.841453552246094
    endloop
  endfacet
  facet normal 0.898078441619873 -0.10258463770151138 0.4277048408985138
    outer loop
      vertex 12.433155059814453 -1.8576335906982422 52.841453552246094
      vertex 12.808099746704102 -2.8489720821380615 51.81638717651367
      vertex 13.06561279296875 -1.4872468709945679 51.60227966308594
    endloop
  endfacet
  facet normal 0.9200208783149719 -0.115085668861866 0.3745890259742737
    outer loop
      vertex 12.808099746704102 -2.8489720821380615 51.81638717651367
      vertex 13.255837440490723 -2.6872429847717285 50.766395568847656
      vertex 13.06561279296875 -1.4872468709945679 51.60227966308594
    endloop
  endfacet
  facet normal 0.9212192893028259 -0.11323218792676926 0.3722008764743805
    outer loop
      vertex 13.06561279296875 -1.4872468709945679 51.60227966308594
      vertex 13.255837440490723 -2.6872429847717285 50.766395568847656
      vertex 13.452033996582031 -1.7888561487197876 50.554107666015625
    endloop
  endfacet
  facet normal 0.950231671333313 -0.1419919729232788 0.27730491757392883
    outer loop
      vertex 13.452033996582031 -1.7888561487197876 50.554107666015625
      vertex 13.255837440490723 -2.6872429847717285 50.766395568847656
      vertex 13.594888687133789 -2.487323045730591 49.706947326660156
    endloop
  endfacet
  facet normal 0.9479431509971619 -0.16530410945415497 0.2721734642982483
    outer loop
      vertex 13.594888687133789 -2.487323045730591 49.706947326660156
      vertex 13.255837440490723 -2.6872429847717285 50.766395568847656
      vertex 13.383126258850098 -3.605390787124634 49.76543045043945
    endloop
  endfacet
  facet normal 0.9425173401832581 -0.17778882384300232 0.2829352617263794
    outer loop
      vertex 13.383126258850098 -3.605390787124634 49.76543045043945
      vertex 13.255837440490723 -2.6872429847717285 50.766395568847656
      vertex 12.998420715332031 -3.828836441040039 50.906558990478516
    endloop
  endfacet
  facet normal 0.9164930582046509 -0.16173438727855682 0.3658994436264038
    outer loop
      vertex 12.998420715332031 -3.828836441040039 50.906558990478516
      vertex 13.255837440490723 -2.6872429847717285 50.766395568847656
      vertex 12.808099746704102 -2.8489720821380615 51.81638717651367
    endloop
  endfacet
  facet normal 0.9091691374778748 -0.17449137568473816 0.37810638546943665
    outer loop
      vertex 12.808099746704102 -2.8489720821380615 51.81638717651367
      vertex 12.542549133300781 -4.037045001983643 51.90663146972656
      vertex 12.998420715332031 -3.828836441040039 50.906558990478516
    endloop
  endfacet
  facet normal 0.9059683680534363 -0.20530274510383606 0.37023258209228516
    outer loop
      vertex 12.998420715332031 -3.828836441040039 50.906558990478516
      vertex 12.542549133300781 -4.037045001983643 51.90663146972656
      vertex 12.706541061401367 -4.807826042175293 51.07792282104492
    endloop
  endfacet
  facet normal 0.9311004877090454 -0.22772467136383057 0.28494465351104736
    outer loop
      vertex 12.998420715332031 -3.828836441040039 50.906558990478516
      vertex 12.706541061401367 -4.807826042175293 51.07792282104492
      vertex 13.05418586730957 -4.900425910949707 49.86793518066406
    endloop
  endfacet
  facet normal 0.9371913075447083 -0.21639318764209747 0.27358055114746094
    outer loop
      vertex 12.998420715332031 -3.828836441040039 50.906558990478516
      vertex 13.05418586730957 -4.900425910949707 49.86793518066406
      vertex 13.383126258850098 -3.605390787124634 49.76543045043945
    endloop
  endfacet
  facet normal 0.9539256691932678 -0.22674472630023956 0.19650113582611084
    outer loop
      vertex 13.05418586730957 -4.900425910949707 49.86793518066406
      vertex 13.458464622497559 -4.3766374588012695 48.50974655151367
      vertex 13.383126258850098 -3.605390787124634 49.76543045043945
    endloop
  endfacet
  facet normal 0.9633589386940002 -0.1988855004310608 0.17995585501194
    outer loop
      vertex 13.383126258850098 -3.605390787124634 49.76543045043945
      vertex 13.458464622497559 -4.3766374588012695 48.50974655151367
      vertex 13.69595718383789 -3.207839012145996 48.530120849609375
    endloop
  endfacet
  facet normal 0.9665769338607788 -0.1731816977262497 0.18904289603233337
    outer loop
      vertex 13.69595718383789 -3.207839012145996 48.530120849609375
      vertex 13.594888687133789 -2.487323045730591 49.706947326660156
      vertex 13.383126258850098 -3.605390787124634 49.76543045043945
    endloop
  endfacet
  facet normal 0.976080060005188 -0.13777689635753632 0.16818231344223022
    outer loop
      vertex 13.69595718383789 -3.207839012145996 48.530120849609375
      vertex 13.847024917602539 -2.0741639137268066 48.582088470458984
      vertex 13.594888687133789 -2.487323045730591 49.706947326660156
    endloop
  endfacet
  facet normal 0.9780026078224182 -0.10301077365875244 0.18138280510902405
    outer loop
      vertex 13.594888687133789 -2.487323045730591 49.706947326660156
      vertex 13.847024917602539 -2.0741639137268066 48.582088470458984
      vertex 13.700780868530273 -1.429168462753296 49.73693084716797
    endloop
  endfacet
  facet normal 0.983738362789154 -0.07175399363040924 0.1646517962217331
    outer loop
      vertex 13.700780868530273 -1.429168462753296 49.73693084716797
      vertex 13.847024917602539 -2.0741639137268066 48.582088470458984
      vertex 13.908376693725586 -0.9685260653495789 48.69736099243164
    endloop
  endfacet
  facet normal 0.9828346371650696 -0.03350045904517174 0.18142180144786835
    outer loop
      vertex 13.700780868530273 -1.429168462753296 49.73693084716797
      vertex 13.908376693725586 -0.9685260653495789 48.69736099243164
      vertex 13.718667984008789 -0.3557073473930359 49.83824920654297
    endloop
  endfacet
  facet normal 0.9852553009986877 -0.012646520510315895 0.1706228107213974
    outer loop
      vertex 13.908376693725586 -0.9685260653495789 48.69736099243164
      vertex 13.890412330627441 0.08055008202791214 48.87885284423828
      vertex 13.718667984008789 -0.3557073473930359 49.83824920654297
    endloop
  endfacet
  facet normal 0.9833516478538513 0.0116674043238163 0.18133804202079773
    outer loop
      vertex 13.718667984008789 -0.3557073473930359 49.83824920654297
      vertex 13.890412330627441 0.08055008202791214 48.87885284423828
      vertex 13.706897735595703 0.5453627109527588 49.84410095214844
    endloop
  endfacet
  facet normal 0.9855877757072449 0.06361274421215057 0.15674906969070435
    outer loop
      vertex 13.706897735595703 0.5453627109527588 49.84410095214844
      vertex 13.890412330627441 0.08055008202791214 48.87885284423828
      vertex 13.780021667480469 1.1013590097427368 49.15868377685547
    endloop
  endfacet
  facet normal 0.9774034023284912 0.10062222182750702 0.18589723110198975
    outer loop
      vertex 13.706897735595703 0.5453627109527588 49.84410095214844
      vertex 13.780021667480469 1.1013590097427368 49.15868377685547
      vertex 13.537253379821777 1.4283398389816284 50.258113861083984
    endloop
  endfacet
  facet normal 0.9763451814651489 0.11989443749189377 0.17993183434009552
    outer loop
      vertex 13.780021667480469 1.1013590097427368 49.15868377685547
      vertex 13.585165023803711 2.0754690170288086 49.566932678222656
      vertex 13.537253379821777 1.4283398389816284 50.258113861083984
    endloop
  endfacet
  facet normal 0.9675619006156921 0.1474606841802597 0.20513230562210083
    outer loop
      vertex 13.585165023803711 2.0754690170288086 49.566932678222656
      vertex 13.251773834228516 2.6832847595214844 50.70252990722656
      vertex 13.537253379821777 1.4283398389816284 50.258113861083984
    endloop
  endfacet
  facet normal 0.9572429060935974 0.1254451423883438 0.26067131757736206
    outer loop
      vertex 13.251773834228516 2.6832847595214844 50.70252990722656
      vertex 13.261115074157715 1.6445503234863281 51.16810607910156
      vertex 13.537253379821777 1.4283398389816284 50.258113861083984
    endloop
  endfacet
  facet normal 0.9590547680854797 0.05903925746679306 0.276998907327652
    outer loop
      vertex 13.261115074157715 1.6445503234863281 51.16810607910156
      vertex 13.428045272827148 0.49853166937828064 50.83440399169922
      vertex 13.537253379821777 1.4283398389816284 50.258113861083984
    endloop
  endfacet
  facet normal 0.9603320360183716 0.05646232143044472 0.2730832099914551
    outer loop
      vertex 13.428045272827148 0.49853166937828064 50.83440399169922
      vertex 13.706897735595703 0.5453627109527588 49.84410095214844
      vertex 13.537253379821777 1.4283398389816284 50.258113861083984
    endloop
  endfacet
  facet normal 0.9623777270317078 0.010807898826897144 0.27150025963783264
    outer loop
      vertex 13.428045272827148 0.49853166937828064 50.83440399169922
      vertex 13.718667984008789 -0.3557073473930359 49.83824920654297
      vertex 13.706897735595703 0.5453627109527588 49.84410095214844
    endloop
  endfacet
  facet normal 0.9597329497337341 -0.0010671736672520638 0.28091198205947876
    outer loop
      vertex 13.718667984008789 -0.3557073473930359 49.83824920654297
      vertex 13.428045272827148 0.49853166937828064 50.83440399169922
      vertex 13.454687118530273 -0.7940351963043213 50.73847198486328
    endloop
  endfacet
  facet normal 0.9406841397285461 -0.0057883840054273605 0.33923447132110596
    outer loop
      vertex 13.428045272827148 0.49853166937828064 50.83440399169922
      vertex 13.141206741333008 -0.16842836141586304 51.61841583251953
      vertex 13.454687118530273 -0.7940351963043213 50.73847198486328
    endloop
  endfacet
  facet normal 0.9267763495445251 -0.057663578540086746 0.3711610734462738
    outer loop
      vertex 13.454687118530273 -0.7940351963043213 50.73847198486328
      vertex 13.141206741333008 -0.16842836141586304 51.61841583251953
      vertex 13.06561279296875 -1.4872468709945679 51.60227966308594
    endloop
  endfacet
  facet normal 0.9060316681861877 -0.05706405267119408 0.4193451404571533
    outer loop
      vertex 13.06561279296875 -1.4872468709945679 51.60227966308594
      vertex 13.141206741333008 -0.16842836141586304 51.61841583251953
      vertex 12.64785385131836 -0.25722557306289673 52.672264099121094
    endloop
  endfacet
  facet normal 0.9058470726013184 -0.005984549410641193 0.42356276512145996
    outer loop
      vertex 12.64785385131836 -0.25722557306289673 52.672264099121094
      vertex 13.141206741333008 -0.16842836141586304 51.61841583251953
      vertex 12.924233436584473 1.17397141456604 52.101409912109375
    endloop
  endfacet
  facet normal 0.9328868985176086 0.02142426185309887 0.3595316410064697
    outer loop
      vertex 12.924233436584473 1.17397141456604 52.101409912109375
      vertex 13.141206741333008 -0.16842836141586304 51.61841583251953
      vertex 13.428045272827148 0.49853166937828064 50.83440399169922
    endloop
  endfacet
  facet normal 0.9346488118171692 0.03305323049426079 0.35403281450271606
    outer loop
      vertex 13.428045272827148 0.49853166937828064 50.83440399169922
      vertex 13.261115074157715 1.6445503234863281 51.16810607910156
      vertex 12.924233436584473 1.17397141456604 52.101409912109375
    endloop
  endfacet
  facet normal 0.9313022494316101 0.049111541360616684 0.3609215319156647
    outer loop
      vertex 13.261115074157715 1.6445503234863281 51.16810607910156
      vertex 12.985979080200195 2.383927583694458 51.777442932128906
      vertex 12.924233436584473 1.17397141456604 52.101409912109375
    endloop
  endfacet
  facet normal 0.9265261292457581 0.052469853311777115 0.37255391478538513
    outer loop
      vertex 12.924233436584473 1.17397141456604 52.101409912109375
      vertex 12.985979080200195 2.383927583694458 51.777442932128906
      vertex 12.534934997558594 2.7067413330078125 52.85370635986328
    endloop
  endfacet
  facet normal 0.9280226826667786 0.10775190591812134 0.3565998077392578
    outer loop
      vertex 12.534934997558594 2.7067413330078125 52.85370635986328
      vertex 12.985979080200195 2.383927583694458 51.777442932128906
      vertex 12.77914047241211 3.6219568252563477 51.94163513183594
    endloop
  endfacet
  facet normal 0.9547449350357056 0.1236337199807167 0.2705119550228119
    outer loop
      vertex 12.985979080200195 2.383927583694458 51.777442932128906
      vertex 13.251773834228516 2.6832847595214844 50.70252990722656
      vertex 12.77914047241211 3.6219568252563477 51.94163513183594
    endloop
  endfacet
  facet normal 0.9566081166267395 0.16162841022014618 0.2424401342868805
    outer loop
      vertex 12.77914047241211 3.6219568252563477 51.94163513183594
      vertex 13.251773834228516 2.6832847595214844 50.70252990722656
      vertex 12.961709022521973 4.257803440093994 50.79736328125
    endloop
  endfacet
  facet normal 0.9720310568809509 0.1692662537097931 0.1628025472164154
    outer loop
      vertex 13.251773834228516 2.6832847595214844 50.70252990722656
      vertex 13.408519744873047 3.282089948654175 49.144081115722656
      vertex 12.961709022521973 4.257803440093994 50.79736328125
    endloop
  endfacet
  facet normal 0.9686656594276428 0.20432542264461517 0.14120222628116608
    outer loop
      vertex 13.408519744873047 3.282089948654175 49.144081115722656
      vertex 12.954569816589355 5.142120361328125 49.56669616699219
      vertex 12.961709022521973 4.257803440093994 50.79736328125
    endloop
  endfacet
  facet normal 0.9736033082008362 0.18799494206905365 0.12943902611732483
    outer loop
      vertex 12.961709022521973 4.257803440093994 50.79736328125
      vertex 12.954569816589355 5.142120361328125 49.56669616699219
      vertex 12.690507888793945 5.483992099761963 51.056365966796875
    endloop
  endfacet
  facet normal 0.9666262269020081 0.22670914232730865 0.11931753903627396
    outer loop
      vertex 12.690507888793945 5.483992099761963 51.056365966796875
      vertex 12.954569816589355 5.142120361328125 49.56669616699219
      vertex 12.499380111694336 6.427549362182617 50.81194305419922
    endloop
  endfacet
  facet normal 0.9616190791130066 0.2622085511684418 0.0808422788977623
    outer loop
      vertex 12.954569816589355 5.142120361328125 49.56669616699219
      vertex 12.561254501342773 6.613082408905029 49.474178314208984
      vertex 12.499380111694336 6.427549362182617 50.81194305419922
    endloop
  endfacet
  facet normal 0.9521933197975159 0.293506383895874 0.08474697172641754
    outer loop
      vertex 12.561254501342773 6.613082408905029 49.474178314208984
      vertex 12.134058952331543 7.607941627502441 50.82850646972656
      vertex 12.499380111694336 6.427549362182617 50.81194305419922
    endloop
  endfacet
  facet normal 0.9486130475997925 0.29187217354774475 0.12224487215280533
    outer loop
      vertex 12.499380111694336 6.427549362182617 50.81194305419922
      vertex 12.134058952331543 7.607941627502441 50.82850646972656
      vertex 12.072412490844727 7.337038040161133 51.95368957519531
    endloop
  endfacet
  facet normal 0.946387529373169 0.29841169714927673 0.1236974373459816
    outer loop
      vertex 12.134058952331543 7.607941627502441 50.82850646972656
      vertex 11.67971134185791 8.550851821899414 52.02993392944336
      vertex 12.072412490844727 7.337038040161133 51.95368957519531
    endloop
  endfacet
  facet normal 0.9401083588600159 0.2932322025299072 0.1738138347864151
    outer loop
      vertex 11.67971134185791 8.550851821899414 52.02993392944336
      vertex 11.512545585632324 8.32217025756836 53.319881439208984
      vertex 12.072412490844727 7.337038040161133 51.95368957519531
    endloop
  endfacet
  facet normal 0.9469998478889465 0.23607558012008667 0.2178524285554886
    outer loop
      vertex 11.512545585632324 8.32217025756836 53.319881439208984
      vertex 12.036153793334961 6.681373596191406 52.821815490722656
      vertex 12.072412490844727 7.337038040161133 51.95368957519531
    endloop
  endfacet
  facet normal 0.9445186853408813 0.24192358553409576 0.22216559946537018
    outer loop
      vertex 12.036153793334961 6.681373596191406 52.821815490722656
      vertex 12.388608932495117 6.2583842277526855 51.78398895263672
      vertex 12.072412490844727 7.337038040161133 51.95368957519531
    endloop
  endfacet
  facet normal 0.9545294642448425 0.2556965947151184 0.15327394008636475
    outer loop
      vertex 12.388608932495117 6.2583842277526855 51.78398895263672
      vertex 12.499380111694336 6.427549362182617 50.81194305419922
      vertex 12.072412490844727 7.337038040161133 51.95368957519531
    endloop
  endfacet
  facet normal 0.9607031345367432 0.23348654806613922 0.15011224150657654
    outer loop
      vertex 12.388608932495117 6.2583842277526855 51.78398895263672
      vertex 12.690507888793945 5.483992099761963 51.056365966796875
      vertex 12.499380111694336 6.427549362182617 50.81194305419922
    endloop
  endfacet
  facet normal 0.9608994126319885 0.1672748178243637 0.22066131234169006
    outer loop
      vertex 12.388608932495117 6.2583842277526855 51.78398895263672
      vertex 12.480781555175781 5.225324630737305 52.165733337402344
      vertex 12.690507888793945 5.483992099761963 51.056365966796875
    endloop
  endfacet
  facet normal 0.9611707925796509 0.16602730751037598 0.22042173147201538
    outer loop
      vertex 12.480781555175781 5.225324630737305 52.165733337402344
      vertex 12.961709022521973 4.257803440093994 50.79736328125
      vertex 12.690507888793945 5.483992099761963 51.056365966796875
    endloop
  endfacet
  facet normal 0.9610790014266968 0.14606405794620514 0.23450471460819244
    outer loop
      vertex 12.480781555175781 5.225324630737305 52.165733337402344
      vertex 12.77914047241211 3.6219568252563477 51.94163513183594
      vertex 12.961709022521973 4.257803440093994 50.79736328125
    endloop
  endfacet
  facet normal 0.940354585647583 0.131108358502388 0.31391698122024536
    outer loop
      vertex 12.480781555175781 5.225324630737305 52.165733337402344
      vertex 12.250314712524414 4.3385910987854 53.22645568847656
      vertex 12.77914047241211 3.6219568252563477 51.94163513183594
    endloop
  endfacet
  facet normal 0.9373114109039307 0.0863616019487381 0.3376227915287018
    outer loop
      vertex 12.77914047241211 3.6219568252563477 51.94163513183594
      vertex 12.250314712524414 4.3385910987854 53.22645568847656
      vertex 12.534934997558594 2.7067413330078125 52.85370635986328
    endloop
  endfacet
  facet normal 0.9171357750892639 0.07034919410943985 0.39231768250465393
    outer loop
      vertex 12.250314712524414 4.3385910987854 53.22645568847656
      vertex 11.84322452545166 3.270716667175293 54.36961364746094
      vertex 12.534934997558594 2.7067413330078125 52.85370635986328
    endloop
  endfacet
  facet normal 0.9124442338943481 0.020609838888049126 0.40868183970451355
    outer loop
      vertex 12.534934997558594 2.7067413330078125 52.85370635986328
      vertex 11.84322452545166 3.270716667175293 54.36961364746094
      vertex 12.216426849365234 1.3122762441635132 53.63514709472656
    endloop
  endfacet
  facet normal 0.9017522931098938 0.009774016216397285 0.43214258551597595
    outer loop
      vertex 11.84322452545166 3.270716667175293 54.36961364746094
      vertex 11.256832122802734 1.4417712688446045 55.634605407714844
      vertex 12.216426849365234 1.3122762441635132 53.63514709472656
    endloop
  endfacet
  facet normal 0.8996926546096802 -0.04194709286093712 0.43450385332107544
    outer loop
      vertex 12.216426849365234 1.3122762441635132 53.63514709472656
      vertex 11.256832122802734 1.4417712688446045 55.634605407714844
      vertex 11.885573387145996 -0.5816544890403748 54.13737869262695
    endloop
  endfacet
  facet normal 0.8897043466567993 -0.034709829837083817 0.4552159011363983
    outer loop
      vertex 11.885573387145996 -0.5816544890403748 54.13737869262695
      vertex 12.64785385131836 -0.25722557306289673 52.672264099121094
      vertex 12.216426849365234 1.3122762441635132 53.63514709472656
    endloop
  endfacet
  facet normal 0.9076753258705139 -0.007918817922472954 0.41959843039512634
    outer loop
      vertex 12.216426849365234 1.3122762441635132 53.63514709472656
      vertex 12.64785385131836 -0.25722557306289673 52.672264099121094
      vertex 12.924233436584473 1.17397141456604 52.101409912109375
    endloop
  endfacet
  facet normal 0.9085599184036255 0.02612314000725746 0.416936993598938
    outer loop
      vertex 12.924233436584473 1.17397141456604 52.101409912109375
      vertex 12.534934997558594 2.7067413330078125 52.85370635986328
      vertex 12.216426849365234 1.3122762441635132 53.63514709472656
    endloop
  endfacet
  facet normal 0.891254723072052 -0.0722334235906601 0.4477134644985199
    outer loop
      vertex 12.64785385131836 -0.25722557306289673 52.672264099121094
      vertex 11.885573387145996 -0.5816544890403748 54.13737869262695
      vertex 12.433155059814453 -1.8576335906982422 52.841453552246094
    endloop
  endfacet
  facet normal 0.8683367371559143 -0.11689434945583344 0.48200318217277527
    outer loop
      vertex 11.885573387145996 -0.5816544890403748 54.13737869262695
      vertex 11.649541854858398 -2.8349528312683105 54.01612854003906
      vertex 12.433155059814453 -1.8576335906982422 52.841453552246094
    endloop
  endfacet
  facet normal 0.8970510363578796 -0.07428749650716782 0.4356383979320526
    outer loop
      vertex 12.433155059814453 -1.8576335906982422 52.841453552246094
      vertex 13.06561279296875 -1.4872468709945679 51.60227966308594
      vertex 12.64785385131836 -0.25722557306289673 52.672264099121094
    endloop
  endfacet
  facet normal 0.9234957098960876 0.05444485694169998 0.3797255754470825
    outer loop
      vertex 12.250314712524414 4.3385910987854 53.22645568847656
      vertex 11.639568328857422 5.290699481964111 54.57528305053711
      vertex 11.84322452545166 3.270716667175293 54.36961364746094
    endloop
  endfacet
  facet normal 0.931713342666626 0.10518574714660645 0.347629576921463
    outer loop
      vertex 11.639568328857422 5.290699481964111 54.57528305053711
      vertex 12.250314712524414 4.3385910987854 53.22645568847656
      vertex 12.023550033569336 5.741573333740234 53.40971374511719
    endloop
  endfacet
  facet normal 0.9468722939491272 0.11374995112419128 0.3008219599723816
    outer loop
      vertex 12.023550033569336 5.741573333740234 53.40971374511719
      vertex 12.250314712524414 4.3385910987854 53.22645568847656
      vertex 12.480781555175781 5.225324630737305 52.165733337402344
    endloop
  endfacet
  facet normal 0.946054995059967 0.1626189649105072 0.2802410125732422
    outer loop
      vertex 12.480781555175781 5.225324630737305 52.165733337402344
      vertex 12.036153793334961 6.681373596191406 52.821815490722656
      vertex 12.023550033569336 5.741573333740234 53.40971374511719
    endloop
  endfacet
  facet normal 0.9440568089485168 0.1657039076089859 0.28512969613075256
    outer loop
      vertex 12.036153793334961 6.681373596191406 52.821815490722656
      vertex 11.551970481872559 7.007879257202148 54.23518371582031
      vertex 12.023550033569336 5.741573333740234 53.40971374511719
    endloop
  endfacet
  facet normal 0.9289401173591614 0.11695917695760727 0.35127025842666626
    outer loop
      vertex 12.023550033569336 5.741573333740234 53.40971374511719
      vertex 11.551970481872559 7.007879257202148 54.23518371582031
      vertex 11.639568328857422 5.290699481964111 54.57528305053711
    endloop
  endfacet
  facet normal 0.9377713203430176 0.21695610880851746 0.2711365818977356
    outer loop
      vertex 11.551970481872559 7.007879257202148 54.23518371582031
      vertex 12.036153793334961 6.681373596191406 52.821815490722656
      vertex 11.512545585632324 8.32217025756836 53.319881439208984
    endloop
  endfacet
  facet normal 0.9574971795082092 0.18363243341445923 0.22243714332580566
    outer loop
      vertex 11.512545585632324 8.32217025756836 53.319881439208984
      vertex 10.914203643798828 8.984161376953125 55.34898376464844
      vertex 11.551970481872559 7.007879257202148 54.23518371582031
    endloop
  endfacet
  facet normal 0.9398784637451172 0.2882744073867798 0.18310244381427765
    outer loop
      vertex 10.914203643798828 8.984161376953125 55.34898376464844
      vertex 11.512545585632324 8.32217025756836 53.319881439208984
      vertex 10.860828399658203 10.075910568237305 53.90412521362305
    endloop
  endfacet
  facet normal 0.938533365726471 0.28286173939704895 0.19784940779209137
    outer loop
      vertex 11.512545585632324 8.32217025756836 53.319881439208984
      vertex 11.28673267364502 9.371371269226074 52.89104080200195
      vertex 10.860828399658203 10.075910568237305 53.90412521362305
    endloop
  endfacet
  facet normal 0.928972601890564 0.3349030613899231 0.15763838589191437
    outer loop
      vertex 10.860828399658203 10.075910568237305 53.90412521362305
      vertex 11.28673267364502 9.371371269226074 52.89104080200195
      vertex 11.041025161743164 10.000264167785645 53.002925872802734
    endloop
  endfacet
  facet normal 0.9332540035247803 0.35116884112358093 0.07561289519071579
    outer loop
      vertex 11.041025161743164 10.000264167785645 53.002925872802734
      vertex 11.28673267364502 9.371371269226074 52.89104080200195
      vertex 11.216257095336914 9.719627380371094 52.14348220825195
    endloop
  endfacet
  facet normal 0.9292269945144653 0.3606540262699127 0.08041131496429443
    outer loop
      vertex 11.216257095336914 9.719627380371094 52.14348220825195
      vertex 11.28673267364502 9.371371269226074 52.89104080200195
      vertex 11.67971134185791 8.550851821899414 52.02993392944336
    endloop
  endfacet
  facet normal 0.9464715123176575 0.2736653685569763 0.17116962373256683
    outer loop
      vertex 11.67971134185791 8.550851821899414 52.02993392944336
      vertex 11.28673267364502 9.371371269226074 52.89104080200195
      vertex 11.512545585632324 8.32217025756836 53.319881439208984
    endloop
  endfacet
  facet normal 0.929399847984314 0.36113935708999634 0.07612134516239166
    outer loop
      vertex 11.67971134185791 8.550851821899414 52.02993392944336
      vertex 11.68957805633545 8.760055541992188 50.91695022583008
      vertex 11.216257095336914 9.719627380371094 52.14348220825195
    endloop
  endfacet
  facet normal 0.9025355577468872 0.43046125769615173 0.011520668864250183
    outer loop
      vertex 11.216257095336914 9.719627380371094 52.14348220825195
      vertex 11.68957805633545 8.760055541992188 50.91695022583008
      vertex 11.199016571044922 9.786800384521484 50.98424530029297
    endloop
  endfacet
  facet normal 0.9024945497512817 0.43060749769210815 0.008990720845758915
    outer loop
      vertex 11.199016571044922 9.786800384521484 50.98424530029297
      vertex 11.68957805633545 8.760055541992188 50.91695022583008
      vertex 11.622525215148926 8.925395965576172 49.72883605957031
    endloop
  endfacet
  facet normal 0.9106601476669312 0.4131114184856415 0.006095103919506073
    outer loop
      vertex 11.68957805633545 8.760055541992188 50.91695022583008
      vertex 12.11803150177002 7.835451126098633 49.56983184814453
      vertex 11.622525215148926 8.925395965576172 49.72883605957031
    endloop
  endfacet
  facet normal 0.9104852080345154 0.4135332405567169 0.002658754587173462
    outer loop
      vertex 11.622525215148926 8.925395965576172 49.72883605957031
      vertex 12.11803150177002 7.835451126098633 49.56983184814453
      vertex 12.001527786254883 8.100733757019043 48.20518493652344
    endloop
  endfacet
  facet normal 0.9165554046630859 0.39990752935409546 -0.0005082570132799447
    outer loop
      vertex 12.11803150177002 7.835451126098633 49.56983184814453
      vertex 12.503613471984863 6.949708938598633 47.98065185546875
      vertex 12.001527786254883 8.100733757019043 48.20518493652344
    endloop
  endfacet
  facet normal 0.9403563141822815 0.3378483057022095 0.03985573723912239
    outer loop
      vertex 12.11803150177002 7.835451126098633 49.56983184814453
      vertex 12.561254501342773 6.613082408905029 49.474178314208984
      vertex 12.503613471984863 6.949708938598633 47.98065185546875
    endloop
  endfacet
  facet normal 0.9452909231185913 0.3241710662841797 0.0365825779736042
    outer loop
      vertex 12.561254501342773 6.613082408905029 49.474178314208984
      vertex 12.95414924621582 5.655399799346924 47.808170318603516
      vertex 12.503613471984863 6.949708938598633 47.98065185546875
    endloop
  endfacet
  facet normal 0.9620417356491089 0.2620328962802887 0.07625221461057663
    outer loop
      vertex 12.95414924621582 5.655399799346924 47.808170318603516
      vertex 12.561254501342773 6.613082408905029 49.474178314208984
      vertex 12.954569816589355 5.142120361328125 49.56669616699219
    endloop
  endfacet
  facet normal 0.9633581638336182 0.2575365900993347 0.07493951171636581
    outer loop
      vertex 12.954569816589355 5.142120361328125 49.56669616699219
      vertex 13.364699363708496 4.1912922859191895 47.56203079223633
      vertex 12.95414924621582 5.655399799346924 47.808170318603516
    endloop
  endfacet
  facet normal 0.9717694520950317 0.2151831090450287 0.09674893319606781
    outer loop
      vertex 13.364699363708496 4.1912922859191895 47.56203079223633
      vertex 12.954569816589355 5.142120361328125 49.56669616699219
      vertex 13.408519744873047 3.282089948654175 49.144081115722656
    endloop
  endfacet
  facet normal 0.9738790988922119 0.20747826993465424 0.09226253628730774
    outer loop
      vertex 13.364699363708496 4.1912922859191895 47.56203079223633
      vertex 13.408519744873047 3.282089948654175 49.144081115722656
      vertex 13.718374252319336 2.7122063636779785 47.15494918823242
    endloop
  endfacet
  facet normal 0.9759985208511353 0.19545863568782806 0.09603631496429443
    outer loop
      vertex 13.408519744873047 3.282089948654175 49.144081115722656
      vertex 13.772835731506348 1.868359923362732 48.318912506103516
      vertex 13.718374252319336 2.7122063636779785 47.15494918823242
    endloop
  endfacet
  facet normal 0.9760867953300476 0.18365292251110077 0.11630157381296158
    outer loop
      vertex 13.772835731506348 1.868359923362732 48.318912506103516
      vertex 13.408519744873047 3.282089948654175 49.144081115722656
      vertex 13.585165023803711 2.0754690170288086 49.566932678222656
    endloop
  endfacet
  facet normal 0.9636316895484924 0.2022739201784134 0.17464032769203186
    outer loop
      vertex 13.585165023803711 2.0754690170288086 49.566932678222656
      vertex 13.408519744873047 3.282089948654175 49.144081115722656
      vertex 13.251773834228516 2.6832847595214844 50.70252990722656
    endloop
  endfacet
  facet normal 0.981740415096283 0.14456631243228912 0.12363816052675247
    outer loop
      vertex 13.772835731506348 1.868359923362732 48.318912506103516
      vertex 13.585165023803711 2.0754690170288086 49.566932678222656
      vertex 13.780021667480469 1.1013590097427368 49.15868377685547
    endloop
  endfacet
  facet normal 0.9402022361755371 0.33708029985427856 0.04895620048046112
    outer loop
      vertex 12.11803150177002 7.835451126098633 49.56983184814453
      vertex 12.134058952331543 7.607941627502441 50.82850646972656
      vertex 12.561254501342773 6.613082408905029 49.474178314208984
    endloop
  endfacet
  facet normal 0.9330372214317322 0.3559352457523346 0.05245552957057953
    outer loop
      vertex 12.11803150177002 7.835451126098633 49.56983184814453
      vertex 11.68957805633545 8.760055541992188 50.91695022583008
      vertex 12.134058952331543 7.607941627502441 50.82850646972656
    endloop
  endfacet
  facet normal 0.9322776198387146 0.35392746329307556 0.07479127496480942
    outer loop
      vertex 12.134058952331543 7.607941627502441 50.82850646972656
      vertex 11.68957805633545 8.760055541992188 50.91695022583008
      vertex 11.67971134185791 8.550851821899414 52.02993392944336
    endloop
  endfacet
  facet normal 0.8763289451599121 0.47989994287490845 -0.04175787419080734
    outer loop
      vertex 12.001527786254883 8.100733757019043 48.20518493652344
      vertex 11.453046798706055 9.128083229064941 48.50154113769531
      vertex 11.622525215148926 8.925395965576172 49.72883605957031
    endloop
  endfacet
  facet normal 0.8701871037483215 0.4911718964576721 -0.03904817998409271
    outer loop
      vertex 11.622525215148926 8.925395965576172 49.72883605957031
      vertex 11.453046798706055 9.128083229064941 48.50154113769531
      vertex 11.094894409179688 9.87405776977539 49.9034538269043
    endloop
  endfacet
  facet normal 0.8211116194725037 0.5636067986488342 -0.09012921154499054
    outer loop
      vertex 11.094894409179688 9.87405776977539 49.9034538269043
      vertex 11.453046798706055 9.128083229064941 48.50154113769531
      vertex 10.846725463867188 10.068120956420898 48.8560791015625
    endloop
  endfacet
  facet normal 0.819038987159729 0.5667850375175476 -0.08904923498630524
    outer loop
      vertex 11.094894409179688 9.87405776977539 49.9034538269043
      vertex 10.846725463867188 10.068120956420898 48.8560791015625
      vertex 10.608240127563477 10.601987838745117 50.060569763183594
    endloop
  endfacet
  facet normal 0.7561372518539429 0.6405093669891357 -0.1341804414987564
    outer loop
      vertex 10.846725463867188 10.068120956420898 48.8560791015625
      vertex 10.16696548461914 11.000958442687988 49.478370666503906
      vertex 10.608240127563477 10.601987838745117 50.060569763183594
    endloop
  endfacet
  facet normal 0.7579965591430664 0.6375800371170044 -0.1375972032546997
    outer loop
      vertex 10.16696548461914 11.000958442687988 49.478370666503906
      vertex 10.138226509094238 11.323986053466797 50.816856384277344
      vertex 10.608240127563477 10.601987838745117 50.060569763183594
    endloop
  endfacet
  facet normal 0.7883118391036987 0.6085086464881897 -0.09100369364023209
    outer loop
      vertex 10.608240127563477 10.601987838745117 50.060569763183594
      vertex 10.138226509094238 11.323986053466797 50.816856384277344
      vertex 10.685324668884277 10.640390396118164 50.98509216308594
    endloop
  endfacet
  facet normal 0.7891494035720825 0.6035602688789368 -0.11383415758609772
    outer loop
      vertex 10.685324668884277 10.640390396118164 50.98509216308594
      vertex 10.138226509094238 11.323986053466797 50.816856384277344
      vertex 10.208369255065918 11.436811447143555 51.901329040527344
    endloop
  endfacet
  facet normal 0.7582645416259766 0.6415817141532898 -0.11579219251871109
    outer loop
      vertex 10.138226509094238 11.323986053466797 50.816856384277344
      vertex 9.587932586669922 12.141565322875977 51.74330520629883
      vertex 10.208369255065918 11.436811447143555 51.901329040527344
    endloop
  endfacet
  facet normal 0.7584608793258667 0.6390907168388367 -0.12767232954502106
    outer loop
      vertex 10.208369255065918 11.436811447143555 51.901329040527344
      vertex 9.587932586669922 12.141565322875977 51.74330520629883
      vertex 9.710216522216797 12.21969985961914 52.86087417602539
    endloop
  endfacet
  facet normal 0.7447023391723633 0.6551457047462463 -0.12728936970233917
    outer loop
      vertex 9.710216522216797 12.21969985961914 52.86087417602539
      vertex 9.587932586669922 12.141565322875977 51.74330520629883
      vertex 9.096240997314453 12.864908218383789 52.58965301513672
    endloop
  endfacet
  facet normal 0.6789830327033997 0.7042407989501953 -0.20742928981781006
    outer loop
      vertex 9.096240997314453 12.864908218383789 52.58965301513672
      vertex 9.587932586669922 12.141565322875977 51.74330520629883
      vertex 8.826290130615234 12.840339660644531 51.62260437011719
    endloop
  endfacet
  facet normal 0.6805737018585205 0.7118216753005981 -0.17357821762561798
    outer loop
      vertex 9.587932586669922 12.141565322875977 51.74330520629883
      vertex 9.466245651245117 11.945594787597656 50.46253967285156
      vertex 8.826290130615234 12.840339660644531 51.62260437011719
    endloop
  endfacet
  facet normal 0.6353099346160889 0.7401413321495056 -0.22039078176021576
    outer loop
      vertex 8.826290130615234 12.840339660644531 51.62260437011719
      vertex 9.466245651245117 11.945594787597656 50.46253967285156
      vertex 8.575315475463867 12.644155502319336 50.24028396606445
    endloop
  endfacet
  facet normal 0.6341874003410339 0.7530136108398438 -0.17543315887451172
    outer loop
      vertex 8.575315475463867 12.644155502319336 50.24028396606445
      vertex 9.466245651245117 11.945594787597656 50.46253967285156
      vertex 9.408950805664062 11.551286697387695 48.56292724609375
    endloop
  endfacet
  facet normal 0.702119767665863 0.6926875114440918 -0.16496005654335022
    outer loop
      vertex 9.466245651245117 11.945594787597656 50.46253967285156
      vertex 10.16696548461914 11.000958442687988 49.478370666503906
      vertex 9.408950805664062 11.551286697387695 48.56292724609375
    endloop
  endfacet
  facet normal 0.6924139261245728 0.7059592604637146 -0.14894485473632812
    outer loop
      vertex 9.408950805664062 11.551286697387695 48.56292724609375
      vertex 10.16696548461914 11.000958442687988 49.478370666503906
      vertex 10.406980514526367 10.402671813964844 47.75843048095703
    endloop
  endfacet
  facet normal 0.7653794884681702 0.6334826946258545 -0.11355143040418625
    outer loop
      vertex 10.406980514526367 10.402671813964844 47.75843048095703
      vertex 10.16696548461914 11.000958442687988 49.478370666503906
      vertex 10.846725463867188 10.068120956420898 48.8560791015625
    endloop
  endfacet
  facet normal 0.7121230959892273 0.6938263773918152 -0.10717161744832993
    outer loop
      vertex 9.408950805664062 11.551286697387695 48.56292724609375
      vertex 10.406980514526367 10.402671813964844 47.75843048095703
      vertex 9.913603782653809 10.682174682617188 46.28958511352539
    endloop
  endfacet
  facet normal 0.6462540626525879 0.7495834231376648 -0.14310996234416962
    outer loop
      vertex 9.913603782653809 10.682174682617188 46.28958511352539
      vertex 8.917282104492188 11.608927726745605 46.644569396972656
      vertex 9.408950805664062 11.551286697387695 48.56292724609375
    endloop
  endfacet
  facet normal 0.614168643951416 0.7777079939842224 -0.13404151797294617
    outer loop
      vertex 9.408950805664062 11.551286697387695 48.56292724609375
      vertex 8.917282104492188 11.608927726745605 46.644569396972656
      vertex 8.271787643432617 12.456724166870117 48.60586929321289
    endloop
  endfacet
  facet normal 0.559626042842865 0.8118005394935608 -0.16672927141189575
    outer loop
      vertex 8.271787643432617 12.456724166870117 48.60586929321289
      vertex 8.917282104492188 11.608927726745605 46.644569396972656
      vertex 7.880621910095215 12.364988327026367 46.84626388549805
    endloop
  endfacet
  facet normal 0.5146962404251099 0.8426230549812317 -0.15834815800189972
    outer loop
      vertex 8.271787643432617 12.456724166870117 48.60586929321289
      vertex 7.880621910095215 12.364988327026367 46.84626388549805
      vertex 7.207887649536133 13.121644973754883 48.6860237121582
    endloop
  endfacet
  facet normal 0.46455320715904236 0.8657492995262146 -0.1861950010061264
    outer loop
      vertex 7.880621910095215 12.364988327026367 46.84626388549805
      vertex 6.853364944458008 12.95018196105957 47.00424575805664
      vertex 7.207887649536133 13.121644973754883 48.6860237121582
    endloop
  endfacet
  facet normal 0.41254857182502747 0.8933659195899963 -0.17804791033267975
    outer loop
      vertex 7.207887649536133 13.121644973754883 48.6860237121582
      vertex 6.853364944458008 12.95018196105957 47.00424575805664
      vertex 6.158747673034668 13.618825912475586 48.749732971191406
    endloop
  endfacet
  facet normal 0.3712907135486603 0.9068059921264648 -0.19961494207382202
    outer loop
      vertex 6.158747673034668 13.618825912475586 48.749732971191406
      vertex 6.853364944458008 12.95018196105957 47.00424575805664
      vertex 5.832352638244629 13.395431518554688 47.1277961730957
    endloop
  endfacet
  facet normal 0.3135223388671875 0.9301319122314453 -0.19120250642299652
    outer loop
      vertex 6.158747673034668 13.618825912475586 48.749732971191406
      vertex 5.832352638244629 13.395431518554688 47.1277961730957
      vertex 5.130810260772705 13.972423553466797 48.78430938720703
    endloop
  endfacet
  facet normal 0.2850760817527771 0.9362432956695557 -0.20537835359573364
    outer loop
      vertex 5.130810260772705 13.972423553466797 48.78430938720703
      vertex 5.832352638244629 13.395431518554688 47.1277961730957
      vertex 4.8219099044799805 13.725706100463867 47.2308464050293
    endloop
  endfacet
  facet normal 0.22339411079883575 0.9548063278198242 -0.19606123864650726
    outer loop
      vertex 5.130810260772705 13.972423553466797 48.78430938720703
      vertex 4.8219099044799805 13.725706100463867 47.2308464050293
      vertex 4.14424991607666 14.20510196685791 48.79334259033203
    endloop
  endfacet
  facet normal 0.20541822910308838 0.9570596814155579 -0.20454880595207214
    outer loop
      vertex 4.14424991607666 14.20510196685791 48.79334259033203
      vertex 4.8219099044799805 13.725706100463867 47.2308464050293
      vertex 3.813408136367798 13.962749481201172 47.32715606689453
    endloop
  endfacet
  facet normal 0.14417608082294464 0.9705562591552734 -0.19296059012413025
    outer loop
      vertex 3.813408136367798 13.962749481201172 47.32715606689453
      vertex 3.154148578643799 14.36542797088623 48.85997009277344
      vertex 4.14424991607666 14.20510196685791 48.79334259033203
    endloop
  endfacet
  facet normal 0.13787539303302765 0.9572042226791382 -0.2544611096382141
    outer loop
      vertex 3.154148578643799 14.36542797088623 48.85997009277344
      vertex 3.494725227355957 14.605297088623047 49.94681930541992
      vertex 4.14424991607666 14.20510196685791 48.79334259033203
    endloop
  endfacet
  facet normal 0.14470554888248444 0.9572102427482605 -0.250617116689682
    outer loop
      vertex 4.14424991607666 14.20510196685791 48.79334259033203
      vertex 3.494725227355957 14.605297088623047 49.94681930541992
      vertex 4.33857536315918 14.526908874511719 50.13465881347656
    endloop
  endfacet
  facet normal 0.15326400101184845 0.9431456923484802 -0.29493439197540283
    outer loop
      vertex 4.33857536315918 14.526908874511719 50.13465881347656
      vertex 3.494725227355957 14.605297088623047 49.94681930541992
      vertex 3.2675113677978516 15.081177711486816 51.35052490234375
    endloop
  endfacet
  facet normal 0.055525004863739014 0.9482935070991516 -0.3125002980232239
    outer loop
      vertex 3.2675113677978516 15.081177711486816 51.35052490234375
      vertex 3.494725227355957 14.605297088623047 49.94681930541992
      vertex 2.5026419162750244 14.757997512817383 50.23392105102539
    endloop
  endfacet
  facet normal 0.07990521937608719 0.9678158164024353 -0.2386375069618225
    outer loop
      vertex 3.494725227355957 14.605297088623047 49.94681930541992
      vertex 3.154148578643799 14.36542797088623 48.85997009277344
      vertex 2.5026419162750244 14.757997512817383 50.23392105102539
    endloop
  endfacet
  facet normal 0.0611148364841938 0.9670055508613586 -0.24731610715389252
    outer loop
      vertex 2.5026419162750244 14.757997512817383 50.23392105102539
      vertex 3.154148578643799 14.36542797088623 48.85997009277344
      vertex 2.0858380794525146 14.457653999328613 48.956581115722656
    endloop
  endfacet
  facet normal 0.0681108832359314 0.980738639831543 -0.18306460976600647
    outer loop
      vertex 3.154148578643799 14.36542797088623 48.85997009277344
      vertex 2.786224842071533 14.123550415039062 47.42726135253906
      vertex 2.0858380794525146 14.457653999328613 48.956581115722656
    endloop
  endfacet
  facet normal 0.06269431114196777 0.9806379079818726 -0.18552324175834656
    outer loop
      vertex 2.0858380794525146 14.457653999328613 48.956581115722656
      vertex 2.786224842071533 14.123550415039062 47.42726135253906
      vertex 1.742034912109375 14.202249526977539 47.49038314819336
    endloop
  endfacet
  facet normal -0.009418471716344357 0.9854921698570251 -0.16945938766002655
    outer loop
      vertex 1.742034912109375 14.202249526977539 47.49038314819336
      vertex 0.9932224154472351 14.444374084472656 48.94007873535156
      vertex 2.0858380794525146 14.457653999328613 48.956581115722656
    endloop
  endfacet
  facet normal -0.008499696850776672 0.9750375151634216 -0.22187747061252594
    outer loop
      vertex 0.9932224154472351 14.444374084472656 48.94007873535156
      vertex 1.2610396146774292 14.759989738464355 50.31678771972656
      vertex 2.0858380794525146 14.457653999328613 48.956581115722656
    endloop
  endfacet
  facet normal -0.01343435887247324 0.9743323922157288 -0.2247130274772644
    outer loop
      vertex 2.0858380794525146 14.457653999328613 48.956581115722656
      vertex 1.2610396146774292 14.759989738464355 50.31678771972656
      vertex 2.5026419162750244 14.757997512817383 50.23392105102539
    endloop
  endfacet
  facet normal -0.018237164244055748 0.9549492597579956 -0.2962082326412201
    outer loop
      vertex 1.2610396146774292 14.759989738464355 50.31678771972656
      vertex 1.6955980062484741 15.15404987335205 51.560447692871094
      vertex 2.5026419162750244 14.757997512817383 50.23392105102539
    endloop
  endfacet
  facet normal 0.006773252505809069 0.9593044519424438 -0.2822924852371216
    outer loop
      vertex 2.5026419162750244 14.757997512817383 50.23392105102539
      vertex 1.6955980062484741 15.15404987335205 51.560447692871094
      vertex 3.2675113677978516 15.081177711486816 51.35052490234375
    endloop
  endfacet
  facet normal -0.009207211434841156 0.9212930798530579 -0.3887600600719452
    outer loop
      vertex 1.6955980062484741 15.15404987335205 51.560447692871094
      vertex 2.11738920211792 15.686206817626953 52.81157684326172
      vertex 3.2675113677978516 15.081177711486816 51.35052490234375
    endloop
  endfacet
  facet normal 0.0028307109605520964 0.9246969819068909 -0.3806934654712677
    outer loop
      vertex 3.2675113677978516 15.081177711486816 51.35052490234375
      vertex 2.11738920211792 15.686206817626953 52.81157684326172
      vertex 4.132115840911865 15.788148880004883 53.07417297363281
    endloop
  endfacet
  facet normal 0.02727995626628399 0.8433372378349304 -0.5366917848587036
    outer loop
      vertex 4.132115840911865 15.788148880004883 53.07417297363281
      vertex 2.11738920211792 15.686206817626953 52.81157684326172
      vertex 2.261690855026245 16.396400451660156 53.93488311767578
    endloop
  endfacet
  facet normal -0.19038739800453186 0.8406413197517395 -0.507025420665741
    outer loop
      vertex 2.11738920211792 15.686206817626953 52.81157684326172
      vertex 0.5012016296386719 16.086254119873047 54.08172607421875
      vertex 2.261690855026245 16.396400451660156 53.93488311767578
    endloop
  endfacet
  facet normal -0.09897219389677048 0.9061007499694824 -0.41132238507270813
    outer loop
      vertex 0.5012016296386719 16.086254119873047 54.08172607421875
      vertex 2.11738920211792 15.686206817626953 52.81157684326172
      vertex 0.8391097784042358 15.485429763793945 52.67686462402344
    endloop
  endfacet
  facet normal -0.10793241113424301 0.9274290204048157 -0.35808679461479187
    outer loop
      vertex 2.11738920211792 15.686206817626953 52.81157684326172
      vertex 1.6955980062484741 15.15404987335205 51.560447692871094
      vertex 0.8391097784042358 15.485429763793945 52.67686462402344
    endloop
  endfacet
  facet normal -0.11910197883844376 0.923199474811554 -0.36540040373802185
    outer loop
      vertex 1.6955980062484741 15.15404987335205 51.560447692871094
      vertex 0.17046229541301727 14.999878883361816 51.66804504394531
      vertex 0.8391097784042358 15.485429763793945 52.67686462402344
    endloop
  endfacet
  facet normal -0.20832489430904388 0.9280924797058105 -0.30861830711364746
    outer loop
      vertex 0.17046229541301727 14.999878883361816 51.66804504394531
      vertex -0.2787349820137024 15.371565818786621 53.089019775390625
      vertex 0.8391097784042358 15.485429763793945 52.67686462402344
    endloop
  endfacet
  facet normal -0.2472067028284073 0.8679893612861633 -0.4306775629520416
    outer loop
      vertex -0.2787349820137024 15.371565818786621 53.089019775390625
      vertex 0.5012016296386719 16.086254119873047 54.08172607421875
      vertex 0.8391097784042358 15.485429763793945 52.67686462402344
    endloop
  endfacet
  facet normal -0.371070921421051 0.8669828772544861 -0.3326368033885956
    outer loop
      vertex 0.5012016296386719 16.086254119873047 54.08172607421875
      vertex -0.2787349820137024 15.371565818786621 53.089019775390625
      vertex -1.5262055397033691 15.31572437286377 54.3350830078125
    endloop
  endfacet
  facet normal -0.3137519955635071 0.9093052744865417 -0.27335649728775024
    outer loop
      vertex -0.2787349820137024 15.371565818786621 53.089019775390625
      vertex -1.3502488136291504 14.834430694580078 52.532127380371094
      vertex -1.5262055397033691 15.31572437286377 54.3350830078125
    endloop
  endfacet
  facet normal -0.4271719753742218 0.8623243570327759 -0.27188414335250854
    outer loop
      vertex -1.5262055397033691 15.31572437286377 54.3350830078125
      vertex -1.3502488136291504 14.834430694580078 52.532127380371094
      vertex -3.0182275772094727 14.239117622375488 53.2646484375
    endloop
  endfacet
  facet normal -0.37932175397872925 0.9177217483520508 -0.11790631711483002
    outer loop
      vertex -3.0182275772094727 14.239117622375488 53.2646484375
      vertex -1.3502488136291504 14.834430694580078 52.532127380371094
      vertex -2.348876953125 14.300105094909668 51.58594512939453
    endloop
  endfacet
  facet normal -0.2948756814002991 0.9311252236366272 -0.21460233628749847
    outer loop
      vertex -1.3502488136291504 14.834430694580078 52.532127380371094
      vertex -1.0417804718017578 14.582907676696777 51.0169563293457
      vertex -2.348876953125 14.300105094909668 51.58594512939453
    endloop
  endfacet
  facet normal -0.2675382196903229 0.9531999826431274 -0.14083024859428406
    outer loop
      vertex -2.348876953125 14.300105094909668 51.58594512939453
      vertex -1.0417804718017578 14.582907676696777 51.0169563293457
      vertex -1.9109866619110107 14.213824272155762 50.17008972167969
    endloop
  endfacet
  facet normal -0.22715166211128235 0.9563825726509094 -0.18366919457912445
    outer loop
      vertex -1.0417804718017578 14.582907676696777 51.0169563293457
      vertex -0.8601192235946655 14.36390495300293 49.651920318603516
      vertex -1.9109866619110107 14.213824272155762 50.17008972167969
    endloop
  endfacet
  facet normal -0.20450285077095032 0.9696660041809082 -0.1338891237974167
    outer loop
      vertex -1.9109866619110107 14.213824272155762 50.17008972167969
      vertex -0.8601192235946655 14.36390495300293 49.651920318603516
      vertex -1.5454641580581665 14.105619430541992 48.8281364440918
    endloop
  endfacet
  facet normal -0.18176960945129395 0.9713151454925537 -0.1533190757036209
    outer loop
      vertex -0.8601192235946655 14.36390495300293 49.651920318603516
      vertex -0.7431079149246216 14.206855773925781 48.51824951171875
      vertex -1.5454641580581665 14.105619430541992 48.8281364440918
    endloop
  endfacet
  facet normal -0.1668899804353714 0.9795831441879272 -0.11209181696176529
    outer loop
      vertex -1.5454641580581665 14.105619430541992 48.8281364440918
      vertex -0.7431079149246216 14.206855773925781 48.51824951171875
      vertex -1.112070083618164 14.024221420288086 47.47152328491211
    endloop
  endfacet
  facet normal -0.12347901612520218 0.9840352535247803 -0.12817063927650452
    outer loop
      vertex -0.7431079149246216 14.206855773925781 48.51824951171875
      vertex -0.2107681930065155 14.132604598999023 47.43532943725586
      vertex -1.112070083618164 14.024221420288086 47.47152328491211
    endloop
  endfacet
  facet normal -0.131068155169487 0.9825730323791504 -0.13180102407932281
    outer loop
      vertex -0.2107681930065155 14.132604598999023 47.43532943725586
      vertex -0.7431079149246216 14.206855773925781 48.51824951171875
      vertex 0.0038142302073538303 14.341249465942383 48.777381896972656
    endloop
  endfacet
  facet normal -0.12488498538732529 0.9809523224830627 -0.14878278970718384
    outer loop
      vertex -0.7431079149246216 14.206855773925781 48.51824951171875
      vertex -0.8601192235946655 14.36390495300293 49.651920318603516
      vertex 0.0038142302073538303 14.341249465942383 48.777381896972656
    endloop
  endfacet
  facet normal -0.1565401256084442 0.971167802810669 -0.1798005849123001
    outer loop
      vertex -0.8601192235946655 14.36390495300293 49.651920318603516
      vertex 0.08861379325389862 14.605960845947266 50.13335418701172
      vertex 0.0038142302073538303 14.341249465942383 48.777381896972656
    endloop
  endfacet
  facet normal -0.07140424102544785 0.9797977209091187 -0.18680953979492188
    outer loop
      vertex 0.08861379325389862 14.605960845947266 50.13335418701172
      vertex 0.9932224154472351 14.444374084472656 48.94007873535156
      vertex 0.0038142302073538303 14.341249465942383 48.777381896972656
    endloop
  endfacet
  facet normal -0.07785850018262863 0.9854418635368347 -0.15113681554794312
    outer loop
      vertex 0.0038142302073538303 14.341249465942383 48.777381896972656
      vertex 0.9932224154472351 14.444374084472656 48.94007873535156
      vertex 0.7270076274871826 14.200445175170898 47.48675537109375
    endloop
  endfacet
  facet normal -0.001162313623353839 0.9862394332885742 -0.16531962156295776
    outer loop
      vertex 0.9932224154472351 14.444374084472656 48.94007873535156
      vertex 1.742034912109375 14.202249526977539 47.49038314819336
      vertex 0.7270076274871826 14.200445175170898 47.48675537109375
    endloop
  endfacet
  facet normal -0.06358415633440018 0.9876235723495483 -0.14337630569934845
    outer loop
      vertex 0.0038142302073538303 14.341249465942383 48.777381896972656
      vertex 0.7270076274871826 14.200445175170898 47.48675537109375
      vertex -0.2107681930065155 14.132604598999023 47.43532943725586
    endloop
  endfacet
  facet normal -0.09595680236816406 0.9741197824478149 -0.20465366542339325
    outer loop
      vertex 0.08861379325389862 14.605960845947266 50.13335418701172
      vertex 1.2610396146774292 14.759989738464355 50.31678771972656
      vertex 0.9932224154472351 14.444374084472656 48.94007873535156
    endloop
  endfacet
  facet normal -0.08884870260953903 0.9659020900726318 -0.24318522214889526
    outer loop
      vertex 1.2610396146774292 14.759989738464355 50.31678771972656
      vertex 0.08861379325389862 14.605960845947266 50.13335418701172
      vertex 0.17046229541301727 14.999878883361816 51.66804504394531
    endloop
  endfacet
  facet normal -0.20183230936527252 0.9512065649032593 -0.2333875596523285
    outer loop
      vertex 0.08861379325389862 14.605960845947266 50.13335418701172
      vertex -1.0417804718017578 14.582907676696777 51.0169563293457
      vertex 0.17046229541301727 14.999878883361816 51.66804504394531
    endloop
  endfacet
  facet normal -0.21919919550418854 0.9543187618255615 -0.2030458152294159
    outer loop
      vertex 0.17046229541301727 14.999878883361816 51.66804504394531
      vertex -1.0417804718017578 14.582907676696777 51.0169563293457
      vertex -1.3502488136291504 14.834430694580078 52.532127380371094
    endloop
  endfacet
  facet normal -0.2830919027328491 0.9021779894828796 -0.3254750072956085
    outer loop
      vertex 0.17046229541301727 14.999878883361816 51.66804504394531
      vertex -1.3502488136291504 14.834430694580078 52.532127380371094
      vertex -0.2787349820137024 15.371565818786621 53.089019775390625
    endloop
  endfacet
  facet normal -0.1580865979194641 0.9714508652687073 -0.1768953949213028
    outer loop
      vertex -1.0417804718017578 14.582907676696777 51.0169563293457
      vertex 0.08861379325389862 14.605960845947266 50.13335418701172
      vertex -0.8601192235946655 14.36390495300293 49.651920318603516
    endloop
  endfacet
  facet normal -0.1153898611664772 0.9578234553337097 -0.2631719410419464
    outer loop
      vertex 0.17046229541301727 14.999878883361816 51.66804504394531
      vertex 1.6955980062484741 15.15404987335205 51.560447692871094
      vertex 1.2610396146774292 14.759989738464355 50.31678771972656
    endloop
  endfacet
  facet normal -0.19055764377117157 0.9743948578834534 -0.11934158205986023
    outer loop
      vertex -1.5454641580581665 14.105619430541992 48.8281364440918
      vertex -1.112070083618164 14.024221420288086 47.47152328491211
      vertex -2.0685174465179443 13.8529052734375 47.59996795654297
    endloop
  endfacet
  facet normal -0.2364831566810608 0.9666613936424255 -0.09819149971008301
    outer loop
      vertex -1.5454641580581665 14.105619430541992 48.8281364440918
      vertex -2.0685174465179443 13.8529052734375 47.59996795654297
      vertex -2.5601232051849365 13.881463050842285 49.065086364746094
    endloop
  endfacet
  facet normal -0.26072853803634644 0.9595544338226318 -0.10618827491998672
    outer loop
      vertex -2.0685174465179443 13.8529052734375 47.59996795654297
      vertex -3.0926311016082764 13.584877014160156 47.69252014160156
      vertex -2.5601232051849365 13.881463050842285 49.065086364746094
    endloop
  endfacet
  facet normal -0.3141189515590668 0.9457921385765076 -0.0825008749961853
    outer loop
      vertex -2.5601232051849365 13.881463050842285 49.065086364746094
      vertex -3.0926311016082764 13.584877014160156 47.69252014160156
      vertex -3.6351981163024902 13.535013198852539 49.186683654785156
    endloop
  endfacet
  facet normal -0.33776459097862244 0.9367836117744446 -0.0913877934217453
    outer loop
      vertex -3.6351981163024902 13.535013198852539 49.186683654785156
      vertex -3.0926311016082764 13.584877014160156 47.69252014160156
      vertex -4.139346122741699 13.210403442382812 47.722530364990234
    endloop
  endfacet
  facet normal -0.39492133259773254 0.9162572026252747 -0.06715637445449829
    outer loop
      vertex -4.139346122741699 13.210403442382812 47.722530364990234
      vertex -4.699028015136719 13.07830810546875 49.2115478515625
      vertex -3.6351981163024902 13.535013198852539 49.186683654785156
    endloop
  endfacet
  facet normal -0.39435964822769165 0.9128445982933044 -0.10580732673406601
    outer loop
      vertex -3.6351981163024902 13.535013198852539 49.186683654785156
      vertex -4.699028015136719 13.07830810546875 49.2115478515625
      vertex -4.188763618469238 13.452550888061523 50.53846740722656
    endloop
  endfacet
  facet normal -0.4509747624397278 0.8891777396202087 -0.07736111432313919
    outer loop
      vertex -4.188763618469238 13.452550888061523 50.53846740722656
      vertex -4.699028015136719 13.07830810546875 49.2115478515625
      vertex -5.243696689605713 12.91619873046875 50.52341842651367
    endloop
  endfacet
  facet normal -0.4767175614833832 0.87445068359375 -0.08986897766590118
    outer loop
      vertex -5.243696689605713 12.91619873046875 50.52341842651367
      vertex -4.699028015136719 13.07830810546875 49.2115478515625
      vertex -5.725620269775391 12.515425682067871 49.1801872253418
    endloop
  endfacet
  facet normal -0.47902095317840576 0.8764045834541321 -0.04953669384121895
    outer loop
      vertex -5.725620269775391 12.515425682067871 49.1801872253418
      vertex -4.699028015136719 13.07830810546875 49.2115478515625
      vertex -5.1766462326049805 12.731422424316406 47.693016052246094
    endloop
  endfacet
  facet normal -0.4162226915359497 0.9060753583908081 -0.07606624811887741
    outer loop
      vertex -5.1766462326049805 12.731422424316406 47.693016052246094
      vertex -4.699028015136719 13.07830810546875 49.2115478515625
      vertex -4.139346122741699 13.210403442382812 47.722530364990234
    endloop
  endfacet
  facet normal -0.49974325299263 0.8641643524169922 -0.05896389111876488
    outer loop
      vertex -5.725620269775391 12.515425682067871 49.1801872253418
      vertex -5.1766462326049805 12.731422424316406 47.693016052246094
      vertex -6.193922996520996 12.138282775878906 47.62190628051758
    endloop
  endfacet
  facet normal -0.5633659958839417 0.8256435394287109 -0.03052065521478653
    outer loop
      vertex -6.193922996520996 12.138282775878906 47.62190628051758
      vertex -6.720939636230469 11.834280967712402 49.126007080078125
      vertex -5.725620269775391 12.515425682067871 49.1801872253418
    endloop
  endfacet
  facet normal -0.5606979727745056 0.824967622756958 -0.07103651016950607
    outer loop
      vertex -5.725620269775391 12.515425682067871 49.1801872253418
      vertex -6.720939636230469 11.834280967712402 49.126007080078125
      vertex -6.23118782043457 12.284496307373047 50.48883056640625
    endloop
  endfacet
  facet normal -0.6163219213485718 0.7865595817565918 -0.03835887089371681
    outer loop
      vertex -6.23118782043457 12.284496307373047 50.48883056640625
      vertex -6.720939636230469 11.834280967712402 49.126007080078125
      vertex -7.18234920501709 11.53818130493164 50.467987060546875
    endloop
  endfacet
  facet normal -0.6402338743209839 0.7664845585823059 -0.051009856164455414
    outer loop
      vertex -7.18234920501709 11.53818130493164 50.467987060546875
      vertex -6.720939636230469 11.834280967712402 49.126007080078125
      vertex -7.712062835693359 11.002943992614746 49.07393264770508
    endloop
  endfacet
  facet normal -0.642372727394104 0.7663492560386658 -0.008140997029840946
    outer loop
      vertex -7.712062835693359 11.002943992614746 49.07393264770508
      vertex -6.720939636230469 11.834280967712402 49.126007080078125
      vertex -7.196361541748047 11.41866683959961 47.51594543457031
    endloop
  endfacet
  facet normal -0.5800158381462097 0.8136820197105408 -0.03877212852239609
    outer loop
      vertex -7.196361541748047 11.41866683959961 47.51594543457031
      vertex -6.720939636230469 11.834280967712402 49.126007080078125
      vertex -6.193922996520996 12.138282775878906 47.62190628051758
    endloop
  endfacet
  facet normal -0.6581435203552246 0.7527005672454834 -0.0170031376183033
    outer loop
      vertex -7.712062835693359 11.002943992614746 49.07393264770508
      vertex -7.196361541748047 11.41866683959961 47.51594543457031
      vertex -8.19653606414795 10.54084587097168 47.37021255493164
    endloop
  endfacet
  facet normal -0.7132958769798279 0.7007466554641724 0.012771465815603733
    outer loop
      vertex -8.19653606414795 10.54084587097168 47.37021255493164
      vertex -8.785882949829102 9.909826278686523 49.0776252746582
      vertex -7.712062835693359 11.002943992614746 49.07393264770508
    endloop
  endfacet
  facet normal -0.7128517627716064 0.7001295685768127 -0.04075443744659424
    outer loop
      vertex -7.712062835693359 11.002943992614746 49.07393264770508
      vertex -8.785882949829102 9.909826278686523 49.0776252746582
      vertex -8.112415313720703 10.678059577941895 50.495391845703125
    endloop
  endfacet
  facet normal -0.7284298539161682 0.6846650838851929 -0.02497490867972374
    outer loop
      vertex -8.785882949829102 9.909826278686523 49.0776252746582
      vertex -8.93609619140625 9.810185432434082 50.72724914550781
      vertex -8.112415313720703 10.678059577941895 50.495391845703125
    endloop
  endfacet
  facet normal -0.7256338000297546 0.6880773901939392 -0.002269167685881257
    outer loop
      vertex -8.93609619140625 9.810185432434082 50.72724914550781
      vertex -8.386672973632812 10.392671585083008 51.659523010253906
      vertex -8.112415313720703 10.678059577941895 50.495391845703125
    endloop
  endfacet
  facet normal -0.6985352635383606 0.7154936194419861 0.010836105793714523
    outer loop
      vertex -8.112415313720703 10.678059577941895 50.495391845703125
      vertex -8.386672973632812 10.392671585083008 51.659523010253906
      vertex -7.543692111968994 11.215892791748047 51.64496994018555
    endloop
  endfacet
  facet normal -0.6931386590003967 0.7117854356765747 0.11366772651672363
    outer loop
      vertex -8.386672973632812 10.392671585083008 51.659523010253906
      vertex -7.859832763671875 10.768922805786133 52.516082763671875
      vertex -7.543692111968994 11.215892791748047 51.64496994018555
    endloop
  endfacet
  facet normal -0.6735274195671082 0.7278167009353638 0.1290106475353241
    outer loop
      vertex -7.543692111968994 11.215892791748047 51.64496994018555
      vertex -7.859832763671875 10.768922805786133 52.516082763671875
      vertex -6.894959449768066 11.6044921875 52.83952331542969
    endloop
  endfacet
  facet normal -0.6793711185455322 0.6618211269378662 0.31693488359451294
    outer loop
      vertex -7.859832763671875 10.768922805786133 52.516082763671875
      vertex -7.69502067565918 10.373525619506836 53.69503402709961
      vertex -6.894959449768066 11.6044921875 52.83952331542969
    endloop
  endfacet
  facet normal -0.7027609348297119 0.652993381023407 0.28235915303230286
    outer loop
      vertex -6.894959449768066 11.6044921875 52.83952331542969
      vertex -7.69502067565918 10.373525619506836 53.69503402709961
      vertex -6.265594482421875 11.640275955200195 54.32318878173828
    endloop
  endfacet
  facet normal -0.6809641122817993 0.6797419190406799 0.2724679410457611
    outer loop
      vertex -6.265594482421875 11.640275955200195 54.32318878173828
      vertex -5.8863396644592285 12.403404235839844 53.367218017578125
      vertex -6.894959449768066 11.6044921875 52.83952331542969
    endloop
  endfacet
  facet normal -0.664421021938324 0.7284300923347473 0.16713571548461914
    outer loop
      vertex -5.8863396644592285 12.403404235839844 53.367218017578125
      vertex -6.121766567230225 12.391544342041016 52.48300552368164
      vertex -6.894959449768066 11.6044921875 52.83952331542969
    endloop
  endfacet
  facet normal -0.6871936917304993 0.7197529673576355 0.09859231114387512
    outer loop
      vertex -6.121766567230225 12.391544342041016 52.48300552368164
      vertex -6.647533416748047 12.005186080932617 51.638912200927734
      vertex -6.894959449768066 11.6044921875 52.83952331542969
    endloop
  endfacet
  facet normal -0.6562253832817078 0.745947003364563 0.11371637880802155
    outer loop
      vertex -6.647533416748047 12.005186080932617 51.638912200927734
      vertex -7.543692111968994 11.215892791748047 51.64496994018555
      vertex -6.894959449768066 11.6044921875 52.83952331542969
    endloop
  endfacet
  facet normal -0.6609337329864502 0.7504398226737976 0.002578139305114746
    outer loop
      vertex -7.543692111968994 11.215892791748047 51.64496994018555
      vertex -6.647533416748047 12.005186080932617 51.638912200927734
      vertex -7.18234920501709 11.53818130493164 50.467987060546875
    endloop
  endfacet
  facet normal -0.6165415644645691 0.7866658568382263 -0.03214601054787636
    outer loop
      vertex -6.647533416748047 12.005186080932617 51.638912200927734
      vertex -6.23118782043457 12.284496307373047 50.48883056640625
      vertex -7.18234920501709 11.53818130493164 50.467987060546875
    endloop
  endfacet
  facet normal -0.601079523563385 0.7988409996032715 -0.02359168790280819
    outer loop
      vertex -6.23118782043457 12.284496307373047 50.48883056640625
      vertex -6.647533416748047 12.005186080932617 51.638912200927734
      vertex -5.740294456481934 12.68803596496582 51.64593505859375
    endloop
  endfacet
  facet normal -0.601383626461029 0.7989106774330139 0.00891114491969347
    outer loop
      vertex -6.647533416748047 12.005186080932617 51.638912200927734
      vertex -6.121766567230225 12.391544342041016 52.48300552368164
      vertex -5.740294456481934 12.68803596496582 51.64593505859375
    endloop
  endfacet
  facet normal -0.5655708909034729 0.8239938020706177 0.03411630168557167
    outer loop
      vertex -5.740294456481934 12.68803596496582 51.64593505859375
      vertex -6.121766567230225 12.391544342041016 52.48300552368164
      vertex -5.280971050262451 12.957475662231445 52.75283432006836
    endloop
  endfacet
  facet normal -0.5840597748756409 0.7986915111541748 0.14479662477970123
    outer loop
      vertex -6.121766567230225 12.391544342041016 52.48300552368164
      vertex -5.8863396644592285 12.403404235839844 53.367218017578125
      vertex -5.280971050262451 12.957475662231445 52.75283432006836
    endloop
  endfacet
  facet normal -0.5907623767852783 0.7954290509223938 0.13525019586086273
    outer loop
      vertex -5.280971050262451 12.957475662231445 52.75283432006836
      vertex -5.8863396644592285 12.403404235839844 53.367218017578125
      vertex -4.706754684448242 13.119333267211914 54.30905532836914
    endloop
  endfacet
  facet normal -0.6564518809318542 0.6946723461151123 0.294111043214798
    outer loop
      vertex -4.706754684448242 13.119333267211914 54.30905532836914
      vertex -5.8863396644592285 12.403404235839844 53.367218017578125
      vertex -6.265594482421875 11.640275955200195 54.32318878173828
    endloop
  endfacet
  facet normal -0.5073238611221313 0.8561480045318604 0.09814775735139847
    outer loop
      vertex -5.280971050262451 12.957475662231445 52.75283432006836
      vertex -4.706754684448242 13.119333267211914 54.30905532836914
      vertex -4.302734375 13.532037734985352 52.797386169433594
    endloop
  endfacet
  facet normal -0.5070904493331909 0.8562752604484558 0.09824490547180176
    outer loop
      vertex -4.302734375 13.532037734985352 52.797386169433594
      vertex -4.706754684448242 13.119333267211914 54.30905532836914
      vertex -3.0182275772094727 14.239117622375488 53.2646484375
    endloop
  endfacet
  facet normal -0.6023266315460205 0.7877197265625 -0.12922993302345276
    outer loop
      vertex -4.706754684448242 13.119333267211914 54.30905532836914
      vertex -3.1439366340637207 14.478132247924805 55.30747604370117
      vertex -3.0182275772094727 14.239117622375488 53.2646484375
    endloop
  endfacet
  facet normal -0.5167008638381958 0.8461165428161621 -0.13079333305358887
    outer loop
      vertex -3.1439366340637207 14.478132247924805 55.30747604370117
      vertex -1.5262055397033691 15.31572437286377 54.3350830078125
      vertex -3.0182275772094727 14.239117622375488 53.2646484375
    endloop
  endfacet
  facet normal -0.4662919342517853 0.8829631209373474 -0.05429571494460106
    outer loop
      vertex -4.302734375 13.532037734985352 52.797386169433594
      vertex -3.0182275772094727 14.239117622375488 53.2646484375
      vertex -3.631796360015869 13.823368072509766 51.773014068603516
    endloop
  endfacet
  facet normal -0.3602702021598816 0.9263402223587036 -0.10999677330255508
    outer loop
      vertex -3.631796360015869 13.823368072509766 51.773014068603516
      vertex -3.0182275772094727 14.239117622375488 53.2646484375
      vertex -2.348876953125 14.300105094909668 51.58594512939453
    endloop
  endfacet
  facet normal -0.35975679755210876 0.9271999597549438 -0.10428458452224731
    outer loop
      vertex -3.631796360015869 13.823368072509766 51.773014068603516
      vertex -2.348876953125 14.300105094909668 51.58594512939453
      vertex -3.0597825050354004 13.89661979675293 50.45098876953125
    endloop
  endfacet
  facet normal -0.29693108797073364 0.9431537389755249 -0.14930856227874756
    outer loop
      vertex -2.348876953125 14.300105094909668 51.58594512939453
      vertex -1.9109866619110107 14.213824272155762 50.17008972167969
      vertex -3.0597825050354004 13.89661979675293 50.45098876953125
    endloop
  endfacet
  facet normal -0.29044219851493835 0.9499447345733643 -0.11510206013917923
    outer loop
      vertex -1.9109866619110107 14.213824272155762 50.17008972167969
      vertex -2.5601232051849365 13.881463050842285 49.065086364746094
      vertex -3.0597825050354004 13.89661979675293 50.45098876953125
    endloop
  endfacet
  facet normal -0.3170721232891083 0.9401814937591553 -0.12459617108106613
    outer loop
      vertex -3.0597825050354004 13.89661979675293 50.45098876953125
      vertex -2.5601232051849365 13.881463050842285 49.065086364746094
      vertex -3.6351981163024902 13.535013198852539 49.186683654785156
    endloop
  endfacet
  facet normal -0.37076422572135925 0.923806369304657 -0.09547612816095352
    outer loop
      vertex -3.6351981163024902 13.535013198852539 49.186683654785156
      vertex -4.188763618469238 13.452550888061523 50.53846740722656
      vertex -3.0597825050354004 13.89661979675293 50.45098876953125
    endloop
  endfacet
  facet normal -0.37117382884025574 0.9220834970474243 -0.10950800776481628
    outer loop
      vertex -4.188763618469238 13.452550888061523 50.53846740722656
      vertex -3.631796360015869 13.823368072509766 51.773014068603516
      vertex -3.0597825050354004 13.89661979675293 50.45098876953125
    endloop
  endfacet
  facet normal -0.43474170565605164 0.8975540399551392 -0.07346144318580627
    outer loop
      vertex -4.188763618469238 13.452550888061523 50.53846740722656
      vertex -4.7554707527160645 13.274579048156738 51.717750549316406
      vertex -3.631796360015869 13.823368072509766 51.773014068603516
    endloop
  endfacet
  facet normal -0.4374101161956787 0.8987312912940979 -0.030894404277205467
    outer loop
      vertex -3.631796360015869 13.823368072509766 51.773014068603516
      vertex -4.7554707527160645 13.274579048156738 51.717750549316406
      vertex -4.302734375 13.532037734985352 52.797386169433594
    endloop
  endfacet
  facet normal -0.5066704750061035 0.8621123433113098 0.006881800014525652
    outer loop
      vertex -4.7554707527160645 13.274579048156738 51.717750549316406
      vertex -5.280971050262451 12.957475662231445 52.75283432006836
      vertex -4.302734375 13.532037734985352 52.797386169433594
    endloop
  endfacet
  facet normal -0.5118768215179443 0.8590525388717651 0.0033012290950864553
    outer loop
      vertex -4.7554707527160645 13.274579048156738 51.717750549316406
      vertex -5.740294456481934 12.68803596496582 51.64593505859375
      vertex -5.280971050262451 12.957475662231445 52.75283432006836
    endloop
  endfacet
  facet normal -0.5083556175231934 0.8596855401992798 -0.05015520006418228
    outer loop
      vertex -5.740294456481934 12.68803596496582 51.64593505859375
      vertex -4.7554707527160645 13.274579048156738 51.717750549316406
      vertex -5.243696689605713 12.91619873046875 50.52341842651367
    endloop
  endfacet
  facet normal -0.45073166489601135 0.8888427019119263 -0.0824601799249649
    outer loop
      vertex -4.7554707527160645 13.274579048156738 51.717750549316406
      vertex -4.188763618469238 13.452550888061523 50.53846740722656
      vertex -5.243696689605713 12.91619873046875 50.52341842651367
    endloop
  endfacet
  facet normal -0.536055326461792 0.841592013835907 -0.06608715653419495
    outer loop
      vertex -5.740294456481934 12.68803596496582 51.64593505859375
      vertex -5.243696689605713 12.91619873046875 50.52341842651367
      vertex -6.23118782043457 12.284496307373047 50.48883056640625
    endloop
  endfacet
  facet normal -0.5364879369735718 0.8418638706207275 -0.058701857924461365
    outer loop
      vertex -5.243696689605713 12.91619873046875 50.52341842651367
      vertex -5.725620269775391 12.515425682067871 49.1801872253418
      vertex -6.23118782043457 12.284496307373047 50.48883056640625
    endloop
  endfacet
  facet normal -0.24544239044189453 0.9586337208747864 -0.1441507190465927
    outer loop
      vertex -1.9109866619110107 14.213824272155762 50.17008972167969
      vertex -1.5454641580581665 14.105619430541992 48.8281364440918
      vertex -2.5601232051849365 13.881463050842285 49.065086364746094
    endloop
  endfacet
  facet normal -0.6790611743927002 0.7340436577796936 -0.007476840168237686
    outer loop
      vertex -7.543692111968994 11.215892791748047 51.64496994018555
      vertex -7.18234920501709 11.53818130493164 50.467987060546875
      vertex -8.112415313720703 10.678059577941895 50.495391845703125
    endloop
  endfacet
  facet normal -0.6791470646858215 0.7336225509643555 -0.02360648848116398
    outer loop
      vertex -7.18234920501709 11.53818130493164 50.467987060546875
      vertex -7.712062835693359 11.002943992614746 49.07393264770508
      vertex -8.112415313720703 10.678059577941895 50.495391845703125
    endloop
  endfacet
  facet normal -0.6922067999839783 0.6495186686515808 0.3146032392978668
    outer loop
      vertex -7.69502067565918 10.373525619506836 53.69503402709961
      vertex -7.859832763671875 10.768922805786133 52.516082763671875
      vertex -8.593485832214355 9.953405380249023 52.585548400878906
    endloop
  endfacet
  facet normal -0.7279605865478516 0.668029248714447 0.15430577099323273
    outer loop
      vertex -8.593485832214355 9.953405380249023 52.585548400878906
      vertex -7.859832763671875 10.768922805786133 52.516082763671875
      vertex -8.386672973632812 10.392671585083008 51.659523010253906
    endloop
  endfacet
  facet normal -0.7197785973548889 0.6755810976028442 0.15971535444259644
    outer loop
      vertex -8.386672973632812 10.392671585083008 51.659523010253906
      vertex -9.08416748046875 9.628179550170898 51.749900817871094
      vertex -8.593485832214355 9.953405380249023 52.585548400878906
    endloop
  endfacet
  facet normal -0.731243908405304 0.6599343419075012 0.17253723740577698
    outer loop
      vertex -8.593485832214355 9.953405380249023 52.585548400878906
      vertex -9.08416748046875 9.628179550170898 51.749900817871094
      vertex -9.244189262390137 9.277475357055664 52.41310119628906
    endloop
  endfacet
  facet normal -0.7818394303321838 0.6090381741523743 0.13341504335403442
    outer loop
      vertex -9.08416748046875 9.628179550170898 51.749900817871094
      vertex -9.644136428833008 8.897079467773438 51.80583190917969
      vertex -9.244189262390137 9.277475357055664 52.41310119628906
    endloop
  endfacet
  facet normal -0.8035815954208374 0.5696840286254883 0.17238599061965942
    outer loop
      vertex -9.244189262390137 9.277475357055664 52.41310119628906
      vertex -9.644136428833008 8.897079467773438 51.80583190917969
      vertex -9.636369705200195 8.705961227416992 52.47362518310547
    endloop
  endfacet
  facet normal -0.8409951329231262 0.5174936652183533 0.15788458287715912
    outer loop
      vertex -9.644136428833008 8.897079467773438 51.80583190917969
      vertex -10.143905639648438 8.03744125366211 51.96134948730469
      vertex -9.636369705200195 8.705961227416992 52.47362518310547
    endloop
  endfacet
  facet normal -0.853628933429718 0.4581092596054077 0.24789822101593018
    outer loop
      vertex -9.636369705200195 8.705961227416992 52.47362518310547
      vertex -10.143905639648438 8.03744125366211 51.96134948730469
      vertex -9.867572784423828 8.129010200500488 52.743675231933594
    endloop
  endfacet
  facet normal -0.8507965207099915 0.4642651677131653 0.24617719650268555
    outer loop
      vertex -9.867572784423828 8.129010200500488 52.743675231933594
      vertex -10.143905639648438 8.03744125366211 51.96134948730469
      vertex -10.357914924621582 7.372829437255859 52.47511672973633
    endloop
  endfacet
  facet normal -0.8579087257385254 0.45731163024902344 0.23421943187713623
    outer loop
      vertex -10.143905639648438 8.03744125366211 51.96134948730469
      vertex -10.534503936767578 7.328835964202881 51.9141960144043
      vertex -10.357914924621582 7.372829437255859 52.47511672973633
    endloop
  endfacet
  facet normal -0.9036545753479004 0.3420824706554413 0.2576586604118347
    outer loop
      vertex -10.534503936767578 7.328835964202881 51.9141960144043
      vertex -10.825227737426758 6.542879581451416 51.93805694580078
      vertex -10.357914924621582 7.372829437255859 52.47511672973633
    endloop
  endfacet
  facet normal -0.9027907848358154 0.3293546140193939 0.2765761613845825
    outer loop
      vertex -10.357914924621582 7.372829437255859 52.47511672973633
      vertex -10.825227737426758 6.542879581451416 51.93805694580078
      vertex -10.55784797668457 6.593467712402344 52.750587463378906
    endloop
  endfacet
  facet normal -0.9069682359695435 0.31572040915489197 0.2787996828556061
    outer loop
      vertex -10.55784797668457 6.593467712402344 52.750587463378906
      vertex -10.825227737426758 6.542879581451416 51.93805694580078
      vertex -10.925752639770508 5.781804084777832 52.472900390625
    endloop
  endfacet
  facet normal -0.9300561547279358 0.28542932868003845 0.2313564270734787
    outer loop
      vertex -10.825227737426758 6.542879581451416 51.93805694580078
      vertex -11.275821685791016 5.29254150390625 51.66923141479492
      vertex -10.925752639770508 5.781804084777832 52.472900390625
    endloop
  endfacet
  facet normal -0.9367800951004028 0.20772629976272583 0.2815898060798645
    outer loop
      vertex -10.925752639770508 5.781804084777832 52.472900390625
      vertex -11.275821685791016 5.29254150390625 51.66923141479492
      vertex -11.17930793762207 4.610032558441162 52.49378967285156
    endloop
  endfacet
  facet normal -0.9343079924583435 0.2131054699420929 0.28575295209884644
    outer loop
      vertex -11.17930793762207 4.610032558441162 52.49378967285156
      vertex -11.275821685791016 5.29254150390625 51.66923141479492
      vertex -11.694619178771973 3.88547945022583 51.34925842285156
    endloop
  endfacet
  facet normal -0.9546577334403992 0.24602314829826355 0.16763415932655334
    outer loop
      vertex -11.275821685791016 5.29254150390625 51.66923141479492
      vertex -11.574451446533203 4.847308158874512 50.62200164794922
      vertex -11.694619178771973 3.88547945022583 51.34925842285156
    endloop
  endfacet
  facet normal -0.9493510127067566 0.25618088245391846 0.1819450557231903
    outer loop
      vertex -11.694619178771973 3.88547945022583 51.34925842285156
      vertex -11.574451446533203 4.847308158874512 50.62200164794922
      vertex -11.885692596435547 3.926030397415161 50.29518127441406
    endloop
  endfacet
  facet normal -0.9528634548187256 0.28683793544769287 0.09887051582336426
    outer loop
      vertex -11.574451446533203 4.847308158874512 50.62200164794922
      vertex -11.802131652832031 4.484101295471191 49.48145294189453
      vertex -11.885692596435547 3.926030397415161 50.29518127441406
    endloop
  endfacet
  facet normal -0.9592774510383606 0.2690511643886566 0.08601333945989609
    outer loop
      vertex -11.885692596435547 3.926030397415161 50.29518127441406
      vertex -11.802131652832031 4.484101295471191 49.48145294189453
      vertex -12.09780502319336 3.47603702545166 49.33715057373047
    endloop
  endfacet
  facet normal -0.9592471122741699 0.2689479887485504 0.08667196333408356
    outer loop
      vertex -12.09780502319336 3.47603702545166 49.33715057373047
      vertex -11.802131652832031 4.484101295471191 49.48145294189453
      vertex -12.024496078491211 4.115216255187988 48.16509246826172
    endloop
  endfacet
  facet normal -0.9440860152244568 0.3223680555820465 0.0691409483551979
    outer loop
      vertex -11.802131652832031 4.484101295471191 49.48145294189453
      vertex -11.650701522827148 5.164588928222656 48.376399993896484
      vertex -12.024496078491211 4.115216255187988 48.16509246826172
    endloop
  endfacet
  facet normal -0.9407486915588379 0.3307599127292633 0.07476596534252167
    outer loop
      vertex -11.650701522827148 5.164588928222656 48.376399993896484
      vertex -11.802131652832031 4.484101295471191 49.48145294189453
      vertex -11.412961959838867 5.537121772766113 49.7197151184082
    endloop
  endfacet
  facet normal -0.9407151937484741 0.32887083292007446 0.08306007087230682
    outer loop
      vertex -11.412961959838867 5.537121772766113 49.7197151184082
      vertex -11.802131652832031 4.484101295471191 49.48145294189453
      vertex -11.574451446533203 4.847308158874512 50.62200164794922
    endloop
  endfacet
  facet normal -0.9416624903678894 0.32662340998649597 0.08117229491472244
    outer loop
      vertex -11.574451446533203 4.847308158874512 50.62200164794922
      vertex -11.146404266357422 6.014411926269531 50.89146041870117
      vertex -11.412961959838867 5.537121772766113 49.7197151184082
    endloop
  endfacet
  facet normal -0.9210484623908997 0.38591599464416504 0.052331048995256424
    outer loop
      vertex -11.146404266357422 6.014411926269531 50.89146041870117
      vertex -10.944317817687988 6.622626304626465 49.962982177734375
      vertex -11.412961959838867 5.537121772766113 49.7197151184082
    endloop
  endfacet
  facet normal -0.9211629033088684 0.38509804010391235 0.05620143935084343
    outer loop
      vertex -11.412961959838867 5.537121772766113 49.7197151184082
      vertex -10.944317817687988 6.622626304626465 49.962982177734375
      vertex -11.198819160461426 6.207038402557373 48.639259338378906
    endloop
  endfacet
  facet normal -0.894347608089447 0.4462374746799469 0.0318509042263031
    outer loop
      vertex -10.944317817687988 6.622626304626465 49.962982177734375
      vertex -10.696218490600586 7.192983627319336 48.93859100341797
      vertex -11.198819160461426 6.207038402557373 48.639259338378906
    endloop
  endfacet
  facet normal -0.8948015570640564 0.4453686773777008 0.031257208436727524
    outer loop
      vertex -10.696218490600586 7.192983627319336 48.93859100341797
      vertex -10.944317817687988 6.622626304626465 49.962982177734375
      vertex -10.444886207580566 7.615056991577148 50.11957550048828
    endloop
  endfacet
  facet normal -0.8942321538925171 0.4472642242908478 0.017427915707230568
    outer loop
      vertex -10.444886207580566 7.615056991577148 50.11957550048828
      vertex -10.944317817687988 6.622626304626465 49.962982177734375
      vertex -10.61833381652832 7.228236198425293 51.147159576416016
    endloop
  endfacet
  facet normal -0.9197654128074646 0.38867735862731934 0.05441918596625328
    outer loop
      vertex -10.944317817687988 6.622626304626465 49.962982177734375
      vertex -11.146404266357422 6.014411926269531 50.89146041870117
      vertex -10.61833381652832 7.228236198425293 51.147159576416016
    endloop
  endfacet
  facet normal -0.9200583100318909 0.3813549876213074 0.08978373557329178
    outer loop
      vertex -10.61833381652832 7.228236198425293 51.147159576416016
      vertex -11.146404266357422 6.014411926269531 50.89146041870117
      vertex -10.825227737426758 6.542879581451416 51.93805694580078
    endloop
  endfacet
  facet normal -0.9412626624107361 0.31085339188575745 0.13188987970352173
    outer loop
      vertex -11.146404266357422 6.014411926269531 50.89146041870117
      vertex -11.275821685791016 5.29254150390625 51.66923141479492
      vertex -10.825227737426758 6.542879581451416 51.93805694580078
    endloop
  endfacet
  facet normal -0.9399418234825134 0.3136357367038727 0.1346919983625412
    outer loop
      vertex -11.275821685791016 5.29254150390625 51.66923141479492
      vertex -11.146404266357422 6.014411926269531 50.89146041870117
      vertex -11.574451446533203 4.847308158874512 50.62200164794922
    endloop
  endfacet
  facet normal -0.9358258843421936 0.34788015484809875 0.056651175022125244
    outer loop
      vertex -10.61833381652832 7.228236198425293 51.147159576416016
      vertex -10.825227737426758 6.542879581451416 51.93805694580078
      vertex -10.534503936767578 7.328835964202881 51.9141960144043
    endloop
  endfacet
  facet normal -0.8762139081954956 0.4808116853237152 0.03270166367292404
    outer loop
      vertex -10.61833381652832 7.228236198425293 51.147159576416016
      vertex -10.534503936767578 7.328835964202881 51.9141960144043
      vertex -10.143905639648438 8.03744125366211 51.96134948730469
    endloop
  endfacet
  facet normal -0.8779261112213135 0.47735366225242615 0.03713618218898773
    outer loop
      vertex -10.143905639648438 8.03744125366211 51.96134948730469
      vertex -10.034143447875977 8.31879997253418 50.93958282470703
      vertex -10.61833381652832 7.228236198425293 51.147159576416016
    endloop
  endfacet
  facet normal -0.8785915970802307 0.47656041383743286 0.03109612874686718
    outer loop
      vertex -10.61833381652832 7.228236198425293 51.147159576416016
      vertex -10.034143447875977 8.31879997253418 50.93958282470703
      vertex -10.444886207580566 7.615056991577148 50.11957550048828
    endloop
  endfacet
  facet normal -0.8654773831367493 0.5009350776672363 0.0036085769534111023
    outer loop
      vertex -10.034143447875977 8.31879997253418 50.93958282470703
      vertex -10.08329963684082 8.23965072631836 50.13734436035156
      vertex -10.444886207580566 7.615056991577148 50.11957550048828
    endloop
  endfacet
  facet normal -0.865403950214386 0.5010684132575989 -0.002577149076387286
    outer loop
      vertex -10.444886207580566 7.615056991577148 50.11957550048828
      vertex -10.08329963684082 8.23965072631836 50.13734436035156
      vertex -10.167169570922852 8.09036636352539 49.27580261230469
    endloop
  endfacet
  facet normal -0.8231593370437622 0.5675185918807983 -0.018203798681497574
    outer loop
      vertex -10.08329963684082 8.23965072631836 50.13734436035156
      vertex -9.615338325500488 8.91400146484375 50.000003814697266
      vertex -10.167169570922852 8.09036636352539 49.27580261230469
    endloop
  endfacet
  facet normal -0.8301538228988647 0.5575323700904846 -0.0015167228411883116
    outer loop
      vertex -9.615338325500488 8.91400146484375 50.000003814697266
      vertex -9.687302589416504 8.802433013916016 48.37702178955078
      vertex -10.167169570922852 8.09036636352539 49.27580261230469
    endloop
  endfacet
  facet normal -0.7725953459739685 0.634829580783844 -0.009382568299770355
    outer loop
      vertex -9.615338325500488 8.91400146484375 50.000003814697266
      vertex -8.785882949829102 9.909826278686523 49.0776252746582
      vertex -9.687302589416504 8.802433013916016 48.37702178955078
    endloop
  endfacet
  facet normal -0.7852109670639038 0.6183542013168335 0.03289058059453964
    outer loop
      vertex -9.687302589416504 8.802433013916016 48.37702178955078
      vertex -8.785882949829102 9.909826278686523 49.0776252746582
      vertex -9.15310287475586 9.549808502197266 47.07928466796875
    endloop
  endfacet
  facet normal -0.7205895781517029 0.6933212280273438 0.00750967301428318
    outer loop
      vertex -8.785882949829102 9.909826278686523 49.0776252746582
      vertex -8.19653606414795 10.54084587097168 47.37021255493164
      vertex -9.15310287475586 9.549808502197266 47.07928466796875
    endloop
  endfacet
  facet normal -0.7831071615219116 0.6209675073623657 -0.03380125015974045
    outer loop
      vertex -8.785882949829102 9.909826278686523 49.0776252746582
      vertex -9.615338325500488 8.91400146484375 50.000003814697266
      vertex -8.93609619140625 9.810185432434082 50.72724914550781
    endloop
  endfacet
  facet normal -0.7783467173576355 0.6262383460998535 -0.04474261403083801
    outer loop
      vertex -8.93609619140625 9.810185432434082 50.72724914550781
      vertex -9.615338325500488 8.91400146484375 50.000003814697266
      vertex -9.490816116333008 9.14653205871582 51.088409423828125
    endloop
  endfacet
  facet normal -0.8339264988899231 0.5514208078384399 -0.02239959128201008
    outer loop
      vertex -9.490816116333008 9.14653205871582 51.088409423828125
      vertex -9.615338325500488 8.91400146484375 50.000003814697266
      vertex -10.034143447875977 8.31879997253418 50.93958282470703
    endloop
  endfacet
  facet normal -0.822101354598999 0.5693116188049316 -0.005795301869511604
    outer loop
      vertex -9.615338325500488 8.91400146484375 50.000003814697266
      vertex -10.08329963684082 8.23965072631836 50.13734436035156
      vertex -10.034143447875977 8.31879997253418 50.93958282470703
    endloop
  endfacet
  facet normal -0.8368762731552124 0.5472724437713623 0.011441506445407867
    outer loop
      vertex -10.034143447875977 8.31879997253418 50.93958282470703
      vertex -9.644136428833008 8.897079467773438 51.80583190917969
      vertex -9.490816116333008 9.14653205871582 51.088409423828125
    endloop
  endfacet
  facet normal -0.7915805578231812 0.6095653772354126 0.04278133809566498
    outer loop
      vertex -9.490816116333008 9.14653205871582 51.088409423828125
      vertex -9.644136428833008 8.897079467773438 51.80583190917969
      vertex -9.08416748046875 9.628179550170898 51.749900817871094
    endloop
  endfacet
  facet normal -0.7663606405258179 0.6424017548561096 0.003368593519553542
    outer loop
      vertex -9.490816116333008 9.14653205871582 51.088409423828125
      vertex -9.08416748046875 9.628179550170898 51.749900817871094
      vertex -8.93609619140625 9.810185432434082 50.72724914550781
    endloop
  endfacet
  facet normal -0.7378900051116943 0.6747907996177673 0.013255317695438862
    outer loop
      vertex -8.93609619140625 9.810185432434082 50.72724914550781
      vertex -9.08416748046875 9.628179550170898 51.749900817871094
      vertex -8.386672973632812 10.392671585083008 51.659523010253906
    endloop
  endfacet
  facet normal -0.859764039516449 0.508463442325592 0.04765377193689346
    outer loop
      vertex -9.644136428833008 8.897079467773438 51.80583190917969
      vertex -10.034143447875977 8.31879997253418 50.93958282470703
      vertex -10.143905639648438 8.03744125366211 51.96134948730469
    endloop
  endfacet
  facet normal -0.8617845177650452 0.507270097732544 0.002107621869072318
    outer loop
      vertex -10.444886207580566 7.615056991577148 50.11957550048828
      vertex -10.167169570922852 8.09036636352539 49.27580261230469
      vertex -10.696218490600586 7.192983627319336 48.93859100341797
    endloop
  endfacet
  facet normal -0.9211503863334656 0.38512516021728516 0.05622071027755737
    outer loop
      vertex -11.412961959838867 5.537121772766113 49.7197151184082
      vertex -11.198819160461426 6.207038402557373 48.639259338378906
      vertex -11.650701522827148 5.164588928222656 48.376399993896484
    endloop
  endfacet
  facet normal -0.9657502770423889 0.2483827769756317 0.07505002617835999
    outer loop
      vertex -12.09780502319336 3.47603702545166 49.33715057373047
      vertex -12.024496078491211 4.115216255187988 48.16509246826172
      vertex -12.308221817016602 3.056687355041504 48.01735305786133
    endloop
  endfacet
  facet normal -0.9758864641189575 0.19756370782852173 0.09281320124864578
    outer loop
      vertex -12.308221817016602 3.056687355041504 48.01735305786133
      vertex -12.314693450927734 2.4294376373291016 49.284481048583984
      vertex -12.09780502319336 3.47603702545166 49.33715057373047
    endloop
  endfacet
  facet normal -0.9749407172203064 0.19682011008262634 0.10369440168142319
    outer loop
      vertex -12.09780502319336 3.47603702545166 49.33715057373047
      vertex -12.314693450927734 2.4294376373291016 49.284481048583984
      vertex -12.07635498046875 3.0305514335632324 50.38439178466797
    endloop
  endfacet
  facet normal -0.9795175790786743 0.1564694195985794 0.1267382651567459
    outer loop
      vertex -12.314693450927734 2.4294376373291016 49.284481048583984
      vertex -12.247528076171875 1.9346575736999512 50.4144287109375
      vertex -12.07635498046875 3.0305514335632324 50.38439178466797
    endloop
  endfacet
  facet normal -0.9708136916160583 0.15661466121673584 0.1816389262676239
    outer loop
      vertex -12.247528076171875 1.9346575736999512 50.4144287109375
      vertex -11.974563598632812 2.648737668991089 51.257652282714844
      vertex -12.07635498046875 3.0305514335632324 50.38439178466797
    endloop
  endfacet
  facet normal -0.9586790204048157 0.2021781951189041 0.20014609396457672
    outer loop
      vertex -12.07635498046875 3.0305514335632324 50.38439178466797
      vertex -11.974563598632812 2.648737668991089 51.257652282714844
      vertex -11.694619178771973 3.88547945022583 51.34925842285156
    endloop
  endfacet
  facet normal -0.9276899099349976 0.18601074814796448 0.32371529936790466
    outer loop
      vertex -11.974563598632812 2.648737668991089 51.257652282714844
      vertex -11.541260719299316 2.855069875717163 52.38083267211914
      vertex -11.694619178771973 3.88547945022583 51.34925842285156
    endloop
  endfacet
  facet normal -0.9344545602798462 0.1726832538843155 0.31140848994255066
    outer loop
      vertex -11.694619178771973 3.88547945022583 51.34925842285156
      vertex -11.541260719299316 2.855069875717163 52.38083267211914
      vertex -11.17930793762207 4.610032558441162 52.49378967285156
    endloop
  endfacet
  facet normal -0.8861284255981445 0.15464043617248535 0.4368784725666046
    outer loop
      vertex -11.17930793762207 4.610032558441162 52.49378967285156
      vertex -11.541260719299316 2.855069875717163 52.38083267211914
      vertex -10.775152206420898 4.000089168548584 53.52944564819336
    endloop
  endfacet
  facet normal -0.8775723576545715 0.12206493318080902 0.46364524960517883
    outer loop
      vertex -11.541260719299316 2.855069875717163 52.38083267211914
      vertex -10.943035125732422 2.0208346843719482 53.732765197753906
      vertex -10.775152206420898 4.000089168548584 53.52944564819336
    endloop
  endfacet
  facet normal -0.8717703819274902 0.1370832622051239 0.47034525871276855
    outer loop
      vertex -10.943035125732422 2.0208346843719482 53.732765197753906
      vertex -11.541260719299316 2.855069875717163 52.38083267211914
      vertex -11.721089363098145 1.185446858406067 52.534141540527344
    endloop
  endfacet
  facet normal -0.9300515651702881 0.1316697895526886 0.34302639961242676
    outer loop
      vertex -11.541260719299316 2.855069875717163 52.38083267211914
      vertex -12.048408508300781 1.577727198600769 51.49610137939453
      vertex -11.721089363098145 1.185446858406067 52.534141540527344
    endloop
  endfacet
  facet normal -0.9433065056800842 0.07093597203493118 0.3242543637752533
    outer loop
      vertex -12.048408508300781 1.577727198600769 51.49610137939453
      vertex -12.108739852905273 0.1488313376903534 51.633182525634766
      vertex -11.721089363098145 1.185446858406067 52.534141540527344
    endloop
  endfacet
  facet normal -0.9515681266784668 0.10457363724708557 0.2891065776348114
    outer loop
      vertex -11.721089363098145 1.185446858406067 52.534141540527344
      vertex -12.108739852905273 0.1488313376903534 51.633182525634766
      vertex -11.838464736938477 0.21474114060401917 52.49892807006836
    endloop
  endfacet
  facet normal -0.952383816242218 -0.04852009937167168 0.3010163903236389
    outer loop
      vertex -11.838464736938477 0.21474114060401917 52.49892807006836
      vertex -12.108739852905273 0.1488313376903534 51.633182525634766
      vertex -11.808290481567383 -0.7499260902404785 52.43890380859375
    endloop
  endfacet
  facet normal -0.9481875896453857 -0.0337638184428215 0.31591182947158813
    outer loop
      vertex -12.108739852905273 0.1488313376903534 51.633182525634766
      vertex -12.165563583374023 -1.322464942932129 51.305381774902344
      vertex -11.808290481567383 -0.7499260902404785 52.43890380859375
    endloop
  endfacet
  facet normal -0.9364458918571472 -0.08798708766698837 0.33959898352622986
    outer loop
      vertex -11.808290481567383 -0.7499260902404785 52.43890380859375
      vertex -12.165563583374023 -1.322464942932129 51.305381774902344
      vertex -11.75606918334961 -2.4230449199676514 52.1494140625
    endloop
  endfacet
  facet normal -0.9437614679336548 -0.11280340701341629 0.3107888996601105
    outer loop
      vertex -12.165563583374023 -1.322464942932129 51.305381774902344
      vertex -12.180471420288086 -2.5499582290649414 50.81458282470703
      vertex -11.75606918334961 -2.4230449199676514 52.1494140625
    endloop
  endfacet
  facet normal -0.9424751996994019 -0.12192478775978088 0.31124716997146606
    outer loop
      vertex -12.180471420288086 -2.5499582290649414 50.81458282470703
      vertex -11.925580978393555 -3.641002655029297 51.15901184082031
      vertex -11.75606918334961 -2.4230449199676514 52.1494140625
    endloop
  endfacet
  facet normal -0.9409053325653076 -0.12499817460775375 0.3147580027580261
    outer loop
      vertex -11.75606918334961 -2.4230449199676514 52.1494140625
      vertex -11.925580978393555 -3.641002655029297 51.15901184082031
      vertex -11.538980484008789 -3.9815409183502197 52.179439544677734
    endloop
  endfacet
  facet normal -0.9377029538154602 -0.18689465522766113 0.2928885817527771
    outer loop
      vertex -11.925580978393555 -3.641002655029297 51.15901184082031
      vertex -11.634868621826172 -4.833513259887695 51.32879638671875
      vertex -11.538980484008789 -3.9815409183502197 52.179439544677734
    endloop
  endfacet
  facet normal -0.9578821063041687 -0.1416158825159073 0.2498137652873993
    outer loop
      vertex -11.538980484008789 -3.9815409183502197 52.179439544677734
      vertex -11.634868621826172 -4.833513259887695 51.32879638671875
      vertex -11.43896770477295 -4.7700700759887695 52.11592102050781
    endloop
  endfacet
  facet normal -0.9249788522720337 -0.2835037410259247 0.25306105613708496
    outer loop
      vertex -11.43896770477295 -4.7700700759887695 52.11592102050781
      vertex -11.634868621826172 -4.833513259887695 51.32879638671875
      vertex -11.310407638549805 -5.320563316345215 51.969112396240234
    endloop
  endfacet
  facet normal -0.9210904240608215 -0.3176947236061096 0.22508364915847778
    outer loop
      vertex -11.310407638549805 -5.320563316345215 51.969112396240234
      vertex -11.634868621826172 -4.833513259887695 51.32879638671875
      vertex -11.291614532470703 -5.916914939880371 51.20429611206055
    endloop
  endfacet
  facet normal -0.9370254874229431 -0.31436529755592346 0.1521768867969513
    outer loop
      vertex -11.634868621826172 -4.833513259887695 51.32879638671875
      vertex -11.595433235168457 -5.531944751739502 50.128807067871094
      vertex -11.291614532470703 -5.916914939880371 51.20429611206055
    endloop
  endfacet
  facet normal -0.9217348694801331 -0.36554744839668274 0.12953680753707886
    outer loop
      vertex -11.291614532470703 -5.916914939880371 51.20429611206055
      vertex -11.595433235168457 -5.531944751739502 50.128807067871094
      vertex -11.189549446105957 -6.571067810058594 50.08456039428711
    endloop
  endfacet
  facet normal -0.9289347529411316 -0.3653886616230011 0.059759773313999176
    outer loop
      vertex -11.595433235168457 -5.531944751739502 50.128807067871094
      vertex -11.45865249633789 -6.100446701049805 48.77900695800781
      vertex -11.189549446105957 -6.571067810058594 50.08456039428711
    endloop
  endfacet
  facet normal -0.9145864844322205 -0.40203404426574707 0.04359247162938118
    outer loop
      vertex -11.45865249633789 -6.100446701049805 48.77900695800781
      vertex -11.018241882324219 -7.108002662658691 48.72674560546875
      vertex -11.189549446105957 -6.571067810058594 50.08456039428711
    endloop
  endfacet
  facet normal -0.9028007984161377 -0.42655637860298157 0.05477653071284294
    outer loop
      vertex -11.189549446105957 -6.571067810058594 50.08456039428711
      vertex -11.018241882324219 -7.108002662658691 48.72674560546875
      vertex -10.717260360717773 -7.577788352966309 50.02906036376953
    endloop
  endfacet
  facet normal -0.8882339000701904 -0.45762932300567627 0.04020094871520996
    outer loop
      vertex -11.018241882324219 -7.108002662658691 48.72674560546875
      vertex -10.519750595092773 -8.080141067504883 48.67445373535156
      vertex -10.717260360717773 -7.577788352966309 50.02906036376953
    endloop
  endfacet
  facet normal -0.8804291486740112 -0.47187986969947815 0.04662371799349785
    outer loop
      vertex -10.519750595092773 -8.080141067504883 48.67445373535156
      vertex -10.212955474853516 -8.525121688842773 49.96422576904297
      vertex -10.717260360717773 -7.577788352966309 50.02906036376953
    endloop
  endfacet
  facet normal -0.8685235381126404 -0.4725794494152069 0.14945106208324432
    outer loop
      vertex -10.717260360717773 -7.577788352966309 50.02906036376953
      vertex -10.212955474853516 -8.525121688842773 49.96422576904297
      vertex -10.315820693969727 -7.982458114624023 51.08238983154297
    endloop
  endfacet
  facet normal -0.8702463507652283 -0.46986642479896545 0.1479758769273758
    outer loop
      vertex -10.212955474853516 -8.525121688842773 49.96422576904297
      vertex -9.887615203857422 -8.835418701171875 50.892269134521484
      vertex -10.315820693969727 -7.982458114624023 51.08238983154297
    endloop
  endfacet
  facet normal -0.8185130953788757 -0.48094725608825684 0.3142070770263672
    outer loop
      vertex -9.887615203857422 -8.835418701171875 50.892269134521484
      vertex -9.715761184692383 -8.494068145751953 51.86244583129883
      vertex -10.315820693969727 -7.982458114624023 51.08238983154297
    endloop
  endfacet
  facet normal -0.8279144167900085 -0.43916669487953186 0.3488413989543915
    outer loop
      vertex -10.315820693969727 -7.982458114624023 51.08238983154297
      vertex -9.715761184692383 -8.494068145751953 51.86244583129883
      vertex -10.226458549499512 -7.285247325897217 52.17221450805664
    endloop
  endfacet
  facet normal -0.739654541015625 -0.4424365758895874 0.5071104764938354
    outer loop
      vertex -10.226458549499512 -7.285247325897217 52.17221450805664
      vertex -9.715761184692383 -8.494068145751953 51.86244583129883
      vertex -9.171566009521484 -7.891836166381836 53.181617736816406
    endloop
  endfacet
  facet normal -0.7512692809104919 -0.425772100687027 0.5042941570281982
    outer loop
      vertex -9.171566009521484 -7.891836166381836 53.181617736816406
      vertex -9.715761184692383 -8.494068145751953 51.86244583129883
      vertex -9.037797927856445 -9.17545223236084 52.297149658203125
    endloop
  endfacet
  facet normal -0.7657341957092285 -0.5237363576889038 0.3732979893684387
    outer loop
      vertex -9.037797927856445 -9.17545223236084 52.297149658203125
      vertex -9.715761184692383 -8.494068145751953 51.86244583129883
      vertex -9.291234970092773 -9.570451736450195 51.22309875488281
    endloop
  endfacet
  facet normal -0.801043689250946 -0.5059512257575989 0.31991004943847656
    outer loop
      vertex -9.291234970092773 -9.570451736450195 51.22309875488281
      vertex -9.715761184692383 -8.494068145751953 51.86244583129883
      vertex -9.887615203857422 -8.835418701171875 50.892269134521484
    endloop
  endfacet
  facet normal -0.8002222776412964 -0.5790573358535767 0.1560032069683075
    outer loop
      vertex -9.887615203857422 -8.835418701171875 50.892269134521484
      vertex -9.655057907104492 -9.398035049438477 49.99684143066406
      vertex -9.291234970092773 -9.570451736450195 51.22309875488281
    endloop
  endfacet
  facet normal -0.8057945966720581 -0.5704894065856934 0.1588611602783203
    outer loop
      vertex -9.291234970092773 -9.570451736450195 51.22309875488281
      vertex -9.655057907104492 -9.398035049438477 49.99684143066406
      vertex -9.0338773727417 -10.244173049926758 50.10908508300781
    endloop
  endfacet
  facet normal -0.8077136874198914 -0.5886911153793335 0.032270241528749466
    outer loop
      vertex -9.655057907104492 -9.398035049438477 49.99684143066406
      vertex -9.31691837310791 -9.933439254760742 48.693233489990234
      vertex -9.0338773727417 -10.244173049926758 50.10908508300781
    endloop
  endfacet
  facet normal -0.7764950394630432 -0.6298943758010864 0.01698656752705574
    outer loop
      vertex -9.0338773727417 -10.244173049926758 50.10908508300781
      vertex -9.31691837310791 -9.933439254760742 48.693233489990234
      vertex -8.491011619567871 -10.946412086486816 48.88435745239258
    endloop
  endfacet
  facet normal -0.7730214595794678 -0.6340611577033997 -0.02010791189968586
    outer loop
      vertex -9.31691837310791 -9.933439254760742 48.693233489990234
      vertex -8.952271461486816 -10.324731826782227 47.01347351074219
      vertex -8.491011619567871 -10.946412086486816 48.88435745239258
    endloop
  endfacet
  facet normal -0.755463719367981 -0.6544467210769653 -0.031210653483867645
    outer loop
      vertex -8.491011619567871 -10.946412086486816 48.88435745239258
      vertex -8.952271461486816 -10.324731826782227 47.01347351074219
      vertex -8.147637367248535 -11.24722671508789 46.88056564331055
    endloop
  endfacet
  facet normal -0.7368221282958984 -0.6756302714347839 -0.02483605034649372
    outer loop
      vertex -8.147637367248535 -11.24722671508789 46.88056564331055
      vertex -7.572381496429443 -11.931890487670898 48.43952178955078
      vertex -8.491011619567871 -10.946412086486816 48.88435745239258
    endloop
  endfacet
  facet normal -0.7276692390441895 -0.685731053352356 0.016442695632576942
    outer loop
      vertex -7.572381496429443 -11.931890487670898 48.43952178955078
      vertex -7.759108066558838 -11.692604064941406 50.155235290527344
      vertex -8.491011619567871 -10.946412086486816 48.88435745239258
    endloop
  endfacet
  facet normal -0.7340855598449707 -0.6786216497421265 0.02431214414536953
    outer loop
      vertex -8.491011619567871 -10.946412086486816 48.88435745239258
      vertex -7.759108066558838 -11.692604064941406 50.155235290527344
      vertex -8.466707229614258 -10.919288635253906 50.375301361083984
    endloop
  endfacet
  facet normal -0.7022610902786255 -0.6911556124687195 0.17068476974964142
    outer loop
      vertex -8.466707229614258 -10.919288635253906 50.375301361083984
      vertex -7.759108066558838 -11.692604064941406 50.155235290527344
      vertex -8.096816062927246 -11.056473731994629 51.34166717529297
    endloop
  endfacet
  facet normal -0.7368598580360413 -0.6604498624801636 0.14437298476696014
    outer loop
      vertex -7.759108066558838 -11.692604064941406 50.155235290527344
      vertex -7.465668678283691 -11.787919044494629 51.216880798339844
      vertex -8.096816062927246 -11.056473731994629 51.34166717529297
    endloop
  endfacet
  facet normal -0.6777054667472839 -0.6450143456459045 0.35308894515037537
    outer loop
      vertex -7.465668678283691 -11.787919044494629 51.216880798339844
      vertex -7.379358291625977 -11.449411392211914 52.000919342041016
      vertex -8.096816062927246 -11.056473731994629 51.34166717529297
    endloop
  endfacet
  facet normal -0.6897883415222168 -0.6129366755485535 0.3853580355644226
    outer loop
      vertex -8.096816062927246 -11.056473731994629 51.34166717529297
      vertex -7.379358291625977 -11.449411392211914 52.000919342041016
      vertex -7.912400245666504 -10.671710968017578 52.28376007080078
    endloop
  endfacet
  facet normal -0.5747637748718262 -0.597356915473938 0.5592953562736511
    outer loop
      vertex -7.912400245666504 -10.671710968017578 52.28376007080078
      vertex -7.379358291625977 -11.449411392211914 52.000919342041016
      vertex -7.093618392944336 -10.90269947052002 52.87847900390625
    endloop
  endfacet
  facet normal -0.5642786026000977 -0.6056515574455261 0.5610488653182983
    outer loop
      vertex -7.379358291625977 -11.449411392211914 52.000919342041016
      vertex -6.617724418640137 -11.766401290893555 52.424747467041016
      vertex -7.093618392944336 -10.90269947052002 52.87847900390625
    endloop
  endfacet
  facet normal -0.4458905756473541 -0.5963429808616638 0.6675003170967102
    outer loop
      vertex -7.093618392944336 -10.90269947052002 52.87847900390625
      vertex -6.617724418640137 -11.766401290893555 52.424747467041016
      vertex -5.489511489868164 -11.708117485046387 53.230464935302734
    endloop
  endfacet
  facet normal -0.42239221930503845 -0.6438179016113281 0.6380308270454407
    outer loop
      vertex -6.617724418640137 -11.766401290893555 52.424747467041016
      vertex -6.099946022033691 -12.300649642944336 52.22843551635742
      vertex -5.489511489868164 -11.708117485046387 53.230464935302734
    endloop
  endfacet
  facet normal -0.375831663608551 -0.679102897644043 0.6305313110351562
    outer loop
      vertex -5.489511489868164 -11.708117485046387 53.230464935302734
      vertex -6.099946022033691 -12.300649642944336 52.22843551635742
      vertex -5.454517364501953 -12.696802139282227 52.18647766113281
    endloop
  endfacet
  facet normal -0.43503251671791077 -0.7599264979362488 0.4829685389995575
    outer loop
      vertex -6.099946022033691 -12.300649642944336 52.22843551635742
      vertex -5.942094802856445 -12.847953796386719 51.509464263916016
      vertex -5.454517364501953 -12.696802139282227 52.18647766113281
    endloop
  endfacet
  facet normal -0.409541517496109 -0.7821609973907471 0.4695743918418884
    outer loop
      vertex -5.454517364501953 -12.696802139282227 52.18647766113281
      vertex -5.942094802856445 -12.847953796386719 51.509464263916016
      vertex -5.064395904541016 -13.333904266357422 51.46551513671875
    endloop
  endfacet
  facet normal -0.44372880458831787 -0.8316373229026794 0.333892285823822
    outer loop
      vertex -5.942094802856445 -12.847953796386719 51.509464263916016
      vertex -5.605993747711182 -13.404596328735352 50.569679260253906
      vertex -5.064395904541016 -13.333904266357422 51.46551513671875
    endloop
  endfacet
  facet normal -0.4324779212474823 -0.8399668335914612 0.3277476727962494
    outer loop
      vertex -5.064395904541016 -13.333904266357422 51.46551513671875
      vertex -5.605993747711182 -13.404596328735352 50.569679260253906
      vertex -4.660989761352539 -13.889122009277344 50.57489013671875
    endloop
  endfacet
  facet normal -0.4479563236236572 -0.8715357184410095 0.19940033555030823
    outer loop
      vertex -5.605993747711182 -13.404596328735352 50.569679260253906
      vertex -5.086256980895996 -13.877665519714355 49.669593811035156
      vertex -4.660989761352539 -13.889122009277344 50.57489013671875
    endloop
  endfacet
  facet normal -0.41491541266441345 -0.8911367654800415 0.18363118171691895
    outer loop
      vertex -4.660989761352539 -13.889122009277344 50.57489013671875
      vertex -5.086256980895996 -13.877665519714355 49.669593811035156
      vertex -4.271819591522217 -14.273965835571289 49.58662796020508
    endloop
  endfacet
  facet normal -0.43211185932159424 -0.9000052213668823 0.057183656841516495
    outer loop
      vertex -5.086256980895996 -13.877665519714355 49.669593811035156
      vertex -4.737098693847656 -14.117326736450195 48.53603744506836
      vertex -4.271819591522217 -14.273965835571289 49.58662796020508
    endloop
  endfacet
  facet normal -0.40953773260116577 -0.9111566543579102 0.04552353173494339
    outer loop
      vertex -4.271819591522217 -14.273965835571289 49.58662796020508
      vertex -4.737098693847656 -14.117326736450195 48.53603744506836
      vertex -3.9150166511535645 -14.492961883544922 48.41326904296875
    endloop
  endfacet
  facet normal -0.374566912651062 -0.9253333806991577 0.05880365148186684
    outer loop
      vertex -3.9150166511535645 -14.492961883544922 48.41326904296875
      vertex -3.4480607509613037 -14.614201545715332 49.479854583740234
      vertex -4.271819591522217 -14.273965835571289 49.58662796020508
    endloop
  endfacet
  facet normal -0.356332391500473 -0.9177586436271667 0.17534616589546204
    outer loop
      vertex -4.271819591522217 -14.273965835571289 49.58662796020508
      vertex -3.4480607509613037 -14.614201545715332 49.479854583740234
      vertex -3.776738166809082 -14.30247688293457 50.44348907470703
    endloop
  endfacet
  facet normal -0.33972272276878357 -0.9226322174072266 0.18258793652057648
    outer loop
      vertex -3.4480607509613037 -14.614201545715332 49.479854583740234
      vertex -3.059849262237549 -14.607431411743164 50.23637008666992
      vertex -3.776738166809082 -14.30247688293457 50.44348907470703
    endloop
  endfacet
  facet normal -0.28339293599128723 -0.8968578577041626 0.3396095037460327
    outer loop
      vertex -3.776738166809082 -14.30247688293457 50.44348907470703
      vertex -3.059849262237549 -14.607431411743164 50.23637008666992
      vertex -3.1018686294555664 -14.283551216125488 51.05662536621094
    endloop
  endfacet
  facet normal -0.21258243918418884 -0.9125298857688904 0.3494251072406769
    outer loop
      vertex -3.059849262237549 -14.607431411743164 50.23637008666992
      vertex -2.335463523864746 -14.699897766113281 50.43559265136719
      vertex -3.1018686294555664 -14.283551216125488 51.05662536621094
    endloop
  endfacet
  facet normal -0.1674910932779312 -0.9019696712493896 0.39799177646636963
    outer loop
      vertex -3.1018686294555664 -14.283551216125488 51.05662536621094
      vertex -2.335463523864746 -14.699897766113281 50.43559265136719
      vertex -2.0630383491516113 -14.284383773803711 51.491920471191406
    endloop
  endfacet
  facet normal -0.1523018330335617 -0.9057275056838989 0.3955526649951935
    outer loop
      vertex -2.335463523864746 -14.699897766113281 50.43559265136719
      vertex -1.3968902826309204 -14.818825721740723 50.524658203125
      vertex -2.0630383491516113 -14.284383773803711 51.491920471191406
    endloop
  endfacet
  facet normal -0.16847044229507446 -0.9072905778884888 0.3852810859680176
    outer loop
      vertex -2.0630383491516113 -14.284383773803711 51.491920471191406
      vertex -1.3968902826309204 -14.818825721740723 50.524658203125
      vertex -1.0120439529418945 -14.558168411254883 51.30675506591797
    endloop
  endfacet
  facet normal -0.08787070959806442 -0.9312572479248047 0.35360801219940186
    outer loop
      vertex -1.3968902826309204 -14.818825721740723 50.524658203125
      vertex -0.41644710302352905 -14.899682998657227 50.55535125732422
      vertex -1.0120439529418945 -14.558168411254883 51.30675506591797
    endloop
  endfacet
  facet normal -0.028991393744945526 -0.9184556603431702 0.3944600820541382
    outer loop
      vertex -0.41644710302352905 -14.899682998657227 50.55535125732422
      vertex -0.09066281467676163 -14.497053146362305 51.51677322387695
      vertex -1.0120439529418945 -14.558168411254883 51.30675506591797
    endloop
  endfacet
  facet normal -0.06300489604473114 -0.8496027588844299 0.5236462950706482
    outer loop
      vertex -0.09066281467676163 -14.497053146362305 51.51677322387695
      vertex -1.064404010772705 -14.004377365112305 52.19896697998047
      vertex -1.0120439529418945 -14.558168411254883 51.30675506591797
    endloop
  endfacet
  facet normal -0.12918968498706818 -0.8458976149559021 0.517462432384491
    outer loop
      vertex -1.064404010772705 -14.004377365112305 52.19896697998047
      vertex -2.0630383491516113 -14.284383773803711 51.491920471191406
      vertex -1.0120439529418945 -14.558168411254883 51.30675506591797
    endloop
  endfacet
  facet normal -0.15287479758262634 -0.8257434368133545 0.5429338216781616
    outer loop
      vertex -2.0630383491516113 -14.284383773803711 51.491920471191406
      vertex -1.064404010772705 -14.004377365112305 52.19896697998047
      vertex -2.2130331993103027 -13.566423416137695 52.5416259765625
    endloop
  endfacet
  facet normal -0.12029590457677841 -0.7879639863967896 0.6038556098937988
    outer loop
      vertex -2.2130331993103027 -13.566423416137695 52.5416259765625
      vertex -1.064404010772705 -14.004377365112305 52.19896697998047
      vertex -1.2573661804199219 -12.972599029541016 53.50688171386719
    endloop
  endfacet
  facet normal -0.06507710367441177 -0.7880942225456238 0.6121049523353577
    outer loop
      vertex -1.2573661804199219 -12.972599029541016 53.50688171386719
      vertex -1.064404010772705 -14.004377365112305 52.19896697998047
      vertex 0.33571186661720276 -13.808221817016602 52.60037612915039
    endloop
  endfacet
  facet normal -0.03972277417778969 -0.8361045718193054 0.5471301674842834
    outer loop
      vertex 0.33571186661720276 -13.808221817016602 52.60037612915039
      vertex -1.064404010772705 -14.004377365112305 52.19896697998047
      vertex -0.09066281467676163 -14.497053146362305 51.51677322387695
    endloop
  endfacet
  facet normal -0.006081609521061182 -0.8428196310997009 0.5381617546081543
    outer loop
      vertex -0.09066281467676163 -14.497053146362305 51.51677322387695
      vertex 1.0363725423812866 -14.47511100769043 51.563873291015625
      vertex 0.33571186661720276 -13.808221817016602 52.60037612915039
    endloop
  endfacet
  facet normal -0.035152290016412735 -0.8510944843292236 0.5238344073295593
    outer loop
      vertex 0.33571186661720276 -13.808221817016602 52.60037612915039
      vertex 1.0363725423812866 -14.47511100769043 51.563873291015625
      vertex 1.4998873472213745 -14.065362930297852 52.260711669921875
    endloop
  endfacet
  facet normal 0.06373538821935654 -0.8782132863998413 0.4740036129951477
    outer loop
      vertex 1.4998873472213745 -14.065362930297852 52.260711669921875
      vertex 1.0363725423812866 -14.47511100769043 51.563873291015625
      vertex 2.2037506103515625 -14.39306640625 51.55891418457031
    endloop
  endfacet
  facet normal 0.06599099934101105 -0.9148839712142944 0.398286908864975
    outer loop
      vertex 1.0363725423812866 -14.47511100769043 51.563873291015625
      vertex 1.6697145700454712 -14.858747482299805 50.57770538330078
      vertex 2.2037506103515625 -14.39306640625 51.55891418457031
    endloop
  endfacet
  facet normal 0.10046903043985367 -0.9189189076423645 0.38143670558929443
    outer loop
      vertex 2.2037506103515625 -14.39306640625 51.55891418457031
      vertex 1.6697145700454712 -14.858747482299805 50.57770538330078
      vertex 2.717118740081787 -14.800590515136719 50.44192886352539
    endloop
  endfacet
  facet normal 0.08658583462238312 -0.9629267454147339 0.2554894685745239
    outer loop
      vertex 1.6697145700454712 -14.858747482299805 50.57770538330078
      vertex 2.2012031078338623 -15.110115051269531 49.450191497802734
      vertex 2.717118740081787 -14.800590515136719 50.44192886352539
    endloop
  endfacet
  facet normal 0.12011875957250595 -0.9637354016304016 0.23829758167266846
    outer loop
      vertex 2.717118740081787 -14.800590515136719 50.44192886352539
      vertex 2.2012031078338623 -15.110115051269531 49.450191497802734
      vertex 3.141261100769043 -15.016380310058594 49.35542297363281
    endloop
  endfacet
  facet normal 0.11129169166088104 -0.9853302240371704 0.1293780356645584
    outer loop
      vertex 2.2012031078338623 -15.110115051269531 49.450191497802734
      vertex 2.6647958755493164 -15.224328994750977 48.18156433105469
      vertex 3.141261100769043 -15.016380310058594 49.35542297363281
    endloop
  endfacet
  facet normal 0.16127178072929382 -0.9809482097625732 0.10831499844789505
    outer loop
      vertex 3.141261100769043 -15.016380310058594 49.35542297363281
      vertex 2.6647958755493164 -15.224328994750977 48.18156433105469
      vertex 3.589797019958496 -15.076663970947266 48.14163589477539
    endloop
  endfacet
  facet normal 0.19641342759132385 -0.9730380177497864 0.12090816348791122
    outer loop
      vertex 3.589797019958496 -15.076663970947266 48.14163589477539
      vertex 3.9958879947662354 -14.848047256469727 49.32179641723633
      vertex 3.141261100769043 -15.016380310058594 49.35542297363281
    endloop
  endfacet
  facet normal 0.19691376388072968 -0.9592617154121399 0.20258834958076477
    outer loop
      vertex 3.141261100769043 -15.016380310058594 49.35542297363281
      vertex 3.9958879947662354 -14.848047256469727 49.32179641723633
      vertex 3.531341314315796 -14.76116943359375 50.18470001220703
    endloop
  endfacet
  facet normal 0.2529623806476593 -0.939548671245575 0.2307775467634201
    outer loop
      vertex 3.9958879947662354 -14.848047256469727 49.32179641723633
      vertex 4.236018180847168 -14.537433624267578 50.32316207885742
      vertex 3.531341314315796 -14.76116943359375 50.18470001220703
    endloop
  endfacet
  facet normal 0.21248340606689453 -0.9019287824630737 0.3759991526603699
    outer loop
      vertex 4.236018180847168 -14.537433624267578 50.32316207885742
      vertex 3.4599809646606445 -14.36784839630127 51.16850662231445
      vertex 3.531341314315796 -14.76116943359375 50.18470001220703
    endloop
  endfacet
  facet normal 0.16307656466960907 -0.9119781255722046 0.3764331340789795
    outer loop
      vertex 3.531341314315796 -14.76116943359375 50.18470001220703
      vertex 3.4599809646606445 -14.36784839630127 51.16850662231445
      vertex 2.717118740081787 -14.800590515136719 50.44192886352539
    endloop
  endfacet
  facet normal 0.141270250082016 -0.9073348045349121 0.3959626853466034
    outer loop
      vertex 3.4599809646606445 -14.36784839630127 51.16850662231445
      vertex 2.2037506103515625 -14.39306640625 51.55891418457031
      vertex 2.717118740081787 -14.800590515136719 50.44192886352539
    endloop
  endfacet
  facet normal 0.1724691092967987 -0.8485915660858154 0.5001469254493713
    outer loop
      vertex 2.2037506103515625 -14.39306640625 51.55891418457031
      vertex 3.4599809646606445 -14.36784839630127 51.16850662231445
      vertex 2.902482032775879 -13.836261749267578 52.26268768310547
    endloop
  endfacet
  facet normal 0.199764683842659 -0.8374755382537842 0.5086538195610046
    outer loop
      vertex 3.4599809646606445 -14.36784839630127 51.16850662231445
      vertex 4.119146347045898 -13.729571342468262 51.96052551269531
      vertex 2.902482032775879 -13.836261749267578 52.26268768310547
    endloop
  endfacet
  facet normal 0.21572425961494446 -0.7739748358726501 0.5953369736671448
    outer loop
      vertex 4.119146347045898 -13.729571342468262 51.96052551269531
      vertex 3.6653738021850586 -12.845136642456055 53.27477264404297
      vertex 2.902482032775879 -13.836261749267578 52.26268768310547
    endloop
  endfacet
  facet normal 0.16463793814182281 -0.763900637626648 0.623979389667511
    outer loop
      vertex 2.902482032775879 -13.836261749267578 52.26268768310547
      vertex 3.6653738021850586 -12.845136642456055 53.27477264404297
      vertex 1.8356107473373413 -13.401021003723145 53.077022552490234
    endloop
  endfacet
  facet normal 0.18242676556110382 -0.7476183772087097 0.6385822892189026
    outer loop
      vertex 2.902482032775879 -13.836261749267578 52.26268768310547
      vertex 1.8356107473373413 -13.401021003723145 53.077022552490234
      vertex 2.1087374687194824 -13.97722053527832 52.32441329956055
    endloop
  endfacet
  facet normal 0.04887057840824127 -0.7844260931015015 0.6182940006256104
    outer loop
      vertex 1.8356107473373413 -13.401021003723145 53.077022552490234
      vertex 1.4998873472213745 -14.065362930297852 52.260711669921875
      vertex 2.1087374687194824 -13.97722053527832 52.32441329956055
    endloop
  endfacet
  facet normal 0.0757128968834877 -0.8722202181816101 0.48321792483329773
    outer loop
      vertex 2.1087374687194824 -13.97722053527832 52.32441329956055
      vertex 1.4998873472213745 -14.065362930297852 52.260711669921875
      vertex 2.2037506103515625 -14.39306640625 51.55891418457031
    endloop
  endfacet
  facet normal 0.18929554522037506 -0.8527812957763672 0.4867558181285858
    outer loop
      vertex 2.2037506103515625 -14.39306640625 51.55891418457031
      vertex 2.902482032775879 -13.836261749267578 52.26268768310547
      vertex 2.1087374687194824 -13.97722053527832 52.32441329956055
    endloop
  endfacet
  facet normal 0.011507827788591385 -0.7778677940368652 0.6283227205276489
    outer loop
      vertex 1.8356107473373413 -13.401021003723145 53.077022552490234
      vertex 0.33571186661720276 -13.808221817016602 52.60037612915039
      vertex 1.4998873472213745 -14.065362930297852 52.260711669921875
    endloop
  endfacet
  facet normal 0.024602610617876053 -0.7970077395439148 0.6034678220748901
    outer loop
      vertex 1.8356107473373413 -13.401021003723145 53.077022552490234
      vertex 0.4664108157157898 -12.86107063293457 53.84596252441406
      vertex 0.33571186661720276 -13.808221817016602 52.60037612915039
    endloop
  endfacet
  facet normal -0.06852380186319351 -0.790658175945282 0.6084113121032715
    outer loop
      vertex 0.4664108157157898 -12.86107063293457 53.84596252441406
      vertex -1.2573661804199219 -12.972599029541016 53.50688171386719
      vertex 0.33571186661720276 -13.808221817016602 52.60037612915039
    endloop
  endfacet
  facet normal 0.2459440678358078 -0.762690007686615 0.5981767773628235
    outer loop
      vertex 4.119146347045898 -13.729571342468262 51.96052551269531
      vertex 5.09658145904541 -13.1072998046875 52.35205841064453
      vertex 3.6653738021850586 -12.845136642456055 53.27477264404297
    endloop
  endfacet
  facet normal 0.2672547698020935 -0.7348723411560059 0.6233278512954712
    outer loop
      vertex 3.6653738021850586 -12.845136642456055 53.27477264404297
      vertex 5.09658145904541 -13.1072998046875 52.35205841064453
      vertex 5.59311580657959 -12.045318603515625 53.39118957519531
    endloop
  endfacet
  facet normal 0.30321118235588074 -0.7350982427597046 0.6063774824142456
    outer loop
      vertex 5.09658145904541 -13.1072998046875 52.35205841064453
      vertex 6.052660942077637 -12.713310241699219 52.35160827636719
      vertex 5.59311580657959 -12.045318603515625 53.39118957519531
    endloop
  endfacet
  facet normal 0.3664924204349518 -0.7006338834762573 0.6122055053710938
    outer loop
      vertex 5.59311580657959 -12.045318603515625 53.39118957519531
      vertex 6.052660942077637 -12.713310241699219 52.35160827636719
      vertex 6.774259090423584 -12.14920711517334 52.56521224975586
    endloop
  endfacet
  facet normal 0.41443172097206116 -0.7339177131652832 0.5381554365158081
    outer loop
      vertex 6.774259090423584 -12.14920711517334 52.56521224975586
      vertex 6.052660942077637 -12.713310241699219 52.35160827636719
      vertex 6.741575241088867 -12.775224685668945 51.73664093017578
    endloop
  endfacet
  facet normal 0.3856835961341858 -0.7691918015480042 0.5095018744468689
    outer loop
      vertex 6.052660942077637 -12.713310241699219 52.35160827636719
      vertex 5.948086738586426 -13.282936096191406 51.57080841064453
      vertex 6.741575241088867 -12.775224685668945 51.73664093017578
    endloop
  endfacet
  facet normal 0.43195995688438416 -0.8067757487297058 0.4031418561935425
    outer loop
      vertex 6.741575241088867 -12.775224685668945 51.73664093017578
      vertex 5.948086738586426 -13.282936096191406 51.57080841064453
      vertex 6.682760238647461 -13.281991958618164 50.78550720214844
    endloop
  endfacet
  facet normal 0.41784292459487915 -0.8205917477607727 0.38991835713386536
    outer loop
      vertex 5.948086738586426 -13.282936096191406 51.57080841064453
      vertex 5.8634562492370605 -13.791651725769043 50.59089660644531
      vertex 6.682760238647461 -13.281991958618164 50.78550720214844
    endloop
  endfacet
  facet normal 0.46331802010536194 -0.845801830291748 0.26449164748191833
    outer loop
      vertex 5.8634562492370605 -13.791651725769043 50.59089660644531
      vertex 6.5470991134643555 -13.724958419799805 49.60661315917969
      vertex 6.682760238647461 -13.281991958618164 50.78550720214844
    endloop
  endfacet
  facet normal 0.4392705261707306 -0.86385577917099 0.24656593799591064
    outer loop
      vertex 6.5470991134643555 -13.724958419799805 49.60661315917969
      vertex 5.8634562492370605 -13.791651725769043 50.59089660644531
      vertex 5.6794233322143555 -14.20601749420166 49.467010498046875
    endloop
  endfacet
  facet normal 0.40893012285232544 -0.8759269714355469 0.2559846043586731
    outer loop
      vertex 5.6794233322143555 -14.20601749420166 49.467010498046875
      vertex 5.8634562492370605 -13.791651725769043 50.59089660644531
      vertex 5.046852111816406 -14.220251083374023 50.42882537841797
    endloop
  endfacet
  facet normal 0.367488831281662 -0.8461374044418335 0.38600969314575195
    outer loop
      vertex 5.8634562492370605 -13.791651725769043 50.59089660644531
      vertex 5.102372646331787 -13.76336669921875 51.377464294433594
      vertex 5.046852111816406 -14.220251083374023 50.42882537841797
    endloop
  endfacet
  facet normal 0.34742653369903564 -0.8526176810264587 0.39030489325523376
    outer loop
      vertex 5.046852111816406 -14.220251083374023 50.42882537841797
      vertex 5.102372646331787 -13.76336669921875 51.377464294433594
      vertex 4.412191867828369 -14.171256065368652 51.100791931152344
    endloop
  endfacet
  facet normal 0.2756156027317047 -0.8136091828346252 0.5119337439537048
    outer loop
      vertex 5.102372646331787 -13.76336669921875 51.377464294433594
      vertex 4.119146347045898 -13.729571342468262 51.96052551269531
      vertex 4.412191867828369 -14.171256065368652 51.100791931152344
    endloop
  endfacet
  facet normal 0.20895326137542725 -0.8390713334083557 0.5022926330566406
    outer loop
      vertex 4.412191867828369 -14.171256065368652 51.100791931152344
      vertex 4.119146347045898 -13.729571342468262 51.96052551269531
      vertex 3.4599809646606445 -14.36784839630127 51.16850662231445
    endloop
  endfacet
  facet normal 0.21292288601398468 -0.9016777276992798 0.3763522207736969
    outer loop
      vertex 4.412191867828369 -14.171256065368652 51.100791931152344
      vertex 3.4599809646606445 -14.36784839630127 51.16850662231445
      vertex 4.236018180847168 -14.537433624267578 50.32316207885742
    endloop
  endfacet
  facet normal 0.3014911115169525 -0.8871288299560547 0.3494360148906708
    outer loop
      vertex 4.236018180847168 -14.537433624267578 50.32316207885742
      vertex 5.046852111816406 -14.220251083374023 50.42882537841797
      vertex 4.412191867828369 -14.171256065368652 51.100791931152344
    endloop
  endfacet
  facet normal 0.32587191462516785 -0.9138050079345703 0.24242094159126282
    outer loop
      vertex 5.046852111816406 -14.220251083374023 50.42882537841797
      vertex 4.236018180847168 -14.537433624267578 50.32316207885742
      vertex 4.829689025878906 -14.577009201049805 49.375946044921875
    endloop
  endfacet
  facet normal 0.28863605856895447 -0.9318587183952332 0.21983754634857178
    outer loop
      vertex 4.236018180847168 -14.537433624267578 50.32316207885742
      vertex 3.9958879947662354 -14.848047256469727 49.32179641723633
      vertex 4.829689025878906 -14.577009201049805 49.375946044921875
    endloop
  endfacet
  facet normal 0.29948729276657104 -0.946042001247406 0.12374138087034225
    outer loop
      vertex 4.829689025878906 -14.577009201049805 49.375946044921875
      vertex 3.9958879947662354 -14.848047256469727 49.32179641723633
      vertex 4.479925155639648 -14.849268913269043 48.14095687866211
    endloop
  endfacet
  facet normal 0.24629753828048706 -0.9638165831565857 0.1019567921757698
    outer loop
      vertex 3.9958879947662354 -14.848047256469727 49.32179641723633
      vertex 3.589797019958496 -15.076663970947266 48.14163589477539
      vertex 4.479925155639648 -14.849268913269043 48.14095687866211
    endloop
  endfacet
  facet normal 0.3336827754974365 -0.9360265731811523 0.1118488609790802
    outer loop
      vertex 4.829689025878906 -14.577009201049805 49.375946044921875
      vertex 4.479925155639648 -14.849268913269043 48.14095687866211
      vertex 5.35660982131958 -14.532085418701172 48.17991638183594
    endloop
  endfacet
  facet normal 0.36874109506607056 -0.9008354544639587 0.2291843146085739
    outer loop
      vertex 4.829689025878906 -14.577009201049805 49.375946044921875
      vertex 5.6794233322143555 -14.20601749420166 49.467010498046875
      vertex 5.046852111816406 -14.220251083374023 50.42882537841797
    endloop
  endfacet
  facet normal 0.2903347909450531 -0.7930194139480591 0.5355615019798279
    outer loop
      vertex 4.119146347045898 -13.729571342468262 51.96052551269531
      vertex 5.102372646331787 -13.76336669921875 51.377464294433594
      vertex 5.09658145904541 -13.1072998046875 52.35205841064453
    endloop
  endfacet
  facet normal 0.32421377301216125 -0.7838494777679443 0.5295900106430054
    outer loop
      vertex 5.102372646331787 -13.76336669921875 51.377464294433594
      vertex 5.948086738586426 -13.282936096191406 51.57080841064453
      vertex 5.09658145904541 -13.1072998046875 52.35205841064453
    endloop
  endfacet
  facet normal 0.3235410451889038 -0.7845203280448914 0.5290075540542603
    outer loop
      vertex 5.09658145904541 -13.1072998046875 52.35205841064453
      vertex 5.948086738586426 -13.282936096191406 51.57080841064453
      vertex 6.052660942077637 -12.713310241699219 52.35160827636719
    endloop
  endfacet
  facet normal 0.38201791048049927 -0.8332930207252502 0.3996061682701111
    outer loop
      vertex 5.948086738586426 -13.282936096191406 51.57080841064453
      vertex 5.102372646331787 -13.76336669921875 51.377464294433594
      vertex 5.8634562492370605 -13.791651725769043 50.59089660644531
    endloop
  endfacet
  facet normal 0.4550092816352844 -0.7972671985626221 0.39665040373802185
    outer loop
      vertex 6.741575241088867 -12.775224685668945 51.73664093017578
      vertex 6.682760238647461 -13.281991958618164 50.78550720214844
      vertex 7.319397926330566 -12.779491424560547 51.06522750854492
    endloop
  endfacet
  facet normal 0.4953134059906006 -0.7542210817337036 0.43106284737586975
    outer loop
      vertex 7.319397926330566 -12.779491424560547 51.06522750854492
      vertex 7.503021240234375 -12.195466041564941 51.87609100341797
      vertex 6.741575241088867 -12.775224685668945 51.73664093017578
    endloop
  endfacet
  facet normal 0.4519745409488678 -0.7202127575874329 0.5263199210166931
    outer loop
      vertex 7.503021240234375 -12.195466041564941 51.87609100341797
      vertex 6.774259090423584 -12.14920711517334 52.56521224975586
      vertex 6.741575241088867 -12.775224685668945 51.73664093017578
    endloop
  endfacet
  facet normal 0.4386307895183563 -0.7375965714454651 0.5133754014968872
    outer loop
      vertex 6.774259090423584 -12.14920711517334 52.56521224975586
      vertex 7.503021240234375 -12.195466041564941 51.87609100341797
      vertex 7.357215881347656 -11.79973316192627 52.56924057006836
    endloop
  endfacet
  facet normal 0.5265687704086304 -0.6858497858047485 0.5023300647735596
    outer loop
      vertex 7.503021240234375 -12.195466041564941 51.87609100341797
      vertex 7.791684150695801 -11.573076248168945 52.42327117919922
      vertex 7.357215881347656 -11.79973316192627 52.56924057006836
    endloop
  endfacet
  facet normal 0.5184202790260315 -0.603712797164917 0.6056165099143982
    outer loop
      vertex 7.791684150695801 -11.573076248168945 52.42327117919922
      vertex 7.248432636260986 -11.141658782958984 53.31836700439453
      vertex 7.357215881347656 -11.79973316192627 52.56924057006836
    endloop
  endfacet
  facet normal 0.3924519121646881 -0.6620084643363953 0.6385344862937927
    outer loop
      vertex 7.248432636260986 -11.141658782958984 53.31836700439453
      vertex 6.774259090423584 -12.14920711517334 52.56521224975586
      vertex 7.357215881347656 -11.79973316192627 52.56924057006836
    endloop
  endfacet
  facet normal 0.3895573318004608 -0.6619864106178284 0.6403272747993469
    outer loop
      vertex 6.774259090423584 -12.14920711517334 52.56521224975586
      vertex 7.248432636260986 -11.141658782958984 53.31836700439453
      vertex 5.59311580657959 -12.045318603515625 53.39118957519531
    endloop
  endfacet
  facet normal 0.5423635244369507 -0.5793715715408325 0.6084162592887878
    outer loop
      vertex 7.248432636260986 -11.141658782958984 53.31836700439453
      vertex 7.791684150695801 -11.573076248168945 52.42327117919922
      vertex 8.395848274230957 -10.896723747253418 52.52876281738281
    endloop
  endfacet
  facet normal 0.6038536429405212 -0.6179354786872864 0.5035041570663452
    outer loop
      vertex 7.791684150695801 -11.573076248168945 52.42327117919922
      vertex 8.303335189819336 -11.664366722106934 51.697608947753906
      vertex 8.395848274230957 -10.896723747253418 52.52876281738281
    endloop
  endfacet
  facet normal 0.6041507124900818 -0.6177851557731628 0.5033323168754578
    outer loop
      vertex 8.395848274230957 -10.896723747253418 52.52876281738281
      vertex 8.303335189819336 -11.664366722106934 51.697608947753906
      vertex 9.085867881774902 -10.984004974365234 51.59340286254883
    endloop
  endfacet
  facet normal 0.6317530274391174 -0.6658279895782471 0.3969397246837616
    outer loop
      vertex 8.303335189819336 -11.664366722106934 51.697608947753906
      vertex 8.822528839111328 -11.764669418334961 50.703033447265625
      vertex 9.085867881774902 -10.984004974365234 51.59340286254883
    endloop
  endfacet
  facet normal 0.5951764583587646 -0.7069956064224243 0.38199755549430847
    outer loop
      vertex 8.303335189819336 -11.664366722106934 51.697608947753906
      vertex 8.016569137573242 -12.360906600952148 50.855262756347656
      vertex 8.822528839111328 -11.764669418334961 50.703033447265625
    endloop
  endfacet
  facet normal 0.566871702671051 -0.7192116975784302 0.4017351567745209
    outer loop
      vertex 8.303335189819336 -11.664366722106934 51.697608947753906
      vertex 7.503021240234375 -12.195466041564941 51.87609100341797
      vertex 8.016569137573242 -12.360906600952148 50.855262756347656
    endloop
  endfacet
  facet normal 0.5573487281799316 -0.72842937707901 0.3984382450580597
    outer loop
      vertex 7.503021240234375 -12.195466041564941 51.87609100341797
      vertex 7.319397926330566 -12.779491424560547 51.06522750854492
      vertex 8.016569137573242 -12.360906600952148 50.855262756347656
    endloop
  endfacet
  facet normal 0.557158887386322 -0.6788632273674011 0.47824546694755554
    outer loop
      vertex 7.503021240234375 -12.195466041564941 51.87609100341797
      vertex 8.303335189819336 -11.664366722106934 51.697608947753906
      vertex 7.791684150695801 -11.573076248168945 52.42327117919922
    endloop
  endfacet
  facet normal 0.625868022441864 -0.5846087336540222 0.5162574648857117
    outer loop
      vertex 9.085867881774902 -10.984004974365234 51.59340286254883
      vertex 9.317959785461426 -9.994680404663086 52.432342529296875
      vertex 8.395848274230957 -10.896723747253418 52.52876281738281
    endloop
  endfacet
  facet normal 0.61152184009552 -0.566031277179718 0.5528559684753418
    outer loop
      vertex 9.317959785461426 -9.994680404663086 52.432342529296875
      vertex 8.439350128173828 -9.847923278808594 53.554439544677734
      vertex 8.395848274230957 -10.896723747253418 52.52876281738281
    endloop
  endfacet
  facet normal 0.5360243916511536 -0.6015104055404663 0.5923370718955994
    outer loop
      vertex 8.439350128173828 -9.847923278808594 53.554439544677734
      vertex 7.248432636260986 -11.141658782958984 53.31836700439453
      vertex 8.395848274230957 -10.896723747253418 52.52876281738281
    endloop
  endfacet
  facet normal 0.639424741268158 -0.5177536606788635 0.5683900117874146
    outer loop
      vertex 8.439350128173828 -9.847923278808594 53.554439544677734
      vertex 9.317959785461426 -9.994680404663086 52.432342529296875
      vertex 9.685877799987793 -8.531618118286133 53.351165771484375
    endloop
  endfacet
  facet normal 0.12214479595422745 -0.9633057713508606 0.23900316655635834
    outer loop
      vertex 2.717118740081787 -14.800590515136719 50.44192886352539
      vertex 3.141261100769043 -15.016380310058594 49.35542297363281
      vertex 3.531341314315796 -14.76116943359375 50.18470001220703
    endloop
  endfacet
  facet normal 0.09113235771656036 -0.988303005695343 0.1222788617014885
    outer loop
      vertex 2.2012031078338623 -15.110115051269531 49.450191497802734
      vertex 1.6966683864593506 -15.307250022888184 48.23289489746094
      vertex 2.6647958755493164 -15.224328994750977 48.18156433105469
    endloop
  endfacet
  facet normal 0.06049370393157005 -0.9889852404594421 0.13508820533752441
    outer loop
      vertex 1.6966683864593506 -15.307250022888184 48.23289489746094
      vertex 2.2012031078338623 -15.110115051269531 49.450191497802734
      vertex 1.1933271884918213 -15.163826942443848 49.50830078125
    endloop
  endfacet
  facet normal 0.06574294716119766 -0.96689772605896 0.2465498000383377
    outer loop
      vertex 1.1933271884918213 -15.163826942443848 49.50830078125
      vertex 2.2012031078338623 -15.110115051269531 49.450191497802734
      vertex 1.6697145700454712 -14.858747482299805 50.57770538330078
    endloop
  endfacet
  facet normal 0.040708694607019424 -0.9654748439788818 0.2572959065437317
    outer loop
      vertex 1.6697145700454712 -14.858747482299805 50.57770538330078
      vertex 0.6024026870727539 -14.898317337036133 50.59809112548828
      vertex 1.1933271884918213 -15.163826942443848 49.50830078125
    endloop
  endfacet
  facet normal 0.01118551753461361 -0.970107913017273 0.24241609871387482
    outer loop
      vertex 0.6024026870727539 -14.898317337036133 50.59809112548828
      vertex 0.18058794736862183 -15.171936988830566 49.52257537841797
      vertex 1.1933271884918213 -15.163826942443848 49.50830078125
    endloop
  endfacet
  facet normal 0.009800412692129612 -0.9911777973175049 0.13217633962631226
    outer loop
      vertex 1.1933271884918213 -15.163826942443848 49.50830078125
      vertex 0.18058794736862183 -15.171936988830566 49.52257537841797
      vertex 0.7053040266036987 -15.333752632141113 48.27022933959961
    endloop
  endfacet
  facet normal -0.032099876552820206 -0.9928653240203857 0.11483871191740036
    outer loop
      vertex 0.7053040266036987 -15.333752632141113 48.27022933959961
      vertex 0.18058794736862183 -15.171936988830566 49.52257537841797
      vertex -0.2819910943508148 -15.299412727355957 48.29115295410156
    endloop
  endfacet
  facet normal -0.051545243710279465 -0.9911944270133972 0.12197033315896988
    outer loop
      vertex -0.2819910943508148 -15.299412727355957 48.29115295410156
      vertex 0.18058794736862183 -15.171936988830566 49.52257537841797
      vertex -0.8071896433830261 -15.121577262878418 49.51438522338867
    endloop
  endfacet
  facet normal -0.05146600678563118 -0.9726170897483826 0.2266433984041214
    outer loop
      vertex -0.8071896433830261 -15.121577262878418 49.51438522338867
      vertex 0.18058794736862183 -15.171936988830566 49.52257537841797
      vertex -0.41644710302352905 -14.899682998657227 50.55535125732422
    endloop
  endfacet
  facet normal -0.009186379611492157 -0.9682214260101318 0.24992600083351135
    outer loop
      vertex 0.18058794736862183 -15.171936988830566 49.52257537841797
      vertex 0.6024026870727539 -14.898317337036133 50.59809112548828
      vertex -0.41644710302352905 -14.899682998657227 50.55535125732422
    endloop
  endfacet
  facet normal -0.015151572413742542 -0.9204359650611877 0.39059969782829285
    outer loop
      vertex -0.41644710302352905 -14.899682998657227 50.55535125732422
      vertex 0.6024026870727539 -14.898317337036133 50.59809112548828
      vertex -0.09066281467676163 -14.497053146362305 51.51677322387695
    endloop
  endfacet
  facet normal 0.001079284935258329 -0.9160991907119751 0.40095022320747375
    outer loop
      vertex 0.6024026870727539 -14.898317337036133 50.59809112548828
      vertex 1.0363725423812866 -14.47511100769043 51.563873291015625
      vertex -0.09066281467676163 -14.497053146362305 51.51677322387695
    endloop
  endfacet
  facet normal 0.04153642803430557 -0.9218583703041077 0.38529470562934875
    outer loop
      vertex 1.0363725423812866 -14.47511100769043 51.563873291015625
      vertex 0.6024026870727539 -14.898317337036133 50.59809112548828
      vertex 1.6697145700454712 -14.858747482299805 50.57770538330078
    endloop
  endfacet
  facet normal -0.08723713457584381 -0.967117965221405 0.23889847099781036
    outer loop
      vertex -0.41644710302352905 -14.899682998657227 50.55535125732422
      vertex -1.3968902826309204 -14.818825721740723 50.524658203125
      vertex -0.8071896433830261 -15.121577262878418 49.51438522338867
    endloop
  endfacet
  facet normal -0.11795143783092499 -0.96805739402771 0.22125190496444702
    outer loop
      vertex -1.3968902826309204 -14.818825721740723 50.524658203125
      vertex -1.7553516626358032 -15.011576652526855 49.490203857421875
      vertex -0.8071896433830261 -15.121577262878418 49.51438522338867
    endloop
  endfacet
  facet normal -0.11727885156869888 -0.9872611165046692 0.10752275586128235
    outer loop
      vertex -0.8071896433830261 -15.121577262878418 49.51438522338867
      vertex -1.7553516626358032 -15.011576652526855 49.490203857421875
      vertex -1.2473604679107666 -15.201578140258789 48.29971694946289
    endloop
  endfacet
  facet normal -0.17303864657878876 -0.9814285039901733 0.08279870450496674
    outer loop
      vertex -1.7553516626358032 -15.011576652526855 49.490203857421875
      vertex -2.1752054691314697 -15.037423133850098 48.306400299072266
      vertex -1.2473604679107666 -15.201578140258789 48.29971694946289
    endloop
  endfacet
  facet normal -0.1809433251619339 -0.9797642827033997 0.08556588739156723
    outer loop
      vertex -2.1752054691314697 -15.037423133850098 48.306400299072266
      vertex -1.7553516626358032 -15.011576652526855 49.490203857421875
      vertex -2.6310338973999023 -14.853357315063477 49.450103759765625
    endloop
  endfacet
  facet normal -0.1831066906452179 -0.9615561366081238 0.20465058088302612
    outer loop
      vertex -2.6310338973999023 -14.853357315063477 49.450103759765625
      vertex -1.7553516626358032 -15.011576652526855 49.490203857421875
      vertex -2.335463523864746 -14.699897766113281 50.43559265136719
    endloop
  endfacet
  facet normal -0.14373540878295898 -0.9627107977867126 0.229190394282341
    outer loop
      vertex -1.7553516626358032 -15.011576652526855 49.490203857421875
      vertex -1.3968902826309204 -14.818825721740723 50.524658203125
      vertex -2.335463523864746 -14.699897766113281 50.43559265136719
    endloop
  endfacet
  facet normal -0.1788499504327774 -0.9625934362411499 0.20353542268276215
    outer loop
      vertex -2.335463523864746 -14.699897766113281 50.43559265136719
      vertex -3.059849262237549 -14.607431411743164 50.23637008666992
      vertex -2.6310338973999023 -14.853357315063477 49.450103759765625
    endloop
  endfacet
  facet normal -0.27282682061195374 -0.9505316615104675 0.14850950241088867
    outer loop
      vertex -3.059849262237549 -14.607431411743164 50.23637008666992
      vertex -3.4480607509613037 -14.614201545715332 49.479854583740234
      vertex -2.6310338973999023 -14.853357315063477 49.450103759765625
    endloop
  endfacet
  facet normal -0.27814024686813354 -0.9583233594894409 0.06522490084171295
    outer loop
      vertex -2.6310338973999023 -14.853357315063477 49.450103759765625
      vertex -3.4480607509613037 -14.614201545715332 49.479854583740234
      vertex -3.0598931312561035 -14.804787635803223 48.334922790527344
    endloop
  endfacet
  facet normal -0.33893105387687683 -0.939893364906311 0.041547052562236786
    outer loop
      vertex -3.4480607509613037 -14.614201545715332 49.479854583740234
      vertex -3.9150166511535645 -14.492961883544922 48.41326904296875
      vertex -3.0598931312561035 -14.804787635803223 48.334922790527344
    endloop
  endfacet
  facet normal -0.2522711753845215 -0.9660957455635071 0.05493804067373276
    outer loop
      vertex -2.6310338973999023 -14.853357315063477 49.450103759765625
      vertex -3.0598931312561035 -14.804787635803223 48.334922790527344
      vertex -2.1752054691314697 -15.037423133850098 48.306400299072266
    endloop
  endfacet
  facet normal -0.09942096471786499 -0.9898834228515625 0.1012241393327713
    outer loop
      vertex -0.8071896433830261 -15.121577262878418 49.51438522338867
      vertex -1.2473604679107666 -15.201578140258789 48.29971694946289
      vertex -0.2819910943508148 -15.299412727355957 48.29115295410156
    endloop
  endfacet
  facet normal 0.031178241595625877 -0.9918127059936523 0.12383674085140228
    outer loop
      vertex 1.1933271884918213 -15.163826942443848 49.50830078125
      vertex 0.7053040266036987 -15.333752632141113 48.27022933959961
      vertex 1.6966683864593506 -15.307250022888184 48.23289489746094
    endloop
  endfacet
  facet normal -0.18842779099941254 -0.742192804813385 0.6431522965431213
    outer loop
      vertex -1.2573661804199219 -12.972599029541016 53.50688171386719
      vertex -3.333350419998169 -12.63537883758545 53.287818908691406
      vertex -2.2130331993103027 -13.566423416137695 52.5416259765625
    endloop
  endfacet
  facet normal -0.22678124904632568 -0.7605149745941162 0.6084302663803101
    outer loop
      vertex -3.333350419998169 -12.63537883758545 53.287818908691406
      vertex -3.2337050437927246 -13.656876564025879 52.048126220703125
      vertex -2.2130331993103027 -13.566423416137695 52.5416259765625
    endloop
  endfacet
  facet normal -0.18638844788074493 -0.8231455683708191 0.536368191242218
    outer loop
      vertex -2.2130331993103027 -13.566423416137695 52.5416259765625
      vertex -3.2337050437927246 -13.656876564025879 52.048126220703125
      vertex -2.0630383491516113 -14.284383773803711 51.491920471191406
    endloop
  endfacet
  facet normal -0.21103812754154205 -0.8387020230293274 0.5020376443862915
    outer loop
      vertex -2.0630383491516113 -14.284383773803711 51.491920471191406
      vertex -3.2337050437927246 -13.656876564025879 52.048126220703125
      vertex -3.1018686294555664 -14.283551216125488 51.05662536621094
    endloop
  endfacet
  facet normal -0.25368109345436096 -0.8325372338294983 0.4924711585044861
    outer loop
      vertex -3.1018686294555664 -14.283551216125488 51.05662536621094
      vertex -3.2337050437927246 -13.656876564025879 52.048126220703125
      vertex -4.073120594024658 -13.805617332458496 51.36427688598633
    endloop
  endfacet
  facet normal -0.29356610774993896 -0.7935841679573059 0.5329569578170776
    outer loop
      vertex -4.073120594024658 -13.805617332458496 51.36427688598633
      vertex -3.2337050437927246 -13.656876564025879 52.048126220703125
      vertex -4.475382328033447 -13.02711296081543 52.301910400390625
    endloop
  endfacet
  facet normal -0.2601625621318817 -0.7553380727767944 0.6014813780784607
    outer loop
      vertex -4.475382328033447 -13.02711296081543 52.301910400390625
      vertex -3.2337050437927246 -13.656876564025879 52.048126220703125
      vertex -3.333350419998169 -12.63537883758545 53.287818908691406
    endloop
  endfacet
  facet normal -0.3167259395122528 -0.6966686248779297 0.6436905860900879
    outer loop
      vertex -3.333350419998169 -12.63537883758545 53.287818908691406
      vertex -5.489511489868164 -11.708117485046387 53.230464935302734
      vertex -4.475382328033447 -13.02711296081543 52.301910400390625
    endloop
  endfacet
  facet normal -0.3109433948993683 -0.6952653527259827 0.648012638092041
    outer loop
      vertex -4.475382328033447 -13.02711296081543 52.301910400390625
      vertex -5.489511489868164 -11.708117485046387 53.230464935302734
      vertex -5.454517364501953 -12.696802139282227 52.18647766113281
    endloop
  endfacet
  facet normal -0.32744526863098145 -0.7889261841773987 0.5199759006500244
    outer loop
      vertex -5.454517364501953 -12.696802139282227 52.18647766113281
      vertex -5.064395904541016 -13.333904266357422 51.46551513671875
      vertex -4.475382328033447 -13.02711296081543 52.301910400390625
    endloop
  endfacet
  facet normal -0.3237319588661194 -0.7915434837341309 0.5183209776878357
    outer loop
      vertex -4.475382328033447 -13.02711296081543 52.301910400390625
      vertex -5.064395904541016 -13.333904266357422 51.46551513671875
      vertex -4.073120594024658 -13.805617332458496 51.36427688598633
    endloop
  endfacet
  facet normal -0.36928972601890564 -0.8544615507125854 0.3654046356678009
    outer loop
      vertex -5.064395904541016 -13.333904266357422 51.46551513671875
      vertex -4.660989761352539 -13.889122009277344 50.57489013671875
      vertex -4.073120594024658 -13.805617332458496 51.36427688598633
    endloop
  endfacet
  facet normal -0.352356493473053 -0.866311252117157 0.3540476858615875
    outer loop
      vertex -4.073120594024658 -13.805617332458496 51.36427688598633
      vertex -4.660989761352539 -13.889122009277344 50.57489013671875
      vertex -3.776738166809082 -14.30247688293457 50.44348907470703
    endloop
  endfacet
  facet normal -0.39118924736976624 -0.8991740942001343 0.1961042732000351
    outer loop
      vertex -4.660989761352539 -13.889122009277344 50.57489013671875
      vertex -4.271819591522217 -14.273965835571289 49.58662796020508
      vertex -3.776738166809082 -14.30247688293457 50.44348907470703
    endloop
  endfacet
  facet normal -0.3126817047595978 -0.87434321641922 0.37115222215652466
    outer loop
      vertex -3.776738166809082 -14.30247688293457 50.44348907470703
      vertex -3.1018686294555664 -14.283551216125488 51.05662536621094
      vertex -4.073120594024658 -13.805617332458496 51.36427688598633
    endloop
  endfacet
  facet normal -0.47431284189224243 -0.879454493522644 0.039839982986450195
    outer loop
      vertex -5.086256980895996 -13.877665519714355 49.669593811035156
      vertex -5.483561992645264 -13.707120895385742 48.70421600341797
      vertex -4.737098693847656 -14.117326736450195 48.53603744506836
    endloop
  endfacet
  facet normal -0.4815267324447632 -0.8753495216369629 0.04353407397866249
    outer loop
      vertex -5.483561992645264 -13.707120895385742 48.70421600341797
      vertex -5.086256980895996 -13.877665519714355 49.669593811035156
      vertex -5.715985298156738 -13.532245635986328 49.649658203125
    endloop
  endfacet
  facet normal -0.4776618778705597 -0.8606287240982056 0.1765148788690567
    outer loop
      vertex -5.715985298156738 -13.532245635986328 49.649658203125
      vertex -5.086256980895996 -13.877665519714355 49.669593811035156
      vertex -5.605993747711182 -13.404596328735352 50.569679260253906
    endloop
  endfacet
  facet normal -0.527153730392456 -0.8308537006378174 0.1783006489276886
    outer loop
      vertex -5.605993747711182 -13.404596328735352 50.569679260253906
      vertex -6.180271148681641 -13.166584014892578 49.98090362548828
      vertex -5.715985298156738 -13.532245635986328 49.649658203125
    endloop
  endfacet
  facet normal -0.5986065864562988 -0.7998387217521667 0.04391229897737503
    outer loop
      vertex -5.715985298156738 -13.532245635986328 49.649658203125
      vertex -6.180271148681641 -13.166584014892578 49.98090362548828
      vertex -6.167529582977295 -13.230550765991211 48.98947525024414
    endloop
  endfacet
  facet normal -0.6455912590026855 -0.762586772441864 0.04090498387813568
    outer loop
      vertex -6.180271148681641 -13.166584014892578 49.98090362548828
      vertex -6.874553203582764 -12.596879959106445 49.64418029785156
      vertex -6.167529582977295 -13.230550765991211 48.98947525024414
    endloop
  endfacet
  facet normal -0.6680033802986145 -0.7441574335098267 -0.0011352788424119353
    outer loop
      vertex -6.874553203582764 -12.596879959106445 49.64418029785156
      vertex -6.739864826202393 -12.71529483795166 48.01200866699219
      vertex -6.167529582977295 -13.230550765991211 48.98947525024414
    endloop
  endfacet
  facet normal -0.6863489151000977 -0.7272620797157288 -0.0038749375380575657
    outer loop
      vertex -6.739864826202393 -12.71529483795166 48.01200866699219
      vertex -6.874553203582764 -12.596879959106445 49.64418029785156
      vertex -7.572381496429443 -11.931890487670898 48.43952178955078
    endloop
  endfacet
  facet normal -0.7086745500564575 -0.705216109752655 0.021227478981018066
    outer loop
      vertex -6.874553203582764 -12.596879959106445 49.64418029785156
      vertex -7.759108066558838 -11.692604064941406 50.155235290527344
      vertex -7.572381496429443 -11.931890487670898 48.43952178955078
    endloop
  endfacet
  facet normal -0.692054033279419 -0.7181560397148132 0.0728912353515625
    outer loop
      vertex -6.874553203582764 -12.596879959106445 49.64418029785156
      vertex -7.09812068939209 -12.271665573120117 50.7257080078125
      vertex -7.759108066558838 -11.692604064941406 50.155235290527344
    endloop
  endfacet
  facet normal -0.716924786567688 -0.6835999488830566 0.13678449392318726
    outer loop
      vertex -7.759108066558838 -11.692604064941406 50.155235290527344
      vertex -7.09812068939209 -12.271665573120117 50.7257080078125
      vertex -7.465668678283691 -11.787919044494629 51.216880798339844
    endloop
  endfacet
  facet normal -0.612099826335907 -0.742188572883606 0.27292853593826294
    outer loop
      vertex -7.09812068939209 -12.271665573120117 50.7257080078125
      vertex -6.765532493591309 -12.226314544677734 51.594932556152344
      vertex -7.465668678283691 -11.787919044494629 51.216880798339844
    endloop
  endfacet
  facet normal -0.6277523636817932 -0.687123715877533 0.36577048897743225
    outer loop
      vertex -6.765532493591309 -12.226314544677734 51.594932556152344
      vertex -7.379358291625977 -11.449411392211914 52.000919342041016
      vertex -7.465668678283691 -11.787919044494629 51.216880798339844
    endloop
  endfacet
  facet normal -0.5506753921508789 -0.6846299767494202 0.47753381729125977
    outer loop
      vertex -7.379358291625977 -11.449411392211914 52.000919342041016
      vertex -6.765532493591309 -12.226314544677734 51.594932556152344
      vertex -6.617724418640137 -11.766401290893555 52.424747467041016
    endloop
  endfacet
  facet normal -0.534926176071167 -0.6949853301048279 0.48046794533729553
    outer loop
      vertex -6.617724418640137 -11.766401290893555 52.424747467041016
      vertex -6.765532493591309 -12.226314544677734 51.594932556152344
      vertex -6.099946022033691 -12.300649642944336 52.22843551635742
    endloop
  endfacet
  facet normal -0.5085679888725281 -0.7352625131607056 0.4480486810207367
    outer loop
      vertex -6.099946022033691 -12.300649642944336 52.22843551635742
      vertex -6.765532493591309 -12.226314544677734 51.594932556152344
      vertex -5.942094802856445 -12.847953796386719 51.509464263916016
    endloop
  endfacet
  facet normal -0.5521171689033508 -0.7739750742912292 0.3100471496582031
    outer loop
      vertex -6.765532493591309 -12.226314544677734 51.594932556152344
      vertex -6.441973686218262 -12.804449081420898 50.7279052734375
      vertex -5.942094802856445 -12.847953796386719 51.509464263916016
    endloop
  endfacet
  facet normal -0.5216158628463745 -0.8027656674385071 0.28893619775772095
    outer loop
      vertex -5.942094802856445 -12.847953796386719 51.509464263916016
      vertex -6.441973686218262 -12.804449081420898 50.7279052734375
      vertex -5.605993747711182 -13.404596328735352 50.569679260253906
    endloop
  endfacet
  facet normal -0.5453473329544067 -0.8132128715515137 0.2031775712966919
    outer loop
      vertex -5.605993747711182 -13.404596328735352 50.569679260253906
      vertex -6.441973686218262 -12.804449081420898 50.7279052734375
      vertex -6.180271148681641 -13.166584014892578 49.98090362548828
    endloop
  endfacet
  facet normal -0.6647423505783081 -0.7366693019866943 0.12424194812774658
    outer loop
      vertex -6.180271148681641 -13.166584014892578 49.98090362548828
      vertex -6.441973686218262 -12.804449081420898 50.7279052734375
      vertex -6.874553203582764 -12.596879959106445 49.64418029785156
    endloop
  endfacet
  facet normal -0.6272402405738831 -0.7720520496368408 0.10249568521976471
    outer loop
      vertex -6.874553203582764 -12.596879959106445 49.64418029785156
      vertex -6.441973686218262 -12.804449081420898 50.7279052734375
      vertex -7.09812068939209 -12.271665573120117 50.7257080078125
    endloop
  endfacet
  facet normal -0.6072567105293274 -0.746745228767395 0.2713131904602051
    outer loop
      vertex -7.09812068939209 -12.271665573120117 50.7257080078125
      vertex -6.441973686218262 -12.804449081420898 50.7279052734375
      vertex -6.765532493591309 -12.226314544677734 51.594932556152344
    endloop
  endfacet
  facet normal -0.6950905323028564 -0.7179160118103027 -0.0380244180560112
    outer loop
      vertex -6.739864826202393 -12.71529483795166 48.01200866699219
      vertex -7.572381496429443 -11.931890487670898 48.43952178955078
      vertex -7.305140972137451 -12.094779968261719 46.62975311279297
    endloop
  endfacet
  facet normal -0.7148667573928833 -0.6979532241821289 -0.04274143651127815
    outer loop
      vertex -7.572381496429443 -11.931890487670898 48.43952178955078
      vertex -8.147637367248535 -11.24722671508789 46.88056564331055
      vertex -7.305140972137451 -12.094779968261719 46.62975311279297
    endloop
  endfacet
  facet normal -0.5681136250495911 -0.8228545784950256 0.012538115493953228
    outer loop
      vertex -5.715985298156738 -13.532245635986328 49.649658203125
      vertex -6.167529582977295 -13.230550765991211 48.98947525024414
      vertex -5.483561992645264 -13.707120895385742 48.70421600341797
    endloop
  endfacet
  facet normal -0.5889097452163696 -0.5405315160751343 0.6008419990539551
    outer loop
      vertex -7.912400245666504 -10.671710968017578 52.28376007080078
      vertex -7.093618392944336 -10.90269947052002 52.87847900390625
      vertex -8.103994369506836 -9.604413032531738 53.05613708496094
    endloop
  endfacet
  facet normal -0.6838772296905518 -0.5043138265609741 0.527237594127655
    outer loop
      vertex -8.103994369506836 -9.604413032531738 53.05613708496094
      vertex -8.590518951416016 -10.126363754272461 51.925811767578125
      vertex -7.912400245666504 -10.671710968017578 52.28376007080078
    endloop
  endfacet
  facet normal -0.693211019039154 -0.6095210313796997 0.38463306427001953
    outer loop
      vertex -8.590518951416016 -10.126363754272461 51.925811767578125
      vertex -8.096816062927246 -11.056473731994629 51.34166717529297
      vertex -7.912400245666504 -10.671710968017578 52.28376007080078
    endloop
  endfacet
  facet normal -0.7275639772415161 -0.5976942181587219 0.3367674946784973
    outer loop
      vertex -8.590518951416016 -10.126363754272461 51.925811767578125
      vertex -8.746162414550781 -10.427443504333496 51.055198669433594
      vertex -8.096816062927246 -11.056473731994629 51.34166717529297
    endloop
  endfacet
  facet normal -0.7244873046875 -0.6645607352256775 0.18296761810779572
    outer loop
      vertex -8.746162414550781 -10.427443504333496 51.055198669433594
      vertex -8.466707229614258 -10.919288635253906 50.375301361083984
      vertex -8.096816062927246 -11.056473731994629 51.34166717529297
    endloop
  endfacet
  facet normal -0.7829142212867737 -0.6104802489280701 0.11983034759759903
    outer loop
      vertex -8.466707229614258 -10.919288635253906 50.375301361083984
      vertex -8.746162414550781 -10.427443504333496 51.055198669433594
      vertex -9.0338773727417 -10.244173049926758 50.10908508300781
    endloop
  endfacet
  facet normal -0.8221311569213867 -0.5509719848632812 0.14328357577323914
    outer loop
      vertex -9.0338773727417 -10.244173049926758 50.10908508300781
      vertex -8.746162414550781 -10.427443504333496 51.055198669433594
      vertex -9.291234970092773 -9.570451736450195 51.22309875488281
    endloop
  endfacet
  facet normal -0.7667206525802612 -0.5519053339958191 0.32793280482292175
    outer loop
      vertex -9.291234970092773 -9.570451736450195 51.22309875488281
      vertex -8.746162414550781 -10.427443504333496 51.055198669433594
      vertex -8.590518951416016 -10.126363754272461 51.925811767578125
    endloop
  endfacet
  facet normal -0.7762712240219116 -0.509891927242279 0.37069281935691833
    outer loop
      vertex -9.291234970092773 -9.570451736450195 51.22309875488281
      vertex -8.590518951416016 -10.126363754272461 51.925811767578125
      vertex -9.037797927856445 -9.17545223236084 52.297149658203125
    endloop
  endfacet
  facet normal -0.6695036888122559 -0.5214839577674866 0.528979480266571
    outer loop
      vertex -9.037797927856445 -9.17545223236084 52.297149658203125
      vertex -8.590518951416016 -10.126363754272461 51.925811767578125
      vertex -8.103994369506836 -9.604413032531738 53.05613708496094
    endloop
  endfacet
  facet normal -0.6772477030754089 -0.4640132784843445 0.5709880590438843
    outer loop
      vertex -9.037797927856445 -9.17545223236084 52.297149658203125
      vertex -8.103994369506836 -9.604413032531738 53.05613708496094
      vertex -9.171566009521484 -7.891836166381836 53.181617736816406
    endloop
  endfacet
  facet normal -0.7701106667518616 -0.6374531388282776 0.02415047399699688
    outer loop
      vertex -9.0338773727417 -10.244173049926758 50.10908508300781
      vertex -8.491011619567871 -10.946412086486816 48.88435745239258
      vertex -8.466707229614258 -10.919288635253906 50.375301361083984
    endloop
  endfacet
  facet normal -0.7958912253379822 -0.6045967936515808 -0.031936127692461014
    outer loop
      vertex -9.31691837310791 -9.933439254760742 48.693233489990234
      vertex -9.659830093383789 -9.39438533782959 47.03398895263672
      vertex -8.952271461486816 -10.324731826782227 47.01347351074219
    endloop
  endfacet
  facet normal -0.8185827136039734 -0.5741266012191772 -0.017347419634461403
    outer loop
      vertex -9.659830093383789 -9.39438533782959 47.03398895263672
      vertex -9.31691837310791 -9.933439254760742 48.693233489990234
      vertex -9.961684226989746 -9.012897491455078 48.6521110534668
    endloop
  endfacet
  facet normal -0.8193355798721313 -0.5728625059127808 0.022754739969968796
    outer loop
      vertex -9.961684226989746 -9.012897491455078 48.6521110534668
      vertex -9.31691837310791 -9.933439254760742 48.693233489990234
      vertex -9.655057907104492 -9.398035049438477 49.99684143066406
    endloop
  endfacet
  facet normal -0.842637836933136 -0.5371165871620178 0.03830595687031746
    outer loop
      vertex -9.655057907104492 -9.398035049438477 49.99684143066406
      vertex -10.212955474853516 -8.525121688842773 49.96422576904297
      vertex -9.961684226989746 -9.012897491455078 48.6521110534668
    endloop
  endfacet
  facet normal -0.8575471639633179 -0.513709545135498 0.026749294251203537
    outer loop
      vertex -9.961684226989746 -9.012897491455078 48.6521110534668
      vertex -10.212955474853516 -8.525121688842773 49.96422576904297
      vertex -10.519750595092773 -8.080141067504883 48.67445373535156
    endloop
  endfacet
  facet normal -0.8582003116607666 -0.5132036805152893 -0.010682528838515282
    outer loop
      vertex -10.519750595092773 -8.080141067504883 48.67445373535156
      vertex -10.270417213439941 -8.463623046875 47.06681823730469
      vertex -9.961684226989746 -9.012897491455078 48.6521110534668
    endloop
  endfacet
  facet normal -0.8362732529640198 -0.5476531982421875 -0.026888880878686905
    outer loop
      vertex -9.961684226989746 -9.012897491455078 48.6521110534668
      vertex -10.270417213439941 -8.463623046875 47.06681823730469
      vertex -9.659830093383789 -9.39438533782959 47.03398895263672
    endloop
  endfacet
  facet normal -0.8712085485458374 -0.49057942628860474 -0.018096769228577614
    outer loop
      vertex -10.519750595092773 -8.080141067504883 48.67445373535156
      vertex -10.8086519241333 -7.509779453277588 47.12089538574219
      vertex -10.270417213439941 -8.463623046875 47.06681823730469
    endloop
  endfacet
  facet normal -0.8898747563362122 -0.456200510263443 -0.0020039475057274103
    outer loop
      vertex -10.8086519241333 -7.509779453277588 47.12089538574219
      vertex -10.519750595092773 -8.080141067504883 48.67445373535156
      vertex -11.018241882324219 -7.108002662658691 48.72674560546875
    endloop
  endfacet
  facet normal -0.9004905819892883 -0.4347875714302063 -0.008746924810111523
    outer loop
      vertex -11.018241882324219 -7.108002662658691 48.72674560546875
      vertex -11.284323692321777 -6.525911808013916 47.18544006347656
      vertex -10.8086519241333 -7.509779453277588 47.12089538574219
    endloop
  endfacet
  facet normal -0.9161388278007507 -0.4008035957813263 0.006788897328078747
    outer loop
      vertex -11.284323692321777 -6.525911808013916 47.18544006347656
      vertex -11.018241882324219 -7.108002662658691 48.72674560546875
      vertex -11.45865249633789 -6.100446701049805 48.77900695800781
    endloop
  endfacet
  facet normal -0.925841748714447 -0.37791138887405396 -0.00038452958688139915
    outer loop
      vertex -11.284323692321777 -6.525911808013916 47.18544006347656
      vertex -11.45865249633789 -6.100446701049805 48.77900695800781
      vertex -11.696380615234375 -5.516483306884766 47.25038528442383
    endloop
  endfacet
  facet normal -0.9402319192886353 -0.34014561772346497 0.01628066971898079
    outer loop
      vertex -11.45865249633789 -6.100446701049805 48.77900695800781
      vertex -11.830950736999512 -5.069774627685547 48.811676025390625
      vertex -11.696380615234375 -5.516483306884766 47.25038528442383
    endloop
  endfacet
  facet normal -0.9479585886001587 -0.318256139755249 0.009351792745292187
    outer loop
      vertex -11.830950736999512 -5.069774627685547 48.811676025390625
      vertex -12.039499282836914 -4.4928693771362305 47.30482482910156
      vertex -11.696380615234375 -5.516483306884766 47.25038528442383
    endloop
  endfacet
  facet normal -0.9599058628082275 -0.2791152894496918 0.025990545749664307
    outer loop
      vertex -12.039499282836914 -4.4928693771362305 47.30482482910156
      vertex -11.830950736999512 -5.069774627685547 48.811676025390625
      vertex -12.130247116088867 -4.040827751159668 48.807769775390625
    endloop
  endfacet
  facet normal -0.9584270715713501 -0.2785489559173584 0.06187063083052635
    outer loop
      vertex -11.830950736999512 -5.069774627685547 48.811676025390625
      vertex -11.92358684539795 -4.46205472946167 50.112693786621094
      vertex -12.130247116088867 -4.040827751159668 48.807769775390625
    endloop
  endfacet
  facet normal -0.969241738319397 -0.23336756229400635 0.07816780358552933
    outer loop
      vertex -11.92358684539795 -4.46205472946167 50.112693786621094
      vertex -12.182498931884766 -3.4285695552825928 49.98775100708008
      vertex -12.130247116088867 -4.040827751159668 48.807769775390625
    endloop
  endfacet
  facet normal -0.9735833406448364 -0.21743129193782806 0.06970669329166412
    outer loop
      vertex -12.130247116088867 -4.040827751159668 48.807769775390625
      vertex -12.182498931884766 -3.4285695552825928 49.98775100708008
      vertex -12.352140426635742 -3.0544486045837402 48.785362243652344
    endloop
  endfacet
  facet normal -0.9794657230377197 -0.1847534328699112 0.08070426434278488
    outer loop
      vertex -12.182498931884766 -3.4285695552825928 49.98775100708008
      vertex -12.354925155639648 -2.602360725402832 49.78651428222656
      vertex -12.352140426635742 -3.0544486045837402 48.785362243652344
    endloop
  endfacet
  facet normal -0.9879202842712402 -0.14224301278591156 0.06148441508412361
    outer loop
      vertex -12.352140426635742 -3.0544486045837402 48.785362243652344
      vertex -12.354925155639648 -2.602360725402832 49.78651428222656
      vertex -12.488134384155273 -2.078920602798462 48.85710144042969
    endloop
  endfacet
  facet normal -0.9920621514320374 -0.07955947518348694 0.09738105535507202
    outer loop
      vertex -12.354925155639648 -2.602360725402832 49.78651428222656
      vertex -12.395694732666016 -1.7154453992843628 50.09577941894531
      vertex -12.488134384155273 -2.078920602798462 48.85710144042969
    endloop
  endfacet
  facet normal -0.9931501746177673 -0.06893440335988998 0.09434445202350616
    outer loop
      vertex -12.488134384155273 -2.078920602798462 48.85710144042969
      vertex -12.395694732666016 -1.7154453992843628 50.09577941894531
      vertex -12.546103477478027 -1.0158390998840332 49.02362823486328
    endloop
  endfacet
  facet normal -0.9921343922615051 -0.02548069693148136 0.12255663424730301
    outer loop
      vertex -12.395694732666016 -1.7154453992843628 50.09577941894531
      vertex -12.395210266113281 -0.5306889414787292 50.34602355957031
      vertex -12.546103477478027 -1.0158390998840332 49.02362823486328
    endloop
  endfacet
  facet normal -0.9932339191436768 -0.00704154372215271 0.11591727286577225
    outer loop
      vertex -12.546103477478027 -1.0158390998840332 49.02362823486328
      vertex -12.395210266113281 -0.5306889414787292 50.34602355957031
      vertex -12.538150787353516 0.14031267166137695 49.16200256347656
    endloop
  endfacet
  facet normal -0.9904415011405945 0.027512172237038612 0.13516223430633545
    outer loop
      vertex -12.538150787353516 0.14031267166137695 49.16200256347656
      vertex -12.395210266113281 -0.5306889414787292 50.34602355957031
      vertex -12.346185684204102 0.7403414249420166 50.44654846191406
    endloop
  endfacet
  facet normal -0.9782305359840393 0.021405892446637154 0.206414595246315
    outer loop
      vertex -12.346185684204102 0.7403414249420166 50.44654846191406
      vertex -12.395210266113281 -0.5306889414787292 50.34602355957031
      vertex -12.108739852905273 0.1488313376903534 51.633182525634766
    endloop
  endfacet
  facet normal -0.9746707081794739 -0.012111049145460129 0.22331665456295013
    outer loop
      vertex -12.395210266113281 -0.5306889414787292 50.34602355957031
      vertex -12.165563583374023 -1.322464942932129 51.305381774902344
      vertex -12.108739852905273 0.1488313376903534 51.633182525634766
    endloop
  endfacet
  facet normal -0.9789384603500366 -0.04180758446455002 0.19982916116714478
    outer loop
      vertex -12.165563583374023 -1.322464942932129 51.305381774902344
      vertex -12.395210266113281 -0.5306889414787292 50.34602355957031
      vertex -12.395694732666016 -1.7154453992843628 50.09577941894531
    endloop
  endfacet
  facet normal -0.9753214120864868 -0.07165636867284775 0.2088383436203003
    outer loop
      vertex -12.395694732666016 -1.7154453992843628 50.09577941894531
      vertex -12.180471420288086 -2.5499582290649414 50.81458282470703
      vertex -12.165563583374023 -1.322464942932129 51.305381774902344
    endloop
  endfacet
  facet normal -0.9795761108398438 -0.10485490411520004 0.17156966030597687
    outer loop
      vertex -12.180471420288086 -2.5499582290649414 50.81458282470703
      vertex -12.395694732666016 -1.7154453992843628 50.09577941894531
      vertex -12.354925155639648 -2.602360725402832 49.78651428222656
    endloop
  endfacet
  facet normal -0.9717196226119995 -0.1606372594833374 0.17307981848716736
    outer loop
      vertex -12.180471420288086 -2.5499582290649414 50.81458282470703
      vertex -12.354925155639648 -2.602360725402832 49.78651428222656
      vertex -12.182498931884766 -3.4285695552825928 49.98775100708008
    endloop
  endfacet
  facet normal -0.9687110781669617 -0.1689017117023468 0.18185442686080933
    outer loop
      vertex -12.180471420288086 -2.5499582290649414 50.81458282470703
      vertex -12.182498931884766 -3.4285695552825928 49.98775100708008
      vertex -11.925580978393555 -3.641002655029297 51.15901184082031
    endloop
  endfacet
  facet normal -0.9604422450065613 -0.21996688842773438 0.17077887058258057
    outer loop
      vertex -11.925580978393555 -3.641002655029297 51.15901184082031
      vertex -12.182498931884766 -3.4285695552825928 49.98775100708008
      vertex -11.92358684539795 -4.46205472946167 50.112693786621094
    endloop
  endfacet
  facet normal -0.9634940028190613 -0.21151286363601685 0.16413912177085876
    outer loop
      vertex -11.925580978393555 -3.641002655029297 51.15901184082031
      vertex -11.92358684539795 -4.46205472946167 50.112693786621094
      vertex -11.634868621826172 -4.833513259887695 51.32879638671875
    endloop
  endfacet
  facet normal -0.9476248025894165 -0.28859201073646545 0.1368277221918106
    outer loop
      vertex -11.634868621826172 -4.833513259887695 51.32879638671875
      vertex -11.92358684539795 -4.46205472946167 50.112693786621094
      vertex -11.595433235168457 -5.531944751739502 50.128807067871094
    endloop
  endfacet
  facet normal -0.954097330570221 -0.29160967469215393 0.06827972829341888
    outer loop
      vertex -11.92358684539795 -4.46205472946167 50.112693786621094
      vertex -11.830950736999512 -5.069774627685547 48.811676025390625
      vertex -11.595433235168457 -5.531944751739502 50.128807067871094
    endloop
  endfacet
  facet normal -0.9389311671257019 -0.34069204330444336 0.04834524542093277
    outer loop
      vertex -11.595433235168457 -5.531944751739502 50.128807067871094
      vertex -11.830950736999512 -5.069774627685547 48.811676025390625
      vertex -11.45865249633789 -6.100446701049805 48.77900695800781
    endloop
  endfacet
  facet normal -0.9721563458442688 0.06270761787891388 0.22578707337379456
    outer loop
      vertex -12.346185684204102 0.7403414249420166 50.44654846191406
      vertex -12.108739852905273 0.1488313376903534 51.633182525634766
      vertex -12.048408508300781 1.577727198600769 51.49610137939453
    endloop
  endfacet
  facet normal -0.9743824005126953 0.08607757836580276 0.20777291059494019
    outer loop
      vertex -12.048408508300781 1.577727198600769 51.49610137939453
      vertex -12.247528076171875 1.9346575736999512 50.4144287109375
      vertex -12.346185684204102 0.7403414249420166 50.44654846191406
    endloop
  endfacet
  facet normal -0.9871588945388794 0.08517953008413315 0.1351364552974701
    outer loop
      vertex -12.346185684204102 0.7403414249420166 50.44654846191406
      vertex -12.247528076171875 1.9346575736999512 50.4144287109375
      vertex -12.462453842163086 1.3083124160766602 49.23921585083008
    endloop
  endfacet
  facet normal -0.9856075048446655 0.125318706035614 0.11346002668142319
    outer loop
      vertex -12.247528076171875 1.9346575736999512 50.4144287109375
      vertex -12.314693450927734 2.4294376373291016 49.284481048583984
      vertex -12.462453842163086 1.3083124160766602 49.23921585083008
    endloop
  endfacet
  facet normal -0.987373948097229 0.12627069652080536 0.09564747661352158
    outer loop
      vertex -12.462453842163086 1.3083124160766602 49.23921585083008
      vertex -12.314693450927734 2.4294376373291016 49.284481048583984
      vertex -12.507522583007812 1.9662072658538818 47.90543746948242
    endloop
  endfacet
  facet normal -0.9819865822792053 0.17128489911556244 0.07977358251810074
    outer loop
      vertex -12.507522583007812 1.9662072658538818 47.90543746948242
      vertex -12.314693450927734 2.4294376373291016 49.284481048583984
      vertex -12.308221817016602 3.056687355041504 48.01735305786133
    endloop
  endfacet
  facet normal -0.9921894073486328 0.09527206420898438 0.08051992207765579
    outer loop
      vertex -12.462453842163086 1.3083124160766602 49.23921585083008
      vertex -12.507522583007812 1.9662072658538818 47.90543746948242
      vertex -12.623924255371094 0.8429576754570007 47.80014419555664
    endloop
  endfacet
  facet normal -0.9939881563186646 0.058292608708143234 0.09267983585596085
    outer loop
      vertex -12.462453842163086 1.3083124160766602 49.23921585083008
      vertex -12.623924255371094 0.8429576754570007 47.80014419555664
      vertex -12.538150787353516 0.14031267166137695 49.16200256347656
    endloop
  endfacet
  facet normal -0.9968783855438232 0.024057893082499504 0.07519862800836563
    outer loop
      vertex -12.538150787353516 0.14031267166137695 49.16200256347656
      vertex -12.623924255371094 0.8429576754570007 47.80014419555664
      vertex -12.660439491271973 -0.28769320249557495 47.677799224853516
    endloop
  endfacet
  facet normal -0.9965450763702393 -0.003078651614487171 0.08299663662910461
    outer loop
      vertex -12.538150787353516 0.14031267166137695 49.16200256347656
      vertex -12.660439491271973 -0.28769320249557495 47.677799224853516
      vertex -12.546103477478027 -1.0158390998840332 49.02362823486328
    endloop
  endfacet
  facet normal -0.9971731901168823 -0.04398809000849724 0.06091640144586563
    outer loop
      vertex -12.546103477478027 -1.0158390998840332 49.02362823486328
      vertex -12.660439491271973 -0.28769320249557495 47.677799224853516
      vertex -12.620028495788574 -1.3899035453796387 47.54339599609375
    endloop
  endfacet
  facet normal -0.9957191944122314 -0.0646444633603096 0.066063791513443
    outer loop
      vertex -12.620028495788574 -1.3899035453796387 47.54339599609375
      vertex -12.488134384155273 -2.078920602798462 48.85710144042969
      vertex -12.546103477478027 -1.0158390998840332 49.02362823486328
    endloop
  endfacet
  facet normal -0.9926745891571045 -0.11406180262565613 0.03983953222632408
    outer loop
      vertex -12.620028495788574 -1.3899035453796387 47.54339599609375
      vertex -12.503545761108398 -2.444206953048706 47.42727279663086
      vertex -12.488134384155273 -2.078920602798462 48.85710144042969
    endloop
  endfacet
  facet normal -0.9888633489608765 -0.1412912756204605 0.04675491899251938
    outer loop
      vertex -12.488134384155273 -2.078920602798462 48.85710144042969
      vertex -12.503545761108398 -2.444206953048706 47.42727279663086
      vertex -12.352140426635742 -3.0544486045837402 48.785362243652344
    endloop
  endfacet
  facet normal -0.9819520711898804 -0.18743735551834106 0.025249207392334938
    outer loop
      vertex -12.352140426635742 -3.0544486045837402 48.785362243652344
      vertex -12.503545761108398 -2.444206953048706 47.42727279663086
      vertex -12.309789657592773 -3.4689178466796875 47.3555908203125
    endloop
  endfacet
  facet normal -0.9752058982849121 -0.21859648823738098 0.03448159992694855
    outer loop
      vertex -12.309789657592773 -3.4689178466796875 47.3555908203125
      vertex -12.130247116088867 -4.040827751159668 48.807769775390625
      vertex -12.352140426635742 -3.0544486045837402 48.785362243652344
    endloop
  endfacet
  facet normal -0.9664846062660217 -0.2560458183288574 0.018654700368642807
    outer loop
      vertex -12.309789657592773 -3.4689178466796875 47.3555908203125
      vertex -12.039499282836914 -4.4928693771362305 47.30482482910156
      vertex -12.130247116088867 -4.040827751159668 48.807769775390625
    endloop
  endfacet
  facet normal -0.9909575581550598 0.05616757273674011 0.12185404449701309
    outer loop
      vertex -12.462453842163086 1.3083124160766602 49.23921585083008
      vertex -12.538150787353516 0.14031267166137695 49.16200256347656
      vertex -12.346185684204102 0.7403414249420166 50.44654846191406
    endloop
  endfacet
  facet normal -0.9694982171058655 0.11503113806247711 0.21642792224884033
    outer loop
      vertex -12.247528076171875 1.9346575736999512 50.4144287109375
      vertex -12.048408508300781 1.577727198600769 51.49610137939453
      vertex -11.974563598632812 2.648737668991089 51.257652282714844
    endloop
  endfacet
  facet normal -0.9322542548179626 0.13867753744125366 0.3341714143753052
    outer loop
      vertex -12.048408508300781 1.577727198600769 51.49610137939453
      vertex -11.541260719299316 2.855069875717163 52.38083267211914
      vertex -11.974563598632812 2.648737668991089 51.257652282714844
    endloop
  endfacet
  facet normal -0.8388583660125732 -0.5317879915237427 0.11626844853162766
    outer loop
      vertex -10.212955474853516 -8.525121688842773 49.96422576904297
      vertex -9.655057907104492 -9.398035049438477 49.99684143066406
      vertex -9.887615203857422 -8.835418701171875 50.892269134521484
    endloop
  endfacet
  facet normal -0.7427729368209839 -0.4068402945995331 0.5317606329917908
    outer loop
      vertex -9.171566009521484 -7.891836166381836 53.181617736816406
      vertex -10.089062690734863 -6.1067705154418945 53.26576232910156
      vertex -10.226458549499512 -7.285247325897217 52.17221450805664
    endloop
  endfacet
  facet normal -0.7599937319755554 -0.3922591209411621 0.518210768699646
    outer loop
      vertex -10.089062690734863 -6.1067705154418945 53.26576232910156
      vertex -10.855501174926758 -6.098693370819092 52.1478385925293
      vertex -10.226458549499512 -7.285247325897217 52.17221450805664
    endloop
  endfacet
  facet normal -0.8307974934577942 -0.43326371908187866 0.34936827421188354
    outer loop
      vertex -10.855501174926758 -6.098693370819092 52.1478385925293
      vertex -10.820995330810547 -6.941930294036865 51.184165954589844
      vertex -10.226458549499512 -7.285247325897217 52.17221450805664
    endloop
  endfacet
  facet normal -0.8297242522239685 -0.43681830167770386 0.3474873900413513
    outer loop
      vertex -10.820995330810547 -6.941930294036865 51.184165954589844
      vertex -10.315820693969727 -7.982458114624023 51.08238983154297
      vertex -10.226458549499512 -7.285247325897217 52.17221450805664
    endloop
  endfacet
  facet normal -0.8807815313339233 -0.4437754452228546 0.16518868505954742
    outer loop
      vertex -10.820995330810547 -6.941930294036865 51.184165954589844
      vertex -10.717260360717773 -7.577788352966309 50.02906036376953
      vertex -10.315820693969727 -7.982458114624023 51.08238983154297
    endloop
  endfacet
  facet normal -0.891103208065033 -0.4265827238559723 0.1547975242137909
    outer loop
      vertex -10.820995330810547 -6.941930294036865 51.184165954589844
      vertex -11.189549446105957 -6.571067810058594 50.08456039428711
      vertex -10.717260360717773 -7.577788352966309 50.02906036376953
    endloop
  endfacet
  facet normal -0.8958133459091187 -0.4144496023654938 0.16046832501888275
    outer loop
      vertex -10.820995330810547 -6.941930294036865 51.184165954589844
      vertex -11.291614532470703 -5.916914939880371 51.20429611206055
      vertex -11.189549446105957 -6.571067810058594 50.08456039428711
    endloop
  endfacet
  facet normal -0.8586893081665039 -0.40053242444992065 0.3197288513183594
    outer loop
      vertex -11.291614532470703 -5.916914939880371 51.20429611206055
      vertex -10.820995330810547 -6.941930294036865 51.184165954589844
      vertex -10.855501174926758 -6.098693370819092 52.1478385925293
    endloop
  endfacet
  facet normal -0.8499064445495605 -0.42546626925468445 0.3108656704425812
    outer loop
      vertex -10.855501174926758 -6.098693370819092 52.1478385925293
      vertex -11.310407638549805 -5.320563316345215 51.969112396240234
      vertex -11.291614532470703 -5.916914939880371 51.20429611206055
    endloop
  endfacet
  facet normal -0.786578893661499 -0.3417131006717682 0.5143207907676697
    outer loop
      vertex -10.855501174926758 -6.098693370819092 52.1478385925293
      vertex -10.985488891601562 -4.847395896911621 52.780399322509766
      vertex -11.310407638549805 -5.320563316345215 51.969112396240234
    endloop
  endfacet
  facet normal -0.7990119457244873 -0.32202595472335815 0.5078180432319641
    outer loop
      vertex -10.985488891601562 -4.847395896911621 52.780399322509766
      vertex -11.43896770477295 -4.7700700759887695 52.11592102050781
      vertex -11.310407638549805 -5.320563316345215 51.969112396240234
    endloop
  endfacet
  facet normal -0.8247798681259155 -0.14855961501598358 0.5455899238586426
    outer loop
      vertex -10.985488891601562 -4.847395896911621 52.780399322509766
      vertex -11.538980484008789 -3.9815409183502197 52.179439544677734
      vertex -11.43896770477295 -4.7700700759887695 52.11592102050781
    endloop
  endfacet
  facet normal -0.8428695201873779 -0.18914024531841278 0.5037827491760254
    outer loop
      vertex -11.538980484008789 -3.9815409183502197 52.179439544677734
      vertex -10.985488891601562 -4.847395896911621 52.780399322509766
      vertex -11.069812774658203 -3.2475435733795166 53.239967346191406
    endloop
  endfacet
  facet normal -0.8772719502449036 -0.1132119670510292 0.4664516746997833
    outer loop
      vertex -11.069812774658203 -3.2475435733795166 53.239967346191406
      vertex -11.75606918334961 -2.4230449199676514 52.1494140625
      vertex -11.538980484008789 -3.9815409183502197 52.179439544677734
    endloop
  endfacet
  facet normal -0.8757964372634888 -0.10614682734012604 0.4708646833896637
    outer loop
      vertex -11.069812774658203 -3.2475435733795166 53.239967346191406
      vertex -11.127044677734375 -1.359952688217163 53.55903625488281
      vertex -11.75606918334961 -2.4230449199676514 52.1494140625
    endloop
  endfacet
  facet normal -0.8745570778846741 -0.10905077308416367 0.472501665353775
    outer loop
      vertex -11.127044677734375 -1.359952688217163 53.55903625488281
      vertex -11.808290481567383 -0.7499260902404785 52.43890380859375
      vertex -11.75606918334961 -2.4230449199676514 52.1494140625
    endloop
  endfacet
  facet normal -0.8660909533500671 -0.05485564097762108 0.4968675374984741
    outer loop
      vertex -11.127044677734375 -1.359952688217163 53.55903625488281
      vertex -11.423067092895508 0.27713125944137573 53.223777770996094
      vertex -11.808290481567383 -0.7499260902404785 52.43890380859375
    endloop
  endfacet
  facet normal -0.8639897108078003 -0.05814526602625847 0.500140905380249
    outer loop
      vertex -11.423067092895508 0.27713125944137573 53.223777770996094
      vertex -11.838464736938477 0.21474114060401917 52.49892807006836
      vertex -11.808290481567383 -0.7499260902404785 52.43890380859375
    endloop
  endfacet
  facet normal -0.8675417900085449 0.08713764697313309 0.4896715581417084
    outer loop
      vertex -11.423067092895508 0.27713125944137573 53.223777770996094
      vertex -11.721089363098145 1.185446858406067 52.534141540527344
      vertex -11.838464736938477 0.21474114060401917 52.49892807006836
    endloop
  endfacet
  facet normal -0.8635057210922241 0.0930277556180954 0.49568524956703186
    outer loop
      vertex -11.721089363098145 1.185446858406067 52.534141540527344
      vertex -11.423067092895508 0.27713125944137573 53.223777770996094
      vertex -10.943035125732422 2.0208346843719482 53.732765197753906
    endloop
  endfacet
  facet normal -0.7745091319084167 -0.34761953353881836 0.5284848809242249
    outer loop
      vertex -10.855501174926758 -6.098693370819092 52.1478385925293
      vertex -10.089062690734863 -6.1067705154418945 53.26576232910156
      vertex -10.985488891601562 -4.847395896911621 52.780399322509766
    endloop
  endfacet
  facet normal -0.8715522289276123 0.18997715413570404 0.45200157165527344
    outer loop
      vertex -10.775152206420898 4.000089168548584 53.52944564819336
      vertex -10.488153457641602 5.723207950592041 53.35860824584961
      vertex -11.17930793762207 4.610032558441162 52.49378967285156
    endloop
  endfacet
  facet normal -0.8737388253211975 0.1969931274652481 0.4447181820869446
    outer loop
      vertex -10.488153457641602 5.723207950592041 53.35860824584961
      vertex -10.925752639770508 5.781804084777832 52.472900390625
      vertex -11.17930793762207 4.610032558441162 52.49378967285156
    endloop
  endfacet
  facet normal -0.8639112710952759 0.24012461304664612 0.44271624088287354
    outer loop
      vertex -10.488153457641602 5.723207950592041 53.35860824584961
      vertex -10.55784797668457 6.593467712402344 52.750587463378906
      vertex -10.925752639770508 5.781804084777832 52.472900390625
    endloop
  endfacet
  facet normal -0.808019757270813 0.29257139563560486 0.5113767385482788
    outer loop
      vertex -10.55784797668457 6.593467712402344 52.750587463378906
      vertex -10.488153457641602 5.723207950592041 53.35860824584961
      vertex -9.889266014099121 7.346316337585449 53.37628173828125
    endloop
  endfacet
  facet normal -0.8213732838630676 0.36549147963523865 0.43790650367736816
    outer loop
      vertex -9.889266014099121 7.346316337585449 53.37628173828125
      vertex -10.357914924621582 7.372829437255859 52.47511672973633
      vertex -10.55784797668457 6.593467712402344 52.750587463378906
    endloop
  endfacet
  facet normal -0.8177745938301086 0.3753213584423065 0.43632420897483826
    outer loop
      vertex -9.889266014099121 7.346316337585449 53.37628173828125
      vertex -9.867572784423828 8.129010200500488 52.743675231933594
      vertex -10.357914924621582 7.372829437255859 52.47511672973633
    endloop
  endfacet
  facet normal -0.7526094317436218 0.4264013469219208 0.5017576813697815
    outer loop
      vertex -9.889266014099121 7.346316337585449 53.37628173828125
      vertex -9.043916702270508 8.918815612792969 53.307926177978516
      vertex -9.867572784423828 8.129010200500488 52.743675231933594
    endloop
  endfacet
  facet normal -0.7616545557975769 0.49881285429000854 0.4136037826538086
    outer loop
      vertex -9.043916702270508 8.918815612792969 53.307926177978516
      vertex -9.636369705200195 8.705961227416992 52.47362518310547
      vertex -9.867572784423828 8.129010200500488 52.743675231933594
    endloop
  endfacet
  facet normal -0.7410333752632141 0.5493906140327454 0.38605642318725586
    outer loop
      vertex -9.043916702270508 8.918815612792969 53.307926177978516
      vertex -9.244189262390137 9.277475357055664 52.41310119628906
      vertex -9.636369705200195 8.705961227416992 52.47362518310547
    endloop
  endfacet
  facet normal -0.7105075120925903 0.5837291479110718 0.39298778772354126
    outer loop
      vertex -9.244189262390137 9.277475357055664 52.41310119628906
      vertex -9.043916702270508 8.918815612792969 53.307926177978516
      vertex -8.593485832214355 9.953405380249023 52.585548400878906
    endloop
  endfacet
  facet normal -0.7280296087265015 0.5762534737586975 0.37135544419288635
    outer loop
      vertex -8.593485832214355 9.953405380249023 52.585548400878906
      vertex -9.043916702270508 8.918815612792969 53.307926177978516
      vertex -7.69502067565918 10.373525619506836 53.69503402709961
    endloop
  endfacet
  facet normal -0.9578555822372437 0.22209228575229645 0.18217526376247406
    outer loop
      vertex -11.694619178771973 3.88547945022583 51.34925842285156
      vertex -11.885692596435547 3.926030397415161 50.29518127441406
      vertex -12.07635498046875 3.0305514335632324 50.38439178466797
    endloop
  endfacet
  facet normal -0.9695332646369934 0.21763105690479279 0.11243639886379242
    outer loop
      vertex -11.885692596435547 3.926030397415161 50.29518127441406
      vertex -12.09780502319336 3.47603702545166 49.33715057373047
      vertex -12.07635498046875 3.0305514335632324 50.38439178466797
    endloop
  endfacet
  facet normal -0.07148519903421402 0.7347375750541687 -0.6745743751525879
    outer loop
      vertex 4.132115840911865 15.788148880004883 53.07417297363281
      vertex 2.261690855026245 16.396400451660156 53.93488311767578
      vertex 3.0 17.232589721679688 54.76741027832031
    endloop
  endfacet
  facet normal 0.09721113741397858 0.7883413434028625 -0.6075096726417542
    outer loop
      vertex 4.132115840911865 15.788148880004883 53.07417297363281
      vertex 3.0 17.232589721679688 54.76741027832031
      vertex 4.443667888641357 17.132047653198242 54.867950439453125
    endloop
  endfacet
  facet normal 0.3283553123474121 0.7276840209960938 -0.6022115349769592
    outer loop
      vertex 4.443667888641357 17.132047653198242 54.867950439453125
      vertex 6.062367916107178 15.788217544555664 54.12672424316406
      vertex 4.132115840911865 15.788148880004883 53.07417297363281
    endloop
  endfacet
  facet normal 0.25631651282310486 0.8445708155632019 -0.47010865807533264
    outer loop
      vertex 4.132115840911865 15.788148880004883 53.07417297363281
      vertex 6.062367916107178 15.788217544555664 54.12672424316406
      vertex 5.927513599395752 15.026304244995117 52.68438720703125
    endloop
  endfacet
  facet normal 0.4116012454032898 0.7893840670585632 -0.45547494292259216
    outer loop
      vertex 5.927513599395752 15.026304244995117 52.68438720703125
      vertex 6.062367916107178 15.788217544555664 54.12672424316406
      vertex 7.130007743835449 14.530139923095703 52.91114807128906
    endloop
  endfacet
  facet normal 0.5118693709373474 0.7807135581970215 -0.35843583941459656
    outer loop
      vertex 6.062367916107178 15.788217544555664 54.12672424316406
      vertex 7.841653823852539 14.765170097351074 54.43934631347656
      vertex 7.130007743835449 14.530139923095703 52.91114807128906
    endloop
  endfacet
  facet normal 0.5369190573692322 0.7596881985664368 -0.366867333650589
    outer loop
      vertex 7.130007743835449 14.530139923095703 52.91114807128906
      vertex 7.841653823852539 14.765170097351074 54.43934631347656
      vertex 8.301265716552734 13.67132568359375 52.846927642822266
    endloop
  endfacet
  facet normal 0.7056867480278015 0.66243976354599 -0.25135600566864014
    outer loop
      vertex 7.841653823852539 14.765170097351074 54.43934631347656
      vertex 9.003559112548828 13.264484405517578 53.74641418457031
      vertex 8.301265716552734 13.67132568359375 52.846927642822266
    endloop
  endfacet
  facet normal 0.6666263937950134 0.7194085121154785 -0.19509153068065643
    outer loop
      vertex 8.301265716552734 13.67132568359375 52.846927642822266
      vertex 9.003559112548828 13.264484405517578 53.74641418457031
      vertex 9.096240997314453 12.864908218383789 52.58965301513672
    endloop
  endfacet
  facet normal 0.7479965686798096 0.6435365080833435 -0.16236379742622375
    outer loop
      vertex 9.003559112548828 13.264484405517578 53.74641418457031
      vertex 9.710216522216797 12.21969985961914 52.86087417602539
      vertex 9.096240997314453 12.864908218383789 52.58965301513672
    endloop
  endfacet
  facet normal 0.8050644993782043 0.5906816124916077 -0.054464202374219894
    outer loop
      vertex 9.003559112548828 13.264484405517578 53.74641418457031
      vertex 9.999013900756836 11.9533052444458 54.24060821533203
      vertex 9.710216522216797 12.21969985961914 52.86087417602539
    endloop
  endfacet
  facet normal 0.8051894903182983 0.5905056595802307 -0.05452433228492737
    outer loop
      vertex 9.710216522216797 12.21969985961914 52.86087417602539
      vertex 9.999013900756836 11.9533052444458 54.24060821533203
      vertex 10.289653778076172 11.426261901855469 52.82469177246094
    endloop
  endfacet
  facet normal 0.8724064826965332 0.4887728989124298 -0.0028592166490852833
    outer loop
      vertex 9.999013900756836 11.9533052444458 54.24060821533203
      vertex 10.71041488647461 10.67646312713623 53.03223419189453
      vertex 10.289653778076172 11.426261901855469 52.82469177246094
    endloop
  endfacet
  facet normal 0.8707060813903809 0.49167880415916443 0.011086481623351574
    outer loop
      vertex 10.71041488647461 10.67646312713623 53.03223419189453
      vertex 10.738516807556152 10.649898529052734 52.003299713134766
      vertex 10.289653778076172 11.426261901855469 52.82469177246094
    endloop
  endfacet
  facet normal 0.831483781337738 0.5515066981315613 -0.06689528375864029
    outer loop
      vertex 10.738516807556152 10.649898529052734 52.003299713134766
      vertex 10.208369255065918 11.436811447143555 51.901329040527344
      vertex 10.289653778076172 11.426261901855469 52.82469177246094
    endloop
  endfacet
  facet normal 0.8045231103897095 0.590454638004303 -0.06407691538333893
    outer loop
      vertex 10.208369255065918 11.436811447143555 51.901329040527344
      vertex 9.710216522216797 12.21969985961914 52.86087417602539
      vertex 10.289653778076172 11.426261901855469 52.82469177246094
    endloop
  endfacet
  facet normal 0.8312730193138123 0.5537357926368713 -0.048597343266010284
    outer loop
      vertex 10.738516807556152 10.649898529052734 52.003299713134766
      vertex 10.685324668884277 10.640390396118164 50.98509216308594
      vertex 10.208369255065918 11.436811447143555 51.901329040527344
    endloop
  endfacet
  facet normal 0.8557384610176086 0.5150339603424072 -0.049514040350914
    outer loop
      vertex 10.738516807556152 10.649898529052734 52.003299713134766
      vertex 11.199016571044922 9.786800384521484 50.98424530029297
      vertex 10.685324668884277 10.640390396118164 50.98509216308594
    endloop
  endfacet
  facet normal 0.8560770750045776 0.5152291655540466 -0.04087657108902931
    outer loop
      vertex 10.685324668884277 10.640390396118164 50.98509216308594
      vertex 11.199016571044922 9.786800384521484 50.98424530029297
      vertex 11.094894409179688 9.87405776977539 49.9034538269043
    endloop
  endfacet
  facet normal 0.8696067333221436 0.49177417159080505 -0.04407362639904022
    outer loop
      vertex 11.199016571044922 9.786800384521484 50.98424530029297
      vertex 11.622525215148926 8.925395965576172 49.72883605957031
      vertex 11.094894409179688 9.87405776977539 49.9034538269043
    endloop
  endfacet
  facet normal 0.8185498118400574 0.5670523643493652 -0.09180285781621933
    outer loop
      vertex 11.094894409179688 9.87405776977539 49.9034538269043
      vertex 10.608240127563477 10.601987838745117 50.060569763183594
      vertex 10.685324668884277 10.640390396118164 50.98509216308594
    endloop
  endfacet
  facet normal 0.8886561989784241 0.458379864692688 0.013344859704375267
    outer loop
      vertex 10.738516807556152 10.649898529052734 52.003299713134766
      vertex 11.216257095336914 9.719627380371094 52.14348220825195
      vertex 11.199016571044922 9.786800384521484 50.98424530029297
    endloop
  endfacet
  facet normal 0.8887221217155457 0.45827749371528625 0.012440870516002178
    outer loop
      vertex 11.216257095336914 9.719627380371094 52.14348220825195
      vertex 10.738516807556152 10.649898529052734 52.003299713134766
      vertex 10.71041488647461 10.67646312713623 53.03223419189453
    endloop
  endfacet
  facet normal 0.8983297348022461 0.4374682307243347 0.04031257703900337
    outer loop
      vertex 10.71041488647461 10.67646312713623 53.03223419189453
      vertex 11.041025161743164 10.000264167785645 53.002925872802734
      vertex 11.216257095336914 9.719627380371094 52.14348220825195
    endloop
  endfacet
  facet normal 0.891659140586853 0.4297901690006256 0.14221271872520447
    outer loop
      vertex 10.71041488647461 10.67646312713623 53.03223419189453
      vertex 10.860828399658203 10.075910568237305 53.90412521362305
      vertex 11.041025161743164 10.000264167785645 53.002925872802734
    endloop
  endfacet
  facet normal 0.9103851318359375 0.3970435857772827 0.11642662435770035
    outer loop
      vertex 10.860828399658203 10.075910568237305 53.90412521362305
      vertex 10.71041488647461 10.67646312713623 53.03223419189453
      vertex 9.999013900756836 11.9533052444458 54.24060821533203
    endloop
  endfacet
  facet normal 0.6639638543128967 0.7195061445236206 -0.20362456142902374
    outer loop
      vertex 9.096240997314453 12.864908218383789 52.58965301513672
      vertex 8.826290130615234 12.840339660644531 51.62260437011719
      vertex 8.301265716552734 13.67132568359375 52.846927642822266
    endloop
  endfacet
  facet normal 0.5816667675971985 0.7669219374656677 -0.27109846472740173
    outer loop
      vertex 8.301265716552734 13.67132568359375 52.846927642822266
      vertex 8.826290130615234 12.840339660644531 51.62260437011719
      vertex 7.86200475692749 13.569079399108887 51.615203857421875
    endloop
  endfacet
  facet normal 0.5895572900772095 0.77790766954422 -0.21744385361671448
    outer loop
      vertex 8.826290130615234 12.840339660644531 51.62260437011719
      vertex 8.575315475463867 12.644155502319336 50.24028396606445
      vertex 7.86200475692749 13.569079399108887 51.615203857421875
    endloop
  endfacet
  facet normal 0.538862407207489 0.8014103174209595 -0.259554922580719
    outer loop
      vertex 7.86200475692749 13.569079399108887 51.615203857421875
      vertex 8.575315475463867 12.644155502319336 50.24028396606445
      vertex 7.5311384201049805 13.34085464477539 50.22361755371094
    endloop
  endfacet
  facet normal 0.5465282797813416 0.8144463300704956 -0.19489501416683197
    outer loop
      vertex 7.5311384201049805 13.34085464477539 50.22361755371094
      vertex 8.575315475463867 12.644155502319336 50.24028396606445
      vertex 8.271787643432617 12.456724166870117 48.60586929321289
    endloop
  endfacet
  facet normal 0.6055586934089661 0.7700591683387756 -0.2007673978805542
    outer loop
      vertex 8.575315475463867 12.644155502319336 50.24028396606445
      vertex 9.408950805664062 11.551286697387695 48.56292724609375
      vertex 8.271787643432617 12.456724166870117 48.60586929321289
    endloop
  endfacet
  facet normal 0.5041769742965698 0.8338107466697693 -0.2248675525188446
    outer loop
      vertex 8.271787643432617 12.456724166870117 48.60586929321289
      vertex 7.207887649536133 13.121644973754883 48.6860237121582
      vertex 7.5311384201049805 13.34085464477539 50.22361755371094
    endloop
  endfacet
  facet normal 0.4447017312049866 0.8689027428627014 -0.21736694872379303
    outer loop
      vertex 7.5311384201049805 13.34085464477539 50.22361755371094
      vertex 7.207887649536133 13.121644973754883 48.6860237121582
      vertex 6.439548492431641 13.901937484741211 50.233253479003906
    endloop
  endfacet
  facet normal 0.40306541323661804 0.8818814158439636 -0.24458840489387512
    outer loop
      vertex 7.207887649536133 13.121644973754883 48.6860237121582
      vertex 6.158747673034668 13.618825912475586 48.749732971191406
      vertex 6.439548492431641 13.901937484741211 50.233253479003906
    endloop
  endfacet
  facet normal 0.33856189250946045 0.910394012928009 -0.23782044649124146
    outer loop
      vertex 6.439548492431641 13.901937484741211 50.233253479003906
      vertex 6.158747673034668 13.618825912475586 48.749732971191406
      vertex 5.371482849121094 14.289995193481445 50.198265075683594
    endloop
  endfacet
  facet normal 0.30650174617767334 0.9162501692771912 -0.257958322763443
    outer loop
      vertex 6.158747673034668 13.618825912475586 48.749732971191406
      vertex 5.130810260772705 13.972423553466797 48.78430938720703
      vertex 5.371482849121094 14.289995193481445 50.198265075683594
    endloop
  endfacet
  facet normal 0.23106136918067932 0.940142810344696 -0.2504836916923523
    outer loop
      vertex 5.130810260772705 13.972423553466797 48.78430938720703
      vertex 4.33857536315918 14.526908874511719 50.13465881347656
      vertex 5.371482849121094 14.289995193481445 50.198265075683594
    endloop
  endfacet
  facet normal 0.2303457409143448 0.9163526892662048 -0.3274731934070587
    outer loop
      vertex 5.371482849121094 14.289995193481445 50.198265075683594
      vertex 4.33857536315918 14.526908874511719 50.13465881347656
      vertex 4.538802146911621 14.899381637573242 51.317771911621094
    endloop
  endfacet
  facet normal 0.1262325644493103 0.9398977160453796 -0.31726592779159546
    outer loop
      vertex 4.33857536315918 14.526908874511719 50.13465881347656
      vertex 3.2675113677978516 15.081177711486816 51.35052490234375
      vertex 4.538802146911621 14.899381637573242 51.317771911621094
    endloop
  endfacet
  facet normal 0.11725004017353058 0.8967887163162231 -0.4266408681869507
    outer loop
      vertex 3.2675113677978516 15.081177711486816 51.35052490234375
      vertex 4.132115840911865 15.788148880004883 53.07417297363281
      vertex 4.538802146911621 14.899381637573242 51.317771911621094
    endloop
  endfacet
  facet normal 0.2654171586036682 0.8836330771446228 -0.38567647337913513
    outer loop
      vertex 4.538802146911621 14.899381637573242 51.317771911621094
      vertex 4.132115840911865 15.788148880004883 53.07417297363281
      vertex 5.535594940185547 14.70754623413086 51.564231872558594
    endloop
  endfacet
  facet normal 0.29835382103919983 0.885436475276947 -0.35635271668434143
    outer loop
      vertex 4.132115840911865 15.788148880004883 53.07417297363281
      vertex 5.927513599395752 15.026304244995117 52.68438720703125
      vertex 5.535594940185547 14.70754623413086 51.564231872558594
    endloop
  endfacet
  facet normal 0.36112460494041443 0.8559993505477905 -0.36993804574012756
    outer loop
      vertex 5.535594940185547 14.70754623413086 51.564231872558594
      vertex 5.927513599395752 15.026304244995117 52.68438720703125
      vertex 6.747311115264893 14.205496788024902 51.58538818359375
    endloop
  endfacet
  facet normal 0.4124942719936371 0.8501504063606262 -0.32725054025650024
    outer loop
      vertex 5.927513599395752 15.026304244995117 52.68438720703125
      vertex 7.130007743835449 14.530139923095703 52.91114807128906
      vertex 6.747311115264893 14.205496788024902 51.58538818359375
    endloop
  endfacet
  facet normal 0.47373905777931213 0.8140152096748352 -0.3360810875892639
    outer loop
      vertex 6.747311115264893 14.205496788024902 51.58538818359375
      vertex 7.130007743835449 14.530139923095703 52.91114807128906
      vertex 7.86200475692749 13.569079399108887 51.615203857421875
    endloop
  endfacet
  facet normal 0.5606697797775269 0.784467339515686 -0.265066921710968
    outer loop
      vertex 7.130007743835449 14.530139923095703 52.91114807128906
      vertex 8.301265716552734 13.67132568359375 52.846927642822266
      vertex 7.86200475692749 13.569079399108887 51.615203857421875
    endloop
  endfacet
  facet normal 0.4848235845565796 0.8373409509658813 -0.25259929895401
    outer loop
      vertex 7.86200475692749 13.569079399108887 51.615203857421875
      vertex 7.5311384201049805 13.34085464477539 50.22361755371094
      vertex 6.747311115264893 14.205496788024902 51.58538818359375
    endloop
  endfacet
  facet normal 0.4354199767112732 0.8520994782447815 -0.2904064953327179
    outer loop
      vertex 6.747311115264893 14.205496788024902 51.58538818359375
      vertex 7.5311384201049805 13.34085464477539 50.22361755371094
      vertex 6.439548492431641 13.901937484741211 50.233253479003906
    endloop
  endfacet
  facet normal 0.37133488059043884 0.8843037486076355 -0.28304997086524963
    outer loop
      vertex 6.439548492431641 13.901937484741211 50.233253479003906
      vertex 5.535594940185547 14.70754623413086 51.564231872558594
      vertex 6.747311115264893 14.205496788024902 51.58538818359375
    endloop
  endfacet
  facet normal 0.33345192670822144 0.8896405696868896 -0.31200891733169556
    outer loop
      vertex 5.535594940185547 14.70754623413086 51.564231872558594
      vertex 6.439548492431641 13.901937484741211 50.233253479003906
      vertex 5.371482849121094 14.289995193481445 50.198265075683594
    endloop
  endfacet
  facet normal 0.2531067728996277 0.9162592887878418 -0.3104928135871887
    outer loop
      vertex 5.371482849121094 14.289995193481445 50.198265075683594
      vertex 4.538802146911621 14.899381637573242 51.317771911621094
      vertex 5.535594940185547 14.70754623413086 51.564231872558594
    endloop
  endfacet
  facet normal 0.21957038342952728 0.9409817457199097 -0.2575697898864746
    outer loop
      vertex 4.33857536315918 14.526908874511719 50.13465881347656
      vertex 5.130810260772705 13.972423553466797 48.78430938720703
      vertex 4.14424991607666 14.20510196685791 48.79334259033203
    endloop
  endfacet
  facet normal 0.13273102045059204 0.9711650013923645 -0.19804297387599945
    outer loop
      vertex 3.154148578643799 14.36542797088623 48.85997009277344
      vertex 3.813408136367798 13.962749481201172 47.32715606689453
      vertex 2.786224842071533 14.123550415039062 47.42726135253906
    endloop
  endfacet
  facet normal 0.7128419876098633 0.6850887537002563 -0.1500324159860611
    outer loop
      vertex 10.16696548461914 11.000958442687988 49.478370666503906
      vertex 9.466245651245117 11.945594787597656 50.46253967285156
      vertex 10.138226509094238 11.323986053466797 50.816856384277344
    endloop
  endfacet
  facet normal 0.7162139415740967 0.6764662861824036 -0.17155468463897705
    outer loop
      vertex 10.138226509094238 11.323986053466797 50.816856384277344
      vertex 9.466245651245117 11.945594787597656 50.46253967285156
      vertex 9.587932586669922 12.141565322875977 51.74330520629883
    endloop
  endfacet
  facet normal 0.9516116380691528 0.1775825023651123 0.2507980763912201
    outer loop
      vertex 12.036153793334961 6.681373596191406 52.821815490722656
      vertex 12.480781555175781 5.225324630737305 52.165733337402344
      vertex 12.388608932495117 6.2583842277526855 51.78398895263672
    endloop
  endfacet
  facet normal 0.9533764123916626 0.13053026795387268 0.2720942199230194
    outer loop
      vertex 13.251773834228516 2.6832847595214844 50.70252990722656
      vertex 12.985979080200195 2.383927583694458 51.777442932128906
      vertex 13.261115074157715 1.6445503234863281 51.16810607910156
    endloop
  endfacet
  facet normal 0.9293141961097717 -0.06968717277050018 0.3626551926136017
    outer loop
      vertex 13.06561279296875 -1.4872468709945679 51.60227966308594
      vertex 13.452033996582031 -1.7888561487197876 50.554107666015625
      vertex 13.454687118530273 -0.7940351963043213 50.73847198486328
    endloop
  endfacet
  facet normal 0.9615462422370911 -0.05252297595143318 0.2695741653442383
    outer loop
      vertex 13.454687118530273 -0.7940351963043213 50.73847198486328
      vertex 13.452033996582031 -1.7888561487197876 50.554107666015625
      vertex 13.700780868530273 -1.429168462753296 49.73693084716797
    endloop
  endfacet
  facet normal 0.9632998108863831 -0.1034187376499176 0.24770571291446686
    outer loop
      vertex 13.452033996582031 -1.7888561487197876 50.554107666015625
      vertex 13.594888687133789 -2.487323045730591 49.706947326660156
      vertex 13.700780868530273 -1.429168462753296 49.73693084716797
    endloop
  endfacet
  facet normal 0.9639894366264343 -0.040865592658519745 0.26278188824653625
    outer loop
      vertex 13.700780868530273 -1.429168462753296 49.73693084716797
      vertex 13.718667984008789 -0.3557073473930359 49.83824920654297
      vertex 13.454687118530273 -0.7940351963043213 50.73847198486328
    endloop
  endfacet
  facet normal 0.9505285620689392 -0.2477521300315857 0.18738839030265808
    outer loop
      vertex 13.05418586730957 -4.900425910949707 49.86793518066406
      vertex 13.178991317749023 -5.5244646072387695 48.40979766845703
      vertex 13.458464622497559 -4.3766374588012695 48.50974655151367
    endloop
  endfacet
  facet normal 0.9527384042739868 -0.24115443229675293 0.18475393950939178
    outer loop
      vertex 13.178991317749023 -5.5244646072387695 48.40979766845703
      vertex 13.05418586730957 -4.900425910949707 49.86793518066406
      vertex 12.862533569335938 -6.011106014251709 49.4065055847168
    endloop
  endfacet
  facet normal 0.9412095546722412 -0.30200645327568054 0.15138259530067444
    outer loop
      vertex 12.862533569335938 -6.011106014251709 49.4065055847168
      vertex 12.856162071228027 -6.579728126525879 48.31172561645508
      vertex 13.178991317749023 -5.5244646072387695 48.40979766845703
    endloop
  endfacet
  facet normal 0.9268407821655273 -0.3353716731071472 0.1687958985567093
    outer loop
      vertex 12.856162071228027 -6.579728126525879 48.31172561645508
      vertex 12.862533569335938 -6.011106014251709 49.4065055847168
      vertex 12.512253761291504 -6.92521333694458 49.51366424560547
    endloop
  endfacet
  facet normal 0.9164543151855469 -0.3683284819126129 0.15635092556476593
    outer loop
      vertex 12.856162071228027 -6.579728126525879 48.31172561645508
      vertex 12.512253761291504 -6.92521333694458 49.51366424560547
      vertex 12.457446098327637 -7.582726001739502 48.28596496582031
    endloop
  endfacet
  facet normal 0.8884415626525879 -0.1660769283771515 0.42789044976234436
    outer loop
      vertex 12.542549133300781 -4.037045001983643 51.90663146972656
      vertex 12.808099746704102 -2.8489720821380615 51.81638717651367
      vertex 12.316455841064453 -3.1735105514526367 52.711238861083984
    endloop
  endfacet
  facet normal 0.8545638918876648 -0.3534116744995117 0.3805534243583679
    outer loop
      vertex 12.050182342529297 -7.259378910064697 50.60772705078125
      vertex 11.831897735595703 -6.510723114013672 51.79316329956055
      vertex 11.471961975097656 -7.712012767791748 51.485816955566406
    endloop
  endfacet
  facet normal 0.8292076587677002 -0.35822394490242004 0.4290574789047241
    outer loop
      vertex 11.831897735595703 -6.510723114013672 51.79316329956055
      vertex 11.286133766174316 -7.112566947937012 52.345436096191406
      vertex 11.471961975097656 -7.712012767791748 51.485816955566406
    endloop
  endfacet
  facet normal 0.8284174799919128 -0.34981462359428406 0.43744075298309326
    outer loop
      vertex 11.286133766174316 -7.112566947937012 52.345436096191406
      vertex 11.831897735595703 -6.510723114013672 51.79316329956055
      vertex 11.404899597167969 -6.514350891113281 52.59890365600586
    endloop
  endfacet
  facet normal 0.8152661919593811 -0.44352149963378906 0.3723303973674774
    outer loop
      vertex 11.007631301879883 -8.886758804321289 51.17235565185547
      vertex 11.314615249633789 -9.143095970153809 50.19482421875
      vertex 11.641388893127441 -8.336018562316895 50.440704345703125
    endloop
  endfacet
  facet normal 0.8704107999801636 -0.42704978585243225 0.24497677385807037
    outer loop
      vertex 11.641388893127441 -8.336018562316895 50.440704345703125
      vertex 11.314615249633789 -9.143095970153809 50.19482421875
      vertex 11.66794490814209 -8.888980865478516 49.38241195678711
    endloop
  endfacet
  facet normal 0.8395035862922668 -0.5019174218177795 0.20811693370342255
    outer loop
      vertex 11.314615249633789 -9.143095970153809 50.19482421875
      vertex 11.198064804077148 -9.688274383544922 49.350154876708984
      vertex 11.66794490814209 -8.888980865478516 49.38241195678711
    endloop
  endfacet
  facet normal 0.87156081199646 -0.4252287745475769 0.2440541535615921
    outer loop
      vertex 11.641388893127441 -8.336018562316895 50.440704345703125
      vertex 11.66794490814209 -8.888980865478516 49.38241195678711
      vertex 12.096614837646484 -7.957635402679443 49.47428894042969
    endloop
  endfacet
endsolid
