solid ventricle_10
  facet normal 0.6823855638504028 -0.31542694568634033 -0.6594359874725342
    outer loop
      vertex 45.549598693847656 15.66201114654541 45.95121765136719
      vertex 44.30912780761719 14.529975891113281 45.20906066894531
      vertex 44.793487548828125 16.700363159179688 44.672119140625
    endloop
  endfacet
  facet normal 0.3089767396450043 -0.5124031901359558 -0.801234245300293
    outer loop
      vertex 44.30912780761719 14.529975891113281 45.20906066894531
      vertex 41.70741653442383 13.633085250854492 44.77935028076172
      vertex 42.847896575927734 15.624420166015625 43.945655822753906
    endloop
  endfacet
  facet normal 0.3665301501750946 -0.03503074869513512 -0.9297464489936829
    outer loop
      vertex 44.793487548828125 16.700363159179688 44.672119140625
      vertex 42.847896575927734 15.624420166015625 43.945655822753906
      vertex 42.83000946044922 17.902185440063477 43.852783203125
    endloop
  endfacet
  facet normal 0.47825032472610474 -0.3100106716156006 -0.8216873407363892
    outer loop
      vertex 42.847896575927734 15.624420166015625 43.945655822753906
      vertex 44.793487548828125 16.700363159179688 44.672119140625
      vertex 44.30912780761719 14.529975891113281 45.20906066894531
    endloop
  endfacet
  facet normal 0.0909709632396698 -0.575583815574646 -0.8126669526100159
    outer loop
      vertex 41.70741653442383 13.633085250854492 44.77935028076172
      vertex 38.24724197387695 13.124757766723633 44.752044677734375
      vertex 39.907958984375 14.80015754699707 43.751319885253906
    endloop
  endfacet
  facet normal -0.04182937368750572 -0.558735191822052 -0.8282906413078308
    outer loop
      vertex 38.24724197387695 13.124757766723633 44.752044677734375
      vertex 34.34983444213867 12.961155891418457 45.059226989746094
      vertex 36.2988166809082 14.326062202453613 44.04008483886719
    endloop
  endfacet
  facet normal -0.042167555540800095 -0.2656336724758148 -0.9631513953208923
    outer loop
      vertex 39.907958984375 14.80015754699707 43.751319885253906
      vertex 36.2988166809082 14.326062202453613 44.04008483886719
      vertex 37.39990234375 16.05702781677246 43.51448440551758
    endloop
  endfacet
  facet normal -0.0015286849811673164 -0.5116757154464722 -0.8591774106025696
    outer loop
      vertex 36.2988166809082 14.326062202453613 44.04008483886719
      vertex 39.907958984375 14.80015754699707 43.751319885253906
      vertex 38.24724197387695 13.124757766723633 44.752044677734375
    endloop
  endfacet
  facet normal 0.10262703150510788 0.17900723218917847 -0.9784805178642273
    outer loop
      vertex 42.83000946044922 17.902185440063477 43.852783203125
      vertex 40.473079681396484 16.818817138671875 43.40738296508789
      vertex 39.931251525878906 19.05392074584961 43.75945281982422
    endloop
  endfacet
  facet normal -0.04922593757510185 0.058403924107551575 -0.9970785975456238
    outer loop
      vertex 40.473079681396484 16.818817138671875 43.40738296508789
      vertex 37.39990234375 16.05702781677246 43.51448440551758
      vertex 37.403480529785156 18.034046173095703 43.63011169433594
    endloop
  endfacet
  facet normal -0.04040170833468437 0.2236384153366089 -0.9738345146179199
    outer loop
      vertex 39.931251525878906 19.05392074584961 43.75945281982422
      vertex 37.403480529785156 18.034046173095703 43.63011169433594
      vertex 36.60913848876953 20.148426055908203 44.14862823486328
    endloop
  endfacet
  facet normal -0.011148621328175068 0.1529524177312851 -0.9881707429885864
    outer loop
      vertex 37.403480529785156 18.034046173095703 43.63011169433594
      vertex 39.931251525878906 19.05392074584961 43.75945281982422
      vertex 40.473079681396484 16.818817138671875 43.40738296508789
    endloop
  endfacet
  facet normal 0.007818428799510002 -0.17007996141910553 -0.9853992462158203
    outer loop
      vertex 37.39990234375 16.05702781677246 43.51448440551758
      vertex 40.473079681396484 16.818817138671875 43.40738296508789
      vertex 39.907958984375 14.80015754699707 43.751319885253906
    endloop
  endfacet
  facet normal 0.20252521336078644 -0.03830764815211296 -0.9785274863243103
    outer loop
      vertex 40.473079681396484 16.818817138671875 43.40738296508789
      vertex 42.83000946044922 17.902185440063477 43.852783203125
      vertex 42.847896575927734 15.624420166015625 43.945655822753906
    endloop
  endfacet
  facet normal 0.1885739415884018 -0.4691910147666931 -0.8627279996871948
    outer loop
      vertex 39.907958984375 14.80015754699707 43.751319885253906
      vertex 42.847896575927734 15.624420166015625 43.945655822753906
      vertex 41.70741653442383 13.633085250854492 44.77935028076172
    endloop
  endfacet
  facet normal 0.12017545104026794 -0.1993420273065567 -0.9725331664085388
    outer loop
      vertex 42.847896575927734 15.624420166015625 43.945655822753906
      vertex 39.907958984375 14.80015754699707 43.751319885253906
      vertex 40.473079681396484 16.818817138671875 43.40738296508789
    endloop
  endfacet
  facet normal -0.11426899582147598 -0.4999600052833557 -0.8584768176078796
    outer loop
      vertex 34.34983444213867 12.961155891418457 45.059226989746094
      vertex 30.407560348510742 13.014829635620117 45.552711486816406
      vertex 32.35919189453125 14.128475189208984 44.644371032714844
    endloop
  endfacet
  facet normal -0.13227632641792297 -0.4318811595439911 -0.8921780586242676
    outer loop
      vertex 30.407560348510742 13.014829635620117 45.552711486816406
      vertex 26.671428680419922 13.1377534866333 46.04713439941406
      vertex 28.475526809692383 14.103485107421875 45.31216812133789
    endloop
  endfacet
  facet normal -0.16144588589668274 -0.2706652283668518 -0.9490392804145813
    outer loop
      vertex 32.35919189453125 14.128475189208984 44.644371032714844
      vertex 28.475526809692383 14.103485107421875 45.31216812133789
      vertex 29.952068328857422 15.371904373168945 44.69923400878906
    endloop
  endfacet
  facet normal -0.14793112874031067 -0.45639684796333313 -0.8773928880691528
    outer loop
      vertex 28.475526809692383 14.103485107421875 45.31216812133789
      vertex 32.35919189453125 14.128475189208984 44.644371032714844
      vertex 30.407560348510742 13.014829635620117 45.552711486816406
    endloop
  endfacet
  facet normal -0.0966186374425888 -0.39613276720046997 -0.9130956530570984
    outer loop
      vertex 26.671428680419922 13.1377534866333 46.04713439941406
      vertex 23.260448455810547 13.253432273864746 46.357879638671875
      vertex 24.80474853515625 14.104717254638672 45.82515335083008
    endloop
  endfacet
  facet normal -0.03826356679201126 -0.3975162208080292 -0.9167970418930054
    outer loop
      vertex 23.260448455810547 13.253432273864746 46.357879638671875
      vertex 20.49102210998535 13.324219703674316 46.442771911621094
      vertex 21.441837310791016 14.083101272583008 46.07404327392578
    endloop
  endfacet
  facet normal -0.06815063208341599 -0.3113045394420624 -0.9478634595870972
    outer loop
      vertex 24.80474853515625 14.104717254638672 45.82515335083008
      vertex 21.441837310791016 14.083101272583008 46.07404327392578
      vertex 22.526819229125977 15.13261604309082 45.651344299316406
    endloop
  endfacet
  facet normal -0.06327807903289795 -0.44440707564353943 -0.8935872912406921
    outer loop
      vertex 21.441837310791016 14.083101272583008 46.07404327392578
      vertex 24.80474853515625 14.104717254638672 45.82515335083008
      vertex 23.260448455810547 13.253432273864746 46.357879638671875
    endloop
  endfacet
  facet normal -0.14364942908287048 -0.20673198997974396 -0.9677948355674744
    outer loop
      vertex 29.952068328857422 15.371904373168945 44.69923400878906
      vertex 26.17882537841797 15.251855850219727 45.28493881225586
      vertex 27.31192398071289 16.645381927490234 44.8190803527832
    endloop
  endfacet
  facet normal -0.08551700413227081 -0.3001731336116791 -0.9500436186790466
    outer loop
      vertex 26.17882537841797 15.251855850219727 45.28493881225586
      vertex 22.526819229125977 15.13261604309082 45.651344299316406
      vertex 23.62557601928711 16.377729415893555 45.15903854370117
    endloop
  endfacet
  facet normal -0.07635562866926193 -0.19127951562404633 -0.9785611629486084
    outer loop
      vertex 27.31192398071289 16.645381927490234 44.8190803527832
      vertex 23.62557601928711 16.377729415893555 45.15903854370117
      vertex 24.55291748046875 17.906856536865234 44.78778076171875
    endloop
  endfacet
  facet normal -0.06944828480482101 -0.26503974199295044 -0.9617332220077515
    outer loop
      vertex 23.62557601928711 16.377729415893555 45.15903854370117
      vertex 27.31192398071289 16.645381927490234 44.8190803527832
      vertex 26.17882537841797 15.251855850219727 45.28493881225586
    endloop
  endfacet
  facet normal -0.08276686817407608 -0.3417152762413025 -0.9361518025398254
    outer loop
      vertex 22.526819229125977 15.13261604309082 45.651344299316406
      vertex 26.17882537841797 15.251855850219727 45.28493881225586
      vertex 24.80474853515625 14.104717254638672 45.82515335083008
    endloop
  endfacet
  facet normal -0.13724251091480255 -0.2968873381614685 -0.944998562335968
    outer loop
      vertex 26.17882537841797 15.251855850219727 45.28493881225586
      vertex 29.952068328857422 15.371904373168945 44.69923400878906
      vertex 28.475526809692383 14.103485107421875 45.31216812133789
    endloop
  endfacet
  facet normal -0.12419243901968002 -0.4435146152973175 -0.8876209855079651
    outer loop
      vertex 24.80474853515625 14.104717254638672 45.82515335083008
      vertex 28.475526809692383 14.103485107421875 45.31216812133789
      vertex 26.671428680419922 13.1377534866333 46.04713439941406
    endloop
  endfacet
  facet normal -0.13264355063438416 -0.28777188062667847 -0.948468804359436
    outer loop
      vertex 28.475526809692383 14.103485107421875 45.31216812133789
      vertex 24.80474853515625 14.104717254638672 45.82515335083008
      vertex 26.17882537841797 15.251855850219727 45.28493881225586
    endloop
  endfacet
  facet normal -0.0692094936966896 0.11883880198001862 -0.9904985427856445
    outer loop
      vertex 36.60913848876953 20.148426055908203 44.14862823486328
      vertex 34.080345153808594 19.284446716308594 44.22166442871094
      vertex 33.363807678222656 21.232297897338867 44.50543212890625
    endloop
  endfacet
  facet normal -0.06565521657466888 0.058751486241817474 -0.9961113333702087
    outer loop
      vertex 34.080345153808594 19.284446716308594 44.22166442871094
      vertex 31.230064392089844 18.688770294189453 44.37439727783203
      vertex 30.964405059814453 20.475460052490234 44.49728775024414
    endloop
  endfacet
  facet normal -0.011983451433479786 0.04873862490057945 -0.9987397193908691
    outer loop
      vertex 33.363807678222656 21.232297897338867 44.50543212890625
      vertex 30.964405059814453 20.475460052490234 44.49728775024414
      vertex 30.347700119018555 22.261425018310547 44.59184265136719
    endloop
  endfacet
  facet normal -0.03777996823191643 0.13043519854545593 -0.9907367825508118
    outer loop
      vertex 30.964405059814453 20.475460052490234 44.49728775024414
      vertex 33.363807678222656 21.232297897338867 44.50543212890625
      vertex 34.080345153808594 19.284446716308594 44.22166442871094
    endloop
  endfacet
  facet normal -0.052916329354047775 -0.05900424346327782 -0.996854305267334
    outer loop
      vertex 31.230064392089844 18.688770294189453 44.37439727783203
      vertex 28.03843879699707 18.253681182861328 44.56957244873047
      vertex 28.246337890625 19.901161193847656 44.461021423339844
    endloop
  endfacet
  facet normal -0.047398075461387634 -0.14541637897491455 -0.9882345199584961
    outer loop
      vertex 28.03843879699707 18.253681182861328 44.56957244873047
      vertex 24.55291748046875 17.906856536865234 44.78778076171875
      vertex 25.209339141845703 19.5566463470459 44.51353454589844
    endloop
  endfacet
  facet normal -0.007354126777499914 -0.08701523393392563 -0.9961798787117004
    outer loop
      vertex 28.246337890625 19.901161193847656 44.461021423339844
      vertex 25.209339141845703 19.5566463470459 44.51353454589844
      vertex 25.523372650146484 21.236019134521484 44.364524841308594
    endloop
  endfacet
  facet normal -0.009938050992786884 -0.06449458748102188 -0.9978685975074768
    outer loop
      vertex 25.209339141845703 19.5566463470459 44.51353454589844
      vertex 28.246337890625 19.901161193847656 44.461021423339844
      vertex 28.03843879699707 18.253681182861328 44.56957244873047
    endloop
  endfacet
  facet normal 0.04104701802134514 0.06802152842283249 -0.996839165687561
    outer loop
      vertex 30.347700119018555 22.261425018310547 44.59184265136719
      vertex 28.091156005859375 21.573137283325195 44.45195770263672
      vertex 27.542627334594727 23.26779556274414 44.54500961303711
    endloop
  endfacet
  facet normal 0.031028110533952713 0.02282436192035675 -0.9992579221725464
    outer loop
      vertex 28.091156005859375 21.573137283325195 44.45195770263672
      vertex 25.523372650146484 21.236019134521484 44.364524841308594
      vertex 25.477977752685547 22.87763214111328 44.400611877441406
    endloop
  endfacet
  facet normal 0.05217178538441658 0.09194140881299973 -0.9943967461585999
    outer loop
      vertex 27.542627334594727 23.26779556274414 44.54500961303711
      vertex 25.477977752685547 22.87763214111328 44.400611877441406
      vertex 25.31167221069336 24.247947692871094 44.518585205078125
    endloop
  endfacet
  facet normal 0.055891815572977066 0.0727684423327446 -0.9957815408706665
    outer loop
      vertex 25.477977752685547 22.87763214111328 44.400611877441406
      vertex 27.542627334594727 23.26779556274414 44.54500961303711
      vertex 28.091156005859375 21.573137283325195 44.45195770263672
    endloop
  endfacet
  facet normal 0.034322839230298996 -0.002232133876532316 -0.9994083642959595
    outer loop
      vertex 25.523372650146484 21.236019134521484 44.364524841308594
      vertex 28.091156005859375 21.573137283325195 44.45195770263672
      vertex 28.246337890625 19.901161193847656 44.461021423339844
    endloop
  endfacet
  facet normal 0.041344981640577316 0.06705545634031296 -0.9968922734260559
    outer loop
      vertex 28.091156005859375 21.573137283325195 44.45195770263672
      vertex 30.347700119018555 22.261425018310547 44.59184265136719
      vertex 30.964405059814453 20.475460052490234 44.49728775024414
    endloop
  endfacet
  facet normal -0.0011510738404467702 0.06844857335090637 -0.9976539611816406
    outer loop
      vertex 28.246337890625 19.901161193847656 44.461021423339844
      vertex 30.964405059814453 20.475460052490234 44.49728775024414
      vertex 31.230064392089844 18.688770294189453 44.37439727783203
    endloop
  endfacet
  facet normal 0.014207872562110424 -0.0041016885079443455 -0.9998906254768372
    outer loop
      vertex 30.964405059814453 20.475460052490234 44.49728775024414
      vertex 28.246337890625 19.901161193847656 44.461021423339844
      vertex 28.091156005859375 21.573137283325195 44.45195770263672
    endloop
  endfacet
  facet normal -0.04889867454767227 -0.13151411712169647 -0.9901075959205627
    outer loop
      vertex 24.55291748046875 17.906856536865234 44.78778076171875
      vertex 28.03843879699707 18.253681182861328 44.56957244873047
      vertex 27.31192398071289 16.645381927490234 44.8190803527832
    endloop
  endfacet
  facet normal -0.06505919247865677 0.02980964630842209 -0.9974360466003418
    outer loop
      vertex 28.03843879699707 18.253681182861328 44.56957244873047
      vertex 31.230064392089844 18.688770294189453 44.37439727783203
      vertex 30.962846755981445 16.93038558959961 44.33927536010742
    endloop
  endfacet
  facet normal -0.11724013835191727 -0.15068110823631287 -0.9816058278083801
    outer loop
      vertex 27.31192398071289 16.645381927490234 44.8190803527832
      vertex 30.962846755981445 16.93038558959961 44.33927536010742
      vertex 29.952068328857422 15.371904373168945 44.69923400878906
    endloop
  endfacet
  facet normal -0.12214426696300507 -0.09804689139127731 -0.9876576066017151
    outer loop
      vertex 30.962846755981445 16.93038558959961 44.33927536010742
      vertex 27.31192398071289 16.645381927490234 44.8190803527832
      vertex 28.03843879699707 18.253681182861328 44.56957244873047
    endloop
  endfacet
  facet normal -0.08470503240823746 0.15285229682922363 -0.984612226486206
    outer loop
      vertex 31.230064392089844 18.688770294189453 44.37439727783203
      vertex 34.080345153808594 19.284446716308594 44.22166442871094
      vertex 34.39928436279297 17.36432647705078 43.89614486694336
    endloop
  endfacet
  facet normal -0.09730027616024017 0.202414408326149 -0.9744542837142944
    outer loop
      vertex 34.080345153808594 19.284446716308594 44.22166442871094
      vertex 36.60913848876953 20.148426055908203 44.14862823486328
      vertex 37.403480529785156 18.034046173095703 43.63011169433594
    endloop
  endfacet
  facet normal -0.10094030946493149 0.05826978012919426 -0.9931846261024475
    outer loop
      vertex 34.39928436279297 17.36432647705078 43.89614486694336
      vertex 37.403480529785156 18.034046173095703 43.63011169433594
      vertex 37.39990234375 16.05702781677246 43.51448440551758
    endloop
  endfacet
  facet normal -0.11963465064764023 0.14659655094146729 -0.9819353222846985
    outer loop
      vertex 37.403480529785156 18.034046173095703 43.63011169433594
      vertex 34.39928436279297 17.36432647705078 43.89614486694336
      vertex 34.080345153808594 19.284446716308594 44.22166442871094
    endloop
  endfacet
  facet normal -0.15535321831703186 -0.258678674697876 -0.9533891081809998
    outer loop
      vertex 29.952068328857422 15.371904373168945 44.69923400878906
      vertex 33.825340270996094 15.613299369812012 44.002593994140625
      vertex 32.35919189453125 14.128475189208984 44.644371032714844
    endloop
  endfacet
  facet normal -0.10391262918710709 -0.22786901891231537 -0.9681311845779419
    outer loop
      vertex 33.825340270996094 15.613299369812012 44.002593994140625
      vertex 37.39990234375 16.05702781677246 43.51448440551758
      vertex 36.2988166809082 14.326062202453613 44.04008483886719
    endloop
  endfacet
  facet normal -0.10793682932853699 -0.4912358224391937 -0.8643130660057068
    outer loop
      vertex 32.35919189453125 14.128475189208984 44.644371032714844
      vertex 36.2988166809082 14.326062202453613 44.04008483886719
      vertex 34.34983444213867 12.961155891418457 45.059226989746094
    endloop
  endfacet
  facet normal -0.13173647224903107 -0.2808252274990082 -0.9506748914718628
    outer loop
      vertex 36.2988166809082 14.326062202453613 44.04008483886719
      vertex 32.35919189453125 14.128475189208984 44.644371032714844
      vertex 33.825340270996094 15.613299369812012 44.002593994140625
    endloop
  endfacet
  facet normal -0.13325807452201843 -0.016563037410378456 -0.9909429550170898
    outer loop
      vertex 37.39990234375 16.05702781677246 43.51448440551758
      vertex 33.825340270996094 15.613299369812012 44.002593994140625
      vertex 34.39928436279297 17.36432647705078 43.89614486694336
    endloop
  endfacet
  facet normal -0.16876672208309174 -0.1165996640920639 -0.9787351489067078
    outer loop
      vertex 33.825340270996094 15.613299369812012 44.002593994140625
      vertex 29.952068328857422 15.371904373168945 44.69923400878906
      vertex 30.962846755981445 16.93038558959961 44.33927536010742
    endloop
  endfacet
  facet normal -0.1327507346868515 0.03995491564273834 -0.9903438091278076
    outer loop
      vertex 34.39928436279297 17.36432647705078 43.89614486694336
      vertex 30.962846755981445 16.93038558959961 44.33927536010742
      vertex 31.230064392089844 18.688770294189453 44.37439727783203
    endloop
  endfacet
  facet normal -0.12548674643039703 -0.01916908659040928 -0.9919101595878601
    outer loop
      vertex 30.962846755981445 16.93038558959961 44.33927536010742
      vertex 34.39928436279297 17.36432647705078 43.89614486694336
      vertex 33.825340270996094 15.613299369812012 44.002593994140625
    endloop
  endfacet
  facet normal 0.11032266169786453 -0.44765982031822205 -0.8873723745346069
    outer loop
      vertex 20.49102210998535 13.324219703674316 46.442771911621094
      vertex 18.31173324584961 12.781462669372559 46.445640563964844
      vertex 18.348663330078125 13.747039794921875 45.96311950683594
    endloop
  endfacet
  facet normal 0.07054031640291214 -0.5056459307670593 -0.8598524928092957
    outer loop
      vertex 18.31173324584961 12.781462669372559 46.445640563964844
      vertex 15.580172538757324 12.224055290222168 46.549339294433594
      vertex 15.480880737304688 13.281937599182129 45.91909408569336
    endloop
  endfacet
  facet normal 0.08673801273107529 -0.4507220983505249 -0.8884403109550476
    outer loop
      vertex 18.348663330078125 13.747039794921875 45.96311950683594
      vertex 15.480880737304688 13.281937599182129 45.91909408569336
      vertex 15.75390911102295 14.37356185913086 45.39194869995117
    endloop
  endfacet
  facet normal 0.08631622791290283 -0.4479866325855255 -0.8898637890815735
    outer loop
      vertex 15.480880737304688 13.281937599182129 45.91909408569336
      vertex 18.348663330078125 13.747039794921875 45.96311950683594
      vertex 18.31173324584961 12.781462669372559 46.445640563964844
    endloop
  endfacet
  facet normal 0.023175673559308052 -0.5886914730072021 -0.8080255389213562
    outer loop
      vertex 15.580172538757324 12.224055290222168 46.549339294433594
      vertex 12.626834869384766 11.728960037231445 46.82533645629883
      vertex 12.515071868896484 12.755847930908203 46.0739860534668
    endloop
  endfacet
  facet normal -0.047003451734781265 -0.6683569550514221 -0.742354154586792
    outer loop
      vertex 12.626834869384766 11.728960037231445 46.82533645629883
      vertex 9.574077606201172 11.441286087036133 47.277626037597656
      vertex 9.476984024047852 12.36314582824707 46.45380401611328
    endloop
  endfacet
  facet normal -0.03951000049710274 -0.5197443962097168 -0.8534077405929565
    outer loop
      vertex 12.515071868896484 12.755847930908203 46.0739860534668
      vertex 9.476984024047852 12.36314582824707 46.45380401611328
      vertex 9.607820510864258 13.388322830200195 45.82339096069336
    endloop
  endfacet
  facet normal -0.024182699620723724 -0.5920343399047852 -0.8055498003959656
    outer loop
      vertex 9.476984024047852 12.36314582824707 46.45380401611328
      vertex 12.515071868896484 12.755847930908203 46.0739860534668
      vertex 12.626834869384766 11.728960037231445 46.82533645629883
    endloop
  endfacet
  facet normal 0.025939829647541046 -0.3301929235458374 -0.9435569643974304
    outer loop
      vertex 15.75390911102295 14.37356185913086 45.39194869995117
      vertex 12.677597045898438 13.876306533813477 45.481388092041016
      vertex 13.099913597106934 15.131763458251953 45.05365753173828
    endloop
  endfacet
  facet normal -0.04659012332558632 -0.35996589064598083 -0.931801438331604
    outer loop
      vertex 12.677597045898438 13.876306533813477 45.481388092041016
      vertex 9.607820510864258 13.388322830200195 45.82339096069336
      vertex 9.962692260742188 14.579084396362305 45.34564208984375
    endloop
  endfacet
  facet normal -0.04754647985100746 -0.24208500981330872 -0.9690894484519958
    outer loop
      vertex 13.099913597106934 15.131763458251953 45.05365753173828
      vertex 9.962692260742188 14.579084396362305 45.34564208984375
      vertex 10.459646224975586 15.979923248291016 44.97132110595703
    endloop
  endfacet
  facet normal -0.033355873078107834 -0.3122430443763733 -0.94941645860672
    outer loop
      vertex 9.962692260742188 14.579084396362305 45.34564208984375
      vertex 13.099913597106934 15.131763458251953 45.05365753173828
      vertex 12.677597045898438 13.876306533813477 45.481388092041016
    endloop
  endfacet
  facet normal -0.024768132716417313 -0.4645734131336212 -0.8851881623268127
    outer loop
      vertex 9.607820510864258 13.388322830200195 45.82339096069336
      vertex 12.677597045898438 13.876306533813477 45.481388092041016
      vertex 12.515071868896484 12.755847930908203 46.0739860534668
    endloop
  endfacet
  facet normal 0.04568827152252197 -0.4436415433883667 -0.8950390815734863
    outer loop
      vertex 12.677597045898438 13.876306533813477 45.481388092041016
      vertex 15.75390911102295 14.37356185913086 45.39194869995117
      vertex 15.480880737304688 13.281937599182129 45.91909408569336
    endloop
  endfacet
  facet normal 0.045220937579870224 -0.5081561207771301 -0.8600769639015198
    outer loop
      vertex 12.515071868896484 12.755847930908203 46.0739860534668
      vertex 15.480880737304688 13.281937599182129 45.91909408569336
      vertex 15.580172538757324 12.224055290222168 46.549339294433594
    endloop
  endfacet
  facet normal 0.03761312738060951 -0.47145360708236694 -0.881088376045227
    outer loop
      vertex 15.480880737304688 13.281937599182129 45.91909408569336
      vertex 12.515071868896484 12.755847930908203 46.0739860534668
      vertex 12.677597045898438 13.876306533813477 45.481388092041016
    endloop
  endfacet
  facet normal -0.16603432595729828 -0.7812512516975403 -0.601730227470398
    outer loop
      vertex 9.574077606201172 11.441286087036133 47.277626037597656
      vertex 6.568037033081055 11.538854598999023 47.98040008544922
      vertex 6.418004989624023 12.288745880126953 47.04818344116211
    endloop
  endfacet
  facet normal -0.26135897636413574 -0.8964529037475586 -0.3578597903251648
    outer loop
      vertex 6.568037033081055 11.538854598999023 47.98040008544922
      vertex 3.816638946533203 11.92181396484375 49.03052520751953
      vertex 3.5365753173828125 12.484655380249023 47.82512664794922
    endloop
  endfacet
  facet normal -0.2047940343618393 -0.8052318692207336 -0.5564718246459961
    outer loop
      vertex 6.418004989624023 12.288745880126953 47.04818344116211
      vertex 3.5365753173828125 12.484655380249023 47.82512664794922
      vertex 3.481904983520508 13.12385082244873 46.920310974121094
    endloop
  endfacet
  facet normal -0.21237890422344208 -0.7778221368789673 -0.5915131568908691
    outer loop
      vertex 3.5365753173828125 12.484655380249023 47.82512664794922
      vertex 6.418004989624023 12.288745880126953 47.04818344116211
      vertex 6.568037033081055 11.538854598999023 47.98040008544922
    endloop
  endfacet
  facet normal -0.3350251317024231 -0.933087944984436 -0.1307862251996994
    outer loop
      vertex 3.816638946533203 11.92181396484375 49.03052520751953
      vertex 1.6317939758300781 12.514022827148438 50.402191162109375
      vertex 1.1845626831054688 12.884998321533203 48.901123046875
    endloop
  endfacet
  facet normal -0.3887566030025482 -0.9178608059883118 0.07999970763921738
    outer loop
      vertex 1.6317939758300781 12.514022827148438 50.402191162109375
      vertex 0.24185562133789062 13.218938827514648 51.73553466796875
      vertex -0.36687660217285156 13.334798812866211 50.106712341308594
    endloop
  endfacet
  facet normal -0.3217121958732605 -0.9448388814926147 -0.061486903578042984
    outer loop
      vertex 1.1845626831054688 12.884998321533203 48.901123046875
      vertex -0.36687660217285156 13.334798812866211 50.106712341308594
      vertex -0.8164024353027344 13.587114334106445 48.58151626586914
    endloop
  endfacet
  facet normal -0.3617831766605377 -0.9244194626808167 -0.12067155539989471
    outer loop
      vertex -0.36687660217285156 13.334798812866211 50.106712341308594
      vertex 1.1845626831054688 12.884998321533203 48.901123046875
      vertex 1.6317939758300781 12.514022827148438 50.402191162109375
    endloop
  endfacet
  facet normal -0.21724461019039154 -0.8142818808555603 -0.538284182548523
    outer loop
      vertex 3.481904983520508 13.12385082244873 46.920310974121094
      vertex 0.9372425079345703 13.317264556884766 47.654720306396484
      vertex 0.9053077697753906 13.982168197631836 46.66178512573242
    endloop
  endfacet
  facet normal -0.2863438129425049 -0.9179537296295166 -0.274532675743103
    outer loop
      vertex 0.9372425079345703 13.317264556884766 47.654720306396484
      vertex -0.8164024353027344 13.587114334106445 48.58151626586914
      vertex -1.0717449188232422 14.064379692077637 47.25201416015625
    endloop
  endfacet
  facet normal -0.21053312718868256 -0.7737914323806763 -0.5974300503730774
    outer loop
      vertex 0.9053077697753906 13.982168197631836 46.66178512573242
      vertex -1.0717449188232422 14.064379692077637 47.25201416015625
      vertex -1.077728271484375 14.874265670776367 46.20515823364258
    endloop
  endfacet
  facet normal -0.1956062614917755 -0.817756175994873 -0.541306734085083
    outer loop
      vertex -1.0717449188232422 14.064379692077637 47.25201416015625
      vertex 0.9053077697753906 13.982168197631836 46.66178512573242
      vertex 0.9372425079345703 13.317264556884766 47.654720306396484
    endloop
  endfacet
  facet normal -0.2815166115760803 -0.9225038886070251 -0.2640739679336548
    outer loop
      vertex -0.8164024353027344 13.587114334106445 48.58151626586914
      vertex 0.9372425079345703 13.317264556884766 47.654720306396484
      vertex 1.1845626831054688 12.884998321533203 48.901123046875
    endloop
  endfacet
  facet normal -0.22085221111774445 -0.8028252124786377 -0.5538013577461243
    outer loop
      vertex 0.9372425079345703 13.317264556884766 47.654720306396484
      vertex 3.481904983520508 13.12385082244873 46.920310974121094
      vertex 3.5365753173828125 12.484655380249023 47.82512664794922
    endloop
  endfacet
  facet normal -0.307912677526474 -0.8874897360801697 -0.3428582549095154
    outer loop
      vertex 1.1845626831054688 12.884998321533203 48.901123046875
      vertex 3.5365753173828125 12.484655380249023 47.82512664794922
      vertex 3.816638946533203 11.92181396484375 49.03052520751953
    endloop
  endfacet
  facet normal -0.2783511281013489 -0.9232134819030762 -0.26494818925857544
    outer loop
      vertex 3.5365753173828125 12.484655380249023 47.82512664794922
      vertex 1.1845626831054688 12.884998321533203 48.901123046875
      vertex 0.9372425079345703 13.317264556884766 47.654720306396484
    endloop
  endfacet
  facet normal -0.058280423283576965 -0.21054314076900482 -0.9758457541465759
    outer loop
      vertex 10.459646224975586 15.979923248291016 44.97132110595703
      vertex 7.255157470703125 15.525025367736816 45.26084899902344
      vertex 7.785133361816406 17.032655715942383 44.9039192199707
    endloop
  endfacet
  facet normal -0.040751855820417404 -0.27984437346458435 -0.9591801166534424
    outer loop
      vertex 7.255157470703125 15.525025367736816 45.26084899902344
      vertex 4.008308410644531 15.207010269165039 45.4915771484375
      vertex 4.478450775146484 16.661346435546875 45.04729461669922
    endloop
  endfacet
  facet normal -0.020986950024962425 -0.19196780025959015 -0.9811767935752869
    outer loop
      vertex 7.785133361816406 17.032655715942383 44.9039192199707
      vertex 4.478450775146484 16.661346435546875 45.04729461669922
      vertex 5.088085174560547 18.4309139251709 44.68803787231445
    endloop
  endfacet
  facet normal -0.01701487973332405 -0.22467944025993347 -0.9742841720581055
    outer loop
      vertex 4.478450775146484 16.661346435546875 45.04729461669922
      vertex 7.785133361816406 17.032655715942383 44.9039192199707
      vertex 7.255157470703125 15.525025367736816 45.26084899902344
    endloop
  endfacet
  facet normal -0.06723500043153763 -0.35658589005470276 -0.9318401217460632
    outer loop
      vertex 4.008308410644531 15.207010269165039 45.4915771484375
      vertex 1.094451904296875 15.002532958984375 45.780067443847656
      vertex 1.48590087890625 16.379634857177734 45.224849700927734
    endloop
  endfacet
  facet normal -0.13978120684623718 -0.4880666434764862 -0.8615404963493347
    outer loop
      vertex 1.094451904296875 15.002532958984375 45.780067443847656
      vertex -1.077728271484375 14.874265670776367 46.20515823364258
      vertex -0.8153820037841797 16.09049415588379 45.473594665527344
    endloop
  endfacet
  facet normal -0.07114733010530472 -0.2617689073085785 -0.9625045657157898
    outer loop
      vertex 1.48590087890625 16.379634857177734 45.224849700927734
      vertex -0.8153820037841797 16.09049415588379 45.473594665527344
      vertex -0.34017372131347656 17.711627960205078 44.99757385253906
    endloop
  endfacet
  facet normal -0.05547426640987396 -0.3597506284713745 -0.9313979744911194
    outer loop
      vertex -0.8153820037841797 16.09049415588379 45.473594665527344
      vertex 1.48590087890625 16.379634857177734 45.224849700927734
      vertex 1.094451904296875 15.002532958984375 45.780067443847656
    endloop
  endfacet
  facet normal -0.026360126212239265 -0.11605557799339294 -0.9928929209709167
    outer loop
      vertex 5.088085174560547 18.4309139251709 44.68803787231445
      vertex 2.033782958984375 18.105329513549805 44.80718231201172
      vertex 2.7504959106445312 20.10477066040039 44.554447174072266
    endloop
  endfacet
  facet normal -0.06371176242828369 -0.09619231522083282 -0.9933215975761414
    outer loop
      vertex 2.033782958984375 18.105329513549805 44.80718231201172
      vertex -0.34017372131347656 17.711627960205078 44.99757385253906
      vertex 0.3220481872558594 19.68014907836914 44.764469146728516
    endloop
  endfacet
  facet normal -0.09597847610712051 0.057402223348617554 -0.993726909160614
    outer loop
      vertex 2.7504959106445312 20.10477066040039 44.554447174072266
      vertex 0.3220481872558594 19.68014907836914 44.764469146728516
      vertex 1.3977508544921875 21.823680877685547 44.784393310546875
    endloop
  endfacet
  facet normal -0.06817521154880524 -0.10102277994155884 -0.9925455451011658
    outer loop
      vertex 0.3220481872558594 19.68014907836914 44.764469146728516
      vertex 2.7504959106445312 20.10477066040039 44.554447174072266
      vertex 2.033782958984375 18.105329513549805 44.80718231201172
    endloop
  endfacet
  facet normal -0.04118972644209862 -0.22266463935375214 -0.9740245938301086
    outer loop
      vertex -0.34017372131347656 17.711627960205078 44.99757385253906
      vertex 2.033782958984375 18.105329513549805 44.80718231201172
      vertex 1.48590087890625 16.379634857177734 45.224849700927734
    endloop
  endfacet
  facet normal -0.017687130719423294 -0.1930737942457199 -0.9810248613357544
    outer loop
      vertex 2.033782958984375 18.105329513549805 44.80718231201172
      vertex 5.088085174560547 18.4309139251709 44.68803787231445
      vertex 4.478450775146484 16.661346435546875 45.04729461669922
    endloop
  endfacet
  facet normal -0.03022923320531845 -0.2830752730369568 -0.9586212038993835
    outer loop
      vertex 1.48590087890625 16.379634857177734 45.224849700927734
      vertex 4.478450775146484 16.661346435546875 45.04729461669922
      vertex 4.008308410644531 15.207010269165039 45.4915771484375
    endloop
  endfacet
  facet normal -0.03669048100709915 -0.22405920922756195 -0.973884642124176
    outer loop
      vertex 4.478450775146484 16.661346435546875 45.04729461669922
      vertex 1.48590087890625 16.379634857177734 45.224849700927734
      vertex 2.033782958984375 18.105329513549805 44.80718231201172
    endloop
  endfacet
  facet normal -0.11146783083677292 -0.6378449201583862 -0.7620556950569153
    outer loop
      vertex -1.077728271484375 14.874265670776367 46.20515823364258
      vertex 1.094451904296875 15.002532958984375 45.780067443847656
      vertex 0.9053077697753906 13.982168197631836 46.66178512573242
    endloop
  endfacet
  facet normal -0.05778578668832779 -0.4405118525028229 -0.895885169506073
    outer loop
      vertex 1.094451904296875 15.002532958984375 45.780067443847656
      vertex 4.008308410644531 15.207010269165039 45.4915771484375
      vertex 3.625988006591797 13.986263275146484 46.116485595703125
    endloop
  endfacet
  facet normal -0.1464623063802719 -0.6612656116485596 -0.7357150316238403
    outer loop
      vertex 0.9053077697753906 13.982168197631836 46.66178512573242
      vertex 3.625988006591797 13.986263275146484 46.116485595703125
      vertex 3.481904983520508 13.12385082244873 46.920310974121094
    endloop
  endfacet
  facet normal -0.15170207619667053 -0.630013108253479 -0.7616232633590698
    outer loop
      vertex 3.625988006591797 13.986263275146484 46.116485595703125
      vertex 0.9053077697753906 13.982168197631836 46.66178512573242
      vertex 1.094451904296875 15.002532958984375 45.780067443847656
    endloop
  endfacet
  facet normal -0.03706422075629234 -0.310682088136673 -0.9497909545898438
    outer loop
      vertex 4.008308410644531 15.207010269165039 45.4915771484375
      vertex 7.255157470703125 15.525025367736816 45.26084899902344
      vertex 6.7872314453125 14.201552391052246 45.7120246887207
    endloop
  endfacet
  facet normal -0.05350293964147568 -0.2400258183479309 -0.9692910313606262
    outer loop
      vertex 7.255157470703125 15.525025367736816 45.26084899902344
      vertex 10.459646224975586 15.979923248291016 44.97132110595703
      vertex 9.962692260742188 14.579084396362305 45.34564208984375
    endloop
  endfacet
  facet normal -0.06544196605682373 -0.3547026216983795 -0.9326861500740051
    outer loop
      vertex 6.7872314453125 14.201552391052246 45.7120246887207
      vertex 9.962692260742188 14.579084396362305 45.34564208984375
      vertex 9.607820510864258 13.388322830200195 45.82339096069336
    endloop
  endfacet
  facet normal -0.07435402274131775 -0.2981237471103668 -0.9516269564628601
    outer loop
      vertex 9.962692260742188 14.579084396362305 45.34564208984375
      vertex 6.7872314453125 14.201552391052246 45.7120246887207
      vertex 7.255157470703125 15.525025367736816 45.26084899902344
    endloop
  endfacet
  facet normal -0.14997531473636627 -0.6423723101615906 -0.7515751719474792
    outer loop
      vertex 3.481904983520508 13.12385082244873 46.920310974121094
      vertex 6.485218048095703 13.1341552734375 46.312198638916016
      vertex 6.418004989624023 12.288745880126953 47.04818344116211
    endloop
  endfacet
  facet normal -0.09183068573474884 -0.5130735635757446 -0.8534182906150818
    outer loop
      vertex 6.485218048095703 13.1341552734375 46.312198638916016
      vertex 9.607820510864258 13.388322830200195 45.82339096069336
      vertex 9.476984024047852 12.36314582824707 46.45380401611328
    endloop
  endfacet
  facet normal -0.12617899477481842 -0.6683756709098816 -0.7330436110496521
    outer loop
      vertex 6.418004989624023 12.288745880126953 47.04818344116211
      vertex 9.476984024047852 12.36314582824707 46.45380401611328
      vertex 9.574077606201172 11.441286087036133 47.277626037597656
    endloop
  endfacet
  facet normal -0.13060249388217926 -0.6450574994087219 -0.7528903484344482
    outer loop
      vertex 9.476984024047852 12.36314582824707 46.45380401611328
      vertex 6.418004989624023 12.288745880126953 47.04818344116211
      vertex 6.485218048095703 13.1341552734375 46.312198638916016
    endloop
  endfacet
  facet normal -0.099674753844738 -0.46609681844711304 -0.8791010975837708
    outer loop
      vertex 9.607820510864258 13.388322830200195 45.82339096069336
      vertex 6.485218048095703 13.1341552734375 46.312198638916016
      vertex 6.7872314453125 14.201552391052246 45.7120246887207
    endloop
  endfacet
  facet normal -0.1466980129480362 -0.661220371723175 -0.7357087135314941
    outer loop
      vertex 6.485218048095703 13.1341552734375 46.312198638916016
      vertex 3.481904983520508 13.12385082244873 46.920310974121094
      vertex 3.625988006591797 13.986263275146484 46.116485595703125
    endloop
  endfacet
  facet normal -0.08536019176244736 -0.432697057723999 -0.8974891901016235
    outer loop
      vertex 6.7872314453125 14.201552391052246 45.7120246887207
      vertex 3.625988006591797 13.986263275146484 46.116485595703125
      vertex 4.008308410644531 15.207010269165039 45.4915771484375
    endloop
  endfacet
  facet normal -0.080294668674469 -0.47117382287979126 -0.8783780932426453
    outer loop
      vertex 3.625988006591797 13.986263275146484 46.116485595703125
      vertex 6.7872314453125 14.201552391052246 45.7120246887207
      vertex 6.485218048095703 13.1341552734375 46.312198638916016
    endloop
  endfacet
  facet normal -0.05639005824923515 0.08865615725517273 -0.9944648146629333
    outer loop
      vertex 1.3977508544921875 21.823680877685547 44.784393310546875
      vertex 3.9879989624023438 22.879776000976562 44.731666564941406
      vertex 2.7504959106445312 20.10477066040039 44.554447174072266
    endloop
  endfacet
  facet normal -0.025733448565006256 0.13179254531860352 -0.9909432530403137
    outer loop
      vertex 3.9879989624023438 22.879776000976562 44.731666564941406
      vertex 7.115705490112305 23.65116310119629 44.75303649902344
      vertex 5.959682464599609 21.090967178344727 44.44255828857422
    endloop
  endfacet
  facet normal -0.007205212954431772 -0.08954966813325882 -0.995956301689148
    outer loop
      vertex 2.7504959106445312 20.10477066040039 44.554447174072266
      vertex 5.959682464599609 21.090967178344727 44.44255828857422
      vertex 5.088085174560547 18.4309139251709 44.68803787231445
    endloop
  endfacet
  facet normal -0.06275416165590286 0.0914536714553833 -0.9938300251960754
    outer loop
      vertex 5.959682464599609 21.090967178344727 44.44255828857422
      vertex 2.7504959106445312 20.10477066040039 44.554447174072266
      vertex 3.9879989624023438 22.879776000976562 44.731666564941406
    endloop
  endfacet
  facet normal -0.0033552225213497877 0.15532049536705017 -0.9878584742546082
    outer loop
      vertex 7.115705490112305 23.65116310119629 44.75303649902344
      vertex 10.475133895874023 24.187015533447266 44.82587814331055
      vertex 9.359216690063477 21.888713836669922 44.46830749511719
    endloop
  endfacet
  facet normal 0.0025018558371812105 0.15942643582820892 -0.9872066378593445
    outer loop
      vertex 10.475133895874023 24.187015533447266 44.82587814331055
      vertex 13.935480117797852 24.527097702026367 44.88956832885742
      vertex 12.869779586791992 22.397239685058594 44.542911529541016
    endloop
  endfacet
  facet normal 0.017057621851563454 0.02886820398271084 -0.999437689781189
    outer loop
      vertex 9.359216690063477 21.888713836669922 44.46830749511719
      vertex 12.869779586791992 22.397239685058594 44.542911529541016
      vertex 11.803754806518555 20.04742431640625 44.456844329833984
    endloop
  endfacet
  facet normal -0.0013661098200827837 0.15437839925289154 -0.988010823726654
    outer loop
      vertex 12.869779586791992 22.397239685058594 44.542911529541016
      vertex 9.359216690063477 21.888713836669922 44.46830749511719
      vertex 10.475133895874023 24.187015533447266 44.82587814331055
    endloop
  endfacet
  facet normal -0.0032737203873693943 -0.15874892473220825 -0.9873135685920715
    outer loop
      vertex 5.088085174560547 18.4309139251709 44.68803787231445
      vertex 8.475231170654297 19.30633544921875 44.536048889160156
      vertex 7.785133361816406 17.032655715942383 44.9039192199707
    endloop
  endfacet
  facet normal -0.007064568344503641 -0.07484371215105057 -0.9971702098846436
    outer loop
      vertex 8.475231170654297 19.30633544921875 44.536048889160156
      vertex 11.803754806518555 20.04742431640625 44.456844329833984
      vertex 11.038780212402344 17.851531982421875 44.627079010009766
    endloop
  endfacet
  facet normal -0.04143459349870682 -0.16832274198532104 -0.9848606586456299
    outer loop
      vertex 7.785133361816406 17.032655715942383 44.9039192199707
      vertex 11.038780212402344 17.851531982421875 44.627079010009766
      vertex 10.459646224975586 15.979923248291016 44.97132110595703
    endloop
  endfacet
  facet normal -0.04746915027499199 -0.14548179507255554 -0.9882215261459351
    outer loop
      vertex 11.038780212402344 17.851531982421875 44.627079010009766
      vertex 7.785133361816406 17.032655715942383 44.9039192199707
      vertex 8.475231170654297 19.30633544921875 44.536048889160156
    endloop
  endfacet
  facet normal -0.01942913606762886 -0.019571317359805107 -0.9996196627616882
    outer loop
      vertex 11.803754806518555 20.04742431640625 44.456844329833984
      vertex 8.475231170654297 19.30633544921875 44.536048889160156
      vertex 9.359216690063477 21.888713836669922 44.46830749511719
    endloop
  endfacet
  facet normal -0.02287803776562214 -0.0844336748123169 -0.9961664080619812
    outer loop
      vertex 8.475231170654297 19.30633544921875 44.536048889160156
      vertex 5.088085174560547 18.4309139251709 44.68803787231445
      vertex 5.959682464599609 21.090967178344727 44.44255828857422
    endloop
  endfacet
  facet normal -0.02315213531255722 0.1306530088186264 -0.9911578297615051
    outer loop
      vertex 9.359216690063477 21.888713836669922 44.46830749511719
      vertex 5.959682464599609 21.090967178344727 44.44255828857422
      vertex 7.115705490112305 23.65116310119629 44.75303649902344
    endloop
  endfacet
  facet normal 0.014920332469046116 -0.03132382407784462 -0.9993979334831238
    outer loop
      vertex 5.959682464599609 21.090967178344727 44.44255828857422
      vertex 9.359216690063477 21.888713836669922 44.46830749511719
      vertex 8.475231170654297 19.30633544921875 44.536048889160156
    endloop
  endfacet
  facet normal -0.015264580957591534 0.06727541983127594 -0.9976176619529724
    outer loop
      vertex 13.935480117797852 24.527097702026367 44.88956832885742
      vertex 17.317792892456055 24.695539474487305 44.84917449951172
      vertex 16.470565795898438 22.73488998413086 44.72991943359375
    endloop
  endfacet
  facet normal -0.046555083245038986 0.08476214110851288 -0.9953130483627319
    outer loop
      vertex 17.317792892456055 24.695539474487305 44.84917449951172
      vertex 20.415842056274414 24.660871505737305 44.70131301879883
      vertex 19.796531677246094 22.8443603515625 44.575584411621094
    endloop
  endfacet
  facet normal -0.046094175428152084 -0.007842890918254852 -0.9989063143730164
    outer loop
      vertex 16.470565795898438 22.73488998413086 44.72991943359375
      vertex 19.796531677246094 22.8443603515625 44.575584411621094
      vertex 19.025829315185547 20.93194580078125 44.626163482666016
    endloop
  endfacet
  facet normal -0.04888048395514488 0.08167014271020889 -0.9954600930213928
    outer loop
      vertex 19.796531677246094 22.8443603515625 44.575584411621094
      vertex 16.470565795898438 22.73488998413086 44.72991943359375
      vertex 17.317792892456055 24.695539474487305 44.84917449951172
    endloop
  endfacet
  facet normal -0.06299193948507309 0.06210719794034958 -0.996079683303833
    outer loop
      vertex 20.415842056274414 24.660871505737305 44.70131301879883
      vertex 23.159860610961914 24.47960662841797 44.5164794921875
      vertex 22.788558959960938 22.81914520263672 44.43642807006836
    endloop
  endfacet
  facet normal 0.010342763736844063 0.08701613545417786 -0.9961532950401306
    outer loop
      vertex 23.159860610961914 24.47960662841797 44.5164794921875
      vertex 25.31167221069336 24.247947692871094 44.518585205078125
      vertex 25.477977752685547 22.87763214111328 44.400611877441406
    endloop
  endfacet
  facet normal -0.013782688416540623 0.021594326943159103 -0.9996717572212219
    outer loop
      vertex 22.788558959960938 22.81914520263672 44.43642807006836
      vertex 25.477977752685547 22.87763214111328 44.400611877441406
      vertex 25.523372650146484 21.236019134521484 44.364524841308594
    endloop
  endfacet
  facet normal -0.014415521174669266 0.051365192979574203 -0.9985758662223816
    outer loop
      vertex 25.477977752685547 22.87763214111328 44.400611877441406
      vertex 22.788558959960938 22.81914520263672 44.43642807006836
      vertex 23.159860610961914 24.47960662841797 44.5164794921875
    endloop
  endfacet
  facet normal -0.04216933250427246 -0.09719611704349518 -0.9943715333938599
    outer loop
      vertex 19.025829315185547 20.93194580078125 44.626163482666016
      vertex 22.388957977294922 21.0804443359375 44.469024658203125
      vertex 21.742443084716797 19.33710289001465 44.666847229003906
    endloop
  endfacet
  facet normal -0.029093502089381218 -0.08294562250375748 -0.9961293935775757
    outer loop
      vertex 22.388957977294922 21.0804443359375 44.469024658203125
      vertex 25.523372650146484 21.236019134521484 44.364524841308594
      vertex 25.209339141845703 19.5566463470459 44.51353454589844
    endloop
  endfacet
  facet normal -0.03415125235915184 -0.1506476253271103 -0.9879974126815796
    outer loop
      vertex 21.742443084716797 19.33710289001465 44.666847229003906
      vertex 25.209339141845703 19.5566463470459 44.51353454589844
      vertex 24.55291748046875 17.906856536865234 44.78778076171875
    endloop
  endfacet
  facet normal -0.03771393001079559 -0.09885019809007645 -0.9943873882293701
    outer loop
      vertex 25.209339141845703 19.5566463470459 44.51353454589844
      vertex 21.742443084716797 19.33710289001465 44.666847229003906
      vertex 22.388957977294922 21.0804443359375 44.469024658203125
    endloop
  endfacet
  facet normal -0.0327632762491703 -0.011206530034542084 -0.9994003176689148
    outer loop
      vertex 25.523372650146484 21.236019134521484 44.364524841308594
      vertex 22.388957977294922 21.0804443359375 44.469024658203125
      vertex 22.788558959960938 22.81914520263672 44.43642807006836
    endloop
  endfacet
  facet normal -0.04633033275604248 -0.007747451309114695 -0.9988961815834045
    outer loop
      vertex 22.388957977294922 21.0804443359375 44.469024658203125
      vertex 19.025829315185547 20.93194580078125 44.626163482666016
      vertex 19.796531677246094 22.8443603515625 44.575584411621094
    endloop
  endfacet
  facet normal -0.04558286815881729 0.08443570882081985 -0.9953857660293579
    outer loop
      vertex 22.788558959960938 22.81914520263672 44.43642807006836
      vertex 19.796531677246094 22.8443603515625 44.575584411621094
      vertex 20.415842056274414 24.660871505737305 44.70131301879883
    endloop
  endfacet
  facet normal -0.04652489349246025 -0.008034070953726768 -0.9988848567008972
    outer loop
      vertex 19.796531677246094 22.8443603515625 44.575584411621094
      vertex 22.788558959960938 22.81914520263672 44.43642807006836
      vertex 22.388957977294922 21.0804443359375 44.469024658203125
    endloop
  endfacet
  facet normal -0.01941634900867939 -0.156306654214859 -0.9875177145004272
    outer loop
      vertex 10.459646224975586 15.979923248291016 44.97132110595703
      vertex 13.696861267089844 16.667312622070312 44.79887008666992
      vertex 13.099913597106934 15.131763458251953 45.05365753173828
    endloop
  endfacet
  facet normal 0.04900693520903587 -0.1711529940366745 -0.9840249419212341
    outer loop
      vertex 13.696861267089844 16.667312622070312 44.79887008666992
      vertex 17.160125732421875 17.157045364379883 44.88616943359375
      vertex 16.353694915771484 15.697233200073242 45.09991455078125
    endloop
  endfacet
  facet normal 0.05530843138694763 -0.23894716799259186 -0.9694561958312988
    outer loop
      vertex 13.099913597106934 15.131763458251953 45.05365753173828
      vertex 16.353694915771484 15.697233200073242 45.09991455078125
      vertex 15.75390911102295 14.37356185913086 45.39194869995117
    endloop
  endfacet
  facet normal 0.045363765209913254 -0.18065738677978516 -0.982499361038208
    outer loop
      vertex 16.353694915771484 15.697233200073242 45.09991455078125
      vertex 13.099913597106934 15.131763458251953 45.05365753173828
      vertex 13.696861267089844 16.667312622070312 44.79887008666992
    endloop
  endfacet
  facet normal 0.04051804170012474 -0.24764983355998993 -0.9680020809173584
    outer loop
      vertex 17.160125732421875 17.157045364379883 44.88616943359375
      vertex 20.83548355102539 17.57723617553711 44.93251037597656
      vertex 19.868671417236328 16.073036193847656 45.27687072753906
    endloop
  endfacet
  facet normal -0.0179164819419384 -0.2256246656179428 -0.9740496277809143
    outer loop
      vertex 20.83548355102539 17.57723617553711 44.93251037597656
      vertex 24.55291748046875 17.906856536865234 44.78778076171875
      vertex 23.62557601928711 16.377729415893555 45.15903854370117
    endloop
  endfacet
  facet normal 0.0007038413314148784 -0.3682292103767395 -0.9297347664833069
    outer loop
      vertex 19.868671417236328 16.073036193847656 45.27687072753906
      vertex 23.62557601928711 16.377729415893555 45.15903854370117
      vertex 22.526819229125977 15.13261604309082 45.651344299316406
    endloop
  endfacet
  facet normal -0.013183836825191975 -0.21508051455020905 -0.976507306098938
    outer loop
      vertex 23.62557601928711 16.377729415893555 45.15903854370117
      vertex 19.868671417236328 16.073036193847656 45.27687072753906
      vertex 20.83548355102539 17.57723617553711 44.93251037597656
    endloop
  endfacet
  facet normal 0.1219741553068161 -0.34370294213294983 -0.9311233162879944
    outer loop
      vertex 15.75390911102295 14.37356185913086 45.39194869995117
      vertex 18.959251403808594 14.818172454833984 45.64772033691406
      vertex 18.348663330078125 13.747039794921875 45.96311950683594
    endloop
  endfacet
  facet normal 0.03669000416994095 -0.4057468771934509 -0.9132488369941711
    outer loop
      vertex 18.959251403808594 14.818172454833984 45.64772033691406
      vertex 22.526819229125977 15.13261604309082 45.651344299316406
      vertex 21.441837310791016 14.083101272583008 46.07404327392578
    endloop
  endfacet
  facet normal 0.08710044622421265 -0.5215348601341248 -0.8487726449966431
    outer loop
      vertex 18.348663330078125 13.747039794921875 45.96311950683594
      vertex 21.441837310791016 14.083101272583008 46.07404327392578
      vertex 20.49102210998535 13.324219703674316 46.442771911621094
    endloop
  endfacet
  facet normal 0.06841077655553818 -0.31748872995376587 -0.9457911252975464
    outer loop
      vertex 21.441837310791016 14.083101272583008 46.07404327392578
      vertex 18.348663330078125 13.747039794921875 45.96311950683594
      vertex 18.959251403808594 14.818172454833984 45.64772033691406
    endloop
  endfacet
  facet normal 0.027552444487810135 -0.3016167879104614 -0.9530311226844788
    outer loop
      vertex 22.526819229125977 15.13261604309082 45.651344299316406
      vertex 18.959251403808594 14.818172454833984 45.64772033691406
      vertex 19.868671417236328 16.073036193847656 45.27687072753906
    endloop
  endfacet
  facet normal 0.1128881648182869 -0.26257339119911194 -0.9582856893539429
    outer loop
      vertex 18.959251403808594 14.818172454833984 45.64772033691406
      vertex 15.75390911102295 14.37356185913086 45.39194869995117
      vertex 16.353694915771484 15.697233200073242 45.09991455078125
    endloop
  endfacet
  facet normal 0.06880471855401993 -0.18164020776748657 -0.9809550046920776
    outer loop
      vertex 19.868671417236328 16.073036193847656 45.27687072753906
      vertex 16.353694915771484 15.697233200073242 45.09991455078125
      vertex 17.160125732421875 17.157045364379883 44.88616943359375
    endloop
  endfacet
  facet normal 0.08328397572040558 -0.3374602496623993 -0.937648355960846
    outer loop
      vertex 16.353694915771484 15.697233200073242 45.09991455078125
      vertex 19.868671417236328 16.073036193847656 45.27687072753906
      vertex 18.959251403808594 14.818172454833984 45.64772033691406
    endloop
  endfacet
  facet normal -0.026513226330280304 -0.1358398199081421 -0.9903759360313416
    outer loop
      vertex 24.55291748046875 17.906856536865234 44.78778076171875
      vertex 20.83548355102539 17.57723617553711 44.93251037597656
      vertex 21.742443084716797 19.33710289001465 44.666847229003906
    endloop
  endfacet
  facet normal 0.02579084224998951 -0.1160864382982254 -0.9929042458534241
    outer loop
      vertex 20.83548355102539 17.57723617553711 44.93251037597656
      vertex 17.160125732421875 17.157045364379883 44.88616943359375
      vertex 18.089054107666016 18.9561767578125 44.699951171875
    endloop
  endfacet
  facet normal -0.005432559177279472 -0.03474745899438858 -0.999381422996521
    outer loop
      vertex 21.742443084716797 19.33710289001465 44.666847229003906
      vertex 18.089054107666016 18.9561767578125 44.699951171875
      vertex 19.025829315185547 20.93194580078125 44.626163482666016
    endloop
  endfacet
  facet normal 0.006974759045988321 -0.1527751088142395 -0.9882364273071289
    outer loop
      vertex 18.089054107666016 18.9561767578125 44.699951171875
      vertex 21.742443084716797 19.33710289001465 44.666847229003906
      vertex 20.83548355102539 17.57723617553711 44.93251037597656
    endloop
  endfacet
  facet normal 0.042756032198667526 -0.12567825615406036 -0.9911492466926575
    outer loop
      vertex 17.160125732421875 17.157045364379883 44.88616943359375
      vertex 13.696861267089844 16.667312622070312 44.79887008666992
      vertex 14.43255615234375 18.435527801513672 44.60639572143555
    endloop
  endfacet
  facet normal -0.014975531958043575 -0.1763896942138672 -0.98420649766922
    outer loop
      vertex 13.696861267089844 16.667312622070312 44.79887008666992
      vertex 10.459646224975586 15.979923248291016 44.97132110595703
      vertex 11.038780212402344 17.851531982421875 44.627079010009766
    endloop
  endfacet
  facet normal 0.00768291437998414 -0.07995016127824783 -0.9967693090438843
    outer loop
      vertex 14.43255615234375 18.435527801513672 44.60639572143555
      vertex 11.038780212402344 17.851531982421875 44.627079010009766
      vertex 11.803754806518555 20.04742431640625 44.456844329833984
    endloop
  endfacet
  facet normal 0.013521562330424786 -0.1137615367770195 -0.9934160709381104
    outer loop
      vertex 11.038780212402344 17.851531982421875 44.627079010009766
      vertex 14.43255615234375 18.435527801513672 44.60639572143555
      vertex 13.696861267089844 16.667312622070312 44.79887008666992
    endloop
  endfacet
  facet normal 0.005677979439496994 0.06547090411186218 -0.9978383183479309
    outer loop
      vertex 19.025829315185547 20.93194580078125 44.626163482666016
      vertex 15.39284896850586 20.57137680053711 44.58183288574219
      vertex 16.470565795898438 22.73488998413086 44.72991943359375
    endloop
  endfacet
  facet normal 0.031544674187898636 0.022289231419563293 -0.9992538690567017
    outer loop
      vertex 15.39284896850586 20.57137680053711 44.58183288574219
      vertex 11.803754806518555 20.04742431640625 44.456844329833984
      vertex 12.869779586791992 22.397239685058594 44.542911529541016
    endloop
  endfacet
  facet normal 0.03806063160300255 0.1419491469860077 -0.9891419410705566
    outer loop
      vertex 16.470565795898438 22.73488998413086 44.72991943359375
      vertex 12.869779586791992 22.397239685058594 44.542911529541016
      vertex 13.935480117797852 24.527097702026367 44.88956832885742
    endloop
  endfacet
  facet normal 0.047645486891269684 0.04456765949726105 -0.9978695511817932
    outer loop
      vertex 12.869779586791992 22.397239685058594 44.542911529541016
      vertex 16.470565795898438 22.73488998413086 44.72991943359375
      vertex 15.39284896850586 20.57137680053711 44.58183288574219
    endloop
  endfacet
  facet normal 0.03902139887213707 -0.02903095632791519 -0.9988166093826294
    outer loop
      vertex 11.803754806518555 20.04742431640625 44.456844329833984
      vertex 15.39284896850586 20.57137680053711 44.58183288574219
      vertex 14.43255615234375 18.435527801513672 44.60639572143555
    endloop
  endfacet
  facet normal 0.016675041988492012 -0.04520910233259201 -0.9988383650779724
    outer loop
      vertex 15.39284896850586 20.57137680053711 44.58183288574219
      vertex 19.025829315185547 20.93194580078125 44.626163482666016
      vertex 18.089054107666016 18.9561767578125 44.699951171875
    endloop
  endfacet
  facet normal 0.0431424155831337 -0.12487255781888962 -0.9912343621253967
    outer loop
      vertex 14.43255615234375 18.435527801513672 44.60639572143555
      vertex 18.089054107666016 18.9561767578125 44.699951171875
      vertex 17.160125732421875 17.157045364379883 44.88616943359375
    endloop
  endfacet
  facet normal 0.029064591974020004 -0.024559587240219116 -0.9992758631706238
    outer loop
      vertex 18.089054107666016 18.9561767578125 44.699951171875
      vertex 14.43255615234375 18.435527801513672 44.60639572143555
      vertex 15.39284896850586 20.57137680053711 44.58183288574219
    endloop
  endfacet
  facet normal 0.8665017485618591 0.016394400969147682 -0.49890488386154175
    outer loop
      vertex 45.549598693847656 15.66201114654541 45.95121765136719
      vertex 44.793487548828125 16.700363159179688 44.672119140625
      vertex 45.58169174194336 17.751834869384766 46.07563018798828
    endloop
  endfacet
  facet normal 0.42716360092163086 0.0841374397277832 -0.9002510905265808
    outer loop
      vertex 44.793487548828125 16.700363159179688 44.672119140625
      vertex 42.83000946044922 17.902185440063477 43.852783203125
      vertex 44.50181579589844 19.170806884765625 44.764610290527344
    endloop
  endfacet
  facet normal 0.8718804717063904 0.3253438472747803 -0.36602717638015747
    outer loop
      vertex 45.58169174194336 17.751834869384766 46.07563018798828
      vertex 44.50181579589844 19.170806884765625 44.764610290527344
      vertex 44.782630920410156 20.326929092407227 46.46113586425781
    endloop
  endfacet
  facet normal 0.8254103064537048 0.11811945587396622 -0.55203777551651
    outer loop
      vertex 44.50181579589844 19.170806884765625 44.764610290527344
      vertex 45.58169174194336 17.751834869384766 46.07563018798828
      vertex 44.793487548828125 16.700363159179688 44.672119140625
    endloop
  endfacet
  facet normal 0.08760877698659897 0.1405840516090393 -0.9861850738525391
    outer loop
      vertex 42.83000946044922 17.902185440063477 43.852783203125
      vertex 39.931251525878906 19.05392074584961 43.75945281982422
      vertex 42.11279296875 20.37201690673828 44.141151428222656
    endloop
  endfacet
  facet normal -0.06965041160583496 0.13980060815811157 -0.9877269864082336
    outer loop
      vertex 39.931251525878906 19.05392074584961 43.75945281982422
      vertex 36.60913848876953 20.148426055908203 44.14862823486328
      vertex 38.989898681640625 21.384761810302734 44.15573501586914
    endloop
  endfacet
  facet normal 0.06579182296991348 0.2169005572795868 -0.9739741086959839
    outer loop
      vertex 42.11279296875 20.37201690673828 44.141151428222656
      vertex 38.989898681640625 21.384761810302734 44.15573501586914
      vertex 40.81248474121094 22.800710678100586 44.59417724609375
    endloop
  endfacet
  facet normal 0.05692221596837044 0.18963998556137085 -0.9802023768424988
    outer loop
      vertex 38.989898681640625 21.384761810302734 44.15573501586914
      vertex 42.11279296875 20.37201690673828 44.141151428222656
      vertex 39.931251525878906 19.05392074584961 43.75945281982422
    endloop
  endfacet
  facet normal 0.7774451375007629 0.5854276418685913 -0.22989888489246368
    outer loop
      vertex 44.782630920410156 20.326929092407227 46.46113586425781
      vertex 43.338279724121094 21.74822235107422 45.19606018066406
      vertex 43.055660247802734 22.85663604736328 47.06285858154297
    endloop
  endfacet
  facet normal 0.39553481340408325 0.5138991475105286 -0.7612226605415344
    outer loop
      vertex 43.338279724121094 21.74822235107422 45.19606018066406
      vertex 40.81248474121094 22.800710678100586 44.59417724609375
      vertex 41.4536247253418 24.11122703552246 45.812042236328125
    endloop
  endfacet
  facet normal 0.6540886759757996 0.7517715692520142 -0.08371125161647797
    outer loop
      vertex 43.055660247802734 22.85663604736328 47.06285858154297
      vertex 41.4536247253418 24.11122703552246 45.812042236328125
      vertex 40.59921646118164 25.07128143310547 47.7578125
    endloop
  endfacet
  facet normal 0.7161590456962585 0.6423421502113342 -0.27297019958496094
    outer loop
      vertex 41.4536247253418 24.11122703552246 45.812042236328125
      vertex 43.055660247802734 22.85663604736328 47.06285858154297
      vertex 43.338279724121094 21.74822235107422 45.19606018066406
    endloop
  endfacet
  facet normal 0.3528561592102051 0.3507247269153595 -0.8674587607383728
    outer loop
      vertex 40.81248474121094 22.800710678100586 44.59417724609375
      vertex 43.338279724121094 21.74822235107422 45.19606018066406
      vertex 42.11279296875 20.37201690673828 44.141151428222656
    endloop
  endfacet
  facet normal 0.7961230278015137 0.43057459592819214 -0.42519858479499817
    outer loop
      vertex 43.338279724121094 21.74822235107422 45.19606018066406
      vertex 44.782630920410156 20.326929092407227 46.46113586425781
      vertex 44.50181579589844 19.170806884765625 44.764610290527344
    endloop
  endfacet
  facet normal 0.34300971031188965 0.2065942883491516 -0.91633141040802
    outer loop
      vertex 42.11279296875 20.37201690673828 44.141151428222656
      vertex 44.50181579589844 19.170806884765625 44.764610290527344
      vertex 42.83000946044922 17.902185440063477 43.852783203125
    endloop
  endfacet
  facet normal 0.3863528072834015 0.31926673650741577 -0.8653325438499451
    outer loop
      vertex 44.50181579589844 19.170806884765625 44.764610290527344
      vertex 42.11279296875 20.37201690673828 44.141151428222656
      vertex 43.338279724121094 21.74822235107422 45.19606018066406
    endloop
  endfacet
  facet normal -0.06856134533882141 0.12071949988603592 -0.9903162717819214
    outer loop
      vertex 36.60913848876953 20.148426055908203 44.14862823486328
      vertex 33.363807678222656 21.232297897338867 44.50543212890625
      vertex 35.63047409057617 22.320661544799805 44.481178283691406
    endloop
  endfacet
  facet normal -0.020371152088046074 0.024220183491706848 -0.9994990229606628
    outer loop
      vertex 33.363807678222656 21.232297897338867 44.50543212890625
      vertex 30.347700119018555 22.261425018310547 44.59184265136719
      vertex 32.49632263183594 23.275028228759766 44.57261276245117
    endloop
  endfacet
  facet normal -0.01946488581597805 0.03181686997413635 -0.9993042349815369
    outer loop
      vertex 35.63047409057617 22.320661544799805 44.481178283691406
      vertex 32.49632263183594 23.275028228759766 44.57261276245117
      vertex 34.565284729003906 24.510223388671875 44.57164001464844
    endloop
  endfacet
  facet normal -0.02199321612715721 0.023530757054686546 -0.999481201171875
    outer loop
      vertex 32.49632263183594 23.275028228759766 44.57261276245117
      vertex 35.63047409057617 22.320661544799805 44.481178283691406
      vertex 33.363807678222656 21.232297897338867 44.50543212890625
    endloop
  endfacet
  facet normal 0.010723050683736801 -0.016638921573758125 -0.9998040199279785
    outer loop
      vertex 30.347700119018555 22.261425018310547 44.59184265136719
      vertex 27.542627334594727 23.26779556274414 44.54500961303711
      vertex 29.486328125 24.2171688079834 44.55005645751953
    endloop
  endfacet
  facet normal 0.023157941177487373 0.02576720155775547 -0.999399721622467
    outer loop
      vertex 27.542627334594727 23.26779556274414 44.54500961303711
      vertex 25.31167221069336 24.247947692871094 44.518585205078125
      vertex 26.561847686767578 25.099578857421875 44.56951141357422
    endloop
  endfacet
  facet normal 0.009084685705602169 0.05212507024407387 -0.9985992312431335
    outer loop
      vertex 29.486328125 24.2171688079834 44.55005645751953
      vertex 26.561847686767578 25.099578857421875 44.56951141357422
      vertex 28.355308532714844 26.373592376708984 44.65232849121094
    endloop
  endfacet
  facet normal -0.0031204272527247667 0.011704196222126484 -0.9999266266822815
    outer loop
      vertex 26.561847686767578 25.099578857421875 44.56951141357422
      vertex 29.486328125 24.2171688079834 44.55005645751953
      vertex 27.542627334594727 23.26779556274414 44.54500961303711
    endloop
  endfacet
  facet normal 0.03676122426986694 0.11275391280651093 -0.9929426312446594
    outer loop
      vertex 34.565284729003906 24.510223388671875 44.57164001464844
      vertex 31.49789047241211 25.462921142578125 44.566261291503906
      vertex 33.24444580078125 26.761009216308594 44.77832794189453
    endloop
  endfacet
  facet normal 0.011751974001526833 0.13420231640338898 -0.9908843040466309
    outer loop
      vertex 31.49789047241211 25.462921142578125 44.566261291503906
      vertex 28.355308532714844 26.373592376708984 44.65232849121094
      vertex 30.132333755493164 27.732711791992188 44.857479095458984
    endloop
  endfacet
  facet normal 0.06846415996551514 0.296857088804245 -0.9524644613265991
    outer loop
      vertex 33.24444580078125 26.761009216308594 44.77832794189453
      vertex 30.132333755493164 27.732711791992188 44.857479095458984
      vertex 31.457653045654297 28.973751068115234 45.339542388916016
    endloop
  endfacet
  facet normal 0.017835061997175217 0.13778722286224365 -0.990301251411438
    outer loop
      vertex 30.132333755493164 27.732711791992188 44.857479095458984
      vertex 33.24444580078125 26.761009216308594 44.77832794189453
      vertex 31.49789047241211 25.462921142578125 44.566261291503906
    endloop
  endfacet
  facet normal -0.016074998304247856 0.03895341232419014 -0.9991117715835571
    outer loop
      vertex 28.355308532714844 26.373592376708984 44.65232849121094
      vertex 31.49789047241211 25.462921142578125 44.566261291503906
      vertex 29.486328125 24.2171688079834 44.55005645751953
    endloop
  endfacet
  facet normal 0.0009925506310537457 -0.0024500535801053047 -0.999996542930603
    outer loop
      vertex 31.49789047241211 25.462921142578125 44.566261291503906
      vertex 34.565284729003906 24.510223388671875 44.57164001464844
      vertex 32.49632263183594 23.275028228759766 44.57261276245117
    endloop
  endfacet
  facet normal 0.000934898853302002 -0.020949427038431168 -0.9997801184654236
    outer loop
      vertex 29.486328125 24.2171688079834 44.55005645751953
      vertex 32.49632263183594 23.275028228759766 44.57261276245117
      vertex 30.347700119018555 22.261425018310547 44.59184265136719
    endloop
  endfacet
  facet normal 0.007682270836085081 0.0006028377101756632 -0.9999703168869019
    outer loop
      vertex 32.49632263183594 23.275028228759766 44.57261276245117
      vertex 29.486328125 24.2171688079834 44.55005645751953
      vertex 31.49789047241211 25.462921142578125 44.566261291503906
    endloop
  endfacet
  facet normal 0.5757178068161011 0.8167044520378113 0.039281025528907776
    outer loop
      vertex 40.59921646118164 25.07128143310547 47.7578125
      vertex 39.08494567871094 26.20001983642578 46.483585357666016
      vertex 37.78363037109375 27.021177291870117 48.48321533203125
    endloop
  endfacet
  facet normal 0.4669877588748932 0.8203164339065552 -0.33015674352645874
    outer loop
      vertex 39.08494567871094 26.20001983642578 46.483585357666016
      vertex 36.934104919433594 27.116268157958984 45.71788024902344
      vertex 36.373573303222656 28.059743881225586 47.26922607421875
    endloop
  endfacet
  facet normal 0.5382572412490845 0.837794303894043 0.0915425643324852
    outer loop
      vertex 37.78363037109375 27.021177291870117 48.48321533203125
      vertex 36.373573303222656 28.059743881225586 47.26922607421875
      vertex 34.90238952636719 28.795703887939453 49.18409729003906
    endloop
  endfacet
  facet normal 0.5723472237586975 0.8192183971405029 0.03605515509843826
    outer loop
      vertex 36.373573303222656 28.059743881225586 47.26922607421875
      vertex 37.78363037109375 27.021177291870117 48.48321533203125
      vertex 39.08494567871094 26.20001983642578 46.483585357666016
    endloop
  endfacet
  facet normal 0.35023921728134155 0.7157964706420898 -0.6041257977485657
    outer loop
      vertex 36.934104919433594 27.116268157958984 45.71788024902344
      vertex 34.40525817871094 28.047889709472656 45.355621337890625
      vertex 34.4449348449707 29.013046264648438 46.522186279296875
    endloop
  endfacet
  facet normal 0.19251620769500732 0.5994085669517517 -0.7769472599029541
    outer loop
      vertex 34.40525817871094 28.047889709472656 45.355621337890625
      vertex 31.457653045654297 28.973751068115234 45.339542388916016
      vertex 31.972278594970703 29.98120880126953 46.24430465698242
    endloop
  endfacet
  facet normal 0.372592031955719 0.8359146118164062 -0.4030161499977112
    outer loop
      vertex 34.4449348449707 29.013046264648438 46.522186279296875
      vertex 31.972278594970703 29.98120880126953 46.24430465698242
      vertex 31.64120101928711 30.768165588378906 47.57048416137695
    endloop
  endfacet
  facet normal 0.34842199087142944 0.716349184513092 -0.6045213341712952
    outer loop
      vertex 31.972278594970703 29.98120880126953 46.24430465698242
      vertex 34.4449348449707 29.013046264648438 46.522186279296875
      vertex 34.40525817871094 28.047889709472656 45.355621337890625
    endloop
  endfacet
  facet normal 0.5194587111473083 0.8456806540489197 0.12242071330547333
    outer loop
      vertex 34.90238952636719 28.795703887939453 49.18409729003906
      vertex 33.57326126098633 29.771984100341797 48.07975769042969
      vertex 32.04994201660156 30.442153930664062 49.91402053833008
    endloop
  endfacet
  facet normal 0.46758392453193665 0.8826822638511658 -0.04729992896318436
    outer loop
      vertex 33.57326126098633 29.771984100341797 48.07975769042969
      vertex 31.64120101928711 30.768165588378906 47.57048416137695
      vertex 30.763761520385742 31.315227508544922 49.1054801940918
    endloop
  endfacet
  facet normal 0.48470839858055115 0.8603019118309021 0.15791955590248108
    outer loop
      vertex 32.04994201660156 30.442153930664062 49.91402053833008
      vertex 30.763761520385742 31.315227508544922 49.1054801940918
      vertex 29.657978057861328 31.663063049316406 50.604591369628906
    endloop
  endfacet
  facet normal 0.5093437433242798 0.8533458709716797 0.1112198680639267
    outer loop
      vertex 30.763761520385742 31.315227508544922 49.1054801940918
      vertex 32.04994201660156 30.442153930664062 49.91402053833008
      vertex 33.57326126098633 29.771984100341797 48.07975769042969
    endloop
  endfacet
  facet normal 0.4839462637901306 0.8622656464576721 -0.14931119978427887
    outer loop
      vertex 31.64120101928711 30.768165588378906 47.57048416137695
      vertex 33.57326126098633 29.771984100341797 48.07975769042969
      vertex 34.4449348449707 29.013046264648438 46.522186279296875
    endloop
  endfacet
  facet normal 0.5386938452720642 0.8374629020690918 0.0920054018497467
    outer loop
      vertex 33.57326126098633 29.771984100341797 48.07975769042969
      vertex 34.90238952636719 28.795703887939453 49.18409729003906
      vertex 36.373573303222656 28.059743881225586 47.26922607421875
    endloop
  endfacet
  facet normal 0.513942539691925 0.8027219772338867 -0.3024906814098358
    outer loop
      vertex 34.4449348449707 29.013046264648438 46.522186279296875
      vertex 36.373573303222656 28.059743881225586 47.26922607421875
      vertex 36.934104919433594 27.116268157958984 45.71788024902344
    endloop
  endfacet
  facet normal 0.4840095043182373 0.8622386455535889 -0.1492626816034317
    outer loop
      vertex 36.373573303222656 28.059743881225586 47.26922607421875
      vertex 34.4449348449707 29.013046264648438 46.522186279296875
      vertex 33.57326126098633 29.771984100341797 48.07975769042969
    endloop
  endfacet
  facet normal 0.1071680337190628 0.3248652219772339 -0.9396689534187317
    outer loop
      vertex 31.457653045654297 28.973751068115234 45.339542388916016
      vertex 34.40525817871094 28.047889709472656 45.355621337890625
      vertex 33.24444580078125 26.761009216308594 44.77832794189453
    endloop
  endfacet
  facet normal 0.28822821378707886 0.4546929895877838 -0.842721164226532
    outer loop
      vertex 34.40525817871094 28.047889709472656 45.355621337890625
      vertex 36.934104919433594 27.116268157958984 45.71788024902344
      vertex 36.268741607666016 25.844806671142578 44.804290771484375
    endloop
  endfacet
  facet normal 0.04392892122268677 0.11688947677612305 -0.99217289686203
    outer loop
      vertex 33.24444580078125 26.761009216308594 44.77832794189453
      vertex 36.268741607666016 25.844806671142578 44.804290771484375
      vertex 34.565284729003906 24.510223388671875 44.57164001464844
    endloop
  endfacet
  facet normal 0.10662006586790085 0.3253173232078552 -0.9395748972892761
    outer loop
      vertex 36.268741607666016 25.844806671142578 44.804290771484375
      vertex 33.24444580078125 26.761009216308594 44.77832794189453
      vertex 34.40525817871094 28.047889709472656 45.355621337890625
    endloop
  endfacet
  facet normal 0.4853595793247223 0.6645305752754211 -0.5681770443916321
    outer loop
      vertex 36.934104919433594 27.116268157958984 45.71788024902344
      vertex 39.08494567871094 26.20001983642578 46.483585357666016
      vertex 39.06910705566406 25.026275634765625 45.09726333618164
    endloop
  endfacet
  facet normal 0.6437707543373108 0.7596521377563477 -0.09213021397590637
    outer loop
      vertex 39.08494567871094 26.20001983642578 46.483585357666016
      vertex 40.59921646118164 25.07128143310547 47.7578125
      vertex 41.4536247253418 24.11122703552246 45.812042236328125
    endloop
  endfacet
  facet normal 0.41899198293685913 0.4996006488800049 -0.7581853270530701
    outer loop
      vertex 39.06910705566406 25.026275634765625 45.09726333618164
      vertex 41.4536247253418 24.11122703552246 45.812042236328125
      vertex 40.81248474121094 22.800710678100586 44.59417724609375
    endloop
  endfacet
  facet normal 0.4374620318412781 0.6838226914405823 -0.5839636921882629
    outer loop
      vertex 41.4536247253418 24.11122703552246 45.812042236328125
      vertex 39.06910705566406 25.026275634765625 45.09726333618164
      vertex 39.08494567871094 26.20001983642578 46.483585357666016
    endloop
  endfacet
  facet normal -0.009612602181732655 0.036608997732400894 -0.9992834329605103
    outer loop
      vertex 34.565284729003906 24.510223388671875 44.57164001464844
      vertex 37.73554992675781 23.638938903808594 44.50922393798828
      vertex 35.63047409057617 22.320661544799805 44.481178283691406
    endloop
  endfacet
  facet normal 0.08097323775291443 0.19823555648326874 -0.9768039584159851
    outer loop
      vertex 37.73554992675781 23.638938903808594 44.50922393798828
      vertex 40.81248474121094 22.800710678100586 44.59417724609375
      vertex 38.989898681640625 21.384761810302734 44.15573501586914
    endloop
  endfacet
  facet normal -0.06141187995672226 0.12395128607749939 -0.9903861880302429
    outer loop
      vertex 35.63047409057617 22.320661544799805 44.481178283691406
      vertex 38.989898681640625 21.384761810302734 44.15573501586914
      vertex 36.60913848876953 20.148426055908203 44.14862823486328
    endloop
  endfacet
  facet normal -0.06236239895224571 0.12065998464822769 -0.9907331466674805
    outer loop
      vertex 38.989898681640625 21.384761810302734 44.15573501586914
      vertex 35.63047409057617 22.320661544799805 44.481178283691406
      vertex 37.73554992675781 23.638938903808594 44.50922393798828
    endloop
  endfacet
  facet normal 0.10752590745687485 0.2985924780368805 -0.9483041763305664
    outer loop
      vertex 40.81248474121094 22.800710678100586 44.59417724609375
      vertex 37.73554992675781 23.638938903808594 44.50922393798828
      vertex 39.06910705566406 25.026275634765625 45.09726333618164
    endloop
  endfacet
  facet normal 0.020664192736148834 0.14604227244853973 -0.989062488079071
    outer loop
      vertex 37.73554992675781 23.638938903808594 44.50922393798828
      vertex 34.565284729003906 24.510223388671875 44.57164001464844
      vertex 36.268741607666016 25.844806671142578 44.804290771484375
    endloop
  endfacet
  facet normal 0.23015575110912323 0.4855481684207916 -0.8433689475059509
    outer loop
      vertex 39.06910705566406 25.026275634765625 45.09726333618164
      vertex 36.268741607666016 25.844806671142578 44.804290771484375
      vertex 36.934104919433594 27.116268157958984 45.71788024902344
    endloop
  endfacet
  facet normal 0.17043602466583252 0.24113254249095917 -0.9554091691970825
    outer loop
      vertex 36.268741607666016 25.844806671142578 44.804290771484375
      vertex 39.06910705566406 25.026275634765625 45.09726333618164
      vertex 37.73554992675781 23.638938903808594 44.50922393798828
    endloop
  endfacet
  facet normal 0.017260335385799408 0.151342511177063 -0.9883307218551636
    outer loop
      vertex 25.31167221069336 24.247947692871094 44.518585205078125
      vertex 23.159860610961914 24.47960662841797 44.5164794921875
      vertex 23.855634689331055 25.88692855834961 44.74413299560547
    endloop
  endfacet
  facet normal -0.057623524218797684 0.1361653357744217 -0.989008903503418
    outer loop
      vertex 23.159860610961914 24.47960662841797 44.5164794921875
      vertex 20.415842056274414 24.660871505737305 44.70131301879883
      vertex 21.07208824157715 26.328937530517578 44.89273452758789
    endloop
  endfacet
  facet normal -0.021012336015701294 0.19719374179840088 -0.9801393151283264
    outer loop
      vertex 23.855634689331055 25.88692855834961 44.74413299560547
      vertex 21.07208824157715 26.328937530517578 44.89273452758789
      vertex 22.02117156982422 27.81418228149414 45.17120361328125
    endloop
  endfacet
  facet normal -0.02529219724237919 0.17181004583835602 -0.9848054051399231
    outer loop
      vertex 21.07208824157715 26.328937530517578 44.89273452758789
      vertex 23.855634689331055 25.88692855834961 44.74413299560547
      vertex 23.159860610961914 24.47960662841797 44.5164794921875
    endloop
  endfacet
  facet normal -0.04568510502576828 0.13749371469020844 -0.9894485473632812
    outer loop
      vertex 20.415842056274414 24.660871505737305 44.70131301879883
      vertex 17.317792892456055 24.695539474487305 44.84917449951172
      vertex 18.06669044494629 26.461772918701172 45.06003189086914
    endloop
  endfacet
  facet normal -0.019692610949277878 0.1587054282426834 -0.9871295690536499
    outer loop
      vertex 17.317792892456055 24.695539474487305 44.84917449951172
      vertex 13.935480117797852 24.527097702026367 44.88956832885742
      vertex 14.824851989746094 26.339176177978516 45.16316223144531
    endloop
  endfacet
  facet normal -0.0397697389125824 0.2345755696296692 -0.9712840914726257
    outer loop
      vertex 18.06669044494629 26.461772918701172 45.06003189086914
      vertex 14.824851989746094 26.339176177978516 45.16316223144531
      vertex 15.667579650878906 27.98044204711914 45.52503967285156
    endloop
  endfacet
  facet normal -0.03656245023012161 0.1337323933839798 -0.9903427958488464
    outer loop
      vertex 14.824851989746094 26.339176177978516 45.16316223144531
      vertex 18.06669044494629 26.461772918701172 45.06003189086914
      vertex 17.317792892456055 24.695539474487305 44.84917449951172
    endloop
  endfacet
  facet normal -0.03918301314115524 0.2840699851512909 -0.9580026268959045
    outer loop
      vertex 22.02117156982422 27.81418228149414 45.17120361328125
      vertex 18.87517547607422 28.051395416259766 45.370216369628906
      vertex 19.824691772460938 29.471363067626953 45.75243377685547
    endloop
  endfacet
  facet normal -0.052549902349710464 0.29150548577308655 -0.9551246166229248
    outer loop
      vertex 18.87517547607422 28.051395416259766 45.370216369628906
      vertex 15.667579650878906 27.98044204711914 45.52503967285156
      vertex 16.537935256958008 29.46929168701172 45.93155288696289
    endloop
  endfacet
  facet normal -0.05085458606481552 0.3667771518230438 -0.9289177656173706
    outer loop
      vertex 19.824691772460938 29.471363067626953 45.75243377685547
      vertex 16.537935256958008 29.46929168701172 45.93155288696289
      vertex 17.420114517211914 30.85738182067871 46.43133544921875
    endloop
  endfacet
  facet normal -0.0522286556661129 0.2919841706752777 -0.9549961090087891
    outer loop
      vertex 16.537935256958008 29.46929168701172 45.93155288696289
      vertex 19.824691772460938 29.471363067626953 45.75243377685547
      vertex 18.87517547607422 28.051395416259766 45.370216369628906
    endloop
  endfacet
  facet normal -0.05184663459658623 0.21659909188747406 -0.974882960319519
    outer loop
      vertex 15.667579650878906 27.98044204711914 45.52503967285156
      vertex 18.87517547607422 28.051395416259766 45.370216369628906
      vertex 18.06669044494629 26.461772918701172 45.06003189086914
    endloop
  endfacet
  facet normal -0.04574599862098694 0.21224971115589142 -0.9761441946029663
    outer loop
      vertex 18.87517547607422 28.051395416259766 45.370216369628906
      vertex 22.02117156982422 27.81418228149414 45.17120361328125
      vertex 21.07208824157715 26.328937530517578 44.89273452758789
    endloop
  endfacet
  facet normal -0.049226418137550354 0.13296376168727875 -0.9898976683616638
    outer loop
      vertex 18.06669044494629 26.461772918701172 45.06003189086914
      vertex 21.07208824157715 26.328937530517578 44.89273452758789
      vertex 20.415842056274414 24.660871505737305 44.70131301879883
    endloop
  endfacet
  facet normal -0.0449008047580719 0.2132764756679535 -0.9759595394134521
    outer loop
      vertex 21.07208824157715 26.328937530517578 44.89273452758789
      vertex 18.06669044494629 26.461772918701172 45.06003189086914
      vertex 18.87517547607422 28.051395416259766 45.370216369628906
    endloop
  endfacet
  facet normal 0.004939412698149681 0.13529586791992188 -0.990792989730835
    outer loop
      vertex 13.935480117797852 24.527097702026367 44.88956832885742
      vertex 10.475133895874023 24.187015533447266 44.82587814331055
      vertex 11.473979949951172 26.030086517333984 45.08253479003906
    endloop
  endfacet
  facet normal -0.0031418243888765574 0.1540105938911438 -0.9880642294883728
    outer loop
      vertex 10.475133895874023 24.187015533447266 44.82587814331055
      vertex 7.115705490112305 23.65116310119629 44.75303649902344
      vertex 8.168537139892578 25.528656005859375 45.042335510253906
    endloop
  endfacet
  facet normal -0.027591301128268242 0.2592785656452179 -0.9654083847999573
    outer loop
      vertex 11.473979949951172 26.030086517333984 45.08253479003906
      vertex 8.168537139892578 25.528656005859375 45.042335510253906
      vertex 9.175716400146484 27.224573135375977 45.46902084350586
    endloop
  endfacet
  facet normal -0.00966519583016634 0.1430540680885315 -0.9896676540374756
    outer loop
      vertex 8.168537139892578 25.528656005859375 45.042335510253906
      vertex 11.473979949951172 26.030086517333984 45.08253479003906
      vertex 10.475133895874023 24.187015533447266 44.82587814331055
    endloop
  endfacet
  facet normal -0.03472765162587166 0.16810062527656555 -0.9851580262184143
    outer loop
      vertex 7.115705490112305 23.65116310119629 44.75303649902344
      vertex 3.9879989624023438 22.879776000976562 44.731666564941406
      vertex 5.137418746948242 24.86371612548828 45.0296745300293
    endloop
  endfacet
  facet normal -0.09639283269643784 0.1876165270805359 -0.9775010943412781
    outer loop
      vertex 3.9879989624023438 22.879776000976562 44.731666564941406
      vertex 1.3977508544921875 21.823680877685547 44.784393310546875
      vertex 2.6325111389160156 23.913116455078125 45.06366729736328
    endloop
  endfacet
  facet normal -0.14004740118980408 0.33572685718536377 -0.9314903616905212
    outer loop
      vertex 5.137418746948242 24.86371612548828 45.0296745300293
      vertex 2.6325111389160156 23.913116455078125 45.06366729736328
      vertex 3.84771728515625 25.800662994384766 45.56127166748047
    endloop
  endfacet
  facet normal -0.08831621706485748 0.1978103071451187 -0.9762537479400635
    outer loop
      vertex 2.6325111389160156 23.913116455078125 45.06366729736328
      vertex 5.137418746948242 24.86371612548828 45.0296745300293
      vertex 3.9879989624023438 22.879776000976562 44.731666564941406
    endloop
  endfacet
  facet normal -0.09519771486520767 0.376205176115036 -0.9216328263282776
    outer loop
      vertex 9.175716400146484 27.224573135375977 45.46902084350586
      vertex 6.240917205810547 26.614437103271484 45.523109436035156
      vertex 7.314289093017578 28.235820770263672 46.07407760620117
    endloop
  endfacet
  facet normal -0.15966515243053436 0.42783355712890625 -0.8896435499191284
    outer loop
      vertex 6.240917205810547 26.614437103271484 45.523109436035156
      vertex 3.84771728515625 25.800662994384766 45.56127166748047
      vertex 5.020053863525391 27.486373901367188 46.161537170410156
    endloop
  endfacet
  facet normal -0.186432346701622 0.4700336754322052 -0.862734854221344
    outer loop
      vertex 7.314289093017578 28.235820770263672 46.07407760620117
      vertex 5.020053863525391 27.486373901367188 46.161537170410156
      vertex 6.116905212402344 29.03881072998047 46.77030944824219
    endloop
  endfacet
  facet normal -0.16997262835502625 0.41607949137687683 -0.8933013677597046
    outer loop
      vertex 5.020053863525391 27.486373901367188 46.161537170410156
      vertex 7.314289093017578 28.235820770263672 46.07407760620117
      vertex 6.240917205810547 26.614437103271484 45.523109436035156
    endloop
  endfacet
  facet normal -0.13220053911209106 0.34521031379699707 -0.9291679263114929
    outer loop
      vertex 3.84771728515625 25.800662994384766 45.56127166748047
      vertex 6.240917205810547 26.614437103271484 45.523109436035156
      vertex 5.137418746948242 24.86371612548828 45.0296745300293
    endloop
  endfacet
  facet normal -0.07707659155130386 0.2860741913318634 -0.9551024436950684
    outer loop
      vertex 6.240917205810547 26.614437103271484 45.523109436035156
      vertex 9.175716400146484 27.224573135375977 45.46902084350586
      vertex 8.168537139892578 25.528656005859375 45.042335510253906
    endloop
  endfacet
  facet normal -0.033267997205257416 0.17040327191352844 -0.9848126173019409
    outer loop
      vertex 5.137418746948242 24.86371612548828 45.0296745300293
      vertex 8.168537139892578 25.528656005859375 45.042335510253906
      vertex 7.115705490112305 23.65116310119629 44.75303649902344
    endloop
  endfacet
  facet normal -0.06351672857999802 0.3076171278953552 -0.9493879675865173
    outer loop
      vertex 8.168537139892578 25.528656005859375 45.042335510253906
      vertex 5.137418746948242 24.86371612548828 45.0296745300293
      vertex 6.240917205810547 26.614437103271484 45.523109436035156
    endloop
  endfacet
  facet normal -0.05519821122288704 0.412245512008667 -0.909399151802063
    outer loop
      vertex 17.420114517211914 30.85738182067871 46.43133544921875
      vertex 14.17763900756836 30.65839385986328 46.537940979003906
      vertex 14.999763488769531 32.04648971557617 47.117286682128906
    endloop
  endfacet
  facet normal -0.08232305198907852 0.3794954717159271 -0.9215238094329834
    outer loop
      vertex 14.17763900756836 30.65839385986328 46.537940979003906
      vertex 11.107372283935547 30.282852172851562 46.65756607055664
      vertex 11.983016967773438 31.68921661376953 47.15850067138672
    endloop
  endfacet
  facet normal -0.06807418167591095 0.47350388765335083 -0.8781571388244629
    outer loop
      vertex 14.999763488769531 32.04648971557617 47.117286682128906
      vertex 11.983016967773438 31.68921661376953 47.15850067138672
      vertex 12.72561264038086 33.076358795166016 47.84888458251953
    endloop
  endfacet
  facet normal -0.061580851674079895 0.4152780771255493 -0.9076077938079834
    outer loop
      vertex 11.983016967773438 31.68921661376953 47.15850067138672
      vertex 14.999763488769531 32.04648971557617 47.117286682128906
      vertex 14.17763900756836 30.65839385986328 46.537940979003906
    endloop
  endfacet
  facet normal -0.10915859788656235 0.37686991691589355 -0.9198116660118103
    outer loop
      vertex 11.107372283935547 30.282852172851562 46.65756607055664
      vertex 8.338579177856445 29.742897033691406 46.76491928100586
      vertex 9.271764755249023 31.209266662597656 47.254981994628906
    endloop
  endfacet
  facet normal -0.13010039925575256 0.4035855829715729 -0.9056448340415955
    outer loop
      vertex 8.338579177856445 29.742897033691406 46.76491928100586
      vertex 6.116905212402344 29.03881072998047 46.77030944824219
      vertex 7.109935760498047 30.532344818115234 47.2932243347168
    endloop
  endfacet
  facet normal -0.13613973557949066 0.38316524028778076 -0.9135921001434326
    outer loop
      vertex 9.271764755249023 31.209266662597656 47.254981994628906
      vertex 7.109935760498047 30.532344818115234 47.2932243347168
      vertex 7.976846694946289 31.989858627319336 47.77532958984375
    endloop
  endfacet
  facet normal -0.13892215490341187 0.39229437708854675 -0.9092885851860046
    outer loop
      vertex 7.109935760498047 30.532344818115234 47.2932243347168
      vertex 9.271764755249023 31.209266662597656 47.254981994628906
      vertex 8.338579177856445 29.742897033691406 46.76491928100586
    endloop
  endfacet
  facet normal -0.08226829022169113 0.5162089467048645 -0.8525023460388184
    outer loop
      vertex 12.72561264038086 33.076358795166016 47.84888458251953
      vertex 10.079435348510742 32.619483947753906 47.827598571777344
      vertex 10.647684097290039 33.93248748779297 48.567813873291016
    endloop
  endfacet
  facet normal -0.11053937673568726 0.4429962635040283 -0.8896826505661011
    outer loop
      vertex 10.079435348510742 32.619483947753906 47.827598571777344
      vertex 7.976846694946289 31.989858627319336 47.77532958984375
      vertex 8.653562545776367 33.346275329589844 48.36664581298828
    endloop
  endfacet
  facet normal -0.10123955458402634 0.613222062587738 -0.7833958864212036
    outer loop
      vertex 10.647684097290039 33.93248748779297 48.567813873291016
      vertex 8.653562545776367 33.346275329589844 48.36664581298828
      vertex 9.090576171875 34.47393798828125 49.192874908447266
    endloop
  endfacet
  facet normal -0.06369704008102417 0.5108725428581238 -0.857293426990509
    outer loop
      vertex 8.653562545776367 33.346275329589844 48.36664581298828
      vertex 10.647684097290039 33.93248748779297 48.567813873291016
      vertex 10.079435348510742 32.619483947753906 47.827598571777344
    endloop
  endfacet
  facet normal -0.10496614128351212 0.4251592755317688 -0.899011492729187
    outer loop
      vertex 7.976846694946289 31.989858627319336 47.77532958984375
      vertex 10.079435348510742 32.619483947753906 47.827598571777344
      vertex 9.271764755249023 31.209266662597656 47.254981994628906
    endloop
  endfacet
  facet normal -0.07518378645181656 0.47627437114715576 -0.8760765790939331
    outer loop
      vertex 10.079435348510742 32.619483947753906 47.827598571777344
      vertex 12.72561264038086 33.076358795166016 47.84888458251953
      vertex 11.983016967773438 31.68921661376953 47.15850067138672
    endloop
  endfacet
  facet normal -0.1014910638332367 0.3892872929573059 -0.9155081510543823
    outer loop
      vertex 9.271764755249023 31.209266662597656 47.254981994628906
      vertex 11.983016967773438 31.68921661376953 47.15850067138672
      vertex 11.107372283935547 30.282852172851562 46.65756607055664
    endloop
  endfacet
  facet normal -0.1074165552854538 0.42623770236968994 -0.8982111215591431
    outer loop
      vertex 11.983016967773438 31.68921661376953 47.15850067138672
      vertex 9.271764755249023 31.209266662597656 47.254981994628906
      vertex 10.079435348510742 32.619483947753906 47.827598571777344
    endloop
  endfacet
  facet normal -0.16029177606105804 0.49926602840423584 -0.8514928221702576
    outer loop
      vertex 6.116905212402344 29.03881072998047 46.77030944824219
      vertex 8.338579177856445 29.742897033691406 46.76491928100586
      vertex 7.314289093017578 28.235820770263672 46.07407760620117
    endloop
  endfacet
  facet normal -0.11561562120914459 0.4132757782936096 -0.9032365083694458
    outer loop
      vertex 8.338579177856445 29.742897033691406 46.76491928100586
      vertex 11.107372283935547 30.282852172851562 46.65756607055664
      vertex 10.167909622192383 28.80772590637207 46.102874755859375
    endloop
  endfacet
  facet normal -0.07294685393571854 0.4097655415534973 -0.9092695116996765
    outer loop
      vertex 7.314289093017578 28.235820770263672 46.07407760620117
      vertex 10.167909622192383 28.80772590637207 46.102874755859375
      vertex 9.175716400146484 27.224573135375977 45.46902084350586
    endloop
  endfacet
  facet normal -0.08360789716243744 0.461643785238266 -0.8831164836883545
    outer loop
      vertex 10.167909622192383 28.80772590637207 46.102874755859375
      vertex 7.314289093017578 28.235820770263672 46.07407760620117
      vertex 8.338579177856445 29.742897033691406 46.76491928100586
    endloop
  endfacet
  facet normal -0.0800129771232605 0.35779234766960144 -0.9303669929504395
    outer loop
      vertex 11.107372283935547 30.282852172851562 46.65756607055664
      vertex 14.17763900756836 30.65839385986328 46.537940979003906
      vertex 13.294815063476562 29.236801147460938 46.067161560058594
    endloop
  endfacet
  facet normal -0.053104061633348465 0.36798885464668274 -0.9283125996589661
    outer loop
      vertex 14.17763900756836 30.65839385986328 46.537940979003906
      vertex 17.420114517211914 30.85738182067871 46.43133544921875
      vertex 16.537935256958008 29.46929168701172 45.93155288696289
    endloop
  endfacet
  facet normal -0.06107677146792412 0.29597583413124084 -0.9532408118247986
    outer loop
      vertex 13.294815063476562 29.236801147460938 46.067161560058594
      vertex 16.537935256958008 29.46929168701172 45.93155288696289
      vertex 15.667579650878906 27.98044204711914 45.52503967285156
    endloop
  endfacet
  facet normal -0.06413410604000092 0.34939250349998474 -0.9347790479660034
    outer loop
      vertex 16.537935256958008 29.46929168701172 45.93155288696289
      vertex 13.294815063476562 29.236801147460938 46.067161560058594
      vertex 14.17763900756836 30.65839385986328 46.537940979003906
    endloop
  endfacet
  facet normal -0.01684071682393551 0.27832332253456116 -0.9603397846221924
    outer loop
      vertex 9.175716400146484 27.224573135375977 45.46902084350586
      vertex 12.399070739746094 27.702497482299805 45.55100631713867
      vertex 11.473979949951172 26.030086517333984 45.08253479003906
    endloop
  endfacet
  facet normal -0.027163667604327202 0.22851665318012238 -0.973160982131958
    outer loop
      vertex 12.399070739746094 27.702497482299805 45.55100631713867
      vertex 15.667579650878906 27.98044204711914 45.52503967285156
      vertex 14.824851989746094 26.339176177978516 45.16316223144531
    endloop
  endfacet
  facet normal 0.010503657162189484 0.14424096047878265 -0.9894869327545166
    outer loop
      vertex 11.473979949951172 26.030086517333984 45.08253479003906
      vertex 14.824851989746094 26.339176177978516 45.16316223144531
      vertex 13.935480117797852 24.527097702026367 44.88956832885742
    endloop
  endfacet
  facet normal -0.0018024890450760722 0.2706587314605713 -0.9626737236976624
    outer loop
      vertex 14.824851989746094 26.339176177978516 45.16316223144531
      vertex 11.473979949951172 26.030086517333984 45.08253479003906
      vertex 12.399070739746094 27.702497482299805 45.55100631713867
    endloop
  endfacet
  facet normal -0.03617710992693901 0.3375518023967743 -0.9406114816665649
    outer loop
      vertex 15.667579650878906 27.98044204711914 45.52503967285156
      vertex 12.399070739746094 27.702497482299805 45.55100631713867
      vertex 13.294815063476562 29.236801147460938 46.067161560058594
    endloop
  endfacet
  facet normal -0.03441840410232544 0.389986127614975 -0.9201772212982178
    outer loop
      vertex 12.399070739746094 27.702497482299805 45.55100631713867
      vertex 9.175716400146484 27.224573135375977 45.46902084350586
      vertex 10.167909622192383 28.80772590637207 46.102874755859375
    endloop
  endfacet
  facet normal -0.06353865563869476 0.3864568769931793 -0.9201162457466125
    outer loop
      vertex 13.294815063476562 29.236801147460938 46.067161560058594
      vertex 10.167909622192383 28.80772590637207 46.102874755859375
      vertex 11.107372283935547 30.282852172851562 46.65756607055664
    endloop
  endfacet
  facet normal -0.05855140462517738 0.34884414076805115 -0.9353499412536621
    outer loop
      vertex 10.167909622192383 28.80772590637207 46.102874755859375
      vertex 13.294815063476562 29.236801147460938 46.067161560058594
      vertex 12.399070739746094 27.702497482299805 45.55100631713867
    endloop
  endfacet
  facet normal -0.07710754126310349 0.6505060791969299 -0.7555767893791199
    outer loop
      vertex 9.090576171875 34.47393798828125 49.192874908447266
      vertex 11.002561569213867 35.138404846191406 49.569820404052734
      vertex 10.647684097290039 33.93248748779297 48.567813873291016
    endloop
  endfacet
  facet normal -0.01696217991411686 0.7569140791893005 -0.6532941460609436
    outer loop
      vertex 11.002561569213867 35.138404846191406 49.569820404052734
      vertex 13.524406433105469 35.543548583984375 49.97374725341797
      vertex 13.272388458251953 34.45494079589844 48.719017028808594
    endloop
  endfacet
  facet normal -0.061515092849731445 0.5500741004943848 -0.8328471779823303
    outer loop
      vertex 10.647684097290039 33.93248748779297 48.567813873291016
      vertex 13.272388458251953 34.45494079589844 48.719017028808594
      vertex 12.72561264038086 33.076358795166016 47.84888458251953
    endloop
  endfacet
  facet normal -0.08628665655851364 0.6515985131263733 -0.7536405324935913
    outer loop
      vertex 13.272388458251953 34.45494079589844 48.719017028808594
      vertex 10.647684097290039 33.93248748779297 48.567813873291016
      vertex 11.002561569213867 35.138404846191406 49.569820404052734
    endloop
  endfacet
  facet normal 0.048939865082502365 0.8037791848182678 -0.5929113626480103
    outer loop
      vertex 13.524406433105469 35.543548583984375 49.97374725341797
      vertex 16.273408889770508 35.66435241699219 50.36442184448242
      vertex 16.19784927368164 34.66223907470703 48.999671936035156
    endloop
  endfacet
  facet normal 0.1451766937971115 0.8701674342155457 -0.4708848297595978
    outer loop
      vertex 16.273408889770508 35.66435241699219 50.36442184448242
      vertex 19.218645095825195 35.324493408203125 50.64441680908203
      vertex 19.28352165222168 34.56108093261719 49.25367736816406
    endloop
  endfacet
  facet normal 0.07884281873703003 0.7467809915542603 -0.6603801250457764
    outer loop
      vertex 16.19784927368164 34.66223907470703 48.999671936035156
      vertex 19.28352165222168 34.56108093261719 49.25367736816406
      vertex 18.94052505493164 33.517127990722656 48.032188415527344
    endloop
  endfacet
  facet normal 0.07508997619152069 0.8017761707305908 -0.592888355255127
    outer loop
      vertex 19.28352165222168 34.56108093261719 49.25367736816406
      vertex 16.19784927368164 34.66223907470703 48.999671936035156
      vertex 16.273408889770508 35.66435241699219 50.36442184448242
    endloop
  endfacet
  facet normal -0.04911648854613304 0.5040746927261353 -0.8622622489929199
    outer loop
      vertex 12.72561264038086 33.076358795166016 47.84888458251953
      vertex 15.72735595703125 33.463600158691406 47.90427780151367
      vertex 14.999763488769531 32.04648971557617 47.117286682128906
    endloop
  endfacet
  facet normal 0.023048678413033485 0.5734028220176697 -0.818949282169342
    outer loop
      vertex 15.72735595703125 33.463600158691406 47.90427780151367
      vertex 18.94052505493164 33.517127990722656 48.032188415527344
      vertex 18.288679122924805 32.24593734741211 47.12379455566406
    endloop
  endfacet
  facet normal -0.026086503639817238 0.45914390683174133 -0.8879787921905518
    outer loop
      vertex 14.999763488769531 32.04648971557617 47.117286682128906
      vertex 18.288679122924805 32.24593734741211 47.12379455566406
      vertex 17.420114517211914 30.85738182067871 46.43133544921875
    endloop
  endfacet
  facet normal -0.028386633843183517 0.49640920758247375 -0.8676244020462036
    outer loop
      vertex 18.288679122924805 32.24593734741211 47.12379455566406
      vertex 14.999763488769531 32.04648971557617 47.117286682128906
      vertex 15.72735595703125 33.463600158691406 47.90427780151367
    endloop
  endfacet
  facet normal 0.018352586776018143 0.6705514192581177 -0.7416360378265381
    outer loop
      vertex 18.94052505493164 33.517127990722656 48.032188415527344
      vertex 15.72735595703125 33.463600158691406 47.90427780151367
      vertex 16.19784927368164 34.66223907470703 48.999671936035156
    endloop
  endfacet
  facet normal -0.055369649082422256 0.5485447645187378 -0.8342859148979187
    outer loop
      vertex 15.72735595703125 33.463600158691406 47.90427780151367
      vertex 12.72561264038086 33.076358795166016 47.84888458251953
      vertex 13.272388458251953 34.45494079589844 48.719017028808594
    endloop
  endfacet
  facet normal 0.00951759610325098 0.7543577551841736 -0.6563946604728699
    outer loop
      vertex 16.19784927368164 34.66223907470703 48.999671936035156
      vertex 13.272388458251953 34.45494079589844 48.719017028808594
      vertex 13.524406433105469 35.543548583984375 49.97374725341797
    endloop
  endfacet
  facet normal 0.023816155269742012 0.669298529624939 -0.742611825466156
    outer loop
      vertex 13.272388458251953 34.45494079589844 48.719017028808594
      vertex 16.19784927368164 34.66223907470703 48.999671936035156
      vertex 15.72735595703125 33.463600158691406 47.90427780151367
    endloop
  endfacet
  facet normal 0.24254900217056274 0.9356839656829834 -0.25625285506248474
    outer loop
      vertex 19.218645095825195 35.324493408203125 50.64441680908203
      vertex 22.263216018676758 34.55507278442383 50.71670150756836
      vertex 22.519433975219727 34.100746154785156 49.30028533935547
    endloop
  endfacet
  facet normal 0.31981202960014343 0.944083571434021 -0.0801658034324646
    outer loop
      vertex 22.263216018676758 34.55507278442383 50.71670150756836
      vertex 25.200855255126953 33.552711486816406 50.631622314453125
      vertex 25.678611755371094 33.26518249511719 49.151451110839844
    endloop
  endfacet
  facet normal 0.21821223199367523 0.8945289254188538 -0.39013001322746277
    outer loop
      vertex 22.519433975219727 34.100746154785156 49.30028533935547
      vertex 25.678611755371094 33.26518249511719 49.151451110839844
      vertex 25.84151840209961 32.649864196777344 47.83170700073242
    endloop
  endfacet
  facet normal 0.23567010462284088 0.9369844794273376 -0.25791436433792114
    outer loop
      vertex 25.678611755371094 33.26518249511719 49.151451110839844
      vertex 22.519433975219727 34.100746154785156 49.30028533935547
      vertex 22.263216018676758 34.55507278442383 50.71670150756836
    endloop
  endfacet
  facet normal 0.3727210462093353 0.9270033836364746 0.04175674915313721
    outer loop
      vertex 25.200855255126953 33.552711486816406 50.631622314453125
      vertex 27.771808624267578 32.522769927978516 50.548065185546875
      vertex 28.497177124023438 32.300750732421875 49.00226593017578
    endloop
  endfacet
  facet normal 0.4106732904911041 0.9070830345153809 0.09245479851961136
    outer loop
      vertex 27.771808624267578 32.522769927978516 50.548065185546875
      vertex 29.657978057861328 31.663063049316406 50.604591369628906
      vertex 30.763761520385742 31.315227508544922 49.1054801940918
    endloop
  endfacet
  facet normal 0.4005753695964813 0.9112436175346375 -0.09578268229961395
    outer loop
      vertex 28.497177124023438 32.300750732421875 49.00226593017578
      vertex 30.763761520385742 31.315227508544922 49.1054801940918
      vertex 31.64120101928711 30.768165588378906 47.57048416137695
    endloop
  endfacet
  facet normal 0.39608028531074524 0.916614294052124 0.054210253059864044
    outer loop
      vertex 30.763761520385742 31.315227508544922 49.1054801940918
      vertex 28.497177124023438 32.300750732421875 49.00226593017578
      vertex 27.771808624267578 32.522769927978516 50.548065185546875
    endloop
  endfacet
  facet normal 0.17406149208545685 0.8024464249610901 -0.5707734227180481
    outer loop
      vertex 25.84151840209961 32.649864196777344 47.83170700073242
      vertex 29.006528854370117 31.778032302856445 47.571197509765625
      vertex 28.961837768554688 30.938232421875 46.37689971923828
    endloop
  endfacet
  facet normal 0.3244631290435791 0.8467994928359985 -0.42149055004119873
    outer loop
      vertex 29.006528854370117 31.778032302856445 47.571197509765625
      vertex 31.64120101928711 30.768165588378906 47.57048416137695
      vertex 31.972278594970703 29.98120880126953 46.24430465698242
    endloop
  endfacet
  facet normal 0.16072167456150055 0.6127723455429077 -0.7737432718276978
    outer loop
      vertex 28.961837768554688 30.938232421875 46.37689971923828
      vertex 31.972278594970703 29.98120880126953 46.24430465698242
      vertex 31.457653045654297 28.973751068115234 45.339542388916016
    endloop
  endfacet
  facet normal 0.2270544022321701 0.7926272749900818 -0.5658518671989441
    outer loop
      vertex 31.972278594970703 29.98120880126953 46.24430465698242
      vertex 28.961837768554688 30.938232421875 46.37689971923828
      vertex 29.006528854370117 31.778032302856445 47.571197509765625
    endloop
  endfacet
  facet normal 0.3499554693698883 0.9131571650505066 -0.20898625254631042
    outer loop
      vertex 31.64120101928711 30.768165588378906 47.57048416137695
      vertex 29.006528854370117 31.778032302856445 47.571197509765625
      vertex 28.497177124023438 32.300750732421875 49.00226593017578
    endloop
  endfacet
  facet normal 0.21439750492572784 0.8951243758201599 -0.3908785283565521
    outer loop
      vertex 29.006528854370117 31.778032302856445 47.571197509765625
      vertex 25.84151840209961 32.649864196777344 47.83170700073242
      vertex 25.678611755371094 33.26518249511719 49.151451110839844
    endloop
  endfacet
  facet normal 0.3188741207122803 0.9443702101707458 -0.08052421361207962
    outer loop
      vertex 28.497177124023438 32.300750732421875 49.00226593017578
      vertex 25.678611755371094 33.26518249511719 49.151451110839844
      vertex 25.200855255126953 33.552711486816406 50.631622314453125
    endloop
  endfacet
  facet normal 0.30421462655067444 0.9245616793632507 -0.22943221032619476
    outer loop
      vertex 25.678611755371094 33.26518249511719 49.151451110839844
      vertex 28.497177124023438 32.300750732421875 49.00226593017578
      vertex 29.006528854370117 31.778032302856445 47.571197509765625
    endloop
  endfacet
  facet normal -0.03061908856034279 0.39633694291114807 -0.9175944328308105
    outer loop
      vertex 17.420114517211914 30.85738182067871 46.43133544921875
      vertex 20.81447982788086 30.819538116455078 46.30172348022461
      vertex 19.824691772460938 29.471363067626953 45.75243377685547
    endloop
  endfacet
  facet normal -0.023134872317314148 0.3889520466327667 -0.9209675192832947
    outer loop
      vertex 20.81447982788086 30.819538116455078 46.30172348022461
      vertex 24.375713348388672 30.406238555908203 46.037715911865234
      vertex 23.170494079589844 29.12578582763672 45.527217864990234
    endloop
  endfacet
  facet normal -0.034449536353349686 0.2898048162460327 -0.9564656615257263
    outer loop
      vertex 19.824691772460938 29.471363067626953 45.75243377685547
      vertex 23.170494079589844 29.12578582763672 45.527217864990234
      vertex 22.02117156982422 27.81418228149414 45.17120361328125
    endloop
  endfacet
  facet normal -0.021581511944532394 0.390776664018631 -0.9202324151992798
    outer loop
      vertex 23.170494079589844 29.12578582763672 45.527217864990234
      vertex 19.824691772460938 29.471363067626953 45.75243377685547
      vertex 20.81447982788086 30.819538116455078 46.30172348022461
    endloop
  endfacet
  facet normal -0.033166319131851196 0.3627977967262268 -0.9312774538993835
    outer loop
      vertex 24.375713348388672 30.406238555908203 46.037715911865234
      vertex 28.006988525390625 29.752445220947266 45.65369415283203
      vertex 26.604400634765625 28.465057373046875 45.202117919921875
    endloop
  endfacet
  facet normal -0.0025398670695722103 0.36443331837654114 -0.9312260150909424
    outer loop
      vertex 28.006988525390625 29.752445220947266 45.65369415283203
      vertex 31.457653045654297 28.973751068115234 45.339542388916016
      vertex 30.132333755493164 27.732711791992188 44.857479095458984
    endloop
  endfacet
  facet normal -0.050913602113723755 0.21382112801074982 -0.9755452275276184
    outer loop
      vertex 26.604400634765625 28.465057373046875 45.202117919921875
      vertex 30.132333755493164 27.732711791992188 44.857479095458984
      vertex 28.355308532714844 26.373592376708984 44.65232849121094
    endloop
  endfacet
  facet normal -0.01900443434715271 0.3493107259273529 -0.9368142485618591
    outer loop
      vertex 30.132333755493164 27.732711791992188 44.857479095458984
      vertex 26.604400634765625 28.465057373046875 45.202117919921875
      vertex 28.006988525390625 29.752445220947266 45.65369415283203
    endloop
  endfacet
  facet normal -0.033741746097803116 0.18550372123718262 -0.9820641279220581
    outer loop
      vertex 22.02117156982422 27.81418228149414 45.17120361328125
      vertex 25.071331024169922 27.12795066833496 44.93678283691406
      vertex 23.855634689331055 25.88692855834961 44.74413299560547
    endloop
  endfacet
  facet normal -0.05356040596961975 0.13967177271842957 -0.9887481927871704
    outer loop
      vertex 25.071331024169922 27.12795066833496 44.93678283691406
      vertex 28.355308532714844 26.373592376708984 44.65232849121094
      vertex 26.561847686767578 25.099578857421875 44.56951141357422
    endloop
  endfacet
  facet normal -0.03281437233090401 0.10758969187736511 -0.9936537146568298
    outer loop
      vertex 23.855634689331055 25.88692855834961 44.74413299560547
      vertex 26.561847686767578 25.099578857421875 44.56951141357422
      vertex 25.31167221069336 24.247947692871094 44.518585205078125
    endloop
  endfacet
  facet normal -0.014852849766612053 0.16757214069366455 -0.9857478737831116
    outer loop
      vertex 26.561847686767578 25.099578857421875 44.56951141357422
      vertex 23.855634689331055 25.88692855834961 44.74413299560547
      vertex 25.071331024169922 27.12795066833496 44.93678283691406
    endloop
  endfacet
  facet normal -0.03159893676638603 0.22928151488304138 -0.9728471636772156
    outer loop
      vertex 28.355308532714844 26.373592376708984 44.65232849121094
      vertex 25.071331024169922 27.12795066833496 44.93678283691406
      vertex 26.604400634765625 28.465057373046875 45.202117919921875
    endloop
  endfacet
  facet normal -0.012688163667917252 0.27227500081062317 -0.9621358513832092
    outer loop
      vertex 25.071331024169922 27.12795066833496 44.93678283691406
      vertex 22.02117156982422 27.81418228149414 45.17120361328125
      vertex 23.170494079589844 29.12578582763672 45.527217864990234
    endloop
  endfacet
  facet normal -0.014054136350750923 0.3816874623298645 -0.9241846203804016
    outer loop
      vertex 26.604400634765625 28.465057373046875 45.202117919921875
      vertex 23.170494079589844 29.12578582763672 45.527217864990234
      vertex 24.375713348388672 30.406238555908203 46.037715911865234
    endloop
  endfacet
  facet normal -0.04483804479241371 0.24366238713264465 -0.9688230752944946
    outer loop
      vertex 23.170494079589844 29.12578582763672 45.527217864990234
      vertex 26.604400634765625 28.465057373046875 45.202117919921875
      vertex 25.071331024169922 27.12795066833496 44.93678283691406
    endloop
  endfacet
  facet normal 0.034112755209207535 0.500225841999054 -0.8652228116989136
    outer loop
      vertex 31.457653045654297 28.973751068115234 45.339542388916016
      vertex 28.006988525390625 29.752445220947266 45.65369415283203
      vertex 28.961837768554688 30.938232421875 46.37689971923828
    endloop
  endfacet
  facet normal 0.0005635342095047235 0.5087939500808716 -0.8608881235122681
    outer loop
      vertex 28.006988525390625 29.752445220947266 45.65369415283203
      vertex 24.375713348388672 30.406238555908203 46.037715911865234
      vertex 25.41223907470703 31.639610290527344 46.767330169677734
    endloop
  endfacet
  facet normal 0.06344126909971237 0.7109447121620178 -0.7003804445266724
    outer loop
      vertex 28.961837768554688 30.938232421875 46.37689971923828
      vertex 25.41223907470703 31.639610290527344 46.767330169677734
      vertex 25.84151840209961 32.649864196777344 47.83170700073242
    endloop
  endfacet
  facet normal 0.007772277109324932 0.5161089301109314 -0.8564877510070801
    outer loop
      vertex 25.41223907470703 31.639610290527344 46.767330169677734
      vertex 28.961837768554688 30.938232421875 46.37689971923828
      vertex 28.006988525390625 29.752445220947266 45.65369415283203
    endloop
  endfacet
  facet normal -0.004843330942094326 0.5083458423614502 -0.8611394166946411
    outer loop
      vertex 24.375713348388672 30.406238555908203 46.037715911865234
      vertex 20.81447982788086 30.819538116455078 46.30172348022461
      vertex 21.762786865234375 32.10078811645508 47.052734375
    endloop
  endfacet
  facet normal -0.02874499186873436 0.46043288707733154 -0.8872289657592773
    outer loop
      vertex 20.81447982788086 30.819538116455078 46.30172348022461
      vertex 17.420114517211914 30.85738182067871 46.43133544921875
      vertex 18.288679122924805 32.24593734741211 47.12379455566406
    endloop
  endfacet
  facet normal 0.007505647372454405 0.578840970993042 -0.8154059648513794
    outer loop
      vertex 21.762786865234375 32.10078811645508 47.052734375
      vertex 18.288679122924805 32.24593734741211 47.12379455566406
      vertex 18.94052505493164 33.517127990722656 48.032188415527344
    endloop
  endfacet
  facet normal 0.003381309099495411 0.5038192868232727 -0.863802433013916
    outer loop
      vertex 18.288679122924805 32.24593734741211 47.12379455566406
      vertex 21.762786865234375 32.10078811645508 47.052734375
      vertex 20.81447982788086 30.819538116455078 46.30172348022461
    endloop
  endfacet
  facet normal 0.0913497731089592 0.8039584755897522 -0.5876275300979614
    outer loop
      vertex 25.84151840209961 32.649864196777344 47.83170700073242
      vertex 22.373184204101562 33.23079299926758 48.08732986450195
      vertex 22.519433975219727 34.100746154785156 49.30028533935547
    endloop
  endfacet
  facet normal 0.07298776507377625 0.7479473948478699 -0.6597329378128052
    outer loop
      vertex 22.373184204101562 33.23079299926758 48.08732986450195
      vertex 18.94052505493164 33.517127990722656 48.032188415527344
      vertex 19.28352165222168 34.56108093261719 49.25367736816406
    endloop
  endfacet
  facet normal 0.1308019459247589 0.8716431260108948 -0.4723654091358185
    outer loop
      vertex 22.519433975219727 34.100746154785156 49.30028533935547
      vertex 19.28352165222168 34.56108093261719 49.25367736816406
      vertex 19.218645095825195 35.324493408203125 50.64441680908203
    endloop
  endfacet
  facet normal 0.1222032979130745 0.799477756023407 -0.5881340503692627
    outer loop
      vertex 19.28352165222168 34.56108093261719 49.25367736816406
      vertex 22.519433975219727 34.100746154785156 49.30028533935547
      vertex 22.373184204101562 33.23079299926758 48.08732986450195
    endloop
  endfacet
  facet normal 0.0666552484035492 0.6539568305015564 -0.7535897493362427
    outer loop
      vertex 18.94052505493164 33.517127990722656 48.032188415527344
      vertex 22.373184204101562 33.23079299926758 48.08732986450195
      vertex 21.762786865234375 32.10078811645508 47.052734375
    endloop
  endfacet
  facet normal 0.0672529861330986 0.7099805474281311 -0.7010025978088379
    outer loop
      vertex 22.373184204101562 33.23079299926758 48.08732986450195
      vertex 25.84151840209961 32.649864196777344 47.83170700073242
      vertex 25.41223907470703 31.639610290527344 46.767330169677734
    endloop
  endfacet
  facet normal -0.0026809489354491234 0.5108112096786499 -0.8596887588500977
    outer loop
      vertex 21.762786865234375 32.10078811645508 47.052734375
      vertex 25.41223907470703 31.639610290527344 46.767330169677734
      vertex 24.375713348388672 30.406238555908203 46.037715911865234
    endloop
  endfacet
  facet normal 0.026123858988285065 0.6673403382301331 -0.7442945837974548
    outer loop
      vertex 25.41223907470703 31.639610290527344 46.767330169677734
      vertex 21.762786865234375 32.10078811645508 47.052734375
      vertex 22.373184204101562 33.23079299926758 48.08732986450195
    endloop
  endfacet
  facet normal 0.9956226348876953 -0.02071540616452694 0.09114018827676773
    outer loop
      vertex 45.549598693847656 15.66201114654541 45.95121765136719
      vertex 45.58169174194336 17.751834869384766 46.07563018798828
      vertex 45.39179992675781 15.9086332321167 47.7310791015625
    endloop
  endfacet
  facet normal 0.944128692150116 0.26328834891319275 0.19824330508708954
    outer loop
      vertex 45.58169174194336 17.751834869384766 46.07563018798828
      vertex 44.782630920410156 20.326929092407227 46.46113586425781
      vertex 44.942142486572266 18.44119644165039 48.2059211730957
    endloop
  endfacet
  facet normal 0.8686242699623108 0.06205785647034645 0.4915696084499359
    outer loop
      vertex 45.39179992675781 15.9086332321167 47.7310791015625
      vertex 44.942142486572266 18.44119644165039 48.2059211730957
      vertex 43.961578369140625 16.36093521118164 50.20124053955078
    endloop
  endfacet
  facet normal 0.9607139229774475 0.12402220815420151 0.24828891456127167
    outer loop
      vertex 44.942142486572266 18.44119644165039 48.2059211730957
      vertex 45.39179992675781 15.9086332321167 47.7310791015625
      vertex 45.58169174194336 17.751834869384766 46.07563018798828
    endloop
  endfacet
  facet normal 0.8225576281547546 0.49491363763809204 0.28010648488998413
    outer loop
      vertex 44.782630920410156 20.326929092407227 46.46113586425781
      vertex 43.055660247802734 22.85663604736328 47.06285858154297
      vertex 43.520938873291016 21.101490020751953 48.79765319824219
    endloop
  endfacet
  facet normal 0.6826568841934204 0.6564642190933228 0.3209894895553589
    outer loop
      vertex 43.055660247802734 22.85663604736328 47.06285858154297
      vertex 40.59921646118164 25.07128143310547 47.7578125
      vertex 41.272743225097656 23.538108825683594 49.4609375
    endloop
  endfacet
  facet normal 0.6810278296470642 0.4771646559238434 0.5554413199424744
    outer loop
      vertex 43.520938873291016 21.101490020751953 48.79765319824219
      vertex 41.272743225097656 23.538108825683594 49.4609375
      vertex 40.99592590332031 21.635311126708984 51.43498611450195
    endloop
  endfacet
  facet normal 0.7290244102478027 0.569131076335907 0.3802805244922638
    outer loop
      vertex 41.272743225097656 23.538108825683594 49.4609375
      vertex 43.520938873291016 21.101490020751953 48.79765319824219
      vertex 43.055660247802734 22.85663604736328 47.06285858154297
    endloop
  endfacet
  facet normal 0.7372623682022095 0.13891898095607758 0.6611699461936951
    outer loop
      vertex 43.961578369140625 16.36093521118164 50.20124053955078
      vertex 42.916656494140625 19.047929763793945 50.80185317993164
      vertex 41.401371002197266 17.041412353515625 52.91312026977539
    endloop
  endfacet
  facet normal 0.662064254283905 0.3263961970806122 0.6746380925178528
    outer loop
      vertex 42.916656494140625 19.047929763793945 50.80185317993164
      vertex 40.99592590332031 21.635311126708984 51.43498611450195
      vertex 39.899024963378906 19.64604377746582 53.47386932373047
    endloop
  endfacet
  facet normal 0.6472435593605042 0.21593983471393585 0.7310580015182495
    outer loop
      vertex 41.401371002197266 17.041412353515625 52.91312026977539
      vertex 39.899024963378906 19.64604377746582 53.47386932373047
      vertex 38.19462966918945 17.841785430908203 55.51580047607422
    endloop
  endfacet
  facet normal 0.670065701007843 0.2348952293395996 0.7041563987731934
    outer loop
      vertex 39.899024963378906 19.64604377746582 53.47386932373047
      vertex 41.401371002197266 17.041412353515625 52.91312026977539
      vertex 42.916656494140625 19.047929763793945 50.80185317993164
    endloop
  endfacet
  facet normal 0.705889880657196 0.37732788920402527 0.5994523167610168
    outer loop
      vertex 40.99592590332031 21.635311126708984 51.43498611450195
      vertex 42.916656494140625 19.047929763793945 50.80185317993164
      vertex 43.520938873291016 21.101490020751953 48.79765319824219
    endloop
  endfacet
  facet normal 0.7954902052879333 0.18001699447631836 0.5786098837852478
    outer loop
      vertex 42.916656494140625 19.047929763793945 50.80185317993164
      vertex 43.961578369140625 16.36093521118164 50.20124053955078
      vertex 44.942142486572266 18.44119644165039 48.2059211730957
    endloop
  endfacet
  facet normal 0.859589159488678 0.384308785200119 0.3367688059806824
    outer loop
      vertex 43.520938873291016 21.101490020751953 48.79765319824219
      vertex 44.942142486572266 18.44119644165039 48.2059211730957
      vertex 44.782630920410156 20.326929092407227 46.46113586425781
    endloop
  endfacet
  facet normal 0.7850237488746643 0.2986656725406647 0.5427122712135315
    outer loop
      vertex 44.942142486572266 18.44119644165039 48.2059211730957
      vertex 43.520938873291016 21.101490020751953 48.79765319824219
      vertex 42.916656494140625 19.047929763793945 50.80185317993164
    endloop
  endfacet
  facet normal 0.5934035778045654 0.7338077425956726 0.33075428009033203
    outer loop
      vertex 40.59921646118164 25.07128143310547 47.7578125
      vertex 37.78363037109375 27.021177291870117 48.48321533203125
      vertex 38.45499801635742 25.722610473632812 50.159706115722656
    endloop
  endfacet
  facet normal 0.5521110892295837 0.7763868570327759 0.3039686679840088
    outer loop
      vertex 37.78363037109375 27.021177291870117 48.48321533203125
      vertex 34.90238952636719 28.795703887939453 49.18409729003906
      vertex 35.53528594970703 27.722972869873047 50.77447509765625
    endloop
  endfacet
  facet normal 0.561313271522522 0.6699645519256592 0.4858753979206085
    outer loop
      vertex 38.45499801635742 25.722610473632812 50.159706115722656
      vertex 35.53528594970703 27.722972869873047 50.77447509765625
      vertex 35.62946701049805 26.287405014038086 52.64514923095703
    endloop
  endfacet
  facet normal 0.5790942907333374 0.7402872443199158 0.34150341153144836
    outer loop
      vertex 35.53528594970703 27.722972869873047 50.77447509765625
      vertex 38.45499801635742 25.722610473632812 50.159706115722656
      vertex 37.78363037109375 27.021177291870117 48.48321533203125
    endloop
  endfacet
  facet normal 0.5328066349029541 0.7970993518829346 0.28416529297828674
    outer loop
      vertex 34.90238952636719 28.795703887939453 49.18409729003906
      vertex 32.04994201660156 30.442153930664062 49.91402053833008
      vertex 32.60694122314453 29.571962356567383 51.31058883666992
    endloop
  endfacet
  facet normal 0.49919795989990234 0.820548951625824 0.2783896327018738
    outer loop
      vertex 32.04994201660156 30.442153930664062 49.91402053833008
      vertex 29.657978057861328 31.663063049316406 50.604591369628906
      vertex 29.82662582397461 31.142589569091797 51.836265563964844
    endloop
  endfacet
  facet normal 0.5082308053970337 0.7717078328132629 0.3823198080062866
    outer loop
      vertex 32.60694122314453 29.571962356567383 51.31058883666992
      vertex 29.82662582397461 31.142589569091797 51.836265563964844
      vertex 29.947240829467773 30.255844116210938 53.46581268310547
    endloop
  endfacet
  facet normal 0.5115981698036194 0.80586177110672 0.2980838418006897
    outer loop
      vertex 29.82662582397461 31.142589569091797 51.836265563964844
      vertex 32.60694122314453 29.571962356567383 51.31058883666992
      vertex 32.04994201660156 30.442153930664062 49.91402053833008
    endloop
  endfacet
  facet normal 0.5501105189323425 0.6239752769470215 0.5550075173377991
    outer loop
      vertex 35.62946701049805 26.287405014038086 52.64514923095703
      vertex 32.743858337402344 28.418785095214844 53.10906219482422
      vertex 32.574684143066406 26.870574951171875 55.01734161376953
    endloop
  endfacet
  facet normal 0.5221403241157532 0.7003582715988159 0.4866907298564911
    outer loop
      vertex 32.743858337402344 28.418785095214844 53.10906219482422
      vertex 29.947240829467773 30.255844116210938 53.46581268310547
      vertex 29.837554931640625 29.024276733398438 55.35573959350586
    endloop
  endfacet
  facet normal 0.542350172996521 0.5962725877761841 0.5918744802474976
    outer loop
      vertex 32.574684143066406 26.870574951171875 55.01734161376953
      vertex 29.837554931640625 29.024276733398438 55.35573959350586
      vertex 29.479028701782227 27.436649322509766 57.28369140625
    endloop
  endfacet
  facet normal 0.5564820170402527 0.6203933358192444 0.5526662468910217
    outer loop
      vertex 29.837554931640625 29.024276733398438 55.35573959350586
      vertex 32.574684143066406 26.870574951171875 55.01734161376953
      vertex 32.743858337402344 28.418785095214844 53.10906219482422
    endloop
  endfacet
  facet normal 0.5338380932807922 0.7297099232673645 0.4272475242614746
    outer loop
      vertex 29.947240829467773 30.255844116210938 53.46581268310547
      vertex 32.743858337402344 28.418785095214844 53.10906219482422
      vertex 32.60694122314453 29.571962356567383 51.31058883666992
    endloop
  endfacet
  facet normal 0.5693119168281555 0.6658016443252563 0.482278048992157
    outer loop
      vertex 32.743858337402344 28.418785095214844 53.10906219482422
      vertex 35.62946701049805 26.287405014038086 52.64514923095703
      vertex 35.53528594970703 27.722972869873047 50.77447509765625
    endloop
  endfacet
  facet normal 0.5476577281951904 0.7783263921737671 0.3070491850376129
    outer loop
      vertex 32.60694122314453 29.571962356567383 51.31058883666992
      vertex 35.53528594970703 27.722972869873047 50.77447509765625
      vertex 34.90238952636719 28.795703887939453 49.18409729003906
    endloop
  endfacet
  facet normal 0.5375277400016785 0.7278574109077454 0.4257788062095642
    outer loop
      vertex 35.53528594970703 27.722972869873047 50.77447509765625
      vertex 32.60694122314453 29.571962356567383 51.31058883666992
      vertex 32.743858337402344 28.418785095214844 53.10906219482422
    endloop
  endfacet
  facet normal 0.5908284187316895 0.2848055958747864 0.7548560500144958
    outer loop
      vertex 38.19462966918945 17.841785430908203 55.51580047607422
      vertex 36.4556884765625 20.27228355407715 55.95985412597656
      vertex 34.874229431152344 18.630199432373047 57.817222595214844
    endloop
  endfacet
  facet normal 0.5738677382469177 0.3586544096469879 0.7362356185913086
    outer loop
      vertex 36.4556884765625 20.27228355407715 55.95985412597656
      vertex 34.34446716308594 22.70160675048828 56.422035217285156
      vertex 33.20166015625 20.94017791748047 58.17088317871094
    endloop
  endfacet
  facet normal 0.550500750541687 0.2780820429325104 0.7871590852737427
    outer loop
      vertex 34.874229431152344 18.630199432373047 57.817222595214844
      vertex 33.20166015625 20.94017791748047 58.17088317871094
      vertex 31.7202091217041 19.383575439453125 59.75684356689453
    endloop
  endfacet
  facet normal 0.577405571937561 0.30193912982940674 0.7585747241973877
    outer loop
      vertex 33.20166015625 20.94017791748047 58.17088317871094
      vertex 34.874229431152344 18.630199432373047 57.817222595214844
      vertex 36.4556884765625 20.27228355407715 55.95985412597656
    endloop
  endfacet
  facet normal 0.5574946999549866 0.4172205626964569 0.7177232503890991
    outer loop
      vertex 34.34446716308594 22.70160675048828 56.422035217285156
      vertex 32.04340744018555 25.06396484375 56.83612823486328
      vertex 31.233657836914062 23.232397079467773 58.529815673828125
    endloop
  endfacet
  facet normal 0.5567801594734192 0.4729527235031128 0.6828701496124268
    outer loop
      vertex 32.04340744018555 25.06396484375 56.83612823486328
      vertex 29.479028701782227 27.436649322509766 57.28369140625
      vertex 28.895395278930664 25.598068237304688 59.03295135498047
    endloop
  endfacet
  facet normal 0.5341060161590576 0.36581727862358093 0.7621735334396362
    outer loop
      vertex 31.233657836914062 23.232397079467773 58.529815673828125
      vertex 28.895395278930664 25.598068237304688 59.03295135498047
      vertex 28.13360023498535 23.691848754882812 60.481712341308594
    endloop
  endfacet
  facet normal 0.5678188800811768 0.40935301780700684 0.7141512036323547
    outer loop
      vertex 28.895395278930664 25.598068237304688 59.03295135498047
      vertex 31.233657836914062 23.232397079467773 58.529815673828125
      vertex 32.04340744018555 25.06396484375 56.83612823486328
    endloop
  endfacet
  facet normal 0.510118842124939 0.2449025958776474 0.8245008587837219
    outer loop
      vertex 31.7202091217041 19.383575439453125 59.75684356689453
      vertex 30.18427848815918 21.47726821899414 60.08523178100586
      vertex 28.873485565185547 19.99435043334961 61.336692810058594
    endloop
  endfacet
  facet normal 0.47631126642227173 0.29261329770088196 0.8291592001914978
    outer loop
      vertex 30.18427848815918 21.47726821899414 60.08523178100586
      vertex 28.13360023498535 23.691848754882812 60.481712341308594
      vertex 27.25897789001465 21.92059326171875 61.609222412109375
    endloop
  endfacet
  facet normal 0.4300387501716614 0.237198606133461 0.8710932731628418
    outer loop
      vertex 28.873485565185547 19.99435043334961 61.336692810058594
      vertex 27.25897789001465 21.92059326171875 61.609222412109375
      vertex 26.42598533630371 20.597808837890625 62.380645751953125
    endloop
  endfacet
  facet normal 0.4765525758266449 0.28159892559051514 0.8328264355659485
    outer loop
      vertex 27.25897789001465 21.92059326171875 61.609222412109375
      vertex 28.873485565185547 19.99435043334961 61.336692810058594
      vertex 30.18427848815918 21.47726821899414 60.08523178100586
    endloop
  endfacet
  facet normal 0.534889280796051 0.3583093583583832 0.7651848793029785
    outer loop
      vertex 28.13360023498535 23.691848754882812 60.481712341308594
      vertex 30.18427848815918 21.47726821899414 60.08523178100586
      vertex 31.233657836914062 23.232397079467773 58.529815673828125
    endloop
  endfacet
  facet normal 0.5493485927581787 0.2794904410839081 0.7874651551246643
    outer loop
      vertex 30.18427848815918 21.47726821899414 60.08523178100586
      vertex 31.7202091217041 19.383575439453125 59.75684356689453
      vertex 33.20166015625 20.94017791748047 58.17088317871094
    endloop
  endfacet
  facet normal 0.5637592077255249 0.3682548403739929 0.7392996549606323
    outer loop
      vertex 31.233657836914062 23.232397079467773 58.529815673828125
      vertex 33.20166015625 20.94017791748047 58.17088317871094
      vertex 34.34446716308594 22.70160675048828 56.422035217285156
    endloop
  endfacet
  facet normal 0.5455354452133179 0.3490642309188843 0.7619352340698242
    outer loop
      vertex 33.20166015625 20.94017791748047 58.17088317871094
      vertex 31.233657836914062 23.232397079467773 58.529815673828125
      vertex 30.18427848815918 21.47726821899414 60.08523178100586
    endloop
  endfacet
  facet normal 0.5708160996437073 0.49309152364730835 0.6565285921096802
    outer loop
      vertex 29.479028701782227 27.436649322509766 57.28369140625
      vertex 32.04340744018555 25.06396484375 56.83612823486328
      vertex 32.574684143066406 26.870574951171875 55.01734161376953
    endloop
  endfacet
  facet normal 0.5724272727966309 0.4358302652835846 0.6945350766181946
    outer loop
      vertex 32.04340744018555 25.06396484375 56.83612823486328
      vertex 34.34446716308594 22.70160675048828 56.422035217285156
      vertex 35.22967529296875 24.50931167602539 54.55809783935547
    endloop
  endfacet
  facet normal 0.5802116394042969 0.5325317978858948 0.616250216960907
    outer loop
      vertex 32.574684143066406 26.870574951171875 55.01734161376953
      vertex 35.22967529296875 24.50931167602539 54.55809783935547
      vertex 35.62946701049805 26.287405014038086 52.64514923095703
    endloop
  endfacet
  facet normal 0.5594594478607178 0.5005656480789185 0.6606354117393494
    outer loop
      vertex 35.22967529296875 24.50931167602539 54.55809783935547
      vertex 32.574684143066406 26.870574951171875 55.01734161376953
      vertex 32.04340744018555 25.06396484375 56.83612823486328
    endloop
  endfacet
  facet normal 0.5805835723876953 0.3662109375 0.7271948456764221
    outer loop
      vertex 34.34446716308594 22.70160675048828 56.422035217285156
      vertex 36.4556884765625 20.27228355407715 55.95985412597656
      vertex 37.69229507446289 22.11614227294922 54.04400634765625
    endloop
  endfacet
  facet normal 0.5944269895553589 0.2881288230419159 0.7507585883140564
    outer loop
      vertex 36.4556884765625 20.27228355407715 55.95985412597656
      vertex 38.19462966918945 17.841785430908203 55.51580047607422
      vertex 39.899024963378906 19.64604377746582 53.47386932373047
    endloop
  endfacet
  facet normal 0.606576144695282 0.3808188736438751 0.697884202003479
    outer loop
      vertex 37.69229507446289 22.11614227294922 54.04400634765625
      vertex 39.899024963378906 19.64604377746582 53.47386932373047
      vertex 40.99592590332031 21.635311126708984 51.43498611450195
    endloop
  endfacet
  facet normal 0.5884400606155396 0.3584129214286804 0.7247610092163086
    outer loop
      vertex 39.899024963378906 19.64604377746582 53.47386932373047
      vertex 37.69229507446289 22.11614227294922 54.04400634765625
      vertex 36.4556884765625 20.27228355407715 55.95985412597656
    endloop
  endfacet
  facet normal 0.5926714539527893 0.5999130606651306 0.5374429225921631
    outer loop
      vertex 35.62946701049805 26.287405014038086 52.64514923095703
      vertex 38.431884765625 24.018360137939453 52.08753967285156
      vertex 38.45499801635742 25.722610473632812 50.159706115722656
    endloop
  endfacet
  facet normal 0.6272703409194946 0.5149143934249878 0.5842902064323425
    outer loop
      vertex 38.431884765625 24.018360137939453 52.08753967285156
      vertex 40.99592590332031 21.635311126708984 51.43498611450195
      vertex 41.272743225097656 23.538108825683594 49.4609375
    endloop
  endfacet
  facet normal 0.624657928943634 0.6869434714317322 0.37136396765708923
    outer loop
      vertex 38.45499801635742 25.722610473632812 50.159706115722656
      vertex 41.272743225097656 23.538108825683594 49.4609375
      vertex 40.59921646118164 25.07128143310547 47.7578125
    endloop
  endfacet
  facet normal 0.5963398814201355 0.5978589057922363 0.5356709957122803
    outer loop
      vertex 41.272743225097656 23.538108825683594 49.4609375
      vertex 38.45499801635742 25.722610473632812 50.159706115722656
      vertex 38.431884765625 24.018360137939453 52.08753967285156
    endloop
  endfacet
  facet normal 0.5918577909469604 0.4545299708843231 0.6656627058982849
    outer loop
      vertex 40.99592590332031 21.635311126708984 51.43498611450195
      vertex 38.431884765625 24.018360137939453 52.08753967285156
      vertex 37.69229507446289 22.11614227294922 54.04400634765625
    endloop
  endfacet
  facet normal 0.5635436773300171 0.5430298447608948 0.6225247383117676
    outer loop
      vertex 38.431884765625 24.018360137939453 52.08753967285156
      vertex 35.62946701049805 26.287405014038086 52.64514923095703
      vertex 35.22967529296875 24.50931167602539 54.55809783935547
    endloop
  endfacet
  facet normal 0.5703244209289551 0.43753698468208313 0.6951916217803955
    outer loop
      vertex 37.69229507446289 22.11614227294922 54.04400634765625
      vertex 35.22967529296875 24.50931167602539 54.55809783935547
      vertex 34.34446716308594 22.70160675048828 56.422035217285156
    endloop
  endfacet
  facet normal 0.5856953859329224 0.4592185318470001 0.6678916811943054
    outer loop
      vertex 35.22967529296875 24.50931167602539 54.55809783935547
      vertex 37.69229507446289 22.11614227294922 54.04400634765625
      vertex 38.431884765625 24.018360137939453 52.08753967285156
    endloop
  endfacet
  facet normal 0.4021914303302765 0.8950610160827637 0.19263416528701782
    outer loop
      vertex 29.657978057861328 31.663063049316406 50.604591369628906
      vertex 27.771808624267578 32.522769927978516 50.548065185546875
      vertex 27.287395477294922 32.40876388549805 52.089168548583984
    endloop
  endfacet
  facet normal 0.37266793847084045 0.921154260635376 0.11222079396247864
    outer loop
      vertex 27.771808624267578 32.522769927978516 50.548065185546875
      vertex 25.200855255126953 33.552711486816406 50.631622314453125
      vertex 24.709659576416016 33.562583923339844 52.18177032470703
    endloop
  endfacet
  facet normal 0.4014701545238495 0.875278890132904 0.26964545249938965
    outer loop
      vertex 27.287395477294922 32.40876388549805 52.089168548583984
      vertex 24.709659576416016 33.562583923339844 52.18177032470703
      vertex 24.349870681762695 33.224212646484375 53.815818786621094
    endloop
  endfacet
  facet normal 0.40659299492836 0.8928068280220032 0.19385094940662384
    outer loop
      vertex 24.709659576416016 33.562583923339844 52.18177032470703
      vertex 27.287395477294922 32.40876388549805 52.089168548583984
      vertex 27.771808624267578 32.522769927978516 50.548065185546875
    endloop
  endfacet
  facet normal 0.32288849353790283 0.9464356303215027 -0.0016506031388416886
    outer loop
      vertex 25.200855255126953 33.552711486816406 50.631622314453125
      vertex 22.263216018676758 34.55507278442383 50.71670150756836
      vertex 21.85512351989746 34.696929931640625 52.225406646728516
    endloop
  endfacet
  facet normal 0.24544014036655426 0.9562308192253113 -0.15931671857833862
    outer loop
      vertex 22.263216018676758 34.55507278442383 50.71670150756836
      vertex 19.218645095825195 35.324493408203125 50.64441680908203
      vertex 18.895694732666016 35.656837463378906 52.141639709472656
    endloop
  endfacet
  facet normal 0.3048419654369354 0.9479057788848877 0.09244460612535477
    outer loop
      vertex 21.85512351989746 34.696929931640625 52.225406646728516
      vertex 18.895694732666016 35.656837463378906 52.141639709472656
      vertex 18.452802658081055 35.645503997802734 53.71831512451172
    endloop
  endfacet
  facet normal 0.3086783289909363 0.9511480331420898 -0.005937439389526844
    outer loop
      vertex 18.895694732666016 35.656837463378906 52.141639709472656
      vertex 21.85512351989746 34.696929931640625 52.225406646728516
      vertex 22.263216018676758 34.55507278442383 50.71670150756836
    endloop
  endfacet
  facet normal 0.37509873509407043 0.8614840507507324 0.3422662615776062
    outer loop
      vertex 24.349870681762695 33.224212646484375 53.815818786621094
      vertex 21.436769485473633 34.491790771484375 53.81787109375
      vertex 21.06635093688965 33.979209899902344 55.51398849487305
    endloop
  endfacet
  facet normal 0.33542874455451965 0.8933553099632263 0.29900479316711426
    outer loop
      vertex 21.436769485473633 34.491790771484375 53.81787109375
      vertex 18.452802658081055 35.645503997802734 53.71831512451172
      vertex 17.991405487060547 35.27062225341797 55.35597610473633
    endloop
  endfacet
  facet normal 0.3228704035282135 0.8254343271255493 0.46304744482040405
    outer loop
      vertex 21.06635093688965 33.979209899902344 55.51398849487305
      vertex 17.991405487060547 35.27062225341797 55.35597610473633
      vertex 17.525197982788086 34.49115753173828 57.070533752441406
    endloop
  endfacet
  facet normal 0.3492177724838257 0.8731300234794617 0.34013357758522034
    outer loop
      vertex 17.991405487060547 35.27062225341797 55.35597610473633
      vertex 21.06635093688965 33.979209899902344 55.51398849487305
      vertex 21.436769485473633 34.491790771484375 53.81787109375
    endloop
  endfacet
  facet normal 0.3465988039970398 0.9144665002822876 0.2088548243045807
    outer loop
      vertex 18.452802658081055 35.645503997802734 53.71831512451172
      vertex 21.436769485473633 34.491790771484375 53.81787109375
      vertex 21.85512351989746 34.696929931640625 52.225406646728516
    endloop
  endfacet
  facet normal 0.38459908962249756 0.8834380507469177 0.267620325088501
    outer loop
      vertex 21.436769485473633 34.491790771484375 53.81787109375
      vertex 24.349870681762695 33.224212646484375 53.815818786621094
      vertex 24.709659576416016 33.562583923339844 52.18177032470703
    endloop
  endfacet
  facet normal 0.36847984790802 0.9229993224143982 0.11088195443153381
    outer loop
      vertex 21.85512351989746 34.696929931640625 52.225406646728516
      vertex 24.709659576416016 33.562583923339844 52.18177032470703
      vertex 25.200855255126953 33.552711486816406 50.631622314453125
    endloop
  endfacet
  facet normal 0.36367133259773254 0.9069944620132446 0.2123773843050003
    outer loop
      vertex 24.709659576416016 33.562583923339844 52.18177032470703
      vertex 21.85512351989746 34.696929931640625 52.225406646728516
      vertex 21.436769485473633 34.491790771484375 53.81787109375
    endloop
  endfacet
  facet normal 0.13854435086250305 0.9373984932899475 -0.31951475143432617
    outer loop
      vertex 19.218645095825195 35.324493408203125 50.64441680908203
      vertex 16.273408889770508 35.66435241699219 50.36442184448242
      vertex 16.055564880371094 36.2010498046875 51.84453582763672
    endloop
  endfacet
  facet normal 0.02321762405335903 0.8972898721694946 -0.44083070755004883
    outer loop
      vertex 16.273408889770508 35.66435241699219 50.36442184448242
      vertex 13.524406433105469 35.543548583984375 49.97374725341797
      vertex 13.430152893066406 36.246219635009766 51.3990364074707
    endloop
  endfacet
  facet normal 0.04889674857258797 0.9808145761489868 -0.1887115240097046
    outer loop
      vertex 16.055564880371094 36.2010498046875 51.84453582763672
      vertex 13.430152893066406 36.246219635009766 51.3990364074707
      vertex 13.071418762207031 36.559574127197266 52.934722900390625
    endloop
  endfacet
  facet normal 0.07228440046310425 0.9410073161125183 -0.33057549595832825
    outer loop
      vertex 13.430152893066406 36.246219635009766 51.3990364074707
      vertex 16.055564880371094 36.2010498046875 51.84453582763672
      vertex 16.273408889770508 35.66435241699219 50.36442184448242
    endloop
  endfacet
  facet normal -0.0579419881105423 0.8622722625732422 -0.5031195282936096
    outer loop
      vertex 13.524406433105469 35.543548583984375 49.97374725341797
      vertex 11.002561569213867 35.138404846191406 49.569820404052734
      vertex 11.098785400390625 35.90678787231445 50.875633239746094
    endloop
  endfacet
  facet normal -0.1544055938720703 0.7847938537597656 -0.6002147197723389
    outer loop
      vertex 11.002561569213867 35.138404846191406 49.569820404052734
      vertex 9.090576171875 34.47393798828125 49.192874908447266
      vertex 9.230144500732422 35.335205078125 50.28309631347656
    endloop
  endfacet
  facet normal -0.15944431722164154 0.912299633026123 -0.3772096037864685
    outer loop
      vertex 11.098785400390625 35.90678787231445 50.875633239746094
      vertex 9.230144500732422 35.335205078125 50.28309631347656
      vertex 9.251531600952148 35.87408447265625 51.577362060546875
    endloop
  endfacet
  facet normal -0.10510126501321793 0.8604523539543152 -0.49857351183891296
    outer loop
      vertex 9.230144500732422 35.335205078125 50.28309631347656
      vertex 11.098785400390625 35.90678787231445 50.875633239746094
      vertex 11.002561569213867 35.138404846191406 49.569820404052734
    endloop
  endfacet
  facet normal -0.08503255993127823 0.9948366284370422 -0.055403899401426315
    outer loop
      vertex 13.071418762207031 36.559574127197266 52.934722900390625
      vertex 10.865089416503906 36.33650207519531 52.31544494628906
      vertex 10.424087524414062 36.38672637939453 53.89411544799805
    endloop
  endfacet
  facet normal -0.1995389312505722 0.9652864933013916 -0.16854186356067657
    outer loop
      vertex 10.865089416503906 36.33650207519531 52.31544494628906
      vertex 9.251531600952148 35.87408447265625 51.577362060546875
      vertex 8.945438385009766 36.06537628173828 53.03533172607422
    endloop
  endfacet
  facet normal -0.23185774683952332 0.9721032381057739 0.03545805811882019
    outer loop
      vertex 10.424087524414062 36.38672637939453 53.89411544799805
      vertex 8.945438385009766 36.06537628173828 53.03533172607422
      vertex 8.310985565185547 35.85791015625 54.574493408203125
    endloop
  endfacet
  facet normal -0.1681237369775772 0.9826570153236389 -0.0782279521226883
    outer loop
      vertex 8.945438385009766 36.06537628173828 53.03533172607422
      vertex 10.424087524414062 36.38672637939453 53.89411544799805
      vertex 10.865089416503906 36.33650207519531 52.31544494628906
    endloop
  endfacet
  facet normal -0.1318412870168686 0.9438016414642334 -0.3030783236026764
    outer loop
      vertex 9.251531600952148 35.87408447265625 51.577362060546875
      vertex 10.865089416503906 36.33650207519531 52.31544494628906
      vertex 11.098785400390625 35.90678787231445 50.875633239746094
    endloop
  endfacet
  facet normal -0.04019509255886078 0.9771377444267273 -0.20877298712730408
    outer loop
      vertex 10.865089416503906 36.33650207519531 52.31544494628906
      vertex 13.071418762207031 36.559574127197266 52.934722900390625
      vertex 13.430152893066406 36.246219635009766 51.3990364074707
    endloop
  endfacet
  facet normal -0.030812803655862808 0.8956881165504456 -0.44361406564712524
    outer loop
      vertex 11.098785400390625 35.90678787231445 50.875633239746094
      vertex 13.430152893066406 36.246219635009766 51.3990364074707
      vertex 13.524406433105469 35.543548583984375 49.97374725341797
    endloop
  endfacet
  facet normal -0.07222159951925278 0.9524583220481873 -0.29598507285118103
    outer loop
      vertex 13.430152893066406 36.246219635009766 51.3990364074707
      vertex 11.098785400390625 35.90678787231445 50.875633239746094
      vertex 10.865089416503906 36.33650207519531 52.31544494628906
    endloop
  endfacet
  facet normal 0.2087634801864624 0.7921567559242249 0.573502779006958
    outer loop
      vertex 17.525197982788086 34.49115753173828 57.070533752441406
      vertex 14.479009628295898 35.56439971923828 56.696964263916016
      vertex 13.875797271728516 34.49281311035156 58.39668273925781
    endloop
  endfacet
  facet normal 0.07365941256284714 0.865969181060791 0.4946429133415222
    outer loop
      vertex 14.479009628295898 35.56439971923828 56.696964263916016
      vertex 11.793474197387695 36.06201171875 56.225711822509766
      vertex 11.099340438842773 35.19776153564453 57.84211730957031
    endloop
  endfacet
  facet normal 0.06216689571738243 0.756759524345398 0.6507306694984436
    outer loop
      vertex 13.875797271728516 34.49281311035156 58.39668273925781
      vertex 11.099340438842773 35.19776153564453 57.84211730957031
      vertex 10.370231628417969 33.860321044921875 59.467132568359375
    endloop
  endfacet
  facet normal 0.09866677224636078 0.8256224393844604 0.5555290579795837
    outer loop
      vertex 11.099340438842773 35.19776153564453 57.84211730957031
      vertex 13.875797271728516 34.49281311035156 58.39668273925781
      vertex 14.479009628295898 35.56439971923828 56.696964263916016
    endloop
  endfacet
  facet normal -0.11195098608732224 0.9340111017227173 0.33924970030784607
    outer loop
      vertex 11.793474197387695 36.06201171875 56.225711822509766
      vertex 9.703422546386719 36.058223724365234 55.54643249511719
      vertex 8.929115295410156 35.377349853515625 57.16547393798828
    endloop
  endfacet
  facet normal -0.2708308696746826 0.9429447054862976 0.19366471469402313
    outer loop
      vertex 9.703422546386719 36.058223724365234 55.54643249511719
      vertex 8.310985565185547 35.85791015625 54.574493408203125
      vertex 7.602754592895508 35.3253059387207 56.17729187011719
    endloop
  endfacet
  facet normal -0.2942775785923004 0.8900677561759949 0.34810954332351685
    outer loop
      vertex 8.929115295410156 35.377349853515625 57.16547393798828
      vertex 7.602754592895508 35.3253059387207 56.17729187011719
      vertex 6.782175064086914 34.45002746582031 57.72157287597656
    endloop
  endfacet
  facet normal -0.24183368682861328 0.930356502532959 0.2755962908267975
    outer loop
      vertex 7.602754592895508 35.3253059387207 56.17729187011719
      vertex 8.929115295410156 35.377349853515625 57.16547393798828
      vertex 9.703422546386719 36.058223724365234 55.54643249511719
    endloop
  endfacet
  facet normal -0.08756092190742493 0.7202727794647217 0.6881425976753235
    outer loop
      vertex 10.370231628417969 33.860321044921875 59.467132568359375
      vertex 8.134735107421875 34.30699157714844 58.71515655517578
      vertex 7.381504058837891 32.79759979248047 60.199180603027344
    endloop
  endfacet
  facet normal -0.29009029269218445 0.8089296817779541 0.5113515257835388
    outer loop
      vertex 8.134735107421875 34.30699157714844 58.71515655517578
      vertex 6.782175064086914 34.45002746582031 57.72157287597656
      vertex 5.950876235961914 33.2578125 59.13599395751953
    endloop
  endfacet
  facet normal -0.276587575674057 0.6886510848999023 0.6702678203582764
    outer loop
      vertex 7.381504058837891 32.79759979248047 60.199180603027344
      vertex 5.950876235961914 33.2578125 59.13599395751953
      vertex 5.170221328735352 31.771549224853516 60.34088134765625
    endloop
  endfacet
  facet normal -0.23279576003551483 0.7384196519851685 0.6328843832015991
    outer loop
      vertex 5.950876235961914 33.2578125 59.13599395751953
      vertex 7.381504058837891 32.79759979248047 60.199180603027344
      vertex 8.134735107421875 34.30699157714844 58.71515655517578
    endloop
  endfacet
  facet normal -0.24854961037635803 0.8518887162208557 0.46098679304122925
    outer loop
      vertex 6.782175064086914 34.45002746582031 57.72157287597656
      vertex 8.134735107421875 34.30699157714844 58.71515655517578
      vertex 8.929115295410156 35.377349853515625 57.16547393798828
    endloop
  endfacet
  facet normal -0.05237828567624092 0.7824623584747314 0.6204910278320312
    outer loop
      vertex 8.134735107421875 34.30699157714844 58.71515655517578
      vertex 10.370231628417969 33.860321044921875 59.467132568359375
      vertex 11.099340438842773 35.19776153564453 57.84211730957031
    endloop
  endfacet
  facet normal -0.06600207090377808 0.8914477825164795 0.44829073548316956
    outer loop
      vertex 8.929115295410156 35.377349853515625 57.16547393798828
      vertex 11.099340438842773 35.19776153564453 57.84211730957031
      vertex 11.793474197387695 36.06201171875 56.225711822509766
    endloop
  endfacet
  facet normal -0.09619039297103882 0.8413737416267395 0.5318247675895691
    outer loop
      vertex 11.099340438842773 35.19776153564453 57.84211730957031
      vertex 8.929115295410156 35.377349853515625 57.16547393798828
      vertex 8.134735107421875 34.30699157714844 58.71515655517578
    endloop
  endfacet
  facet normal -0.2106640338897705 0.972283124923706 0.10142085701227188
    outer loop
      vertex 8.310985565185547 35.85791015625 54.574493408203125
      vertex 9.703422546386719 36.058223724365234 55.54643249511719
      vertex 10.424087524414062 36.38672637939453 53.89411544799805
    endloop
  endfacet
  facet normal -0.07921641319990158 0.9679455757141113 0.2383405715227127
    outer loop
      vertex 9.703422546386719 36.058223724365234 55.54643249511719
      vertex 11.793474197387695 36.06201171875 56.225711822509766
      vertex 12.496618270874023 36.52252197265625 54.589195251464844
    endloop
  endfacet
  facet normal -0.06527144461870193 0.9978674650192261 -0.00032936164643615484
    outer loop
      vertex 10.424087524414062 36.38672637939453 53.89411544799805
      vertex 12.496618270874023 36.52252197265625 54.589195251464844
      vertex 13.071418762207031 36.559574127197266 52.934722900390625
    endloop
  endfacet
  facet normal -0.11334289610385895 0.9827770590782166 0.1459542065858841
    outer loop
      vertex 12.496618270874023 36.52252197265625 54.589195251464844
      vertex 10.424087524414062 36.38672637939453 53.89411544799805
      vertex 9.703422546386719 36.058223724365234 55.54643249511719
    endloop
  endfacet
  facet normal 0.10142392665147781 0.9156765341758728 0.3889084458351135
    outer loop
      vertex 11.793474197387695 36.06201171875 56.225711822509766
      vertex 14.479009628295898 35.56439971923828 56.696964263916016
      vertex 15.06065559387207 36.190391540527344 55.07139205932617
    endloop
  endfacet
  facet normal 0.24555206298828125 0.8555794358253479 0.455728143453598
    outer loop
      vertex 14.479009628295898 35.56439971923828 56.696964263916016
      vertex 17.525197982788086 34.49115753173828 57.070533752441406
      vertex 17.991405487060547 35.27062225341797 55.35597610473633
    endloop
  endfacet
  facet normal 0.2617434561252594 0.9221490621566772 0.2848358452320099
    outer loop
      vertex 15.06065559387207 36.190391540527344 55.07139205932617
      vertex 17.991405487060547 35.27062225341797 55.35597610473633
      vertex 18.452802658081055 35.645503997802734 53.71831512451172
    endloop
  endfacet
  facet normal 0.23409493267536163 0.8762398362159729 0.42119279503822327
    outer loop
      vertex 17.991405487060547 35.27062225341797 55.35597610473633
      vertex 15.06065559387207 36.190391540527344 55.07139205932617
      vertex 14.479009628295898 35.56439971923828 56.696964263916016
    endloop
  endfacet
  facet normal 0.08558348566293716 0.9920749664306641 -0.0919928103685379
    outer loop
      vertex 13.071418762207031 36.559574127197266 52.934722900390625
      vertex 15.616411209106445 36.38590621948242 53.42951965332031
      vertex 16.055564880371094 36.2010498046875 51.84453582763672
    endloop
  endfacet
  facet normal 0.24462954699993134 0.9666597843170166 0.07566559314727783
    outer loop
      vertex 15.616411209106445 36.38590621948242 53.42951965332031
      vertex 18.452802658081055 35.645503997802734 53.71831512451172
      vertex 18.895694732666016 35.656837463378906 52.141639709472656
    endloop
  endfacet
  facet normal 0.20260104537010193 0.9643297791481018 -0.17035487294197083
    outer loop
      vertex 16.055564880371094 36.2010498046875 51.84453582763672
      vertex 18.895694732666016 35.656837463378906 52.141639709472656
      vertex 19.218645095825195 35.324493408203125 50.64441680908203
    endloop
  endfacet
  facet normal 0.19394449889659882 0.9791475534439087 -0.060461364686489105
    outer loop
      vertex 18.895694732666016 35.656837463378906 52.141639709472656
      vertex 16.055564880371094 36.2010498046875 51.84453582763672
      vertex 15.616411209106445 36.38590621948242 53.42951965332031
    endloop
  endfacet
  facet normal 0.229619100689888 0.9542832970619202 0.19135987758636475
    outer loop
      vertex 18.452802658081055 35.645503997802734 53.71831512451172
      vertex 15.616411209106445 36.38590621948242 53.42951965332031
      vertex 15.06065559387207 36.190391540527344 55.07139205932617
    endloop
  endfacet
  facet normal 0.05968058109283447 0.9972879886627197 0.0430687740445137
    outer loop
      vertex 15.616411209106445 36.38590621948242 53.42951965332031
      vertex 13.071418762207031 36.559574127197266 52.934722900390625
      vertex 12.496618270874023 36.52252197265625 54.589195251464844
    endloop
  endfacet
  facet normal 0.06751775741577148 0.9524770975112915 0.2970334589481354
    outer loop
      vertex 15.06065559387207 36.190391540527344 55.07139205932617
      vertex 12.496618270874023 36.52252197265625 54.589195251464844
      vertex 11.793474197387695 36.06201171875 56.225711822509766
    endloop
  endfacet
  facet normal 0.09907657653093338 0.9836076498031616 0.15066464245319366
    outer loop
      vertex 12.496618270874023 36.52252197265625 54.589195251464844
      vertex 15.06065559387207 36.190391540527344 55.07139205932617
      vertex 15.616411209106445 36.38590621948242 53.42951965332031
    endloop
  endfacet
  facet normal -0.1926695555448532 0.5293368697166443 0.8262451887130737
    outer loop
      vertex 5.170221328735352 31.771549224853516 60.34088134765625
      vertex 6.720630645751953 30.904205322265625 61.25808334350586
      vertex 7.381504058837891 32.79759979248047 60.199180603027344
    endloop
  endfacet
  facet normal -0.09235911071300507 0.5303539037704468 0.8427304029464722
    outer loop
      vertex 6.720630645751953 30.904205322265625 61.25808334350586
      vertex 9.172151565551758 29.866199493408203 62.18000411987305
      vertex 9.676759719848633 31.929088592529297 60.93707275390625
    endloop
  endfacet
  facet normal -0.02332439459860325 0.6107835173606873 0.7914541363716125
    outer loop
      vertex 7.381504058837891 32.79759979248047 60.199180603027344
      vertex 9.676759719848633 31.929088592529297 60.93707275390625
      vertex 10.370231628417969 33.860321044921875 59.467132568359375
    endloop
  endfacet
  facet normal -0.08317962288856506 0.5083797574043274 0.8571062684059143
    outer loop
      vertex 9.676759719848633 31.929088592529297 60.93707275390625
      vertex 7.381504058837891 32.79759979248047 60.199180603027344
      vertex 6.720630645751953 30.904205322265625 61.25808334350586
    endloop
  endfacet
  facet normal -0.02727225422859192 0.5311104655265808 0.8468635082244873
    outer loop
      vertex 9.172151565551758 29.866199493408203 62.18000411987305
      vertex 12.2095947265625 28.674177169799805 63.02539825439453
      vertex 12.618749618530273 30.80135726928711 61.70451354980469
    endloop
  endfacet
  facet normal 0.043721701949834824 0.5102055072784424 0.8589405417442322
    outer loop
      vertex 12.2095947265625 28.674177169799805 63.02539825439453
      vertex 15.362865447998047 27.372671127319336 63.637977600097656
      vertex 15.827644348144531 29.479934692382812 62.36261749267578
    endloop
  endfacet
  facet normal 0.09713385999202728 0.6225917339324951 0.7764950394630432
    outer loop
      vertex 12.618749618530273 30.80135726928711 61.70451354980469
      vertex 15.827644348144531 29.479934692382812 62.36261749267578
      vertex 16.404874801635742 31.513259887695312 60.66009521484375
    endloop
  endfacet
  facet normal 0.0399780236184597 0.5215433239936829 0.8522877097129822
    outer loop
      vertex 15.827644348144531 29.479934692382812 62.36261749267578
      vertex 12.618749618530273 30.80135726928711 61.70451354980469
      vertex 12.2095947265625 28.674177169799805 63.02539825439453
    endloop
  endfacet
  facet normal 0.09642548114061356 0.6860458254814148 0.7211402058601379
    outer loop
      vertex 10.370231628417969 33.860321044921875 59.467132568359375
      vertex 13.196229934692383 32.84370040893555 60.0564079284668
      vertex 13.875797271728516 34.49281311035156 58.39668273925781
    endloop
  endfacet
  facet normal 0.15626202523708344 0.6952154636383057 0.701610803604126
    outer loop
      vertex 13.196229934692383 32.84370040893555 60.0564079284668
      vertex 16.404874801635742 31.513259887695312 60.66009521484375
      vertex 16.993995666503906 33.23097610473633 58.82682800292969
    endloop
  endfacet
  facet normal 0.22270402312278748 0.758928656578064 0.6119070053100586
    outer loop
      vertex 13.875797271728516 34.49281311035156 58.39668273925781
      vertex 16.993995666503906 33.23097610473633 58.82682800292969
      vertex 17.525197982788086 34.49115753173828 57.070533752441406
    endloop
  endfacet
  facet normal 0.1681835949420929 0.6639771461486816 0.728593647480011
    outer loop
      vertex 16.993995666503906 33.23097610473633 58.82682800292969
      vertex 13.875797271728516 34.49281311035156 58.39668273925781
      vertex 13.196229934692383 32.84370040893555 60.0564079284668
    endloop
  endfacet
  facet normal 0.10331554710865021 0.6067801713943481 0.7881267070770264
    outer loop
      vertex 16.404874801635742 31.513259887695312 60.66009521484375
      vertex 13.196229934692383 32.84370040893555 60.0564079284668
      vertex 12.618749618530273 30.80135726928711 61.70451354980469
    endloop
  endfacet
  facet normal 0.046422120183706284 0.5943976640701294 0.8028303384780884
    outer loop
      vertex 13.196229934692383 32.84370040893555 60.0564079284668
      vertex 10.370231628417969 33.860321044921875 59.467132568359375
      vertex 9.676759719848633 31.929088592529297 60.93707275390625
    endloop
  endfacet
  facet normal -0.02333802357316017 0.5201234221458435 0.8537722826004028
    outer loop
      vertex 12.618749618530273 30.80135726928711 61.70451354980469
      vertex 9.676759719848633 31.929088592529297 60.93707275390625
      vertex 9.172151565551758 29.866199493408203 62.18000411987305
    endloop
  endfacet
  facet normal 0.03421846777200699 0.6217507123947144 0.7824673652648926
    outer loop
      vertex 9.676759719848633 31.929088592529297 60.93707275390625
      vertex 12.618749618530273 30.80135726928711 61.70451354980469
      vertex 13.196229934692383 32.84370040893555 60.0564079284668
    endloop
  endfacet
  facet normal 0.14556854963302612 0.40764063596725464 0.9014648795127869
    outer loop
      vertex 15.362865447998047 27.372671127319336 63.637977600097656
      vertex 18.45128059387207 25.87151336669922 63.81808090209961
      vertex 18.97735595703125 27.968355178833008 62.784942626953125
    endloop
  endfacet
  facet normal 0.27124515175819397 0.3009031414985657 0.9142665863037109
    outer loop
      vertex 18.45128059387207 25.87151336669922 63.81808090209961
      vertex 21.470233917236328 24.062541961669922 63.517784118652344
      vertex 22.02248764038086 26.102020263671875 62.682708740234375
    endloop
  endfacet
  facet normal 0.31164753437042236 0.4630358815193176 0.8297431468963623
    outer loop
      vertex 18.97735595703125 27.968355178833008 62.784942626953125
      vertex 22.02248764038086 26.102020263671875 62.682708740234375
      vertex 22.719648361206055 28.14273452758789 61.28204345703125
    endloop
  endfacet
  facet normal 0.2590138912200928 0.37382468581199646 0.8905991911888123
    outer loop
      vertex 22.02248764038086 26.102020263671875 62.682708740234375
      vertex 18.97735595703125 27.968355178833008 62.784942626953125
      vertex 18.45128059387207 25.87151336669922 63.81808090209961
    endloop
  endfacet
  facet normal 0.3576281666755676 0.23908722400665283 0.9027400016784668
    outer loop
      vertex 21.470233917236328 24.062541961669922 63.517784118652344
      vertex 24.272747039794922 22.144512176513672 62.91552734375
      vertex 24.87584114074707 24.00933074951172 62.182716369628906
    endloop
  endfacet
  facet normal 0.4033814072608948 0.25796470046043396 0.8779166340827942
    outer loop
      vertex 24.272747039794922 22.144512176513672 62.91552734375
      vertex 26.42598533630371 20.597808837890625 62.380645751953125
      vertex 27.25897789001465 21.92059326171875 61.609222412109375
    endloop
  endfacet
  facet normal 0.4642658829689026 0.3009946942329407 0.8329822421073914
    outer loop
      vertex 24.87584114074707 24.00933074951172 62.182716369628906
      vertex 27.25897789001465 21.92059326171875 61.609222412109375
      vertex 28.13360023498535 23.691848754882812 60.481712341308594
    endloop
  endfacet
  facet normal 0.40480926632881165 0.21804547309875488 0.8880234360694885
    outer loop
      vertex 27.25897789001465 21.92059326171875 61.609222412109375
      vertex 24.87584114074707 24.00933074951172 62.182716369628906
      vertex 24.272747039794922 22.144512176513672 62.91552734375
    endloop
  endfacet
  facet normal 0.442409485578537 0.477905809879303 0.758867621421814
    outer loop
      vertex 22.719648361206055 28.14273452758789 61.28204345703125
      vertex 25.590717315673828 25.975269317626953 60.973236083984375
      vertex 26.25086784362793 27.909008026123047 59.370582580566406
    endloop
  endfacet
  facet normal 0.49904200434684753 0.38906756043434143 0.77432781457901
    outer loop
      vertex 25.590717315673828 25.975269317626953 60.973236083984375
      vertex 28.13360023498535 23.691848754882812 60.481712341308594
      vertex 28.895395278930664 25.598068237304688 59.03295135498047
    endloop
  endfacet
  facet normal 0.5215692520141602 0.49536511301994324 0.6946790218353271
    outer loop
      vertex 26.25086784362793 27.909008026123047 59.370582580566406
      vertex 28.895395278930664 25.598068237304688 59.03295135498047
      vertex 29.479028701782227 27.436649322509766 57.28369140625
    endloop
  endfacet
  facet normal 0.4895774722099304 0.4512394368648529 0.7461212873458862
    outer loop
      vertex 28.895395278930664 25.598068237304688 59.03295135498047
      vertex 26.25086784362793 27.909008026123047 59.370582580566406
      vertex 25.590717315673828 25.975269317626953 60.973236083984375
    endloop
  endfacet
  facet normal 0.4613572657108307 0.337125688791275 0.8206679821014404
    outer loop
      vertex 28.13360023498535 23.691848754882812 60.481712341308594
      vertex 25.590717315673828 25.975269317626953 60.973236083984375
      vertex 24.87584114074707 24.00933074951172 62.182716369628906
    endloop
  endfacet
  facet normal 0.4042471945285797 0.4196886718273163 0.8126780390739441
    outer loop
      vertex 25.590717315673828 25.975269317626953 60.973236083984375
      vertex 22.719648361206055 28.14273452758789 61.28204345703125
      vertex 22.02248764038086 26.102020263671875 62.682708740234375
    endloop
  endfacet
  facet normal 0.3550504148006439 0.27028894424438477 0.8949207663536072
    outer loop
      vertex 24.87584114074707 24.00933074951172 62.182716369628906
      vertex 22.02248764038086 26.102020263671875 62.682708740234375
      vertex 21.470233917236328 24.062541961669922 63.517784118652344
    endloop
  endfacet
  facet normal 0.41296425461769104 0.363561749458313 0.8350350260734558
    outer loop
      vertex 22.02248764038086 26.102020263671875 62.682708740234375
      vertex 24.87584114074707 24.00933074951172 62.182716369628906
      vertex 25.590717315673828 25.975269317626953 60.973236083984375
    endloop
  endfacet
  facet normal 0.3218664824962616 0.8274765610694885 0.46009188890457153
    outer loop
      vertex 17.525197982788086 34.49115753173828 57.070533752441406
      vertex 20.71550178527832 33.09771728515625 57.34479904174805
      vertex 21.06635093688965 33.979209899902344 55.51398849487305
    endloop
  endfacet
  facet normal 0.36689573526382446 0.7992026209831238 0.4760911166667938
    outer loop
      vertex 20.71550178527832 33.09771728515625 57.34479904174805
      vertex 23.82855987548828 31.556013107299805 57.53376770019531
      vertex 24.087995529174805 32.59098434448242 55.59645462036133
    endloop
  endfacet
  facet normal 0.38153403997421265 0.8517833948135376 0.3590221107006073
    outer loop
      vertex 21.06635093688965 33.979209899902344 55.51398849487305
      vertex 24.087995529174805 32.59098434448242 55.59645462036133
      vertex 24.349870681762695 33.224212646484375 53.815818786621094
    endloop
  endfacet
  facet normal 0.36032938957214355 0.8116170167922974 0.4598267376422882
    outer loop
      vertex 24.087995529174805 32.59098434448242 55.59645462036133
      vertex 21.06635093688965 33.979209899902344 55.51398849487305
      vertex 20.71550178527832 33.09771728515625 57.34479904174805
    endloop
  endfacet
  facet normal 0.4612657427787781 0.7052630186080933 0.5383660793304443
    outer loop
      vertex 23.82855987548828 31.556013107299805 57.53376770019531
      vertex 26.73960304260254 29.65139389038086 57.53468322753906
      vertex 27.00836181640625 30.989578247070312 55.55138397216797
    endloop
  endfacet
  facet normal 0.5383490324020386 0.5986706614494324 0.5931051969528198
    outer loop
      vertex 26.73960304260254 29.65139389038086 57.53468322753906
      vertex 29.479028701782227 27.436649322509766 57.28369140625
      vertex 29.837554931640625 29.024276733398438 55.35573959350586
    endloop
  endfacet
  facet normal 0.5207212567329407 0.7011244893074036 0.48710763454437256
    outer loop
      vertex 27.00836181640625 30.989578247070312 55.55138397216797
      vertex 29.837554931640625 29.024276733398438 55.35573959350586
      vertex 29.947240829467773 30.255844116210938 53.46581268310547
    endloop
  endfacet
  facet normal 0.50888991355896 0.6800413131713867 0.5278019905090332
    outer loop
      vertex 29.837554931640625 29.024276733398438 55.35573959350586
      vertex 27.00836181640625 30.989578247070312 55.55138397216797
      vertex 26.73960304260254 29.65139389038086 57.53468322753906
    endloop
  endfacet
  facet normal 0.4134962558746338 0.860709011554718 0.29698628187179565
    outer loop
      vertex 24.349870681762695 33.224212646484375 53.815818786621094
      vertex 27.12229347229004 31.924930572509766 53.72126007080078
      vertex 27.287395477294922 32.40876388549805 52.089168548583984
    endloop
  endfacet
  facet normal 0.49475985765457153 0.7781822085380554 0.38684001564979553
    outer loop
      vertex 27.12229347229004 31.924930572509766 53.72126007080078
      vertex 29.947240829467773 30.255844116210938 53.46581268310547
      vertex 29.82662582397461 31.142589569091797 51.836265563964844
    endloop
  endfacet
  facet normal 0.44977128505706787 0.8431248068809509 0.2946974039077759
    outer loop
      vertex 27.287395477294922 32.40876388549805 52.089168548583984
      vertex 29.82662582397461 31.142589569091797 51.836265563964844
      vertex 29.657978057861328 31.663063049316406 50.604591369628906
    endloop
  endfacet
  facet normal 0.44973108172416687 0.8429089188575745 0.29537495970726013
    outer loop
      vertex 29.82662582397461 31.142589569091797 51.836265563964844
      vertex 27.287395477294922 32.40876388549805 52.089168548583984
      vertex 27.12229347229004 31.924930572509766 53.72126007080078
    endloop
  endfacet
  facet normal 0.48935097455978394 0.763823390007019 0.4208439290523529
    outer loop
      vertex 29.947240829467773 30.255844116210938 53.46581268310547
      vertex 27.12229347229004 31.924930572509766 53.72126007080078
      vertex 27.00836181640625 30.989578247070312 55.55138397216797
    endloop
  endfacet
  facet normal 0.40612921118736267 0.8405030369758606 0.3586277663707733
    outer loop
      vertex 27.12229347229004 31.924930572509766 53.72126007080078
      vertex 24.349870681762695 33.224212646484375 53.815818786621094
      vertex 24.087995529174805 32.59098434448242 55.59645462036133
    endloop
  endfacet
  facet normal 0.43007752299308777 0.7710859775543213 0.4695313572883606
    outer loop
      vertex 27.00836181640625 30.989578247070312 55.55138397216797
      vertex 24.087995529174805 32.59098434448242 55.59645462036133
      vertex 23.82855987548828 31.556013107299805 57.53376770019531
    endloop
  endfacet
  facet normal 0.43909841775894165 0.7886381149291992 0.43039801716804504
    outer loop
      vertex 24.087995529174805 32.59098434448242 55.59645462036133
      vertex 27.00836181640625 30.989578247070312 55.55138397216797
      vertex 27.12229347229004 31.924930572509766 53.72126007080078
    endloop
  endfacet
  facet normal 0.5078175067901611 0.5532915592193604 0.660295307636261
    outer loop
      vertex 29.479028701782227 27.436649322509766 57.28369140625
      vertex 26.73960304260254 29.65139389038086 57.53468322753906
      vertex 26.25086784362793 27.909008026123047 59.370582580566406
    endloop
  endfacet
  facet normal 0.4322775602340698 0.6609931588172913 0.6133711338043213
    outer loop
      vertex 26.73960304260254 29.65139389038086 57.53468322753906
      vertex 23.82855987548828 31.556013107299805 57.53376770019531
      vertex 23.397201538085938 30.014925003051758 59.49850845336914
    endloop
  endfacet
  facet normal 0.4288063645362854 0.5369298458099365 0.7265201210975647
    outer loop
      vertex 26.25086784362793 27.909008026123047 59.370582580566406
      vertex 23.397201538085938 30.014925003051758 59.49850845336914
      vertex 22.719648361206055 28.14273452758789 61.28204345703125
    endloop
  endfacet
  facet normal 0.45851629972457886 0.5804436206817627 0.6729398369789124
    outer loop
      vertex 23.397201538085938 30.014925003051758 59.49850845336914
      vertex 26.25086784362793 27.909008026123047 59.370582580566406
      vertex 26.73960304260254 29.65139389038086 57.53468322753906
    endloop
  endfacet
  facet normal 0.32849985361099243 0.7358890175819397 0.5920770764350891
    outer loop
      vertex 23.82855987548828 31.556013107299805 57.53376770019531
      vertex 20.71550178527832 33.09771728515625 57.34479904174805
      vertex 20.29657745361328 31.744529724121094 59.259098052978516
    endloop
  endfacet
  facet normal 0.2710336148738861 0.7413727641105652 0.6139277815818787
    outer loop
      vertex 20.71550178527832 33.09771728515625 57.34479904174805
      vertex 17.525197982788086 34.49115753173828 57.070533752441406
      vertex 16.993995666503906 33.23097610473633 58.82682800292969
    endloop
  endfacet
  facet normal 0.2130156010389328 0.6778956651687622 0.7036204934120178
    outer loop
      vertex 20.29657745361328 31.744529724121094 59.259098052978516
      vertex 16.993995666503906 33.23097610473633 58.82682800292969
      vertex 16.404874801635742 31.513259887695312 60.66009521484375
    endloop
  endfacet
  facet normal 0.2639869451522827 0.7594419717788696 0.5946082472801208
    outer loop
      vertex 16.993995666503906 33.23097610473633 58.82682800292969
      vertex 20.29657745361328 31.744529724121094 59.259098052978516
      vertex 20.71550178527832 33.09771728515625 57.34479904174805
    endloop
  endfacet
  facet normal 0.293518602848053 0.5340827107429504 0.7928445339202881
    outer loop
      vertex 22.719648361206055 28.14273452758789 61.28204345703125
      vertex 19.66619110107422 29.99176788330078 61.166900634765625
      vertex 18.97735595703125 27.968355178833008 62.784942626953125
    endloop
  endfacet
  facet normal 0.16175928711891174 0.6061285734176636 0.7787439823150635
    outer loop
      vertex 19.66619110107422 29.99176788330078 61.166900634765625
      vertex 16.404874801635742 31.513259887695312 60.66009521484375
      vertex 15.827644348144531 29.479934692382812 62.36261749267578
    endloop
  endfacet
  facet normal 0.12172070145606995 0.49413931369781494 0.8608196377754211
    outer loop
      vertex 18.97735595703125 27.968355178833008 62.784942626953125
      vertex 15.827644348144531 29.479934692382812 62.36261749267578
      vertex 15.362865447998047 27.372671127319336 63.637977600097656
    endloop
  endfacet
  facet normal 0.17106564342975616 0.5791494846343994 0.7970712184906006
    outer loop
      vertex 15.827644348144531 29.479934692382812 62.36261749267578
      vertex 18.97735595703125 27.968355178833008 62.784942626953125
      vertex 19.66619110107422 29.99176788330078 61.166900634765625
    endloop
  endfacet
  facet normal 0.21069256961345673 0.6841902136802673 0.6982066035270691
    outer loop
      vertex 16.404874801635742 31.513259887695312 60.66009521484375
      vertex 19.66619110107422 29.99176788330078 61.166900634765625
      vertex 20.29657745361328 31.744529724121094 59.259098052978516
    endloop
  endfacet
  facet normal 0.3274763822555542 0.5868991017341614 0.7404786348342896
    outer loop
      vertex 19.66619110107422 29.99176788330078 61.166900634765625
      vertex 22.719648361206055 28.14273452758789 61.28204345703125
      vertex 23.397201538085938 30.014925003051758 59.49850845336914
    endloop
  endfacet
  facet normal 0.3428304195404053 0.7011257410049438 0.6252119541168213
    outer loop
      vertex 20.29657745361328 31.744529724121094 59.259098052978516
      vertex 23.397201538085938 30.014925003051758 59.49850845336914
      vertex 23.82855987548828 31.556013107299805 57.53376770019531
    endloop
  endfacet
  facet normal 0.3075979948043823 0.6478843688964844 0.6968711614608765
    outer loop
      vertex 23.397201538085938 30.014925003051758 59.49850845336914
      vertex 20.29657745361328 31.744529724121094 59.259098052978516
      vertex 19.66619110107422 29.99176788330078 61.166900634765625
    endloop
  endfacet
  facet normal 0.9387029409408569 -0.32024338841438293 0.1275971531867981
    outer loop
      vertex 45.549598693847656 15.66201114654541 45.95121765136719
      vertex 45.39179992675781 15.9086332321167 47.7310791015625
      vertex 44.78429412841797 13.897953033447266 47.153953552246094
    endloop
  endfacet
  facet normal 0.848804235458374 -0.12352394312620163 0.5140750408172607
    outer loop
      vertex 45.39179992675781 15.9086332321167 47.7310791015625
      vertex 43.961578369140625 16.36093521118164 50.20124053955078
      vertex 43.9944953918457 13.935933113098145 49.56420135498047
    endloop
  endfacet
  facet normal 0.7580045461654663 -0.5991281867027283 0.257826566696167
    outer loop
      vertex 44.78429412841797 13.897953033447266 47.153953552246094
      vertex 43.9944953918457 13.935933113098145 49.56420135498047
      vertex 42.82030487060547 12.153852462768555 48.875160217285156
    endloop
  endfacet
  facet normal 0.8873825073242188 -0.3531734049320221 0.29634591937065125
    outer loop
      vertex 43.9944953918457 13.935933113098145 49.56420135498047
      vertex 44.78429412841797 13.897953033447266 47.153953552246094
      vertex 45.39179992675781 15.9086332321167 47.7310791015625
    endloop
  endfacet
  facet normal 0.7297125458717346 0.021909335628151894 0.683402955532074
    outer loop
      vertex 43.961578369140625 16.36093521118164 50.20124053955078
      vertex 41.401371002197266 17.041412353515625 52.91312026977539
      vertex 42.06694030761719 14.440189361572266 52.28584289550781
    endloop
  endfacet
  facet normal 0.6431258320808411 0.1146751344203949 0.7571254372596741
    outer loop
      vertex 41.401371002197266 17.041412353515625 52.91312026977539
      vertex 38.19462966918945 17.841785430908203 55.51580047607422
      vertex 39.25775909423828 15.34317398071289 54.991188049316406
    endloop
  endfacet
  facet normal 0.6608509421348572 -0.14830870926380157 0.7357177734375
    outer loop
      vertex 42.06694030761719 14.440189361572266 52.28584289550781
      vertex 39.25775909423828 15.34317398071289 54.991188049316406
      vertex 39.504722595214844 12.954859733581543 54.28791046142578
    endloop
  endfacet
  facet normal 0.694351315498352 0.004126846790313721 0.7196243405342102
    outer loop
      vertex 39.25775909423828 15.34317398071289 54.991188049316406
      vertex 42.06694030761719 14.440189361572266 52.28584289550781
      vertex 41.401371002197266 17.041412353515625 52.91312026977539
    endloop
  endfacet
  facet normal 0.5507984161376953 -0.7945994138717651 0.2554074823856354
    outer loop
      vertex 42.82030487060547 12.153852462768555 48.875160217285156
      vertex 41.706993103027344 12.24176025390625 51.549560546875
      vertex 40.06501388549805 10.833479881286621 50.709259033203125
    endloop
  endfacet
  facet normal 0.5890762805938721 -0.5284190773963928 0.6113611459732056
    outer loop
      vertex 41.706993103027344 12.24176025390625 51.549560546875
      vertex 39.504722595214844 12.954859733581543 54.28791046142578
      vertex 38.741798400878906 11.088861465454102 53.41018295288086
    endloop
  endfacet
  facet normal 0.3879760801792145 -0.8802164196968079 0.2733016610145569
    outer loop
      vertex 40.06501388549805 10.833479881286621 50.709259033203125
      vertex 38.741798400878906 11.088861465454102 53.41018295288086
      vertex 36.848060607910156 9.946910858154297 52.420658111572266
    endloop
  endfacet
  facet normal 0.5134620666503906 -0.7935366034507751 0.3265829086303711
    outer loop
      vertex 38.741798400878906 11.088861465454102 53.41018295288086
      vertex 40.06501388549805 10.833479881286621 50.709259033203125
      vertex 41.706993103027344 12.24176025390625 51.549560546875
    endloop
  endfacet
  facet normal 0.6923941969871521 -0.32851138710975647 0.6423943638801575
    outer loop
      vertex 39.504722595214844 12.954859733581543 54.28791046142578
      vertex 41.706993103027344 12.24176025390625 51.549560546875
      vertex 42.06694030761719 14.440189361572266 52.28584289550781
    endloop
  endfacet
  facet normal 0.7281015515327454 -0.604613721370697 0.3229712247848511
    outer loop
      vertex 41.706993103027344 12.24176025390625 51.549560546875
      vertex 42.82030487060547 12.153852462768555 48.875160217285156
      vertex 43.9944953918457 13.935933113098145 49.56420135498047
    endloop
  endfacet
  facet normal 0.79475998878479 -0.1440901756286621 0.5895714163780212
    outer loop
      vertex 42.06694030761719 14.440189361572266 52.28584289550781
      vertex 43.9944953918457 13.935933113098145 49.56420135498047
      vertex 43.961578369140625 16.36093521118164 50.20124053955078
    endloop
  endfacet
  facet normal 0.7447857856750488 -0.3183582127094269 0.5864658355712891
    outer loop
      vertex 43.9944953918457 13.935933113098145 49.56420135498047
      vertex 42.06694030761719 14.440189361572266 52.28584289550781
      vertex 41.706993103027344 12.24176025390625 51.549560546875
    endloop
  endfacet
  facet normal 0.5881356596946716 0.16696619987487793 0.7913398742675781
    outer loop
      vertex 38.19462966918945 17.841785430908203 55.51580047607422
      vertex 34.874229431152344 18.630199432373047 57.817222595214844
      vertex 36.011619567871094 16.38191795349121 57.446266174316406
    endloop
  endfacet
  facet normal 0.546265721321106 0.18195198476314545 0.8176106810569763
    outer loop
      vertex 34.874229431152344 18.630199432373047 57.817222595214844
      vertex 31.7202091217041 19.383575439453125 59.75684356689453
      vertex 32.81031799316406 17.31646156311035 59.48853302001953
    endloop
  endfacet
  facet normal 0.5411133170127869 0.01620245911180973 0.8407936096191406
    outer loop
      vertex 36.011619567871094 16.38191795349121 57.446266174316406
      vertex 32.81031799316406 17.31646156311035 59.48853302001953
      vertex 33.4730224609375 15.179067611694336 59.10322189331055
    endloop
  endfacet
  facet normal 0.5625481605529785 0.150454580783844 0.8129593729972839
    outer loop
      vertex 32.81031799316406 17.31646156311035 59.48853302001953
      vertex 36.011619567871094 16.38191795349121 57.446266174316406
      vertex 34.874229431152344 18.630199432373047 57.817222595214844
    endloop
  endfacet
  facet normal 0.5061500668525696 0.17427730560302734 0.8446534872055054
    outer loop
      vertex 31.7202091217041 19.383575439453125 59.75684356689453
      vertex 28.873485565185547 19.99435043334961 61.336692810058594
      vertex 29.824480056762695 18.122350692749023 61.15306854248047
    endloop
  endfacet
  facet normal 0.41844114661216736 0.14645378291606903 0.8963584303855896
    outer loop
      vertex 28.873485565185547 19.99435043334961 61.336692810058594
      vertex 26.42598533630371 20.597808837890625 62.380645751953125
      vertex 26.976865768432617 19.037282943725586 62.37845230102539
    endloop
  endfacet
  facet normal 0.39099934697151184 -0.015580792911350727 0.9202591776847839
    outer loop
      vertex 29.824480056762695 18.122350692749023 61.15306854248047
      vertex 26.976865768432617 19.037282943725586 62.37845230102539
      vertex 27.405153274536133 17.24911117553711 62.16620635986328
    endloop
  endfacet
  facet normal 0.42663994431495667 0.12892872095108032 0.8951847553253174
    outer loop
      vertex 26.976865768432617 19.037282943725586 62.37845230102539
      vertex 29.824480056762695 18.122350692749023 61.15306854248047
      vertex 28.873485565185547 19.99435043334961 61.336692810058594
    endloop
  endfacet
  facet normal 0.4301893413066864 -0.1822316199541092 0.8841543793678284
    outer loop
      vertex 33.4730224609375 15.179067611694336 59.10322189331055
      vertex 30.426584243774414 16.207233428955078 60.797393798828125
      vertex 30.66376304626465 14.172431945800781 60.262603759765625
    endloop
  endfacet
  facet normal 0.34506353735923767 -0.20318076014518738 0.9163235425949097
    outer loop
      vertex 30.426584243774414 16.207233428955078 60.797393798828125
      vertex 27.405153274536133 17.24911117553711 62.16620635986328
      vertex 27.573213577270508 15.384010314941406 61.689361572265625
    endloop
  endfacet
  facet normal 0.2758529484272003 -0.35037386417388916 0.8950660824775696
    outer loop
      vertex 30.66376304626465 14.172431945800781 60.262603759765625
      vertex 27.573213577270508 15.384010314941406 61.689361572265625
      vertex 27.47589111328125 13.457233428955078 60.965118408203125
    endloop
  endfacet
  facet normal 0.34460416436195374 -0.20084308087825775 0.9170114994049072
    outer loop
      vertex 27.573213577270508 15.384010314941406 61.689361572265625
      vertex 30.66376304626465 14.172431945800781 60.262603759765625
      vertex 30.426584243774414 16.207233428955078 60.797393798828125
    endloop
  endfacet
  facet normal 0.3994944393634796 -0.044456176459789276 0.9156570434570312
    outer loop
      vertex 27.405153274536133 17.24911117553711 62.16620635986328
      vertex 30.426584243774414 16.207233428955078 60.797393798828125
      vertex 29.824480056762695 18.122350692749023 61.15306854248047
    endloop
  endfacet
  facet normal 0.4840247631072998 -0.00766817107796669 0.8750208020210266
    outer loop
      vertex 30.426584243774414 16.207233428955078 60.797393798828125
      vertex 33.4730224609375 15.179067611694336 59.10322189331055
      vertex 32.81031799316406 17.31646156311035 59.48853302001953
    endloop
  endfacet
  facet normal 0.5134115815162659 0.1613517552614212 0.8428369760513306
    outer loop
      vertex 29.824480056762695 18.122350692749023 61.15306854248047
      vertex 32.81031799316406 17.31646156311035 59.48853302001953
      vertex 31.7202091217041 19.383575439453125 59.75684356689453
    endloop
  endfacet
  facet normal 0.4848425090312958 -0.009987706318497658 0.8745444416999817
    outer loop
      vertex 32.81031799316406 17.31646156311035 59.48853302001953
      vertex 29.824480056762695 18.122350692749023 61.15306854248047
      vertex 30.426584243774414 16.207233428955078 60.797393798828125
    endloop
  endfacet
  facet normal 0.30390802025794983 -0.9094403982162476 0.28382760286331177
    outer loop
      vertex 36.848060607910156 9.946910858154297 52.420658111572266
      vertex 35.43726348876953 10.277325630187988 54.98998260498047
      vertex 33.487335205078125 9.274968147277832 53.866111755371094
    endloop
  endfacet
  facet normal 0.33532610535621643 -0.7510313987731934 0.5687779784202576
    outer loop
      vertex 35.43726348876953 10.277325630187988 54.98998260498047
      vertex 33.222373962402344 11.073143005371094 57.34660339355469
      vertex 32.03016662597656 9.656508445739746 56.17890930175781
    endloop
  endfacet
  facet normal 0.2505737841129303 -0.9173874258995056 0.30921363830566406
    outer loop
      vertex 33.487335205078125 9.274968147277832 53.866111755371094
      vertex 32.03016662597656 9.656508445739746 56.17890930175781
      vertex 30.152374267578125 8.732270240783691 54.958526611328125
    endloop
  endfacet
  facet normal 0.2779157757759094 -0.9042196273803711 0.32426804304122925
    outer loop
      vertex 32.03016662597656 9.656508445739746 56.17890930175781
      vertex 33.487335205078125 9.274968147277832 53.866111755371094
      vertex 35.43726348876953 10.277325630187988 54.98998260498047
    endloop
  endfacet
  facet normal 0.3001444339752197 -0.614535927772522 0.7295607328414917
    outer loop
      vertex 33.222373962402344 11.073143005371094 57.34660339355469
      vertex 30.473947525024414 12.147642135620117 59.382408142089844
      vertex 29.782325744628906 10.473499298095703 58.256752014160156
    endloop
  endfacet
  facet normal 0.23027242720127106 -0.48937588930130005 0.8411217927932739
    outer loop
      vertex 30.473947525024414 12.147642135620117 59.382408142089844
      vertex 27.47589111328125 13.457233428955078 60.965118408203125
      vertex 27.104692459106445 11.599727630615234 59.986019134521484
    endloop
  endfacet
  facet normal 0.19437292218208313 -0.6567062735557556 0.7286673784255981
    outer loop
      vertex 29.782325744628906 10.473499298095703 58.256752014160156
      vertex 27.104692459106445 11.599727630615234 59.986019134521484
      vertex 26.398345947265625 10.041893005371094 58.770450592041016
    endloop
  endfacet
  facet normal 0.23473773896694183 -0.6073072552680969 0.7589967846870422
    outer loop
      vertex 27.104692459106445 11.599727630615234 59.986019134521484
      vertex 29.782325744628906 10.473499298095703 58.256752014160156
      vertex 30.473947525024414 12.147642135620117 59.382408142089844
    endloop
  endfacet
  facet normal 0.1831342726945877 -0.9232715368270874 0.33768558502197266
    outer loop
      vertex 30.152374267578125 8.732270240783691 54.958526611328125
      vertex 28.608558654785156 9.16552448272705 56.98033905029297
      vertex 26.94451141357422 8.381031036376953 55.737892150878906
    endloop
  endfacet
  facet normal 0.16954000294208527 -0.7862223386764526 0.594231128692627
    outer loop
      vertex 28.608558654785156 9.16552448272705 56.98033905029297
      vertex 26.398345947265625 10.041893005371094 58.770450592041016
      vertex 25.396329879760742 8.82479190826416 57.44599914550781
    endloop
  endfacet
  facet normal 0.16559529304504395 -0.9075677990913391 0.38587430119514465
    outer loop
      vertex 26.94451141357422 8.381031036376953 55.737892150878906
      vertex 25.396329879760742 8.82479190826416 57.44599914550781
      vertex 24.402204513549805 8.135416030883789 56.251224517822266
    endloop
  endfacet
  facet normal 0.15135599672794342 -0.9146627187728882 0.37481147050857544
    outer loop
      vertex 25.396329879760742 8.82479190826416 57.44599914550781
      vertex 26.94451141357422 8.381031036376953 55.737892150878906
      vertex 28.608558654785156 9.16552448272705 56.98033905029297
    endloop
  endfacet
  facet normal 0.1907680481672287 -0.7679189443588257 0.6114802956581116
    outer loop
      vertex 26.398345947265625 10.041893005371094 58.770450592041016
      vertex 28.608558654785156 9.16552448272705 56.98033905029297
      vertex 29.782325744628906 10.473499298095703 58.256752014160156
    endloop
  endfacet
  facet normal 0.21432538330554962 -0.9086456894874573 0.35836827754974365
    outer loop
      vertex 28.608558654785156 9.16552448272705 56.98033905029297
      vertex 30.152374267578125 8.732270240783691 54.958526611328125
      vertex 32.03016662597656 9.656508445739746 56.17890930175781
    endloop
  endfacet
  facet normal 0.2893417477607727 -0.7419896721839905 0.6047584414482117
    outer loop
      vertex 29.782325744628906 10.473499298095703 58.256752014160156
      vertex 32.03016662597656 9.656508445739746 56.17890930175781
      vertex 33.222373962402344 11.073143005371094 57.34660339355469
    endloop
  endfacet
  facet normal 0.24646542966365814 -0.7810733318328857 0.5737415552139282
    outer loop
      vertex 32.03016662597656 9.656508445739746 56.17890930175781
      vertex 29.782325744628906 10.473499298095703 58.256752014160156
      vertex 28.608558654785156 9.16552448272705 56.98033905029297
    endloop
  endfacet
  facet normal 0.28244516253471375 -0.40458449721336365 0.8697908520698547
    outer loop
      vertex 27.47589111328125 13.457233428955078 60.965118408203125
      vertex 30.473947525024414 12.147642135620117 59.382408142089844
      vertex 30.66376304626465 14.172431945800781 60.262603759765625
    endloop
  endfacet
  facet normal 0.37677016854286194 -0.5061426162719727 0.7757988572120667
    outer loop
      vertex 30.473947525024414 12.147642135620117 59.382408142089844
      vertex 33.222373962402344 11.073143005371094 57.34660339355469
      vertex 33.70782470703125 12.986321449279785 58.35902786254883
    endloop
  endfacet
  facet normal 0.4435935318470001 -0.24507609009742737 0.862068772315979
    outer loop
      vertex 30.66376304626465 14.172431945800781 60.262603759765625
      vertex 33.70782470703125 12.986321449279785 58.35902786254883
      vertex 33.4730224609375 15.179067611694336 59.10322189331055
    endloop
  endfacet
  facet normal 0.3691430985927582 -0.3994022011756897 0.8391730189323425
    outer loop
      vertex 33.70782470703125 12.986321449279785 58.35902786254883
      vertex 30.66376304626465 14.172431945800781 60.262603759765625
      vertex 30.473947525024414 12.147642135620117 59.382408142089844
    endloop
  endfacet
  facet normal 0.41467657685279846 -0.6698273420333862 0.6159340739250183
    outer loop
      vertex 33.222373962402344 11.073143005371094 57.34660339355469
      vertex 35.43726348876953 10.277325630187988 54.98998260498047
      vertex 36.49762725830078 11.890983581542969 56.03094482421875
    endloop
  endfacet
  facet normal 0.36503568291664124 -0.8767344951629639 0.3131863474845886
    outer loop
      vertex 35.43726348876953 10.277325630187988 54.98998260498047
      vertex 36.848060607910156 9.946910858154297 52.420658111572266
      vertex 38.741798400878906 11.088861465454102 53.41018295288086
    endloop
  endfacet
  facet normal 0.5578469038009644 -0.5289199352264404 0.6395706534385681
    outer loop
      vertex 36.49762725830078 11.890983581542969 56.03094482421875
      vertex 38.741798400878906 11.088861465454102 53.41018295288086
      vertex 39.504722595214844 12.954859733581543 54.28791046142578
    endloop
  endfacet
  facet normal 0.4468896985054016 -0.6734954714775085 0.5888068079948425
    outer loop
      vertex 38.741798400878906 11.088861465454102 53.41018295288086
      vertex 36.49762725830078 11.890983581542969 56.03094482421875
      vertex 35.43726348876953 10.277325630187988 54.98998260498047
    endloop
  endfacet
  facet normal 0.5641441345214844 -0.05583151802420616 0.8237865567207336
    outer loop
      vertex 33.4730224609375 15.179067611694336 59.10322189331055
      vertex 36.62455749511719 14.047779083251953 56.86832046508789
      vertex 36.011619567871094 16.38191795349121 57.446266174316406
    endloop
  endfacet
  facet normal 0.6241127252578735 -0.16062583029270172 0.7646454572677612
    outer loop
      vertex 36.62455749511719 14.047779083251953 56.86832046508789
      vertex 39.504722595214844 12.954859733581543 54.28791046142578
      vertex 39.25775909423828 15.34317398071289 54.991188049316406
    endloop
  endfacet
  facet normal 0.6204453706741333 0.10069265961647034 0.7777586579322815
    outer loop
      vertex 36.011619567871094 16.38191795349121 57.446266174316406
      vertex 39.25775909423828 15.34317398071289 54.991188049316406
      vertex 38.19462966918945 17.841785430908203 55.51580047607422
    endloop
  endfacet
  facet normal 0.5938718914985657 -0.04297997057437897 0.8034108281135559
    outer loop
      vertex 39.25775909423828 15.34317398071289 54.991188049316406
      vertex 36.011619567871094 16.38191795349121 57.446266174316406
      vertex 36.62455749511719 14.047779083251953 56.86832046508789
    endloop
  endfacet
  facet normal 0.5579684376716614 -0.32868239283561707 0.7619969248771667
    outer loop
      vertex 39.504722595214844 12.954859733581543 54.28791046142578
      vertex 36.62455749511719 14.047779083251953 56.86832046508789
      vertex 36.49762725830078 11.890983581542969 56.03094482421875
    endloop
  endfacet
  facet normal 0.5075645446777344 -0.22767755389213562 0.8309880495071411
    outer loop
      vertex 36.62455749511719 14.047779083251953 56.86832046508789
      vertex 33.4730224609375 15.179067611694336 59.10322189331055
      vertex 33.70782470703125 12.986321449279785 58.35902786254883
    endloop
  endfacet
  facet normal 0.4273316264152527 -0.5051999688148499 0.7497737407684326
    outer loop
      vertex 36.49762725830078 11.890983581542969 56.03094482421875
      vertex 33.70782470703125 12.986321449279785 58.35902786254883
      vertex 33.222373962402344 11.073143005371094 57.34660339355469
    endloop
  endfacet
  facet normal 0.522619903087616 -0.3351215124130249 0.7839400172233582
    outer loop
      vertex 33.70782470703125 12.986321449279785 58.35902786254883
      vertex 36.49762725830078 11.890983581542969 56.03094482421875
      vertex 36.62455749511719 14.047779083251953 56.86832046508789
    endloop
  endfacet
  facet normal 0.2900233864784241 0.07378324121236801 0.9541711807250977
    outer loop
      vertex 26.42598533630371 20.597808837890625 62.380645751953125
      vertex 24.272747039794922 22.144512176513672 62.91552734375
      vertex 24.094453811645508 20.33986473083496 63.10926818847656
    endloop
  endfacet
  facet normal 0.263691246509552 0.08354397118091583 0.9609825611114502
    outer loop
      vertex 24.272747039794922 22.144512176513672 62.91552734375
      vertex 21.470233917236328 24.062541961669922 63.517784118652344
      vertex 21.1923828125 22.077539443969727 63.76659393310547
    endloop
  endfacet
  facet normal 0.16179229319095612 -0.10112246125936508 0.9816300272941589
    outer loop
      vertex 24.094453811645508 20.33986473083496 63.10926818847656
      vertex 21.1923828125 22.077539443969727 63.76659393310547
      vertex 21.149871826171875 20.168437957763672 63.576934814453125
    endloop
  endfacet
  facet normal 0.2639581263065338 0.0771392360329628 0.9614444971084595
    outer loop
      vertex 21.1923828125 22.077539443969727 63.76659393310547
      vertex 24.094453811645508 20.33986473083496 63.10926818847656
      vertex 24.272747039794922 22.144512176513672 62.91552734375
    endloop
  endfacet
  facet normal 0.1972123235464096 0.16881023347377777 0.9657175540924072
    outer loop
      vertex 21.470233917236328 24.062541961669922 63.517784118652344
      vertex 18.45128059387207 25.87151336669922 63.81808090209961
      vertex 18.16376304626465 23.85806655883789 64.22875213623047
    endloop
  endfacet
  facet normal 0.086372971534729 0.2919793128967285 0.9525166153907776
    outer loop
      vertex 18.45128059387207 25.87151336669922 63.81808090209961
      vertex 15.362865447998047 27.372671127319336 63.637977600097656
      vertex 15.092151641845703 25.379335403442383 64.27355194091797
    endloop
  endfacet
  facet normal 0.04754205793142319 0.06664258241653442 0.996643602848053
    outer loop
      vertex 18.16376304626465 23.85806655883789 64.22875213623047
      vertex 15.092151641845703 25.379335403442383 64.27355194091797
      vertex 14.987781524658203 23.56159019470215 64.40007781982422
    endloop
  endfacet
  facet normal 0.10550467669963837 0.18424813449382782 0.9772007465362549
    outer loop
      vertex 15.092151641845703 25.379335403442383 64.27355194091797
      vertex 18.16376304626465 23.85806655883789 64.22875213623047
      vertex 18.45128059387207 25.87151336669922 63.81808090209961
    endloop
  endfacet
  facet normal 0.07511824369430542 -0.18990038335323334 0.9789254665374756
    outer loop
      vertex 21.149871826171875 20.168437957763672 63.576934814453125
      vertex 18.083393096923828 21.950037002563477 64.15785217285156
      vertex 18.083423614501953 20.112102508544922 63.80131149291992
    endloop
  endfacet
  facet normal 0.028190549463033676 -0.09540916234254837 0.9950389266014099
    outer loop
      vertex 18.083393096923828 21.950037002563477 64.15785217285156
      vertex 14.987781524658203 23.56159019470215 64.40007781982422
      vertex 14.997367858886719 21.83993911743164 64.23472595214844
    endloop
  endfacet
  facet normal -0.0013320939615368843 -0.2455420047044754 0.9693850874900818
    outer loop
      vertex 18.083423614501953 20.112102508544922 63.80131149291992
      vertex 14.997367858886719 21.83993911743164 64.23472595214844
      vertex 14.985603332519531 20.21124267578125 63.822166442871094
    endloop
  endfacet
  facet normal 0.031233321875333786 -0.19034622609615326 0.9812200665473938
    outer loop
      vertex 14.997367858886719 21.83993911743164 64.23472595214844
      vertex 18.083423614501953 20.112102508544922 63.80131149291992
      vertex 18.083393096923828 21.950037002563477 64.15785217285156
    endloop
  endfacet
  facet normal 0.05749916657805443 -0.03949020430445671 0.9975642561912537
    outer loop
      vertex 14.987781524658203 23.56159019470215 64.40007781982422
      vertex 18.083393096923828 21.950037002563477 64.15785217285156
      vertex 18.16376304626465 23.85806655883789 64.22875213623047
    endloop
  endfacet
  facet normal 0.1282968819141388 -0.10086961835622787 0.986592710018158
    outer loop
      vertex 18.083393096923828 21.950037002563477 64.15785217285156
      vertex 21.149871826171875 20.168437957763672 63.576934814453125
      vertex 21.1923828125 22.077539443969727 63.76659393310547
    endloop
  endfacet
  facet normal 0.20375710725784302 0.09363184124231339 0.9745337963104248
    outer loop
      vertex 18.16376304626465 23.85806655883789 64.22875213623047
      vertex 21.1923828125 22.077539443969727 63.76659393310547
      vertex 21.470233917236328 24.062541961669922 63.517784118652344
    endloop
  endfacet
  facet normal 0.12645316123962402 -0.042153604328632355 0.9910765886306763
    outer loop
      vertex 21.1923828125 22.077539443969727 63.76659393310547
      vertex 18.16376304626465 23.85806655883789 64.22875213623047
      vertex 18.083393096923828 21.950037002563477 64.15785217285156
    endloop
  endfacet
  facet normal -0.01957697793841362 0.3865543305873871 0.9220589399337769
    outer loop
      vertex 15.362865447998047 27.372671127319336 63.637977600097656
      vertex 12.2095947265625 28.674177169799805 63.02539825439453
      vertex 11.981653213500977 26.684398651123047 63.854732513427734
    endloop
  endfacet
  facet normal -0.08913767337799072 0.41501104831695557 0.9054392576217651
    outer loop
      vertex 12.2095947265625 28.674177169799805 63.02539825439453
      vertex 9.172151565551758 29.866199493408203 62.18000411987305
      vertex 8.874557495117188 27.922985076904297 63.041385650634766
    endloop
  endfacet
  facet normal -0.13922059535980225 0.2753819525241852 0.951200544834137
    outer loop
      vertex 11.981653213500977 26.684398651123047 63.854732513427734
      vertex 8.874557495117188 27.922985076904297 63.041385650634766
      vertex 8.717180252075195 26.192169189453125 63.519439697265625
    endloop
  endfacet
  facet normal -0.08379611372947693 0.391528457403183 0.9163426160812378
    outer loop
      vertex 8.874557495117188 27.922985076904297 63.041385650634766
      vertex 11.981653213500977 26.684398651123047 63.854732513427734
      vertex 12.2095947265625 28.674177169799805 63.02539825439453
    endloop
  endfacet
  facet normal -0.13065756857395172 0.46778926253318787 0.8741291761398315
    outer loop
      vertex 9.172151565551758 29.866199493408203 62.18000411987305
      vertex 6.720630645751953 30.904205322265625 61.25808334350586
      vertex 6.2562408447265625 29.074806213378906 62.16767120361328
    endloop
  endfacet
  facet normal -0.1958942711353302 0.5254154801368713 0.8279880285263062
    outer loop
      vertex 6.720630645751953 30.904205322265625 61.25808334350586
      vertex 5.170221328735352 31.771549224853516 60.34088134765625
      vertex 4.532144546508789 30.12743377685547 61.23322296142578
    endloop
  endfacet
  facet normal -0.2638939619064331 0.3615867495536804 0.8942119479179382
    outer loop
      vertex 6.2562408447265625 29.074806213378906 62.16767120361328
      vertex 4.532144546508789 30.12743377685547 61.23322296142578
      vertex 4.149412155151367 28.49858856201172 61.7789192199707
    endloop
  endfacet
  facet normal -0.17802207171916962 0.4739619791507721 0.8623619675636292
    outer loop
      vertex 4.532144546508789 30.12743377685547 61.23322296142578
      vertex 6.2562408447265625 29.074806213378906 62.16767120361328
      vertex 6.720630645751953 30.904205322265625 61.25808334350586
    endloop
  endfacet
  facet normal -0.2402646541595459 0.14688003063201904 0.9595307111740112
    outer loop
      vertex 8.717180252075195 26.192169189453125 63.519439697265625
      vertex 6.02436637878418 27.37476348876953 62.66413879394531
      vertex 5.959255218505859 25.79283905029297 62.88998794555664
    endloop
  endfacet
  facet normal -0.3181897699832916 0.19921523332595825 0.9268596172332764
    outer loop
      vertex 6.02436637878418 27.37476348876953 62.66413879394531
      vertex 4.149412155151367 28.49858856201172 61.7789192199707
      vertex 3.980997085571289 26.96923065185547 62.0498161315918
    endloop
  endfacet
  facet normal -0.36124977469444275 0.057219523936510086 0.9307118654251099
    outer loop
      vertex 5.959255218505859 25.79283905029297 62.88998794555664
      vertex 3.980997085571289 26.96923065185547 62.0498161315918
      vertex 3.969755172729492 25.58295249938965 62.130680084228516
    endloop
  endfacet
  facet normal -0.31140658259391785 0.1468571424484253 0.9388604760169983
    outer loop
      vertex 3.980997085571289 26.96923065185547 62.0498161315918
      vertex 5.959255218505859 25.79283905029297 62.88998794555664
      vertex 6.02436637878418 27.37476348876953 62.66413879394531
    endloop
  endfacet
  facet normal -0.25239643454551697 0.30280959606170654 0.9190226197242737
    outer loop
      vertex 4.149412155151367 28.49858856201172 61.7789192199707
      vertex 6.02436637878418 27.37476348876953 62.66413879394531
      vertex 6.2562408447265625 29.074806213378906 62.16767120361328
    endloop
  endfacet
  facet normal -0.1782507300376892 0.27699533104896545 0.9441930055618286
    outer loop
      vertex 6.02436637878418 27.37476348876953 62.66413879394531
      vertex 8.717180252075195 26.192169189453125 63.519439697265625
      vertex 8.874557495117188 27.922985076904297 63.041385650634766
    endloop
  endfacet
  facet normal -0.11709366738796234 0.4173915684223175 0.9011511206626892
    outer loop
      vertex 6.2562408447265625 29.074806213378906 62.16767120361328
      vertex 8.874557495117188 27.922985076904297 63.041385650634766
      vertex 9.172151565551758 29.866199493408203 62.18000411987305
    endloop
  endfacet
  facet normal -0.18141981959342957 0.2983914017677307 0.9370429515838623
    outer loop
      vertex 8.874557495117188 27.922985076904297 63.041385650634766
      vertex 6.2562408447265625 29.074806213378906 62.16767120361328
      vertex 6.02436637878418 27.37476348876953 62.66413879394531
    endloop
  endfacet
  facet normal -0.11812446266412735 -0.3323698341846466 0.9357226490974426
    outer loop
      vertex 14.985603332519531 20.21124267578125 63.822166442871094
      vertex 11.898468017578125 21.815576553344727 64.00231170654297
      vertex 11.816669464111328 20.43726348876953 63.50240707397461
    endloop
  endfacet
  facet normal -0.23135483264923096 -0.25247761607170105 0.9395371675491333
    outer loop
      vertex 11.898468017578125 21.815576553344727 64.00231170654297
      vertex 8.787738800048828 23.190488815307617 63.60578918457031
      vertex 8.776372909545898 21.925167083740234 63.26296615600586
    endloop
  endfacet
  facet normal -0.26450589299201965 -0.39920324087142944 0.8778800368309021
    outer loop
      vertex 11.816669464111328 20.43726348876953 63.50240707397461
      vertex 8.776372909545898 21.925167083740234 63.26296615600586
      vertex 8.620515823364258 20.708311080932617 62.66265869140625
    endloop
  endfacet
  facet normal -0.2289479672908783 -0.3198671042919159 0.9193845987319946
    outer loop
      vertex 8.776372909545898 21.925167083740234 63.26296615600586
      vertex 11.816669464111328 20.43726348876953 63.50240707397461
      vertex 11.898468017578125 21.815576553344727 64.00231170654297
    endloop
  endfacet
  facet normal -0.31358906626701355 -0.15359163284301758 0.9370547533035278
    outer loop
      vertex 8.787738800048828 23.190488815307617 63.60578918457031
      vertex 6.01470947265625 24.43840217590332 62.882328033447266
      vertex 6.030155181884766 23.199472427368164 62.684425354003906
    endloop
  endfacet
  facet normal -0.3884621262550354 -0.0919366404414177 0.9168668985366821
    outer loop
      vertex 6.01470947265625 24.43840217590332 62.882328033447266
      vertex 3.969755172729492 25.58295249938965 62.130680084228516
      vertex 4.029447555541992 24.37592315673828 62.03493881225586
    endloop
  endfacet
  facet normal -0.4028797745704651 -0.19098658859729767 0.8951044678688049
    outer loop
      vertex 6.030155181884766 23.199472427368164 62.684425354003906
      vertex 4.029447555541992 24.37592315673828 62.03493881225586
      vertex 4.013240814208984 23.30402183532715 61.79893493652344
    endloop
  endfacet
  facet normal -0.3841088116168976 -0.15030436217784882 0.9109715223312378
    outer loop
      vertex 4.029447555541992 24.37592315673828 62.03493881225586
      vertex 6.030155181884766 23.199472427368164 62.684425354003906
      vertex 6.01470947265625 24.43840217590332 62.882328033447266
    endloop
  endfacet
  facet normal -0.35382726788520813 -0.4454473853111267 0.822425127029419
    outer loop
      vertex 8.620515823364258 20.708311080932617 62.66265869140625
      vertex 5.938859939575195 22.109024047851562 62.267608642578125
      vertex 5.715089797973633 20.999343872070312 61.57030487060547
    endloop
  endfacet
  facet normal -0.4195985198020935 -0.34721487760543823 0.8386769890785217
    outer loop
      vertex 5.938859939575195 22.109024047851562 62.267608642578125
      vertex 4.013240814208984 23.30402183532715 61.79893493652344
      vertex 3.955108642578125 22.298425674438477 61.35353088378906
    endloop
  endfacet
  facet normal -0.38566672801971436 -0.3823837637901306 0.8396689891815186
    outer loop
      vertex 5.715089797973633 20.999343872070312 61.57030487060547
      vertex 3.955108642578125 22.298425674438477 61.35353088378906
      vertex 3.7530460357666016 21.210548400878906 60.76530456542969
    endloop
  endfacet
  facet normal -0.412122517824173 -0.42374467849731445 0.8065950870513916
    outer loop
      vertex 3.955108642578125 22.298425674438477 61.35353088378906
      vertex 5.715089797973633 20.999343872070312 61.57030487060547
      vertex 5.938859939575195 22.109024047851562 62.267608642578125
    endloop
  endfacet
  facet normal -0.3965901732444763 -0.29861095547676086 0.8680713176727295
    outer loop
      vertex 4.013240814208984 23.30402183532715 61.79893493652344
      vertex 5.938859939575195 22.109024047851562 62.267608642578125
      vertex 6.030155181884766 23.199472427368164 62.684425354003906
    endloop
  endfacet
  facet normal -0.32769709825515747 -0.38390177488327026 0.8632693886756897
    outer loop
      vertex 5.938859939575195 22.109024047851562 62.267608642578125
      vertex 8.620515823364258 20.708311080932617 62.66265869140625
      vertex 8.776372909545898 21.925167083740234 63.26296615600586
    endloop
  endfacet
  facet normal -0.3078638017177582 -0.24623042345046997 0.9190160632133484
    outer loop
      vertex 6.030155181884766 23.199472427368164 62.684425354003906
      vertex 8.776372909545898 21.925167083740234 63.26296615600586
      vertex 8.787738800048828 23.190488815307617 63.60578918457031
    endloop
  endfacet
  facet normal -0.33240747451782227 -0.3123348355293274 0.8899169564247131
    outer loop
      vertex 8.776372909545898 21.925167083740234 63.26296615600586
      vertex 6.030155181884766 23.199472427368164 62.684425354003906
      vertex 5.938859939575195 22.109024047851562 62.267608642578125
    endloop
  endfacet
  facet normal -0.3546760082244873 -0.019807953387498856 0.9347794651985168
    outer loop
      vertex 3.969755172729492 25.58295249938965 62.130680084228516
      vertex 6.01470947265625 24.43840217590332 62.882328033447266
      vertex 5.959255218505859 25.79283905029297 62.88998794555664
    endloop
  endfacet
  facet normal -0.2688824534416199 -0.03957745060324669 0.962359607219696
    outer loop
      vertex 6.01470947265625 24.43840217590332 62.882328033447266
      vertex 8.787738800048828 23.190488815307617 63.60578918457031
      vertex 8.729520797729492 24.624711990356445 63.64850616455078
    endloop
  endfacet
  facet normal -0.23255465924739838 0.07799495756626129 0.9694509506225586
    outer loop
      vertex 5.959255218505859 25.79283905029297 62.88998794555664
      vertex 8.729520797729492 24.624711990356445 63.64850616455078
      vertex 8.717180252075195 26.192169189453125 63.519439697265625
    endloop
  endfacet
  facet normal -0.27052462100982666 -0.01651974581182003 0.9625713229179382
    outer loop
      vertex 8.729520797729492 24.624711990356445 63.64850616455078
      vertex 5.959255218505859 25.79283905029297 62.88998794555664
      vertex 6.01470947265625 24.43840217590332 62.882328033447266
    endloop
  endfacet
  facet normal -0.18240538239479065 -0.1316855251789093 0.9743649959564209
    outer loop
      vertex 8.787738800048828 23.190488815307617 63.60578918457031
      vertex 11.898468017578125 21.815576553344727 64.00231170654297
      vertex 11.855112075805664 23.3168888092041 64.19709777832031
    endloop
  endfacet
  facet normal -0.07060853391885757 -0.24445907771587372 0.9670854210853577
    outer loop
      vertex 11.898468017578125 21.815576553344727 64.00231170654297
      vertex 14.985603332519531 20.21124267578125 63.822166442871094
      vertex 14.997367858886719 21.83993911743164 64.23472595214844
    endloop
  endfacet
  facet normal -0.056911107152700424 -0.0957617312669754 0.9937760233879089
    outer loop
      vertex 11.855112075805664 23.3168888092041 64.19709777832031
      vertex 14.997367858886719 21.83993911743164 64.23472595214844
      vertex 14.987781524658203 23.56159019470215 64.40007781982422
    endloop
  endfacet
  facet normal -0.07313089817762375 -0.13039760291576385 0.9887610077857971
    outer loop
      vertex 14.997367858886719 21.83993911743164 64.23472595214844
      vertex 11.855112075805664 23.3168888092041 64.19709777832031
      vertex 11.898468017578125 21.815576553344727 64.00231170654297
    endloop
  endfacet
  facet normal -0.12753412127494812 0.18162262439727783 0.9750632047653198
    outer loop
      vertex 8.717180252075195 26.192169189453125 63.519439697265625
      vertex 11.843355178833008 24.945165634155273 64.16060638427734
      vertex 11.981653213500977 26.684398651123047 63.854732513427734
    endloop
  endfacet
  facet normal -0.04424972087144852 0.07189815491437912 0.9964299201965332
    outer loop
      vertex 11.843355178833008 24.945165634155273 64.16060638427734
      vertex 14.987781524658203 23.56159019470215 64.40007781982422
      vertex 15.092151641845703 25.379335403442383 64.27355194091797
    endloop
  endfacet
  facet normal -0.0007825442589819431 0.30387774109840393 0.952710747718811
    outer loop
      vertex 11.981653213500977 26.684398651123047 63.854732513427734
      vertex 15.092151641845703 25.379335403442383 64.27355194091797
      vertex 15.362865447998047 27.372671127319336 63.637977600097656
    endloop
  endfacet
  facet normal -0.05785994231700897 0.17737972736358643 0.9824402332305908
    outer loop
      vertex 15.092151641845703 25.379335403442383 64.27355194091797
      vertex 11.981653213500977 26.684398651123047 63.854732513427734
      vertex 11.843355178833008 24.945165634155273 64.16060638427734
    endloop
  endfacet
  facet normal -0.06634518504142761 0.02187725529074669 0.9975569248199463
    outer loop
      vertex 14.987781524658203 23.56159019470215 64.40007781982422
      vertex 11.843355178833008 24.945165634155273 64.16060638427734
      vertex 11.855112075805664 23.3168888092041 64.19709777832031
    endloop
  endfacet
  facet normal -0.16973085701465607 0.07954549789428711 0.9822748899459839
    outer loop
      vertex 11.843355178833008 24.945165634155273 64.16060638427734
      vertex 8.717180252075195 26.192169189453125 63.519439697265625
      vertex 8.729520797729492 24.624711990356445 63.64850616455078
    endloop
  endfacet
  facet normal -0.18769556283950806 -0.03685305640101433 0.9815357327461243
    outer loop
      vertex 11.855112075805664 23.3168888092041 64.19709777832031
      vertex 8.729520797729492 24.624711990356445 63.64850616455078
      vertex 8.787738800048828 23.190488815307617 63.60578918457031
    endloop
  endfacet
  facet normal -0.1643396019935608 0.020914770662784576 0.9861821532249451
    outer loop
      vertex 8.729520797729492 24.624711990356445 63.64850616455078
      vertex 11.855112075805664 23.3168888092041 64.19709777832031
      vertex 11.843355178833008 24.945165634155273 64.16060638427734
    endloop
  endfacet
  facet normal -0.38296350836753845 -0.4181837737560272 0.8236876130104065
    outer loop
      vertex 3.7530460357666016 21.210548400878906 60.76530456542969
      vertex 5.461118698120117 19.7082462310791 60.79673767089844
      vertex 5.715089797973633 20.999343872070312 61.57030487060547
    endloop
  endfacet
  facet normal -0.3324100077152252 -0.46736979484558105 0.819188117980957
    outer loop
      vertex 5.461118698120117 19.7082462310791 60.79673767089844
      vertex 8.066289901733398 17.832475662231445 60.78368377685547
      vertex 8.345136642456055 19.306596755981445 61.73786163330078
    endloop
  endfacet
  facet normal -0.3518562614917755 -0.4663466513156891 0.8116143941879272
    outer loop
      vertex 5.715089797973633 20.999343872070312 61.57030487060547
      vertex 8.345136642456055 19.306596755981445 61.73786163330078
      vertex 8.620515823364258 20.708311080932617 62.66265869140625
    endloop
  endfacet
  facet normal -0.33350351452827454 -0.4353998005390167 0.8361832499504089
    outer loop
      vertex 8.345136642456055 19.306596755981445 61.73786163330078
      vertex 5.715089797973633 20.999343872070312 61.57030487060547
      vertex 5.461118698120117 19.7082462310791 60.79673767089844
    endloop
  endfacet
  facet normal -0.2992415130138397 -0.5103201270103455 0.8062431216239929
    outer loop
      vertex 8.066289901733398 17.832475662231445 60.78368377685547
      vertex 10.945829391479492 15.799373626708984 60.56556701660156
      vertex 11.264698028564453 17.35256004333496 61.667022705078125
    endloop
  endfacet
  facet normal -0.25696080923080444 -0.5323085784912109 0.8066095113754272
    outer loop
      vertex 10.945829391479492 15.799373626708984 60.56556701660156
      vertex 13.984003067016602 13.656021118164062 60.11896514892578
      vertex 14.34080696105957 15.28817081451416 61.30974197387695
    endloop
  endfacet
  facet normal -0.22360500693321228 -0.4800023138523102 0.8482916355133057
    outer loop
      vertex 11.264698028564453 17.35256004333496 61.667022705078125
      vertex 14.34080696105957 15.28817081451416 61.30974197387695
      vertex 14.638702392578125 16.943084716796875 62.32469177246094
    endloop
  endfacet
  facet normal -0.2568971514701843 -0.5234047770500183 0.8124353885650635
    outer loop
      vertex 14.34080696105957 15.28817081451416 61.30974197387695
      vertex 11.264698028564453 17.35256004333496 61.667022705078125
      vertex 10.945829391479492 15.799373626708984 60.56556701660156
    endloop
  endfacet
  facet normal -0.26308831572532654 -0.43613529205322266 0.8605640530586243
    outer loop
      vertex 8.620515823364258 20.708311080932617 62.66265869140625
      vertex 11.581171035766602 18.948341369628906 62.67582321166992
      vertex 11.816669464111328 20.43726348876953 63.50240707397461
    endloop
  endfacet
  facet normal -0.1818140149116516 -0.4319107234477997 0.8834007382392883
    outer loop
      vertex 11.581171035766602 18.948341369628906 62.67582321166992
      vertex 14.638702392578125 16.943084716796875 62.32469177246094
      vertex 14.885562896728516 18.602079391479492 63.18661117553711
    endloop
  endfacet
  facet normal -0.11899298429489136 -0.35832804441452026 0.9259815216064453
    outer loop
      vertex 11.816669464111328 20.43726348876953 63.50240707397461
      vertex 14.885562896728516 18.602079391479492 63.18661117553711
      vertex 14.985603332519531 20.21124267578125 63.822166442871094
    endloop
  endfacet
  facet normal -0.18241117894649506 -0.45502108335494995 0.8715974688529968
    outer loop
      vertex 14.885562896728516 18.602079391479492 63.18661117553711
      vertex 11.816669464111328 20.43726348876953 63.50240707397461
      vertex 11.581171035766602 18.948341369628906 62.67582321166992
    endloop
  endfacet
  facet normal -0.22368577122688293 -0.488728404045105 0.8432729244232178
    outer loop
      vertex 14.638702392578125 16.943084716796875 62.32469177246094
      vertex 11.581171035766602 18.948341369628906 62.67582321166992
      vertex 11.264698028564453 17.35256004333496 61.667022705078125
    endloop
  endfacet
  facet normal -0.29251524806022644 -0.48591431975364685 0.823603093624115
    outer loop
      vertex 11.581171035766602 18.948341369628906 62.67582321166992
      vertex 8.620515823364258 20.708311080932617 62.66265869140625
      vertex 8.345136642456055 19.306596755981445 61.73786163330078
    endloop
  endfacet
  facet normal -0.29974856972694397 -0.4777953028678894 0.8257496356964111
    outer loop
      vertex 11.264698028564453 17.35256004333496 61.667022705078125
      vertex 8.345136642456055 19.306596755981445 61.73786163330078
      vertex 8.066289901733398 17.832475662231445 60.78368377685547
    endloop
  endfacet
  facet normal -0.2933998703956604 -0.4685823917388916 0.8332749009132385
    outer loop
      vertex 8.345136642456055 19.306596755981445 61.73786163330078
      vertex 11.264698028564453 17.35256004333496 61.667022705078125
      vertex 11.581171035766602 18.948341369628906 62.67582321166992
    endloop
  endfacet
  facet normal -0.21692565083503723 -0.6119278073310852 0.7605836987495422
    outer loop
      vertex 13.984003067016602 13.656021118164062 60.11896514892578
      vertex 17.00937843322754 11.716715812683105 59.42156219482422
      vertex 17.430326461791992 13.21872329711914 60.75006103515625
    endloop
  endfacet
  facet normal -0.17398862540721893 -0.6915802955627441 0.7010312080383301
    outer loop
      vertex 17.00937843322754 11.716715812683105 59.42156219482422
      vertex 19.89097023010254 10.044891357421875 58.487457275390625
      vertex 20.375080108642578 11.347467422485352 59.89262390136719
    endloop
  endfacet
  facet normal -0.13726302981376648 -0.5829572677612305 0.8008243441581726
    outer loop
      vertex 17.430326461791992 13.21872329711914 60.75006103515625
      vertex 20.375080108642578 11.347467422485352 59.89262390136719
      vertex 20.798091888427734 12.940572738647461 61.12482452392578
    endloop
  endfacet
  facet normal -0.17504535615444183 -0.6243095993995667 0.7613124251365662
    outer loop
      vertex 20.375080108642578 11.347467422485352 59.89262390136719
      vertex 17.430326461791992 13.21872329711914 60.75006103515625
      vertex 17.00937843322754 11.716715812683105 59.42156219482422
    endloop
  endfacet
  facet normal -0.10510390251874924 -0.7723608613014221 0.6264278888702393
    outer loop
      vertex 19.89097023010254 10.044891357421875 58.487457275390625
      vertex 22.464923858642578 8.78056526184082 57.36045837402344
      vertex 23.077404022216797 9.846598625183105 58.7775993347168
    endloop
  endfacet
  facet normal -0.0015524170594289899 -0.8655988574028015 0.5007356405258179
    outer loop
      vertex 22.464923858642578 8.78056526184082 57.36045837402344
      vertex 24.402204513549805 8.135416030883789 56.251224517822266
      vertex 25.396329879760742 8.82479190826416 57.44599914550781
    endloop
  endfacet
  facet normal 0.04566784203052521 -0.7525238990783691 0.6569796800613403
    outer loop
      vertex 23.077404022216797 9.846598625183105 58.7775993347168
      vertex 25.396329879760742 8.82479190826416 57.44599914550781
      vertex 26.398345947265625 10.041893005371094 58.770450592041016
    endloop
  endfacet
  facet normal -0.005547129083424807 -0.7979736328125 0.6026669144630432
    outer loop
      vertex 25.396329879760742 8.82479190826416 57.44599914550781
      vertex 23.077404022216797 9.846598625183105 58.7775993347168
      vertex 22.464923858642578 8.78056526184082 57.36045837402344
    endloop
  endfacet
  facet normal -0.01778659224510193 -0.5355247855186462 0.844332218170166
    outer loop
      vertex 20.798091888427734 12.940572738647461 61.12482452392578
      vertex 23.678646087646484 11.24504566192627 60.110103607177734
      vertex 24.13858413696289 12.973981857299805 61.21638488769531
    endloop
  endfacet
  facet normal 0.0937705785036087 -0.6385448575019836 0.7638505101203918
    outer loop
      vertex 23.678646087646484 11.24504566192627 60.110103607177734
      vertex 26.398345947265625 10.041893005371094 58.770450592041016
      vertex 27.104692459106445 11.599727630615234 59.986019134521484
    endloop
  endfacet
  facet normal 0.13507717847824097 -0.48300909996032715 0.8651336431503296
    outer loop
      vertex 24.13858413696289 12.973981857299805 61.21638488769531
      vertex 27.104692459106445 11.599727630615234 59.986019134521484
      vertex 27.47589111328125 13.457233428955078 60.965118408203125
    endloop
  endfacet
  facet normal 0.08728215843439102 -0.5532852411270142 0.8284064531326294
    outer loop
      vertex 27.104692459106445 11.599727630615234 59.986019134521484
      vertex 24.13858413696289 12.973981857299805 61.21638488769531
      vertex 23.678646087646484 11.24504566192627 60.110103607177734
    endloop
  endfacet
  facet normal 0.042628511786460876 -0.698749840259552 0.714094877243042
    outer loop
      vertex 26.398345947265625 10.041893005371094 58.770450592041016
      vertex 23.678646087646484 11.24504566192627 60.110103607177734
      vertex 23.077404022216797 9.846598625183105 58.7775993347168
    endloop
  endfacet
  facet normal -0.0710890144109726 -0.5983827710151672 0.7980504035949707
    outer loop
      vertex 23.678646087646484 11.24504566192627 60.110103607177734
      vertex 20.798091888427734 12.940572738647461 61.12482452392578
      vertex 20.375080108642578 11.347467422485352 59.89262390136719
    endloop
  endfacet
  facet normal -0.1075412854552269 -0.7103739380836487 0.695560097694397
    outer loop
      vertex 23.077404022216797 9.846598625183105 58.7775993347168
      vertex 20.375080108642578 11.347467422485352 59.89262390136719
      vertex 19.89097023010254 10.044891357421875 58.487457275390625
    endloop
  endfacet
  facet normal -0.06936078518629074 -0.6723790764808655 0.7369500994682312
    outer loop
      vertex 20.375080108642578 11.347467422485352 59.89262390136719
      vertex 23.077404022216797 9.846598625183105 58.7775993347168
      vertex 23.678646087646484 11.24504566192627 60.110103607177734
    endloop
  endfacet
  facet normal -0.0023896824568510056 -0.276807963848114 0.9609223008155823
    outer loop
      vertex 14.985603332519531 20.21124267578125 63.822166442871094
      vertex 18.0555477142334 18.336048126220703 63.28962326049805
      vertex 18.083423614501953 20.112102508544922 63.80131149291992
    endloop
  endfacet
  facet normal 0.023435886949300766 -0.2612681984901428 0.9649817943572998
    outer loop
      vertex 18.0555477142334 18.336048126220703 63.28962326049805
      vertex 21.21472930908203 16.528377532958984 62.723472595214844
      vertex 21.213064193725586 18.323457717895508 63.209529876708984
    endloop
  endfacet
  facet normal 0.07512786984443665 -0.19227516651153564 0.9784610867500305
    outer loop
      vertex 18.083423614501953 20.112102508544922 63.80131149291992
      vertex 21.213064193725586 18.323457717895508 63.209529876708984
      vertex 21.149871826171875 20.168437957763672 63.576934814453125
    endloop
  endfacet
  facet normal 0.02326052077114582 -0.27710556983947754 0.9605579376220703
    outer loop
      vertex 21.213064193725586 18.323457717895508 63.209529876708984
      vertex 18.083423614501953 20.112102508544922 63.80131149291992
      vertex 18.0555477142334 18.336048126220703 63.28962326049805
    endloop
  endfacet
  facet normal 0.053618039935827255 -0.30276310443878174 0.9515565037727356
    outer loop
      vertex 21.21472930908203 16.528377532958984 62.723472595214844
      vertex 24.384300231933594 14.925061225891113 62.03473663330078
      vertex 24.423439025878906 16.766334533691406 62.61838150024414
    endloop
  endfacet
  facet normal 0.15096116065979004 -0.35448795557022095 0.9227941632270813
    outer loop
      vertex 24.384300231933594 14.925061225891113 62.03473663330078
      vertex 27.47589111328125 13.457233428955078 60.965118408203125
      vertex 27.573213577270508 15.384010314941406 61.689361572265625
    endloop
  endfacet
  facet normal 0.18198652565479279 -0.2281392216682434 0.9564692378044128
    outer loop
      vertex 24.423439025878906 16.766334533691406 62.61838150024414
      vertex 27.573213577270508 15.384010314941406 61.689361572265625
      vertex 27.405153274536133 17.24911117553711 62.16620635986328
    endloop
  endfacet
  facet normal 0.14547601342201233 -0.3017564117908478 0.9422207474708557
    outer loop
      vertex 27.573213577270508 15.384010314941406 61.689361572265625
      vertex 24.423439025878906 16.766334533691406 62.61838150024414
      vertex 24.384300231933594 14.925061225891113 62.03473663330078
    endloop
  endfacet
  facet normal 0.16049617528915405 -0.07110623270273209 0.98447185754776
    outer loop
      vertex 21.149871826171875 20.168437957763672 63.576934814453125
      vertex 24.268041610717773 18.58137321472168 62.953956604003906
      vertex 24.094453811645508 20.33986473083496 63.10926818847656
    endloop
  endfacet
  facet normal 0.21760976314544678 -0.06348461657762527 0.9739689826965332
    outer loop
      vertex 24.268041610717773 18.58137321472168 62.953956604003906
      vertex 27.405153274536133 17.24911117553711 62.16620635986328
      vertex 26.976865768432617 19.037282943725586 62.37845230102539
    endloop
  endfacet
  facet normal 0.2867080569267273 0.09987141937017441 0.9527981281280518
    outer loop
      vertex 24.094453811645508 20.33986473083496 63.10926818847656
      vertex 26.976865768432617 19.037282943725586 62.37845230102539
      vertex 26.42598533630371 20.597808837890625 62.380645751953125
    endloop
  endfacet
  facet normal 0.21776185929775238 -0.06451670825481415 0.9738672971725464
    outer loop
      vertex 26.976865768432617 19.037282943725586 62.37845230102539
      vertex 24.094453811645508 20.33986473083496 63.10926818847656
      vertex 24.268041610717773 18.58137321472168 62.953956604003906
    endloop
  endfacet
  facet normal 0.17389152944087982 -0.16461922228336334 0.970907986164093
    outer loop
      vertex 27.405153274536133 17.24911117553711 62.16620635986328
      vertex 24.268041610717773 18.58137321472168 62.953956604003906
      vertex 24.423439025878906 16.766334533691406 62.61838150024414
    endloop
  endfacet
  facet normal 0.09784358739852905 -0.19114121794700623 0.9766737222671509
    outer loop
      vertex 24.268041610717773 18.58137321472168 62.953956604003906
      vertex 21.149871826171875 20.168437957763672 63.576934814453125
      vertex 21.213064193725586 18.323457717895508 63.209529876708984
    endloop
  endfacet
  facet normal 0.050926774740219116 -0.2609770894050598 0.9640008211135864
    outer loop
      vertex 24.423439025878906 16.766334533691406 62.61838150024414
      vertex 21.213064193725586 18.323457717895508 63.209529876708984
      vertex 21.21472930908203 16.528377532958984 62.723472595214844
    endloop
  endfacet
  facet normal 0.09660137444734573 -0.1729511171579361 0.9801816940307617
    outer loop
      vertex 21.213064193725586 18.323457717895508 63.209529876708984
      vertex 24.423439025878906 16.766334533691406 62.61838150024414
      vertex 24.268041610717773 18.58137321472168 62.953956604003906
    endloop
  endfacet
  facet normal 0.12595327198505402 -0.39715704321861267 0.9090665578842163
    outer loop
      vertex 27.47589111328125 13.457233428955078 60.965118408203125
      vertex 24.384300231933594 14.925061225891113 62.03473663330078
      vertex 24.13858413696289 12.973981857299805 61.21638488769531
    endloop
  endfacet
  facet normal 0.030865726992487907 -0.34237244725227356 0.9390571713447571
    outer loop
      vertex 24.384300231933594 14.925061225891113 62.03473663330078
      vertex 21.21472930908203 16.528377532958984 62.723472595214844
      vertex 21.08696746826172 14.707463264465332 62.06378173828125
    endloop
  endfacet
  facet normal -0.019568035379052162 -0.46668440103530884 0.8842074871063232
    outer loop
      vertex 24.13858413696289 12.973981857299805 61.21638488769531
      vertex 21.08696746826172 14.707463264465332 62.06378173828125
      vertex 20.798091888427734 12.940572738647461 61.12482452392578
    endloop
  endfacet
  facet normal 0.03385447338223457 -0.39019086956977844 0.920111358165741
    outer loop
      vertex 21.08696746826172 14.707463264465332 62.06378173828125
      vertex 24.13858413696289 12.973981857299805 61.21638488769531
      vertex 24.384300231933594 14.925061225891113 62.03473663330078
    endloop
  endfacet
  facet normal -0.024755557999014854 -0.3379307985305786 0.9408453702926636
    outer loop
      vertex 21.21472930908203 16.528377532958984 62.723472595214844
      vertex 18.0555477142334 18.336048126220703 63.28962326049805
      vertex 17.962438583374023 16.600872039794922 62.663936614990234
    endloop
  endfacet
  facet normal -0.06070742756128311 -0.36340153217315674 0.9296526312828064
    outer loop
      vertex 18.0555477142334 18.336048126220703 63.28962326049805
      vertex 14.985603332519531 20.21124267578125 63.822166442871094
      vertex 14.885562896728516 18.602079391479492 63.18661117553711
    endloop
  endfacet
  facet normal -0.13594165444374084 -0.4407500624656677 0.887276291847229
    outer loop
      vertex 17.962438583374023 16.600872039794922 62.663936614990234
      vertex 14.885562896728516 18.602079391479492 63.18661117553711
      vertex 14.638702392578125 16.943084716796875 62.32469177246094
    endloop
  endfacet
  facet normal -0.05873305723071098 -0.33583447337150574 0.9400880932807922
    outer loop
      vertex 14.885562896728516 18.602079391479492 63.18661117553711
      vertex 17.962438583374023 16.600872039794922 62.663936614990234
      vertex 18.0555477142334 18.336048126220703 63.28962326049805
    endloop
  endfacet
  facet normal -0.13695235550403595 -0.5344918370246887 0.8340039253234863
    outer loop
      vertex 20.798091888427734 12.940572738647461 61.12482452392578
      vertex 17.758935928344727 14.854896545410156 61.852603912353516
      vertex 17.430326461791992 13.21872329711914 60.75006103515625
    endloop
  endfacet
  facet normal -0.1968589574098587 -0.4865805506706238 0.8511675000190735
    outer loop
      vertex 17.758935928344727 14.854896545410156 61.852603912353516
      vertex 14.638702392578125 16.943084716796875 62.32469177246094
      vertex 14.34080696105957 15.28817081451416 61.30974197387695
    endloop
  endfacet
  facet normal -0.21743252873420715 -0.5438206791877747 0.810544490814209
    outer loop
      vertex 17.430326461791992 13.21872329711914 60.75006103515625
      vertex 14.34080696105957 15.28817081451416 61.30974197387695
      vertex 13.984003067016602 13.656021118164062 60.11896514892578
    endloop
  endfacet
  facet normal -0.19788424670696259 -0.5201278328895569 0.8308482766151428
    outer loop
      vertex 14.34080696105957 15.28817081451416 61.30974197387695
      vertex 17.430326461791992 13.21872329711914 60.75006103515625
      vertex 17.758935928344727 14.854896545410156 61.852603912353516
    endloop
  endfacet
  facet normal -0.13399724662303925 -0.4047233462333679 0.9045682549476624
    outer loop
      vertex 14.638702392578125 16.943084716796875 62.32469177246094
      vertex 17.758935928344727 14.854896545410156 61.852603912353516
      vertex 17.962438583374023 16.600872039794922 62.663936614990234
    endloop
  endfacet
  facet normal -0.07648954540491104 -0.45811572670936584 0.8855955004692078
    outer loop
      vertex 17.758935928344727 14.854896545410156 61.852603912353516
      vertex 20.798091888427734 12.940572738647461 61.12482452392578
      vertex 21.08696746826172 14.707463264465332 62.06378173828125
    endloop
  endfacet
  facet normal -0.024772027507424355 -0.33897966146469116 0.9404675364494324
    outer loop
      vertex 17.962438583374023 16.600872039794922 62.663936614990234
      vertex 21.08696746826172 14.707463264465332 62.06378173828125
      vertex 21.21472930908203 16.528377532958984 62.723472595214844
    endloop
  endfacet
  facet normal -0.07588348537683487 -0.4129083454608917 0.9076058864593506
    outer loop
      vertex 21.08696746826172 14.707463264465332 62.06378173828125
      vertex 17.962438583374023 16.600872039794922 62.663936614990234
      vertex 17.758935928344727 14.854896545410156 61.852603912353516
    endloop
  endfacet
  facet normal 0.737233579158783 -0.5686248540878296 -0.36490052938461304
    outer loop
      vertex 45.549598693847656 15.66201114654541 45.95121765136719
      vertex 44.78429412841797 13.897953033447266 47.153953552246094
      vertex 44.30912780761719 14.529975891113281 45.20906066894531
    endloop
  endfacet
  facet normal 0.5446885824203491 -0.8136980533599854 -0.2030021846294403
    outer loop
      vertex 44.78429412841797 13.897953033447266 47.153953552246094
      vertex 42.82030487060547 12.153852462768555 48.875160217285156
      vertex 42.75663757324219 12.693836212158203 46.53990173339844
    endloop
  endfacet
  facet normal 0.34809499979019165 -0.7250420451164246 -0.5942590832710266
    outer loop
      vertex 44.30912780761719 14.529975891113281 45.20906066894531
      vertex 42.75663757324219 12.693836212158203 46.53990173339844
      vertex 41.70741653442383 13.633085250854492 44.77935028076172
    endloop
  endfacet
  facet normal 0.5546650886535645 -0.7419578433036804 -0.3766235411167145
    outer loop
      vertex 42.75663757324219 12.693836212158203 46.53990173339844
      vertex 44.30912780761719 14.529975891113281 45.20906066894531
      vertex 44.78429412841797 13.897953033447266 47.153953552246094
    endloop
  endfacet
  facet normal 0.37375637888908386 -0.9218807816505432 -0.1021857038140297
    outer loop
      vertex 42.82030487060547 12.153852462768555 48.875160217285156
      vertex 40.06501388549805 10.833479881286621 50.709259033203125
      vertex 40.32180404663086 11.213452339172363 48.22053146362305
    endloop
  endfacet
  facet normal 0.24696949124336243 -0.9683018922805786 -0.03738289326429367
    outer loop
      vertex 40.06501388549805 10.833479881286621 50.709259033203125
      vertex 36.848060607910156 9.946910858154297 52.420658111572266
      vertex 37.32168197631836 10.163786888122559 49.93204879760742
    endloop
  endfacet
  facet normal 0.13893750309944153 -0.9339643716812134 -0.32925212383270264
    outer loop
      vertex 40.32180404663086 11.213452339172363 48.22053146362305
      vertex 37.32168197631836 10.163786888122559 49.93204879760742
      vertex 36.93531036376953 10.86397933959961 47.7828254699707
    endloop
  endfacet
  facet normal 0.2670302391052246 -0.9563791155815125 -0.11846494674682617
    outer loop
      vertex 37.32168197631836 10.163786888122559 49.93204879760742
      vertex 40.32180404663086 11.213452339172363 48.22053146362305
      vertex 40.06501388549805 10.833479881286621 50.709259033203125
    endloop
  endfacet
  facet normal 0.11400289833545685 -0.7404340505599976 -0.6623902320861816
    outer loop
      vertex 41.70741653442383 13.633085250854492 44.77935028076172
      vertex 39.63170623779297 12.053960800170898 46.18728256225586
      vertex 38.24724197387695 13.124757766723633 44.752044677734375
    endloop
  endfacet
  facet normal 0.05274777486920357 -0.8411593437194824 -0.5382087826728821
    outer loop
      vertex 39.63170623779297 12.053960800170898 46.18728256225586
      vertex 36.93531036376953 10.86397933959961 47.7828254699707
      vertex 35.88425827026367 11.859696388244629 46.12362289428711
    endloop
  endfacet
  facet normal -0.025333702564239502 -0.7127073407173157 -0.7010038495063782
    outer loop
      vertex 38.24724197387695 13.124757766723633 44.752044677734375
      vertex 35.88425827026367 11.859696388244629 46.12362289428711
      vertex 34.34983444213867 12.961155891418457 45.059226989746094
    endloop
  endfacet
  facet normal 0.0509161651134491 -0.7763050198554993 -0.628297746181488
    outer loop
      vertex 35.88425827026367 11.859696388244629 46.12362289428711
      vertex 38.24724197387695 13.124757766723633 44.752044677734375
      vertex 39.63170623779297 12.053960800170898 46.18728256225586
    endloop
  endfacet
  facet normal 0.14670725166797638 -0.8955824375152588 -0.420011043548584
    outer loop
      vertex 36.93531036376953 10.86397933959961 47.7828254699707
      vertex 39.63170623779297 12.053960800170898 46.18728256225586
      vertex 40.32180404663086 11.213452339172363 48.22053146362305
    endloop
  endfacet
  facet normal 0.22637885808944702 -0.7969179153442383 -0.5600664615631104
    outer loop
      vertex 39.63170623779297 12.053960800170898 46.18728256225586
      vertex 41.70741653442383 13.633085250854492 44.77935028076172
      vertex 42.75663757324219 12.693836212158203 46.53990173339844
    endloop
  endfacet
  facet normal 0.3932002782821655 -0.8934053182601929 -0.2173028588294983
    outer loop
      vertex 40.32180404663086 11.213452339172363 48.22053146362305
      vertex 42.75663757324219 12.693836212158203 46.53990173339844
      vertex 42.82030487060547 12.153852462768555 48.875160217285156
    endloop
  endfacet
  facet normal 0.22750021517276764 -0.8702375888824463 -0.43695563077926636
    outer loop
      vertex 42.75663757324219 12.693836212158203 46.53990173339844
      vertex 40.32180404663086 11.213452339172363 48.22053146362305
      vertex 39.63170623779297 12.053960800170898 46.18728256225586
    endloop
  endfacet
  facet normal 0.19749870896339417 -0.9802970290184021 0.0034836488775908947
    outer loop
      vertex 36.848060607910156 9.946910858154297 52.420658111572266
      vertex 33.487335205078125 9.274968147277832 53.866111755371094
      vertex 34.0426139831543 9.378467559814453 51.51034164428711
    endloop
  endfacet
  facet normal 0.1783587634563446 -0.9823430180549622 0.05648402124643326
    outer loop
      vertex 33.487335205078125 9.274968147277832 53.866111755371094
      vertex 30.152374267578125 8.732270240783691 54.958526611328125
      vertex 30.788745880126953 8.72513484954834 52.82497024536133
    endloop
  endfacet
  facet normal 0.10383044183254242 -0.9689193367958069 -0.22453193366527557
    outer loop
      vertex 34.0426139831543 9.378467559814453 51.51034164428711
      vertex 30.788745880126953 8.72513484954834 52.82497024536133
      vertex 30.733911514282227 9.194351196289062 50.774810791015625
    endloop
  endfacet
  facet normal 0.19828344881534576 -0.9801378846168518 0.0036756149493157864
    outer loop
      vertex 30.788745880126953 8.72513484954834 52.82497024536133
      vertex 34.0426139831543 9.378467559814453 51.51034164428711
      vertex 33.487335205078125 9.274968147277832 53.866111755371094
    endloop
  endfacet
  facet normal 0.13466766476631165 -0.9847092628479004 0.1105089783668518
    outer loop
      vertex 30.152374267578125 8.732270240783691 54.958526611328125
      vertex 26.94451141357422 8.381031036376953 55.737892150878906
      vertex 27.607641220092773 8.261271476745605 53.86265563964844
    endloop
  endfacet
  facet normal 0.12363302707672119 -0.9820556044578552 0.14241363108158112
    outer loop
      vertex 26.94451141357422 8.381031036376953 55.737892150878906
      vertex 24.402204513549805 8.135416030883789 56.251224517822266
      vertex 24.63554573059082 7.951889991760254 54.78309631347656
    endloop
  endfacet
  facet normal 0.08007297664880753 -0.9939236044883728 -0.07552581280469894
    outer loop
      vertex 27.607641220092773 8.261271476745605 53.86265563964844
      vertex 24.63554573059082 7.951889991760254 54.78309631347656
      vertex 24.634721755981445 8.082590103149414 53.06220245361328
    endloop
  endfacet
  facet normal 0.1369256228208542 -0.9843108057975769 0.11128200590610504
    outer loop
      vertex 24.63554573059082 7.951889991760254 54.78309631347656
      vertex 27.607641220092773 8.261271476745605 53.86265563964844
      vertex 26.94451141357422 8.381031036376953 55.737892150878906
    endloop
  endfacet
  facet normal 0.040888674557209015 -0.920234739780426 -0.38922515511512756
    outer loop
      vertex 30.733911514282227 9.194351196289062 50.774810791015625
      vertex 27.67026138305664 8.553348541259766 51.968475341796875
      vertex 27.279273986816406 9.280317306518555 50.208648681640625
    endloop
  endfacet
  facet normal 0.033375244587659836 -0.948323667049408 -0.31554439663887024
    outer loop
      vertex 27.67026138305664 8.553348541259766 51.968475341796875
      vertex 24.634721755981445 8.082590103149414 53.06220245361328
      vertex 24.31990623474121 8.643413543701172 51.34342956542969
    endloop
  endfacet
  facet normal 0.0027605220675468445 -0.875090479850769 -0.4839516282081604
    outer loop
      vertex 27.279273986816406 9.280317306518555 50.208648681640625
      vertex 24.31990623474121 8.643413543701172 51.34342956542969
      vertex 23.811431884765625 9.532125473022461 49.733543395996094
    endloop
  endfacet
  facet normal 0.048132430762052536 -0.9193558692932129 -0.3904714584350586
    outer loop
      vertex 24.31990623474121 8.643413543701172 51.34342956542969
      vertex 27.279273986816406 9.280317306518555 50.208648681640625
      vertex 27.67026138305664 8.553348541259766 51.968475341796875
    endloop
  endfacet
  facet normal 0.0991063266992569 -0.9839422106742859 -0.14844463765621185
    outer loop
      vertex 24.634721755981445 8.082590103149414 53.06220245361328
      vertex 27.67026138305664 8.553348541259766 51.968475341796875
      vertex 27.607641220092773 8.261271476745605 53.86265563964844
    endloop
  endfacet
  facet normal 0.11497535556554794 -0.9676579236984253 -0.2245413213968277
    outer loop
      vertex 27.67026138305664 8.553348541259766 51.968475341796875
      vertex 30.733911514282227 9.194351196289062 50.774810791015625
      vertex 30.788745880126953 8.72513484954834 52.82497024536133
    endloop
  endfacet
  facet normal 0.16042004525661469 -0.9857228994369507 0.051144786179065704
    outer loop
      vertex 27.607641220092773 8.261271476745605 53.86265563964844
      vertex 30.788745880126953 8.72513484954834 52.82497024536133
      vertex 30.152374267578125 8.732270240783691 54.958526611328125
    endloop
  endfacet
  facet normal 0.09504545480012894 -0.9843138456344604 -0.14863619208335876
    outer loop
      vertex 30.788745880126953 8.72513484954834 52.82497024536133
      vertex 27.607641220092773 8.261271476745605 53.86265563964844
      vertex 27.67026138305664 8.553348541259766 51.968475341796875
    endloop
  endfacet
  facet normal -0.10271908342838287 -0.6540441513061523 -0.7494497895240784
    outer loop
      vertex 34.34983444213867 12.961155891418457 45.059226989746094
      vertex 31.880474090576172 11.921707153320312 46.30480194091797
      vertex 30.407560348510742 13.014829635620117 45.552711486816406
    endloop
  endfacet
  facet normal -0.08913664519786835 -0.7175486087799072 -0.6907811760902405
    outer loop
      vertex 31.880474090576172 11.921707153320312 46.30480194091797
      vertex 29.20712661743164 11.050291061401367 47.55494689941406
      vertex 28.070972442626953 12.11197280883789 46.598731994628906
    endloop
  endfacet
  facet normal -0.12456192076206207 -0.5963660478591919 -0.7929892539978027
    outer loop
      vertex 30.407560348510742 13.014829635620117 45.552711486816406
      vertex 28.070972442626953 12.11197280883789 46.598731994628906
      vertex 26.671428680419922 13.1377534866333 46.04713439941406
    endloop
  endfacet
  facet normal -0.09076564759016037 -0.644591212272644 -0.7591204047203064
    outer loop
      vertex 28.070972442626953 12.11197280883789 46.598731994628906
      vertex 30.407560348510742 13.014829635620117 45.552711486816406
      vertex 31.880474090576172 11.921707153320312 46.30480194091797
    endloop
  endfacet
  facet normal -0.05359625071287155 -0.7520332932472229 -0.6569424867630005
    outer loop
      vertex 29.20712661743164 11.050291061401367 47.55494689941406
      vertex 26.541053771972656 10.23456859588623 48.70625305175781
      vertex 25.634811401367188 11.283540725708008 47.57938003540039
    endloop
  endfacet
  facet normal -0.02576325088739395 -0.7919828295707703 -0.6099997162818909
    outer loop
      vertex 26.541053771972656 10.23456859588623 48.70625305175781
      vertex 23.811431884765625 9.532125473022461 49.733543395996094
      vertex 23.08080291748047 10.542987823486328 48.45196533203125
    endloop
  endfacet
  facet normal -0.038902267813682556 -0.7028000950813293 -0.7103229761123657
    outer loop
      vertex 25.634811401367188 11.283540725708008 47.57938003540039
      vertex 23.08080291748047 10.542987823486328 48.45196533203125
      vertex 22.219505310058594 11.561065673828125 47.49184036254883
    endloop
  endfacet
  facet normal -0.016262657940387726 -0.73834627866745 -0.6742256879806519
    outer loop
      vertex 23.08080291748047 10.542987823486328 48.45196533203125
      vertex 25.634811401367188 11.283540725708008 47.57938003540039
      vertex 26.541053771972656 10.23456859588623 48.70625305175781
    endloop
  endfacet
  facet normal -0.0946921855211258 -0.5322379469871521 -0.8412824869155884
    outer loop
      vertex 26.671428680419922 13.1377534866333 46.04713439941406
      vertex 24.56048583984375 12.296716690063477 46.81681823730469
      vertex 23.260448455810547 13.253432273864746 46.357879638671875
    endloop
  endfacet
  facet normal -0.040386054664850235 -0.6027288436889648 -0.7969235181808472
    outer loop
      vertex 24.56048583984375 12.296716690063477 46.81681823730469
      vertex 22.219505310058594 11.561065673828125 47.49184036254883
      vertex 21.327632904052734 12.500377655029297 46.82661819458008
    endloop
  endfacet
  facet normal -0.0388924665749073 -0.45419156551361084 -0.8900548219680786
    outer loop
      vertex 23.260448455810547 13.253432273864746 46.357879638671875
      vertex 21.327632904052734 12.500377655029297 46.82661819458008
      vertex 20.49102210998535 13.324219703674316 46.442771911621094
    endloop
  endfacet
  facet normal -0.03212561830878258 -0.4674420952796936 -0.883439838886261
    outer loop
      vertex 21.327632904052734 12.500377655029297 46.82661819458008
      vertex 23.260448455810547 13.253432273864746 46.357879638671875
      vertex 24.56048583984375 12.296716690063477 46.81681823730469
    endloop
  endfacet
  facet normal -0.030435027554631233 -0.6214746832847595 -0.7828429341316223
    outer loop
      vertex 22.219505310058594 11.561065673828125 47.49184036254883
      vertex 24.56048583984375 12.296716690063477 46.81681823730469
      vertex 25.634811401367188 11.283540725708008 47.57938003540039
    endloop
  endfacet
  facet normal -0.08064413070678711 -0.5551734566688538 -0.8278157711029053
    outer loop
      vertex 24.56048583984375 12.296716690063477 46.81681823730469
      vertex 26.671428680419922 13.1377534866333 46.04713439941406
      vertex 28.070972442626953 12.11197280883789 46.598731994628906
    endloop
  endfacet
  facet normal -0.0504399873316288 -0.6976473927497864 -0.7146635055541992
    outer loop
      vertex 25.634811401367188 11.283540725708008 47.57938003540039
      vertex 28.070972442626953 12.11197280883789 46.598731994628906
      vertex 29.20712661743164 11.050291061401367 47.55494689941406
    endloop
  endfacet
  facet normal -0.08114456385374069 -0.652868390083313 -0.7531126141548157
    outer loop
      vertex 28.070972442626953 12.11197280883789 46.598731994628906
      vertex 25.634811401367188 11.283540725708008 47.57938003540039
      vertex 24.56048583984375 12.296716690063477 46.81681823730469
    endloop
  endfacet
  facet normal 0.012991896830499172 -0.8411514759063721 -0.5406436920166016
    outer loop
      vertex 23.811431884765625 9.532125473022461 49.733543395996094
      vertex 26.541053771972656 10.23456859588623 48.70625305175781
      vertex 27.279273986816406 9.280317306518555 50.208648681640625
    endloop
  endfacet
  facet normal -0.0018073472892865539 -0.8139726519584656 -0.5809004902839661
    outer loop
      vertex 26.541053771972656 10.23456859588623 48.70625305175781
      vertex 29.20712661743164 11.050291061401367 47.55494689941406
      vertex 30.129894256591797 10.037850379943848 48.970733642578125
    endloop
  endfacet
  facet normal 0.049179937690496445 -0.8983610272407532 -0.43649595975875854
    outer loop
      vertex 27.279273986816406 9.280317306518555 50.208648681640625
      vertex 30.129894256591797 10.037850379943848 48.970733642578125
      vertex 30.733911514282227 9.194351196289062 50.774810791015625
    endloop
  endfacet
  facet normal -0.007024821359664202 -0.8456617593765259 -0.5336729884147644
    outer loop
      vertex 30.129894256591797 10.037850379943848 48.970733642578125
      vertex 27.279273986816406 9.280317306518555 50.208648681640625
      vertex 26.541053771972656 10.23456859588623 48.70625305175781
    endloop
  endfacet
  facet normal -0.0314243920147419 -0.7871890664100647 -0.6159106492996216
    outer loop
      vertex 29.20712661743164 11.050291061401367 47.55494689941406
      vertex 31.880474090576172 11.921707153320312 46.30480194091797
      vertex 33.053489685058594 10.878849029541016 47.57781982421875
    endloop
  endfacet
  facet normal -0.04236369952559471 -0.7241717576980591 -0.6883172392845154
    outer loop
      vertex 31.880474090576172 11.921707153320312 46.30480194091797
      vertex 34.34983444213867 12.961155891418457 45.059226989746094
      vertex 35.88425827026367 11.859696388244629 46.12362289428711
    endloop
  endfacet
  facet normal 0.024510608986020088 -0.8502640724182129 -0.5257853865623474
    outer loop
      vertex 33.053489685058594 10.878849029541016 47.57781982421875
      vertex 35.88425827026367 11.859696388244629 46.12362289428711
      vertex 36.93531036376953 10.86397933959961 47.7828254699707
    endloop
  endfacet
  facet normal -0.03989258036017418 -0.7906615734100342 -0.6109523177146912
    outer loop
      vertex 35.88425827026367 11.859696388244629 46.12362289428711
      vertex 33.053489685058594 10.878849029541016 47.57781982421875
      vertex 31.880474090576172 11.921707153320312 46.30480194091797
    endloop
  endfacet
  facet normal 0.1137472465634346 -0.9554012417793274 -0.2725253701210022
    outer loop
      vertex 30.733911514282227 9.194351196289062 50.774810791015625
      vertex 33.847801208496094 9.968348503112793 49.36106491088867
      vertex 34.0426139831543 9.378467559814453 51.51034164428711
    endloop
  endfacet
  facet normal 0.1063208281993866 -0.9396367073059082 -0.3252364993095398
    outer loop
      vertex 33.847801208496094 9.968348503112793 49.36106491088867
      vertex 36.93531036376953 10.86397933959961 47.7828254699707
      vertex 37.32168197631836 10.163786888122559 49.93204879760742
    endloop
  endfacet
  facet normal 0.2122904658317566 -0.9761850833892822 -0.04466986656188965
    outer loop
      vertex 34.0426139831543 9.378467559814453 51.51034164428711
      vertex 37.32168197631836 10.163786888122559 49.93204879760742
      vertex 36.848060607910156 9.946910858154297 52.420658111572266
    endloop
  endfacet
  facet normal 0.09851280599832535 -0.9573338031768799 -0.27167487144470215
    outer loop
      vertex 37.32168197631836 10.163786888122559 49.93204879760742
      vertex 34.0426139831543 9.378467559814453 51.51034164428711
      vertex 33.847801208496094 9.968348503112793 49.36106491088867
    endloop
  endfacet
  facet normal 0.021005207672715187 -0.88660728931427 -0.4620458781719208
    outer loop
      vertex 36.93531036376953 10.86397933959961 47.7828254699707
      vertex 33.847801208496094 9.968348503112793 49.36106491088867
      vertex 33.053489685058594 10.878849029541016 47.57781982421875
    endloop
  endfacet
  facet normal 0.028407733887434006 -0.9018272757530212 -0.4311618506908417
    outer loop
      vertex 33.847801208496094 9.968348503112793 49.36106491088867
      vertex 30.733911514282227 9.194351196289062 50.774810791015625
      vertex 30.129894256591797 10.037850379943848 48.970733642578125
    endloop
  endfacet
  facet normal -0.03331704065203667 -0.8231129050254822 -0.5668997168540955
    outer loop
      vertex 33.053489685058594 10.878849029541016 47.57781982421875
      vertex 30.129894256591797 10.037850379943848 48.970733642578125
      vertex 29.20712661743164 11.050291061401367 47.55494689941406
    endloop
  endfacet
  facet normal 0.03238418698310852 -0.8842412233352661 -0.4659063518047333
    outer loop
      vertex 30.129894256591797 10.037850379943848 48.970733642578125
      vertex 33.053489685058594 10.878849029541016 47.57781982421875
      vertex 33.847801208496094 9.968348503112793 49.36106491088867
    endloop
  endfacet
  facet normal -0.0616472065448761 -0.9058128595352173 0.4191690683364868
    outer loop
      vertex 24.402204513549805 8.135416030883789 56.251224517822266
      vertex 22.464923858642578 8.78056526184082 57.36045837402344
      vertex 22.093168258666992 8.102985382080078 55.841552734375
    endloop
  endfacet
  facet normal -0.16316987574100494 -0.8205184936523438 0.5478366017341614
    outer loop
      vertex 22.464923858642578 8.78056526184082 57.36045837402344
      vertex 19.89097023010254 10.044891357421875 58.487457275390625
      vertex 19.417984008789062 9.10540771484375 56.939476013183594
    endloop
  endfacet
  facet normal -0.1942872554063797 -0.9125766754150391 0.3598003089427948
    outer loop
      vertex 22.093168258666992 8.102985382080078 55.841552734375
      vertex 19.417984008789062 9.10540771484375 56.939476013183594
      vertex 19.042028427124023 8.535112380981445 55.290000915527344
    endloop
  endfacet
  facet normal -0.15457193553447723 -0.8876471519470215 0.4338088929653168
    outer loop
      vertex 19.417984008789062 9.10540771484375 56.939476013183594
      vertex 22.093168258666992 8.102985382080078 55.841552734375
      vertex 22.464923858642578 8.78056526184082 57.36045837402344
    endloop
  endfacet
  facet normal -0.21823540329933167 -0.7349118590354919 0.6420886516571045
    outer loop
      vertex 19.89097023010254 10.044891357421875 58.487457275390625
      vertex 17.00937843322754 11.716715812683105 59.42156219482422
      vertex 16.549354553222656 10.539446830749512 57.917747497558594
    endloop
  endfacet
  facet normal -0.2607952058315277 -0.6601600050926208 0.7043967247009277
    outer loop
      vertex 17.00937843322754 11.716715812683105 59.42156219482422
      vertex 13.984003067016602 13.656021118164062 60.11896514892578
      vertex 13.562576293945312 12.305424690246582 58.69715881347656
    endloop
  endfacet
  facet normal -0.27054518461227417 -0.7330138683319092 0.6240962147712708
    outer loop
      vertex 16.549354553222656 10.539446830749512 57.917747497558594
      vertex 13.562576293945312 12.305424690246582 58.69715881347656
      vertex 13.098310470581055 11.162129402160645 57.153076171875
    endloop
  endfacet
  facet normal -0.2582974135875702 -0.7207590341567993 0.6432642340660095
    outer loop
      vertex 13.562576293945312 12.305424690246582 58.69715881347656
      vertex 16.549354553222656 10.539446830749512 57.917747497558594
      vertex 17.00937843322754 11.716715812683105 59.42156219482422
    endloop
  endfacet
  facet normal -0.23416882753372192 -0.9184895753860474 0.3186562955379486
    outer loop
      vertex 19.042028427124023 8.535112380981445 55.290000915527344
      vertex 16.11574363708496 9.636642456054688 56.314613342285156
      vertex 15.64095687866211 9.162307739257812 54.59849548339844
    endloop
  endfacet
  facet normal -0.2812117040157318 -0.8253487348556519 0.48961159586906433
    outer loop
      vertex 16.11574363708496 9.636642456054688 56.314613342285156
      vertex 13.098310470581055 11.162129402160645 57.153076171875
      vertex 12.602090835571289 10.354028701782227 55.505836486816406
    endloop
  endfacet
  facet normal -0.2706153094768524 -0.915866494178772 0.2965739071369171
    outer loop
      vertex 15.64095687866211 9.162307739257812 54.59849548339844
      vertex 12.602090835571289 10.354028701782227 55.505836486816406
      vertex 12.022480010986328 9.964702606201172 53.774658203125
    endloop
  endfacet
  facet normal -0.2601998448371887 -0.9097679853439331 0.32344746589660645
    outer loop
      vertex 12.602090835571289 10.354028701782227 55.505836486816406
      vertex 15.64095687866211 9.162307739257812 54.59849548339844
      vertex 16.11574363708496 9.636642456054688 56.314613342285156
    endloop
  endfacet
  facet normal -0.2625531256198883 -0.8086718320846558 0.5264177918434143
    outer loop
      vertex 13.098310470581055 11.162129402160645 57.153076171875
      vertex 16.11574363708496 9.636642456054688 56.314613342285156
      vertex 16.549354553222656 10.539446830749512 57.917747497558594
    endloop
  endfacet
  facet normal -0.21449434757232666 -0.9069772958755493 0.36247003078460693
    outer loop
      vertex 16.11574363708496 9.636642456054688 56.314613342285156
      vertex 19.042028427124023 8.535112380981445 55.290000915527344
      vertex 19.417984008789062 9.10540771484375 56.939476013183594
    endloop
  endfacet
  facet normal -0.21352198719978333 -0.8048619627952576 0.5537196397781372
    outer loop
      vertex 16.549354553222656 10.539446830749512 57.917747497558594
      vertex 19.417984008789062 9.10540771484375 56.939476013183594
      vertex 19.89097023010254 10.044891357421875 58.487457275390625
    endloop
  endfacet
  facet normal -0.23104222118854523 -0.8197112083435059 0.5241116881370544
    outer loop
      vertex 19.417984008789062 9.10540771484375 56.939476013183594
      vertex 16.549354553222656 10.539446830749512 57.917747497558594
      vertex 16.11574363708496 9.636642456054688 56.314613342285156
    endloop
  endfacet
  facet normal -0.28090742230415344 -0.5605101585388184 0.7790502905845642
    outer loop
      vertex 13.984003067016602 13.656021118164062 60.11896514892578
      vertex 10.945829391479492 15.799373626708984 60.56556701660156
      vertex 10.569995880126953 14.248991012573242 59.31458282470703
    endloop
  endfacet
  facet normal -0.2964610457420349 -0.5067342519760132 0.8095252513885498
    outer loop
      vertex 10.945829391479492 15.799373626708984 60.56556701660156
      vertex 8.066289901733398 17.832475662231445 60.78368377685547
      vertex 7.740453720092773 16.37674331665039 59.75312042236328
    endloop
  endfacet
  facet normal -0.2879284918308258 -0.5451668500900269 0.7873311042785645
    outer loop
      vertex 10.569995880126953 14.248991012573242 59.31458282470703
      vertex 7.740453720092773 16.37674331665039 59.75312042236328
      vertex 7.393342971801758 14.915938377380371 58.61468505859375
    endloop
  endfacet
  facet normal -0.29692429304122925 -0.5550099015235901 0.7770456671714783
    outer loop
      vertex 7.740453720092773 16.37674331665039 59.75312042236328
      vertex 10.569995880126953 14.248991012573242 59.31458282470703
      vertex 10.945829391479492 15.799373626708984 60.56556701660156
    endloop
  endfacet
  facet normal -0.3208976686000824 -0.45147404074668884 0.8325838446617126
    outer loop
      vertex 8.066289901733398 17.832475662231445 60.78368377685547
      vertex 5.461118698120117 19.7082462310791 60.79673767089844
      vertex 5.307310104370117 18.27960968017578 59.9627685546875
    endloop
  endfacet
  facet normal -0.384317547082901 -0.41975322365760803 0.822257399559021
    outer loop
      vertex 5.461118698120117 19.7082462310791 60.79673767089844
      vertex 3.7530460357666016 21.210548400878906 60.76530456542969
      vertex 3.5984153747558594 20.06838607788086 60.10997009277344
    endloop
  endfacet
  facet normal -0.35684967041015625 -0.40998828411102295 0.839385449886322
    outer loop
      vertex 5.307310104370117 18.27960968017578 59.9627685546875
      vertex 3.5984153747558594 20.06838607788086 60.10997009277344
      vertex 3.3864383697509766 18.825801849365234 59.412925720214844
    endloop
  endfacet
  facet normal -0.3843299448490143 -0.43421071767807007 0.814709484577179
    outer loop
      vertex 3.5984153747558594 20.06838607788086 60.10997009277344
      vertex 5.307310104370117 18.27960968017578 59.9627685546875
      vertex 5.461118698120117 19.7082462310791 60.79673767089844
    endloop
  endfacet
  facet normal -0.2968902289867401 -0.5362498760223389 0.7901216745376587
    outer loop
      vertex 7.393342971801758 14.915938377380371 58.61468505859375
      vertex 5.041309356689453 16.924930572509766 59.094390869140625
      vertex 4.686822891235352 15.512332916259766 58.002471923828125
    endloop
  endfacet
  facet normal -0.3364410102367401 -0.4330313503742218 0.836236298084259
    outer loop
      vertex 5.041309356689453 16.924930572509766 59.094390869140625
      vertex 3.3864383697509766 18.825801849365234 59.412925720214844
      vertex 3.1426467895507812 17.469043731689453 58.612266540527344
    endloop
  endfacet
  facet normal -0.31140390038490295 -0.4979780614376068 0.8093488216400146
    outer loop
      vertex 4.686822891235352 15.512332916259766 58.002471923828125
      vertex 3.1426467895507812 17.469043731689453 58.612266540527344
      vertex 2.7708683013916016 16.01158905029297 57.57247543334961
    endloop
  endfacet
  facet normal -0.34693098068237305 -0.5175442695617676 0.7821681499481201
    outer loop
      vertex 3.1426467895507812 17.469043731689453 58.612266540527344
      vertex 4.686822891235352 15.512332916259766 58.002471923828125
      vertex 5.041309356689453 16.924930572509766 59.094390869140625
    endloop
  endfacet
  facet normal -0.3618682622909546 -0.4516916573047638 0.815491259098053
    outer loop
      vertex 3.3864383697509766 18.825801849365234 59.412925720214844
      vertex 5.041309356689453 16.924930572509766 59.094390869140625
      vertex 5.307310104370117 18.27960968017578 59.9627685546875
    endloop
  endfacet
  facet normal -0.30147069692611694 -0.5405030846595764 0.7854756712913513
    outer loop
      vertex 5.041309356689453 16.924930572509766 59.094390869140625
      vertex 7.393342971801758 14.915938377380371 58.61468505859375
      vertex 7.740453720092773 16.37674331665039 59.75312042236328
    endloop
  endfacet
  facet normal -0.32045575976371765 -0.4985022246837616 0.8054835200309753
    outer loop
      vertex 5.307310104370117 18.27960968017578 59.9627685546875
      vertex 7.740453720092773 16.37674331665039 59.75312042236328
      vertex 8.066289901733398 17.832475662231445 60.78368377685547
    endloop
  endfacet
  facet normal -0.29837509989738464 -0.47286760807037354 0.8290768265724182
    outer loop
      vertex 7.740453720092773 16.37674331665039 59.75312042236328
      vertex 5.307310104370117 18.27960968017578 59.9627685546875
      vertex 5.041309356689453 16.924930572509766 59.094390869140625
    endloop
  endfacet
  facet normal -0.28081458806991577 -0.9298648238182068 0.23768597841262817
    outer loop
      vertex 12.022480010986328 9.964702606201172 53.774658203125
      vertex 9.095928192138672 11.097992897033691 54.75068664550781
      vertex 8.455289840698242 10.864904403686523 53.08192443847656
    endloop
  endfacet
  facet normal -0.299527645111084 -0.8442228436470032 0.44448962807655334
    outer loop
      vertex 9.095928192138672 11.097992897033691 54.75068664550781
      vertex 6.426385879516602 12.585323333740234 55.77666473388672
      vertex 5.818309783935547 11.985679626464844 54.22799301147461
    endloop
  endfacet
  facet normal -0.306666761636734 -0.9297756552696228 0.20364870131015778
    outer loop
      vertex 8.455289840698242 10.864904403686523 53.08192443847656
      vertex 5.818309783935547 11.985679626464844 54.22799301147461
      vertex 5.146364212036133 11.847017288208008 52.58306121826172
    endloop
  endfacet
  facet normal -0.2892880141735077 -0.926544189453125 0.2404751181602478
    outer loop
      vertex 5.818309783935547 11.985679626464844 54.22799301147461
      vertex 8.455289840698242 10.864904403686523 53.08192443847656
      vertex 9.095928192138672 11.097992897033691 54.75068664550781
    endloop
  endfacet
  facet normal -0.2935972511768341 -0.7343543171882629 0.6119840145111084
    outer loop
      vertex 6.426385879516602 12.585323333740234 55.77666473388672
      vertex 4.244180679321289 14.27996826171875 56.76325988769531
      vertex 3.6414318084716797 13.334373474121094 55.339420318603516
    endloop
  endfacet
  facet normal -0.3100433051586151 -0.6060931086540222 0.7324782013893127
    outer loop
      vertex 4.244180679321289 14.27996826171875 56.76325988769531
      vertex 2.7708683013916016 16.01158905029297 57.57247543334961
      vertex 2.310150146484375 14.77901554107666 56.35756301879883
    endloop
  endfacet
  facet normal -0.31491798162460327 -0.7233105897903442 0.6145310401916504
    outer loop
      vertex 3.6414318084716797 13.334373474121094 55.339420318603516
      vertex 2.310150146484375 14.77901554107666 56.35756301879883
      vertex 1.628488540649414 13.863565444946289 54.930747985839844
    endloop
  endfacet
  facet normal -0.3154885768890381 -0.7234851717948914 0.6140327453613281
    outer loop
      vertex 2.310150146484375 14.77901554107666 56.35756301879883
      vertex 3.6414318084716797 13.334373474121094 55.339420318603516
      vertex 4.244180679321289 14.27996826171875 56.76325988769531
    endloop
  endfacet
  facet normal -0.3280477225780487 -0.9337120652198792 0.14341020584106445
    outer loop
      vertex 5.146364212036133 11.847017288208008 52.58306121826172
      vertex 2.9839553833007812 12.795089721679688 53.809288024902344
      vertex 2.36041259765625 12.763801574707031 52.179237365722656
    endloop
  endfacet
  facet normal -0.32007354497909546 -0.8484582304954529 0.421511173248291
    outer loop
      vertex 2.9839553833007812 12.795089721679688 53.809288024902344
      vertex 1.628488540649414 13.863565444946289 54.930747985839844
      vertex 0.9346828460693359 13.35386848449707 53.3779411315918
    endloop
  endfacet
  facet normal -0.24260398745536804 -0.9531583189964294 0.1806446760892868
    outer loop
      vertex 2.36041259765625 12.763801574707031 52.179237365722656
      vertex 0.9346828460693359 13.35386848449707 53.3779411315918
      vertex 0.24185562133789062 13.218938827514648 51.73553466796875
    endloop
  endfacet
  facet normal -0.2858221232891083 -0.9497541189193726 0.12756557762622833
    outer loop
      vertex 0.9346828460693359 13.35386848449707 53.3779411315918
      vertex 2.36041259765625 12.763801574707031 52.179237365722656
      vertex 2.9839553833007812 12.795089721679688 53.809288024902344
    endloop
  endfacet
  facet normal -0.3103141188621521 -0.8468980193138123 0.4318205714225769
    outer loop
      vertex 1.628488540649414 13.863565444946289 54.930747985839844
      vertex 2.9839553833007812 12.795089721679688 53.809288024902344
      vertex 3.6414318084716797 13.334373474121094 55.339420318603516
    endloop
  endfacet
  facet normal -0.29622963070869446 -0.9339976906776428 0.19974111020565033
    outer loop
      vertex 2.9839553833007812 12.795089721679688 53.809288024902344
      vertex 5.146364212036133 11.847017288208008 52.58306121826172
      vertex 5.818309783935547 11.985679626464844 54.22799301147461
    endloop
  endfacet
  facet normal -0.2970755696296692 -0.8453628420829773 0.4439682066440582
    outer loop
      vertex 3.6414318084716797 13.334373474121094 55.339420318603516
      vertex 5.818309783935547 11.985679626464844 54.22799301147461
      vertex 6.426385879516602 12.585323333740234 55.77666473388672
    endloop
  endfacet
  facet normal -0.30607742071151733 -0.8489890098571777 0.43073707818984985
    outer loop
      vertex 5.818309783935547 11.985679626464844 54.22799301147461
      vertex 3.6414318084716797 13.334373474121094 55.339420318603516
      vertex 2.9839553833007812 12.795089721679688 53.809288024902344
    endloop
  endfacet
  facet normal -0.32159140706062317 -0.6114732623100281 0.7229657769203186
    outer loop
      vertex 2.7708683013916016 16.01158905029297 57.57247543334961
      vertex 4.244180679321289 14.27996826171875 56.76325988769531
      vertex 4.686822891235352 15.512332916259766 58.002471923828125
    endloop
  endfacet
  facet normal -0.28037139773368835 -0.7263681292533875 0.627519965171814
    outer loop
      vertex 4.244180679321289 14.27996826171875 56.76325988769531
      vertex 6.426385879516602 12.585323333740234 55.77666473388672
      vertex 6.975421905517578 13.660449981689453 57.26645278930664
    endloop
  endfacet
  facet normal -0.30105817317962646 -0.6495426297187805 0.698182225227356
    outer loop
      vertex 4.686822891235352 15.512332916259766 58.002471923828125
      vertex 6.975421905517578 13.660449981689453 57.26645278930664
      vertex 7.393342971801758 14.915938377380371 58.61468505859375
    endloop
  endfacet
  facet normal -0.27660658955574036 -0.6301839351654053 0.7255046963691711
    outer loop
      vertex 6.975421905517578 13.660449981689453 57.26645278930664
      vertex 4.686822891235352 15.512332916259766 58.002471923828125
      vertex 4.244180679321289 14.27996826171875 56.76325988769531
    endloop
  endfacet
  facet normal -0.277319073677063 -0.830719530582428 0.4826999008655548
    outer loop
      vertex 6.426385879516602 12.585323333740234 55.77666473388672
      vertex 9.095928192138672 11.097992897033691 54.75068664550781
      vertex 9.653179168701172 11.855859756469727 56.37511444091797
    endloop
  endfacet
  facet normal -0.25850263237953186 -0.9203370213508606 0.2935238778591156
    outer loop
      vertex 9.095928192138672 11.097992897033691 54.75068664550781
      vertex 12.022480010986328 9.964702606201172 53.774658203125
      vertex 12.602090835571289 10.354028701782227 55.505836486816406
    endloop
  endfacet
  facet normal -0.27699777483940125 -0.8270343542098999 0.48916909098625183
    outer loop
      vertex 9.653179168701172 11.855859756469727 56.37511444091797
      vertex 12.602090835571289 10.354028701782227 55.505836486816406
      vertex 13.098310470581055 11.162129402160645 57.153076171875
    endloop
  endfacet
  facet normal -0.28007224202156067 -0.829560399055481 0.48310357332229614
    outer loop
      vertex 12.602090835571289 10.354028701782227 55.505836486816406
      vertex 9.653179168701172 11.855859756469727 56.37511444091797
      vertex 9.095928192138672 11.097992897033691 54.75068664550781
    endloop
  endfacet
  facet normal -0.29114970564842224 -0.6552714705467224 0.697030246257782
    outer loop
      vertex 7.393342971801758 14.915938377380371 58.61468505859375
      vertex 10.158971786499023 12.962759017944336 57.93372344970703
      vertex 10.569995880126953 14.248991012573242 59.31458282470703
    endloop
  endfacet
  facet normal -0.28081241250038147 -0.729026734828949 0.6242311000823975
    outer loop
      vertex 10.158971786499023 12.962759017944336 57.93372344970703
      vertex 13.098310470581055 11.162129402160645 57.153076171875
      vertex 13.562576293945312 12.305424690246582 58.69715881347656
    endloop
  endfacet
  facet normal -0.27926456928253174 -0.6534901261329651 0.7035353183746338
    outer loop
      vertex 10.569995880126953 14.248991012573242 59.31458282470703
      vertex 13.562576293945312 12.305424690246582 58.69715881347656
      vertex 13.984003067016602 13.656021118164062 60.11896514892578
    endloop
  endfacet
  facet normal -0.28354763984680176 -0.6581518054008484 0.6974502801895142
    outer loop
      vertex 13.562576293945312 12.305424690246582 58.69715881347656
      vertex 10.569995880126953 14.248991012573242 59.31458282470703
      vertex 10.158971786499023 12.962759017944336 57.93372344970703
    endloop
  endfacet
  facet normal -0.2867749333381653 -0.7346802949905396 0.6148211359977722
    outer loop
      vertex 13.098310470581055 11.162129402160645 57.153076171875
      vertex 10.158971786499023 12.962759017944336 57.93372344970703
      vertex 9.653179168701172 11.855859756469727 56.37511444091797
    endloop
  endfacet
  facet normal -0.28979232907295227 -0.6539715528488159 0.6988143920898438
    outer loop
      vertex 10.158971786499023 12.962759017944336 57.93372344970703
      vertex 7.393342971801758 14.915938377380371 58.61468505859375
      vertex 6.975421905517578 13.660449981689453 57.26645278930664
    endloop
  endfacet
  facet normal -0.2805701494216919 -0.7262818217277527 0.6275309324264526
    outer loop
      vertex 9.653179168701172 11.855859756469727 56.37511444091797
      vertex 6.975421905517578 13.660449981689453 57.26645278930664
      vertex 6.426385879516602 12.585323333740234 55.77666473388672
    endloop
  endfacet
  facet normal -0.2896314859390259 -0.7334902882575989 0.6149029731750488
    outer loop
      vertex 6.975421905517578 13.660449981689453 57.26645278930664
      vertex 9.653179168701172 11.855859756469727 56.37511444091797
      vertex 10.158971786499023 12.962759017944336 57.93372344970703
    endloop
  endfacet
  facet normal -0.2509377896785736 -0.9390740990638733 0.23488342761993408
    outer loop
      vertex 0.24185562133789062 13.218938827514648 51.73553466796875
      vertex 1.6317939758300781 12.514022827148438 50.402191162109375
      vertex 2.36041259765625 12.763801574707031 52.179237365722656
    endloop
  endfacet
  facet normal -0.2516138255596161 -0.9676783084869385 0.017008891329169273
    outer loop
      vertex 1.6317939758300781 12.514022827148438 50.402191162109375
      vertex 3.816638946533203 11.92181396484375 49.03052520751953
      vertex 4.416036605834961 11.796782493591309 50.78410720825195
    endloop
  endfacet
  facet normal -0.3293830156326294 -0.9305914640426636 0.15970700979232788
    outer loop
      vertex 2.36041259765625 12.763801574707031 52.179237365722656
      vertex 4.416036605834961 11.796782493591309 50.78410720825195
      vertex 5.146364212036133 11.847017288208008 52.58306121826172
    endloop
  endfacet
  facet normal -0.27309709787368774 -0.9308385848999023 0.24281156063079834
    outer loop
      vertex 4.416036605834961 11.796782493591309 50.78410720825195
      vertex 2.36041259765625 12.763801574707031 52.179237365722656
      vertex 1.6317939758300781 12.514022827148438 50.402191162109375
    endloop
  endfacet
  facet normal -0.22217340767383575 -0.945706844329834 -0.23722900450229645
    outer loop
      vertex 3.816638946533203 11.92181396484375 49.03052520751953
      vertex 6.568037033081055 11.538854598999023 47.98040008544922
      vertex 7.004199981689453 11.06597900390625 49.45702362060547
    endloop
  endfacet
  facet normal -0.14035815000534058 -0.8658822178840637 -0.4801535904407501
    outer loop
      vertex 6.568037033081055 11.538854598999023 47.98040008544922
      vertex 9.574077606201172 11.441286087036133 47.277626037597656
      vertex 9.93130874633789 10.702995300292969 48.50459289550781
    endloop
  endfacet
  facet normal -0.1940411776304245 -0.9528735876083374 -0.2331950068473816
    outer loop
      vertex 7.004199981689453 11.06597900390625 49.45702362060547
      vertex 9.93130874633789 10.702995300292969 48.50459289550781
      vertex 10.545686721801758 10.187055587768555 50.101585388183594
    endloop
  endfacet
  facet normal -0.19758689403533936 -0.9490318894386292 -0.24555611610412598
    outer loop
      vertex 9.93130874633789 10.702995300292969 48.50459289550781
      vertex 7.004199981689453 11.06597900390625 49.45702362060547
      vertex 6.568037033081055 11.538854598999023 47.98040008544922
    endloop
  endfacet
  facet normal -0.3002139627933502 -0.9447948336601257 0.13127951323986053
    outer loop
      vertex 5.146364212036133 11.847017288208008 52.58306121826172
      vertex 7.695423126220703 10.853139877319336 51.25957107543945
      vertex 8.455289840698242 10.864904403686523 53.08192443847656
    endloop
  endfacet
  facet normal -0.24322907626628876 -0.9690912365913391 -0.041253138333559036
    outer loop
      vertex 7.695423126220703 10.853139877319336 51.25957107543945
      vertex 10.545686721801758 10.187055587768555 50.101585388183594
      vertex 11.296586990356445 9.92143440246582 51.9140625
    endloop
  endfacet
  facet normal -0.2656494081020355 -0.9558178186416626 0.1258680522441864
    outer loop
      vertex 8.455289840698242 10.864904403686523 53.08192443847656
      vertex 11.296586990356445 9.92143440246582 51.9140625
      vertex 12.022480010986328 9.964702606201172 53.774658203125
    endloop
  endfacet
  facet normal -0.26880785822868347 -0.9559069275856018 0.1182558462023735
    outer loop
      vertex 11.296586990356445 9.92143440246582 51.9140625
      vertex 8.455289840698242 10.864904403686523 53.08192443847656
      vertex 7.695423126220703 10.853139877319336 51.25957107543945
    endloop
  endfacet
  facet normal -0.23670020699501038 -0.97128826379776 -0.02391919679939747
    outer loop
      vertex 10.545686721801758 10.187055587768555 50.101585388183594
      vertex 7.695423126220703 10.853139877319336 51.25957107543945
      vertex 7.004199981689453 11.06597900390625 49.45702362060547
    endloop
  endfacet
  facet normal -0.2929961383342743 -0.9450027942657471 0.14533734321594238
    outer loop
      vertex 7.695423126220703 10.853139877319336 51.25957107543945
      vertex 5.146364212036133 11.847017288208008 52.58306121826172
      vertex 4.416036605834961 11.796782493591309 50.78410720825195
    endloop
  endfacet
  facet normal -0.26183536648750305 -0.9648905396461487 0.02070152759552002
    outer loop
      vertex 7.004199981689453 11.06597900390625 49.45702362060547
      vertex 4.416036605834961 11.796782493591309 50.78410720825195
      vertex 3.816638946533203 11.92181396484375 49.03052520751953
    endloop
  endfacet
  facet normal -0.2754663825035095 -0.9612785577774048 -0.007871607318520546
    outer loop
      vertex 4.416036605834961 11.796782493591309 50.78410720825195
      vertex 7.004199981689453 11.06597900390625 49.45702362060547
      vertex 7.695423126220703 10.853139877319336 51.25957107543945
    endloop
  endfacet
  facet normal -0.029625995084643364 -0.7407606840133667 -0.6711154580116272
    outer loop
      vertex 9.574077606201172 11.441286087036133 47.277626037597656
      vertex 12.626834869384766 11.728960037231445 46.82533645629883
      vertex 12.964258193969727 10.790810585021973 47.845947265625
    endloop
  endfacet
  facet normal 0.037787336856126785 -0.6489976048469543 -0.7598515748977661
    outer loop
      vertex 12.626834869384766 11.728960037231445 46.82533645629883
      vertex 15.580172538757324 12.224055290222168 46.549339294433594
      vertex 15.987513542175293 11.22567367553711 47.422325134277344
    endloop
  endfacet
  facet normal 0.015541480854153633 -0.7510488629341125 -0.660063624382019
    outer loop
      vertex 12.964258193969727 10.790810585021973 47.845947265625
      vertex 15.987513542175293 11.22567367553711 47.422325134277344
      vertex 16.594341278076172 10.251770973205566 48.544761657714844
    endloop
  endfacet
  facet normal 0.010556512512266636 -0.7344406247138977 -0.6785908341407776
    outer loop
      vertex 15.987513542175293 11.22567367553711 47.422325134277344
      vertex 12.964258193969727 10.790810585021973 47.845947265625
      vertex 12.626834869384766 11.728960037231445 46.82533645629883
    endloop
  endfacet
  facet normal 0.08275000005960464 -0.5590004324913025 -0.8250279426574707
    outer loop
      vertex 15.580172538757324 12.224055290222168 46.549339294433594
      vertex 18.31173324584961 12.781462669372559 46.445640563964844
      vertex 18.804954528808594 11.84166431427002 47.131874084472656
    endloop
  endfacet
  facet normal 0.08547881990671158 -0.3481502830982208 -0.9335335493087769
    outer loop
      vertex 18.31173324584961 12.781462669372559 46.445640563964844
      vertex 20.49102210998535 13.324219703674316 46.442771911621094
      vertex 21.327632904052734 12.500377655029297 46.82661819458008
    endloop
  endfacet
  facet normal 0.04271788150072098 -0.5500888228416443 -0.8340129256248474
    outer loop
      vertex 18.804954528808594 11.84166431427002 47.131874084472656
      vertex 21.327632904052734 12.500377655029297 46.82661819458008
      vertex 22.219505310058594 11.561065673828125 47.49184036254883
    endloop
  endfacet
  facet normal 0.05017323046922684 -0.5716619491577148 -0.8189537525177002
    outer loop
      vertex 21.327632904052734 12.500377655029297 46.82661819458008
      vertex 18.804954528808594 11.84166431427002 47.131874084472656
      vertex 18.31173324584961 12.781462669372559 46.445640563964844
    endloop
  endfacet
  facet normal 0.0333041250705719 -0.7467684745788574 -0.6642497181892395
    outer loop
      vertex 16.594341278076172 10.251770973205566 48.544761657714844
      vertex 19.529865264892578 10.835832595825195 48.03532409667969
      vertex 20.279247283935547 9.824652671813965 49.209693908691406
    endloop
  endfacet
  facet normal 0.031481120735406876 -0.671532154083252 -0.7403063774108887
    outer loop
      vertex 19.529865264892578 10.835832595825195 48.03532409667969
      vertex 22.219505310058594 11.561065673828125 47.49184036254883
      vertex 23.08080291748047 10.542987823486328 48.45196533203125
    endloop
  endfacet
  facet normal 0.02898506261408329 -0.7767228484153748 -0.6291753053665161
    outer loop
      vertex 20.279247283935547 9.824652671813965 49.209693908691406
      vertex 23.08080291748047 10.542987823486328 48.45196533203125
      vertex 23.811431884765625 9.532125473022461 49.733543395996094
    endloop
  endfacet
  facet normal 0.015103998593986034 -0.7529230117797852 -0.6579352617263794
    outer loop
      vertex 23.08080291748047 10.542987823486328 48.45196533203125
      vertex 20.279247283935547 9.824652671813965 49.209693908691406
      vertex 19.529865264892578 10.835832595825195 48.03532409667969
    endloop
  endfacet
  facet normal 0.02528994157910347 -0.657866358757019 -0.7527099847793579
    outer loop
      vertex 22.219505310058594 11.561065673828125 47.49184036254883
      vertex 19.529865264892578 10.835832595825195 48.03532409667969
      vertex 18.804954528808594 11.84166431427002 47.131874084472656
    endloop
  endfacet
  facet normal 0.033000070601701736 -0.7460031509399414 -0.6651243567466736
    outer loop
      vertex 19.529865264892578 10.835832595825195 48.03532409667969
      vertex 16.594341278076172 10.251770973205566 48.544761657714844
      vertex 15.987513542175293 11.22567367553711 47.422325134277344
    endloop
  endfacet
  facet normal 0.06176172196865082 -0.642593502998352 -0.7637141346931458
    outer loop
      vertex 18.804954528808594 11.84166431427002 47.131874084472656
      vertex 15.987513542175293 11.22567367553711 47.422325134277344
      vertex 15.580172538757324 12.224055290222168 46.549339294433594
    endloop
  endfacet
  facet normal 0.061587948352098465 -0.6420289874076843 -0.7642026543617249
    outer loop
      vertex 15.987513542175293 11.22567367553711 47.422325134277344
      vertex 18.804954528808594 11.84166431427002 47.131874084472656
      vertex 19.529865264892578 10.835832595825195 48.03532409667969
    endloop
  endfacet
  facet normal -0.23973047733306885 -0.9641337990760803 0.11390981823205948
    outer loop
      vertex 12.022480010986328 9.964702606201172 53.774658203125
      vertex 15.025167465209961 9.099664688110352 52.772315979003906
      vertex 15.64095687866211 9.162307739257812 54.59849548339844
    endloop
  endfacet
  facet normal -0.15455035865306854 -0.9766802787780762 -0.14902955293655396
    outer loop
      vertex 15.025167465209961 9.099664688110352 52.772315979003906
      vertex 18.00885581970215 8.788525581359863 51.71717834472656
      vertex 18.5896053314209 8.423965454101562 53.50409698486328
    endloop
  endfacet
  facet normal -0.2021476924419403 -0.9729571342468262 0.11176271736621857
    outer loop
      vertex 15.64095687866211 9.162307739257812 54.59849548339844
      vertex 18.5896053314209 8.423965454101562 53.50409698486328
      vertex 19.042028427124023 8.535112380981445 55.290000915527344
    endloop
  endfacet
  facet normal -0.20557893812656403 -0.9732362031936646 0.10270611941814423
    outer loop
      vertex 18.5896053314209 8.423965454101562 53.50409698486328
      vertex 15.64095687866211 9.162307739257812 54.59849548339844
      vertex 15.025167465209961 9.099664688110352 52.772315979003906
    endloop
  endfacet
  facet normal -0.0616392157971859 -0.9326309561729431 -0.35552796721458435
    outer loop
      vertex 18.00885581970215 8.788525581359863 51.71717834472656
      vertex 20.948387145996094 8.978309631347656 50.709693908691406
      vertex 21.46017074584961 8.311535835266113 52.37006378173828
    endloop
  endfacet
  facet normal 0.004123687744140625 -0.8749038577079773 -0.4842791259288788
    outer loop
      vertex 20.948387145996094 8.978309631347656 50.709693908691406
      vertex 23.811431884765625 9.532125473022461 49.733543395996094
      vertex 24.31990623474121 8.643413543701172 51.34342956542969
    endloop
  endfacet
  facet normal -0.0009688178543001413 -0.9507239460945129 -0.3100370764732361
    outer loop
      vertex 21.46017074584961 8.311535835266113 52.37006378173828
      vertex 24.31990623474121 8.643413543701172 51.34342956542969
      vertex 24.634721755981445 8.082590103149414 53.06220245361328
    endloop
  endfacet
  facet normal -0.02354646846652031 -0.9302013516426086 -0.3662938177585602
    outer loop
      vertex 24.31990623474121 8.643413543701172 51.34342956542969
      vertex 21.46017074584961 8.311535835266113 52.37006378173828
      vertex 20.948387145996094 8.978309631347656 50.709693908691406
    endloop
  endfacet
  facet normal -0.15167704224586487 -0.9861969351768494 0.06640452146530151
    outer loop
      vertex 19.042028427124023 8.535112380981445 55.290000915527344
      vertex 21.811418533325195 8.030487060546875 54.121299743652344
      vertex 22.093168258666992 8.102985382080078 55.841552734375
    endloop
  endfacet
  facet normal -0.010004755109548569 -0.9970788359642029 -0.07572231441736221
    outer loop
      vertex 21.811418533325195 8.030487060546875 54.121299743652344
      vertex 24.634721755981445 8.082590103149414 53.06220245361328
      vertex 24.63554573059082 7.951889991760254 54.78309631347656
    endloop
  endfacet
  facet normal -0.00785055011510849 -0.992399275302887 0.12280893325805664
    outer loop
      vertex 22.093168258666992 8.102985382080078 55.841552734375
      vertex 24.63554573059082 7.951889991760254 54.78309631347656
      vertex 24.402204513549805 8.135416030883789 56.251224517822266
    endloop
  endfacet
  facet normal -0.039135243743658066 -0.9980575442314148 0.048471849411726
    outer loop
      vertex 24.63554573059082 7.951889991760254 54.78309631347656
      vertex 22.093168258666992 8.102985382080078 55.841552734375
      vertex 21.811418533325195 8.030487060546875 54.121299743652344
    endloop
  endfacet
  facet normal -0.038353536278009415 -0.9878142476081848 -0.150837704539299
    outer loop
      vertex 24.634721755981445 8.082590103149414 53.06220245361328
      vertex 21.811418533325195 8.030487060546875 54.121299743652344
      vertex 21.46017074584961 8.311535835266113 52.37006378173828
    endloop
  endfacet
  facet normal -0.13886022567749023 -0.9855974912643433 0.09651678800582886
    outer loop
      vertex 21.811418533325195 8.030487060546875 54.121299743652344
      vertex 19.042028427124023 8.535112380981445 55.290000915527344
      vertex 18.5896053314209 8.423965454101562 53.50409698486328
    endloop
  endfacet
  facet normal -0.10407558083534241 -0.9805794358253479 -0.16622933745384216
    outer loop
      vertex 21.46017074584961 8.311535835266113 52.37006378173828
      vertex 18.5896053314209 8.423965454101562 53.50409698486328
      vertex 18.00885581970215 8.788525581359863 51.71717834472656
    endloop
  endfacet
  facet normal -0.09368656575679779 -0.9857922792434692 -0.1394149512052536
    outer loop
      vertex 18.5896053314209 8.423965454101562 53.50409698486328
      vertex 21.46017074584961 8.311535835266113 52.37006378173828
      vertex 21.811418533325195 8.030487060546875 54.121299743652344
    endloop
  endfacet
  facet normal 0.0008035210194066167 -0.8707776665687561 -0.4916761815547943
    outer loop
      vertex 23.811431884765625 9.532125473022461 49.733543395996094
      vertex 20.948387145996094 8.978309631347656 50.709693908691406
      vertex 20.279247283935547 9.824652671813965 49.209693908691406
    endloop
  endfacet
  facet normal -0.04869728162884712 -0.9460644125938416 -0.32029786705970764
    outer loop
      vertex 20.948387145996094 8.978309631347656 50.709693908691406
      vertex 18.00885581970215 8.788525581359863 51.71717834472656
      vertex 17.313091278076172 9.405290603637695 50.001220703125
    endloop
  endfacet
  facet normal -0.01050067599862814 -0.8667789697647095 -0.49858182668685913
    outer loop
      vertex 20.279247283935547 9.824652671813965 49.209693908691406
      vertex 17.313091278076172 9.405290603637695 50.001220703125
      vertex 16.594341278076172 10.251770973205566 48.544761657714844
    endloop
  endfacet
  facet normal -0.007158474065363407 -0.8722724914550781 -0.4889678359031677
    outer loop
      vertex 17.313091278076172 9.405290603637695 50.001220703125
      vertex 20.279247283935547 9.824652671813965 49.209693908691406
      vertex 20.948387145996094 8.978309631347656 50.709693908691406
    endloop
  endfacet
  facet normal -0.13990303874015808 -0.9845513701438904 -0.10528923571109772
    outer loop
      vertex 18.00885581970215 8.788525581359863 51.71717834472656
      vertex 15.025167465209961 9.099664688110352 52.772315979003906
      vertex 14.28104019165039 9.405313491821289 50.902976989746094
    endloop
  endfacet
  facet normal -0.23911303281784058 -0.964073121547699 0.11570712924003601
    outer loop
      vertex 15.025167465209961 9.099664688110352 52.772315979003906
      vertex 12.022480010986328 9.964702606201172 53.774658203125
      vertex 11.296586990356445 9.92143440246582 51.9140625
    endloop
  endfacet
  facet normal -0.19117751717567444 -0.9794448018074036 -0.0643351823091507
    outer loop
      vertex 14.28104019165039 9.405313491821289 50.902976989746094
      vertex 11.296586990356445 9.92143440246582 51.9140625
      vertex 10.545686721801758 10.187055587768555 50.101585388183594
    endloop
  endfacet
  facet normal -0.1965877115726471 -0.9770927429199219 -0.08150526136159897
    outer loop
      vertex 11.296586990356445 9.92143440246582 51.9140625
      vertex 14.28104019165039 9.405313491821289 50.902976989746094
      vertex 15.025167465209961 9.099664688110352 52.772315979003906
    endloop
  endfacet
  facet normal -0.030366243794560432 -0.8615247011184692 -0.5068068504333496
    outer loop
      vertex 16.594341278076172 10.251770973205566 48.544761657714844
      vertex 13.538053512573242 9.969442367553711 49.20781707763672
      vertex 12.964258193969727 10.790810585021973 47.845947265625
    endloop
  endfacet
  facet normal -0.1451711356639862 -0.9564708471298218 -0.25315797328948975
    outer loop
      vertex 13.538053512573242 9.969442367553711 49.20781707763672
      vertex 10.545686721801758 10.187055587768555 50.101585388183594
      vertex 9.93130874633789 10.702995300292969 48.50459289550781
    endloop
  endfacet
  facet normal -0.08269248902797699 -0.8643604516983032 -0.49602729082107544
    outer loop
      vertex 12.964258193969727 10.790810585021973 47.845947265625
      vertex 9.93130874633789 10.702995300292969 48.50459289550781
      vertex 9.574077606201172 11.441286087036133 47.277626037597656
    endloop
  endfacet
  facet normal -0.08115386217832565 -0.8682414889335632 -0.4894596338272095
    outer loop
      vertex 9.93130874633789 10.702995300292969 48.50459289550781
      vertex 12.964258193969727 10.790810585021973 47.845947265625
      vertex 13.538053512573242 9.969442367553711 49.20781707763672
    endloop
  endfacet
  facet normal -0.14551347494125366 -0.956089973449707 -0.25439688563346863
    outer loop
      vertex 10.545686721801758 10.187055587768555 50.101585388183594
      vertex 13.538053512573242 9.969442367553711 49.20781707763672
      vertex 14.28104019165039 9.405313491821289 50.902976989746094
    endloop
  endfacet
  facet normal -0.026489995419979095 -0.8699048161506653 -0.4925079643726349
    outer loop
      vertex 13.538053512573242 9.969442367553711 49.20781707763672
      vertex 16.594341278076172 10.251770973205566 48.544761657714844
      vertex 17.313091278076172 9.405290603637695 50.001220703125
    endloop
  endfacet
  facet normal -0.0904693678021431 -0.9483125805854797 -0.304168701171875
    outer loop
      vertex 14.28104019165039 9.405313491821289 50.902976989746094
      vertex 17.313091278076172 9.405290603637695 50.001220703125
      vertex 18.00885581970215 8.788525581359863 51.71717834472656
    endloop
  endfacet
  facet normal -0.08370708674192429 -0.9559234380722046 -0.28143110871315
    outer loop
      vertex 17.313091278076172 9.405290603637695 50.001220703125
      vertex 14.28104019165039 9.405313491821289 50.902976989746094
      vertex 13.538053512573242 9.969442367553711 49.20781707763672
    endloop
  endfacet
  facet normal -0.900779128074646 0.4212956428527832 0.1053890809416771
    outer loop
      vertex 1.9108905792236328 24.089527130126953 53.18154525756836
      vertex 0.8073177337646484 21.98384666442871 52.1666259765625
      vertex 0.8498325347900391 22.001907348632812 52.45780944824219
    endloop
  endfacet
  facet normal -0.9078170657157898 0.4053795635700226 0.10740385949611664
    outer loop
      vertex 0.8498325347900391 22.001907348632812 52.45780944824219
      vertex 0.8073177337646484 21.98384666442871 52.1666259765625
      vertex 0.2727832794189453 20.920795440673828 51.66086959838867
    endloop
  endfacet
  facet normal -0.9127722382545471 0.3834627568721771 0.14072377979755402
    outer loop
      vertex 0.2727832794189453 20.920795440673828 51.66086959838867
      vertex 0.3720130920410156 20.986183166503906 52.12632369995117
      vertex 0.8498325347900391 22.001907348632812 52.45780944824219
    endloop
  endfacet
  facet normal -0.8997108340263367 0.4155937731266022 0.13342542946338654
    outer loop
      vertex 0.3720130920410156 20.986183166503906 52.12632369995117
      vertex 0.2727832794189453 20.920795440673828 51.66086959838867
      vertex -0.2845115661621094 19.890214920043945 51.11298751831055
    endloop
  endfacet
  facet normal -0.9044848680496216 0.396483838558197 0.15718665719032288
    outer loop
      vertex -0.2845115661621094 19.890214920043945 51.11298751831055
      vertex -0.122283935546875 20.004392623901367 51.758480072021484
      vertex 0.3720130920410156 20.986183166503906 52.12632369995117
    endloop
  endfacet
  facet normal -0.897497832775116 0.4138661026954651 0.15235601365566254
    outer loop
      vertex -0.122283935546875 20.004392623901367 51.758480072021484
      vertex -0.2845115661621094 19.890214920043945 51.11298751831055
      vertex -0.8295936584472656 18.90755271911621 50.57136535644531
    endloop
  endfacet
  facet normal -0.9029977917671204 0.3920271694660187 0.17581118643283844
    outer loop
      vertex -0.8295936584472656 18.90755271911621 50.57136535644531
      vertex -0.6023292541503906 19.063282012939453 51.391387939453125
      vertex -0.122283935546875 20.004392623901367 51.758480072021484
    endloop
  endfacet
  facet normal -0.9070211052894592 0.38114920258522034 0.17899204790592194
    outer loop
      vertex -0.6023292541503906 19.063282012939453 51.391387939453125
      vertex -0.8295936584472656 18.90755271911621 50.57136535644531
      vertex -1.3519306182861328 17.884845733642578 50.102256774902344
    endloop
  endfacet
  facet normal -0.9125712513923645 0.35101625323295593 0.20976480841636658
    outer loop
      vertex -1.3519306182861328 17.884845733642578 50.102256774902344
      vertex -1.0566978454589844 18.06119728088379 51.091548919677734
      vertex -0.6023292541503906 19.063282012939453 51.391387939453125
    endloop
  endfacet
  facet normal -0.8997374773025513 0.4261457622051239 0.09419365227222443
    outer loop
      vertex 1.9108905792236328 24.089527130126953 53.18154525756836
      vertex 0.7881755828857422 22.00609588623047 51.883121490478516
      vertex 0.8073177337646484 21.98384666442871 52.1666259765625
    endloop
  endfacet
  facet normal -0.9005463123321533 0.42445117235183716 0.09411527961492538
    outer loop
      vertex 0.8073177337646484 21.98384666442871 52.1666259765625
      vertex 0.7881755828857422 22.00609588623047 51.883121490478516
      vertex 0.2062225341796875 20.922372817993164 51.20216751098633
    endloop
  endfacet
  facet normal -0.9094465970993042 0.3938685655593872 0.13332121074199677
    outer loop
      vertex 0.2062225341796875 20.922372817993164 51.20216751098633
      vertex 0.2727832794189453 20.920795440673828 51.66086959838867
      vertex 0.8073177337646484 21.98384666442871 52.1666259765625
    endloop
  endfacet
  facet normal -0.8944934606552124 0.42737630009651184 0.13126665353775024
    outer loop
      vertex 0.2727832794189453 20.920795440673828 51.66086959838867
      vertex 0.2062225341796875 20.922372817993164 51.20216751098633
      vertex -0.4009971618652344 19.87353515625 50.47916793823242
    endloop
  endfacet
  facet normal -0.901128888130188 0.4049139618873596 0.15495680272579193
    outer loop
      vertex -0.4009971618652344 19.87353515625 50.47916793823242
      vertex -0.2845115661621094 19.890214920043945 51.11298751831055
      vertex 0.2727832794189453 20.920795440673828 51.66086959838867
    endloop
  endfacet
  facet normal -0.8915494680404663 0.42643123865127563 0.152630016207695
    outer loop
      vertex -0.2845115661621094 19.890214920043945 51.11298751831055
      vertex -0.4009971618652344 19.87353515625 50.47916793823242
      vertex -0.9972724914550781 18.88055992126465 49.77043914794922
    endloop
  endfacet
  facet normal -0.8987131118774414 0.4022834300994873 0.17459335923194885
    outer loop
      vertex -0.9972724914550781 18.88055992126465 49.77043914794922
      vertex -0.8295936584472656 18.90755271911621 50.57136535644531
      vertex -0.2845115661621094 19.890214920043945 51.11298751831055
    endloop
  endfacet
  facet normal -0.8978950381278992 0.4042079448699951 0.17435726523399353
    outer loop
      vertex -0.8295936584472656 18.90755271911621 50.57136535644531
      vertex -0.9972724914550781 18.88055992126465 49.77043914794922
      vertex -1.5689659118652344 17.878454208374023 49.14952087402344
    endloop
  endfacet
  facet normal -0.906579315662384 0.36943313479423523 0.20404234528541565
    outer loop
      vertex -1.5689659118652344 17.878454208374023 49.14952087402344
      vertex -1.3519306182861328 17.884845733642578 50.102256774902344
      vertex -0.8295936584472656 18.90755271911621 50.57136535644531
    endloop
  endfacet
  facet normal -0.8990250825881958 0.42863646149635315 0.08958118408918381
    outer loop
      vertex 1.9108905792236328 24.089527130126953 53.18154525756836
      vertex 0.7967643737792969 22.080245971679688 51.61451721191406
      vertex 0.7881755828857422 22.00609588623047 51.883121490478516
    endloop
  endfacet
  facet normal -0.8932677507400513 0.43983033299446106 0.09285543113946915
    outer loop
      vertex 0.7881755828857422 22.00609588623047 51.883121490478516
      vertex 0.7967643737792969 22.080245971679688 51.61451721191406
      vertex 0.1818408966064453 21.01076889038086 50.76477813720703
    endloop
  endfacet
  facet normal -0.9054937362670898 0.4033128321170807 0.1319846659898758
    outer loop
      vertex 0.1818408966064453 21.01076889038086 50.76477813720703
      vertex 0.2062225341796875 20.922372817993164 51.20216751098633
      vertex 0.7881755828857422 22.00609588623047 51.883121490478516
    endloop
  endfacet
  facet normal -0.8905495405197144 0.43367454409599304 0.1372877061367035
    outer loop
      vertex 0.2062225341796875 20.922372817993164 51.20216751098633
      vertex 0.1818408966064453 21.01076889038086 50.76477813720703
      vertex -0.45551109313964844 19.9810791015625 49.88310241699219
    endloop
  endfacet
  facet normal -0.897704541683197 0.41189852356910706 0.15641668438911438
    outer loop
      vertex -0.45551109313964844 19.9810791015625 49.88310241699219
      vertex -0.4009971618652344 19.87353515625 50.47916793823242
      vertex 0.2062225341796875 20.922372817993164 51.20216751098633
    endloop
  endfacet
  facet normal -0.8871635794639587 0.43309545516967773 0.159277081489563
    outer loop
      vertex -0.4009971618652344 19.87353515625 50.47916793823242
      vertex -0.45551109313964844 19.9810791015625 49.88310241699219
      vertex -1.0793590545654297 19.01638412475586 49.03144073486328
    endloop
  endfacet
  facet normal -0.8942015767097473 0.4120193421840668 0.17505332827568054
    outer loop
      vertex -1.0793590545654297 19.01638412475586 49.03144073486328
      vertex -0.9972724914550781 18.88055992126465 49.77043914794922
      vertex -0.4009971618652344 19.87353515625 50.47916793823242
    endloop
  endfacet
  facet normal -0.8878816962242126 0.42478692531585693 0.17669793963432312
    outer loop
      vertex -0.9972724914550781 18.88055992126465 49.77043914794922
      vertex -1.0793590545654297 19.01638412475586 49.03144073486328
      vertex -1.6823196411132812 18.070781707763672 48.274906158447266
    endloop
  endfacet
  facet normal -0.8992969393730164 0.387963205575943 0.20186562836170197
    outer loop
      vertex -1.6823196411132812 18.070781707763672 48.274906158447266
      vertex -1.5689659118652344 17.878454208374023 49.14952087402344
      vertex -0.9972724914550781 18.88055992126465 49.77043914794922
    endloop
  endfacet
  facet normal -0.8991261720657349 0.4283256232738495 0.09005168080329895
    outer loop
      vertex 1.9108905792236328 24.089527130126953 53.18154525756836
      vertex 0.8383502960205078 22.2191219329834 51.369178771972656
      vertex 0.7967643737792969 22.080245971679688 51.61451721191406
    endloop
  endfacet
  facet normal -0.888111412525177 0.44793447852134705 0.10301851481199265
    outer loop
      vertex 0.7967643737792969 22.080245971679688 51.61451721191406
      vertex 0.8383502960205078 22.2191219329834 51.369178771972656
      vertex 0.2121429443359375 21.2078800201416 50.36769104003906
    endloop
  endfacet
  facet normal -0.9015718698501587 0.41096171736717224 0.1351986676454544
    outer loop
      vertex 0.2121429443359375 21.2078800201416 50.36769104003906
      vertex 0.1818408966064453 21.01076889038086 50.76477813720703
      vertex 0.7967643737792969 22.080245971679688 51.61451721191406
    endloop
  endfacet
  facet normal -0.8885553479194641 0.43431463837623596 0.14778417348861694
    outer loop
      vertex 0.1818408966064453 21.01076889038086 50.76477813720703
      vertex 0.2121429443359375 21.2078800201416 50.36769104003906
      vertex -0.42669105529785156 20.245681762695312 49.35443878173828
    endloop
  endfacet
  facet normal -0.8947662115097046 0.4169245958328247 0.1598978191614151
    outer loop
      vertex -0.42669105529785156 20.245681762695312 49.35443878173828
      vertex -0.45551109313964844 19.9810791015625 49.88310241699219
      vertex 0.1818408966064453 21.01076889038086 50.76477813720703
    endloop
  endfacet
  facet normal -0.8852149844169617 0.43350735306739807 0.1687183529138565
    outer loop
      vertex -0.45551109313964844 19.9810791015625 49.88310241699219
      vertex -0.42669105529785156 20.245681762695312 49.35443878173828
      vertex -1.0433406829833984 19.357860565185547 48.40024185180664
    endloop
  endfacet
  facet normal -0.8902323842048645 0.4199639558792114 0.1763993501663208
    outer loop
      vertex -1.0433406829833984 19.357860565185547 48.40024185180664
      vertex -1.0793590545654297 19.01638412475586 49.03144073486328
      vertex -0.45551109313964844 19.9810791015625 49.88310241699219
    endloop
  endfacet
  facet normal -0.8796011209487915 0.4376077353954315 0.18655124306678772
    outer loop
      vertex -1.0793590545654297 19.01638412475586 49.03144073486328
      vertex -1.0433406829833984 19.357860565185547 48.40024185180664
      vertex -1.649383544921875 18.506816864013672 47.53907012939453
    endloop
  endfacet
  facet normal -0.8909472227096558 0.40704113245010376 0.20132189989089966
    outer loop
      vertex -1.649383544921875 18.506816864013672 47.53907012939453
      vertex -1.6823196411132812 18.070781707763672 48.274906158447266
      vertex -1.0793590545654297 19.01638412475586 49.03144073486328
    endloop
  endfacet
  facet normal -0.8995582461357117 0.4270927608013153 0.09157966822385788
    outer loop
      vertex 1.9108905792236328 24.089527130126953 53.18154525756836
      vertex 0.9167022705078125 22.429826736450195 51.156158447265625
      vertex 0.8383502960205078 22.2191219329834 51.369178771972656
    endloop
  endfacet
  facet normal -0.885785698890686 0.4488094449043274 0.1181260347366333
    outer loop
      vertex 0.8383502960205078 22.2191219329834 51.369178771972656
      vertex 0.9167022705078125 22.429826736450195 51.156158447265625
      vertex 0.3074531555175781 21.523712158203125 50.03031539916992
    endloop
  endfacet
  facet normal -0.897513210773468 0.41870248317718506 0.13841401040554047
    outer loop
      vertex 0.3074531555175781 21.523712158203125 50.03031539916992
      vertex 0.2121429443359375 21.2078800201416 50.36769104003906
      vertex 0.8383502960205078 22.2191219329834 51.369178771972656
    endloop
  endfacet
  facet normal -0.8872213363647461 0.43422216176986694 0.15585021674633026
    outer loop
      vertex 0.2121429443359375 21.2078800201416 50.36769104003906
      vertex 0.3074531555175781 21.523712158203125 50.03031539916992
      vertex -0.2943401336669922 20.68990707397461 48.92754364013672
    endloop
  endfacet
  facet normal -0.8921663165092468 0.4216096103191376 0.1621256023645401
    outer loop
      vertex -0.2943401336669922 20.68990707397461 48.92754364013672
      vertex -0.42669105529785156 20.245681762695312 49.35443878173828
      vertex 0.2121429443359375 21.2078800201416 50.36769104003906
    endloop
  endfacet
  facet normal -0.8845990300178528 0.43211081624031067 0.17539921402931213
    outer loop
      vertex -0.42669105529785156 20.245681762695312 49.35443878173828
      vertex -0.2943401336669922 20.68990707397461 48.92754364013672
      vertex -0.8612709045410156 19.940853118896484 47.913673400878906
    endloop
  endfacet
  facet normal -0.8873915672302246 0.42540955543518066 0.17765936255455017
    outer loop
      vertex -0.8612709045410156 19.940853118896484 47.913673400878906
      vertex -1.0433406829833984 19.357860565185547 48.40024185180664
      vertex -0.42669105529785156 20.245681762695312 49.35443878173828
    endloop
  endfacet
  facet normal -0.8754924535751343 0.44005540013313293 0.19966009259223938
    outer loop
      vertex -1.0433406829833984 19.357860565185547 48.40024185180664
      vertex -0.8612709045410156 19.940853118896484 47.913673400878906
      vertex -1.4126510620117188 19.251218795776367 47.01588821411133
    endloop
  endfacet
  facet normal -0.882921576499939 0.4234039783477783 0.2029246985912323
    outer loop
      vertex -1.4126510620117188 19.251218795776367 47.01588821411133
      vertex -1.649383544921875 18.506816864013672 47.53907012939453
      vertex -1.0433406829833984 19.357860565185547 48.40024185180664
    endloop
  endfacet
  facet normal -0.8988541960716248 0.4289708733558655 0.089695043861866
    outer loop
      vertex 1.9108905792236328 24.089527130126953 53.18154525756836
      vertex 1.0262317657470703 22.69558334350586 50.982784271240234
      vertex 0.9167022705078125 22.429826736450195 51.156158447265625
    endloop
  endfacet
  facet normal -0.8839378952980042 0.44915395975112915 0.13005605340003967
    outer loop
      vertex 0.9167022705078125 22.429826736450195 51.156158447265625
      vertex 1.0262317657470703 22.69558334350586 50.982784271240234
      vertex 0.46280479431152344 21.943649291992188 49.75023651123047
    endloop
  endfacet
  facet normal -0.8939761519432068 0.4251556098461151 0.14159567654132843
    outer loop
      vertex 0.46280479431152344 21.943649291992188 49.75023651123047
      vertex 0.3074531555175781 21.523712158203125 50.03031539916992
      vertex 0.9167022705078125 22.429826736450195 51.156158447265625
    endloop
  endfacet
  facet normal -0.8876742124557495 0.4329572021961212 0.15678852796554565
    outer loop
      vertex 0.3074531555175781 21.523712158203125 50.03031539916992
      vertex 0.46280479431152344 21.943649291992188 49.75023651123047
      vertex -0.059299468994140625 21.290260314941406 48.59856414794922
    endloop
  endfacet
  facet normal -0.8875123858451843 0.4333254396915436 0.15668703615665436
    outer loop
      vertex -0.059299468994140625 21.290260314941406 48.59856414794922
      vertex -0.2943401336669922 20.68990707397461 48.92754364013672
      vertex 0.3074531555175781 21.523712158203125 50.03031539916992
    endloop
  endfacet
  facet normal -0.8815509676933289 0.4395330846309662 0.17227450013160706
    outer loop
      vertex -0.2943401336669922 20.68990707397461 48.92754364013672
      vertex -0.059299468994140625 21.290260314941406 48.59856414794922
      vertex -0.5091304779052734 20.781082153320312 47.5958137512207
    endloop
  endfacet
  facet normal -0.8835490942001343 0.4354845881462097 0.17231960594654083
    outer loop
      vertex -0.5091304779052734 20.781082153320312 47.5958137512207
      vertex -0.8612709045410156 19.940853118896484 47.913673400878906
      vertex -0.2943401336669922 20.68990707397461 48.92754364013672
    endloop
  endfacet
  facet normal -0.8731280565261841 0.4429451823234558 0.20358574390411377
    outer loop
      vertex -0.8612709045410156 19.940853118896484 47.913673400878906
      vertex -0.5091304779052734 20.781082153320312 47.5958137512207
      vertex -0.9573612213134766 20.307859420776367 46.70306396484375
    endloop
  endfacet
  facet normal -0.8762456178665161 0.43740954995155334 0.20215502381324768
    outer loop
      vertex -0.9573612213134766 20.307859420776367 46.70306396484375
      vertex -1.4126510620117188 19.251218795776367 47.01588821411133
      vertex -0.8612709045410156 19.940853118896484 47.913673400878906
    endloop
  endfacet
  facet normal -0.8961325287818909 0.4356999099254608 0.08433404564857483
    outer loop
      vertex 1.9108905792236328 24.089527130126953 53.18154525756836
      vertex 1.1632137298583984 23.001651763916016 50.857093811035156
      vertex 1.0262317657470703 22.69558334350586 50.982784271240234
    endloop
  endfacet
  facet normal -0.8839190602302551 0.44911620020866394 0.13031475245952606
    outer loop
      vertex 1.0262317657470703 22.69558334350586 50.982784271240234
      vertex 1.1632137298583984 23.001651763916016 50.857093811035156
      vertex 0.7138233184814453 22.490495681762695 49.5705451965332
    endloop
  endfacet
  facet normal -0.8841187357902527 0.44869205355644226 0.13042052090168
    outer loop
      vertex 0.7138233184814453 22.490495681762695 49.5705451965332
      vertex 0.46280479431152344 21.943649291992188 49.75023651123047
      vertex 1.0262317657470703 22.69558334350586 50.982784271240234
    endloop
  endfacet
  facet normal -0.8812922239303589 0.4509609043598175 0.14127375185489655
    outer loop
      vertex 0.46280479431152344 21.943649291992188 49.75023651123047
      vertex 0.7138233184814453 22.490495681762695 49.5705451965332
      vertex 0.34392738342285156 22.125776290893555 48.42728805541992
    endloop
  endfacet
  facet normal -0.8798748850822449 0.4536447823047638 0.14151588082313538
    outer loop
      vertex 0.34392738342285156 22.125776290893555 48.42728805541992
      vertex -0.059299468994140625 21.290260314941406 48.59856414794922
      vertex 0.46280479431152344 21.943649291992188 49.75023651123047
    endloop
  endfacet
  facet normal -0.8764042854309082 0.4551892876625061 0.15722092986106873
    outer loop
      vertex -0.059299468994140625 21.290260314941406 48.59856414794922
      vertex 0.34392738342285156 22.125776290893555 48.42728805541992
      vertex 0.017107009887695312 21.8419189453125 47.42730712890625
    endloop
  endfacet
  facet normal -0.8741280436515808 0.4588930904865265 0.15911391377449036
    outer loop
      vertex 0.017107009887695312 21.8419189453125 47.42730712890625
      vertex -0.5091304779052734 20.781082153320312 47.5958137512207
      vertex -0.059299468994140625 21.290260314941406 48.59856414794922
    endloop
  endfacet
  facet normal -0.8666747212409973 0.4604269862174988 0.19204676151275635
    outer loop
      vertex -0.5091304779052734 20.781082153320312 47.5958137512207
      vertex 0.017107009887695312 21.8419189453125 47.42730712890625
      vertex -0.28978729248046875 21.62295913696289 46.56729507446289
    endloop
  endfacet
  facet normal -0.8670587539672852 0.45991310477256775 0.19154423475265503
    outer loop
      vertex -0.28978729248046875 21.62295913696289 46.56729507446289
      vertex -0.9573612213134766 20.307859420776367 46.70306396484375
      vertex -0.5091304779052734 20.781082153320312 47.5958137512207
    endloop
  endfacet
  facet normal -0.8845486640930176 0.4613773822784424 0.06859060376882553
    outer loop
      vertex 1.9108905792236328 24.089527130126953 53.18154525756836
      vertex 1.3653240203857422 23.400638580322266 50.779720306396484
      vertex 1.1632137298583984 23.001651763916016 50.857093811035156
    endloop
  endfacet
  facet normal -0.8763644695281982 0.4668814241886139 0.1183512732386589
    outer loop
      vertex 1.1632137298583984 23.001651763916016 50.857093811035156
      vertex 1.3653240203857422 23.400638580322266 50.779720306396484
      vertex 1.0610809326171875 23.157413482666016 49.48636245727539
    endloop
  endfacet
  facet normal -0.8744945526123047 0.47031155228614807 0.1186017245054245
    outer loop
      vertex 1.0610809326171875 23.157413482666016 49.48636245727539
      vertex 0.7138233184814453 22.490495681762695 49.5705451965332
      vertex 1.1632137298583984 23.001651763916016 50.857093811035156
    endloop
  endfacet
  facet normal -0.8735728859901428 0.4705514907836914 0.12430475652217865
    outer loop
      vertex 0.7138233184814453 22.490495681762695 49.5705451965332
      vertex 1.0610809326171875 23.157413482666016 49.48636245727539
      vertex 0.8710708618164062 23.097620010375977 48.37738037109375
    endloop
  endfacet
  facet normal -0.8689249157905579 0.4779263138771057 0.12866990268230438
    outer loop
      vertex 0.8710708618164062 23.097620010375977 48.37738037109375
      vertex 0.34392738342285156 22.125776290893555 48.42728805541992
      vertex 0.7138233184814453 22.490495681762695 49.5705451965332
    endloop
  endfacet
  facet normal -0.8660811185836792 0.4773930013179779 0.14832189679145813
    outer loop
      vertex 0.34392738342285156 22.125776290893555 48.42728805541992
      vertex 0.8710708618164062 23.097620010375977 48.37738037109375
      vertex 0.7242069244384766 23.123291015625 47.43718719482422
    endloop
  endfacet
  facet normal -0.8664079308509827 0.47697073221206665 0.1477709263563156
    outer loop
      vertex 0.7242069244384766 23.123291015625 47.43718719482422
      vertex 0.017107009887695312 21.8419189453125 47.42730712890625
      vertex 0.34392738342285156 22.125776290893555 48.42728805541992
    endloop
  endfacet
  facet normal -0.8600473403930664 0.47312772274017334 0.19096800684928894
    outer loop
      vertex 0.017107009887695312 21.8419189453125 47.42730712890625
      vertex 0.7242069244384766 23.123291015625 47.43718719482422
      vertex 0.5818023681640625 23.187044143676758 46.637901306152344
    endloop
  endfacet
  facet normal -0.8616276979446411 0.47168511152267456 0.187379390001297
    outer loop
      vertex 0.5818023681640625 23.187044143676758 46.637901306152344
      vertex -0.28978729248046875 21.62295913696289 46.56729507446289
      vertex 0.017107009887695312 21.8419189453125 47.42730712890625
    endloop
  endfacet
  facet normal -0.882498562335968 0.46552786231040955 0.06693447381258011
    outer loop
      vertex 1.9108905792236328 24.089527130126953 53.18154525756836
      vertex 1.6121978759765625 23.871349334716797 50.76084899902344
      vertex 1.3653240203857422 23.400638580322266 50.779720306396484
    endloop
  endfacet
  facet normal -0.8775172829627991 0.4649403989315033 0.1174466460943222
    outer loop
      vertex 1.3653240203857422 23.400638580322266 50.779720306396484
      vertex 1.6121978759765625 23.871349334716797 50.76084899902344
      vertex 1.4799213409423828 23.940343856811523 49.49939727783203
    endloop
  endfacet
  facet normal -0.8763751983642578 0.4668596386909485 0.11835791170597076
    outer loop
      vertex 1.4799213409423828 23.940343856811523 49.49939727783203
      vertex 1.0610809326171875 23.157413482666016 49.48636245727539
      vertex 1.3653240203857422 23.400638580322266 50.779720306396484
    endloop
  endfacet
  facet normal -0.8772223591804504 0.46746259927749634 0.10936057567596436
    outer loop
      vertex 1.0610809326171875 23.157413482666016 49.48636245727539
      vertex 1.4799213409423828 23.940343856811523 49.49939727783203
      vertex 1.4823379516601562 24.190933227539062 48.447635650634766
    endloop
  endfacet
  facet normal -0.8695439696311951 0.47824186086654663 0.12319979071617126
    outer loop
      vertex 1.4823379516601562 24.190933227539062 48.447635650634766
      vertex 0.8710708618164062 23.097620010375977 48.37738037109375
      vertex 1.0610809326171875 23.157413482666016 49.48636245727539
    endloop
  endfacet
  facet normal -0.869476854801178 0.4781515598297119 0.12402123957872391
    outer loop
      vertex 0.8710708618164062 23.097620010375977 48.37738037109375
      vertex 1.4823379516601562 24.190933227539062 48.447635650634766
      vertex 1.5375900268554688 24.515419006347656 47.58396911621094
    endloop
  endfacet
  facet normal -0.8606562614440918 0.48728063702583313 0.14774447679519653
    outer loop
      vertex 1.5375900268554688 24.515419006347656 47.58396911621094
      vertex 0.7242069244384766 23.123291015625 47.43718719482422
      vertex 0.8710708618164062 23.097620010375977 48.37738037109375
    endloop
  endfacet
  facet normal -0.851779043674469 0.47418466210365295 0.2227586805820465
    outer loop
      vertex 0.7242069244384766 23.123291015625 47.43718719482422
      vertex 1.5375900268554688 24.515419006347656 47.58396911621094
      vertex 1.5546340942382812 24.87303924560547 46.88787841796875
    endloop
  endfacet
  facet normal -0.8621975779533386 0.4691701829433441 0.1910354346036911
    outer loop
      vertex 1.5546340942382812 24.87303924560547 46.88787841796875
      vertex 0.5818023681640625 23.187044143676758 46.637901306152344
      vertex 0.7242069244384766 23.123291015625 47.43718719482422
    endloop
  endfacet
  facet normal -0.8930771350860596 0.44440215826034546 0.07014384865760803
    outer loop
      vertex 1.9108905792236328 24.089527130126953 53.18154525756836
      vertex 1.8770027160644531 24.396804809570312 50.80329895019531
      vertex 1.6121978759765625 23.871349334716797 50.76084899902344
    endloop
  endfacet
  facet normal -0.8916242122650146 0.4410744309425354 0.10227153450250626
    outer loop
      vertex 1.6121978759765625 23.871349334716797 50.76084899902344
      vertex 1.8770027160644531 24.396804809570312 50.80329895019531
      vertex 1.9369449615478516 24.79397964477539 49.61296081542969
    endloop
  endfacet
  facet normal -0.8819167613983154 0.45653998851776123 0.11744853109121323
    outer loop
      vertex 1.9369449615478516 24.79397964477539 49.61296081542969
      vertex 1.4799213409423828 23.940343856811523 49.49939727783203
      vertex 1.6121978759765625 23.871349334716797 50.76084899902344
    endloop
  endfacet
  facet normal -0.8823392987251282 0.45798367261886597 0.10829735547304153
    outer loop
      vertex 1.4799213409423828 23.940343856811523 49.49939727783203
      vertex 1.9369449615478516 24.79397964477539 49.61296081542969
      vertex 2.1078758239746094 25.35303497314453 48.64138412475586
    endloop
  endfacet
  facet normal -0.8828197121620178 0.4573754668235779 0.10694438219070435
    outer loop
      vertex 2.1078758239746094 25.35303497314453 48.64138412475586
      vertex 1.4823379516601562 24.190933227539062 48.447635650634766
      vertex 1.4799213409423828 23.940343856811523 49.49939727783203
    endloop
  endfacet
  facet normal -0.8831915259361267 0.4639703035354614 0.06858918815851212
    outer loop
      vertex 1.4823379516601562 24.190933227539062 48.447635650634766
      vertex 2.1078758239746094 25.35303497314453 48.64138412475586
      vertex 2.353708267211914 25.935998916625977 47.863407135009766
    endloop
  endfacet
  facet normal -0.8707655072212219 0.4760289788246155 0.1231413185596466
    outer loop
      vertex 2.353708267211914 25.935998916625977 47.863407135009766
      vertex 1.5375900268554688 24.515419006347656 47.58396911621094
      vertex 1.4823379516601562 24.190933227539062 48.447635650634766
    endloop
  endfacet
  facet normal -0.8707597255706787 0.4759814739227295 0.12336590141057968
    outer loop
      vertex 1.5375900268554688 24.515419006347656 47.58396911621094
      vertex 2.353708267211914 25.935998916625977 47.863407135009766
      vertex 2.572460174560547 26.48858070373535 47.275413513183594
    endloop
  endfacet
  facet normal -0.8477472066879272 0.47993186116218567 0.22581006586551666
    outer loop
      vertex 2.572460174560547 26.48858070373535 47.275413513183594
      vertex 1.5546340942382812 24.87303924560547 46.88787841796875
      vertex 1.5375900268554688 24.515419006347656 47.58396911621094
    endloop
  endfacet
  facet normal -0.8977516889572144 0.4350636899471283 0.06900389492511749
    outer loop
      vertex 1.9108905792236328 24.089527130126953 53.18154525756836
      vertex 2.1450939178466797 24.93400764465332 50.90419006347656
      vertex 1.8770027160644531 24.396804809570312 50.80329895019531
    endloop
  endfacet
  facet normal -0.8976001143455505 0.4285862445831299 0.10309085249900818
    outer loop
      vertex 1.8770027160644531 24.396804809570312 50.80329895019531
      vertex 2.1450939178466797 24.93400764465332 50.90419006347656
      vertex 2.3622608184814453 25.650144577026367 49.81779479980469
    endloop
  endfacet
  facet normal -0.9004074335098267 0.42427313327789307 0.09622321277856827
    outer loop
      vertex 2.3622608184814453 25.650144577026367 49.81779479980469
      vertex 1.9369449615478516 24.79397964477539 49.61296081542969
      vertex 1.8770027160644531 24.396804809570312 50.80329895019531
    endloop
  endfacet
  facet normal -0.8977765440940857 0.43965545296669006 0.02646537870168686
    outer loop
      vertex 1.9369449615478516 24.79397964477539 49.61296081542969
      vertex 2.3622608184814453 25.650144577026367 49.81779479980469
      vertex 2.7301406860351562 26.454896926879883 48.92833709716797
    endloop
  endfacet
  facet normal -0.8774818181991577 0.46593159437179565 0.11372525990009308
    outer loop
      vertex 2.7301406860351562 26.454896926879883 48.92833709716797
      vertex 2.1078758239746094 25.35303497314453 48.64138412475586
      vertex 1.9369449615478516 24.79397964477539 49.61296081542969
    endloop
  endfacet
  facet normal -0.8738349080085754 0.4851730465888977 0.03193239867687225
    outer loop
      vertex 2.1078758239746094 25.35303497314453 48.64138412475586
      vertex 2.7301406860351562 26.454896926879883 48.92833709716797
      vertex 3.141082763671875 27.239896774291992 48.246734619140625
    endloop
  endfacet
  facet normal -0.8643436431884766 0.49351972341537476 0.09668726474046707
    outer loop
      vertex 3.141082763671875 27.239896774291992 48.246734619140625
      vertex 2.353708267211914 25.935998916625977 47.863407135009766
      vertex 2.1078758239746094 25.35303497314453 48.64138412475586
    endloop
  endfacet
  facet normal -0.8620303869247437 0.5035473108291626 0.05782633647322655
    outer loop
      vertex 2.353708267211914 25.935998916625977 47.863407135009766
      vertex 3.141082763671875 27.239896774291992 48.246734619140625
      vertex 3.5153369903564453 27.934158325195312 47.780250549316406
    endloop
  endfacet
  facet normal -0.8513466119766235 0.5013568997383118 0.15443530678749084
    outer loop
      vertex 3.5153369903564453 27.934158325195312 47.780250549316406
      vertex 2.572460174560547 26.48858070373535 47.275413513183594
      vertex 2.353708267211914 25.935998916625977 47.863407135009766
    endloop
  endfacet
  facet normal -0.9032436013221741 0.4242631196975708 0.06443408876657486
    outer loop
      vertex 1.9108905792236328 24.089527130126953 53.18154525756836
      vertex 2.402223587036133 25.456329345703125 51.0694580078125
      vertex 2.1450939178466797 24.93400764465332 50.90419006347656
    endloop
  endfacet
  facet normal -0.9039224982261658 0.4208256006240845 0.07635442912578583
    outer loop
      vertex 2.1450939178466797 24.93400764465332 50.90419006347656
      vertex 2.402223587036133 25.456329345703125 51.0694580078125
      vertex 2.776092529296875 26.437532424926758 50.08763122558594
    endloop
  endfacet
  facet normal -0.8947367668151855 0.4335949718952179 0.10696489363908768
    outer loop
      vertex 2.776092529296875 26.437532424926758 50.08763122558594
      vertex 2.3622608184814453 25.650144577026367 49.81779479980469
      vertex 2.1450939178466797 24.93400764465332 50.90419006347656
    endloop
  endfacet
  facet normal -0.8879716396331787 0.45940616726875305 0.021272148936986923
    outer loop
      vertex 2.3622608184814453 25.650144577026367 49.81779479980469
      vertex 2.776092529296875 26.437532424926758 50.08763122558594
      vertex 3.2846622467041016 27.457244873046875 49.29473114013672
    endloop
  endfacet
  facet normal -0.8823438882827759 0.46706146001815796 0.05764443054795265
    outer loop
      vertex 3.2846622467041016 27.457244873046875 49.29473114013672
      vertex 2.7301406860351562 26.454896926879883 48.92833709716797
      vertex 2.3622608184814453 25.650144577026367 49.81779479980469
    endloop
  endfacet
  facet normal -0.8714197874069214 0.4900539219379425 -0.021789371967315674
    outer loop
      vertex 2.7301406860351562 26.454896926879883 48.92833709716797
      vertex 3.2846622467041016 27.457244873046875 49.29473114013672
      vertex 3.8293704986572266 28.399486541748047 48.70176696777344
    endloop
  endfacet
  facet normal -0.8671135902404785 0.495773583650589 0.04819347709417343
    outer loop
      vertex 3.8293704986572266 28.399486541748047 48.70176696777344
      vertex 3.141082763671875 27.239896774291992 48.246734619140625
      vertex 2.7301406860351562 26.454896926879883 48.92833709716797
    endloop
  endfacet
  facet normal -0.858161211013794 0.5132834911346436 -0.009969700127840042
    outer loop
      vertex 3.141082763671875 27.239896774291992 48.246734619140625
      vertex 3.8293704986572266 28.399486541748047 48.70176696777344
      vertex 4.321207046508789 29.21463394165039 48.33332061767578
    endloop
  endfacet
  facet normal -0.8576332330703735 0.5094552040100098 0.07014664262533188
    outer loop
      vertex 4.321207046508789 29.21463394165039 48.33332061767578
      vertex 3.5153369903564453 27.934158325195312 47.780250549316406
      vertex 3.141082763671875 27.239896774291992 48.246734619140625
    endloop
  endfacet
  facet normal -0.9314980506896973 0.36328068375587463 0.018397478386759758
    outer loop
      vertex 1.9108905792236328 24.089527130126953 53.18154525756836
      vertex 2.607583999633789 25.97109603881836 51.30253601074219
      vertex 2.402223587036133 25.456329345703125 51.0694580078125
    endloop
  endfacet
  facet normal -0.9225218296051025 0.38427406549453735 -0.03587648645043373
    outer loop
      vertex 2.402223587036133 25.456329345703125 51.0694580078125
      vertex 2.607583999633789 25.97109603881836 51.30253601074219
      vertex 3.1335182189941406 27.152572631835938 50.4335823059082
    endloop
  endfacet
  facet normal -0.9057083129882812 0.4176548421382904 0.0725056454539299
    outer loop
      vertex 3.1335182189941406 27.152572631835938 50.4335823059082
      vertex 2.776092529296875 26.437532424926758 50.08763122558594
      vertex 2.402223587036133 25.456329345703125 51.0694580078125
    endloop
  endfacet
  facet normal -0.8915984630584717 0.45260101556777954 -0.014301873743534088
    outer loop
      vertex 2.776092529296875 26.437532424926758 50.08763122558594
      vertex 3.1335182189941406 27.152572631835938 50.4335823059082
      vertex 3.7543983459472656 28.35335922241211 49.72748565673828
    endloop
  endfacet
  facet normal -0.8890886306762695 0.4573829472064972 0.017953788861632347
    outer loop
      vertex 3.7543983459472656 28.35335922241211 49.72748565673828
      vertex 3.2846622467041016 27.457244873046875 49.29473114013672
      vertex 2.776092529296875 26.437532424926758 50.08763122558594
    endloop
  endfacet
  facet normal -0.8743923902511597 0.4826117157936096 -0.05024006962776184
    outer loop
      vertex 3.2846622467041016 27.457244873046875 49.29473114013672
      vertex 3.7543983459472656 28.35335922241211 49.72748565673828
      vertex 4.3893585205078125 29.44896125793457 49.20093536376953
    endloop
  endfacet
  facet normal -0.8746548891067505 0.48346400260925293 -0.035232722759246826
    outer loop
      vertex 4.3893585205078125 29.44896125793457 49.20093536376953
      vertex 3.8293704986572266 28.399486541748047 48.70176696777344
      vertex 3.2846622467041016 27.457244873046875 49.29473114013672
    endloop
  endfacet
  facet normal -0.8583008646965027 0.503959059715271 -0.0966690182685852
    outer loop
      vertex 3.8293704986572266 28.399486541748047 48.70176696777344
      vertex 4.3893585205078125 29.44896125793457 49.20093536376953
      vertex 4.96843147277832 30.37216567993164 48.87237548828125
    endloop
  endfacet
  facet normal -0.8636860847473145 0.5023082494735718 -0.04162650182843208
    outer loop
      vertex 4.96843147277832 30.37216567993164 48.87237548828125
      vertex 4.321207046508789 29.21463394165039 48.33332061767578
      vertex 3.8293704986572266 28.399486541748047 48.70176696777344
    endloop
  endfacet
  facet normal -0.927849292755127 0.3718758821487427 0.02835727669298649
    outer loop
      vertex 1.9108905792236328 24.089527130126953 53.18154525756836
      vertex 2.7864341735839844 26.395387649536133 51.590370178222656
      vertex 2.607583999633789 25.97109603881836 51.30253601074219
    endloop
  endfacet
  facet normal -0.9151005744934082 0.4024707078933716 -0.024663712829351425
    outer loop
      vertex 2.607583999633789 25.97109603881836 51.30253601074219
      vertex 2.7864341735839844 26.395387649536133 51.590370178222656
      vertex 3.4158458709716797 27.781051635742188 50.84896469116211
    endloop
  endfacet
  facet normal -0.9128398299217224 0.4083091914653778 0.002663032151758671
    outer loop
      vertex 3.4158458709716797 27.781051635742188 50.84896469116211
      vertex 3.1335182189941406 27.152572631835938 50.4335823059082
      vertex 2.607583999633789 25.97109603881836 51.30253601074219
    endloop
  endfacet
  facet normal -0.8965989947319031 0.4393683671951294 -0.055368535220623016
    outer loop
      vertex 3.1335182189941406 27.152572631835938 50.4335823059082
      vertex 3.4158458709716797 27.781051635742188 50.84896469116211
      vertex 4.127979278564453 29.155189514160156 50.221435546875
    endloop
  endfacet
  facet normal -0.8966004252433777 0.44119957089424133 -0.038089554756879807
    outer loop
      vertex 4.127979278564453 29.155189514160156 50.221435546875
      vertex 3.7543983459472656 28.35335922241211 49.72748565673828
      vertex 3.1335182189941406 27.152572631835938 50.4335823059082
    endloop
  endfacet
  facet normal -0.8827476501464844 0.4624476432800293 -0.08305878192186356
    outer loop
      vertex 3.7543983459472656 28.35335922241211 49.72748565673828
      vertex 4.127979278564453 29.155189514160156 50.221435546875
      vertex 4.828098297119141 30.403093338012695 49.728553771972656
    endloop
  endfacet
  facet normal -0.881178081035614 0.4616353511810303 -0.10206862539052963
    outer loop
      vertex 4.828098297119141 30.403093338012695 49.728553771972656
      vertex 4.3893585205078125 29.44896125793457 49.20093536376953
      vertex 3.7543983459472656 28.35335922241211 49.72748565673828
    endloop
  endfacet
  facet normal -0.8610489368438721 0.483336865901947 -0.15805137157440186
    outer loop
      vertex 4.3893585205078125 29.44896125793457 49.20093536376953
      vertex 4.828098297119141 30.403093338012695 49.728553771972656
      vertex 5.47624397277832 31.457324981689453 49.42146301269531
    endloop
  endfacet
  facet normal -0.8608531355857849 0.4833449423313141 -0.15908990800380707
    outer loop
      vertex 5.47624397277832 31.457324981689453 49.42146301269531
      vertex 4.96843147277832 30.37216567993164 48.87237548828125
      vertex 4.3893585205078125 29.44896125793457 49.20093536376953
    endloop
  endfacet
  facet normal -0.9315227270126343 0.36341097950935364 0.014068990014493465
    outer loop
      vertex 1.9108905792236328 24.089527130126953 53.18154525756836
      vertex 2.926797866821289 26.741737365722656 51.937564849853516
      vertex 2.7864341735839844 26.395387649536133 51.590370178222656
    endloop
  endfacet
  facet normal -0.9162375926971436 0.39963823556900024 -0.02824954129755497
    outer loop
      vertex 2.7864341735839844 26.395387649536133 51.590370178222656
      vertex 2.926797866821289 26.741737365722656 51.937564849853516
      vertex 3.623331069946289 28.295175552368164 51.322452545166016
    endloop
  endfacet
  facet normal -0.9163249135017395 0.3991643190383911 -0.031882695853710175
    outer loop
      vertex 3.623331069946289 28.295175552368164 51.322452545166016
      vertex 3.4158458709716797 27.781051635742188 50.84896469116211
      vertex 2.7864341735839844 26.395387649536133 51.590370178222656
    endloop
  endfacet
  facet normal -0.9039003252983093 0.4230404198169708 -0.06325244158506393
    outer loop
      vertex 3.4158458709716797 27.781051635742188 50.84896469116211
      vertex 3.623331069946289 28.295175552368164 51.322452545166016
      vertex 4.404321670532227 29.880870819091797 50.767147064208984
    endloop
  endfacet
  facet normal -0.901531457901001 0.4203955829143524 -0.10251181572675705
    outer loop
      vertex 4.404321670532227 29.880870819091797 50.767147064208984
      vertex 4.127979278564453 29.155189514160156 50.221435546875
      vertex 3.4158458709716797 27.781051635742188 50.84896469116211
    endloop
  endfacet
  facet normal -0.8897969126701355 0.43720725178718567 -0.13080991804599762
    outer loop
      vertex 4.127979278564453 29.155189514160156 50.221435546875
      vertex 4.404321670532227 29.880870819091797 50.767147064208984
      vertex 5.160139083862305 31.275474548339844 50.287113189697266
    endloop
  endfacet
  facet normal -0.8864372968673706 0.4363051950931549 -0.1544887274503708
    outer loop
      vertex 5.160139083862305 31.275474548339844 50.287113189697266
      vertex 4.828098297119141 30.403093338012695 49.728553771972656
      vertex 4.127979278564453 29.155189514160156 50.221435546875
    endloop
  endfacet
  facet normal -0.8638025522232056 0.4601537883281708 -0.20519185066223145
    outer loop
      vertex 4.828098297119141 30.403093338012695 49.728553771972656
      vertex 5.160139083862305 31.275474548339844 50.287113189697266
      vertex 5.836765289306641 32.41099166870117 49.98515701293945
    endloop
  endfacet
  facet normal -0.8574978113174438 0.4601687490940094 -0.23009179532527924
    outer loop
      vertex 5.836765289306641 32.41099166870117 49.98515701293945
      vertex 5.47624397277832 31.457324981689453 49.42146301269531
      vertex 4.828098297119141 30.403093338012695 49.728553771972656
    endloop
  endfacet
  facet normal -0.9374303221702576 0.34726089239120483 -0.02518797107040882
    outer loop
      vertex 1.9108905792236328 24.089527130126953 53.18154525756836
      vertex 3.011758804321289 26.99976348876953 52.332889556884766
      vertex 2.926797866821289 26.741737365722656 51.937564849853516
    endloop
  endfacet
  facet normal -0.9218207001686096 0.3840382695198059 -0.05254707857966423
    outer loop
      vertex 2.926797866821289 26.741737365722656 51.937564849853516
      vertex 3.011758804321289 26.99976348876953 52.332889556884766
      vertex 3.75689697265625 28.72478485107422 51.86836242675781
    endloop
  endfacet
  facet normal -0.9207202792167664 0.38276106119155884 -0.07594817131757736
    outer loop
      vertex 3.75689697265625 28.72478485107422 51.86836242675781
      vertex 3.623331069946289 28.295175552368164 51.322452545166016
      vertex 2.926797866821289 26.741737365722656 51.937564849853516
    endloop
  endfacet
  facet normal -0.9088470935821533 0.4057144224643707 -0.096916563808918
    outer loop
      vertex 3.623331069946289 28.295175552368164 51.322452545166016
      vertex 3.75689697265625 28.72478485107422 51.86836242675781
      vertex 4.556404113769531 30.40784454345703 51.41654968261719
    endloop
  endfacet
  facet normal -0.9065590500831604 0.4055904448032379 -0.11682087182998657
    outer loop
      vertex 4.556404113769531 30.40784454345703 51.41654968261719
      vertex 4.404321670532227 29.880870819091797 50.767147064208984
      vertex 3.623331069946289 28.295175552368164 51.322452545166016
    endloop
  endfacet
  facet normal -0.897563099861145 0.42087212204933167 -0.1313282996416092
    outer loop
      vertex 4.404321670532227 29.880870819091797 50.767147064208984
      vertex 4.556404113769531 30.40784454345703 51.41654968261719
      vertex 5.3250579833984375 31.915597915649414 50.99513244628906
    endloop
  endfacet
  facet normal -0.8896137475967407 0.4221016764640808 -0.17440631985664368
    outer loop
      vertex 5.3250579833984375 31.915597915649414 50.99513244628906
      vertex 5.160139083862305 31.275474548339844 50.287113189697266
      vertex 4.404321670532227 29.880870819091797 50.767147064208984
    endloop
  endfacet
  facet normal -0.8709030747413635 0.44795840978622437 -0.20214177668094635
    outer loop
      vertex 5.160139083862305 31.275474548339844 50.287113189697266
      vertex 5.3250579833984375 31.915597915649414 50.99513244628906
      vertex 6.017337799072266 33.13895034790039 50.72355270385742
    endloop
  endfacet
  facet normal -0.861301600933075 0.45100298523902893 -0.23399940133094788
    outer loop
      vertex 6.017337799072266 33.13895034790039 50.72355270385742
      vertex 5.836765289306641 32.41099166870117 49.98515701293945
      vertex 5.160139083862305 31.275474548339844 50.287113189697266
    endloop
  endfacet
  facet normal -0.9398739337921143 0.33099865913391113 -0.08412472903728485
    outer loop
      vertex 1.9108905792236328 24.089527130126953 53.18154525756836
      vertex 3.015958786010742 27.112205505371094 52.7283821105957
      vertex 3.011758804321289 26.99976348876953 52.332889556884766
    endloop
  endfacet
  facet normal -0.9218540191650391 0.3752296566963196 -0.09689134359359741
    outer loop
      vertex 3.011758804321289 26.99976348876953 52.332889556884766
      vertex 3.015958786010742 27.112205505371094 52.7283821105957
      vertex 3.799043655395508 28.970947265625 52.476192474365234
    endloop
  endfacet
  facet normal -0.9228609204292297 0.3749758303165436 -0.08786901831626892
    outer loop
      vertex 3.799043655395508 28.970947265625 52.476192474365234
      vertex 3.75689697265625 28.72478485107422 51.86836242675781
      vertex 3.011758804321289 26.99976348876953 52.332889556884766
    endloop
  endfacet
  facet normal -0.9161840081214905 0.38952386379241943 -0.0942237377166748
    outer loop
      vertex 3.75689697265625 28.72478485107422 51.86836242675781
      vertex 3.799043655395508 28.970947265625 52.476192474365234
      vertex 4.586530685424805 30.7486572265625 52.168174743652344
    endloop
  endfacet
  facet normal -0.9083473682403564 0.39338380098342896 -0.14196546375751495
    outer loop
      vertex 4.586530685424805 30.7486572265625 52.168174743652344
      vertex 4.556404113769531 30.40784454345703 51.41654968261719
      vertex 3.75689697265625 28.72478485107422 51.86836242675781
    endloop
  endfacet
  facet normal -0.9044273495674133 0.40101897716522217 -0.14558464288711548
    outer loop
      vertex 4.556404113769531 30.40784454345703 51.41654968261719
      vertex 4.586530685424805 30.7486572265625 52.168174743652344
      vertex 5.338293075561523 32.33623123168945 51.87097930908203
    endloop
  endfacet
  facet normal -0.8957164883613586 0.4059309959411621 -0.18141666054725647
    outer loop
      vertex 5.338293075561523 32.33623123168945 51.87097930908203
      vertex 5.3250579833984375 31.915597915649414 50.99513244628906
      vertex 4.556404113769531 30.40784454345703 51.41654968261719
    endloop
  endfacet
  facet normal -0.8772622346878052 0.4377369284629822 -0.1969706118106842
    outer loop
      vertex 5.3250579833984375 31.915597915649414 50.99513244628906
      vertex 5.338293075561523 32.33623123168945 51.87097930908203
      vertex 6.01719856262207 33.61333465576172 51.685455322265625
    endloop
  endfacet
  facet normal -0.869251012802124 0.44333308935165405 -0.21876570582389832
    outer loop
      vertex 6.01719856262207 33.61333465576172 51.685455322265625
      vertex 6.017337799072266 33.13895034790039 50.72355270385742
      vertex 5.3250579833984375 31.915597915649414 50.99513244628906
    endloop
  endfacet
  facet normal -0.9404182434082031 0.3358597755432129 -0.053027570247650146
    outer loop
      vertex 1.9108905792236328 24.089527130126953 53.18154525756836
      vertex 3.0119762420654297 27.17581558227539 53.20189666748047
      vertex 3.015958786010742 27.112205505371094 52.7283821105957
    endloop
  endfacet
  facet normal -0.929680347442627 0.3639752268791199 -0.056714173406362534
    outer loop
      vertex 3.015958786010742 27.112205505371094 52.7283821105957
      vertex 3.0119762420654297 27.17581558227539 53.20189666748047
      vertex 3.7513599395751953 29.053733825683594 53.133575439453125
    endloop
  endfacet
  facet normal -0.9210024476051331 0.3725866675376892 -0.11372669786214828
    outer loop
      vertex 3.7513599395751953 29.053733825683594 53.133575439453125
      vertex 3.799043655395508 28.970947265625 52.476192474365234
      vertex 3.015958786010742 27.112205505371094 52.7283821105957
    endloop
  endfacet
  facet normal -0.9217986464500427 0.3706687092781067 -0.11354290693998337
    outer loop
      vertex 3.799043655395508 28.970947265625 52.476192474365234
      vertex 3.7513599395751953 29.053733825683594 53.133575439453125
      vertex 4.499567031860352 30.86527442932129 52.97315216064453
    endloop
  endfacet
  facet normal -0.9130573272705078 0.3778882622718811 -0.1533845216035843
    outer loop
      vertex 4.499567031860352 30.86527442932129 52.97315216064453
      vertex 4.586530685424805 30.7486572265625 52.168174743652344
      vertex 3.799043655395508 28.970947265625 52.476192474365234
    endloop
  endfacet
  facet normal -0.9117291569709778 0.38096028566360474 -0.15368607640266418
    outer loop
      vertex 4.586530685424805 30.7486572265625 52.168174743652344
      vertex 4.499567031860352 30.86527442932129 52.97315216064453
      vertex 5.210052490234375 32.50748062133789 52.82899475097656
    endloop
  endfacet
  facet normal -0.9005666971206665 0.39079999923706055 -0.1904076486825943
    outer loop
      vertex 5.210052490234375 32.50748062133789 52.82899475097656
      vertex 5.338293075561523 32.33623123168945 51.87097930908203
      vertex 4.586530685424805 30.7486572265625 52.168174743652344
    endloop
  endfacet
  facet normal -0.8828538060188293 0.4274405837059021 -0.19458624720573425
    outer loop
      vertex 5.338293075561523 32.33623123168945 51.87097930908203
      vertex 5.210052490234375 32.50748062133789 52.82899475097656
      vertex 5.828958511352539 33.79361343383789 52.846168518066406
    endloop
  endfacet
  facet normal -0.875670313835144 0.43505820631980896 -0.20958492159843445
    outer loop
      vertex 5.828958511352539 33.79361343383789 52.846168518066406
      vertex 6.01719856262207 33.61333465576172 51.685455322265625
      vertex 5.338293075561523 32.33623123168945 51.87097930908203
    endloop
  endfacet
  facet normal -0.9379110336303711 0.33520397543907166 -0.08922623097896576
    outer loop
      vertex 1.9108905792236328 24.089527130126953 53.18154525756836
      vertex 2.9513778686523438 27.127351760864258 53.65681457519531
      vertex 3.0119762420654297 27.17581558227539 53.20189666748047
    endloop
  endfacet
  facet normal -0.9335083961486816 0.3477650284767151 -0.08730161935091019
    outer loop
      vertex 3.0119762420654297 27.17581558227539 53.20189666748047
      vertex 2.9513778686523438 27.127351760864258 53.65681457519531
      vertex 3.6254100799560547 28.976848602294922 53.816898345947266
    endloop
  endfacet
  facet normal -0.9241905212402344 0.3591497838497162 -0.12993615865707397
    outer loop
      vertex 3.6254100799560547 28.976848602294922 53.816898345947266
      vertex 3.7513599395751953 29.053733825683594 53.133575439453125
      vertex 3.0119762420654297 27.17581558227539 53.20189666748047
    endloop
  endfacet
  facet normal -0.9277801513671875 0.3491012156009674 -0.13172844052314758
    outer loop
      vertex 3.7513599395751953 29.053733825683594 53.133575439453125
      vertex 3.6254100799560547 28.976848602294922 53.816898345947266
      vertex 4.290807723999023 30.772228240966797 53.888458251953125
    endloop
  endfacet
  facet normal -0.9157796502113342 0.3630090355873108 -0.1719653457403183
    outer loop
      vertex 4.290807723999023 30.772228240966797 53.888458251953125
      vertex 4.499567031860352 30.86527442932129 52.97315216064453
      vertex 3.7513599395751953 29.053733825683594 53.133575439453125
    endloop
  endfacet
  facet normal -0.9179249405860901 0.35701945424079895 -0.1730635017156601
    outer loop
      vertex 4.499567031860352 30.86527442932129 52.97315216064453
      vertex 4.290807723999023 30.772228240966797 53.888458251953125
      vertex 4.921724319458008 32.41917419433594 53.939640045166016
    endloop
  endfacet
  facet normal -0.9046973586082458 0.37339818477630615 -0.20517468452453613
    outer loop
      vertex 4.921724319458008 32.41917419433594 53.939640045166016
      vertex 5.210052490234375 32.50748062133789 52.82899475097656
      vertex 4.499567031860352 30.86527442932129 52.97315216064453
    endloop
  endfacet
  facet normal -0.8934741616249084 0.4021362364292145 -0.1999761462211609
    outer loop
      vertex 5.210052490234375 32.50748062133789 52.82899475097656
      vertex 4.921724319458008 32.41917419433594 53.939640045166016
      vertex 5.48992919921875 33.731483459472656 54.0399055480957
    endloop
  endfacet
  facet normal -0.8764268755912781 0.424778014421463 -0.22680285573005676
    outer loop
      vertex 5.48992919921875 33.731483459472656 54.0399055480957
      vertex 5.828958511352539 33.79361343383789 52.846168518066406
      vertex 5.210052490234375 32.50748062133789 52.82899475097656
    endloop
  endfacet
  facet normal -0.937633216381073 0.33542943000793457 -0.0912751778960228
    outer loop
      vertex 1.9108905792236328 24.089527130126953 53.18154525756836
      vertex 2.8552608489990234 26.97906494140625 54.0992431640625
      vertex 2.9513778686523438 27.127351760864258 53.65681457519531
    endloop
  endfacet
  facet normal -0.9382084608078003 0.3336154818534851 -0.09200812131166458
    outer loop
      vertex 2.9513778686523438 27.127351760864258 53.65681457519531
      vertex 2.8552608489990234 26.97906494140625 54.0992431640625
      vertex 3.4436779022216797 28.742280960083008 54.49245071411133
    endloop
  endfacet
  facet normal -0.9281498193740845 0.34936732053756714 -0.1283755749464035
    outer loop
      vertex 3.4436779022216797 28.742280960083008 54.49245071411133
      vertex 3.6254100799560547 28.976848602294922 53.816898345947266
      vertex 2.9513778686523438 27.127351760864258 53.65681457519531
    endloop
  endfacet
  facet normal -0.935066819190979 0.3264191150665283 -0.13820450007915497
    outer loop
      vertex 3.6254100799560547 28.976848602294922 53.816898345947266
      vertex 3.4436779022216797 28.742280960083008 54.49245071411133
      vertex 3.9944725036621094 30.452957153320312 54.806243896484375
    endloop
  endfacet
  facet normal -0.9207061529159546 0.34824928641319275 -0.17613233625888824
    outer loop
      vertex 3.9944725036621094 30.452957153320312 54.806243896484375
      vertex 4.290807723999023 30.772228240966797 53.888458251953125
      vertex 3.6254100799560547 28.976848602294922 53.816898345947266
    endloop
  endfacet
  facet normal -0.9241756796836853 0.3361029028892517 -0.18147794902324677
    outer loop
      vertex 4.290807723999023 30.772228240966797 53.888458251953125
      vertex 3.9944725036621094 30.452957153320312 54.806243896484375
      vertex 4.498468399047852 32.00373077392578 55.11172866821289
    endloop
  endfacet
  facet normal -0.912194550037384 0.35576409101486206 -0.20330534875392914
    outer loop
      vertex 4.498468399047852 32.00373077392578 55.11172866821289
      vertex 4.921724319458008 32.41917419433594 53.939640045166016
      vertex 4.290807723999023 30.772228240966797 53.888458251953125
    endloop
  endfacet
  facet normal -0.9020232558250427 0.3886037766933441 -0.18799245357513428
    outer loop
      vertex 4.921724319458008 32.41917419433594 53.939640045166016
      vertex 4.498468399047852 32.00373077392578 55.11172866821289
      vertex 4.98309326171875 33.25712585449219 55.3773307800293
    endloop
  endfacet
  facet normal -0.8942734003067017 0.40219730138778687 -0.1962461620569229
    outer loop
      vertex 4.98309326171875 33.25712585449219 55.3773307800293
      vertex 5.48992919921875 33.731483459472656 54.0399055480957
      vertex 4.921724319458008 32.41917419433594 53.939640045166016
    endloop
  endfacet
  facet normal -0.9470077157020569 0.3196260929107666 -0.031868647783994675
    outer loop
      vertex 1.9108905792236328 24.089527130126953 53.18154525756836
      vertex 2.7594985961914062 26.735980987548828 54.50690460205078
      vertex 2.8552608489990234 26.97906494140625 54.0992431640625
    endloop
  endfacet
  facet normal -0.954067587852478 0.2957605719566345 -0.0477578267455101
    outer loop
      vertex 2.8552608489990234 26.97906494140625 54.0992431640625
      vertex 2.7594985961914062 26.735980987548828 54.50690460205078
      vertex 3.23175048828125 28.359163284301758 55.1248779296875
    endloop
  endfacet
  facet normal -0.9352748394012451 0.3365454375743866 -0.10953652113676071
    outer loop
      vertex 3.23175048828125 28.359163284301758 55.1248779296875
      vertex 3.4436779022216797 28.742280960083008 54.49245071411133
      vertex 2.8552608489990234 26.97906494140625 54.0992431640625
    endloop
  endfacet
  facet normal -0.9444750547409058 0.29955798387527466 -0.13502611219882965
    outer loop
      vertex 3.4436779022216797 28.742280960083008 54.49245071411133
      vertex 3.23175048828125 28.359163284301758 55.1248779296875
      vertex 3.6466503143310547 29.924928665161133 55.696434020996094
    endloop
  endfacet
  facet normal -0.9290815591812134 0.3298415541648865 -0.1673681139945984
    outer loop
      vertex 3.6466503143310547 29.924928665161133 55.696434020996094
      vertex 3.9944725036621094 30.452957153320312 54.806243896484375
      vertex 3.4436779022216797 28.742280960083008 54.49245071411133
    endloop
  endfacet
  facet normal -0.933883547782898 0.30750057101249695 -0.18249624967575073
    outer loop
      vertex 3.9944725036621094 30.452957153320312 54.806243896484375
      vertex 3.6466503143310547 29.924928665161133 55.696434020996094
      vertex 4.022502899169922 31.360248565673828 56.19156265258789
    endloop
  endfacet
  facet normal -0.9187300205230713 0.3386072814464569 -0.20317569375038147
    outer loop
      vertex 4.022502899169922 31.360248565673828 56.19156265258789
      vertex 4.498468399047852 32.00373077392578 55.11172866821289
      vertex 3.9944725036621094 30.452957153320312 54.806243896484375
    endloop
  endfacet
  facet normal -0.9148669242858887 0.3555038869380951 -0.1914040595293045
    outer loop
      vertex 4.498468399047852 32.00373077392578 55.11172866821289
      vertex 4.022502899169922 31.360248565673828 56.19156265258789
      vertex 4.378461837768555 32.50747299194336 56.62095642089844
    endloop
  endfacet
  facet normal -0.898419976234436 0.3901035785675049 -0.20164482295513153
    outer loop
      vertex 4.378461837768555 32.50747299194336 56.62095642089844
      vertex 4.98309326171875 33.25712585449219 55.3773307800293
      vertex 4.498468399047852 32.00373077392578 55.11172866821289
    endloop
  endfacet
  facet normal -0.9603243470191956 0.26604706048965454 0.08364342153072357
    outer loop
      vertex 1.9108905792236328 24.089527130126953 53.18154525756836
      vertex 2.7012882232666016 26.416746139526367 54.853981018066406
      vertex 2.7594985961914062 26.735980987548828 54.50690460205078
    endloop
  endfacet
  facet normal -0.9777412414550781 0.2080238312482834 0.027353551238775253
    outer loop
      vertex 2.7594985961914062 26.735980987548828 54.50690460205078
      vertex 2.7012882232666016 26.416746139526367 54.853981018066406
      vertex 3.0300960540771484 27.8538818359375 55.67765808105469
    endloop
  endfacet
  facet normal -0.9504210352897644 0.30305367708206177 -0.06970079988241196
    outer loop
      vertex 3.0300960540771484 27.8538818359375 55.67765808105469
      vertex 3.23175048828125 28.359163284301758 55.1248779296875
      vertex 2.7594985961914062 26.735980987548828 54.50690460205078
    endloop
  endfacet
  facet normal -0.9595924615859985 0.25658825039863586 -0.11551932990550995
    outer loop
      vertex 3.23175048828125 28.359163284301758 55.1248779296875
      vertex 3.0300960540771484 27.8538818359375 55.67765808105469
      vertex 3.303609848022461 29.22369956970215 56.4482421875
    endloop
  endfacet
  facet normal -0.9415625929832458 0.30311933159828186 -0.14689648151397705
    outer loop
      vertex 3.303609848022461 29.22369956970215 56.4482421875
      vertex 3.6466503143310547 29.924928665161133 55.696434020996094
      vertex 3.23175048828125 28.359163284301758 55.1248779296875
    endloop
  endfacet
  facet normal -0.9459518194198608 0.26975807547569275 -0.18001604080200195
    outer loop
      vertex 3.6466503143310547 29.924928665161133 55.696434020996094
      vertex 3.303609848022461 29.22369956970215 56.4482421875
      vertex 3.5324954986572266 30.488361358642578 57.1406135559082
    endloop
  endfacet
  facet normal -0.9302994012832642 0.31080368161201477 -0.19479231536388397
    outer loop
      vertex 3.5324954986572266 30.488361358642578 57.1406135559082
      vertex 4.022502899169922 31.360248565673828 56.19156265258789
      vertex 3.6466503143310547 29.924928665161133 55.696434020996094
    endloop
  endfacet
  facet normal -0.93110591173172 0.30416759848594666 -0.20130527019500732
    outer loop
      vertex 4.022502899169922 31.360248565673828 56.19156265258789
      vertex 3.5324954986572266 30.488361358642578 57.1406135559082
      vertex 3.742826461791992 31.51131820678711 57.71342468261719
    endloop
  endfacet
  facet normal -0.9111055135726929 0.3586929142475128 -0.20304231345653534
    outer loop
      vertex 3.742826461791992 31.51131820678711 57.71342468261719
      vertex 4.378461837768555 32.50747299194336 56.62095642089844
      vertex 4.022502899169922 31.360248565673828 56.19156265258789
    endloop
  endfacet
  facet normal -0.9438156485557556 0.3301997482776642 -0.013427983038127422
    outer loop
      vertex 1.9108905792236328 24.089527130126953 53.18154525756836
      vertex 2.589984893798828 26.110387802124023 55.14370346069336
      vertex 2.7012882232666016 26.416746139526367 54.853981018066406
    endloop
  endfacet
  facet normal -0.9584326148033142 0.2744526267051697 -0.07799151539802551
    outer loop
      vertex 2.7012882232666016 26.416746139526367 54.853981018066406
      vertex 2.589984893798828 26.110387802124023 55.14370346069336
      vertex 2.8443145751953125 27.27536392211914 56.117820739746094
    endloop
  endfacet
  facet normal -0.9636496901512146 0.2587081491947174 -0.06670477241277695
    outer loop
      vertex 2.8443145751953125 27.27536392211914 56.117820739746094
      vertex 3.0300960540771484 27.8538818359375 55.67765808105469
      vertex 2.7012882232666016 26.416746139526367 54.853981018066406
    endloop
  endfacet
  facet normal -0.9675994515419006 0.22767339646816254 -0.10916175693273544
    outer loop
      vertex 3.0300960540771484 27.8538818359375 55.67765808105469
      vertex 2.8443145751953125 27.27536392211914 56.117820739746094
      vertex 3.004598617553711 28.40194320678711 57.046730041503906
    endloop
  endfacet
  facet normal -0.957938551902771 0.25981956720352173 -0.12185046076774597
    outer loop
      vertex 3.004598617553711 28.40194320678711 57.046730041503906
      vertex 3.303609848022461 29.22369956970215 56.4482421875
      vertex 3.0300960540771484 27.8538818359375 55.67765808105469
    endloop
  endfacet
  facet normal -0.9593013525009155 0.2214328795671463 -0.17523828148841858
    outer loop
      vertex 3.303609848022461 29.22369956970215 56.4482421875
      vertex 3.004598617553711 28.40194320678711 57.046730041503906
      vertex 3.09698486328125 29.46776008605957 57.887760162353516
    endloop
  endfacet
  facet normal -0.9454382658004761 0.27051594853401184 -0.1815701276063919
    outer loop
      vertex 3.09698486328125 29.46776008605957 57.887760162353516
      vertex 3.5324954986572266 30.488361358642578 57.1406135559082
      vertex 3.303609848022461 29.22369956970215 56.4482421875
    endloop
  endfacet
  facet normal -0.9454514980316162 0.25547319650650024 -0.20212621986865997
    outer loop
      vertex 3.5324954986572266 30.488361358642578 57.1406135559082
      vertex 3.09698486328125 29.46776008605957 57.887760162353516
      vertex 3.1590137481689453 30.268468856811523 58.609657287597656
    endloop
  endfacet
  facet normal -0.9342983365058899 0.29996660351753235 -0.19263073801994324
    outer loop
      vertex 3.1590137481689453 30.268468856811523 58.609657287597656
      vertex 3.742826461791992 31.51131820678711 57.71342468261719
      vertex 3.5324954986572266 30.488361358642578 57.1406135559082
    endloop
  endfacet
  facet normal -0.957330584526062 0.2867436408996582 0.03600568696856499
    outer loop
      vertex 1.9108905792236328 24.089527130126953 53.18154525756836
      vertex 2.491107940673828 25.75169563293457 55.371299743652344
      vertex 2.589984893798828 26.110387802124023 55.14370346069336
    endloop
  endfacet
  facet normal -0.9680516719818115 0.24920359253883362 -0.027815138921141624
    outer loop
      vertex 2.589984893798828 26.110387802124023 55.14370346069336
      vertex 2.491107940673828 25.75169563293457 55.371299743652344
      vertex 2.693777084350586 26.652894973754883 56.39189147949219
    endloop
  endfacet
  facet normal -0.9736001491546631 0.2275540977716446 -0.01794412173330784
    outer loop
      vertex 2.693777084350586 26.652894973754883 56.39189147949219
      vertex 2.8443145751953125 27.27536392211914 56.117820739746094
      vertex 2.589984893798828 26.110387802124023 55.14370346069336
    endloop
  endfacet
  facet normal -0.9763539433479309 0.2001015990972519 -0.0818067342042923
    outer loop
      vertex 2.8443145751953125 27.27536392211914 56.117820739746094
      vertex 2.693777084350586 26.652894973754883 56.39189147949219
      vertex 2.7880210876464844 27.550825119018555 57.463462829589844
    endloop
  endfacet
  facet normal -0.9747341275215149 0.20729075372219086 -0.08321063965559006
    outer loop
      vertex 2.7880210876464844 27.550825119018555 57.463462829589844
      vertex 3.004598617553711 28.40194320678711 57.046730041503906
      vertex 2.8443145751953125 27.27536392211914 56.117820739746094
    endloop
  endfacet
  facet normal -0.9731056690216064 0.17332309484481812 -0.1517384946346283
    outer loop
      vertex 3.004598617553711 28.40194320678711 57.046730041503906
      vertex 2.7880210876464844 27.550825119018555 57.463462829589844
      vertex 2.782794952392578 28.355985641479492 58.41667175292969
    endloop
  endfacet
  facet normal -0.9678055047988892 0.20218530297279358 -0.14991211891174316
    outer loop
      vertex 2.782794952392578 28.355985641479492 58.41667175292969
      vertex 3.09698486328125 29.46776008605957 57.887760162353516
      vertex 3.004598617553711 28.40194320678711 57.046730041503906
    endloop
  endfacet
  facet normal -0.964078962802887 0.17916172742843628 -0.1960940659046173
    outer loop
      vertex 3.09698486328125 29.46776008605957 57.887760162353516
      vertex 2.782794952392578 28.355985641479492 58.41667175292969
      vertex 2.735708236694336 28.971176147460938 59.21023941040039
    endloop
  endfacet
  facet normal -0.9570545554161072 0.23148895800113678 -0.17452655732631683
    outer loop
      vertex 2.735708236694336 28.971176147460938 59.21023941040039
      vertex 3.1590137481689453 30.268468856811523 58.609657287597656
      vertex 3.09698486328125 29.46776008605957 57.887760162353516
    endloop
  endfacet
  facet normal -0.97410649061203 0.19923359155654907 0.10687671601772308
    outer loop
      vertex 1.9108905792236328 24.089527130126953 53.18154525756836
      vertex 2.4241065979003906 25.342573165893555 55.523292541503906
      vertex 2.491107940673828 25.75169563293457 55.371299743652344
    endloop
  endfacet
  facet normal -0.9839780330657959 0.17458243668079376 0.03617112338542938
    outer loop
      vertex 2.491107940673828 25.75169563293457 55.371299743652344
      vertex 2.4241065979003906 25.342573165893555 55.523292541503906
      vertex 2.5892982482910156 26.04803466796875 56.61211013793945
    endloop
  endfacet
  facet normal -0.9826638698577881 0.1822061389684677 0.03424638509750366
    outer loop
      vertex 2.5892982482910156 26.04803466796875 56.61211013793945
      vertex 2.693777084350586 26.652894973754883 56.39189147949219
      vertex 2.491107940673828 25.75169563293457 55.371299743652344
    endloop
  endfacet
  facet normal -0.9870169758796692 0.15447865426540375 -0.04397619888186455
    outer loop
      vertex 2.693777084350586 26.652894973754883 56.39189147949219
      vertex 2.5892982482910156 26.04803466796875 56.61211013793945
      vertex 2.646993637084961 26.730379104614258 57.7140998840332
    endloop
  endfacet
  facet normal -0.9867496490478516 0.15615227818489075 -0.04406481236219406
    outer loop
      vertex 2.646993637084961 26.730379104614258 57.7140998840332
      vertex 2.7880210876464844 27.550825119018555 57.463462829589844
      vertex 2.693777084350586 26.652894973754883 56.39189147949219
    endloop
  endfacet
  facet normal -0.9840518236160278 0.13309872150421143 -0.11801129579544067
    outer loop
      vertex 2.7880210876464844 27.550825119018555 57.463462829589844
      vertex 2.646993637084961 26.730379104614258 57.7140998840332
      vertex 2.603008270263672 27.29619598388672 58.719032287597656
    endloop
  endfacet
  facet normal -0.984032392501831 0.13327717781066895 -0.1179722473025322
    outer loop
      vertex 2.603008270263672 27.29619598388672 58.719032287597656
      vertex 2.782794952392578 28.355985641479492 58.41667175292969
      vertex 2.7880210876464844 27.550825119018555 57.463462829589844
    endloop
  endfacet
  facet normal -0.9752671122550964 0.11089974641799927 -0.19119437038898468
    outer loop
      vertex 2.782794952392578 28.355985641479492 58.41667175292969
      vertex 2.603008270263672 27.29619598388672 58.719032287597656
      vertex 2.489297866821289 27.710519790649414 59.53938293457031
    endloop
  endfacet
  facet normal -0.9744366407394409 0.1458493173122406 -0.1708841472864151
    outer loop
      vertex 2.489297866821289 27.710519790649414 59.53938293457031
      vertex 2.735708236694336 28.971176147460938 59.21023941040039
      vertex 2.782794952392578 28.355985641479492 58.41667175292969
    endloop
  endfacet
  facet normal -0.977165937423706 0.17499065399169922 0.12051935493946075
    outer loop
      vertex 1.9108905792236328 24.089527130126953 53.18154525756836
      vertex 2.3602046966552734 24.937223434448242 55.59373474121094
      vertex 2.4241065979003906 25.342573165893555 55.523292541503906
    endloop
  endfacet
  facet normal -0.9844822883605957 0.16539263725280762 0.05865190178155899
    outer loop
      vertex 2.4241065979003906 25.342573165893555 55.523292541503906
      vertex 2.3602046966552734 24.937223434448242 55.59373474121094
      vertex 2.5130443572998047 25.447052001953125 56.72150802612305
    endloop
  endfacet
  facet normal -0.9887116551399231 0.1366397589445114 0.061472952365875244
    outer loop
      vertex 2.5130443572998047 25.447052001953125 56.72150802612305
      vertex 2.5892982482910156 26.04803466796875 56.61211013793945
      vertex 2.4241065979003906 25.342573165893555 55.523292541503906
    endloop
  endfacet
  facet normal -0.9920204877853394 0.1260720044374466 0.001112133264541626
    outer loop
      vertex 2.5892982482910156 26.04803466796875 56.61211013793945
      vertex 2.5130443572998047 25.447052001953125 56.72150802612305
      vertex 2.570413589477539 25.888877868652344 57.80913543701172
    endloop
  endfacet
  facet normal -0.9959155917167664 0.09021257609128952 -0.0037171992007642984
    outer loop
      vertex 2.570413589477539 25.888877868652344 57.80913543701172
      vertex 2.646993637084961 26.730379104614258 57.7140998840332
      vertex 2.5892982482910156 26.04803466796875 56.61211013793945
    endloop
  endfacet
  facet normal -0.9942827820777893 0.08288028836250305 -0.06732591241598129
    outer loop
      vertex 2.646993637084961 26.730379104614258 57.7140998840332
      vertex 2.570413589477539 25.888877868652344 57.80913543701172
      vertex 2.5331573486328125 26.287118911743164 58.84959030151367
    endloop
  endfacet
  facet normal -0.9953041672706604 0.0589655339717865 -0.07676387578248978
    outer loop
      vertex 2.5331573486328125 26.287118911743164 58.84959030151367
      vertex 2.603008270263672 27.29619598388672 58.719032287597656
      vertex 2.646993637084961 26.730379104614258 57.7140998840332
    endloop
  endfacet
  facet normal -0.9816460013389587 0.043940916657447815 -0.18558114767074585
    outer loop
      vertex 2.603008270263672 27.29619598388672 58.719032287597656
      vertex 2.5331573486328125 26.287118911743164 58.84959030151367
      vertex 2.3902645111083984 26.552345275878906 59.66823196411133
    endloop
  endfacet
  facet normal -0.9834067821502686 0.06525761634111404 -0.16927076876163483
    outer loop
      vertex 2.3902645111083984 26.552345275878906 59.66823196411133
      vertex 2.489297866821289 27.710519790649414 59.53938293457031
      vertex 2.603008270263672 27.29619598388672 58.719032287597656
    endloop
  endfacet
  facet normal -0.9765012860298157 0.1798948049545288 0.11867211014032364
    outer loop
      vertex 1.9108905792236328 24.089527130126953 53.18154525756836
      vertex 2.2903366088867188 24.561809539794922 55.58790969848633
      vertex 2.3602046966552734 24.937223434448242 55.59373474121094
    endloop
  endfacet
  facet normal -0.979503870010376 0.18092112243175507 0.08854197710752487
    outer loop
      vertex 2.3602046966552734 24.937223434448242 55.59373474121094
      vertex 2.2903366088867188 24.561809539794922 55.58790969848633
      vertex 2.456951141357422 24.91794204711914 56.703399658203125
    endloop
  endfacet
  facet normal -0.9908671379089355 0.10202880948781967 0.08816187083721161
    outer loop
      vertex 2.456951141357422 24.91794204711914 56.703399658203125
      vertex 2.5130443572998047 25.447052001953125 56.72150802612305
      vertex 2.3602046966552734 24.937223434448242 55.59373474121094
    endloop
  endfacet
  facet normal -0.9936171770095825 0.10382837802171707 0.04409864544868469
    outer loop
      vertex 2.5130443572998047 25.447052001953125 56.72150802612305
      vertex 2.456951141357422 24.91794204711914 56.703399658203125
      vertex 2.5343284606933594 25.18524932861328 57.81747817993164
    endloop
  endfacet
  facet normal -0.9981663227081299 0.05156620219349861 0.03170272707939148
    outer loop
      vertex 2.5343284606933594 25.18524932861328 57.81747817993164
      vertex 2.570413589477539 25.888877868652344 57.80913543701172
      vertex 2.5130443572998047 25.447052001953125 56.72150802612305
    endloop
  endfacet
  facet normal -0.9983699917793274 0.05089452490210533 -0.025827566161751747
    outer loop
      vertex 2.570413589477539 25.888877868652344 57.80913543701172
      vertex 2.5343284606933594 25.18524932861328 57.81747817993164
      vertex 2.5173721313476562 25.366649627685547 58.830387115478516
    endloop
  endfacet
  facet normal -0.9989268779754639 0.01802082546055317 -0.04266681522130966
    outer loop
      vertex 2.5173721313476562 25.366649627685547 58.830387115478516
      vertex 2.5331573486328125 26.287118911743164 58.84959030151367
      vertex 2.570413589477539 25.888877868652344 57.80913543701172
    endloop
  endfacet
  facet normal -0.9898253679275513 0.01991385407745838 -0.14088715612888336
    outer loop
      vertex 2.5331573486328125 26.287118911743164 58.84959030151367
      vertex 2.5173721313476562 25.366649627685547 58.830387115478516
      vertex 2.3993492126464844 25.531442642211914 59.68286895751953
    endloop
  endfacet
  facet normal -0.9856517910957336 -0.011185707524418831 -0.1684202402830124
    outer loop
      vertex 2.3993492126464844 25.531442642211914 59.68286895751953
      vertex 2.3902645111083984 26.552345275878906 59.66823196411133
      vertex 2.5331573486328125 26.287118911743164 58.84959030151367
    endloop
  endfacet
  facet normal -0.9710365533828735 0.21123473346233368 0.11165953427553177
    outer loop
      vertex 1.9108905792236328 24.089527130126953 53.18154525756836
      vertex 2.207033157348633 24.216442108154297 55.51682662963867
      vertex 2.2903366088867188 24.561809539794922 55.58790969848633
    endloop
  endfacet
  facet normal -0.9708720445632935 0.21069660782814026 0.11408113688230515
    outer loop
      vertex 2.2903366088867188 24.561809539794922 55.58790969848633
      vertex 2.207033157348633 24.216442108154297 55.51682662963867
      vertex 2.38372802734375 24.434043884277344 56.618675231933594
    endloop
  endfacet
  facet normal -0.9857916235923767 0.1306946575641632 0.10551650822162628
    outer loop
      vertex 2.38372802734375 24.434043884277344 56.618675231933594
      vertex 2.456951141357422 24.91794204711914 56.703399658203125
      vertex 2.2903366088867188 24.561809539794922 55.58790969848633
    endloop
  endfacet
  facet normal -0.9871758818626404 0.13425756990909576 0.08636350929737091
    outer loop
      vertex 2.456951141357422 24.91794204711914 56.703399658203125
      vertex 2.38372802734375 24.434043884277344 56.618675231933594
      vertex 2.4991836547851562 24.582502365112305 57.70759963989258
    endloop
  endfacet
  facet normal -0.9971905946731567 0.04760027304291725 0.05783796310424805
    outer loop
      vertex 2.4991836547851562 24.582502365112305 57.70759963989258
      vertex 2.5343284606933594 25.18524932861328 57.81747817993164
      vertex 2.456951141357422 24.91794204711914 56.703399658203125
    endloop
  endfacet
  facet normal -0.9979791641235352 0.051372427493333817 0.03739776462316513
    outer loop
      vertex 2.5343284606933594 25.18524932861328 57.81747817993164
      vertex 2.4991836547851562 24.582502365112305 57.70759963989258
      vertex 2.5405006408691406 24.65874481201172 58.7054328918457
    endloop
  endfacet
  facet normal -0.9994663596153259 -0.03067060001194477 -0.011238548904657364
    outer loop
      vertex 2.5405006408691406 24.65874481201172 58.7054328918457
      vertex 2.5173721313476562 25.366649627685547 58.830387115478516
      vertex 2.5343284606933594 25.18524932861328 57.81747817993164
    endloop
  endfacet
  facet normal -0.9966806173324585 -0.01857208088040352 -0.079264797270298
    outer loop
      vertex 2.5173721313476562 25.366649627685547 58.830387115478516
      vertex 2.5405006408691406 24.65874481201172 58.7054328918457
      vertex 2.4725990295410156 24.72206687927246 59.544395446777344
    endloop
  endfacet
  facet normal -0.9899427890777588 -0.06840568035840988 -0.1238303929567337
    outer loop
      vertex 2.4725990295410156 24.72206687927246 59.544395446777344
      vertex 2.3993492126464844 25.531442642211914 59.68286895751953
      vertex 2.5173721313476562 25.366649627685547 58.830387115478516
    endloop
  endfacet
  facet normal -0.9587108492851257 0.26337867975234985 0.10726261883974075
    outer loop
      vertex 1.9108905792236328 24.089527130126953 53.18154525756836
      vertex 2.1052322387695312 23.899860382080078 55.38428497314453
      vertex 2.207033157348633 24.216442108154297 55.51682662963867
    endloop
  endfacet
  facet normal -0.9581894278526306 0.2493857443332672 0.14028491079807281
    outer loop
      vertex 2.207033157348633 24.216442108154297 55.51682662963867
      vertex 2.1052322387695312 23.899860382080078 55.38428497314453
      vertex 2.286314010620117 23.99506187438965 56.45188903808594
    endloop
  endfacet
  facet normal -0.9776877164840698 0.17015668749809265 0.12318027764558792
    outer loop
      vertex 2.286314010620117 23.99506187438965 56.45188903808594
      vertex 2.38372802734375 24.434043884277344 56.618675231933594
      vertex 2.207033157348633 24.216442108154297 55.51682662963867
    endloop
  endfacet
  facet normal -0.9768503308296204 0.16507543623447418 0.13606500625610352
    outer loop
      vertex 2.38372802734375 24.434043884277344 56.618675231933594
      vertex 2.286314010620117 23.99506187438965 56.45188903808594
      vertex 2.4377384185791016 24.019886016845703 57.50889205932617
    endloop
  endfacet
  facet normal -0.9926555156707764 0.07484287768602371 0.09504479914903641
    outer loop
      vertex 2.4377384185791016 24.019886016845703 57.50889205932617
      vertex 2.4991836547851562 24.582502365112305 57.70759963989258
      vertex 2.38372802734375 24.434043884277344 56.618675231933594
    endloop
  endfacet
  facet normal -0.9922488927841187 0.0727974995970726 0.10071032494306564
    outer loop
      vertex 2.4991836547851562 24.582502365112305 57.70759963989258
      vertex 2.4377384185791016 24.019886016845703 57.50889205932617
      vertex 2.5367679595947266 24.05571937561035 58.45867919921875
    endloop
  endfacet
  facet normal -0.999047040939331 -0.011089888401329517 0.04221460223197937
    outer loop
      vertex 2.5367679595947266 24.05571937561035 58.45867919921875
      vertex 2.5405006408691406 24.65874481201172 58.7054328918457
      vertex 2.4991836547851562 24.582502365112305 57.70759963989258
    endloop
  endfacet
  facet normal -0.9997187256813049 -0.0034157768823206425 0.023470494896173477
    outer loop
      vertex 2.5405006408691406 24.65874481201172 58.7054328918457
      vertex 2.5367679595947266 24.05571937561035 58.45867919921875
      vertex 2.5565738677978516 24.054967880249023 59.30219650268555
    endloop
  endfacet
  facet normal -0.9924669861793518 -0.09846740961074829 -0.07289353013038635
    outer loop
      vertex 2.5565738677978516 24.054967880249023 59.30219650268555
      vertex 2.4725990295410156 24.72206687927246 59.544395446777344
      vertex 2.5405006408691406 24.65874481201172 58.7054328918457
    endloop
  endfacet
  facet normal -0.939458429813385 0.3242529034614563 0.11080560833215714
    outer loop
      vertex 1.9108905792236328 24.089527130126953 53.18154525756836
      vertex 1.9841728210449219 23.609981536865234 55.20616912841797
      vertex 2.1052322387695312 23.899860382080078 55.38428497314453
    endloop
  endfacet
  facet normal -0.9420958757400513 0.29047030210494995 0.16757847368717194
    outer loop
      vertex 2.1052322387695312 23.899860382080078 55.38428497314453
      vertex 1.9841728210449219 23.609981536865234 55.20616912841797
      vertex 2.157146453857422 23.590686798095703 56.212039947509766
    endloop
  endfacet
  facet normal -0.9642236232757568 0.22277478873729706 0.1436813771724701
    outer loop
      vertex 2.157146453857422 23.590686798095703 56.212039947509766
      vertex 2.286314010620117 23.99506187438965 56.45188903808594
      vertex 2.1052322387695312 23.899860382080078 55.38428497314453
    endloop
  endfacet
  facet normal -0.9632295966148376 0.2039019912481308 0.17496474087238312
    outer loop
      vertex 2.286314010620117 23.99506187438965 56.45188903808594
      vertex 2.157146453857422 23.590686798095703 56.212039947509766
      vertex 2.32818603515625 23.541446685791016 57.21104431152344
    endloop
  endfacet
  facet normal -0.980719268321991 0.139133483171463 0.13722853362560272
    outer loop
      vertex 2.32818603515625 23.541446685791016 57.21104431152344
      vertex 2.4377384185791016 24.019886016845703 57.50889205932617
      vertex 2.286314010620117 23.99506187438965 56.45188903808594
    endloop
  endfacet
  facet normal -0.9775081276893616 0.1129552498459816 0.17809805274009705
    outer loop
      vertex 2.4377384185791016 24.019886016845703 57.50889205932617
      vertex 2.32818603515625 23.541446685791016 57.21104431152344
      vertex 2.4921302795410156 23.485151290893555 58.14657211303711
    endloop
  endfacet
  facet normal -0.9944612979888916 0.021526481956243515 0.10287535190582275
    outer loop
      vertex 2.4921302795410156 23.485151290893555 58.14657211303711
      vertex 2.5367679595947266 24.05571937561035 58.45867919921875
      vertex 2.4377384185791016 24.019886016845703 57.50889205932617
    endloop
  endfacet
  facet normal -0.9961850643157959 0.033963851630687714 0.08038492500782013
    outer loop
      vertex 2.5367679595947266 24.05571937561035 58.45867919921875
      vertex 2.4921302795410156 23.485151290893555 58.14657211303711
      vertex 2.554454803466797 23.449386596679688 58.934051513671875
    endloop
  endfacet
  facet normal -0.999666690826416 -0.01076540444046259 0.023462723940610886
    outer loop
      vertex 2.554454803466797 23.449386596679688 58.934051513671875
      vertex 2.5565738677978516 24.054967880249023 59.30219650268555
      vertex 2.5367679595947266 24.05571937561035 58.45867919921875
    endloop
  endfacet
  facet normal -0.9229108691215515 0.36581841111183167 0.12005172669887543
    outer loop
      vertex 1.9108905792236328 24.089527130126953 53.18154525756836
      vertex 1.8507366180419922 23.343223571777344 54.993221282958984
      vertex 1.9841728210449219 23.609981536865234 55.20616912841797
    endloop
  endfacet
  facet normal -0.9302345514297485 0.31488296389579773 0.1884472668170929
    outer loop
      vertex 1.9841728210449219 23.609981536865234 55.20616912841797
      vertex 1.8507366180419922 23.343223571777344 54.993221282958984
      vertex 1.9943389892578125 23.20155143737793 55.938812255859375
    endloop
  endfacet
  facet normal -0.945844292640686 0.2777795195579529 0.1679796278476715
    outer loop
      vertex 1.9943389892578125 23.20155143737793 55.938812255859375
      vertex 2.157146453857422 23.590686798095703 56.212039947509766
      vertex 1.9841728210449219 23.609981536865234 55.20616912841797
    endloop
  endfacet
  facet normal -0.9458520412445068 0.2525440454483032 0.2039249837398529
    outer loop
      vertex 2.157146453857422 23.590686798095703 56.212039947509766
      vertex 1.9943389892578125 23.20155143737793 55.938812255859375
      vertex 2.161945343017578 23.111360549926758 56.827903747558594
    endloop
  endfacet
  facet normal -0.9607093334197998 0.21535661816596985 0.17509782314300537
    outer loop
      vertex 2.161945343017578 23.111360549926758 56.827903747558594
      vertex 2.32818603515625 23.541446685791016 57.21104431152344
      vertex 2.157146453857422 23.590686798095703 56.212039947509766
    endloop
  endfacet
  facet normal -0.9603044986724854 0.1859280914068222 0.20795653760433197
    outer loop
      vertex 2.32818603515625 23.541446685791016 57.21104431152344
      vertex 2.161945343017578 23.111360549926758 56.827903747558594
      vertex 2.3262481689453125 23.00223159790039 57.6841926574707
    endloop
  endfacet
  facet normal -0.9704095125198364 0.16122131049633026 0.17975850403308868
    outer loop
      vertex 2.3262481689453125 23.00223159790039 57.6841926574707
      vertex 2.4921302795410156 23.485151290893555 58.14657211303711
      vertex 2.32818603515625 23.541446685791016 57.21104431152344
    endloop
  endfacet
  facet normal -0.9705126285552979 0.16622395813465118 0.17457059025764465
    outer loop
      vertex 2.4921302795410156 23.485151290893555 58.14657211303711
      vertex 2.3262481689453125 23.00223159790039 57.6841926574707
      vertex 2.4538326263427734 22.901277542114258 58.48961639404297
    endloop
  endfacet
  facet normal -0.9899621605873108 0.11400916427373886 0.08352779597043991
    outer loop
      vertex 2.4538326263427734 22.901277542114258 58.48961639404297
      vertex 2.554454803466797 23.449386596679688 58.934051513671875
      vertex 2.4921302795410156 23.485151290893555 58.14657211303711
    endloop
  endfacet
  facet normal -0.9207881093025208 0.37047943472862244 0.12204227596521378
    outer loop
      vertex 1.9108905792236328 24.089527130126953 53.18154525756836
      vertex 1.7019309997558594 23.069517135620117 54.70138931274414
      vertex 1.8507366180419922 23.343223571777344 54.993221282958984
    endloop
  endfacet
  facet normal -0.9331589937210083 0.3057025074958801 0.1891038715839386
    outer loop
      vertex 1.8507366180419922 23.343223571777344 54.993221282958984
      vertex 1.7019309997558594 23.069517135620117 54.70138931274414
      vertex 1.8108978271484375 22.843311309814453 55.60478210449219
    endloop
  endfacet
  facet normal -0.9341778755187988 0.303655207157135 0.18736393749713898
    outer loop
      vertex 1.8108978271484375 22.843311309814453 55.60478210449219
      vertex 1.9943389892578125 23.20155143737793 55.938812255859375
      vertex 1.8507366180419922 23.343223571777344 54.993221282958984
    endloop
  endfacet
  facet normal -0.935949981212616 0.2792722284793854 0.21448731422424316
    outer loop
      vertex 1.9943389892578125 23.20155143737793 55.938812255859375
      vertex 1.8108978271484375 22.843311309814453 55.60478210449219
      vertex 1.9398975372314453 22.665660858154297 56.39900207519531
    endloop
  endfacet
  facet normal -0.9404159188270569 0.2714199721813202 0.20481501519680023
    outer loop
      vertex 1.9398975372314453 22.665660858154297 56.39900207519531
      vertex 2.161945343017578 23.111360549926758 56.827903747558594
      vertex 1.9943389892578125 23.20155143737793 55.938812255859375
    endloop
  endfacet
  facet normal -0.9411880373954773 0.24563975632190704 0.23200468719005585
    outer loop
      vertex 2.161945343017578 23.111360549926758 56.827903747558594
      vertex 1.9398975372314453 22.665660858154297 56.39900207519531
      vertex 2.0869483947753906 22.49437713623047 57.176902770996094
    endloop
  endfacet
  facet normal -0.9485470056533813 0.23520773649215698 0.2119809240102768
    outer loop
      vertex 2.0869483947753906 22.49437713623047 57.176902770996094
      vertex 2.3262481689453125 23.00223159790039 57.6841926574707
      vertex 2.161945343017578 23.111360549926758 56.827903747558594
    endloop
  endfacet
  facet normal -0.948664128780365 0.22667691111564636 0.22057652473449707
    outer loop
      vertex 2.3262481689453125 23.00223159790039 57.6841926574707
      vertex 2.0869483947753906 22.49437713623047 57.176902770996094
      vertex 2.226430892944336 22.332658767700195 57.94298553466797
    endloop
  endfacet
  facet normal -0.9607035517692566 0.2123229205608368 0.1787949502468109
    outer loop
      vertex 2.226430892944336 22.332658767700195 57.94298553466797
      vertex 2.4538326263427734 22.901277542114258 58.48961639404297
      vertex 2.3262481689453125 23.00223159790039 57.6841926574707
    endloop
  endfacet
  facet normal -0.8971450328826904 0.41386887431144714 0.15441279113292694
    outer loop
      vertex 1.9108905792236328 24.089527130126953 53.18154525756836
      vertex 1.5532913208007812 22.849193572998047 54.428314208984375
      vertex 1.7019309997558594 23.069517135620117 54.70138931274414
    endloop
  endfacet
  facet normal -0.9115564823150635 0.3523944020271301 0.21185627579689026
    outer loop
      vertex 1.7019309997558594 23.069517135620117 54.70138931274414
      vertex 1.5532913208007812 22.849193572998047 54.428314208984375
      vertex 1.6112899780273438 22.51338005065918 55.236446380615234
    endloop
  endfacet
  facet normal -0.920441210269928 0.3383388817310333 0.19574186205863953
    outer loop
      vertex 1.6112899780273438 22.51338005065918 55.236446380615234
      vertex 1.8108978271484375 22.843311309814453 55.60478210449219
      vertex 1.7019309997558594 23.069517135620117 54.70138931274414
    endloop
  endfacet
  facet normal -0.9247917532920837 0.3038400113582611 0.22900137305259705
    outer loop
      vertex 1.8108978271484375 22.843311309814453 55.60478210449219
      vertex 1.6112899780273438 22.51338005065918 55.236446380615234
      vertex 1.6871337890625 22.232450485229492 55.915470123291016
    endloop
  endfacet
  facet normal -0.9290691018104553 0.29900062084198 0.21778254210948944
    outer loop
      vertex 1.6871337890625 22.232450485229492 55.915470123291016
      vertex 1.9398975372314453 22.665660858154297 56.39900207519531
      vertex 1.8108978271484375 22.843311309814453 55.60478210449219
    endloop
  endfacet
  facet normal -0.9304620623588562 0.28255435824394226 0.233245387673378
    outer loop
      vertex 1.9398975372314453 22.665660858154297 56.39900207519531
      vertex 1.6871337890625 22.232450485229492 55.915470123291016
      vertex 1.7794208526611328 21.969219207763672 56.602500915527344
    endloop
  endfacet
  facet normal -0.9289260506629944 0.28360313177108765 0.23804576694965363
    outer loop
      vertex 1.7794208526611328 21.969219207763672 56.602500915527344
      vertex 2.0869483947753906 22.49437713623047 57.176902770996094
      vertex 1.9398975372314453 22.665660858154297 56.39900207519531
    endloop
  endfacet
  facet normal -0.9295387268066406 0.2717920243740082 0.24917228519916534
    outer loop
      vertex 2.0869483947753906 22.49437713623047 57.176902770996094
      vertex 1.7794208526611328 21.969219207763672 56.602500915527344
      vertex 1.8913688659667969 21.700881958007812 57.31282043457031
    endloop
  endfacet
  facet normal -0.9357714653015137 0.26957935094833374 0.2272857278585434
    outer loop
      vertex 1.8913688659667969 21.700881958007812 57.31282043457031
      vertex 2.226430892944336 22.332658767700195 57.94298553466797
      vertex 2.0869483947753906 22.49437713623047 57.176902770996094
    endloop
  endfacet
  facet normal -0.8888243436813354 0.42599913477897644 0.16886697709560394
    outer loop
      vertex 1.9108905792236328 24.089527130126953 53.18154525756836
      vertex 1.409942626953125 22.65989112854004 54.1513557434082
      vertex 1.5532913208007812 22.849193572998047 54.428314208984375
    endloop
  endfacet
  facet normal -0.9063709378242493 0.35790324211120605 0.2244926244020462
    outer loop
      vertex 1.5532913208007812 22.849193572998047 54.428314208984375
      vertex 1.409942626953125 22.65989112854004 54.1513557434082
      vertex 1.3717765808105469 22.170698165893555 54.77717208862305
    endloop
  endfacet
  facet normal -0.9113527536392212 0.352822870016098 0.2120196670293808
    outer loop
      vertex 1.3717765808105469 22.170698165893555 54.77717208862305
      vertex 1.6112899780273438 22.51338005065918 55.236446380615234
      vertex 1.5532913208007812 22.849193572998047 54.428314208984375
    endloop
  endfacet
  facet normal -0.9157447814941406 0.32675132155418396 0.23376308381557465
    outer loop
      vertex 1.6112899780273438 22.51338005065918 55.236446380615234
      vertex 1.3717765808105469 22.170698165893555 54.77717208862305
      vertex 1.4060859680175781 21.813217163085938 55.411258697509766
    endloop
  endfacet
  facet normal -0.9145451188087463 0.3273540437221527 0.23758523166179657
    outer loop
      vertex 1.4060859680175781 21.813217163085938 55.411258697509766
      vertex 1.6871337890625 22.232450485229492 55.915470123291016
      vertex 1.6112899780273438 22.51338005065918 55.236446380615234
    endloop
  endfacet
  facet normal -0.9166598320007324 0.3075779974460602 0.25520703196525574
    outer loop
      vertex 1.6871337890625 22.232450485229492 55.915470123291016
      vertex 1.4060859680175781 21.813217163085938 55.411258697509766
      vertex 1.4398784637451172 21.451223373413086 55.96891403198242
    endloop
  endfacet
  facet normal -0.9202827215194702 0.3077901303768158 0.24154691398143768
    outer loop
      vertex 1.4398784637451172 21.451223373413086 55.96891403198242
      vertex 1.7794208526611328 21.969219207763672 56.602500915527344
      vertex 1.6871337890625 22.232450485229492 55.915470123291016
    endloop
  endfacet
  facet normal -0.9213876724243164 0.2962028980255127 0.2516123652458191
    outer loop
      vertex 1.7794208526611328 21.969219207763672 56.602500915527344
      vertex 1.4398784637451172 21.451223373413086 55.96891403198242
      vertex 1.4869575500488281 21.03893280029297 56.626670837402344
    endloop
  endfacet
  facet normal -0.9200499653816223 0.295916885137558 0.25679048895835876
    outer loop
      vertex 1.4869575500488281 21.03893280029297 56.626670837402344
      vertex 1.8913688659667969 21.700881958007812 57.31282043457031
      vertex 1.7794208526611328 21.969219207763672 56.602500915527344
    endloop
  endfacet
  facet normal -0.9031554460525513 0.4077032208442688 0.13449355959892273
    outer loop
      vertex 1.9108905792236328 24.089527130126953 53.18154525756836
      vertex 1.306509017944336 22.519840240478516 53.881324768066406
      vertex 1.409942626953125 22.65989112854004 54.1513557434082
    endloop
  endfacet
  facet normal -0.9214178323745728 0.34828031063079834 0.17230838537216187
    outer loop
      vertex 1.409942626953125 22.65989112854004 54.1513557434082
      vertex 1.306509017944336 22.519840240478516 53.881324768066406
      vertex 1.1571598052978516 21.8908634185791 54.354007720947266
    endloop
  endfacet
  facet normal -0.9068683981895447 0.35706958174705505 0.22381064295768738
    outer loop
      vertex 1.1571598052978516 21.8908634185791 54.354007720947266
      vertex 1.3717765808105469 22.170698165893555 54.77717208862305
      vertex 1.409942626953125 22.65989112854004 54.1513557434082
    endloop
  endfacet
  facet normal -0.9102867245674133 0.33914804458618164 0.23739571869373322
    outer loop
      vertex 1.3717765808105469 22.170698165893555 54.77717208862305
      vertex 1.1571598052978516 21.8908634185791 54.354007720947266
      vertex 1.0830307006835938 21.38256072998047 54.79593276977539
    endloop
  endfacet
  facet normal -0.9095898866653442 0.338962197303772 0.24031418561935425
    outer loop
      vertex 1.0830307006835938 21.38256072998047 54.79593276977539
      vertex 1.4060859680175781 21.813217163085938 55.411258697509766
      vertex 1.3717765808105469 22.170698165893555 54.77717208862305
    endloop
  endfacet
  facet normal -0.9141942262649536 0.30584436655044556 0.26591014862060547
    outer loop
      vertex 1.4060859680175781 21.813217163085938 55.411258697509766
      vertex 1.0830307006835938 21.38256072998047 54.79593276977539
      vertex 1.0503215789794922 20.900590896606445 55.237831115722656
    endloop
  endfacet
  facet normal -0.916172206401825 0.30853670835494995 0.255799800157547
    outer loop
      vertex 1.0503215789794922 20.900590896606445 55.237831115722656
      vertex 1.4398784637451172 21.451223373413086 55.96891403198242
      vertex 1.4060859680175781 21.813217163085938 55.411258697509766
    endloop
  endfacet
  facet normal -0.9185087084770203 0.28248488903045654 0.2766662836074829
    outer loop
      vertex 1.4398784637451172 21.451223373413086 55.96891403198242
      vertex 1.0503215789794922 20.900590896606445 55.237831115722656
      vertex 1.0481147766113281 20.34101104736328 55.80185317993164
    endloop
  endfacet
  facet normal -0.9247772097587585 0.2891003489494324 0.24740301072597504
    outer loop
      vertex 1.0481147766113281 20.34101104736328 55.80185317993164
      vertex 1.4869575500488281 21.03893280029297 56.626670837402344
      vertex 1.4398784637451172 21.451223373413086 55.96891403198242
    endloop
  endfacet
  facet normal -0.8981120586395264 0.41307058930397034 0.15088914334774017
    outer loop
      vertex 1.9108905792236328 24.089527130126953 53.18154525756836
      vertex 1.19476318359375 22.37779426574707 53.60506057739258
      vertex 1.306509017944336 22.519840240478516 53.881324768066406
    endloop
  endfacet
  facet normal -0.916007936000824 0.3541579246520996 0.18841877579689026
    outer loop
      vertex 1.306509017944336 22.519840240478516 53.881324768066406
      vertex 1.19476318359375 22.37779426574707 53.60506057739258
      vertex 0.9865951538085938 21.664155960083008 53.934417724609375
    endloop
  endfacet
  facet normal -0.9173696041107178 0.35423868894577026 0.18151597678661346
    outer loop
      vertex 0.9865951538085938 21.664155960083008 53.934417724609375
      vertex 1.1571598052978516 21.8908634185791 54.354007720947266
      vertex 1.306509017944336 22.519840240478516 53.881324768066406
    endloop
  endfacet
  facet normal -0.9192290902137756 0.3468879163265228 0.18624350428581238
    outer loop
      vertex 1.1571598052978516 21.8908634185791 54.354007720947266
      vertex 0.9865951538085938 21.664155960083008 53.934417724609375
      vertex 0.8114471435546875 21.044713973999023 54.22369384765625
    endloop
  endfacet
  facet normal -0.912075936794281 0.3365873396396637 0.23415027558803558
    outer loop
      vertex 0.8114471435546875 21.044713973999023 54.22369384765625
      vertex 1.0830307006835938 21.38256072998047 54.79593276977539
      vertex 1.1571598052978516 21.8908634185791 54.354007720947266
    endloop
  endfacet
  facet normal -0.9121820330619812 0.3360392153263092 0.2345242202281952
    outer loop
      vertex 1.0830307006835938 21.38256072998047 54.79593276977539
      vertex 0.8114471435546875 21.044713973999023 54.22369384765625
      vertex 0.6613445281982422 20.427825927734375 54.523780822753906
    endloop
  endfacet
  facet normal -0.9048550724983215 0.31943416595458984 0.28142356872558594
    outer loop
      vertex 0.6613445281982422 20.427825927734375 54.523780822753906
      vertex 1.0503215789794922 20.900590896606445 55.237831115722656
      vertex 1.0830307006835938 21.38256072998047 54.79593276977539
    endloop
  endfacet
  facet normal -0.9088292121887207 0.2780766785144806 0.3109707832336426
    outer loop
      vertex 1.0503215789794922 20.900590896606445 55.237831115722656
      vertex 0.6613445281982422 20.427825927734375 54.523780822753906
      vertex 0.5891380310058594 19.755416870117188 54.91403579711914
    endloop
  endfacet
  facet normal -0.9148128628730774 0.2884956896305084 0.28264421224594116
    outer loop
      vertex 0.5891380310058594 19.755416870117188 54.91403579711914
      vertex 1.0481147766113281 20.34101104736328 55.80185317993164
      vertex 1.0503215789794922 20.900590896606445 55.237831115722656
    endloop
  endfacet
  facet normal -0.898521900177002 0.41281136870384216 0.14914840459823608
    outer loop
      vertex 1.9108905792236328 24.089527130126953 53.18154525756836
      vertex 1.088174819946289 22.248554229736328 53.32064437866211
      vertex 1.19476318359375 22.37779426574707 53.60506057739258
    endloop
  endfacet
  facet normal -0.915894627571106 0.3586679995059967 0.18026204407215118
    outer loop
      vertex 1.19476318359375 22.37779426574707 53.60506057739258
      vertex 1.088174819946289 22.248554229736328 53.32064437866211
      vertex 0.8054256439208984 21.43789291381836 53.49699783325195
    endloop
  endfacet
  facet normal -0.9139693379402161 0.3562607169151306 0.1942635476589203
    outer loop
      vertex 0.8054256439208984 21.43789291381836 53.49699783325195
      vertex 0.9865951538085938 21.664155960083008 53.934417724609375
      vertex 1.19476318359375 22.37779426574707 53.60506057739258
    endloop
  endfacet
  facet normal -0.9108181595802307 0.36811017990112305 0.18682906031608582
    outer loop
      vertex 0.9865951538085938 21.664155960083008 53.934417724609375
      vertex 0.8054256439208984 21.43789291381836 53.49699783325195
      vertex 0.5456523895263672 20.726524353027344 53.632179260253906
    endloop
  endfacet
  facet normal -0.9085525870323181 0.3576921820640564 0.21584349870681763
    outer loop
      vertex 0.5456523895263672 20.726524353027344 53.632179260253906
      vertex 0.8114471435546875 21.044713973999023 54.22369384765625
      vertex 0.9865951538085938 21.664155960083008 53.934417724609375
    endloop
  endfacet
  facet normal -0.911260724067688 0.3460061848163605 0.22334657609462738
    outer loop
      vertex 0.8114471435546875 21.044713973999023 54.22369384765625
      vertex 0.5456523895263672 20.726524353027344 53.632179260253906
      vertex 0.3128776550292969 20.014005661010742 53.786277770996094
    endloop
  endfacet
  facet normal -0.9099092483520508 0.33822202682495117 0.24014827609062195
    outer loop
      vertex 0.3128776550292969 20.014005661010742 53.786277770996094
      vertex 0.6613445281982422 20.427825927734375 54.523780822753906
      vertex 0.8114471435546875 21.044713973999023 54.22369384765625
    endloop
  endfacet
  facet normal -0.9190024137496948 0.2809693217277527 0.2765698730945587
    outer loop
      vertex 0.6613445281982422 20.427825927734375 54.523780822753906
      vertex 0.3128776550292969 20.014005661010742 53.786277770996094
      vertex 0.13427734375 19.191844940185547 54.028053283691406
    endloop
  endfacet
  facet normal -0.9154211282730103 0.2710143029689789 0.2975826859474182
    outer loop
      vertex 0.13427734375 19.191844940185547 54.028053283691406
      vertex 0.5891380310058594 19.755416870117188 54.91403579711914
      vertex 0.6613445281982422 20.427825927734375 54.523780822753906
    endloop
  endfacet
  facet normal -0.8996456861495972 0.41279342770576477 0.1422647088766098
    outer loop
      vertex 1.9108905792236328 24.089527130126953 53.18154525756836
      vertex 0.9930953979492188 22.13998794555664 53.034400939941406
      vertex 1.088174819946289 22.248554229736328 53.32064437866211
    endloop
  endfacet
  facet normal -0.9163186550140381 0.36434099078178406 0.16617988049983978
    outer loop
      vertex 1.088174819946289 22.248554229736328 53.32064437866211
      vertex 0.9930953979492188 22.13998794555664 53.034400939941406
      vertex 0.6365337371826172 21.23629379272461 53.049617767333984
    endloop
  endfacet
  facet normal -0.9150545597076416 0.3591064214706421 0.18362411856651306
    outer loop
      vertex 0.6365337371826172 21.23629379272461 53.049617767333984
      vertex 0.8054256439208984 21.43789291381836 53.49699783325195
      vertex 1.088174819946289 22.248554229736328 53.32064437866211
    endloop
  endfacet
  facet normal -0.9086290001869202 0.38079819083213806 0.17142362892627716
    outer loop
      vertex 0.8054256439208984 21.43789291381836 53.49699783325195
      vertex 0.6365337371826172 21.23629379272461 53.049617767333984
      vertex 0.295745849609375 20.43798828125 53.01662063598633
    endloop
  endfacet
  facet normal -0.9085501432418823 0.3690038025379181 0.1958899050951004
    outer loop
      vertex 0.295745849609375 20.43798828125 53.01662063598633
      vertex 0.5456523895263672 20.726524353027344 53.632179260253906
      vertex 0.8054256439208984 21.43789291381836 53.49699783325195
    endloop
  endfacet
  facet normal -0.9094135165214539 0.3659015893936157 0.1976945400238037
    outer loop
      vertex 0.5456523895263672 20.726524353027344 53.632179260253906
      vertex 0.295745849609375 20.43798828125 53.01662063598633
      vertex -0.027719497680664062 19.640779495239258 53.00415802001953
    endloop
  endfacet
  facet normal -0.9091775417327881 0.3468533158302307 0.23041044175624847
    outer loop
      vertex -0.027719497680664062 19.640779495239258 53.00415802001953
      vertex 0.3128776550292969 20.014005661010742 53.786277770996094
      vertex 0.5456523895263672 20.726524353027344 53.632179260253906
    endloop
  endfacet
  facet normal -0.9174946546554565 0.3067854940891266 0.25315266847610474
    outer loop
      vertex 0.3128776550292969 20.014005661010742 53.786277770996094
      vertex -0.027719497680664062 19.640779495239258 53.00415802001953
      vertex -0.3123912811279297 18.73453140258789 53.070674896240234
    endloop
  endfacet
  facet normal -0.9137191772460938 0.2839643359184265 0.2906572222709656
    outer loop
      vertex -0.3123912811279297 18.73453140258789 53.070674896240234
      vertex 0.13427734375 19.191844940185547 54.028053283691406
      vertex 0.3128776550292969 20.014005661010742 53.786277770996094
    endloop
  endfacet
  facet normal -0.9005899429321289 0.4139726459980011 0.13253074884414673
    outer loop
      vertex 1.9108905792236328 24.089527130126953 53.18154525756836
      vertex 0.9122524261474609 22.056346893310547 52.746307373046875
      vertex 0.9930953979492188 22.13998794555664 53.034400939941406
    endloop
  endfacet
  facet normal -0.9153459668159485 0.3744222819805145 0.14815400540828705
    outer loop
      vertex 0.9930953979492188 22.13998794555664 53.034400939941406
      vertex 0.9122524261474609 22.056346893310547 52.746307373046875
      vertex 0.4967937469482422 21.10438346862793 52.58531188964844
    endloop
  endfacet
  facet normal -0.9153463244438171 0.3640563488006592 0.1720583587884903
    outer loop
      vertex 0.4967937469482422 21.10438346862793 52.58531188964844
      vertex 0.6365337371826172 21.23629379272461 53.049617767333984
      vertex 0.9930953979492188 22.13998794555664 53.034400939941406
    endloop
  endfacet
  facet normal -0.9072125554084778 0.3878754675388336 0.16284328699111938
    outer loop
      vertex 0.6365337371826172 21.23629379272461 53.049617767333984
      vertex 0.4967937469482422 21.10438346862793 52.58531188964844
      vertex 0.07301712036132812 20.19390869140625 52.39307403564453
    endloop
  endfacet
  facet normal -0.9080356359481812 0.3803783059120178 0.17545287311077118
    outer loop
      vertex 0.07301712036132812 20.19390869140625 52.39307403564453
      vertex 0.295745849609375 20.43798828125 53.01662063598633
      vertex 0.6365337371826172 21.23629379272461 53.049617767333984
    endloop
  endfacet
  facet normal -0.9071748852729797 0.38304319977760315 0.1741022765636444
    outer loop
      vertex 0.295745849609375 20.43798828125 53.01662063598633
      vertex 0.07301712036132812 20.19390869140625 52.39307403564453
      vertex -0.3326454162597656 19.319766998291016 52.202537536621094
    endloop
  endfacet
  facet normal -0.9091123342514038 0.36575356125831604 0.19934676587581635
    outer loop
      vertex -0.3326454162597656 19.319766998291016 52.202537536621094
      vertex -0.027719497680664062 19.640779495239258 53.00415802001953
      vertex 0.295745849609375 20.43798828125 53.01662063598633
    endloop
  endfacet
  facet normal -0.9179375171661377 0.3328450322151184 0.2158820927143097
    outer loop
      vertex -0.027719497680664062 19.640779495239258 53.00415802001953
      vertex -0.3326454162597656 19.319766998291016 52.202537536621094
      vertex -0.7053337097167969 18.367368698120117 52.08625411987305
    endloop
  endfacet
  facet normal -0.9178256988525391 0.30679988861083984 0.2519321143627167
    outer loop
      vertex -0.7053337097167969 18.367368698120117 52.08625411987305
      vertex -0.3123912811279297 18.73453140258789 53.070674896240234
      vertex -0.027719497680664062 19.640779495239258 53.00415802001953
    endloop
  endfacet
  facet normal -0.901113748550415 0.41773882508277893 0.11613916605710983
    outer loop
      vertex 1.9108905792236328 24.089527130126953 53.18154525756836
      vertex 0.8498325347900391 22.001907348632812 52.45780944824219
      vertex 0.9122524261474609 22.056346893310547 52.746307373046875
    endloop
  endfacet
  facet normal -0.9128690958023071 0.38892725110054016 0.124119333922863
    outer loop
      vertex 0.9122524261474609 22.056346893310547 52.746307373046875
      vertex 0.8498325347900391 22.001907348632812 52.45780944824219
      vertex 0.3720130920410156 20.986183166503906 52.12632369995117
    endloop
  endfacet
  facet normal -0.9149901866912842 0.3735220730304718 0.15255872905254364
    outer loop
      vertex 0.3720130920410156 20.986183166503906 52.12632369995117
      vertex 0.4967937469482422 21.10438346862793 52.58531188964844
      vertex 0.9122524261474609 22.056346893310547 52.746307373046875
    endloop
  endfacet
  facet normal -0.9044873714447021 0.40204039216041565 0.14235927164554596
    outer loop
      vertex 0.4967937469482422 21.10438346862793 52.58531188964844
      vertex 0.3720130920410156 20.986183166503906 52.12632369995117
      vertex -0.122283935546875 20.004392623901367 51.758480072021484
    endloop
  endfacet
  facet normal -0.9071714282035828 0.3877401351928711 0.1633935272693634
    outer loop
      vertex -0.122283935546875 20.004392623901367 51.758480072021484
      vertex 0.07301712036132812 20.19390869140625 52.39307403564453
      vertex 0.4967937469482422 21.10438346862793 52.58531188964844
    endloop
  endfacet
  facet normal -0.9031989574432373 0.39873063564300537 0.1588887721300125
    outer loop
      vertex 0.07301712036132812 20.19390869140625 52.39307403564453
      vertex -0.122283935546875 20.004392623901367 51.758480072021484
      vertex -0.6023292541503906 19.063282012939453 51.391387939453125
    endloop
  endfacet
  facet normal -0.9065890312194824 0.3813011050224304 0.18084755539894104
    outer loop
      vertex -0.6023292541503906 19.063282012939453 51.391387939453125
      vertex -0.3326454162597656 19.319766998291016 52.202537536621094
      vertex 0.07301712036132812 20.19390869140625 52.39307403564453
    endloop
  endfacet
  facet normal -0.9142249822616577 0.3573974072933197 0.1909446120262146
    outer loop
      vertex -0.3326454162597656 19.319766998291016 52.202537536621094
      vertex -0.6023292541503906 19.063282012939453 51.391387939453125
      vertex -1.0566978454589844 18.06119728088379 51.091548919677734
    endloop
  endfacet
  facet normal -0.9169328808784485 0.3317311704158783 0.22178499400615692
    outer loop
      vertex -1.0566978454589844 18.06119728088379 51.091548919677734
      vertex -0.7053337097167969 18.367368698120117 52.08625411987305
      vertex -0.3326454162597656 19.319766998291016 52.202537536621094
    endloop
  endfacet
  facet normal -0.915113091468811 0.3429920971393585 0.2119537591934204
    outer loop
      vertex -1.0566978454589844 18.06119728088379 51.091548919677734
      vertex -1.3519306182861328 17.884845733642578 50.102256774902344
      vertex -1.787332534790039 16.932003021240234 49.76433181762695
    endloop
  endfacet
  facet normal -0.9199659824371338 0.3031455874443054 0.24852663278579712
    outer loop
      vertex -1.787332534790039 16.932003021240234 49.76433181762695
      vertex -1.4397506713867188 17.06777572631836 50.88535690307617
      vertex -1.0566978454589844 18.06119728088379 51.091548919677734
    endloop
  endfacet
  facet normal -0.9308047294616699 0.25977209210395813 0.2571404278278351
    outer loop
      vertex -1.4397506713867188 17.06777572631836 50.88535690307617
      vertex -1.787332534790039 16.932003021240234 49.76433181762695
      vertex -2.1126346588134766 15.88436508178711 49.6451530456543
    endloop
  endfacet
  facet normal -0.9301469326019287 0.2238355129957199 0.2910744547843933
    outer loop
      vertex -2.1126346588134766 15.88436508178711 49.6451530456543
      vertex -1.689931869506836 15.98277473449707 50.920249938964844
      vertex -1.4397506713867188 17.06777572631836 50.88535690307617
    endloop
  endfacet
  facet normal -0.9493426084518433 0.00714344996958971 0.3141618072986603
    outer loop
      vertex -1.689931869506836 15.98277473449707 50.920249938964844
      vertex -2.1126346588134766 15.88436508178711 49.6451530456543
      vertex -2.073514938354492 14.966318130493164 49.78424072265625
    endloop
  endfacet
  facet normal -0.9465658068656921 -0.003217272227630019 0.32249462604522705
    outer loop
      vertex -2.073514938354492 14.966318130493164 49.78424072265625
      vertex -1.5908374786376953 14.999656677246094 51.201297760009766
      vertex -1.689931869506836 15.98277473449707 50.920249938964844
    endloop
  endfacet
  facet normal -0.8329456448554993 -0.4683293402194977 0.2947358787059784
    outer loop
      vertex -1.5908374786376953 14.999656677246094 51.201297760009766
      vertex -2.073514938354492 14.966318130493164 49.78424072265625
      vertex -1.5417232513427734 14.167677879333496 50.01810073852539
    endloop
  endfacet
  facet normal -0.8447473049163818 -0.45364299416542053 0.283919095993042
    outer loop
      vertex -1.5417232513427734 14.167677879333496 50.01810073852539
      vertex -1.0181751251220703 14.133562088012695 51.52130889892578
      vertex -1.5908374786376953 14.999656677246094 51.201297760009766
    endloop
  endfacet
  facet normal -0.5777122378349304 -0.7954256534576416 0.1831573247909546
    outer loop
      vertex -1.0181751251220703 14.133562088012695 51.52130889892578
      vertex -1.5417232513427734 14.167677879333496 50.01810073852539
      vertex -0.36687660217285156 13.334798812866211 50.106712341308594
    endloop
  endfacet
  facet normal -0.5976250171661377 -0.7840679287910461 0.16757598519325256
    outer loop
      vertex -0.36687660217285156 13.334798812866211 50.106712341308594
      vertex 0.24185562133789062 13.218938827514648 51.73553466796875
      vertex -1.0181751251220703 14.133562088012695 51.52130889892578
    endloop
  endfacet
  facet normal -0.9040908217430115 0.3758124113082886 0.20343264937400818
    outer loop
      vertex -1.3519306182861328 17.884845733642578 50.102256774902344
      vertex -1.5689659118652344 17.878454208374023 49.14952087402344
      vertex -2.0315284729003906 17.004230499267578 48.70881271362305
    endloop
  endfacet
  facet normal -0.912981390953064 0.3341687023639679 0.23408623039722443
    outer loop
      vertex -2.0315284729003906 17.004230499267578 48.70881271362305
      vertex -1.787332534790039 16.932003021240234 49.76433181762695
      vertex -1.3519306182861328 17.884845733642578 50.102256774902344
    endloop
  endfacet
  facet normal -0.9277723431587219 0.29025304317474365 0.23450306057929993
    outer loop
      vertex -1.787332534790039 16.932003021240234 49.76433181762695
      vertex -2.0315284729003906 17.004230499267578 48.70881271362305
      vertex -2.412515640258789 16.000995635986328 48.443241119384766
    endloop
  endfacet
  facet normal -0.9307405352592468 0.25971969962120056 0.25742536783218384
    outer loop
      vertex -2.412515640258789 16.000995635986328 48.443241119384766
      vertex -2.1126346588134766 15.88436508178711 49.6451530456543
      vertex -1.787332534790039 16.932003021240234 49.76433181762695
    endloop
  endfacet
  facet normal -0.9696934819221497 0.017838099971413612 0.2436726987361908
    outer loop
      vertex -2.1126346588134766 15.88436508178711 49.6451530456543
      vertex -2.412515640258789 16.000995635986328 48.443241119384766
      vertex -2.4278945922851562 15.127203941345215 48.446006774902344
    endloop
  endfacet
  facet normal -0.9667500257492065 -0.0024537716526538134 0.25571146607398987
    outer loop
      vertex -2.4278945922851562 15.127203941345215 48.446006774902344
      vertex -2.073514938354492 14.966318130493164 49.78424072265625
      vertex -2.1126346588134766 15.88436508178711 49.6451530456543
    endloop
  endfacet
  facet normal -0.842883825302124 -0.5132891535758972 0.1614963859319687
    outer loop
      vertex -2.073514938354492 14.966318130493164 49.78424072265625
      vertex -2.4278945922851562 15.127203941345215 48.446006774902344
      vertex -1.9365062713623047 14.359472274780273 48.570560455322266
    endloop
  endfacet
  facet normal -0.8425897359848022 -0.5136971473693848 0.16173361241817474
    outer loop
      vertex -1.9365062713623047 14.359472274780273 48.570560455322266
      vertex -1.5417232513427734 14.167677879333496 50.01810073852539
      vertex -2.073514938354492 14.966318130493164 49.78424072265625
    endloop
  endfacet
  facet normal -0.5673772692680359 -0.8221831321716309 0.04580238461494446
    outer loop
      vertex -1.5417232513427734 14.167677879333496 50.01810073852539
      vertex -1.9365062713623047 14.359472274780273 48.570560455322266
      vertex -0.8164024353027344 13.587114334106445 48.58151626586914
    endloop
  endfacet
  facet normal -0.579776406288147 -0.8139700293540955 0.03622300922870636
    outer loop
      vertex -0.8164024353027344 13.587114334106445 48.58151626586914
      vertex -0.36687660217285156 13.334798812866211 50.106712341308594
      vertex -1.5417232513427734 14.167677879333496 50.01810073852539
    endloop
  endfacet
  facet normal -0.8938608765602112 0.39940962195396423 0.203678160905838
    outer loop
      vertex -1.5689659118652344 17.878454208374023 49.14952087402344
      vertex -1.6823196411132812 18.070781707763672 48.274906158447266
      vertex -2.1442432403564453 17.295747756958008 47.767539978027344
    endloop
  endfacet
  facet normal -0.9036681056022644 0.3663879930973053 0.2216840535402298
    outer loop
      vertex -2.1442432403564453 17.295747756958008 47.767539978027344
      vertex -2.0315284729003906 17.004230499267578 48.70881271362305
      vertex -1.5689659118652344 17.878454208374023 49.14952087402344
    endloop
  endfacet
  facet normal -0.9264481067657471 0.31367766857147217 0.20808722078800201
    outer loop
      vertex -2.0315284729003906 17.004230499267578 48.70881271362305
      vertex -2.1442432403564453 17.295747756958008 47.767539978027344
      vertex -2.5423622131347656 16.3698787689209 47.390716552734375
    endloop
  endfacet
  facet normal -0.9300938844680786 0.29542845487594604 0.21828284859657288
    outer loop
      vertex -2.5423622131347656 16.3698787689209 47.390716552734375
      vertex -2.412515640258789 16.000995635986328 48.443241119384766
      vertex -2.0315284729003906 17.004230499267578 48.70881271362305
    endloop
  endfacet
  facet normal -0.9901912212371826 0.036367420107126236 0.13490256667137146
    outer loop
      vertex -2.412515640258789 16.000995635986328 48.443241119384766
      vertex -2.5423622131347656 16.3698787689209 47.390716552734375
      vertex -2.589010238647461 15.543457984924316 47.2711067199707
    endloop
  endfacet
  facet normal -0.9896982908248901 0.017868541181087494 0.14204929769039154
    outer loop
      vertex -2.589010238647461 15.543457984924316 47.2711067199707
      vertex -2.4278945922851562 15.127203941345215 48.446006774902344
      vertex -2.412515640258789 16.000995635986328 48.443241119384766
    endloop
  endfacet
  facet normal -0.8574653267860413 -0.5106303095817566 -0.06332527846097946
    outer loop
      vertex -2.4278945922851562 15.127203941345215 48.446006774902344
      vertex -2.589010238647461 15.543457984924316 47.2711067199707
      vertex -2.1454524993896484 14.7964506149292 47.28862380981445
    endloop
  endfacet
  facet normal -0.8376195430755615 -0.5440583229064941 -0.048929281532764435
    outer loop
      vertex -2.1454524993896484 14.7964506149292 47.28862380981445
      vertex -1.9365062713623047 14.359472274780273 48.570560455322266
      vertex -2.4278945922851562 15.127203941345215 48.446006774902344
    endloop
  endfacet
  facet normal -0.5579226613044739 -0.8090454936027527 -0.1848449558019638
    outer loop
      vertex -1.9365062713623047 14.359472274780273 48.570560455322266
      vertex -2.1454524993896484 14.7964506149292 47.28862380981445
      vertex -1.0717449188232422 14.064379692077637 47.25201416015625
    endloop
  endfacet
  facet normal -0.5567722320556641 -0.8100610971450806 -0.18386319279670715
    outer loop
      vertex -1.0717449188232422 14.064379692077637 47.25201416015625
      vertex -0.8164024353027344 13.587114334106445 48.58151626586914
      vertex -1.9365062713623047 14.359472274780273 48.570560455322266
    endloop
  endfacet
  facet normal -0.887619137763977 0.4125671982765198 0.20474547147750854
    outer loop
      vertex -1.6823196411132812 18.070781707763672 48.274906158447266
      vertex -1.649383544921875 18.506816864013672 47.53907012939453
      vertex -2.0797462463378906 17.845706939697266 47.00550079345703
    endloop
  endfacet
  facet normal -0.89415043592453 0.3955722749233246 0.20980364084243774
    outer loop
      vertex -2.0797462463378906 17.845706939697266 47.00550079345703
      vertex -2.1442432403564453 17.295747756958008 47.767539978027344
      vertex -1.6823196411132812 18.070781707763672 48.274906158447266
    endloop
  endfacet
  facet normal -0.9269900918006897 0.3369746208190918 0.16473455727100372
    outer loop
      vertex -2.1442432403564453 17.295747756958008 47.767539978027344
      vertex -2.0797462463378906 17.845706939697266 47.00550079345703
      vertex -2.4542598724365234 17.031856536865234 46.562828063964844
    endloop
  endfacet
  facet normal -0.928636908531189 0.33161261677742004 0.1663329005241394
    outer loop
      vertex -2.4542598724365234 17.031856536865234 46.562828063964844
      vertex -2.5423622131347656 16.3698787689209 47.390716552734375
      vertex -2.1442432403564453 17.295747756958008 47.767539978027344
    endloop
  endfacet
  facet normal -0.9956570267677307 0.08499077707529068 -0.037997521460056305
    outer loop
      vertex -2.5423622131347656 16.3698787689209 47.390716552734375
      vertex -2.4542598724365234 17.031856536865234 46.562828063964844
      vertex -2.5108985900878906 16.27276611328125 46.34905242919922
    endloop
  endfacet
  facet normal -0.997463047504425 0.061492957174777985 -0.035861410200595856
    outer loop
      vertex -2.5108985900878906 16.27276611328125 46.34905242919922
      vertex -2.589010238647461 15.543457984924316 47.2711067199707
      vertex -2.5423622131347656 16.3698787689209 47.390716552734375
    endloop
  endfacet
  facet normal -0.8016433119773865 -0.43395838141441345 -0.4111548364162445
    outer loop
      vertex -2.589010238647461 15.543457984924316 47.2711067199707
      vertex -2.5108985900878906 16.27276611328125 46.34905242919922
      vertex -2.097766876220703 15.569429397583008 46.2859001159668
    endloop
  endfacet
  facet normal -0.7828155159950256 -0.47426608204841614 -0.40282949805259705
    outer loop
      vertex -2.097766876220703 15.569429397583008 46.2859001159668
      vertex -2.1454524993896484 14.7964506149292 47.28862380981445
      vertex -2.589010238647461 15.543457984924316 47.2711067199707
    endloop
  endfacet
  facet normal -0.501855731010437 -0.6733313798904419 -0.5429233908653259
    outer loop
      vertex -2.1454524993896484 14.7964506149292 47.28862380981445
      vertex -2.097766876220703 15.569429397583008 46.2859001159668
      vertex -1.077728271484375 14.874265670776367 46.20515823364258
    endloop
  endfacet
  facet normal -0.4893500506877899 -0.6911175847053528 -0.5318768620491028
    outer loop
      vertex -1.077728271484375 14.874265670776367 46.20515823364258
      vertex -1.0717449188232422 14.064379692077637 47.25201416015625
      vertex -2.1454524993896484 14.7964506149292 47.28862380981445
    endloop
  endfacet
  facet normal -0.8860501050949097 0.4198840260505676 0.19650070369243622
    outer loop
      vertex -1.649383544921875 18.506816864013672 47.53907012939453
      vertex -1.4126510620117188 19.251218795776367 47.01588821411133
      vertex -1.7878265380859375 18.706859588623047 46.48735809326172
    endloop
  endfacet
  facet normal -0.8866413235664368 0.4187033176422119 0.1963539570569992
    outer loop
      vertex -1.7878265380859375 18.706859588623047 46.48735809326172
      vertex -2.0797462463378906 17.845706939697266 47.00550079345703
      vertex -1.649383544921875 18.506816864013672 47.53907012939453
    endloop
  endfacet
  facet normal -0.9227991104125977 0.37235701084136963 0.09895531088113785
    outer loop
      vertex -2.0797462463378906 17.845706939697266 47.00550079345703
      vertex -1.7878265380859375 18.706859588623047 46.48735809326172
      vertex -2.110288619995117 18.035202026367188 46.007633209228516
    endloop
  endfacet
  facet normal -0.9232997298240662 0.3711696267127991 0.09874513000249863
    outer loop
      vertex -2.110288619995117 18.035202026367188 46.007633209228516
      vertex -2.4542598724365234 17.031856536865234 46.562828063964844
      vertex -2.0797462463378906 17.845706939697266 47.00550079345703
    endloop
  endfacet
  facet normal -0.9487820863723755 0.1826067715883255 -0.25781235098838806
    outer loop
      vertex -2.4542598724365234 17.031856536865234 46.562828063964844
      vertex -2.110288619995117 18.035202026367188 46.007633209228516
      vertex -2.159818649291992 17.37421989440918 45.72174072265625
    endloop
  endfacet
  facet normal -0.9506957530975342 0.14772745966911316 -0.2726798355579376
    outer loop
      vertex -2.159818649291992 17.37421989440918 45.72174072265625
      vertex -2.5108985900878906 16.27276611328125 46.34905242919922
      vertex -2.4542598724365234 17.031856536865234 46.562828063964844
    endloop
  endfacet
  facet normal -0.6391225457191467 -0.216586172580719 -0.7379788756370544
    outer loop
      vertex -2.5108985900878906 16.27276611328125 46.34905242919922
      vertex -2.159818649291992 17.37421989440918 45.72174072265625
      vertex -1.789144515991211 16.739538192749023 45.58699035644531
    endloop
  endfacet
  facet normal -0.6017922759056091 -0.2865496873855591 -0.7454765439033508
    outer loop
      vertex -1.789144515991211 16.739538192749023 45.58699035644531
      vertex -2.097766876220703 15.569429397583008 46.2859001159668
      vertex -2.5108985900878906 16.27276611328125 46.34905242919922
    endloop
  endfacet
  facet normal -0.36677470803260803 -0.4038502275943756 -0.8380818367004395
    outer loop
      vertex -2.097766876220703 15.569429397583008 46.2859001159668
      vertex -1.789144515991211 16.739538192749023 45.58699035644531
      vertex -0.8153820037841797 16.09049415588379 45.473594665527344
    endloop
  endfacet
  facet normal -0.3551572561264038 -0.42439305782318115 -0.8329189419746399
    outer loop
      vertex -0.8153820037841797 16.09049415588379 45.473594665527344
      vertex -1.077728271484375 14.874265670776367 46.20515823364258
      vertex -2.097766876220703 15.569429397583008 46.2859001159668
    endloop
  endfacet
  facet normal -0.88556307554245 0.4320716857910156 0.17056411504745483
    outer loop
      vertex -1.4126510620117188 19.251218795776367 47.01588821411133
      vertex -0.9573612213134766 20.307859420776367 46.70306396484375
      vertex -1.2512493133544922 19.900297164916992 46.20964050292969
    endloop
  endfacet
  facet normal -0.881965696811676 0.43739286065101624 0.17556817829608917
    outer loop
      vertex -1.2512493133544922 19.900297164916992 46.20964050292969
      vertex -1.7878265380859375 18.706859588623047 46.48735809326172
      vertex -1.4126510620117188 19.251218795776367 47.01588821411133
    endloop
  endfacet
  facet normal -0.9080001711845398 0.41719850897789 0.03848591446876526
    outer loop
      vertex -1.7878265380859375 18.706859588623047 46.48735809326172
      vertex -1.2512493133544922 19.900297164916992 46.20964050292969
      vertex -1.5142498016357422 19.374862670898438 45.70051956176758
    endloop
  endfacet
  facet normal -0.9102117419242859 0.41275009512901306 0.03394037485122681
    outer loop
      vertex -1.5142498016357422 19.374862670898438 45.70051956176758
      vertex -2.110288619995117 18.035202026367188 46.007633209228516
      vertex -1.7878265380859375 18.706859588623047 46.48735809326172
    endloop
  endfacet
  facet normal -0.8727360367774963 0.3000045418739319 -0.3851352632045746
    outer loop
      vertex -2.110288619995117 18.035202026367188 46.007633209228516
      vertex -1.5142498016357422 19.374862670898438 45.70051956176758
      vertex -1.5437545776367188 18.840572357177734 45.35118865966797
    endloop
  endfacet
  facet normal -0.8640183806419373 0.25300952792167664 -0.43526825308799744
    outer loop
      vertex -1.5437545776367188 18.840572357177734 45.35118865966797
      vertex -2.159818649291992 17.37421989440918 45.72174072265625
      vertex -2.110288619995117 18.035202026367188 46.007633209228516
    endloop
  endfacet
  facet normal -0.5305494070053101 0.008708029985427856 -0.8476093411445618
    outer loop
      vertex -2.159818649291992 17.37421989440918 45.72174072265625
      vertex -1.5437545776367188 18.840572357177734 45.35118865966797
      vertex -1.2149543762207031 18.301551818847656 45.13984298706055
    endloop
  endfacet
  facet normal -0.46249324083328247 -0.08269069343805313 -0.8827583193778992
    outer loop
      vertex -1.2149543762207031 18.301551818847656 45.13984298706055
      vertex -1.789144515991211 16.739538192749023 45.58699035644531
      vertex -2.159818649291992 17.37421989440918 45.72174072265625
    endloop
  endfacet
  facet normal -0.2700258493423462 -0.1719389259815216 -0.9473770260810852
    outer loop
      vertex -1.789144515991211 16.739538192749023 45.58699035644531
      vertex -1.2149543762207031 18.301551818847656 45.13984298706055
      vertex -0.34017372131347656 17.711627960205078 44.99757385253906
    endloop
  endfacet
  facet normal -0.24727553129196167 -0.20555509626865387 -0.9468907117843628
    outer loop
      vertex -0.34017372131347656 17.711627960205078 44.99757385253906
      vertex -0.8153820037841797 16.09049415588379 45.473594665527344
      vertex -1.789144515991211 16.739538192749023 45.58699035644531
    endloop
  endfacet
  facet normal -0.8781050443649292 0.45951181650161743 0.13334313035011292
    outer loop
      vertex -0.9573612213134766 20.307859420776367 46.70306396484375
      vertex -0.28978729248046875 21.62295913696289 46.56729507446289
      vertex -0.49480438232421875 21.359384536743164 46.12549591064453
    endloop
  endfacet
  facet normal -0.875730574131012 0.46208032965660095 0.13992094993591309
    outer loop
      vertex -0.49480438232421875 21.359384536743164 46.12549591064453
      vertex -1.2512493133544922 19.900297164916992 46.20964050292969
      vertex -0.9573612213134766 20.307859420776367 46.70306396484375
    endloop
  endfacet
  facet normal -0.8874394297599792 0.4607698321342468 0.011935983784496784
    outer loop
      vertex -1.2512493133544922 19.900297164916992 46.20964050292969
      vertex -0.49480438232421875 21.359384536743164 46.12549591064453
      vertex -0.693328857421875 20.990339279174805 45.61162567138672
    endloop
  endfacet
  facet normal -0.8916261792182922 0.45272377133369446 -0.006636094301939011
    outer loop
      vertex -0.693328857421875 20.990339279174805 45.61162567138672
      vertex -1.5142498016357422 19.374862670898438 45.70051956176758
      vertex -1.2512493133544922 19.900297164916992 46.20964050292969
    endloop
  endfacet
  facet normal -0.8306559920310974 0.4008418321609497 -0.38644078373908997
    outer loop
      vertex -1.5142498016357422 19.374862670898438 45.70051956176758
      vertex -0.693328857421875 20.990339279174805 45.61162567138672
      vertex -0.6975269317626953 20.589988708496094 45.205379486083984
    endloop
  endfacet
  facet normal -0.8091553449630737 0.3522029519081116 -0.47034111618995667
    outer loop
      vertex -0.6975269317626953 20.589988708496094 45.205379486083984
      vertex -1.5437545776367188 18.840572357177734 45.35118865966797
      vertex -1.5142498016357422 19.374862670898438 45.70051956176758
    endloop
  endfacet
  facet normal -0.5240412354469299 0.18418265879154205 -0.8315392732620239
    outer loop
      vertex -1.5437545776367188 18.840572357177734 45.35118865966797
      vertex -0.6975269317626953 20.589988708496094 45.205379486083984
      vertex -0.3909492492675781 20.175636291503906 44.92039489746094
    endloop
  endfacet
  facet normal -0.4348233640193939 0.08622246235609055 -0.8963784575462341
    outer loop
      vertex -0.3909492492675781 20.175636291503906 44.92039489746094
      vertex -1.2149543762207031 18.301551818847656 45.13984298706055
      vertex -1.5437545776367188 18.840572357177734 45.35118865966797
    endloop
  endfacet
  facet normal -0.22396984696388245 -0.01563079282641411 -0.9744706749916077
    outer loop
      vertex -1.2149543762207031 18.301551818847656 45.13984298706055
      vertex -0.3909492492675781 20.175636291503906 44.92039489746094
      vertex 0.3220481872558594 19.68014907836914 44.764469146728516
    endloop
  endfacet
  facet normal -0.1936485767364502 -0.050873853266239166 -0.9797510504722595
    outer loop
      vertex 0.3220481872558594 19.68014907836914 44.764469146728516
      vertex -0.34017372131347656 17.711627960205078 44.99757385253906
      vertex -1.2149543762207031 18.301551818847656 45.13984298706055
    endloop
  endfacet
  facet normal -0.8725346326828003 0.48286694288253784 0.07431626319885254
    outer loop
      vertex -0.28978729248046875 21.62295913696289 46.56729507446289
      vertex 0.5818023681640625 23.187044143676758 46.637901306152344
      vertex 0.4746246337890625 23.058021545410156 46.217864990234375
    endloop
  endfacet
  facet normal -0.8657630681991577 0.48808711767196655 0.11056806147098541
    outer loop
      vertex 0.4746246337890625 23.058021545410156 46.217864990234375
      vertex -0.49480438232421875 21.359384536743164 46.12549591064453
      vertex -0.28978729248046875 21.62295913696289 46.56729507446289
    endloop
  endfacet
  facet normal -0.8672119975090027 0.4967760741710663 -0.034013066440820694
    outer loop
      vertex -0.49480438232421875 21.359384536743164 46.12549591064453
      vertex 0.4746246337890625 23.058021545410156 46.217864990234375
      vertex 0.3751869201660156 22.85026741027832 45.71883010864258
    endloop
  endfacet
  facet normal -0.8662610054016113 0.49902820587158203 -0.023721912875771523
    outer loop
      vertex 0.3751869201660156 22.85026741027832 45.71883010864258
      vertex -0.693328857421875 20.990339279174805 45.61162567138672
      vertex -0.49480438232421875 21.359384536743164 46.12549591064453
    endloop
  endfacet
  facet normal -0.7957707047462463 0.47855597734451294 -0.37112411856651306
    outer loop
      vertex -0.693328857421875 20.990339279174805 45.61162567138672
      vertex 0.3751869201660156 22.85026741027832 45.71883010864258
      vertex 0.41298484802246094 22.577959060668945 45.28664779663086
    endloop
  endfacet
  facet normal -0.7773012518882751 0.45209798216819763 -0.43750447034835815
    outer loop
      vertex 0.41298484802246094 22.577959060668945 45.28664779663086
      vertex -0.6975269317626953 20.589988708496094 45.205379486083984
      vertex -0.693328857421875 20.990339279174805 45.61162567138672
    endloop
  endfacet
  facet normal -0.5216041207313538 0.3236478269100189 -0.7894183397293091
    outer loop
      vertex -0.6975269317626953 20.589988708496094 45.205379486083984
      vertex 0.41298484802246094 22.577959060668945 45.28664779663086
      vertex 0.7113819122314453 22.260194778442383 44.959205627441406
    endloop
  endfacet
  facet normal -0.4511629045009613 0.2545042335987091 -0.8553828597068787
    outer loop
      vertex 0.7113819122314453 22.260194778442383 44.959205627441406
      vertex -0.3909492492675781 20.175636291503906 44.92039489746094
      vertex -0.6975269317626953 20.589988708496094 45.205379486083984
    endloop
  endfacet
  facet normal -0.17767560482025146 0.112158864736557 -0.9776767492294312
    outer loop
      vertex -0.3909492492675781 20.175636291503906 44.92039489746094
      vertex 0.7113819122314453 22.260194778442383 44.959205627441406
      vertex 1.3977508544921875 21.823680877685547 44.784393310546875
    endloop
  endfacet
  facet normal -0.1548544466495514 0.08685896545648575 -0.9841116070747375
    outer loop
      vertex 1.3977508544921875 21.823680877685547 44.784393310546875
      vertex 0.3220481872558594 19.68014907836914 44.764469146728516
      vertex -0.3909492492675781 20.175636291503906 44.92039489746094
    endloop
  endfacet
  facet normal -0.8669614195823669 0.49818122386932373 0.013907015323638916
    outer loop
      vertex 0.5818023681640625 23.187044143676758 46.637901306152344
      vertex 1.5546340942382812 24.87303924560547 46.88787841796875
      vertex 1.540262222290039 24.85967445373535 46.47069549560547
    endloop
  endfacet
  facet normal -0.8628673553466797 0.5010685920715332 0.06625853478908539
    outer loop
      vertex 1.540262222290039 24.85967445373535 46.47069549560547
      vertex 0.4746246337890625 23.058021545410156 46.217864990234375
      vertex 0.5818023681640625 23.187044143676758 46.637901306152344
    endloop
  endfacet
  facet normal -0.8524198532104492 0.5160174369812012 -0.08430004119873047
    outer loop
      vertex 0.4746246337890625 23.058021545410156 46.217864990234375
      vertex 1.540262222290039 24.85967445373535 46.47069549560547
      vertex 1.5371112823486328 24.77915382385254 46.009674072265625
    endloop
  endfacet
  facet normal -0.852512001991272 0.5206028819084167 -0.04686158522963524
    outer loop
      vertex 1.5371112823486328 24.77915382385254 46.009674072265625
      vertex 0.3751869201660156 22.85026741027832 45.71883010864258
      vertex 0.4746246337890625 23.058021545410156 46.217864990234375
    endloop
  endfacet
  facet normal -0.7627043724060059 0.5178573131561279 -0.3874349594116211
    outer loop
      vertex 0.3751869201660156 22.85026741027832 45.71883010864258
      vertex 1.5371112823486328 24.77915382385254 46.009674072265625
      vertex 1.6276092529296875 24.603769302368164 45.59709548950195
    endloop
  endfacet
  facet normal -0.7612695097923279 0.5165139436721802 -0.3920231759548187
    outer loop
      vertex 1.6276092529296875 24.603769302368164 45.59709548950195
      vertex 0.41298484802246094 22.577959060668945 45.28664779663086
      vertex 0.3751869201660156 22.85026741027832 45.71883010864258
    endloop
  endfacet
  facet normal -0.49616140127182007 0.4144049286842346 -0.7629498243331909
    outer loop
      vertex 0.41298484802246094 22.577959060668945 45.28664779663086
      vertex 1.6276092529296875 24.603769302368164 45.59709548950195
      vertex 1.9106826782226562 24.33669090270996 45.267940521240234
    endloop
  endfacet
  facet normal -0.4636095464229584 0.386318176984787 -0.7973860502243042
    outer loop
      vertex 1.9106826782226562 24.33669090270996 45.267940521240234
      vertex 0.7113819122314453 22.260194778442383 44.959205627441406
      vertex 0.41298484802246094 22.577959060668945 45.28664779663086
    endloop
  endfacet
  facet normal -0.1409589648246765 0.22476473450660706 -0.964163601398468
    outer loop
      vertex 0.7113819122314453 22.260194778442383 44.959205627441406
      vertex 1.9106826782226562 24.33669090270996 45.267940521240234
      vertex 2.6325111389160156 23.913116455078125 45.06366729736328
    endloop
  endfacet
  facet normal -0.11991304904222488 0.20081569254398346 -0.9722623229026794
    outer loop
      vertex 2.6325111389160156 23.913116455078125 45.06366729736328
      vertex 1.3977508544921875 21.823680877685547 44.784393310546875
      vertex 0.7113819122314453 22.260194778442383 44.959205627441406
    endloop
  endfacet
  facet normal -0.8369665741920471 0.5432190299034119 -0.06633301824331284
    outer loop
      vertex 1.5546340942382812 24.87303924560547 46.88787841796875
      vertex 2.572460174560547 26.48858070373535 47.275413513183594
      vertex 2.6494979858398438 26.55858612060547 46.876670837402344
    endloop
  endfacet
  facet normal -0.8385226130485535 0.5447468161582947 0.01143554039299488
    outer loop
      vertex 2.6494979858398438 26.55858612060547 46.876670837402344
      vertex 1.540262222290039 24.85967445373535 46.47069549560547
      vertex 1.5546340942382812 24.87303924560547 46.88787841796875
    endloop
  endfacet
  facet normal -0.8084010481834412 0.5662402510643005 -0.16080985963344574
    outer loop
      vertex 1.540262222290039 24.85967445373535 46.47069549560547
      vertex 2.6494979858398438 26.55858612060547 46.876670837402344
      vertex 2.7235584259033203 26.548389434814453 46.46846008300781
    endloop
  endfacet
  facet normal -0.8153766989707947 0.5712164044380188 -0.09419408440589905
    outer loop
      vertex 2.7235584259033203 26.548389434814453 46.46846008300781
      vertex 1.5371112823486328 24.77915382385254 46.009674072265625
      vertex 1.540262222290039 24.85967445373535 46.47069549560547
    endloop
  endfacet
  facet normal -0.6969321370124817 0.5775865316390991 -0.4250641465187073
    outer loop
      vertex 1.5371112823486328 24.77915382385254 46.009674072265625
      vertex 2.7235584259033203 26.548389434814453 46.46846008300781
      vertex 2.8656787872314453 26.43893814086914 46.08671569824219
    endloop
  endfacet
  facet normal -0.7053920030593872 0.5833197236061096 -0.4026913046836853
    outer loop
      vertex 2.8656787872314453 26.43893814086914 46.08671569824219
      vertex 1.6276092529296875 24.603769302368164 45.59709548950195
      vertex 1.5371112823486328 24.77915382385254 46.009674072265625
    endloop
  endfacet
  facet normal -0.4249137341976166 0.48977401852607727 -0.7612947821617126
    outer loop
      vertex 1.6276092529296875 24.603769302368164 45.59709548950195
      vertex 2.8656787872314453 26.43893814086914 46.08671569824219
      vertex 3.1620826721191406 26.221694946289062 45.781517028808594
    endloop
  endfacet
  facet normal -0.4243263006210327 0.4892897307872772 -0.7619336247444153
    outer loop
      vertex 3.1620826721191406 26.221694946289062 45.781517028808594
      vertex 1.9106826782226562 24.33669090270996 45.267940521240234
      vertex 1.6276092529296875 24.603769302368164 45.59709548950195
    endloop
  endfacet
  facet normal -0.1028168573975563 0.3244454264640808 -0.9402998685836792
    outer loop
      vertex 1.9106826782226562 24.33669090270996 45.267940521240234
      vertex 3.1620826721191406 26.221694946289062 45.781517028808594
      vertex 3.84771728515625 25.800662994384766 45.56127166748047
    endloop
  endfacet
  facet normal -0.08824986219406128 0.306657999753952 -0.9477197527885437
    outer loop
      vertex 3.84771728515625 25.800662994384766 45.56127166748047
      vertex 2.6325111389160156 23.913116455078125 45.06366729736328
      vertex 1.9106826782226562 24.33669090270996 45.267940521240234
    endloop
  endfacet
  facet normal -0.8039200305938721 0.5760341286659241 -0.14797748625278473
    outer loop
      vertex 2.572460174560547 26.48858070373535 47.275413513183594
      vertex 3.5153369903564453 27.934158325195312 47.780250549316406
      vertex 3.6860313415527344 28.072006225585938 47.38951873779297
    endloop
  endfacet
  facet normal -0.8147790431976318 0.5770504474639893 -0.05610669031739235
    outer loop
      vertex 3.6860313415527344 28.072006225585938 47.38951873779297
      vertex 2.6494979858398438 26.55858612060547 46.876670837402344
      vertex 2.572460174560547 26.48858070373535 47.275413513183594
    endloop
  endfacet
  facet normal -0.7615725994110107 0.6025005578994751 -0.23874756693840027
    outer loop
      vertex 2.6494979858398438 26.55858612060547 46.876670837402344
      vertex 3.6860313415527344 28.072006225585938 47.38951873779297
      vertex 3.8285579681396484 28.11188316345215 47.0355110168457
    endloop
  endfacet
  facet normal -0.7789338827133179 0.6072672009468079 -0.15648852288722992
    outer loop
      vertex 3.8285579681396484 28.11188316345215 47.0355110168457
      vertex 2.7235584259033203 26.548389434814453 46.46846008300781
      vertex 2.6494979858398438 26.55858612060547 46.876670837402344
    endloop
  endfacet
  facet normal -0.630497395992279 0.6165968775749207 -0.47146734595298767
    outer loop
      vertex 2.7235584259033203 26.548389434814453 46.46846008300781
      vertex 3.8285579681396484 28.11188316345215 47.0355110168457
      vertex 4.031694412231445 28.056396484375 46.691287994384766
    endloop
  endfacet
  facet normal -0.6525455117225647 0.6285848617553711 -0.42316120862960815
    outer loop
      vertex 4.031694412231445 28.056396484375 46.691287994384766
      vertex 2.8656787872314453 26.43893814086914 46.08671569824219
      vertex 2.7235584259033203 26.548389434814453 46.46846008300781
    endloop
  endfacet
  facet normal -0.3742302656173706 0.5491010546684265 -0.7472882270812988
    outer loop
      vertex 2.8656787872314453 26.43893814086914 46.08671569824219
      vertex 4.031694412231445 28.056396484375 46.691287994384766
      vertex 4.353509902954102 27.881120681762695 46.401336669921875
    endloop
  endfacet
  facet normal -0.3715517818927765 0.5469692945480347 -0.7501826286315918
    outer loop
      vertex 4.353509902954102 27.881120681762695 46.401336669921875
      vertex 3.1620826721191406 26.221694946289062 45.781517028808594
      vertex 2.8656787872314453 26.43893814086914 46.08671569824219
    endloop
  endfacet
  facet normal -0.08852941542863846 0.40368595719337463 -0.9106042981147766
    outer loop
      vertex 3.1620826721191406 26.221694946289062 45.781517028808594
      vertex 4.353509902954102 27.881120681762695 46.401336669921875
      vertex 5.020053863525391 27.486373901367188 46.161537170410156
    endloop
  endfacet
  facet normal -0.0664413571357727 0.3754042983055115 -0.9244767427444458
    outer loop
      vertex 5.020053863525391 27.486373901367188 46.161537170410156
      vertex 3.84771728515625 25.800662994384766 45.56127166748047
      vertex 3.1620826721191406 26.221694946289062 45.781517028808594
    endloop
  endfacet
  facet normal -0.7862051725387573 0.583139181137085 -0.20452438294887543
    outer loop
      vertex 3.5153369903564453 27.934158325195312 47.780250549316406
      vertex 4.321207046508789 29.21463394165039 48.33332061767578
      vertex 4.574066162109375 29.421314239501953 47.950599670410156
    endloop
  endfacet
  facet normal -0.7985425591468811 0.5848209261894226 -0.14252838492393494
    outer loop
      vertex 4.574066162109375 29.421314239501953 47.950599670410156
      vertex 3.6860313415527344 28.072006225585938 47.38951873779297
      vertex 3.5153369903564453 27.934158325195312 47.780250549316406
    endloop
  endfacet
  facet normal -0.715694785118103 0.6114057898521423 -0.33758553862571716
    outer loop
      vertex 3.6860313415527344 28.072006225585938 47.38951873779297
      vertex 4.574066162109375 29.421314239501953 47.950599670410156
      vertex 4.785881042480469 29.495708465576172 47.63628005981445
    endloop
  endfacet
  facet normal -0.7498709559440613 0.6195278167724609 -0.2321183979511261
    outer loop
      vertex 4.785881042480469 29.495708465576172 47.63628005981445
      vertex 3.8285579681396484 28.11188316345215 47.0355110168457
      vertex 3.6860313415527344 28.072006225585938 47.38951873779297
    endloop
  endfacet
  facet normal -0.5898689031600952 0.628287136554718 -0.5072572827339172
    outer loop
      vertex 3.8285579681396484 28.11188316345215 47.0355110168457
      vertex 4.785881042480469 29.495708465576172 47.63628005981445
      vertex 5.049629211425781 29.491785049438477 47.3247184753418
    endloop
  endfacet
  facet normal -0.6125902533531189 0.6394493579864502 -0.46458351612091064
    outer loop
      vertex 5.049629211425781 29.491785049438477 47.3247184753418
      vertex 4.031694412231445 28.056396484375 46.691287994384766
      vertex 3.8285579681396484 28.11188316345215 47.0355110168457
    endloop
  endfacet
  facet normal -0.3500792682170868 0.574695885181427 -0.7397088408470154
    outer loop
      vertex 4.031694412231445 28.056396484375 46.691287994384766
      vertex 5.049629211425781 29.491785049438477 47.3247184753418
      vertex 5.426610946655273 29.365758895874023 47.04839324951172
    endloop
  endfacet
  facet normal -0.3514944612979889 0.5757884383201599 -0.7381864786148071
    outer loop
      vertex 5.426610946655273 29.365758895874023 47.04839324951172
      vertex 4.353509902954102 27.881120681762695 46.401336669921875
      vertex 4.031694412231445 28.056396484375 46.691287994384766
    endloop
  endfacet
  facet normal -0.12761566042900085 0.4723440110683441 -0.8721269369125366
    outer loop
      vertex 4.353509902954102 27.881120681762695 46.401336669921875
      vertex 5.426610946655273 29.365758895874023 47.04839324951172
      vertex 6.116905212402344 29.03881072998047 46.77030944824219
    endloop
  endfacet
  facet normal -0.08154264837503433 0.4132649600505829 -0.9069526195526123
    outer loop
      vertex 6.116905212402344 29.03881072998047 46.77030944824219
      vertex 5.020053863525391 27.486373901367188 46.161537170410156
      vertex 4.353509902954102 27.881120681762695 46.401336669921875
    endloop
  endfacet
  facet normal -0.7958658337593079 0.5563045740127563 -0.23900416493415833
    outer loop
      vertex 4.321207046508789 29.21463394165039 48.33332061767578
      vertex 4.96843147277832 30.37216567993164 48.87237548828125
      vertex 5.285913467407227 30.662282943725586 48.49045944213867
    endloop
  endfacet
  facet normal -0.7988786101341248 0.5570101141929626 -0.22700805962085724
    outer loop
      vertex 5.285913467407227 30.662282943725586 48.49045944213867
      vertex 4.574066162109375 29.421314239501953 47.950599670410156
      vertex 4.321207046508789 29.21463394165039 48.33332061767578
    endloop
  endfacet
  facet normal -0.6647136807441711 0.5839952826499939 -0.46594560146331787
    outer loop
      vertex 4.574066162109375 29.421314239501953 47.950599670410156
      vertex 5.285913467407227 30.662282943725586 48.49045944213867
      vertex 5.584203720092773 30.77769660949707 48.20957565307617
    endloop
  endfacet
  facet normal -0.7207582592964172 0.6022888422012329 -0.34315547347068787
    outer loop
      vertex 5.584203720092773 30.77769660949707 48.20957565307617
      vertex 4.785881042480469 29.495708465576172 47.63628005981445
      vertex 4.574066162109375 29.421314239501953 47.950599670410156
    endloop
  endfacet
  facet normal -0.5905641913414001 0.6060484051704407 -0.5328595638275146
    outer loop
      vertex 4.785881042480469 29.495708465576172 47.63628005981445
      vertex 5.584203720092773 30.77769660949707 48.20957565307617
      vertex 5.908632278442383 30.83632469177246 47.91669464111328
    endloop
  endfacet
  facet normal -0.6004899740219116 0.6108406186103821 -0.516028642654419
    outer loop
      vertex 5.908632278442383 30.83632469177246 47.91669464111328
      vertex 5.049629211425781 29.491785049438477 47.3247184753418
      vertex 4.785881042480469 29.495708465576172 47.63628005981445
    endloop
  endfacet
  facet normal -0.3805469572544098 0.565337061882019 -0.731831967830658
    outer loop
      vertex 5.049629211425781 29.491785049438477 47.3247184753418
      vertex 5.908632278442383 30.83632469177246 47.91669464111328
      vertex 6.358150482177734 30.77092933654785 47.63243103027344
    endloop
  endfacet
  facet normal -0.3643651604652405 0.5529850125312805 -0.7492967247962952
    outer loop
      vertex 6.358150482177734 30.77092933654785 47.63243103027344
      vertex 5.426610946655273 29.365758895874023 47.04839324951172
      vertex 5.049629211425781 29.491785049438477 47.3247184753418
    endloop
  endfacet
  facet normal -0.22150644659996033 0.49584707617759705 -0.8396848440170288
    outer loop
      vertex 5.426610946655273 29.365758895874023 47.04839324951172
      vertex 6.358150482177734 30.77092933654785 47.63243103027344
      vertex 7.109935760498047 30.532344818115234 47.2932243347168
    endloop
  endfacet
  facet normal -0.16100820899009705 0.41978806257247925 -0.8932270407676697
    outer loop
      vertex 7.109935760498047 30.532344818115234 47.2932243347168
      vertex 6.116905212402344 29.03881072998047 46.77030944824219
      vertex 5.426610946655273 29.365758895874023 47.04839324951172
    endloop
  endfacet
  facet normal -0.8163655400276184 0.5146430134773254 -0.26208752393722534
    outer loop
      vertex 4.96843147277832 30.37216567993164 48.87237548828125
      vertex 5.47624397277832 31.457324981689453 49.42146301269531
      vertex 5.8645782470703125 31.854736328125 48.992225646972656
    endloop
  endfacet
  facet normal -0.8102157115936279 0.5127015709877014 -0.2840554118156433
    outer loop
      vertex 5.8645782470703125 31.854736328125 48.992225646972656
      vertex 5.285913467407227 30.662282943725586 48.49045944213867
      vertex 4.96843147277832 30.37216567993164 48.87237548828125
    endloop
  endfacet
  facet normal -0.6633187532424927 0.5399242639541626 -0.5181602835655212
    outer loop
      vertex 5.285913467407227 30.662282943725586 48.49045944213867
      vertex 5.8645782470703125 31.854736328125 48.992225646972656
      vertex 6.215690612792969 32.03273010253906 48.72822189331055
    endloop
  endfacet
  facet normal -0.6768251061439514 0.5450374484062195 -0.4948152005672455
    outer loop
      vertex 6.215690612792969 32.03273010253906 48.72822189331055
      vertex 5.584203720092773 30.77769660949707 48.20957565307617
      vertex 5.285913467407227 30.662282943725586 48.49045944213867
    endloop
  endfacet
  facet normal -0.5212399959564209 0.5365287065505981 -0.663661003112793
    outer loop
      vertex 5.584203720092773 30.77769660949707 48.20957565307617
      vertex 6.215690612792969 32.03273010253906 48.72822189331055
      vertex 6.640495300292969 32.137550354003906 48.47932052612305
    endloop
  endfacet
  facet normal -0.6022127866744995 0.5771852731704712 -0.5515406131744385
    outer loop
      vertex 6.640495300292969 32.137550354003906 48.47932052612305
      vertex 5.908632278442383 30.83632469177246 47.91669464111328
      vertex 5.584203720092773 30.77769660949707 48.20957565307617
    endloop
  endfacet
  facet normal -0.43768903613090515 0.5527861714363098 -0.7091233134269714
    outer loop
      vertex 5.908632278442383 30.83632469177246 47.91669464111328
      vertex 6.640495300292969 32.137550354003906 48.47932052612305
      vertex 7.148965835571289 32.16332244873047 48.185569763183594
    endloop
  endfacet
  facet normal -0.3989390730857849 0.5251897573471069 -0.751680314540863
    outer loop
      vertex 7.148965835571289 32.16332244873047 48.185569763183594
      vertex 6.358150482177734 30.77092933654785 47.63243103027344
      vertex 5.908632278442383 30.83632469177246 47.91669464111328
    endloop
  endfacet
  facet normal -0.30047425627708435 0.49462446570396423 -0.8155133724212646
    outer loop
      vertex 6.358150482177734 30.77092933654785 47.63243103027344
      vertex 7.148965835571289 32.16332244873047 48.185569763183594
      vertex 7.976846694946289 31.989858627319336 47.77532958984375
    endloop
  endfacet
  facet normal -0.251711368560791 0.43558138608932495 -0.8642397522926331
    outer loop
      vertex 7.976846694946289 31.989858627319336 47.77532958984375
      vertex 7.109935760498047 30.532344818115234 47.2932243347168
      vertex 6.358150482177734 30.77092933654785 47.63243103027344
    endloop
  endfacet
  facet normal -0.8124484419822693 0.49202293157577515 -0.3127953112125397
    outer loop
      vertex 5.47624397277832 31.457324981689453 49.42146301269531
      vertex 5.836765289306641 32.41099166870117 49.98515701293945
      vertex 6.255903244018555 32.852081298828125 49.59032440185547
    endloop
  endfacet
  facet normal -0.8212818503379822 0.4937068521976471 -0.285919189453125
    outer loop
      vertex 6.255903244018555 32.852081298828125 49.59032440185547
      vertex 5.8645782470703125 31.854736328125 48.992225646972656
      vertex 5.47624397277832 31.457324981689453 49.42146301269531
    endloop
  endfacet
  facet normal -0.6616594195365906 0.5591760277748108 -0.49952882528305054
    outer loop
      vertex 5.8645782470703125 31.854736328125 48.992225646972656
      vertex 6.255903244018555 32.852081298828125 49.59032440185547
      vertex 6.660444259643555 33.09553909301758 49.32701110839844
    endloop
  endfacet
  facet normal -0.6604056358337402 0.5589014291763306 -0.501491367816925
    outer loop
      vertex 6.660444259643555 33.09553909301758 49.32701110839844
      vertex 6.215690612792969 32.03273010253906 48.72822189331055
      vertex 5.8645782470703125 31.854736328125 48.992225646972656
    endloop
  endfacet
  facet normal -0.5193753242492676 0.5740094184875488 -0.6330580115318298
    outer loop
      vertex 6.215690612792969 32.03273010253906 48.72822189331055
      vertex 6.660444259643555 33.09553909301758 49.32701110839844
      vertex 7.14463996887207 33.279762268066406 49.096805572509766
    endloop
  endfacet
  facet normal -0.5150846242904663 0.5723006725311279 -0.6380907297134399
    outer loop
      vertex 7.14463996887207 33.279762268066406 49.096805572509766
      vertex 6.640495300292969 32.137550354003906 48.47932052612305
      vertex 6.215690612792969 32.03273010253906 48.72822189331055
    endloop
  endfacet
  facet normal -0.4354340434074402 0.5692165493965149 -0.6974164843559265
    outer loop
      vertex 6.640495300292969 32.137550354003906 48.47932052612305
      vertex 7.14463996887207 33.279762268066406 49.096805572509766
      vertex 7.737699508666992 33.38362121582031 48.81129455566406
    endloop
  endfacet
  facet normal -0.43314480781555176 0.5678715705871582 -0.6999339461326599
    outer loop
      vertex 7.737699508666992 33.38362121582031 48.81129455566406
      vertex 7.148965835571289 32.16332244873047 48.185569763183594
      vertex 6.640495300292969 32.137550354003906 48.47932052612305
    endloop
  endfacet
  facet normal -0.3449854850769043 0.5546877384185791 -0.7571700811386108
    outer loop
      vertex 7.148965835571289 32.16332244873047 48.185569763183594
      vertex 7.737699508666992 33.38362121582031 48.81129455566406
      vertex 8.653562545776367 33.346275329589844 48.36664581298828
    endloop
  endfacet
  facet normal -0.2971600890159607 0.5022596716880798 -0.8120536804199219
    outer loop
      vertex 8.653562545776367 33.346275329589844 48.36664581298828
      vertex 7.976846694946289 31.989858627319336 47.77532958984375
      vertex 7.148965835571289 32.16332244873047 48.185569763183594
    endloop
  endfacet
  facet normal -0.8122825026512146 0.502265214920044 -0.2965245544910431
    outer loop
      vertex 5.836765289306641 32.41099166870117 49.98515701293945
      vertex 6.017337799072266 33.13895034790039 50.72355270385742
      vertex 6.468011856079102 33.65791320800781 50.3680419921875
    endloop
  endfacet
  facet normal -0.8110119104385376 0.5025415420532227 -0.29951927065849304
    outer loop
      vertex 6.468011856079102 33.65791320800781 50.3680419921875
      vertex 6.255903244018555 32.852081298828125 49.59032440185547
      vertex 5.836765289306641 32.41099166870117 49.98515701293945
    endloop
  endfacet
  facet normal -0.6614776849746704 0.6036362051963806 -0.4450512230396271
    outer loop
      vertex 6.255903244018555 32.852081298828125 49.59032440185547
      vertex 6.468011856079102 33.65791320800781 50.3680419921875
      vertex 6.910634994506836 33.96038055419922 50.120418548583984
    endloop
  endfacet
  facet normal -0.657082736492157 0.603938102722168 -0.4511108696460724
    outer loop
      vertex 6.910634994506836 33.96038055419922 50.120418548583984
      vertex 6.660444259643555 33.09553909301758 49.32701110839844
      vertex 6.255903244018555 32.852081298828125 49.59032440185547
    endloop
  endfacet
  facet normal -0.5593010783195496 0.6424267888069153 -0.5238990187644958
    outer loop
      vertex 6.660444259643555 33.09553909301758 49.32701110839844
      vertex 6.910634994506836 33.96038055419922 50.120418548583984
      vertex 7.422670364379883 34.21691131591797 49.88835144042969
    endloop
  endfacet
  facet normal -0.5150347948074341 0.6371265053749084 -0.5734186768531799
    outer loop
      vertex 7.422670364379883 34.21691131591797 49.88835144042969
      vertex 7.14463996887207 33.279762268066406 49.096805572509766
      vertex 6.660444259643555 33.09553909301758 49.32701110839844
    endloop
  endfacet
  facet normal -0.4462236166000366 0.6510254740715027 -0.614044189453125
    outer loop
      vertex 7.14463996887207 33.279762268066406 49.096805572509766
      vertex 7.422670364379883 34.21691131591797 49.88835144042969
      vertex 8.050830841064453 34.38970184326172 49.61506652832031
    endloop
  endfacet
  facet normal -0.42080405354499817 0.6425547003746033 -0.6403494477272034
    outer loop
      vertex 8.050830841064453 34.38970184326172 49.61506652832031
      vertex 7.737699508666992 33.38362121582031 48.81129455566406
      vertex 7.14463996887207 33.279762268066406 49.096805572509766
    endloop
  endfacet
  facet normal -0.33058375120162964 0.6497480869293213 -0.6845011115074158
    outer loop
      vertex 7.737699508666992 33.38362121582031 48.81129455566406
      vertex 8.050830841064453 34.38970184326172 49.61506652832031
      vertex 9.090576171875 34.47393798828125 49.192874908447266
    endloop
  endfacet
  facet normal -0.3153558671474457 0.6373566389083862 -0.7030841112136841
    outer loop
      vertex 9.090576171875 34.47393798828125 49.192874908447266
      vertex 8.653562545776367 33.346275329589844 48.36664581298828
      vertex 7.737699508666992 33.38362121582031 48.81129455566406
    endloop
  endfacet
  facet normal -0.817809522151947 0.5160878300666809 -0.2546389102935791
    outer loop
      vertex 6.017337799072266 33.13895034790039 50.72355270385742
      vertex 6.01719856262207 33.61333465576172 51.685455322265625
      vertex 6.483377456665039 34.202171325683594 51.381675720214844
    endloop
  endfacet
  facet normal -0.8106927275657654 0.5208525657653809 -0.2673760950565338
    outer loop
      vertex 6.483377456665039 34.202171325683594 51.381675720214844
      vertex 6.468011856079102 33.65791320800781 50.3680419921875
      vertex 6.017337799072266 33.13895034790039 50.72355270385742
    endloop
  endfacet
  facet normal -0.667654812335968 0.6600731015205383 -0.3442971706390381
    outer loop
      vertex 6.468011856079102 33.65791320800781 50.3680419921875
      vertex 6.483377456665039 34.202171325683594 51.381675720214844
      vertex 6.952238082885742 34.56730270385742 51.1724853515625
    endloop
  endfacet
  facet normal -0.6550049781799316 0.6654443740844727 -0.35798361897468567
    outer loop
      vertex 6.952238082885742 34.56730270385742 51.1724853515625
      vertex 6.910634994506836 33.96038055419922 50.120418548583984
      vertex 6.468011856079102 33.65791320800781 50.3680419921875
    endloop
  endfacet
  facet normal -0.5700833797454834 0.7212148904800415 -0.3935149908065796
    outer loop
      vertex 6.910634994506836 33.96038055419922 50.120418548583984
      vertex 6.952238082885742 34.56730270385742 51.1724853515625
      vertex 7.490583419799805 34.87593078613281 50.95822525024414
    endloop
  endfacet
  facet normal -0.5505275130271912 0.7259437441825867 -0.41221970319747925
    outer loop
      vertex 7.490583419799805 34.87593078613281 50.95822525024414
      vertex 7.422670364379883 34.21691131591797 49.88835144042969
      vertex 6.910634994506836 33.96038055419922 50.120418548583984
    endloop
  endfacet
  facet normal -0.4494670033454895 0.7730412483215332 -0.4476458430290222
    outer loop
      vertex 7.422670364379883 34.21691131591797 49.88835144042969
      vertex 7.490583419799805 34.87593078613281 50.95822525024414
      vertex 8.160406112670898 35.117591857910156 50.7030029296875
    endloop
  endfacet
  facet normal -0.4194957911968231 0.773429274559021 -0.475216269493103
    outer loop
      vertex 8.160406112670898 35.117591857910156 50.7030029296875
      vertex 8.050830841064453 34.38970184326172 49.61506652832031
      vertex 7.422670364379883 34.21691131591797 49.88835144042969
    endloop
  endfacet
  facet normal -0.35551905632019043 0.7929893136024475 -0.49474671483039856
    outer loop
      vertex 8.050830841064453 34.38970184326172 49.61506652832031
      vertex 8.160406112670898 35.117591857910156 50.7030029296875
      vertex 9.230144500732422 35.335205078125 50.28309631347656
    endloop
  endfacet
  facet normal -0.2933579981327057 0.7680717706680298 -0.5692159533500671
    outer loop
      vertex 9.230144500732422 35.335205078125 50.28309631347656
      vertex 9.090576171875 34.47393798828125 49.192874908447266
      vertex 8.050830841064453 34.38970184326172 49.61506652832031
    endloop
  endfacet
  facet normal -0.8354209661483765 0.5061922073364258 -0.2141057699918747
    outer loop
      vertex 6.01719856262207 33.61333465576172 51.685455322265625
      vertex 5.828958511352539 33.79361343383789 52.846168518066406
      vertex 6.293787002563477 34.45441436767578 52.5947265625
    endloop
  endfacet
  facet normal -0.8174818754196167 0.5249654650688171 -0.23692794144153595
    outer loop
      vertex 6.293787002563477 34.45441436767578 52.5947265625
      vertex 6.483377456665039 34.202171325683594 51.381675720214844
      vertex 6.01719856262207 33.61333465576172 51.685455322265625
    endloop
  endfacet
  facet normal -0.6928942799568176 0.6766793131828308 -0.24900338053703308
    outer loop
      vertex 6.483377456665039 34.202171325683594 51.381675720214844
      vertex 6.293787002563477 34.45441436767578 52.5947265625
      vertex 6.769514083862305 34.89173126220703 52.45936584472656
    endloop
  endfacet
  facet normal -0.6637110114097595 0.6975238919258118 -0.2700892984867096
    outer loop
      vertex 6.769514083862305 34.89173126220703 52.45936584472656
      vertex 6.952238082885742 34.56730270385742 51.1724853515625
      vertex 6.483377456665039 34.202171325683594 51.381675720214844
    endloop
  endfacet
  facet normal -0.5807808637619019 0.7659968733787537 -0.2755763828754425
    outer loop
      vertex 6.952238082885742 34.56730270385742 51.1724853515625
      vertex 6.769514083862305 34.89173126220703 52.45936584472656
      vertex 7.322328567504883 35.2467041015625 52.28099060058594
    endloop
  endfacet
  facet normal -0.560093104839325 0.7764309644699097 -0.28887835144996643
    outer loop
      vertex 7.322328567504883 35.2467041015625 52.28099060058594
      vertex 7.490583419799805 34.87593078613281 50.95822525024414
      vertex 6.952238082885742 34.56730270385742 51.1724853515625
    endloop
  endfacet
  facet normal -0.45425641536712646 0.8411187529563904 -0.2935480773448944
    outer loop
      vertex 7.490583419799805 34.87593078613281 50.95822525024414
      vertex 7.322328567504883 35.2467041015625 52.28099060058594
      vertex 8.06043815612793 35.55428695678711 52.02012252807617
    endloop
  endfacet
  facet normal -0.425738662481308 0.8487240672111511 -0.31371018290519714
    outer loop
      vertex 8.06043815612793 35.55428695678711 52.02012252807617
      vertex 8.160406112670898 35.117591857910156 50.7030029296875
      vertex 7.490583419799805 34.87593078613281 50.95822525024414
    endloop
  endfacet
  facet normal -0.35441824793815613 0.879207968711853 -0.31840407848358154
    outer loop
      vertex 8.160406112670898 35.117591857910156 50.7030029296875
      vertex 8.06043815612793 35.55428695678711 52.02012252807617
      vertex 9.251531600952148 35.87408447265625 51.577362060546875
    endloop
  endfacet
  facet normal -0.319533109664917 0.8766422271728516 -0.35971787571907043
    outer loop
      vertex 9.251531600952148 35.87408447265625 51.577362060546875
      vertex 9.230144500732422 35.335205078125 50.28309631347656
      vertex 8.160406112670898 35.117591857910156 50.7030029296875
    endloop
  endfacet
  facet normal -0.8419731259346008 0.49554985761642456 -0.21333430707454681
    outer loop
      vertex 5.828958511352539 33.79361343383789 52.846168518066406
      vertex 5.48992919921875 33.731483459472656 54.0399055480957
      vertex 5.908258438110352 34.38306427001953 53.90241622924805
    endloop
  endfacet
  facet normal -0.8353267908096313 0.5043590068817139 -0.21874935925006866
    outer loop
      vertex 5.908258438110352 34.38306427001953 53.90241622924805
      vertex 6.293787002563477 34.45441436767578 52.5947265625
      vertex 5.828958511352539 33.79361343383789 52.846168518066406
    endloop
  endfacet
  facet normal -0.7428491115570068 0.6437100172042847 -0.18388216197490692
    outer loop
      vertex 6.293787002563477 34.45441436767578 52.5947265625
      vertex 5.908258438110352 34.38306427001953 53.90241622924805
      vertex 6.363950729370117 34.88852310180664 53.83094787597656
    endloop
  endfacet
  facet normal -0.693354070186615 0.6912946105003357 -0.20340107381343842
    outer loop
      vertex 6.363950729370117 34.88852310180664 53.83094787597656
      vertex 6.769514083862305 34.89173126220703 52.45936584472656
      vertex 6.293787002563477 34.45441436767578 52.5947265625
    endloop
  endfacet
  facet normal -0.6091451048851013 0.772753119468689 -0.17831076681613922
    outer loop
      vertex 6.769514083862305 34.89173126220703 52.45936584472656
      vertex 6.363950729370117 34.88852310180664 53.83094787597656
      vertex 6.91761589050293 35.2964973449707 53.70757293701172
    endloop
  endfacet
  facet normal -0.5732016563415527 0.7969791293144226 -0.19043146073818207
    outer loop
      vertex 6.91761589050293 35.2964973449707 53.70757293701172
      vertex 7.322328567504883 35.2467041015625 52.28099060058594
      vertex 6.769514083862305 34.89173126220703 52.45936584472656
    endloop
  endfacet
  facet normal -0.46479472517967224 0.8704273700714111 -0.16224069893360138
    outer loop
      vertex 7.322328567504883 35.2467041015625 52.28099060058594
      vertex 6.91761589050293 35.2964973449707 53.70757293701172
      vertex 7.685304641723633 35.66400909423828 53.479976654052734
    endloop
  endfacet
  facet normal -0.431301474571228 0.8846116065979004 -0.17731709778308868
    outer loop
      vertex 7.685304641723633 35.66400909423828 53.479976654052734
      vertex 8.06043815612793 35.55428695678711 52.02012252807617
      vertex 7.322328567504883 35.2467041015625 52.28099060058594
    endloop
  endfacet
  facet normal -0.3502231240272522 0.923008918762207 -0.1593686193227768
    outer loop
      vertex 8.06043815612793 35.55428695678711 52.02012252807617
      vertex 7.685304641723633 35.66400909423828 53.479976654052734
      vertex 8.945438385009766 36.06537628173828 53.03533172607422
    endloop
  endfacet
  facet normal -0.319532185792923 0.9285529851913452 -0.1889142096042633
    outer loop
      vertex 8.945438385009766 36.06537628173828 53.03533172607422
      vertex 9.251531600952148 35.87408447265625 51.577362060546875
      vertex 8.06043815612793 35.55428695678711 52.02012252807617
    endloop
  endfacet
  facet normal -0.8872276544570923 0.4219173789024353 -0.1865817755460739
    outer loop
      vertex 5.48992919921875 33.731483459472656 54.0399055480957
      vertex 4.98309326171875 33.25712585449219 55.3773307800293
      vertex 5.359659194946289 34.00775909423828 55.28410339355469
    endloop
  endfacet
  facet normal -0.843208372592926 0.4993331730365753 -0.19916313886642456
    outer loop
      vertex 5.359659194946289 34.00775909423828 55.28410339355469
      vertex 5.908258438110352 34.38306427001953 53.90241622924805
      vertex 5.48992919921875 33.731483459472656 54.0399055480957
    endloop
  endfacet
  facet normal -0.7788482308387756 0.6106032133102417 -0.14338484406471252
    outer loop
      vertex 5.908258438110352 34.38306427001953 53.90241622924805
      vertex 5.359659194946289 34.00775909423828 55.28410339355469
      vertex 5.769084930419922 34.52389907836914 55.25813293457031
    endloop
  endfacet
  facet normal -0.7450181841850281 0.6512849926948547 -0.14413806796073914
    outer loop
      vertex 5.769084930419922 34.52389907836914 55.25813293457031
      vertex 6.363950729370117 34.88852310180664 53.83094787597656
      vertex 5.908258438110352 34.38306427001953 53.90241622924805
    endloop
  endfacet
  facet normal -0.6564474701881409 0.7498989105224609 -0.08202648162841797
    outer loop
      vertex 6.363950729370117 34.88852310180664 53.83094787597656
      vertex 5.769084930419922 34.52389907836914 55.25813293457031
      vertex 6.290443420410156 34.972049713134766 55.182830810546875
    endloop
  endfacet
  facet normal -0.6029717922210693 0.7935559153556824 -0.0818161815404892
    outer loop
      vertex 6.290443420410156 34.972049713134766 55.182830810546875
      vertex 6.91761589050293 35.2964973449707 53.70757293701172
      vertex 6.363950729370117 34.88852310180664 53.83094787597656
    endloop
  endfacet
  facet normal -0.506898820400238 0.8616132140159607 -0.02600536122918129
    outer loop
      vertex 6.91761589050293 35.2964973449707 53.70757293701172
      vertex 6.290443420410156 34.972049713134766 55.182830810546875
      vertex 7.025999069213867 35.39942169189453 55.005062103271484
    endloop
  endfacet
  facet normal -0.4398302435874939 0.8974201083183289 -0.03444821015000343
    outer loop
      vertex 7.025999069213867 35.39942169189453 55.005062103271484
      vertex 7.685304641723633 35.66400909423828 53.479976654052734
      vertex 6.91761589050293 35.2964973449707 53.70757293701172
    endloop
  endfacet
  facet normal -0.32965758442878723 0.943861722946167 0.021237388253211975
    outer loop
      vertex 7.685304641723633 35.66400909423828 53.479976654052734
      vertex 7.025999069213867 35.39942169189453 55.005062103271484
      vertex 8.310985565185547 35.85791015625 54.574493408203125
    endloop
  endfacet
  facet normal -0.30223605036735535 0.9532250761985779 0.0039030511397868395
    outer loop
      vertex 8.310985565185547 35.85791015625 54.574493408203125
      vertex 8.945438385009766 36.06537628173828 53.03533172607422
      vertex 7.685304641723633 35.66400909423828 53.479976654052734
    endloop
  endfacet
  facet normal -0.9045476317405701 0.36559203267097473 -0.21939946711063385
    outer loop
      vertex 4.98309326171875 33.25712585449219 55.3773307800293
      vertex 4.378461837768555 32.50747299194336 56.62095642089844
      vertex 4.687105178833008 33.28227615356445 56.639549255371094
    endloop
  endfacet
  facet normal -0.883305549621582 0.416366845369339 -0.21542993187904358
    outer loop
      vertex 4.687105178833008 33.28227615356445 56.639549255371094
      vertex 5.359659194946289 34.00775909423828 55.28410339355469
      vertex 4.98309326171875 33.25712585449219 55.3773307800293
    endloop
  endfacet
  facet normal -0.8234597444534302 0.5564602017402649 -0.11075235903263092
    outer loop
      vertex 5.359659194946289 34.00775909423828 55.28410339355469
      vertex 4.687105178833008 33.28227615356445 56.639549255371094
      vertex 5.052183151245117 33.834747314453125 56.700958251953125
    endloop
  endfacet
  facet normal -0.7822437882423401 0.6157529950141907 -0.0945676937699318
    outer loop
      vertex 5.052183151245117 33.834747314453125 56.700958251953125
      vertex 5.769084930419922 34.52389907836914 55.25813293457031
      vertex 5.359659194946289 34.00775909423828 55.28410339355469
    endloop
  endfacet
  facet normal -0.7093122601509094 0.7047164440155029 -0.015837421640753746
    outer loop
      vertex 5.769084930419922 34.52389907836914 55.25813293457031
      vertex 5.052183151245117 33.834747314453125 56.700958251953125
      vertex 5.540557861328125 34.326377868652344 56.7041130065918
    endloop
  endfacet
  facet normal -0.6518088579177856 0.7583830952644348 0.0005814649048261344
    outer loop
      vertex 5.540557861328125 34.326377868652344 56.7041130065918
      vertex 6.290443420410156 34.972049713134766 55.182830810546875
      vertex 5.769084930419922 34.52389907836914 55.25813293457031
    endloop
  endfacet
  facet normal -0.5359448194503784 0.839224636554718 0.09200558811426163
    outer loop
      vertex 6.290443420410156 34.972049713134766 55.182830810546875
      vertex 5.540557861328125 34.326377868652344 56.7041130065918
      vertex 6.268136978149414 34.80701446533203 56.55825424194336
    endloop
  endfacet
  facet normal -0.48246318101882935 0.8705694675445557 0.09663396328687668
    outer loop
      vertex 6.268136978149414 34.80701446533203 56.55825424194336
      vertex 7.025999069213867 35.39942169189453 55.005062103271484
      vertex 6.290443420410156 34.972049713134766 55.182830810546875
    endloop
  endfacet
  facet normal -0.3021044135093689 0.9304247498512268 0.2074674665927887
    outer loop
      vertex 7.025999069213867 35.39942169189453 55.005062103271484
      vertex 6.268136978149414 34.80701446533203 56.55825424194336
      vertex 7.602754592895508 35.3253059387207 56.17729187011719
    endloop
  endfacet
  facet normal -0.2716369330883026 0.942795991897583 0.19325914978981018
    outer loop
      vertex 7.602754592895508 35.3253059387207 56.17729187011719
      vertex 8.310985565185547 35.85791015625 54.574493408203125
      vertex 7.025999069213867 35.39942169189453 55.005062103271484
    endloop
  endfacet
  facet normal -0.9156359434127808 0.32545819878578186 -0.23598293960094452
    outer loop
      vertex 4.378461837768555 32.50747299194336 56.62095642089844
      vertex 3.742826461791992 31.51131820678711 57.71342468261719
      vertex 3.9618778228759766 32.24884033203125 57.880645751953125
    endloop
  endfacet
  facet normal -0.9035789370536804 0.3653120696544647 -0.2238130271434784
    outer loop
      vertex 3.9618778228759766 32.24884033203125 57.880645751953125
      vertex 4.687105178833008 33.28227615356445 56.639549255371094
      vertex 4.378461837768555 32.50747299194336 56.62095642089844
    endloop
  endfacet
  facet normal -0.8711267709732056 0.4784270226955414 -0.11066129058599472
    outer loop
      vertex 4.687105178833008 33.28227615356445 56.639549255371094
      vertex 3.9618778228759766 32.24884033203125 57.880645751953125
      vertex 4.268495559692383 32.84541320800781 58.046138763427734
    endloop
  endfacet
  facet normal -0.8282142877578735 0.5555112361907959 -0.07394922524690628
    outer loop
      vertex 4.268495559692383 32.84541320800781 58.046138763427734
      vertex 5.052183151245117 33.834747314453125 56.700958251953125
      vertex 4.687105178833008 33.28227615356445 56.639549255371094
    endloop
  endfacet
  facet normal -0.7634560465812683 0.6451753973960876 0.02972313016653061
    outer loop
      vertex 5.052183151245117 33.834747314453125 56.700958251953125
      vertex 4.268495559692383 32.84541320800781 58.046138763427734
      vertex 4.714384078979492 33.3690185546875 58.13357925415039
    endloop
  endfacet
  facet normal -0.7083024978637695 0.7032164931297302 0.061596330255270004
    outer loop
      vertex 4.714384078979492 33.3690185546875 58.13357925415039
      vertex 5.540557861328125 34.326377868652344 56.7041130065918
      vertex 5.052183151245117 33.834747314453125 56.700958251953125
    endloop
  endfacet
  facet normal -0.5445192456245422 0.8076679110527039 0.22621090710163116
    outer loop
      vertex 5.540557861328125 34.326377868652344 56.7041130065918
      vertex 4.714384078979492 33.3690185546875 58.13357925415039
      vertex 5.442630767822266 33.878604888916016 58.0671272277832
    endloop
  endfacet
  facet normal -0.5019102692604065 0.8317621350288391 0.23718750476837158
    outer loop
      vertex 5.442630767822266 33.878604888916016 58.0671272277832
      vertex 6.268136978149414 34.80701446533203 56.55825424194336
      vertex 5.540557861328125 34.326377868652344 56.7041130065918
    endloop
  endfacet
  facet normal -0.2740551829338074 0.8787497878074646 0.3907589018344879
    outer loop
      vertex 6.268136978149414 34.80701446533203 56.55825424194336
      vertex 5.442630767822266 33.878604888916016 58.0671272277832
      vertex 6.782175064086914 34.45002746582031 57.72157287597656
    endloop
  endfacet
  facet normal -0.2386936992406845 0.8937679529190063 0.37974220514297485
    outer loop
      vertex 6.782175064086914 34.45002746582031 57.72157287597656
      vertex 7.602754592895508 35.3253059387207 56.17729187011719
      vertex 6.268136978149414 34.80701446533203 56.55825424194336
    endloop
  endfacet
  facet normal -0.9338542819023132 0.26735302805900574 -0.23756828904151917
    outer loop
      vertex 3.742826461791992 31.51131820678711 57.71342468261719
      vertex 3.1590137481689453 30.268468856811523 58.609657287597656
      vertex 3.2929000854492188 31.00489616394043 58.9121208190918
    endloop
  endfacet
  facet normal -0.9230836033821106 0.32188907265663147 -0.2104853242635727
    outer loop
      vertex 3.2929000854492188 31.00489616394043 58.9121208190918
      vertex 3.9618778228759766 32.24884033203125 57.880645751953125
      vertex 3.742826461791992 31.51131820678711 57.71342468261719
    endloop
  endfacet
  facet normal -0.9129931330680847 0.38898345828056335 -0.12302611023187637
    outer loop
      vertex 3.9618778228759766 32.24884033203125 57.880645751953125
      vertex 3.2929000854492188 31.00489616394043 58.9121208190918
      vertex 3.515918731689453 31.613616943359375 59.18172073364258
    endloop
  endfacet
  facet normal -0.8789985775947571 0.4714953303337097 -0.07108931243419647
    outer loop
      vertex 3.515918731689453 31.613616943359375 59.18172073364258
      vertex 4.268495559692383 32.84541320800781 58.046138763427734
      vertex 3.9618778228759766 32.24884033203125 57.880645751953125
    endloop
  endfacet
  facet normal -0.8310266137123108 0.5539664030075073 0.050161413848400116
    outer loop
      vertex 4.268495559692383 32.84541320800781 58.046138763427734
      vertex 3.515918731689453 31.613616943359375 59.18172073364258
      vertex 3.8952083587646484 32.165245056152344 59.37342834472656
    endloop
  endfacet
  facet normal -0.7657219171524048 0.633793294429779 0.10943490266799927
    outer loop
      vertex 3.8952083587646484 32.165245056152344 59.37342834472656
      vertex 4.714384078979492 33.3690185546875 58.13357925415039
      vertex 4.268495559692383 32.84541320800781 58.046138763427734
    endloop
  endfacet
  facet normal -0.5578778386116028 0.7486206293106079 0.35824498534202576
    outer loop
      vertex 4.714384078979492 33.3690185546875 58.13357925415039
      vertex 3.8952083587646484 32.165245056152344 59.37342834472656
      vertex 4.600431442260742 32.67675018310547 59.40275192260742
    endloop
  endfacet
  facet normal -0.5076870918273926 0.7746910452842712 0.37697142362594604
    outer loop
      vertex 4.600431442260742 32.67675018310547 59.40275192260742
      vertex 5.442630767822266 33.878604888916016 58.0671272277832
      vertex 4.714384078979492 33.3690185546875 58.13357925415039
    endloop
  endfacet
  facet normal -0.22813861072063446 0.7908993363380432 0.5678300857543945
    outer loop
      vertex 5.442630767822266 33.878604888916016 58.0671272277832
      vertex 4.600431442260742 32.67675018310547 59.40275192260742
      vertex 5.950876235961914 33.2578125 59.13599395751953
    endloop
  endfacet
  facet normal -0.19813573360443115 0.8037395477294922 0.5610213279724121
    outer loop
      vertex 5.950876235961914 33.2578125 59.13599395751953
      vertex 6.782175064086914 34.45002746582031 57.72157287597656
      vertex 5.442630767822266 33.878604888916016 58.0671272277832
    endloop
  endfacet
  facet normal -0.9510136842727661 0.20195268094539642 -0.23406891524791718
    outer loop
      vertex 3.1590137481689453 30.268468856811523 58.609657287597656
      vertex 2.735708236694336 28.971176147460938 59.21023941040039
      vertex 2.7721405029296875 29.640949249267578 59.64009094238281
    endloop
  endfacet
  facet normal -0.9461425542831421 0.254304438829422 -0.20035859942436218
    outer loop
      vertex 2.7721405029296875 29.640949249267578 59.64009094238281
      vertex 3.2929000854492188 31.00489616394043 58.9121208190918
      vertex 3.1590137481689453 30.268468856811523 58.609657287597656
    endloop
  endfacet
  facet normal -0.946757972240448 0.30214738845825195 -0.1111588180065155
    outer loop
      vertex 3.2929000854492188 31.00489616394043 58.9121208190918
      vertex 2.7721405029296875 29.640949249267578 59.64009094238281
      vertex 2.9075889587402344 30.201601028442383 60.01039505004883
    endloop
  endfacet
  facet normal -0.9287865161895752 0.36602783203125 -0.058130670338869095
    outer loop
      vertex 2.9075889587402344 30.201601028442383 60.01039505004883
      vertex 3.515918731689453 31.613616943359375 59.18172073364258
      vertex 3.2929000854492188 31.00489616394043 58.9121208190918
    endloop
  endfacet
  facet normal -0.8918825387954712 0.4415864646434784 0.09770841896533966
    outer loop
      vertex 3.515918731689453 31.613616943359375 59.18172073364258
      vertex 2.9075889587402344 30.201601028442383 60.01039505004883
      vertex 3.2094764709472656 30.744606018066406 60.31195068359375
    endloop
  endfacet
  facet normal -0.8386104106903076 0.5173835158348083 0.17043107748031616
    outer loop
      vertex 3.2094764709472656 30.744606018066406 60.31195068359375
      vertex 3.8952083587646484 32.165245056152344 59.37342834472656
      vertex 3.515918731689453 31.613616943359375 59.18172073364258
    endloop
  endfacet
  facet normal -0.6161907315254211 0.6190788745880127 0.4868781566619873
    outer loop
      vertex 3.8952083587646484 32.165245056152344 59.37342834472656
      vertex 3.2094764709472656 30.744606018066406 60.31195068359375
      vertex 3.8469200134277344 31.2519588470459 60.47358322143555
    endloop
  endfacet
  facet normal -0.5101597905158997 0.6726405620574951 0.5359960198402405
    outer loop
      vertex 3.8469200134277344 31.2519588470459 60.47358322143555
      vertex 4.600431442260742 32.67675018310547 59.40275192260742
      vertex 3.8952083587646484 32.165245056152344 59.37342834472656
    endloop
  endfacet
  facet normal -0.18137846887111664 0.6503375172615051 0.7376740574836731
    outer loop
      vertex 4.600431442260742 32.67675018310547 59.40275192260742
      vertex 3.8469200134277344 31.2519588470459 60.47358322143555
      vertex 5.170221328735352 31.771549224853516 60.34088134765625
    endloop
  endfacet
  facet normal -0.14283977448940277 0.6674754023551941 0.7308033108711243
    outer loop
      vertex 5.170221328735352 31.771549224853516 60.34088134765625
      vertex 5.950876235961914 33.2578125 59.13599395751953
      vertex 4.600431442260742 32.67675018310547 59.40275192260742
    endloop
  endfacet
  facet normal -0.9697045683860779 0.1366790533065796 -0.20246465504169464
    outer loop
      vertex 2.735708236694336 28.971176147460938 59.21023941040039
      vertex 2.489297866821289 27.710519790649414 59.53938293457031
      vertex 2.4536685943603516 28.253982543945312 60.076908111572266
    endloop
  endfacet
  facet normal -0.9698664546012878 0.16675536334514618 -0.17762833833694458
    outer loop
      vertex 2.4536685943603516 28.253982543945312 60.076908111572266
      vertex 2.7721405029296875 29.640949249267578 59.64009094238281
      vertex 2.735708236694336 28.971176147460938 59.21023941040039
    endloop
  endfacet
  facet normal -0.9765334129333496 0.19639085233211517 -0.08839143067598343
    outer loop
      vertex 2.7721405029296875 29.640949249267578 59.64009094238281
      vertex 2.4536685943603516 28.253982543945312 60.076908111572266
      vertex 2.507722854614258 28.72390365600586 60.52381134033203
    endloop
  endfacet
  facet normal -0.9673057198524475 0.2520807385444641 -0.027840467169880867
    outer loop
      vertex 2.507722854614258 28.72390365600586 60.52381134033203
      vertex 2.9075889587402344 30.201601028442383 60.01039505004883
      vertex 2.7721405029296875 29.640949249267578 59.64009094238281
    endloop
  endfacet
  facet normal -0.9330503344535828 0.3136797845363617 0.1761312037706375
    outer loop
      vertex 2.9075889587402344 30.201601028442383 60.01039505004883
      vertex 2.507722854614258 28.72390365600586 60.52381134033203
      vertex 2.7422142028808594 29.202999114990234 60.91278076171875
    endloop
  endfacet
  facet normal -0.8989198207855225 0.36619800329208374 0.24050398170948029
    outer loop
      vertex 2.7422142028808594 29.202999114990234 60.91278076171875
      vertex 3.2094764709472656 30.744606018066406 60.31195068359375
      vertex 2.9075889587402344 30.201601028442383 60.01039505004883
    endloop
  endfacet
  facet normal -0.666888952255249 0.4372881054878235 0.6033558249473572
    outer loop
      vertex 3.2094764709472656 30.744606018066406 60.31195068359375
      vertex 2.7422142028808594 29.202999114990234 60.91278076171875
      vertex 3.307037353515625 29.674442291259766 61.195396423339844
    endloop
  endfacet
  facet normal -0.5622077584266663 0.495402455329895 0.6621925234794617
    outer loop
      vertex 3.307037353515625 29.674442291259766 61.195396423339844
      vertex 3.8469200134277344 31.2519588470459 60.47358322143555
      vertex 3.2094764709472656 30.744606018066406 60.31195068359375
    endloop
  endfacet
  facet normal -0.19788870215415955 0.46304211020469666 0.8639630079269409
    outer loop
      vertex 3.8469200134277344 31.2519588470459 60.47358322143555
      vertex 3.307037353515625 29.674442291259766 61.195396423339844
      vertex 4.532144546508789 30.12743377685547 61.23322296142578
    endloop
  endfacet
  facet normal -0.11368215829133987 0.5076451897621155 0.8540332317352295
    outer loop
      vertex 4.532144546508789 30.12743377685547 61.23322296142578
      vertex 5.170221328735352 31.771549224853516 60.34088134765625
      vertex 3.8469200134277344 31.2519588470459 60.47358322143555
    endloop
  endfacet
  facet normal -0.9860994219779968 0.06742465496063232 -0.1518615484237671
    outer loop
      vertex 2.489297866821289 27.710519790649414 59.53938293457031
      vertex 2.3902645111083984 26.552345275878906 59.66823196411133
      vertex 2.3242321014404297 26.960031509399414 60.27801513671875
    endloop
  endfacet
  facet normal -0.986792802810669 0.07652071118354797 -0.14277446269989014
    outer loop
      vertex 2.3242321014404297 26.960031509399414 60.27801513671875
      vertex 2.4536685943603516 28.253982543945312 60.076908111572266
      vertex 2.489297866821289 27.710519790649414 59.53938293457031
    endloop
  endfacet
  facet normal -0.9922913312911987 0.08528666198253632 -0.0899120643734932
    outer loop
      vertex 2.4536685943603516 28.253982543945312 60.076908111572266
      vertex 2.3242321014404297 26.960031509399414 60.27801513671875
      vertex 2.3093032836914062 27.316471099853516 60.78087615966797
    endloop
  endfacet
  facet normal -0.9905176758766174 0.13550151884555817 -0.022674547508358955
    outer loop
      vertex 2.3093032836914062 27.316471099853516 60.78087615966797
      vertex 2.507722854614258 28.72390365600586 60.52381134033203
      vertex 2.4536685943603516 28.253982543945312 60.076908111572266
    endloop
  endfacet
  facet normal -0.9555714130401611 0.17767363786697388 0.23519204556941986
    outer loop
      vertex 2.507722854614258 28.72390365600586 60.52381134033203
      vertex 2.3093032836914062 27.316471099853516 60.78087615966797
      vertex 2.494935989379883 27.70901870727539 61.23854446411133
    endloop
  endfacet
  facet normal -0.9309998750686646 0.2179439514875412 0.29281342029571533
    outer loop
      vertex 2.494935989379883 27.70901870727539 61.23854446411133
      vertex 2.7422142028808594 29.202999114990234 60.91278076171875
      vertex 2.507722854614258 28.72390365600586 60.52381134033203
    endloop
  endfacet
  facet normal -0.6889363527297974 0.26143911480903625 0.6760298013687134
    outer loop
      vertex 2.7422142028808594 29.202999114990234 60.91278076171875
      vertex 2.494935989379883 27.70901870727539 61.23854446411133
      vertex 3.014883041381836 28.107646942138672 61.6142578125
    endloop
  endfacet
  facet normal -0.6189284920692444 0.30851197242736816 0.7223211526870728
    outer loop
      vertex 3.014883041381836 28.107646942138672 61.6142578125
      vertex 3.307037353515625 29.674442291259766 61.195396423339844
      vertex 2.7422142028808594 29.202999114990234 60.91278076171875
    endloop
  endfacet
  facet normal -0.23508219420909882 0.2917014956474304 0.9271713495254517
    outer loop
      vertex 3.307037353515625 29.674442291259766 61.195396423339844
      vertex 3.014883041381836 28.107646942138672 61.6142578125
      vertex 4.149412155151367 28.49858856201172 61.7789192199707
    endloop
  endfacet
  facet normal -0.15673281252384186 0.3466562330722809 0.9248049855232239
    outer loop
      vertex 4.149412155151367 28.49858856201172 61.7789192199707
      vertex 4.532144546508789 30.12743377685547 61.23322296142578
      vertex 3.307037353515625 29.674442291259766 61.195396423339844
    endloop
  endfacet
  facet normal -0.9931276440620422 -0.01050875335931778 -0.11656395345926285
    outer loop
      vertex 2.3902645111083984 26.552345275878906 59.66823196411133
      vertex 2.3993492126464844 25.531442642211914 59.68286895751953
      vertex 2.322002410888672 25.81798553466797 60.31603240966797
    endloop
  endfacet
  facet normal -0.9943010210990906 -0.0016072298167273402 -0.10659666359424591
    outer loop
      vertex 2.322002410888672 25.81798553466797 60.31603240966797
      vertex 2.3242321014404297 26.960031509399414 60.27801513671875
      vertex 2.3902645111083984 26.552345275878906 59.66823196411133
    endloop
  endfacet
  facet normal -0.9924986362457275 -0.0021314064506441355 -0.12223730236291885
    outer loop
      vertex 2.3242321014404297 26.960031509399414 60.27801513671875
      vertex 2.322002410888672 25.81798553466797 60.31603240966797
      vertex 2.256898880004883 26.06726837158203 60.84029006958008
    endloop
  endfacet
  facet normal -0.9975875616073608 0.0391215980052948 -0.05734643712639809
    outer loop
      vertex 2.256898880004883 26.06726837158203 60.84029006958008
      vertex 2.3093032836914062 27.316471099853516 60.78087615966797
      vertex 2.3242321014404297 26.960031509399414 60.27801513671875
    endloop
  endfacet
  facet normal -0.9673680663108826 0.05237200856208801 0.24790342152118683
    outer loop
      vertex 2.3093032836914062 27.316471099853516 60.78087615966797
      vertex 2.256898880004883 26.06726837158203 60.84029006958008
      vertex 2.4031314849853516 26.35464096069336 61.3502082824707
    endloop
  endfacet
  facet normal -0.9473463296890259 0.08956111967563629 0.30743107199668884
    outer loop
      vertex 2.4031314849853516 26.35464096069336 61.3502082824707
      vertex 2.494935989379883 27.70901870727539 61.23854446411133
      vertex 2.3093032836914062 27.316471099853516 60.78087615966797
    endloop
  endfacet
  facet normal -0.7001996040344238 0.10567612946033478 0.7060828804969788
    outer loop
      vertex 2.494935989379883 27.70901870727539 61.23854446411133
      vertex 2.4031314849853516 26.35464096069336 61.3502082824707
      vertex 2.907022476196289 26.66010093688965 61.80418395996094
    endloop
  endfacet
  facet normal -0.6506072878837585 0.14625267684459686 0.745198130607605
    outer loop
      vertex 2.907022476196289 26.66010093688965 61.80418395996094
      vertex 3.014883041381836 28.107646942138672 61.6142578125
      vertex 2.494935989379883 27.70901870727539 61.23854446411133
    endloop
  endfacet
  facet normal -0.2599884271621704 0.14463678002357483 0.9547178745269775
    outer loop
      vertex 3.014883041381836 28.107646942138672 61.6142578125
      vertex 2.907022476196289 26.66010093688965 61.80418395996094
      vertex 3.980997085571289 26.96923065185547 62.0498161315918
    endloop
  endfacet
  facet normal -0.20562399923801422 0.19259949028491974 0.9594917297363281
    outer loop
      vertex 3.980997085571289 26.96923065185547 62.0498161315918
      vertex 4.149412155151367 28.49858856201172 61.7789192199707
      vertex 3.014883041381836 28.107646942138672 61.6142578125
    endloop
  endfacet
  facet normal -0.993129551410675 -0.07443107664585114 -0.09029780328273773
    outer loop
      vertex 2.3993492126464844 25.531442642211914 59.68286895751953
      vertex 2.4725990295410156 24.72206687927246 59.544395446777344
      vertex 2.3994274139404297 24.847332000732422 60.24591064453125
    endloop
  endfacet
  facet normal -0.9934185147285461 -0.0728558599948883 -0.08838383108377457
    outer loop
      vertex 2.3994274139404297 24.847332000732422 60.24591064453125
      vertex 2.322002410888672 25.81798553466797 60.31603240966797
      vertex 2.3993492126464844 25.531442642211914 59.68286895751953
    endloop
  endfacet
  facet normal -0.9813553094863892 -0.06521736085414886 -0.1807994693517685
    outer loop
      vertex 2.322002410888672 25.81798553466797 60.31603240966797
      vertex 2.3994274139404297 24.847332000732422 60.24591064453125
      vertex 2.288206100463867 24.99762725830078 60.79539108276367
    endloop
  endfacet
  facet normal -0.9934346675872803 -0.024385027587413788 -0.11177201569080353
    outer loop
      vertex 2.288206100463867 24.99762725830078 60.79539108276367
      vertex 2.256898880004883 26.06726837158203 60.84029006958008
      vertex 2.322002410888672 25.81798553466797 60.31603240966797
    endloop
  endfacet
  facet normal -0.963862419128418 -0.03927139192819595 0.2634902000427246
    outer loop
      vertex 2.256898880004883 26.06726837158203 60.84029006958008
      vertex 2.288206100463867 24.99762725830078 60.79539108276367
      vertex 2.4186458587646484 25.190645217895508 61.30131530761719
    endloop
  endfacet
  facet normal -0.9571540951728821 -0.024876117706298828 0.28850871324539185
    outer loop
      vertex 2.4186458587646484 25.190645217895508 61.30131530761719
      vertex 2.4031314849853516 26.35464096069336 61.3502082824707
      vertex 2.256898880004883 26.06726837158203 60.84029006958008
    endloop
  endfacet
  facet normal -0.7157508730888367 -0.03882857412099838 0.6972754001617432
    outer loop
      vertex 2.4031314849853516 26.35464096069336 61.3502082824707
      vertex 2.4186458587646484 25.190645217895508 61.30131530761719
      vertex 2.9108829498291016 25.38053321838379 61.817169189453125
    endloop
  endfacet
  facet normal -0.6711779832839966 0.005497616715729237 0.7412759065628052
    outer loop
      vertex 2.9108829498291016 25.38053321838379 61.817169189453125
      vertex 2.907022476196289 26.66010093688965 61.80418395996094
      vertex 2.4031314849853516 26.35464096069336 61.3502082824707
    endloop
  endfacet
  facet normal -0.28544414043426514 0.008864323608577251 0.9583543539047241
    outer loop
      vertex 2.907022476196289 26.66010093688965 61.80418395996094
      vertex 2.9108829498291016 25.38053321838379 61.817169189453125
      vertex 3.969755172729492 25.58295249938965 62.130680084228516
    endloop
  endfacet
  facet normal -0.23854030668735504 0.0584794320166111 0.9693702459335327
    outer loop
      vertex 3.969755172729492 25.58295249938965 62.130680084228516
      vertex 3.980997085571289 26.96923065185547 62.0498161315918
      vertex 2.907022476196289 26.66010093688965 61.80418395996094
    endloop
  endfacet
  facet normal -0.9922741651535034 -0.09668039530515671 -0.07774876058101654
    outer loop
      vertex 2.4725990295410156 24.72206687927246 59.544395446777344
      vertex 2.5565738677978516 24.054967880249023 59.30219650268555
      vertex 2.501953125 24.052749633789062 60.00205612182617
    endloop
  endfacet
  facet normal -0.9911547303199768 -0.10173715651035309 -0.08521594107151031
    outer loop
      vertex 2.501953125 24.052749633789062 60.00205612182617
      vertex 2.3994274139404297 24.847332000732422 60.24591064453125
      vertex 2.4725990295410156 24.72206687927246 59.544395446777344
    endloop
  endfacet
  facet normal -0.9732404351234436 -0.05728286877274513 -0.2225351482629776
    outer loop
      vertex 2.3994274139404297 24.847332000732422 60.24591064453125
      vertex 2.501953125 24.052749633789062 60.00205612182617
      vertex 2.369630813598633 24.119409561157227 60.5635986328125
    endloop
  endfacet
  facet normal -0.9814261794090271 -0.041563019156455994 -0.18728379905223846
    outer loop
      vertex 2.369630813598633 24.119409561157227 60.5635986328125
      vertex 2.288206100463867 24.99762725830078 60.79539108276367
      vertex 2.3994274139404297 24.847332000732422 60.24591064453125
    endloop
  endfacet
  facet normal -0.9787240624427795 -0.13216619193553925 0.156943678855896
    outer loop
      vertex 2.288206100463867 24.99762725830078 60.79539108276367
      vertex 2.369630813598633 24.119409561157227 60.5635986328125
      vertex 2.4501800537109375 24.20024299621582 61.13398742675781
    endloop
  endfacet
  facet normal -0.9579276442527771 -0.077203169465065 0.2764315903186798
    outer loop
      vertex 2.4501800537109375 24.20024299621582 61.13398742675781
      vertex 2.4186458587646484 25.190645217895508 61.30131530761719
      vertex 2.288206100463867 24.99762725830078 60.79539108276367
    endloop
  endfacet
  facet normal -0.7574220895767212 -0.13214467465877533 0.6394134163856506
    outer loop
      vertex 2.4186458587646484 25.190645217895508 61.30131530761719
      vertex 2.4501800537109375 24.20024299621582 61.13398742675781
      vertex 2.9118404388427734 24.263168334960938 61.69385528564453
    endloop
  endfacet
  facet normal -0.7067222595214844 -0.07820678502321243 0.7031552791595459
    outer loop
      vertex 2.9118404388427734 24.263168334960938 61.69385528564453
      vertex 2.9108829498291016 25.38053321838379 61.817169189453125
      vertex 2.4186458587646484 25.190645217895508 61.30131530761719
    endloop
  endfacet
  facet normal -0.2805148661136627 -0.10552854090929031 0.9540309906005859
    outer loop
      vertex 2.9108829498291016 25.38053321838379 61.817169189453125
      vertex 2.9118404388427734 24.263168334960938 61.69385528564453
      vertex 4.029447555541992 24.37592315673828 62.03493881225586
    endloop
  endfacet
  facet normal -0.2670268416404724 -0.08931610733270645 0.9595412611961365
    outer loop
      vertex 4.029447555541992 24.37592315673828 62.03493881225586
      vertex 3.969755172729492 25.58295249938965 62.130680084228516
      vertex 2.9108829498291016 25.38053321838379 61.817169189453125
    endloop
  endfacet
  facet normal -0.9990514516830444 0.02511955425143242 -0.03556989133358002
    outer loop
      vertex 2.5565738677978516 24.054967880249023 59.30219650268555
      vertex 2.554454803466797 23.449386596679688 58.934051513671875
      vertex 2.5283031463623047 23.40811538696289 59.639427185058594
    endloop
  endfacet
  facet normal -0.9969645738601685 0.003012669738382101 -0.07779883593320847
    outer loop
      vertex 2.5283031463623047 23.40811538696289 59.639427185058594
      vertex 2.501953125 24.052749633789062 60.00205612182617
      vertex 2.5565738677978516 24.054967880249023 59.30219650268555
    endloop
  endfacet
  facet normal -0.9738861322402954 0.07976577430963516 -0.21256345510482788
    outer loop
      vertex 2.501953125 24.052749633789062 60.00205612182617
      vertex 2.5283031463623047 23.40811538696289 59.639427185058594
      vertex 2.4028396606445312 23.365711212158203 60.198341369628906
    endloop
  endfacet
  facet normal -0.9688642621040344 0.07209908217191696 -0.23686271905899048
    outer loop
      vertex 2.4028396606445312 23.365711212158203 60.198341369628906
      vertex 2.369630813598633 24.119409561157227 60.5635986328125
      vertex 2.501953125 24.052749633789062 60.00205612182617
    endloop
  endfacet
  facet normal -0.9895753264427185 -0.09573961049318314 0.10758480429649353
    outer loop
      vertex 2.369630813598633 24.119409561157227 60.5635986328125
      vertex 2.4028396606445312 23.365711212158203 60.198341369628906
      vertex 2.470172882080078 23.337909698486328 60.792938232421875
    endloop
  endfacet
  facet normal -0.9851164817810059 -0.08248241245746613 0.15080542862415314
    outer loop
      vertex 2.470172882080078 23.337909698486328 60.792938232421875
      vertex 2.4501800537109375 24.20024299621582 61.13398742675781
      vertex 2.369630813598633 24.119409561157227 60.5635986328125
    endloop
  endfacet
  facet normal -0.7619593143463135 -0.2533811330795288 0.5959999561309814
    outer loop
      vertex 2.4501800537109375 24.20024299621582 61.13398742675781
      vertex 2.470172882080078 23.337909698486328 60.792938232421875
      vertex 2.942506790161133 23.312034606933594 61.38579559326172
    endloop
  endfacet
  facet normal -0.7381678819656372 -0.2292916178703308 0.6344552636146545
    outer loop
      vertex 2.942506790161133 23.312034606933594 61.38579559326172
      vertex 2.9118404388427734 24.263168334960938 61.69385528564453
      vertex 2.4501800537109375 24.20024299621582 61.13398742675781
    endloop
  endfacet
  facet normal -0.34543490409851074 -0.2992221415042877 0.8894609808921814
    outer loop
      vertex 2.9118404388427734 24.263168334960938 61.69385528564453
      vertex 2.942506790161133 23.312034606933594 61.38579559326172
      vertex 4.013240814208984 23.30402183532715 61.79893493652344
    endloop
  endfacet
  facet normal -0.2669728100299835 -0.2033669799566269 0.9420018792152405
    outer loop
      vertex 4.013240814208984 23.30402183532715 61.79893493652344
      vertex 4.029447555541992 24.37592315673828 62.03493881225586
      vertex 2.9118404388427734 24.263168334960938 61.69385528564453
    endloop
  endfacet
  facet normal -0.9869027137756348 0.1589764505624771 0.027378283441066742
    outer loop
      vertex 2.554454803466797 23.449386596679688 58.934051513671875
      vertex 2.4538326263427734 22.901277542114258 58.48961639404297
      vertex 2.450826644897461 22.763477325439453 59.181419372558594
    endloop
  endfacet
  facet normal -0.9898455739021301 0.13925065100193024 -0.028550827875733376
    outer loop
      vertex 2.450826644897461 22.763477325439453 59.181419372558594
      vertex 2.5283031463623047 23.40811538696289 59.639427185058594
      vertex 2.554454803466797 23.449386596679688 58.934051513671875
    endloop
  endfacet
  facet normal -0.9659145474433899 0.216697096824646 -0.1416035145521164
    outer loop
      vertex 2.5283031463623047 23.40811538696289 59.639427185058594
      vertex 2.450826644897461 22.763477325439453 59.181419372558594
      vertex 2.3386363983154297 22.645950317382812 59.766845703125
    endloop
  endfacet
  facet normal -0.958188533782959 0.20509009063243866 -0.19953154027462006
    outer loop
      vertex 2.3386363983154297 22.645950317382812 59.766845703125
      vertex 2.4028396606445312 23.365711212158203 60.198341369628906
      vertex 2.5283031463623047 23.40811538696289 59.639427185058594
    endloop
  endfacet
  facet normal -0.9926229119300842 0.0165372584015131 0.12010957300662994
    outer loop
      vertex 2.4028396606445312 23.365711212158203 60.198341369628906
      vertex 2.3386363983154297 22.645950317382812 59.766845703125
      vertex 2.408212661743164 22.494503021240234 60.36269760131836
    endloop
  endfacet
  facet normal -0.9934540390968323 0.015231008641421795 0.1132126897573471
    outer loop
      vertex 2.408212661743164 22.494503021240234 60.36269760131836
      vertex 2.470172882080078 23.337909698486328 60.792938232421875
      vertex 2.4028396606445312 23.365711212158203 60.198341369628906
    endloop
  endfacet
  facet normal -0.7797741889953613 -0.23808670043945312 0.5790222883224487
    outer loop
      vertex 2.470172882080078 23.337909698486328 60.792938232421875
      vertex 2.408212661743164 22.494503021240234 60.36269760131836
      vertex 2.8687400817871094 22.360393524169922 60.92774963378906
    endloop
  endfacet
  facet normal -0.7660931348800659 -0.22956953942775726 0.6003326773643494
    outer loop
      vertex 2.8687400817871094 22.360393524169922 60.92774963378906
      vertex 2.942506790161133 23.312034606933594 61.38579559326172
      vertex 2.470172882080078 23.337909698486328 60.792938232421875
    endloop
  endfacet
  facet normal -0.35596248507499695 -0.3827459216117859 0.8525234460830688
    outer loop
      vertex 2.942506790161133 23.312034606933594 61.38579559326172
      vertex 2.8687400817871094 22.360393524169922 60.92774963378906
      vertex 3.955108642578125 22.298425674438477 61.35353088378906
    endloop
  endfacet
  facet normal -0.3375431001186371 -0.36482906341552734 0.8677352666854858
    outer loop
      vertex 3.955108642578125 22.298425674438477 61.35353088378906
      vertex 4.013240814208984 23.30402183532715 61.79893493652344
      vertex 2.942506790161133 23.312034606933594 61.38579559326172
    endloop
  endfacet
  facet normal -0.9547359943389893 0.27657684683799744 0.10947392880916595
    outer loop
      vertex 2.4538326263427734 22.901277542114258 58.48961639404297
      vertex 2.226430892944336 22.332658767700195 57.94298553466797
      vertex 2.2324867248535156 22.085920333862305 58.619163513183594
    endloop
  endfacet
  facet normal -0.9618806838989258 0.26897117495536804 0.04939684644341469
    outer loop
      vertex 2.2324867248535156 22.085920333862305 58.619163513183594
      vertex 2.450826644897461 22.763477325439453 59.181419372558594
      vertex 2.4538326263427734 22.901277542114258 58.48961639404297
    endloop
  endfacet
  facet normal -0.9493997693061829 0.31392282247543335 -0.00961968395859003
    outer loop
      vertex 2.450826644897461 22.763477325439453 59.181419372558594
      vertex 2.2324867248535156 22.085920333862305 58.619163513183594
      vertex 2.168954849243164 21.911922454833984 59.211204528808594
    endloop
  endfacet
  facet normal -0.9438328146934509 0.30825453996658325 -0.11899123340845108
    outer loop
      vertex 2.168954849243164 21.911922454833984 59.211204528808594
      vertex 2.3386363983154297 22.645950317382812 59.766845703125
      vertex 2.450826644897461 22.763477325439453 59.181419372558594
    endloop
  endfacet
  facet normal -0.976759135723114 0.07333443313837051 0.20140422880649567
    outer loop
      vertex 2.3386363983154297 22.645950317382812 59.766845703125
      vertex 2.168954849243164 21.911922454833984 59.211204528808594
      vertex 2.276582717895508 21.647573471069336 59.82942581176758
    endloop
  endfacet
  facet normal -0.9886311888694763 0.06979592144489288 0.1331801861524582
    outer loop
      vertex 2.276582717895508 21.647573471069336 59.82942581176758
      vertex 2.408212661743164 22.494503021240234 60.36269760131836
      vertex 2.3386363983154297 22.645950317382812 59.766845703125
    endloop
  endfacet
  facet normal -0.8311693668365479 -0.1979747712612152 0.5195801854133606
    outer loop
      vertex 2.408212661743164 22.494503021240234 60.36269760131836
      vertex 2.276582717895508 21.647573471069336 59.82942581176758
      vertex 2.69097900390625 21.356935501098633 60.381591796875
    endloop
  endfacet
  facet normal -0.7828328013420105 -0.18472065031528473 0.5941810011863708
    outer loop
      vertex 2.69097900390625 21.356935501098633 60.381591796875
      vertex 2.8687400817871094 22.360393524169922 60.92774963378906
      vertex 2.408212661743164 22.494503021240234 60.36269760131836
    endloop
  endfacet
  facet normal -0.3598043620586395 -0.39606180787086487 0.8447934985160828
    outer loop
      vertex 2.8687400817871094 22.360393524169922 60.92774963378906
      vertex 2.69097900390625 21.356935501098633 60.381591796875
      vertex 3.7530460357666016 21.210548400878906 60.76530456542969
    endloop
  endfacet
  facet normal -0.3549109697341919 -0.39280465245246887 0.8483766317367554
    outer loop
      vertex 3.7530460357666016 21.210548400878906 60.76530456542969
      vertex 3.955108642578125 22.298425674438477 61.35353088378906
      vertex 2.8687400817871094 22.360393524169922 60.92774963378906
    endloop
  endfacet
  facet normal -0.9330747723579407 0.3055102527141571 0.1898290067911148
    outer loop
      vertex 2.226430892944336 22.332658767700195 57.94298553466797
      vertex 1.8913688659667969 21.700881958007812 57.31282043457031
      vertex 1.9070930480957031 21.33904457092285 57.972450256347656
    endloop
  endfacet
  facet normal -0.9440588355064392 0.3069837987422943 0.12047385424375534
    outer loop
      vertex 1.9070930480957031 21.33904457092285 57.972450256347656
      vertex 2.2324867248535156 22.085920333862305 58.619163513183594
      vertex 2.226430892944336 22.332658767700195 57.94298553466797
    endloop
  endfacet
  facet normal -0.9423619508743286 0.3164507746696472 0.10868680477142334
    outer loop
      vertex 2.2324867248535156 22.085920333862305 58.619163513183594
      vertex 1.9070930480957031 21.33904457092285 57.972450256347656
      vertex 1.88671875 21.064956665039062 58.59382629394531
    endloop
  endfacet
  facet normal -0.9470760822296143 0.32092607021331787 -0.007312106434255838
    outer loop
      vertex 1.88671875 21.064956665039062 58.59382629394531
      vertex 2.168954849243164 21.911922454833984 59.211204528808594
      vertex 2.2324867248535156 22.085920333862305 58.619163513183594
    endloop
  endfacet
  facet normal -0.9499756693840027 0.1011766716837883 0.2954821288585663
    outer loop
      vertex 2.168954849243164 21.911922454833984 59.211204528808594
      vertex 1.88671875 21.064956665039062 58.59382629394531
      vertex 2.0396270751953125 20.68425941467285 59.215782165527344
    endloop
  endfacet
  facet normal -0.9715400338172913 0.10314170271158218 0.2132411003112793
    outer loop
      vertex 2.0396270751953125 20.68425941467285 59.215782165527344
      vertex 2.276582717895508 21.647573471069336 59.82942581176758
      vertex 2.168954849243164 21.911922454833984 59.211204528808594
    endloop
  endfacet
  facet normal -0.8100808262825012 -0.16004517674446106 0.5640521049499512
    outer loop
      vertex 2.276582717895508 21.647573471069336 59.82942581176758
      vertex 2.0396270751953125 20.68425941467285 59.215782165527344
      vertex 2.4884719848632812 20.284576416015625 59.74699783325195
    endloop
  endfacet
  facet normal -0.8282186985015869 -0.16121171414852142 0.5367163419723511
    outer loop
      vertex 2.4884719848632812 20.284576416015625 59.74699783325195
      vertex 2.69097900390625 21.356935501098633 60.381591796875
      vertex 2.276582717895508 21.647573471069336 59.82942581176758
    endloop
  endfacet
  facet normal -0.3550834059715271 -0.4255222678184509 0.8323741555213928
    outer loop
      vertex 2.69097900390625 21.356935501098633 60.381591796875
      vertex 2.4884719848632812 20.284576416015625 59.74699783325195
      vertex 3.5984153747558594 20.06838607788086 60.10997009277344
    endloop
  endfacet
  facet normal -0.35871824622154236 -0.4275352358818054 0.8297800421714783
    outer loop
      vertex 3.5984153747558594 20.06838607788086 60.10997009277344
      vertex 3.7530460357666016 21.210548400878906 60.76530456542969
      vertex 2.69097900390625 21.356935501098633 60.381591796875
    endloop
  endfacet
  facet normal -0.9200658202171326 0.29556146264076233 0.25714269280433655
    outer loop
      vertex 1.8913688659667969 21.700881958007812 57.31282043457031
      vertex 1.4869575500488281 21.03893280029297 56.626670837402344
      vertex 1.4988441467285156 20.525545120239258 57.25929260253906
    endloop
  endfacet
  facet normal -0.9340190887451172 0.30334025621414185 0.18866115808486938
    outer loop
      vertex 1.4988441467285156 20.525545120239258 57.25929260253906
      vertex 1.9070930480957031 21.33904457092285 57.972450256347656
      vertex 1.8913688659667969 21.700881958007812 57.31282043457031
    endloop
  endfacet
  facet normal -0.9355502128601074 0.27224200963974 0.2250114381313324
    outer loop
      vertex 1.9070930480957031 21.33904457092285 57.972450256347656
      vertex 1.4988441467285156 20.525545120239258 57.25929260253906
      vertex 1.5381546020507812 20.147815704345703 57.87975311279297
    endloop
  endfacet
  facet normal -0.9529341459274292 0.2876920700073242 0.09565472602844238
    outer loop
      vertex 1.5381546020507812 20.147815704345703 57.87975311279297
      vertex 1.88671875 21.064956665039062 58.59382629394531
      vertex 1.9070930480957031 21.33904457092285 57.972450256347656
    endloop
  endfacet
  facet normal -0.9444036483764648 0.12085732817649841 0.3057698607444763
    outer loop
      vertex 1.88671875 21.064956665039062 58.59382629394531
      vertex 1.5381546020507812 20.147815704345703 57.87975311279297
      vertex 1.6753692626953125 19.654207229614258 58.4986572265625
    endloop
  endfacet
  facet normal -0.9442986249923706 0.12081868946552277 0.30610930919647217
    outer loop
      vertex 1.6753692626953125 19.654207229614258 58.4986572265625
      vertex 2.0396270751953125 20.68425941467285 59.215782165527344
      vertex 1.88671875 21.064956665039062 58.59382629394531
    endloop
  endfacet
  facet normal -0.7764717936515808 -0.15129661560058594 0.6117196083068848
    outer loop
      vertex 2.0396270751953125 20.68425941467285 59.215782165527344
      vertex 1.6753692626953125 19.654207229614258 58.4986572265625
      vertex 2.1978836059570312 19.115530014038086 59.02866744995117
    endloop
  endfacet
  facet normal -0.8078547120094299 -0.14949901401996613 0.570106029510498
    outer loop
      vertex 2.1978836059570312 19.115530014038086 59.02866744995117
      vertex 2.4884719848632812 20.284576416015625 59.74699783325195
      vertex 2.0396270751953125 20.68425941467285 59.215782165527344
    endloop
  endfacet
  facet normal -0.3701016306877136 -0.41783425211906433 0.8297224640846252
    outer loop
      vertex 2.4884719848632812 20.284576416015625 59.74699783325195
      vertex 2.1978836059570312 19.115530014038086 59.02866744995117
      vertex 3.3864383697509766 18.825801849365234 59.412925720214844
    endloop
  endfacet
  facet normal -0.35467615723609924 -0.4106847643852234 0.8399660587310791
    outer loop
      vertex 3.3864383697509766 18.825801849365234 59.412925720214844
      vertex 3.5984153747558594 20.06838607788086 60.10997009277344
      vertex 2.4884719848632812 20.284576416015625 59.74699783325195
    endloop
  endfacet
  facet normal -0.9264886379241943 0.239993616938591 0.2898653447628021
    outer loop
      vertex 1.4869575500488281 21.03893280029297 56.626670837402344
      vertex 1.0481147766113281 20.34101104736328 55.80185317993164
      vertex 1.0874748229980469 19.870742797851562 56.3170166015625
    endloop
  endfacet
  facet normal -0.9380788803100586 0.26015713810920715 0.22874970734119415
    outer loop
      vertex 1.0874748229980469 19.870742797851562 56.3170166015625
      vertex 1.4988441467285156 20.525545120239258 57.25929260253906
      vertex 1.4869575500488281 21.03893280029297 56.626670837402344
    endloop
  endfacet
  facet normal -0.9413287043571472 0.18963183462619781 0.27917763590812683
    outer loop
      vertex 1.4988441467285156 20.525545120239258 57.25929260253906
      vertex 1.0874748229980469 19.870742797851562 56.3170166015625
      vertex 1.149200439453125 19.18103790283203 56.99362564086914
    endloop
  endfacet
  facet normal -0.9587175250053406 0.21183349192142487 0.18970322608947754
    outer loop
      vertex 1.149200439453125 19.18103790283203 56.99362564086914
      vertex 1.5381546020507812 20.147815704345703 57.87975311279297
      vertex 1.4988441467285156 20.525545120239258 57.25929260253906
    endloop
  endfacet
  facet normal -0.9361777305603027 0.059013690799474716 0.3465383052825928
    outer loop
      vertex 1.5381546020507812 20.147815704345703 57.87975311279297
      vertex 1.149200439453125 19.18103790283203 56.99362564086914
      vertex 1.3649787902832031 18.502527236938477 57.692100524902344
    endloop
  endfacet
  facet normal -0.9605324268341064 0.07040821015834808 0.26910990476608276
    outer loop
      vertex 1.3649787902832031 18.502527236938477 57.692100524902344
      vertex 1.6753692626953125 19.654207229614258 58.4986572265625
      vertex 1.5381546020507812 20.147815704345703 57.87975311279297
    endloop
  endfacet
  facet normal -0.7665757536888123 -0.2167312651872635 0.6044743657112122
    outer loop
      vertex 1.6753692626953125 19.654207229614258 58.4986572265625
      vertex 1.3649787902832031 18.502527236938477 57.692100524902344
      vertex 1.937997817993164 17.85811996459961 58.18773651123047
    endloop
  endfacet
  facet normal -0.7956761717796326 -0.21441327035427094 0.5665035247802734
    outer loop
      vertex 1.937997817993164 17.85811996459961 58.18773651123047
      vertex 2.1978836059570312 19.115530014038086 59.02866744995117
      vertex 1.6753692626953125 19.654207229614258 58.4986572265625
    endloop
  endfacet
  facet normal -0.4217747449874878 -0.4422036111354828 0.791556715965271
    outer loop
      vertex 2.1978836059570312 19.115530014038086 59.02866744995117
      vertex 1.937997817993164 17.85811996459961 58.18773651123047
      vertex 3.1426467895507812 17.469043731689453 58.612266540527344
    endloop
  endfacet
  facet normal -0.37038037180900574 -0.42182284593582153 0.8275771737098694
    outer loop
      vertex 3.1426467895507812 17.469043731689453 58.612266540527344
      vertex 3.3864383697509766 18.825801849365234 59.412925720214844
      vertex 2.1978836059570312 19.115530014038086 59.02866744995117
    endloop
  endfacet
  facet normal -0.9175910353660583 0.18886740505695343 0.34979408979415894
    outer loop
      vertex 1.0481147766113281 20.34101104736328 55.80185317993164
      vertex 0.5891380310058594 19.755416870117188 54.91403579711914
      vertex 0.6123943328857422 19.004920959472656 55.38026428222656
    endloop
  endfacet
  facet normal -0.9368603229522705 0.21966634690761566 0.2721019685268402
    outer loop
      vertex 0.6123943328857422 19.004920959472656 55.38026428222656
      vertex 1.0874748229980469 19.870742797851562 56.3170166015625
      vertex 1.0481147766113281 20.34101104736328 55.80185317993164
    endloop
  endfacet
  facet normal -0.9365837574005127 0.21200570464134216 0.2790422737598419
    outer loop
      vertex 1.0874748229980469 19.870742797851562 56.3170166015625
      vertex 0.6123943328857422 19.004920959472656 55.38026428222656
      vertex 0.5803585052490234 18.134876251220703 55.93376541137695
    endloop
  endfacet
  facet normal -0.9324489235877991 0.20703093707561493 0.29610341787338257
    outer loop
      vertex 0.5803585052490234 18.134876251220703 55.93376541137695
      vertex 1.149200439453125 19.18103790283203 56.99362564086914
      vertex 1.0874748229980469 19.870742797851562 56.3170166015625
    endloop
  endfacet
  facet normal -0.8984823822975159 0.04626078903675079 0.43656525015830994
    outer loop
      vertex 1.149200439453125 19.18103790283203 56.99362564086914
      vertex 0.5803585052490234 18.134876251220703 55.93376541137695
      vertex 0.8449230194091797 17.23497772216797 56.57361602783203
    endloop
  endfacet
  facet normal -0.9322549104690552 0.06911516189575195 0.35513919591903687
    outer loop
      vertex 0.8449230194091797 17.23497772216797 56.57361602783203
      vertex 1.3649787902832031 18.502527236938477 57.692100524902344
      vertex 1.149200439453125 19.18103790283203 56.99362564086914
    endloop
  endfacet
  facet normal -0.7700731158256531 -0.21427828073501587 0.6008928418159485
    outer loop
      vertex 1.3649787902832031 18.502527236938477 57.692100524902344
      vertex 0.8449230194091797 17.23497772216797 56.57361602783203
      vertex 1.489522933959961 16.546968460083008 57.15435791015625
    endloop
  endfacet
  facet normal -0.7660312056541443 -0.21533265709877014 0.6056632995605469
    outer loop
      vertex 1.489522933959961 16.546968460083008 57.15435791015625
      vertex 1.937997817993164 17.85811996459961 58.18773651123047
      vertex 1.3649787902832031 18.502527236938477 57.692100524902344
    endloop
  endfacet
  facet normal -0.44264358282089233 -0.4567630887031555 0.7716437578201294
    outer loop
      vertex 1.937997817993164 17.85811996459961 58.18773651123047
      vertex 1.489522933959961 16.546968460083008 57.15435791015625
      vertex 2.7708683013916016 16.01158905029297 57.57247543334961
    endloop
  endfacet
  facet normal -0.42282530665397644 -0.45235297083854675 0.7852360010147095
    outer loop
      vertex 2.7708683013916016 16.01158905029297 57.57247543334961
      vertex 3.1426467895507812 17.469043731689453 58.612266540527344
      vertex 1.937997817993164 17.85811996459961 58.18773651123047
    endloop
  endfacet
  facet normal -0.9171581864356995 0.18690365552902222 0.3519771099090576
    outer loop
      vertex 0.5891380310058594 19.755416870117188 54.91403579711914
      vertex 0.13427734375 19.191844940185547 54.028053283691406
      vertex 0.05886268615722656 18.27460479736328 54.318607330322266
    endloop
  endfacet
  facet normal -0.9179806709289551 0.18838219344615936 0.34903252124786377
    outer loop
      vertex 0.05886268615722656 18.27460479736328 54.318607330322266
      vertex 0.6123943328857422 19.004920959472656 55.38026428222656
      vertex 0.5891380310058594 19.755416870117188 54.91403579711914
    endloop
  endfacet
  facet normal -0.9187646508216858 0.2323131114244461 0.3192211091518402
    outer loop
      vertex 0.6123943328857422 19.004920959472656 55.38026428222656
      vertex 0.05886268615722656 18.27460479736328 54.318607330322266
      vertex -0.03673744201660156 17.286745071411133 54.76237106323242
    endloop
  endfacet
  facet normal -0.9197548627853394 0.2342255562543869 0.31494349241256714
    outer loop
      vertex -0.03673744201660156 17.286745071411133 54.76237106323242
      vertex 0.5803585052490234 18.134876251220703 55.93376541137695
      vertex 0.6123943328857422 19.004920959472656 55.38026428222656
    endloop
  endfacet
  facet normal -0.8799296021461487 -0.015602591447532177 0.47484779357910156
    outer loop
      vertex 0.5803585052490234 18.134876251220703 55.93376541137695
      vertex -0.03673744201660156 17.286745071411133 54.76237106323242
      vertex 0.31150054931640625 16.351633071899414 55.376956939697266
    endloop
  endfacet
  facet normal -0.9170276522636414 0.01380342897027731 0.39858466386795044
    outer loop
      vertex 0.31150054931640625 16.351633071899414 55.376956939697266
      vertex 0.8449230194091797 17.23497772216797 56.57361602783203
      vertex 0.5803585052490234 18.134876251220703 55.93376541137695
    endloop
  endfacet
  facet normal -0.7767137289047241 -0.2890618145465851 0.55960613489151
    outer loop
      vertex 0.8449230194091797 17.23497772216797 56.57361602783203
      vertex 0.31150054931640625 16.351633071899414 55.376956939697266
      vertex 1.0217113494873047 15.547375679016113 55.947269439697266
    endloop
  endfacet
  facet normal -0.7911351323127747 -0.2839416563510895 0.5417401194572449
    outer loop
      vertex 1.0217113494873047 15.547375679016113 55.947269439697266
      vertex 1.489522933959961 16.546968460083008 57.15435791015625
      vertex 0.8449230194091797 17.23497772216797 56.57361602783203
    endloop
  endfacet
  facet normal -0.5303270816802979 -0.5405221581459045 0.6531378626823425
    outer loop
      vertex 1.489522933959961 16.546968460083008 57.15435791015625
      vertex 1.0217113494873047 15.547375679016113 55.947269439697266
      vertex 2.310150146484375 14.77901554107666 56.35756301879883
    endloop
  endfacet
  facet normal -0.455371618270874 -0.5328248143196106 0.7132561802864075
    outer loop
      vertex 2.310150146484375 14.77901554107666 56.35756301879883
      vertex 2.7708683013916016 16.01158905029297 57.57247543334961
      vertex 1.489522933959961 16.546968460083008 57.15435791015625
    endloop
  endfacet
  facet normal -0.919661819934845 0.2262028157711029 0.3210209012031555
    outer loop
      vertex 0.13427734375 19.191844940185547 54.028053283691406
      vertex -0.3123912811279297 18.73453140258789 53.070674896240234
      vertex -0.5011844635009766 17.77305030822754 53.207313537597656
    endloop
  endfacet
  facet normal -0.9084852933883667 0.19224078953266144 0.3710768222808838
    outer loop
      vertex -0.5011844635009766 17.77305030822754 53.207313537597656
      vertex 0.05886268615722656 18.27460479736328 54.318607330322266
      vertex 0.13427734375 19.191844940185547 54.028053283691406
    endloop
  endfacet
  facet normal -0.9086519479751587 0.18258902430534363 0.3755168914794922
    outer loop
      vertex 0.05886268615722656 18.27460479736328 54.318607330322266
      vertex -0.5011844635009766 17.77305030822754 53.207313537597656
      vertex -0.5537910461425781 16.729429244995117 53.58746337890625
    endloop
  endfacet
  facet normal -0.9266781806945801 0.224943608045578 0.3011110723018646
    outer loop
      vertex -0.5537910461425781 16.729429244995117 53.58746337890625
      vertex -0.03673744201660156 17.286745071411133 54.76237106323242
      vertex 0.05886268615722656 18.27460479736328 54.318607330322266
    endloop
  endfacet
  facet normal -0.9049748182296753 -0.05090618506073952 0.42240872979164124
    outer loop
      vertex -0.03673744201660156 17.286745071411133 54.76237106323242
      vertex -0.5537910461425781 16.729429244995117 53.58746337890625
      vertex -0.2628135681152344 15.705591201782227 54.08747100830078
    endloop
  endfacet
  facet normal -0.9018116593360901 -0.05405857414007187 0.4287346303462982
    outer loop
      vertex -0.2628135681152344 15.705591201782227 54.08747100830078
      vertex 0.31150054931640625 16.351633071899414 55.376956939697266
      vertex -0.03673744201660156 17.286745071411133 54.76237106323242
    endloop
  endfacet
  facet normal -0.7970587015151978 -0.31717613339424133 0.5139033794403076
    outer loop
      vertex 0.31150054931640625 16.351633071899414 55.376956939697266
      vertex -0.2628135681152344 15.705591201782227 54.08747100830078
      vertex 0.3974628448486328 14.776588439941406 54.53818130493164
    endloop
  endfacet
  facet normal -0.7873188257217407 -0.3227309286594391 0.5253322124481201
    outer loop
      vertex 0.3974628448486328 14.776588439941406 54.53818130493164
      vertex 1.0217113494873047 15.547375679016113 55.947269439697266
      vertex 0.31150054931640625 16.351633071899414 55.376956939697266
    endloop
  endfacet
  facet normal -0.5984580516815186 -0.5609674453735352 0.5719820261001587
    outer loop
      vertex 1.0217113494873047 15.547375679016113 55.947269439697266
      vertex 0.3974628448486328 14.776588439941406 54.53818130493164
      vertex 1.628488540649414 13.863565444946289 54.930747985839844
    endloop
  endfacet
  facet normal -0.5375692248344421 -0.569259762763977 0.6220632791519165
    outer loop
      vertex 1.628488540649414 13.863565444946289 54.930747985839844
      vertex 2.310150146484375 14.77901554107666 56.35756301879883
      vertex 1.0217113494873047 15.547375679016113 55.947269439697266
    endloop
  endfacet
  facet normal -0.9244064092636108 0.2717444598674774 0.2676335871219635
    outer loop
      vertex -0.3123912811279297 18.73453140258789 53.070674896240234
      vertex -0.7053337097167969 18.367368698120117 52.08625411987305
      vertex -1.0225563049316406 17.343353271484375 52.030311584472656
    endloop
  endfacet
  facet normal -0.9184918999671936 0.22642463445663452 0.3241981565952301
    outer loop
      vertex -1.0225563049316406 17.343353271484375 52.030311584472656
      vertex -0.5011844635009766 17.77305030822754 53.207313537597656
      vertex -0.3123912811279297 18.73453140258789 53.070674896240234
    endloop
  endfacet
  facet normal -0.9213736057281494 0.1915174275636673 0.33821845054626465
    outer loop
      vertex -0.5011844635009766 17.77305030822754 53.207313537597656
      vertex -1.0225563049316406 17.343353271484375 52.030311584472656
      vertex -1.1779060363769531 16.220500946044922 52.24292755126953
    endloop
  endfacet
  facet normal -0.9166120886802673 0.17681096494197845 0.35855287313461304
    outer loop
      vertex -1.1779060363769531 16.220500946044922 52.24292755126953
      vertex -0.5537910461425781 16.729429244995117 53.58746337890625
      vertex -0.5011844635009766 17.77305030822754 53.207313537597656
    endloop
  endfacet
  facet normal -0.9080093502998352 0.006846104748547077 0.41889405250549316
    outer loop
      vertex -0.5537910461425781 16.729429244995117 53.58746337890625
      vertex -1.1779060363769531 16.220500946044922 52.24292755126953
      vertex -0.9993572235107422 15.196114540100098 52.646697998046875
    endloop
  endfacet
  facet normal -0.8863222002983093 -0.02610764093697071 0.4623325765132904
    outer loop
      vertex -0.9993572235107422 15.196114540100098 52.646697998046875
      vertex -0.2628135681152344 15.705591201782227 54.08747100830078
      vertex -0.5537910461425781 16.729429244995117 53.58746337890625
    endloop
  endfacet
  facet normal -0.7908830642700195 -0.3242856562137604 0.518982470035553
    outer loop
      vertex -0.2628135681152344 15.705591201782227 54.08747100830078
      vertex -0.9993572235107422 15.196114540100098 52.646697998046875
      vertex -0.37631988525390625 14.31041145324707 53.042720794677734
    endloop
  endfacet
  facet normal -0.7977089285850525 -0.318538099527359 0.5120486617088318
    outer loop
      vertex -0.37631988525390625 14.31041145324707 53.042720794677734
      vertex 0.3974628448486328 14.776588439941406 54.53818130493164
      vertex -0.2628135681152344 15.705591201782227 54.08747100830078
    endloop
  endfacet
  facet normal -0.5897995829582214 -0.6323302388191223 0.5022897720336914
    outer loop
      vertex 0.3974628448486328 14.776588439941406 54.53818130493164
      vertex -0.37631988525390625 14.31041145324707 53.042720794677734
      vertex 0.9346828460693359 13.35386848449707 53.3779411315918
    endloop
  endfacet
  facet normal -0.616159200668335 -0.6242873072624207 0.48022207617759705
    outer loop
      vertex 0.9346828460693359 13.35386848449707 53.3779411315918
      vertex 1.628488540649414 13.863565444946289 54.930747985839844
      vertex 0.3974628448486328 14.776588439941406 54.53818130493164
    endloop
  endfacet
  facet normal -0.9229015111923218 0.3078656494617462 0.2312391996383667
    outer loop
      vertex -0.7053337097167969 18.367368698120117 52.08625411987305
      vertex -1.0566978454589844 18.06119728088379 51.091548919677734
      vertex -1.4397506713867188 17.06777572631836 50.88535690307617
    endloop
  endfacet
  facet normal -0.9235028624534607 0.2712690830230713 0.271211177110672
    outer loop
      vertex -1.4397506713867188 17.06777572631836 50.88535690307617
      vertex -1.0225563049316406 17.343353271484375 52.030311584472656
      vertex -0.7053337097167969 18.367368698120117 52.08625411987305
    endloop
  endfacet
  facet normal -0.9317936301231384 0.22403913736343384 0.28559985756874084
    outer loop
      vertex -1.0225563049316406 17.343353271484375 52.030311584472656
      vertex -1.4397506713867188 17.06777572631836 50.88535690307617
      vertex -1.689931869506836 15.98277473449707 50.920249938964844
    endloop
  endfacet
  facet normal -0.926631510257721 0.18967023491859436 0.32462161779403687
    outer loop
      vertex -1.689931869506836 15.98277473449707 50.920249938964844
      vertex -1.1779060363769531 16.220500946044922 52.24292755126953
      vertex -1.0225563049316406 17.343353271484375 52.030311584472656
    endloop
  endfacet
  facet normal -0.9330561757087708 0.008758790791034698 0.3596240282058716
    outer loop
      vertex -1.1779060363769531 16.220500946044922 52.24292755126953
      vertex -1.689931869506836 15.98277473449707 50.920249938964844
      vertex -1.5908374786376953 14.999656677246094 51.201297760009766
    endloop
  endfacet
  facet normal -0.9249014854431152 -0.011414578184485435 0.38003554940223694
    outer loop
      vertex -1.5908374786376953 14.999656677246094 51.201297760009766
      vertex -0.9993572235107422 15.196114540100098 52.646697998046875
      vertex -1.1779060363769531 16.220500946044922 52.24292755126953
    endloop
  endfacet
  facet normal -0.8271375894546509 -0.4016687273979187 0.39307209849357605
    outer loop
      vertex -0.9993572235107422 15.196114540100098 52.646697998046875
      vertex -1.5908374786376953 14.999656677246094 51.201297760009766
      vertex -1.0181751251220703 14.133562088012695 51.52130889892578
    endloop
  endfacet
  facet normal -0.8251515626907349 -0.4038031995296478 0.39505425095558167
    outer loop
      vertex -1.0181751251220703 14.133562088012695 51.52130889892578
      vertex -0.37631988525390625 14.31041145324707 53.042720794677734
      vertex -0.9993572235107422 15.196114540100098 52.646697998046875
    endloop
  endfacet
  facet normal -0.590188205242157 -0.7347493767738342 0.3343968689441681
    outer loop
      vertex -0.37631988525390625 14.31041145324707 53.042720794677734
      vertex -1.0181751251220703 14.133562088012695 51.52130889892578
      vertex 0.24185562133789062 13.218938827514648 51.73553466796875
    endloop
  endfacet
  facet normal -0.6105718016624451 -0.7256722450256348 0.3171781301498413
    outer loop
      vertex 0.24185562133789062 13.218938827514648 51.73553466796875
      vertex 0.9346828460693359 13.35386848449707 53.3779411315918
      vertex -0.37631988525390625 14.31041145324707 53.042720794677734
    endloop
  endfacet
endsolid
