solid atrium
  facet normal -0.4028896987438202 -0.19369466602802277 -0.8945179581642151
    outer loop
      vertex -15.045394897460938 -4.981027603149414 66.18350219726562
      vertex -15.785369873046875 -5.162441253662109 66.55606842041016
      vertex -15.622747421264648 -4.45914888381958 66.33053588867188
    endloop
  endfacet
  facet normal -0.629673957824707 -0.10139348357915878 -0.770214319229126
    outer loop
      vertex -15.622747421264648 -4.45914888381958 66.33053588867188
      vertex -15.785369873046875 -5.162441253662109 66.55606842041016
      vertex -16.471128463745117 -4.782966613769531 67.06674194335938
    endloop
  endfacet
  facet normal -0.6661114692687988 0.053890373557806015 -0.7439027428627014
    outer loop
      vertex -15.622747421264648 -4.45914888381958 66.33053588867188
      vertex -16.471128463745117 -4.782966613769531 67.06674194335938
      vertex -16.2163143157959 -3.8598275184631348 66.90544891357422
    endloop
  endfacet
  facet normal -0.182980477809906 0.8319515585899353 -0.5238081216812134
    outer loop
      vertex -12.531076431274414 -2.4328207969665527 67.1458511352539
      vertex -13.014336585998535 -1.8404253721237183 68.25555419921875
      vertex -11.774554252624512 -1.8444606065750122 67.81605529785156
    endloop
  endfacet
  facet normal -0.14586809277534485 0.9084397554397583 -0.3917394280433655
    outer loop
      vertex -11.590526580810547 -1.3671064376831055 68.814697265625
      vertex -10.419577598571777 -1.0744597911834717 69.05732727050781
      vertex -10.619112968444824 -1.537543773651123 68.0577392578125
    endloop
  endfacet
  facet normal -0.24164167046546936 0.8979716897010803 -0.36777180433273315
    outer loop
      vertex -10.419577598571777 -1.0744597911834717 69.05732727050781
      vertex -9.414602279663086 -1.064734697341919 68.42076110839844
      vertex -10.619112968444824 -1.537543773651123 68.0577392578125
    endloop
  endfacet
  facet normal -0.19610145688056946 0.8605398535728455 -0.47012266516685486
    outer loop
      vertex -9.414602279663086 -1.064734697341919 68.42076110839844
      vertex -9.72651481628418 -1.8166773319244385 67.17446899414062
      vertex -10.619112968444824 -1.537543773651123 68.0577392578125
    endloop
  endfacet
  facet normal -0.5154362320899963 0.654926061630249 -0.552627682685852
    outer loop
      vertex -9.72651481628418 -1.8166773319244385 67.17446899414062
      vertex -8.71821403503418 -1.7533063888549805 66.30912780761719
      vertex -9.975266456604004 -2.909547805786133 66.1113052368164
    endloop
  endfacet
  facet normal -0.265537291765213 0.6592958569526672 -0.7034336924552917
    outer loop
      vertex -11.07204818725586 -2.3586347103118896 67.04167175292969
      vertex -9.975266456604004 -2.909547805786133 66.1113052368164
      vertex -11.789055824279785 -3.361356735229492 66.37252807617188
    endloop
  endfacet
  facet normal -0.08338360488414764 0.7936614155769348 -0.6026182770729065
    outer loop
      vertex -11.07204818725586 -2.3586347103118896 67.04167175292969
      vertex -12.531076431274414 -2.4328207969665527 67.1458511352539
      vertex -11.774554252624512 -1.8444606065750122 67.81605529785156
    endloop
  endfacet
  facet normal -0.08730164915323257 0.5954011082649231 -0.798671305179596
    outer loop
      vertex -11.07204818725586 -2.3586347103118896 67.04167175292969
      vertex -11.789055824279785 -3.361356735229492 66.37252807617188
      vertex -12.531076431274414 -2.4328207969665527 67.1458511352539
    endloop
  endfacet
  facet normal 0.022543005645275116 0.6503741145133972 -0.7592794895172119
    outer loop
      vertex -12.531076431274414 -2.4328207969665527 67.1458511352539
      vertex -11.789055824279785 -3.361356735229492 66.37252807617188
      vertex -13.332898139953613 -3.0366640090942383 66.60481262207031
    endloop
  endfacet
  facet normal -0.13177277147769928 0.7528116106987 -0.6449114084243774
    outer loop
      vertex -14.004644393920898 -2.4927117824554443 67.37702941894531
      vertex -12.531076431274414 -2.4328207969665527 67.1458511352539
      vertex -13.332898139953613 -3.0366640090942383 66.60481262207031
    endloop
  endfacet
  facet normal -0.018071135506033897 0.3446485102176666 -0.9385578036308289
    outer loop
      vertex -15.622747421264648 -4.45914888381958 66.33053588867188
      vertex -14.818214416503906 -3.372420310974121 66.71410369873047
      vertex -13.71435832977295 -4.743452548980713 66.18939208984375
    endloop
  endfacet
  facet normal -0.07479832321405411 -0.34538567066192627 -0.93547523021698
    outer loop
      vertex -14.732372283935547 -5.528298854827881 66.56056213378906
      vertex -13.71435832977295 -4.743452548980713 66.18939208984375
      vertex -13.441781997680664 -5.762581825256348 66.54386901855469
    endloop
  endfacet
  facet normal -0.37049561738967896 -0.7979360222816467 -0.4754272699356079
    outer loop
      vertex -14.732372283935547 -5.528298854827881 66.56056213378906
      vertex -14.255163192749023 -6.347219467163086 67.56311798095703
      vertex -15.80711555480957 -5.651677131652832 67.60517120361328
    endloop
  endfacet
  facet normal -0.6354486346244812 -0.6946625709533691 -0.33711862564086914
    outer loop
      vertex -15.80711555480957 -5.651677131652832 67.60517120361328
      vertex -16.471128463745117 -4.782966613769531 67.06674194335938
      vertex -15.785369873046875 -5.162441253662109 66.55606842041016
    endloop
  endfacet
  facet normal -0.45432284474372864 0.6374011039733887 0.6223428845405579
    outer loop
      vertex -12.792825698852539 -2.0365207195281982 71.72405242919922
      vertex -12.9081392288208 -2.9933557510375977 72.61985778808594
      vertex -11.444368362426758 -2.008300304412842 72.67955017089844
    endloop
  endfacet
  facet normal -0.42145299911499023 0.8351117372512817 0.35350501537323
    outer loop
      vertex -11.065240859985352 -2.4033360481262207 74.06477355957031
      vertex -10.418590545654297 -1.7233809232711792 73.22940826416016
      vertex -11.444368362426758 -2.008300304412842 72.67955017089844
    endloop
  endfacet
  facet normal -0.3205377757549286 0.8453332185745239 0.42739593982696533
    outer loop
      vertex -11.444368362426758 -2.008300304412842 72.67955017089844
      vertex -11.116615295410156 -1.3106369972229004 71.54547119140625
      vertex -12.792825698852539 -2.0365207195281982 71.72405242919922
    endloop
  endfacet
  facet normal -0.26478245854377747 0.9600643515586853 0.09037011861801147
    outer loop
      vertex -12.589221954345703 -1.3890788555145264 69.72245788574219
      vertex -13.042583465576172 -1.614884376525879 70.79300689697266
      vertex -12.098247528076172 -1.358581304550171 70.83700561523438
    endloop
  endfacet
  facet normal -0.25296932458877563 0.8540114164352417 0.4546107351779938
    outer loop
      vertex -12.098247528076172 -1.358581304550171 70.83700561523438
      vertex -13.042583465576172 -1.614884376525879 70.79300689697266
      vertex -12.792825698852539 -2.0365207195281982 71.72405242919922
    endloop
  endfacet
  facet normal -0.1642492264509201 0.973070502281189 0.1617286205291748
    outer loop
      vertex -11.116615295410156 -1.3106369972229004 71.54547119140625
      vertex -11.077643394470215 -1.0608209371566772 70.08198547363281
      vertex -12.098247528076172 -1.358581304550171 70.83700561523438
    endloop
  endfacet
  facet normal -0.22842377424240112 0.9707407355308533 0.07406143844127655
    outer loop
      vertex -11.077643394470215 -1.0608209371566772 70.08198547363281
      vertex -12.589221954345703 -1.3890788555145264 69.72245788574219
      vertex -12.098247528076172 -1.358581304550171 70.83700561523438
    endloop
  endfacet
  facet normal -0.1715974360704422 0.9712040424346924 -0.16527912020683289
    outer loop
      vertex -12.589221954345703 -1.3890788555145264 69.72245788574219
      vertex -11.077643394470215 -1.0608209371566772 70.08198547363281
      vertex -11.590526580810547 -1.3671064376831055 68.814697265625
    endloop
  endfacet
  facet normal -0.2262386977672577 0.9474990963935852 -0.22596783936023712
    outer loop
      vertex -13.014336585998535 -1.8404253721237183 68.25555419921875
      vertex -12.589221954345703 -1.3890788555145264 69.72245788574219
      vertex -11.590526580810547 -1.3671064376831055 68.814697265625
    endloop
  endfacet
  facet normal -0.21077020466327667 0.9662327170372009 -0.14822404086589813
    outer loop
      vertex -11.590526580810547 -1.3671064376831055 68.814697265625
      vertex -11.077643394470215 -1.0608209371566772 70.08198547363281
      vertex -10.419577598571777 -1.0744597911834717 69.05732727050781
    endloop
  endfacet
  facet normal -0.17705798149108887 0.9478394985198975 -0.2650487422943115
    outer loop
      vertex -10.419577598571777 -1.0744597911834717 69.05732727050781
      vertex -9.446260452270508 -0.7295259237289429 69.6406478881836
      vertex -9.414602279663086 -1.064734697341919 68.42076110839844
    endloop
  endfacet
  facet normal -0.4069584906101227 0.8235965967178345 -0.3950614333152771
    outer loop
      vertex -9.414602279663086 -1.064734697341919 68.42076110839844
      vertex -8.504929542541504 -1.0522104501724243 67.50980377197266
      vertex -9.72651481628418 -1.8166773319244385 67.17446899414062
    endloop
  endfacet
  facet normal -0.40138357877731323 0.82020103931427 -0.4076293408870697
    outer loop
      vertex -8.71821403503418 -1.7533063888549805 66.30912780761719
      vertex -9.72651481628418 -1.8166773319244385 67.17446899414062
      vertex -8.504929542541504 -1.0522104501724243 67.50980377197266
    endloop
  endfacet
  facet normal -0.5298173427581787 0.7700062990188599 -0.35550516843795776
    outer loop
      vertex -7.473881721496582 -0.7778966426849365 66.5673599243164
      vertex -8.71821403503418 -1.7533063888549805 66.30912780761719
      vertex -8.504929542541504 -1.0522104501724243 67.50980377197266
    endloop
  endfacet
  facet normal 0.3084869384765625 0.9186775088310242 -0.24671344459056854
    outer loop
      vertex 8.581592559814453 0.5769658088684082 67.36477661132812
      vertex 9.373669624328613 0.6589279174804688 68.6603775024414
      vertex 9.966287612915039 0.21650075912475586 67.7539291381836
    endloop
  endfacet
  facet normal 0.23810572922229767 0.9492244720458984 -0.2056177407503128
    outer loop
      vertex 7.926426887512207 0.9642322063446045 68.39389038085938
      vertex 9.373669624328613 0.6589279174804688 68.6603775024414
      vertex 8.581592559814453 0.5769658088684082 67.36477661132812
    endloop
  endfacet
  facet normal 0.41522151231765747 0.8843012452125549 -0.21354757249355316
    outer loop
      vertex 11.09070873260498 0.22218799591064453 69.75444030761719
      vertex 10.619908332824707 0.19376778602600098 68.72132873535156
      vertex 10.114521980285645 0.6866044998168945 69.77949523925781
    endloop
  endfacet
  facet normal 0.5364099740982056 0.7844382524490356 -0.3113214373588562
    outer loop
      vertex 10.999195098876953 0.5938162803649902 70.97078704833984
      vertex 11.698777198791504 0.6956882476806641 72.432861328125
      vertex 12.395169258117676 -0.08523845672607422 71.66504669189453
    endloop
  endfacet
  facet normal 0.5536695718765259 0.7801300883293152 -0.29128551483154297
    outer loop
      vertex 12.395169258117676 -0.08523845672607422 71.66504669189453
      vertex 11.698777198791504 0.6956882476806641 72.432861328125
      vertex 13.00904369354248 -0.04267382621765137 72.94588470458984
    endloop
  endfacet
  facet normal 0.6111304759979248 0.7252786755561829 -0.3170022964477539
    outer loop
      vertex 13.42767333984375 -0.7615429162979126 72.10821533203125
      vertex 12.395169258117676 -0.08523845672607422 71.66504669189453
      vertex 13.00904369354248 -0.04267382621765137 72.94588470458984
    endloop
  endfacet
  facet normal 0.6051984429359436 0.7511079907417297 -0.2637646496295929
    outer loop
      vertex 13.104433059692383 -0.9336724281311035 70.87638854980469
      vertex 12.395169258117676 -0.08523845672607422 71.66504669189453
      vertex 13.42767333984375 -0.7615429162979126 72.10821533203125
    endloop
  endfacet
  facet normal 0.6834238171577454 0.6766937375068665 -0.273893266916275
    outer loop
      vertex 14.311299324035645 -1.8270527124404907 71.68055725097656
      vertex 13.104433059692383 -0.9336724281311035 70.87638854980469
      vertex 13.42767333984375 -0.7615429162979126 72.10821533203125
    endloop
  endfacet
  facet normal 0.603853702545166 0.7701833844184875 -0.20537318289279938
    outer loop
      vertex 13.104433059692383 -0.9336724281311035 70.87638854980469
      vertex 12.617385864257812 -0.8843988180160522 69.62911987304688
      vertex 12.015217781066895 -0.2228614091873169 70.3394546508789
    endloop
  endfacet
  facet normal 0.6054542660713196 0.7596864700317383 -0.23727978765964508
    outer loop
      vertex 12.617385864257812 -0.8843988180160522 69.62911987304688
      vertex 12.492467880249023 -1.1763737201690674 68.37557220458984
      vertex 11.68871021270752 -0.3692817687988281 68.90869140625
    endloop
  endfacet
  facet normal 0.5960272550582886 0.7735937833786011 -0.21518395841121674
    outer loop
      vertex 12.617385864257812 -0.8843988180160522 69.62911987304688
      vertex 11.68871021270752 -0.3692817687988281 68.90869140625
      vertex 12.015217781066895 -0.2228614091873169 70.3394546508789
    endloop
  endfacet
  facet normal 0.5266664028167725 0.8250765800476074 -0.20462405681610107
    outer loop
      vertex 11.68871021270752 -0.3692817687988281 68.90869140625
      vertex 11.09070873260498 0.22218799591064453 69.75444030761719
      vertex 12.015217781066895 -0.2228614091873169 70.3394546508789
    endloop
  endfacet
  facet normal 0.48513808846473694 0.8396525979042053 -0.2441810965538025
    outer loop
      vertex 11.68871021270752 -0.3692817687988281 68.90869140625
      vertex 10.619908332824707 0.19376778602600098 68.72132873535156
      vertex 11.09070873260498 0.22218799591064453 69.75444030761719
    endloop
  endfacet
  facet normal 0.5896078944206238 0.7627160549163818 -0.2657569944858551
    outer loop
      vertex 11.267815589904785 -0.5332527160644531 67.50430297851562
      vertex 11.68871021270752 -0.3692817687988281 68.90869140625
      vertex 12.492467880249023 -1.1763737201690674 68.37557220458984
    endloop
  endfacet
  facet normal -0.06608673185110092 -0.9913386702537537 -0.11349116265773773
    outer loop
      vertex 0.8795329332351685 -10.154631614685059 67.41722869873047
      vertex 0.5440118312835693 -10.257357597351074 68.5099105834961
      vertex -0.5565221309661865 -10.08987808227539 67.68783569335938
    endloop
  endfacet
  facet normal 0.8781734108924866 0.3561391532421112 -0.31933748722076416
    outer loop
      vertex 13.27327823638916 -2.1604502201080322 68.24568939208984
      vertex 14.023465156555176 -3.5561938285827637 68.7520980834961
      vertex 13.19467544555664 -2.829349994659424 67.2835464477539
    endloop
  endfacet
  facet normal 0.21133777499198914 -0.9568400382995605 -0.19948329031467438
    outer loop
      vertex 6.803403854370117 -9.54166030883789 67.65266418457031
      vertex 5.984502792358398 -9.923425674438477 68.61627197265625
      vertex 5.103463649749756 -9.890177726745605 67.52339935302734
    endloop
  endfacet
  facet normal 0.31786924600601196 -0.9316816329956055 -0.17586496472358704
    outer loop
      vertex 9.21882438659668 -8.882282257080078 68.12967681884766
      vertex 7.706223487854004 -9.554258346557617 68.95564270019531
      vertex 8.043516159057617 -9.192644119262695 67.6495590209961
    endloop
  endfacet
  facet normal 0.24241863191127777 -0.9500964879989624 -0.19634167850017548
    outer loop
      vertex 6.559497833251953 -9.926322937011719 69.34022521972656
      vertex 5.984502792358398 -9.923425674438477 68.61627197265625
      vertex 7.706223487854004 -9.554258346557617 68.95564270019531
    endloop
  endfacet
  facet normal -0.28077277541160583 0.9449697136878967 -0.1679254025220871
    outer loop
      vertex -4.714422225952148 0.5380146503448486 66.2586898803711
      vertex -3.9036474227905273 0.9228348731994629 67.06857299804688
      vertex -3.170719623565674 0.9738361835479736 66.13011169433594
    endloop
  endfacet
  facet normal -0.17591072618961334 -0.31671199202537537 -0.9320670366287231
    outer loop
      vertex -10.48398494720459 -4.960559844970703 65.87570190429688
      vertex -10.230563163757324 -5.899496078491211 66.14691925048828
      vertex -11.835357666015625 -5.5979413986206055 66.34732818603516
    endloop
  endfacet
  facet normal -0.023523632436990738 -0.6633425951004028 -0.7479460835456848
    outer loop
      vertex -13.441781997680664 -5.762581825256348 66.54386901855469
      vertex -11.835357666015625 -5.5979413986206055 66.34732818603516
      vertex -12.662253379821777 -6.40606689453125 67.09004974365234
    endloop
  endfacet
  facet normal -0.07888534665107727 -0.3462506830692291 -0.9348195195198059
    outer loop
      vertex -13.441781997680664 -5.762581825256348 66.54386901855469
      vertex -13.71435832977295 -4.743452548980713 66.18939208984375
      vertex -11.835357666015625 -5.5979413986206055 66.34732818603516
    endloop
  endfacet
  facet normal -0.011157781817018986 -0.2054135501384735 -0.9786116480827332
    outer loop
      vertex -11.835357666015625 -5.5979413986206055 66.34732818603516
      vertex -13.71435832977295 -4.743452548980713 66.18939208984375
      vertex -11.898279190063477 -4.444678783416748 66.10597229003906
    endloop
  endfacet
  facet normal -0.23169945180416107 -0.21136365830898285 -0.9495477080345154
    outer loop
      vertex -11.898279190063477 -4.444678783416748 66.10597229003906
      vertex -10.48398494720459 -4.960559844970703 65.87570190429688
      vertex -11.835357666015625 -5.5979413986206055 66.34732818603516
    endloop
  endfacet
  facet normal -0.1671847105026245 -0.018334006890654564 -0.9857551455497742
    outer loop
      vertex -11.898279190063477 -4.444678783416748 66.10597229003906
      vertex -10.539663314819336 -4.016379356384277 65.86758422851562
      vertex -10.48398494720459 -4.960559844970703 65.87570190429688
    endloop
  endfacet
  facet normal -0.21105581521987915 0.31162741780281067 -0.926468551158905
    outer loop
      vertex -11.789055824279785 -3.361356735229492 66.37252807617188
      vertex -9.975266456604004 -2.909547805786133 66.1113052368164
      vertex -10.539663314819336 -4.016379356384277 65.86758422851562
    endloop
  endfacet
  facet normal -0.04990702122449875 0.4131956398487091 -0.909273624420166
    outer loop
      vertex -11.789055824279785 -3.361356735229492 66.37252807617188
      vertex -13.115538597106934 -3.776869297027588 66.25651550292969
      vertex -13.332898139953613 -3.0366640090942383 66.60481262207031
    endloop
  endfacet
  facet normal 0.01041399221867323 0.23792457580566406 -0.9712278246879578
    outer loop
      vertex -11.789055824279785 -3.361356735229492 66.37252807617188
      vertex -11.898279190063477 -4.444678783416748 66.10597229003906
      vertex -13.115538597106934 -3.776869297027588 66.25651550292969
    endloop
  endfacet
  facet normal -0.24449747800827026 0.25484925508499146 -0.9355601668357849
    outer loop
      vertex -11.898279190063477 -4.444678783416748 66.10597229003906
      vertex -11.789055824279785 -3.361356735229492 66.37252807617188
      vertex -10.539663314819336 -4.016379356384277 65.86758422851562
    endloop
  endfacet
  facet normal -0.06336444616317749 0.10815197974443436 -0.9921129941940308
    outer loop
      vertex -13.71435832977295 -4.743452548980713 66.18939208984375
      vertex -13.115538597106934 -3.776869297027588 66.25651550292969
      vertex -11.898279190063477 -4.444678783416748 66.10597229003906
    endloop
  endfacet
  facet normal -0.13336651027202606 -0.8111979365348816 -0.5693603754043579
    outer loop
      vertex -11.981939315795898 -6.974119663238525 67.74002838134766
      vertex -12.662253379821777 -6.40606689453125 67.09004974365234
      vertex -11.232526779174805 -6.538690090179443 66.94410705566406
    endloop
  endfacet
  facet normal -0.3919411301612854 -0.6865189075469971 -0.6124328374862671
    outer loop
      vertex -9.915719985961914 -6.794661521911621 66.68688201904297
      vertex -9.381916046142578 -7.707054615020752 67.36802673339844
      vertex -10.867498397827148 -7.394325256347656 67.96820068359375
    endloop
  endfacet
  facet normal -0.36366337537765503 -0.8997218012809753 -0.24134959280490875
    outer loop
      vertex -6.688068389892578 -9.463964462280273 68.66905975341797
      vertex -8.076553344726562 -8.721979141235352 67.99518585205078
      vertex -6.928008079528809 -9.150672912597656 67.86268615722656
    endloop
  endfacet
  facet normal -0.3422197699546814 -0.8963581323623657 -0.2818295359611511
    outer loop
      vertex -8.076553344726562 -8.721979141235352 67.99518585205078
      vertex -6.688068389892578 -9.463964462280273 68.66905975341797
      vertex -8.295595169067383 -9.133241653442383 69.56918334960938
    endloop
  endfacet
  facet normal -0.2751145660877228 -0.9589840173721313 0.06827588379383087
    outer loop
      vertex -11.556734085083008 -7.6225786209106445 71.07101440429688
      vertex -12.559178352355957 -7.404553413391113 70.09403228759766
      vertex -11.1824369430542 -7.836180686950684 69.57903289794922
    endloop
  endfacet
  facet normal -0.2173754721879959 -0.9719061255455017 -0.09025797992944717
    outer loop
      vertex -12.559178352355957 -7.404553413391113 70.09403228759766
      vertex -13.18763542175293 -7.1805596351623535 69.19561004638672
      vertex -12.115044593811035 -7.388796806335449 68.85472106933594
    endloop
  endfacet
  facet normal -0.17451021075248718 -0.7853428721427917 -0.5939552783966064
    outer loop
      vertex -11.232526779174805 -6.538690090179443 66.94410705566406
      vertex -10.867498397827148 -7.394325256347656 67.96820068359375
      vertex -11.981939315795898 -6.974119663238525 67.74002838134766
    endloop
  endfacet
  facet normal -0.2624930143356323 -0.893719494342804 -0.3638170659542084
    outer loop
      vertex -11.981939315795898 -6.974119663238525 67.74002838134766
      vertex -10.867498397827148 -7.394325256347656 67.96820068359375
      vertex -12.115044593811035 -7.388796806335449 68.85472106933594
    endloop
  endfacet
  facet normal -0.16203539073467255 -0.9183824062347412 -0.3609963357448578
    outer loop
      vertex -12.115044593811035 -7.388796806335449 68.85472106933594
      vertex -13.038743019104004 -6.956226825714111 68.16886138916016
      vertex -11.981939315795898 -6.974119663238525 67.74002838134766
    endloop
  endfacet
  facet normal -0.2181532233953476 -0.8364765048027039 -0.5027089715003967
    outer loop
      vertex -12.662253379821777 -6.40606689453125 67.09004974365234
      vertex -11.981939315795898 -6.974119663238525 67.74002838134766
      vertex -13.038743019104004 -6.956226825714111 68.16886138916016
    endloop
  endfacet
  facet normal -0.6273056268692017 -0.7781174778938293 -0.03194989636540413
    outer loop
      vertex -15.992321014404297 -5.565515518188477 69.14309692382812
      vertex -15.80711555480957 -5.651677131652832 67.60517120361328
      vertex -15.037946701049805 -6.325599670410156 68.91619110107422
    endloop
  endfacet
  facet normal -0.8068735599517822 -0.5116804242134094 0.2951917052268982
    outer loop
      vertex -15.838323593139648 -5.152284622192383 70.28031921386719
      vertex -16.42603874206543 -4.77238655090332 69.3323745727539
      vertex -15.992321014404297 -5.565515518188477 69.14309692382812
    endloop
  endfacet
  facet normal -0.8442138433456421 -0.5047175884246826 0.18045257031917572
    outer loop
      vertex -16.59417152404785 -4.883118629455566 68.236083984375
      vertex -15.992321014404297 -5.565515518188477 69.14309692382812
      vertex -16.42603874206543 -4.77238655090332 69.3323745727539
    endloop
  endfacet
  facet normal -0.8613221645355225 -0.08094903081655502 0.5015690326690674
    outer loop
      vertex -15.838323593139648 -5.152284622192383 70.28031921386719
      vertex -16.043563842773438 -4.041931629180908 70.10707092285156
      vertex -16.42603874206543 -4.77238655090332 69.3323745727539
    endloop
  endfacet
  facet normal -0.6581290364265442 0.6571113467216492 0.36751997470855713
    outer loop
      vertex -11.065240859985352 -2.4033360481262207 74.06477355957031
      vertex -11.444368362426758 -2.008300304412842 72.67955017089844
      vertex -12.1011962890625 -3.066676139831543 73.39568328857422
    endloop
  endfacet
  facet normal -0.4778377413749695 0.6760672926902771 0.5608958601951599
    outer loop
      vertex -12.1011962890625 -3.066676139831543 73.39568328857422
      vertex -11.444368362426758 -2.008300304412842 72.67955017089844
      vertex -12.9081392288208 -2.9933557510375977 72.61985778808594
    endloop
  endfacet
  facet normal -0.4516563415527344 0.6381639242172241 0.6235009431838989
    outer loop
      vertex -14.269193649291992 -3.124070167541504 71.76771545410156
      vertex -12.9081392288208 -2.9933557510375977 72.61985778808594
      vertex -12.792825698852539 -2.0365207195281982 71.72405242919922
    endloop
  endfacet
  facet normal -0.462281197309494 0.6516969203948975 0.6013211607933044
    outer loop
      vertex -12.792825698852539 -2.0365207195281982 71.72405242919922
      vertex -14.048980712890625 -2.196161985397339 70.93136596679688
      vertex -14.269193649291992 -3.124070167541504 71.76771545410156
    endloop
  endfacet
  facet normal -0.41018566489219666 0.8527591228485107 0.3233412206172943
    outer loop
      vertex -9.629247665405273 -1.0535180568695068 72.46410369873047
      vertex -11.444368362426758 -2.008300304412842 72.67955017089844
      vertex -10.418590545654297 -1.7233809232711792 73.22940826416016
    endloop
  endfacet
  facet normal -0.38954684138298035 0.8304343223571777 0.39828652143478394
    outer loop
      vertex -11.116615295410156 -1.3106369972229004 71.54547119140625
      vertex -11.444368362426758 -2.008300304412842 72.67955017089844
      vertex -9.629247665405273 -1.0535180568695068 72.46410369873047
    endloop
  endfacet
  facet normal -0.28309154510498047 0.938945472240448 0.19555209577083588
    outer loop
      vertex -9.629247665405273 -1.0535180568695068 72.46410369873047
      vertex -9.708794593811035 -0.7735641002655029 71.00474548339844
      vertex -11.116615295410156 -1.3106369972229004 71.54547119140625
    endloop
  endfacet
  facet normal -0.20083454251289368 0.9795999526977539 -0.0070274509489536285
    outer loop
      vertex -11.077643394470215 -1.0608209371566772 70.08198547363281
      vertex -9.708794593811035 -0.7735641002655029 71.00474548339844
      vertex -9.446260452270508 -0.7295259237289429 69.6406478881836
    endloop
  endfacet
  facet normal -0.4841928482055664 0.8497605919837952 -0.20848123729228973
    outer loop
      vertex -6.206002235412598 -0.08057022094726562 66.46501159667969
      vertex -7.473881721496582 -0.7778966426849365 66.5673599243164
      vertex -7.135542869567871 -0.29474031925201416 67.75090026855469
    endloop
  endfacet
  facet normal -0.33108285069465637 0.936733067035675 -0.11364620923995972
    outer loop
      vertex -3.9036474227905273 0.9228348731994629 67.06857299804688
      vertex -4.714422225952148 0.5380146503448486 66.2586898803711
      vertex -5.612586975097656 0.40131616592407227 67.74855041503906
    endloop
  endfacet
  facet normal -0.3169925808906555 0.9475434422492981 -0.04095466807484627
    outer loop
      vertex -4.905586242675781 0.7815158367156982 68.5676498413086
      vertex -5.528852939605713 0.6055130958557129 69.31971740722656
      vertex -3.908539295196533 1.145477294921875 69.27117919921875
    endloop
  endfacet
  facet normal -0.2235226333141327 0.9595645070075989 -0.1710953414440155
    outer loop
      vertex -3.6467838287353516 1.4140331745147705 70.80533599853516
      vertex -2.570895195007324 1.7187228202819824 71.10858154296875
      vertex -2.508115768432617 1.5087757110595703 69.84910583496094
    endloop
  endfacet
  facet normal -0.19554488360881805 0.9711299538612366 -0.13663382828235626
    outer loop
      vertex -3.6467838287353516 1.4140331745147705 70.80533599853516
      vertex -2.508115768432617 1.5087757110595703 69.84910583496094
      vertex -3.908539295196533 1.145477294921875 69.27117919921875
    endloop
  endfacet
  facet normal -0.31331586837768555 0.9430654644966125 -0.11162720620632172
    outer loop
      vertex -3.6467838287353516 1.4140331745147705 70.80533599853516
      vertex -3.908539295196533 1.145477294921875 69.27117919921875
      vertex -4.944465637207031 0.9543044567108154 70.56372833251953
    endloop
  endfacet
  facet normal -0.30380943417549133 0.9397967457771301 -0.1564667671918869
    outer loop
      vertex -4.944465637207031 0.9543044567108154 70.56372833251953
      vertex -4.610440254211426 1.2745120525360107 71.83843994140625
      vertex -3.6467838287353516 1.4140331745147705 70.80533599853516
    endloop
  endfacet
  facet normal -0.38095617294311523 0.915391206741333 -0.13012054562568665
    outer loop
      vertex -5.852324962615967 0.7150828838348389 71.53877258300781
      vertex -4.610440254211426 1.2745120525360107 71.83843994140625
      vertex -4.944465637207031 0.9543044567108154 70.56372833251953
    endloop
  endfacet
  facet normal -0.3557033836841583 0.9288725256919861 -0.10330024361610413
    outer loop
      vertex -4.944465637207031 0.9543044567108154 70.56372833251953
      vertex -6.110679626464844 0.49106717109680176 70.41404724121094
      vertex -5.852324962615967 0.7150828838348389 71.53877258300781
    endloop
  endfacet
  facet normal -0.3692534267902374 0.9292390942573547 -0.01290901005268097
    outer loop
      vertex -8.524534225463867 -0.4221029281616211 71.45223236083984
      vertex -7.1687211990356445 0.1120905876159668 71.12338256835938
      vertex -8.224447250366211 -0.3200061321258545 70.21775817871094
    endloop
  endfacet
  facet normal -0.2877151072025299 0.9576712846755981 0.009263552725315094
    outer loop
      vertex -9.708794593811035 -0.7735641002655029 71.00474548339844
      vertex -8.524534225463867 -0.4221029281616211 71.45223236083984
      vertex -8.224447250366211 -0.3200061321258545 70.21775817871094
    endloop
  endfacet
  facet normal -0.30570968985557556 0.9517097473144531 -0.02811213582754135
    outer loop
      vertex -9.708794593811035 -0.7735641002655029 71.00474548339844
      vertex -8.224447250366211 -0.3200061321258545 70.21775817871094
      vertex -9.446260452270508 -0.7295259237289429 69.6406478881836
    endloop
  endfacet
  facet normal -0.4362178146839142 0.8661977052688599 -0.2437530905008316
    outer loop
      vertex -8.181620597839355 -0.5160876512527466 68.83637237548828
      vertex -7.135542869567871 -0.29474031925201416 67.75090026855469
      vertex -8.504929542541504 -1.0522104501724243 67.50980377197266
    endloop
  endfacet
  facet normal -0.4400648772716522 0.8683574795722961 -0.22868788242340088
    outer loop
      vertex -7.135542869567871 -0.29474031925201416 67.75090026855469
      vertex -7.473881721496582 -0.7778966426849365 66.5673599243164
      vertex -8.504929542541504 -1.0522104501724243 67.50980377197266
    endloop
  endfacet
  facet normal -0.4113245904445648 0.899470865726471 -0.14752690494060516
    outer loop
      vertex -7.135542869567871 -0.29474031925201416 67.75090026855469
      vertex -5.612586975097656 0.40131616592407227 67.74855041503906
      vertex -6.206002235412598 -0.08057022094726562 66.46501159667969
    endloop
  endfacet
  facet normal -0.41176095604896545 0.900450587272644 -0.14014932513237
    outer loop
      vertex -6.88165283203125 0.06390881538391113 69.30926513671875
      vertex -5.612586975097656 0.40131616592407227 67.74855041503906
      vertex -7.135542869567871 -0.29474031925201416 67.75090026855469
    endloop
  endfacet
  facet normal -0.3691301941871643 0.923937976360321 -0.10040724277496338
    outer loop
      vertex -5.528852939605713 0.6055130958557129 69.31971740722656
      vertex -5.612586975097656 0.40131616592407227 67.74855041503906
      vertex -6.88165283203125 0.06390881538391113 69.30926513671875
    endloop
  endfacet
  facet normal -0.3691639006137848 0.9240073561668396 -0.09964136779308319
    outer loop
      vertex -6.88165283203125 0.06390881538391113 69.30926513671875
      vertex -6.110679626464844 0.49106717109680176 70.41404724121094
      vertex -5.528852939605713 0.6055130958557129 69.31971740722656
    endloop
  endfacet
  facet normal -0.32123705744743347 0.9439520835876465 -0.07590372860431671
    outer loop
      vertex -8.224447250366211 -0.3200061321258545 70.21775817871094
      vertex -7.1687211990356445 0.1120905876159668 71.12338256835938
      vertex -6.88165283203125 0.06390881538391113 69.30926513671875
    endloop
  endfacet
  facet normal -0.3862941861152649 0.9184024333953857 -0.08551988750696182
    outer loop
      vertex -7.1687211990356445 0.1120905876159668 71.12338256835938
      vertex -6.110679626464844 0.49106717109680176 70.41404724121094
      vertex -6.88165283203125 0.06390881538391113 69.30926513671875
    endloop
  endfacet
  facet normal -0.3572620153427124 0.9293875694274902 -0.09275078773498535
    outer loop
      vertex -6.110679626464844 0.49106717109680176 70.41404724121094
      vertex -4.944465637207031 0.9543044567108154 70.56372833251953
      vertex -5.528852939605713 0.6055130958557129 69.31971740722656
    endloop
  endfacet
  facet normal -0.35520949959754944 0.921961784362793 -0.15431343019008636
    outer loop
      vertex -8.181620597839355 -0.5160876512527466 68.83637237548828
      vertex -6.88165283203125 0.06390881538391113 69.30926513671875
      vertex -7.135542869567871 -0.29474031925201416 67.75090026855469
    endloop
  endfacet
  facet normal -0.35976192355155945 0.9221675395965576 -0.14205113053321838
    outer loop
      vertex -8.224447250366211 -0.3200061321258545 70.21775817871094
      vertex -6.88165283203125 0.06390881538391113 69.30926513671875
      vertex -8.181620597839355 -0.5160876512527466 68.83637237548828
    endloop
  endfacet
  facet normal -0.4647594094276428 0.8852182626724243 -0.01967976987361908
    outer loop
      vertex -7.1687211990356445 0.1120905876159668 71.12338256835938
      vertex -7.989945411682129 -0.2897372245788574 72.44282531738281
      vertex -6.677583694458008 0.40392231941223145 72.65155029296875
    endloop
  endfacet
  facet normal -0.4562219977378845 0.8852199912071228 -0.09081386029720306
    outer loop
      vertex -6.677583694458008 0.40392231941223145 72.65155029296875
      vertex -5.410813808441162 1.0528838634490967 72.61351013183594
      vertex -5.852324962615967 0.7150828838348389 71.53877258300781
    endloop
  endfacet
  facet normal -0.5503822565078735 0.8336734771728516 -0.04547588899731636
    outer loop
      vertex -7.704519271850586 -0.21690714359283447 73.6990966796875
      vertex -6.803651809692383 0.3980095386505127 74.06892395019531
      vertex -6.677583694458008 0.40392231941223145 72.65155029296875
    endloop
  endfacet
  facet normal -0.5169115662574768 0.8549876809120178 -0.04240991920232773
    outer loop
      vertex -6.803651809692383 0.3980095386505127 74.06892395019531
      vertex -5.557443618774414 1.1433298587799072 73.90528869628906
      vertex -6.677583694458008 0.40392231941223145 72.65155029296875
    endloop
  endfacet
  facet normal -0.45569735765457153 0.8828637003898621 -0.1135413646697998
    outer loop
      vertex -6.677583694458008 0.40392231941223145 72.65155029296875
      vertex -5.557443618774414 1.1433298587799072 73.90528869628906
      vertex -5.410813808441162 1.0528838634490967 72.61351013183594
    endloop
  endfacet
  facet normal -0.32412075996398926 0.9293432831764221 -0.1768244504928589
    outer loop
      vertex -4.610440254211426 1.2745120525360107 71.83843994140625
      vertex -3.3077659606933594 1.8030428886413574 72.22844696044922
      vertex -3.6467838287353516 1.4140331745147705 70.80533599853516
    endloop
  endfacet
  facet normal -0.21094155311584473 0.9545269012451172 -0.2106703519821167
    outer loop
      vertex -3.6467838287353516 1.4140331745147705 70.80533599853516
      vertex -3.3077659606933594 1.8030428886413574 72.22844696044922
      vertex -2.570895195007324 1.7187228202819824 71.10858154296875
    endloop
  endfacet
  facet normal -0.2080177217721939 0.9555734395980835 -0.2088252604007721
    outer loop
      vertex -1.7061519622802734 2.1104745864868164 72.0398178100586
      vertex -2.570895195007324 1.7187228202819824 71.10858154296875
      vertex -3.3077659606933594 1.8030428886413574 72.22844696044922
    endloop
  endfacet
  facet normal -0.21281661093235016 0.9353553652763367 -0.28252360224723816
    outer loop
      vertex -2.926363468170166 2.2621383666992188 73.4610824584961
      vertex -1.7061519622802734 2.1104745864868164 72.0398178100586
      vertex -3.3077659606933594 1.8030428886413574 72.22844696044922
    endloop
  endfacet
  facet normal -0.363569051027298 0.9098743200302124 -0.19986556470394135
    outer loop
      vertex -3.98696231842041 2.087836265563965 74.59688568115234
      vertex -2.926363468170166 2.2621383666992188 73.4610824584961
      vertex -4.326122283935547 1.6526341438293457 73.23261260986328
    endloop
  endfacet
  facet normal -0.43129757046699524 0.8952757120132446 -0.1116408184170723
    outer loop
      vertex -5.557443618774414 1.1433298587799072 73.90528869628906
      vertex -4.326122283935547 1.6526341438293457 73.23261260986328
      vertex -5.410813808441162 1.0528838634490967 72.61351013183594
    endloop
  endfacet
  facet normal -0.4054115116596222 0.8997805714607239 -0.16135816276073456
    outer loop
      vertex -4.326122283935547 1.6526341438293457 73.23261260986328
      vertex -4.610440254211426 1.2745120525360107 71.83843994140625
      vertex -5.410813808441162 1.0528838634490967 72.61351013183594
    endloop
  endfacet
  facet normal -0.3209443688392639 0.9285753965377808 -0.18639342486858368
    outer loop
      vertex -4.610440254211426 1.2745120525360107 71.83843994140625
      vertex -4.326122283935547 1.6526341438293457 73.23261260986328
      vertex -3.3077659606933594 1.8030428886413574 72.22844696044922
    endloop
  endfacet
  facet normal -0.45324453711509705 0.8756676912307739 -0.16666021943092346
    outer loop
      vertex -5.557443618774414 1.1433298587799072 73.90528869628906
      vertex -3.98696231842041 2.087836265563965 74.59688568115234
      vertex -4.326122283935547 1.6526341438293457 73.23261260986328
    endloop
  endfacet
  facet normal -0.4077127277851105 0.8794158101081848 -0.24576054513454437
    outer loop
      vertex -3.98696231842041 2.087836265563965 74.59688568115234
      vertex -2.362492084503174 2.8436174392700195 74.60636138916016
      vertex -2.926363468170166 2.2621383666992188 73.4610824584961
    endloop
  endfacet
  facet normal -0.41403675079345703 0.892190158367157 -0.18047277629375458
    outer loop
      vertex -3.98696231842041 2.087836265563965 74.59688568115234
      vertex -3.206634521484375 2.68782377243042 75.77278900146484
      vertex -2.362492084503174 2.8436174392700195 74.60636138916016
    endloop
  endfacet
  facet normal -0.4494870901107788 0.8684201836585999 -0.20930297672748566
    outer loop
      vertex -2.1763925552368164 3.25508451461792 75.91392517089844
      vertex -2.362492084503174 2.8436174392700195 74.60636138916016
      vertex -3.206634521484375 2.68782377243042 75.77278900146484
    endloop
  endfacet
  facet normal -0.47679874300956726 0.8777348399162292 -0.04737580567598343
    outer loop
      vertex -2.701657772064209 3.03855562210083 77.18864440917969
      vertex -2.1763925552368164 3.25508451461792 75.91392517089844
      vertex -3.206634521484375 2.68782377243042 75.77278900146484
    endloop
  endfacet
  facet normal -0.5110349059104919 0.8570997714996338 -0.06498844176530838
    outer loop
      vertex -1.7644200325012207 3.577096939086914 76.92124938964844
      vertex -2.1763925552368164 3.25508451461792 75.91392517089844
      vertex -2.701657772064209 3.03855562210083 77.18864440917969
    endloop
  endfacet
  facet normal -0.5071718692779541 0.8616440296173096 -0.018613234162330627
    outer loop
      vertex -4.753929138183594 1.8576619625091553 77.00005340576172
      vertex -3.755249500274658 2.4444732666015625 76.95278930664062
      vertex -4.2958292961120605 2.1036438941955566 75.90478515625
    endloop
  endfacet
  facet normal -0.49784308671951294 0.8671625256538391 -0.01347205601632595
    outer loop
      vertex -4.753929138183594 1.8576619625091553 77.00005340576172
      vertex -4.2958292961120605 2.1036438941955566 75.90478515625
      vertex -5.410310745239258 1.4663114547729492 76.06556701660156
    endloop
  endfacet
  facet normal -0.5206990242004395 0.8536709547042847 0.010877693071961403
    outer loop
      vertex -5.7001800537109375 1.2759020328521729 77.13310241699219
      vertex -5.410310745239258 1.4663114547729492 76.06556701660156
      vertex -6.466805458068848 0.8161721229553223 76.51504516601562
    endloop
  endfacet
  facet normal -0.5300288200378418 0.8471840023994446 -0.03672459349036217
    outer loop
      vertex -7.373863220214844 0.22711443901062012 76.01746368408203
      vertex -7.72712516784668 0.06231498718261719 77.31423950195312
      vertex -6.466805458068848 0.8161721229553223 76.51504516601562
    endloop
  endfacet
  facet normal -0.5652232766151428 0.8198765516281128 0.09124193340539932
    outer loop
      vertex -6.529474258422852 0.5878350734710693 78.17860412597656
      vertex -5.7001800537109375 1.2759020328521729 77.13310241699219
      vertex -6.466805458068848 0.8161721229553223 76.51504516601562
    endloop
  endfacet
  facet normal -0.5109613537788391 0.8461363315582275 0.15156465768814087
    outer loop
      vertex -6.529474258422852 0.5878350734710693 78.17860412597656
      vertex -5.08342170715332 1.4485914707183838 78.24827575683594
      vertex -5.7001800537109375 1.2759020328521729 77.13310241699219
    endloop
  endfacet
  facet normal -0.5226789116859436 0.8524695038795471 0.010125807486474514
    outer loop
      vertex -5.410310745239258 1.4663114547729492 76.06556701660156
      vertex -5.7001800537109375 1.2759020328521729 77.13310241699219
      vertex -4.753929138183594 1.8576619625091553 77.00005340576172
    endloop
  endfacet
  facet normal -0.5030874609947205 0.851755678653717 0.14633974432945251
    outer loop
      vertex -5.7001800537109375 1.2759020328521729 77.13310241699219
      vertex -5.08342170715332 1.4485914707183838 78.24827575683594
      vertex -4.753929138183594 1.8576619625091553 77.00005340576172
    endloop
  endfacet
  facet normal -0.5554794669151306 0.8223994374275208 0.12288915365934372
    outer loop
      vertex -5.08342170715332 1.4485914707183838 78.24827575683594
      vertex -4.203322410583496 2.108635902404785 77.80931854248047
      vertex -4.753929138183594 1.8576619625091553 77.00005340576172
    endloop
  endfacet
  facet normal -0.5025509595870972 0.8613047003746033 0.07481218874454498
    outer loop
      vertex -4.753929138183594 1.8576619625091553 77.00005340576172
      vertex -4.203322410583496 2.108635902404785 77.80931854248047
      vertex -3.755249500274658 2.4444732666015625 76.95278930664062
    endloop
  endfacet
  facet normal -0.5069997906684875 0.8589696884155273 0.07156936079263687
    outer loop
      vertex -4.203322410583496 2.108635902404785 77.80931854248047
      vertex -3.413602352142334 2.563509464263916 77.94436645507812
      vertex -3.755249500274658 2.4444732666015625 76.95278930664062
    endloop
  endfacet
  facet normal -0.5017160773277283 0.8622475862503052 0.06935535371303558
    outer loop
      vertex -3.755249500274658 2.4444732666015625 76.95278930664062
      vertex -3.413602352142334 2.563509464263916 77.94436645507812
      vertex -2.701657772064209 3.03855562210083 77.18864440917969
    endloop
  endfacet
  facet normal -0.48078837990760803 0.871675431728363 0.0949971154332161
    outer loop
      vertex -3.413602352142334 2.563509464263916 77.94436645507812
      vertex -2.5997982025146484 2.931579113006592 78.68576049804688
      vertex -2.701657772064209 3.03855562210083 77.18864440917969
    endloop
  endfacet
  facet normal -0.4943491816520691 0.8690845966339111 0.017633995041251183
    outer loop
      vertex -2.701657772064209 3.03855562210083 77.18864440917969
      vertex -1.6739144325256348 3.605597496032715 78.0538330078125
      vertex -1.7644200325012207 3.577096939086914 76.92124938964844
    endloop
  endfacet
  facet normal -0.4222787618637085 0.8991610407829285 -0.11484846472740173
    outer loop
      vertex -0.8456201553344727 4.050629615783691 77.25031280517578
      vertex -1.141697883605957 3.7669029235839844 76.11761474609375
      vertex -1.7644200325012207 3.577096939086914 76.92124938964844
    endloop
  endfacet
  facet normal -0.30680716037750244 0.8738580346107483 -0.37714916467666626
    outer loop
      vertex -2.362492084503174 2.8436174392700195 74.60636138916016
      vertex -1.4192986488342285 3.4156312942504883 75.16444396972656
      vertex -0.8310704231262207 3.160764694213867 74.09539794921875
    endloop
  endfacet
  facet normal -0.29336461424827576 0.9008060097694397 -0.3201339840888977
    outer loop
      vertex -1.5641427040100098 2.6452832221984863 73.31668853759766
      vertex -2.362492084503174 2.8436174392700195 74.60636138916016
      vertex -0.8310704231262207 3.160764694213867 74.09539794921875
    endloop
  endfacet
  facet normal -0.15526367723941803 0.8847241401672363 -0.43949562311172485
    outer loop
      vertex -0.06441426277160645 2.5014023780822754 72.49723052978516
      vertex -1.5641427040100098 2.6452832221984863 73.31668853759766
      vertex -0.8310704231262207 3.160764694213867 74.09539794921875
    endloop
  endfacet
  facet normal -0.2878497540950775 0.8943116664886475 -0.3425627052783966
    outer loop
      vertex -2.926363468170166 2.2621383666992188 73.4610824584961
      vertex -1.5641427040100098 2.6452832221984863 73.31668853759766
      vertex -1.7061519622802734 2.1104745864868164 72.0398178100586
    endloop
  endfacet
  facet normal -0.14816007018089294 0.9532344937324524 -0.26342493295669556
    outer loop
      vertex -1.7061519622802734 2.1104745864868164 72.0398178100586
      vertex -1.506169319152832 1.753800630569458 70.63667297363281
      vertex -2.570895195007324 1.7187228202819824 71.10858154296875
    endloop
  endfacet
  facet normal -0.10480694472789764 0.9796047806739807 -0.17143508791923523
    outer loop
      vertex -1.506169319152832 1.753800630569458 70.63667297363281
      vertex -1.0221734046936035 1.5908303260803223 69.4095458984375
      vertex -2.508115768432617 1.5087757110595703 69.84910583496094
    endloop
  endfacet
  facet normal -0.20934398472309113 0.9723028540611267 -0.10393333435058594
    outer loop
      vertex -2.508115768432617 1.5087757110595703 69.84910583496094
      vertex -2.5381927490234375 1.325920581817627 68.19906616210938
      vertex -3.908539295196533 1.145477294921875 69.27117919921875
    endloop
  endfacet
  facet normal -0.2951408922672272 0.9525440335273743 -0.07450997084379196
    outer loop
      vertex -4.905586242675781 0.7815158367156982 68.5676498413086
      vertex -3.908539295196533 1.145477294921875 69.27117919921875
      vertex -4.217555046081543 0.9555704593658447 68.06742858886719
    endloop
  endfacet
  facet normal -0.2067500650882721 0.9732222557067871 -0.1004631295800209
    outer loop
      vertex -3.908539295196533 1.145477294921875 69.27117919921875
      vertex -2.5381927490234375 1.325920581817627 68.19906616210938
      vertex -4.217555046081543 0.9555704593658447 68.06742858886719
    endloop
  endfacet
  facet normal -0.09174037724733353 0.9905571341514587 -0.10188361257314682
    outer loop
      vertex -1.0221734046936035 1.5908303260803223 69.4095458984375
      vertex -0.5712997913360596 1.4968643188476562 68.08998107910156
      vertex -2.5381927490234375 1.325920581817627 68.19906616210938
    endloop
  endfacet
  facet normal -0.08668511360883713 0.9903460741043091 -0.10816869139671326
    outer loop
      vertex -2.508115768432617 1.5087757110595703 69.84910583496094
      vertex -1.0221734046936035 1.5908303260803223 69.4095458984375
      vertex -2.5381927490234375 1.325920581817627 68.19906616210938
    endloop
  endfacet
  facet normal -0.042784735560417175 0.9880474209785461 -0.14809389412403107
    outer loop
      vertex -1.0221734046936035 1.5908303260803223 69.4095458984375
      vertex -1.506169319152832 1.753800630569458 70.63667297363281
      vertex 0.24248075485229492 1.840599775314331 70.71058654785156
    endloop
  endfacet
  facet normal -0.03350513055920601 0.9870427250862122 -0.15692108869552612
    outer loop
      vertex 0.24248075485229492 1.840599775314331 70.71058654785156
      vertex 0.7903369665145874 1.5845143795013428 68.98281860351562
      vertex -1.0221734046936035 1.5908303260803223 69.4095458984375
    endloop
  endfacet
  facet normal 0.023223502561450005 0.9979931712150574 -0.05891001969575882
    outer loop
      vertex 2.3820319175720215 1.5042717456817627 68.25090789794922
      vertex 0.8165699243545532 1.5068321228027344 67.6771469116211
      vertex 0.7903369665145874 1.5845143795013428 68.98281860351562
    endloop
  endfacet
  facet normal -0.01914692297577858 0.996303141117096 -0.08374735713005066
    outer loop
      vertex 0.8165699243545532 1.5068321228027344 67.6771469116211
      vertex 1.6109466552734375 1.4319863319396973 66.6051254272461
      vertex -0.2710452079772949 1.4180827140808105 66.8699951171875
    endloop
  endfacet
  facet normal -0.02839125692844391 0.9970455765724182 -0.07137250900268555
    outer loop
      vertex -0.2710452079772949 1.4180827140808105 66.8699951171875
      vertex -0.5712997913360596 1.4968643188476562 68.08998107910156
      vertex 0.8165699243545532 1.5068321228027344 67.6771469116211
    endloop
  endfacet
  facet normal -0.056418489664793015 0.9953430891036987 -0.07816043496131897
    outer loop
      vertex -0.5712997913360596 1.4968643188476562 68.08998107910156
      vertex -0.2710452079772949 1.4180827140808105 66.8699951171875
      vertex -1.5083134174346924 1.3792660236358643 67.2687759399414
    endloop
  endfacet
  facet normal 0.05323490872979164 0.9969990849494934 -0.05620522052049637
    outer loop
      vertex 2.3820319175720215 1.5042717456817627 68.25090789794922
      vertex 3.9665684700012207 1.4272732734680176 68.3858642578125
      vertex 3.5029990673065186 1.3727912902832031 66.98036193847656
    endloop
  endfacet
  facet normal 0.09191442281007767 0.9933857321739197 -0.06882261484861374
    outer loop
      vertex 3.9665684700012207 1.4272732734680176 68.3858642578125
      vertex 4.800583839416504 1.284355878829956 67.43684387207031
      vertex 3.5029990673065186 1.3727912902832031 66.98036193847656
    endloop
  endfacet
  facet normal 0.08475730568170547 0.9935644268989563 -0.07513932883739471
    outer loop
      vertex 3.9665684700012207 1.4272732734680176 68.3858642578125
      vertex 5.05293083190918 1.335418462753296 68.39669036865234
      vertex 4.800583839416504 1.284355878829956 67.43684387207031
    endloop
  endfacet
  facet normal 0.08160350471735 0.9858769774436951 -0.1462445706129074
    outer loop
      vertex 4.8948869705200195 1.5065360069274902 69.57621765136719
      vertex 7.10484504699707 1.318873643875122 69.54427337646484
      vertex 6.2103705406188965 1.1838529109954834 68.13494873046875
    endloop
  endfacet
  facet normal 0.13060273230075836 0.9419080018997192 -0.30943864583969116
    outer loop
      vertex 8.677583694458008 1.848595380783081 71.98660278320312
      vertex 8.739252090454102 1.154665470123291 69.90036010742188
      vertex 7.411590576171875 1.6511075496673584 70.85113525390625
    endloop
  endfacet
  facet normal 0.15671484172344208 0.9286439418792725 -0.33624544739723206
    outer loop
      vertex 7.411590576171875 1.6511075496673584 70.85113525390625
      vertex 7.409226417541504 2.0155887603759766 71.85665893554688
      vertex 8.677583694458008 1.848595380783081 71.98660278320312
    endloop
  endfacet
  facet normal 0.3028984069824219 0.9115831851959229 -0.2779723107814789
    outer loop
      vertex 10.289228439331055 1.339848279953003 72.07437896728516
      vertex 9.7076416015625 1.1554772853851318 70.83601379394531
      vertex 8.677583694458008 1.848595380783081 71.98660278320312
    endloop
  endfacet
  facet normal 0.284283310174942 0.9122201204299927 -0.29502105712890625
    outer loop
      vertex 8.677583694458008 1.848595380783081 71.98660278320312
      vertex 9.7076416015625 1.1554772853851318 70.83601379394531
      vertex 8.739252090454102 1.154665470123291 69.90036010742188
    endloop
  endfacet
  facet normal 0.40579846501350403 0.856803834438324 -0.31814268231391907
    outer loop
      vertex 10.289228439331055 1.339848279953003 72.07437896728516
      vertex 10.999195098876953 0.5938162803649902 70.97078704833984
      vertex 9.7076416015625 1.1554772853851318 70.83601379394531
    endloop
  endfacet
  facet normal 0.2844778299331665 0.9120944738388062 -0.29522228240966797
    outer loop
      vertex 8.739252090454102 1.154665470123291 69.90036010742188
      vertex 9.7076416015625 1.1554772853851318 70.83601379394531
      vertex 10.114521980285645 0.6866044998168945 69.77949523925781
    endloop
  endfacet
  facet normal 0.40815162658691406 0.8823148012161255 -0.23437780141830444
    outer loop
      vertex 10.999195098876953 0.5938162803649902 70.97078704833984
      vertex 10.114521980285645 0.6866044998168945 69.77949523925781
      vertex 9.7076416015625 1.1554772853851318 70.83601379394531
    endloop
  endfacet
  facet normal 0.45681294798851013 0.8451825380325317 -0.2774678170681
    outer loop
      vertex 11.698777198791504 0.6956882476806641 72.432861328125
      vertex 10.999195098876953 0.5938162803649902 70.97078704833984
      vertex 10.289228439331055 1.339848279953003 72.07437896728516
    endloop
  endfacet
  facet normal 0.46205785870552063 0.809553325176239 -0.36211326718330383
    outer loop
      vertex 11.189163208007812 1.3900971412658691 73.33503723144531
      vertex 11.698777198791504 0.6956882476806641 72.432861328125
      vertex 10.289228439331055 1.339848279953003 72.07437896728516
    endloop
  endfacet
  facet normal 0.4023909568786621 0.8571884036064148 -0.32141807675361633
    outer loop
      vertex 11.189163208007812 1.3900971412658691 73.33503723144531
      vertex 10.289228439331055 1.339848279953003 72.07437896728516
      vertex 9.963958740234375 1.9085571765899658 73.18385314941406
    endloop
  endfacet
  facet normal 0.5134899020195007 0.7779944539070129 -0.36201220750808716
    outer loop
      vertex 12.005748748779297 1.4155335426330566 74.5479736328125
      vertex 12.495966911315918 0.7097983360290527 73.72663116455078
      vertex 11.189163208007812 1.3900971412658691 73.33503723144531
    endloop
  endfacet
  facet normal 0.5114113688468933 0.795997142791748 -0.323800653219223
    outer loop
      vertex 12.495966911315918 0.7097983360290527 73.72663116455078
      vertex 11.698777198791504 0.6956882476806641 72.432861328125
      vertex 11.189163208007812 1.3900971412658691 73.33503723144531
    endloop
  endfacet
  facet normal 0.560458779335022 0.7489440441131592 -0.3535093069076538
    outer loop
      vertex 11.698777198791504 0.6956882476806641 72.432861328125
      vertex 12.495966911315918 0.7097983360290527 73.72663116455078
      vertex 13.00904369354248 -0.04267382621765137 72.94588470458984
    endloop
  endfacet
  facet normal 0.6253550052642822 0.7186156511306763 -0.30417540669441223
    outer loop
      vertex 13.42767333984375 -0.7615429162979126 72.10821533203125
      vertex 13.00904369354248 -0.04267382621765137 72.94588470458984
      vertex 14.044245719909668 -0.8502941131591797 73.16615295410156
    endloop
  endfacet
  facet normal 0.6789582371711731 0.6635386943817139 -0.31421661376953125
    outer loop
      vertex 14.833263397216797 -1.5556883811950684 73.38146209716797
      vertex 14.311299324035645 -1.8270527124404907 71.68055725097656
      vertex 14.044245719909668 -0.8502941131591797 73.16615295410156
    endloop
  endfacet
  facet normal 0.6753683090209961 0.6979607343673706 -0.23817743360996246
    outer loop
      vertex 14.311299324035645 -1.8270527124404907 71.68055725097656
      vertex 13.360966682434082 -1.6098155975341797 69.62242126464844
      vertex 13.104433059692383 -0.9336724281311035 70.87638854980469
    endloop
  endfacet
  facet normal 0.7732876539230347 0.5596691370010376 -0.2979878783226013
    outer loop
      vertex 14.311299324035645 -1.8270527124404907 71.68055725097656
      vertex 14.060530662536621 -2.4962639808654785 69.77291870117188
      vertex 13.360966682434082 -1.6098155975341797 69.62242126464844
    endloop
  endfacet
  facet normal 0.8365453481674194 0.4128650724887848 -0.36018645763397217
    outer loop
      vertex 14.562314987182617 -3.2276570796966553 70.09996795654297
      vertex 14.060530662536621 -2.4962639808654785 69.77291870117188
      vertex 14.659918785095215 -2.696336507797241 70.93568420410156
    endloop
  endfacet
  facet normal 0.8246009349822998 0.3772083818912506 -0.42160072922706604
    outer loop
      vertex 14.023465156555176 -3.5561938285827637 68.7520980834961
      vertex 14.060530662536621 -2.4962639808654785 69.77291870117188
      vertex 14.562314987182617 -3.2276570796966553 70.09996795654297
    endloop
  endfacet
  facet normal 0.8666428923606873 0.330049991607666 -0.37416210770606995
    outer loop
      vertex 14.023465156555176 -3.5561938285827637 68.7520980834961
      vertex 13.27327823638916 -2.1604502201080322 68.24568939208984
      vertex 14.060530662536621 -2.4962639808654785 69.77291870117188
    endloop
  endfacet
  facet normal 0.7767529487609863 0.5661519765853882 -0.27591076493263245
    outer loop
      vertex 13.27327823638916 -2.1604502201080322 68.24568939208984
      vertex 13.360966682434082 -1.6098155975341797 69.62242126464844
      vertex 14.060530662536621 -2.4962639808654785 69.77291870117188
    endloop
  endfacet
  facet normal 0.8923354148864746 0.19538937509059906 -0.4068912863731384
    outer loop
      vertex 13.574150085449219 -3.9082255363464355 67.5976791381836
      vertex 13.19467544555664 -2.829349994659424 67.2835464477539
      vertex 14.023465156555176 -3.5561938285827637 68.7520980834961
    endloop
  endfacet
  facet normal 0.8546041250228882 -0.09326356649398804 -0.5108362436294556
    outer loop
      vertex 13.574150085449219 -3.9082255363464355 67.5976791381836
      vertex 13.867926597595215 -4.709339618682861 68.23541259765625
      vertex 13.317721366882324 -5.030084609985352 67.37350463867188
    endloop
  endfacet
  facet normal 0.9350364208221436 0.03209089860320091 -0.35309624671936035
    outer loop
      vertex 14.298322677612305 -5.137909889221191 69.33619689941406
      vertex 13.867926597595215 -4.709339618682861 68.23541259765625
      vertex 14.023465156555176 -3.5561938285827637 68.7520980834961
    endloop
  endfacet
  facet normal 0.8777745962142944 -0.024155789986252785 -0.4784645140171051
    outer loop
      vertex 14.787468910217285 -4.128253936767578 70.1825942993164
      vertex 14.298322677612305 -5.137909889221191 69.33619689941406
      vertex 14.023465156555176 -3.5561938285827637 68.7520980834961
    endloop
  endfacet
  facet normal -0.2883632183074951 -0.8875284790992737 -0.35936039686203003
    outer loop
      vertex -6.018288612365723 -9.295459747314453 67.64886474609375
      vertex -7.018965721130371 -8.693954467773438 66.96627807617188
      vertex -5.965621471405029 -8.909549713134766 66.65350341796875
    endloop
  endfacet
  facet normal -0.23833538591861725 -0.874908983707428 -0.4215810298919678
    outer loop
      vertex -6.018288612365723 -9.295459747314453 67.64886474609375
      vertex -6.928008079528809 -9.150672912597656 67.86268615722656
      vertex -7.018965721130371 -8.693954467773438 66.96627807617188
    endloop
  endfacet
  facet normal 0.39492690563201904 -0.8866820335388184 -0.24047403037548065
    outer loop
      vertex 10.583539962768555 -8.217445373535156 67.91952514648438
      vertex 10.494501113891602 -8.649640083312988 69.36689758300781
      vertex 9.21882438659668 -8.882282257080078 68.12967681884766
    endloop
  endfacet
  facet normal 0.3611743450164795 -0.9190332293510437 -0.15789589285850525
    outer loop
      vertex 9.18163776397705 -9.199714660644531 69.56553649902344
      vertex 10.494501113891602 -8.649640083312988 69.36689758300781
      vertex 9.9105224609375 -9.14352035522461 70.90572357177734
    endloop
  endfacet
  facet normal 0.28907471895217896 -0.9455372095108032 -0.14965017139911652
    outer loop
      vertex 8.177740097045898 -9.693284034729004 70.74486541748047
      vertex 7.706223487854004 -9.554258346557617 68.95564270019531
      vertex 9.18163776397705 -9.199714660644531 69.56553649902344
    endloop
  endfacet
  facet normal 0.305640310049057 -0.9313367605209351 -0.19797948002815247
    outer loop
      vertex 9.21882438659668 -8.882282257080078 68.12967681884766
      vertex 9.18163776397705 -9.199714660644531 69.56553649902344
      vertex 7.706223487854004 -9.554258346557617 68.95564270019531
    endloop
  endfacet
  facet normal 0.04670955240726471 -0.9908944964408875 -0.12627862393856049
    outer loop
      vertex 2.1294918060302734 -10.216605186462402 67.861083984375
      vertex 3.627640724182129 -10.117201805114746 67.6352310180664
      vertex 3.224294424057007 -10.306291580200195 68.96980285644531
    endloop
  endfacet
  facet normal -0.4412915110588074 -0.6596500277519226 -0.6083778142929077
    outer loop
      vertex -8.128143310546875 -7.938673496246338 66.70973205566406
      vertex -9.381916046142578 -7.707054615020752 67.36802673339844
      vertex -8.858527183532715 -7.07209587097168 66.29991149902344
    endloop
  endfacet
  facet normal -0.4018808603286743 -0.6870499849319458 -0.6053544878959656
    outer loop
      vertex -9.915719985961914 -6.794661521911621 66.68688201904297
      vertex -8.858527183532715 -7.07209587097168 66.29991149902344
      vertex -9.381916046142578 -7.707054615020752 67.36802673339844
    endloop
  endfacet
  facet normal 0.742920458316803 -0.4082828462123871 -0.5304473638534546
    outer loop
      vertex 13.317721366882324 -5.030084609985352 67.37350463867188
      vertex 13.695597648620605 -5.624748229980469 68.3604507446289
      vertex 12.97122573852539 -6.314465522766113 67.87680053710938
    endloop
  endfacet
  facet normal -0.4149338901042938 -0.800692617893219 -0.43211251497268677
    outer loop
      vertex -9.760007858276367 -8.270147323608398 68.77448272705078
      vertex -9.381916046142578 -7.707054615020752 67.36802673339844
      vertex -8.076553344726562 -8.721979141235352 67.99518585205078
    endloop
  endfacet
  facet normal -0.3917534351348877 -0.792593240737915 -0.46725302934646606
    outer loop
      vertex -8.076553344726562 -8.721979141235352 67.99518585205078
      vertex -9.381916046142578 -7.707054615020752 67.36802673339844
      vertex -8.128143310546875 -7.938673496246338 66.70973205566406
    endloop
  endfacet
  facet normal -0.4253286123275757 -0.7803394198417664 -0.45843857526779175
    outer loop
      vertex -7.018965721130371 -8.693954467773438 66.96627807617188
      vertex -8.076553344726562 -8.721979141235352 67.99518585205078
      vertex -8.128143310546875 -7.938673496246338 66.70973205566406
    endloop
  endfacet
  facet normal -0.3609475791454315 -0.8452551960945129 -0.3940311372280121
    outer loop
      vertex -6.928008079528809 -9.150672912597656 67.86268615722656
      vertex -8.076553344726562 -8.721979141235352 67.99518585205078
      vertex -7.018965721130371 -8.693954467773438 66.96627807617188
    endloop
  endfacet
  facet normal -0.21768821775913239 -0.9298902750015259 -0.2965061366558075
    outer loop
      vertex -6.018288612365723 -9.295459747314453 67.64886474609375
      vertex -6.688068389892578 -9.463964462280273 68.66905975341797
      vertex -6.928008079528809 -9.150672912597656 67.86268615722656
    endloop
  endfacet
  facet normal -0.18219220638275146 -0.9303208589553833 -0.3182910978794098
    outer loop
      vertex -6.018288612365723 -9.295459747314453 67.64886474609375
      vertex -4.635698318481445 -9.408454895019531 67.18772888183594
      vertex -5.034915447235107 -9.889111518859863 68.82113647460938
    endloop
  endfacet
  facet normal -0.10688899457454681 -0.9560765027999878 -0.27293288707733154
    outer loop
      vertex -3.9309582710266113 -9.857004165649414 68.27632141113281
      vertex -3.5585556030273438 -10.178478240966797 69.256591796875
      vertex -5.034915447235107 -9.889111518859863 68.82113647460938
    endloop
  endfacet
  facet normal -0.39270928502082825 -0.8298264145851135 -0.39644354581832886
    outer loop
      vertex -8.295595169067383 -9.133241653442383 69.56918334960938
      vertex -6.688068389892578 -9.463964462280273 68.66905975341797
      vertex -6.51101016998291 -10.098502159118652 69.82186889648438
    endloop
  endfacet
  facet normal -0.4555877149105072 -0.8822476863861084 -0.11865416169166565
    outer loop
      vertex -9.760007858276367 -8.270147323608398 68.77448272705078
      vertex -8.295595169067383 -9.133241653442383 69.56918334960938
      vertex -9.893366813659668 -8.405414581298828 70.29230499267578
    endloop
  endfacet
  facet normal -0.3481084704399109 -0.9305561184883118 -0.11351603269577026
    outer loop
      vertex -9.760007858276367 -8.270147323608398 68.77448272705078
      vertex -9.893366813659668 -8.405414581298828 70.29230499267578
      vertex -11.1824369430542 -7.836180686950684 69.57903289794922
    endloop
  endfacet
  facet normal -0.4157540798187256 -0.9091096520423889 0.025852948427200317
    outer loop
      vertex -9.893366813659668 -8.405414581298828 70.29230499267578
      vertex -11.556734085083008 -7.6225786209106445 71.07101440429688
      vertex -11.1824369430542 -7.836180686950684 69.57903289794922
    endloop
  endfacet
  facet normal -0.3693905770778656 -0.9193840026855469 0.13521693646907806
    outer loop
      vertex -9.893366813659668 -8.405414581298828 70.29230499267578
      vertex -10.031489372253418 -8.170797348022461 71.51021575927734
      vertex -11.556734085083008 -7.6225786209106445 71.07101440429688
    endloop
  endfacet
  facet normal -0.3552728295326233 -0.9346342086791992 0.015495474450290203
    outer loop
      vertex -12.559178352355957 -7.404553413391113 70.09403228759766
      vertex -14.003997802734375 -6.857719421386719 69.95106506347656
      vertex -13.18763542175293 -7.1805596351623535 69.19561004638672
    endloop
  endfacet
  facet normal -0.37772712111473083 -0.9258321523666382 -0.012530680745840073
    outer loop
      vertex -13.18763542175293 -7.1805596351623535 69.19561004638672
      vertex -14.003997802734375 -6.857719421386719 69.95106506347656
      vertex -14.022132873535156 -6.83360481262207 68.71601867675781
    endloop
  endfacet
  facet normal -0.25110945105552673 -0.9374180436134338 -0.2412293553352356
    outer loop
      vertex -14.022132873535156 -6.83360481262207 68.71601867675781
      vertex -13.038743019104004 -6.956226825714111 68.16886138916016
      vertex -13.18763542175293 -7.1805596351623535 69.19561004638672
    endloop
  endfacet
  facet normal -0.2584332227706909 -0.9352722764015198 -0.24182257056236267
    outer loop
      vertex -12.115044593811035 -7.388796806335449 68.85472106933594
      vertex -13.18763542175293 -7.1805596351623535 69.19561004638672
      vertex -13.038743019104004 -6.956226825714111 68.16886138916016
    endloop
  endfacet
  facet normal -0.601572573184967 -0.7902262210845947 0.11684603989124298
    outer loop
      vertex -15.107088088989258 -6.07907247543335 70.22747802734375
      vertex -15.992321014404297 -5.565515518188477 69.14309692382812
      vertex -15.037946701049805 -6.325599670410156 68.91619110107422
    endloop
  endfacet
  facet normal -0.5508005023002625 -0.8250603079795837 0.12607207894325256
    outer loop
      vertex -15.107088088989258 -6.07907247543335 70.22747802734375
      vertex -15.037946701049805 -6.325599670410156 68.91619110107422
      vertex -14.003997802734375 -6.857719421386719 69.95106506347656
    endloop
  endfacet
  facet normal -0.5229893326759338 -0.8215265274047852 0.22710448503494263
    outer loop
      vertex -14.081998825073242 -6.467652797698975 71.18246459960938
      vertex -15.107088088989258 -6.07907247543335 70.22747802734375
      vertex -14.003997802734375 -6.857719421386719 69.95106506347656
    endloop
  endfacet
  facet normal -0.48658621311187744 -0.841248631477356 0.2356576919555664
    outer loop
      vertex -14.081998825073242 -6.467652797698975 71.18246459960938
      vertex -14.003997802734375 -6.857719421386719 69.95106506347656
      vertex -13.117338180541992 -7.071732044219971 71.01786041259766
    endloop
  endfacet
  facet normal -0.6444399356842041 -0.628032386302948 0.43620240688323975
    outer loop
      vertex -15.107088088989258 -6.07907247543335 70.22747802734375
      vertex -14.081998825073242 -6.467652797698975 71.18246459960938
      vertex -14.922378540039062 -5.528005123138428 71.29377746582031
    endloop
  endfacet
  facet normal -0.7356712222099304 -0.5985244512557983 0.3171062171459198
    outer loop
      vertex -15.992321014404297 -5.565515518188477 69.14309692382812
      vertex -15.107088088989258 -6.07907247543335 70.22747802734375
      vertex -15.838323593139648 -5.152284622192383 70.28031921386719
    endloop
  endfacet
  facet normal -0.7008461356163025 -0.576887845993042 0.4195416271686554
    outer loop
      vertex -15.838323593139648 -5.152284622192383 70.28031921386719
      vertex -15.107088088989258 -6.07907247543335 70.22747802734375
      vertex -14.922378540039062 -5.528005123138428 71.29377746582031
    endloop
  endfacet
  facet normal -0.7563011050224304 -0.3459318280220032 0.5552834868431091
    outer loop
      vertex -15.838323593139648 -5.152284622192383 70.28031921386719
      vertex -14.922378540039062 -5.528005123138428 71.29377746582031
      vertex -15.437301635742188 -4.548956871032715 71.20237731933594
    endloop
  endfacet
  facet normal -0.4784318804740906 -0.17463046312332153 0.8605853319168091
    outer loop
      vertex -13.617707252502441 -5.6768083572387695 72.3677749633789
      vertex -13.769351959228516 -4.198493957519531 72.58345031738281
      vertex -14.557430267333984 -4.8555707931518555 72.01199340820312
    endloop
  endfacet
  facet normal -0.5533684492111206 -0.6295951008796692 0.5453377962112427
    outer loop
      vertex -12.171782493591309 -6.148772239685059 73.29010772705078
      vertex -13.617707252502441 -5.6768083572387695 72.3677749633789
      vertex -12.725655555725098 -6.758861541748047 72.02372741699219
    endloop
  endfacet
  facet normal -0.4083958566188812 -0.7396287322044373 0.5349412560462952
    outer loop
      vertex -12.171782493591309 -6.148772239685059 73.29010772705078
      vertex -12.725655555725098 -6.758861541748047 72.02372741699219
      vertex -11.002741813659668 -7.319880485534668 72.56338500976562
    endloop
  endfacet
  facet normal -0.36155441403388977 -0.9252455234527588 0.114887535572052
    outer loop
      vertex -14.003997802734375 -6.857719421386719 69.95106506347656
      vertex -12.559178352355957 -7.404553413391113 70.09403228759766
      vertex -13.117338180541992 -7.071732044219971 71.01786041259766
    endloop
  endfacet
  facet normal -0.4303455948829651 -0.8007546663284302 0.41664692759513855
    outer loop
      vertex -14.081998825073242 -6.467652797698975 71.18246459960938
      vertex -13.117338180541992 -7.071732044219971 71.01786041259766
      vertex -12.725655555725098 -6.758861541748047 72.02372741699219
    endloop
  endfacet
  facet normal -0.38211140036582947 -0.8677343726158142 0.31784889101982117
    outer loop
      vertex -11.556734085083008 -7.6225786209106445 71.07101440429688
      vertex -11.002741813659668 -7.319880485534668 72.56338500976562
      vertex -12.725655555725098 -6.758861541748047 72.02372741699219
    endloop
  endfacet
  facet normal -0.31801512837409973 -0.8631138205528259 0.3923022150993347
    outer loop
      vertex -13.117338180541992 -7.071732044219971 71.01786041259766
      vertex -11.556734085083008 -7.6225786209106445 71.07101440429688
      vertex -12.725655555725098 -6.758861541748047 72.02372741699219
    endloop
  endfacet
  facet normal -0.5077006220817566 -0.6115115880966187 0.606872022151947
    outer loop
      vertex -12.725655555725098 -6.758861541748047 72.02372741699219
      vertex -13.617707252502441 -5.6768083572387695 72.3677749633789
      vertex -14.081998825073242 -6.467652797698975 71.18246459960938
    endloop
  endfacet
  facet normal -0.3338921070098877 -0.9329823851585388 0.13438788056373596
    outer loop
      vertex -11.556734085083008 -7.6225786209106445 71.07101440429688
      vertex -13.117338180541992 -7.071732044219971 71.01786041259766
      vertex -12.559178352355957 -7.404553413391113 70.09403228759766
    endloop
  endfacet
  facet normal -0.5496285557746887 -0.817584216594696 0.1716519296169281
    outer loop
      vertex -9.375038146972656 -8.371734619140625 72.65509796142578
      vertex -10.031489372253418 -8.170797348022461 71.51021575927734
      vertex -8.881478309631348 -8.979907989501953 71.3387222290039
    endloop
  endfacet
  facet normal -0.5418025851249695 -0.8239403963088989 0.166049063205719
    outer loop
      vertex -11.002741813659668 -7.319880485534668 72.56338500976562
      vertex -10.031489372253418 -8.170797348022461 71.51021575927734
      vertex -9.375038146972656 -8.371734619140625 72.65509796142578
    endloop
  endfacet
  facet normal -0.5929080843925476 -0.7350875735282898 0.3287952244281769
    outer loop
      vertex -9.129860877990723 -8.183024406433105 73.51911926269531
      vertex -9.82805347442627 -7.586374282836914 73.5940170288086
      vertex -9.375038146972656 -8.371734619140625 72.65509796142578
    endloop
  endfacet
  facet normal -0.6431236267089844 -0.762040913105011 0.07540427893400192
    outer loop
      vertex -9.129860877990723 -8.183024406433105 73.51911926269531
      vertex -9.192646980285645 -8.06251049041748 74.2015380859375
      vertex -9.82805347442627 -7.586374282836914 73.5940170288086
    endloop
  endfacet
  facet normal -0.9816709160804749 -0.19054058194160461 0.004076471086591482
    outer loop
      vertex -9.019472122192383 -8.958017349243164 74.04707336425781
      vertex -9.117720603942871 -8.42916488647461 75.10685729980469
      vertex -9.192646980285645 -8.06251049041748 74.2015380859375
    endloop
  endfacet
  facet normal -0.5207570195198059 -0.8523054718971252 -0.04886250197887421
    outer loop
      vertex -11.077347755432129 -6.7023701667785645 74.35243225097656
      vertex -9.8474702835083 -7.4817280769348145 74.83917999267578
      vertex -10.757746696472168 -6.971969127655029 75.64884948730469
    endloop
  endfacet
  facet normal -0.5492520332336426 -0.8302650451660156 -0.09477459639310837
    outer loop
      vertex -9.82812786102295 -7.660861968994141 76.29637145996094
      vertex -10.757746696472168 -6.971969127655029 75.64884948730469
      vertex -9.8474702835083 -7.4817280769348145 74.83917999267578
    endloop
  endfacet
  facet normal -0.7814283967018127 -0.62050461769104 -0.06590667366981506
    outer loop
      vertex -9.8474702835083 -7.4817280769348145 74.83917999267578
      vertex -9.117720603942871 -8.42916488647461 75.10685729980469
      vertex -9.82812786102295 -7.660861968994141 76.29637145996094
    endloop
  endfacet
  facet normal -0.5335150957107544 -0.8366308212280273 -0.12413982301950455
    outer loop
      vertex -11.007620811462402 -6.976919651031494 76.75609588623047
      vertex -10.757746696472168 -6.971969127655029 75.64884948730469
      vertex -9.82812786102295 -7.660861968994141 76.29637145996094
    endloop
  endfacet
  facet normal -0.4808715283870697 -0.8742371201515198 0.06687314063310623
    outer loop
      vertex -9.82812786102295 -7.660861968994141 76.29637145996094
      vertex -10.322479248046875 -7.2611565589904785 77.96696472167969
      vertex -11.007620811462402 -6.976919651031494 76.75609588623047
    endloop
  endfacet
  facet normal -0.31886613368988037 -0.9405523538589478 -0.1169854924082756
    outer loop
      vertex -12.451681137084961 -6.4559431076049805 76.1171875
      vertex -11.077347755432129 -6.7023701667785645 74.35243225097656
      vertex -10.757746696472168 -6.971969127655029 75.64884948730469
    endloop
  endfacet
  facet normal -0.6433792114257812 -0.6459665894508362 -0.4108410179615021
    outer loop
      vertex -11.077347755432129 -6.7023701667785645 74.35243225097656
      vertex -12.451681137084961 -6.4559431076049805 76.1171875
      vertex -12.317193984985352 -5.539722442626953 74.46600341796875
    endloop
  endfacet
  facet normal -0.9847687482833862 -0.008778313174843788 0.1736474633216858
    outer loop
      vertex -12.792263984680176 -3.855304718017578 73.2877197265625
      vertex -12.75361156463623 -4.93123197555542 73.45252990722656
      vertex -12.61887264251709 -3.995091438293457 74.26396942138672
    endloop
  endfacet
  facet normal -0.7481497526168823 0.6251508593559265 0.22239238023757935
    outer loop
      vertex -12.1011962890625 -3.066676139831543 73.39568328857422
      vertex -12.792263984680176 -3.855304718017578 73.2877197265625
      vertex -12.61887264251709 -3.995091438293457 74.26396942138672
    endloop
  endfacet
  facet normal -0.4536607265472412 0.8611565232276917 -0.22934997081756592
    outer loop
      vertex -10.297813415527344 -1.3866710662841797 76.58476257324219
      vertex -9.396566390991211 -1.1876240968704224 75.54944610595703
      vertex -10.947619438171387 -2.0312986373901367 75.44966888427734
    endloop
  endfacet
  facet normal -0.32516464591026306 0.8901033997535706 -0.3193491995334625
    outer loop
      vertex -10.947619438171387 -2.0312986373901367 75.44966888427734
      vertex -11.735880851745605 -1.8680992126464844 76.70716094970703
      vertex -10.297813415527344 -1.3866710662841797 76.58476257324219
    endloop
  endfacet
  facet normal -0.46243980526924133 0.8811810612678528 -0.09833365678787231
    outer loop
      vertex -9.83376407623291 -1.0462121963500977 77.4533462524414
      vertex -8.885139465332031 -0.6444607973098755 76.59233856201172
      vertex -10.297813415527344 -1.3866710662841797 76.58476257324219
    endloop
  endfacet
  facet normal -0.4749739170074463 0.8689876198768616 0.13878099620342255
    outer loop
      vertex -9.83376407623291 -1.0462121963500977 77.4533462524414
      vertex -9.607908248901367 -1.0992491245269775 78.55842590332031
      vertex -8.930901527404785 -0.5961860418319702 77.72549438476562
    endloop
  endfacet
  facet normal -0.4318830072879791 0.9002023935317993 -0.05579189211130142
    outer loop
      vertex -9.83376407623291 -1.0462121963500977 77.4533462524414
      vertex -8.930901527404785 -0.5961860418319702 77.72549438476562
      vertex -8.885139465332031 -0.6444607973098755 76.59233856201172
    endloop
  endfacet
  facet normal -0.5193734169006348 0.8531186580657959 0.04939504340291023
    outer loop
      vertex -8.719895362854004 -0.9062308073043823 74.45074462890625
      vertex -9.636174201965332 -1.4236748218536377 73.75331115722656
      vertex -9.865163803100586 -1.6178338527679443 74.69894409179688
    endloop
  endfacet
  facet normal -0.34602081775665283 0.9177563786506653 0.1949174702167511
    outer loop
      vertex -9.708794593811035 -0.7735641002655029 71.00474548339844
      vertex -9.629247665405273 -1.0535180568695068 72.46410369873047
      vertex -8.524534225463867 -0.4221029281616211 71.45223236083984
    endloop
  endfacet
  facet normal -0.4188447892665863 0.9019060134887695 0.10552095621824265
    outer loop
      vertex -9.629247665405273 -1.0535180568695068 72.46410369873047
      vertex -7.989945411682129 -0.2897372245788574 72.44282531738281
      vertex -8.524534225463867 -0.4221029281616211 71.45223236083984
    endloop
  endfacet
  facet normal -0.4143969416618347 0.8941459655761719 0.16964122653007507
    outer loop
      vertex -9.629247665405273 -1.0535180568695068 72.46410369873047
      vertex -8.614771842956543 -0.7599188089370728 73.39474487304688
      vertex -7.989945411682129 -0.2897372245788574 72.44282531738281
    endloop
  endfacet
  facet normal -0.52842777967453 0.8460031151771545 0.07101380825042725
    outer loop
      vertex -7.989945411682129 -0.2897372245788574 72.44282531738281
      vertex -8.614771842956543 -0.7599188089370728 73.39474487304688
      vertex -7.704519271850586 -0.21690714359283447 73.6990966796875
    endloop
  endfacet
  facet normal -0.5478940606117249 0.8348371386528015 -0.053471632301807404
    outer loop
      vertex -7.85249137878418 -0.22184550762176514 75.13818359375
      vertex -6.803651809692383 0.3980095386505127 74.06892395019531
      vertex -7.704519271850586 -0.21690714359283447 73.6990966796875
    endloop
  endfacet
  facet normal -0.5592846274375916 0.8260364532470703 -0.06974633038043976
    outer loop
      vertex -6.803651809692383 0.3980095386505127 74.06892395019531
      vertex -7.85249137878418 -0.22184550762176514 75.13818359375
      vertex -6.323573112487793 0.8159315586090088 75.16888427734375
    endloop
  endfacet
  facet normal -0.4666122794151306 0.8761761784553528 -0.1207825243473053
    outer loop
      vertex -4.2958292961120605 2.1036438941955566 75.90478515625
      vertex -3.98696231842041 2.087836265563965 74.59688568115234
      vertex -5.114579200744629 1.554694652557373 75.08564758300781
    endloop
  endfacet
  facet normal -0.4760439693927765 0.8785043954849243 -0.040152836591005325
    outer loop
      vertex -4.2958292961120605 2.1036438941955566 75.90478515625
      vertex -3.755249500274658 2.4444732666015625 76.95278930664062
      vertex -3.206634521484375 2.68782377243042 75.77278900146484
    endloop
  endfacet
  facet normal -0.5237615704536438 0.8479490280151367 -0.08158665150403976
    outer loop
      vertex -5.410310745239258 1.4663114547729492 76.06556701660156
      vertex -5.114579200744629 1.554694652557373 75.08564758300781
      vertex -6.323573112487793 0.8159315586090088 75.16888427734375
    endloop
  endfacet
  facet normal -0.5238094925880432 0.8461381793022156 -0.09835556894540787
    outer loop
      vertex -6.323573112487793 0.8159315586090088 75.16888427734375
      vertex -5.114579200744629 1.554694652557373 75.08564758300781
      vertex -5.557443618774414 1.1433298587799072 73.90528869628906
    endloop
  endfacet
  facet normal -0.5221251249313354 0.851047694683075 -0.05570651963353157
    outer loop
      vertex -6.466805458068848 0.8161721229553223 76.51504516601562
      vertex -6.323573112487793 0.8159315586090088 75.16888427734375
      vertex -7.373863220214844 0.22711443901062012 76.01746368408203
    endloop
  endfacet
  facet normal -0.5561133623123169 0.8227739930152893 -0.11739268153905869
    outer loop
      vertex -7.373863220214844 0.22711443901062012 76.01746368408203
      vertex -6.323573112487793 0.8159315586090088 75.16888427734375
      vertex -7.85249137878418 -0.22184550762176514 75.13818359375
    endloop
  endfacet
  facet normal -0.5271545052528381 0.8472862839698792 0.06491647660732269
    outer loop
      vertex -8.719895362854004 -0.9062308073043823 74.45074462890625
      vertex -7.704519271850586 -0.21690714359283447 73.6990966796875
      vertex -8.614771842956543 -0.7599188089370728 73.39474487304688
    endloop
  endfacet
  facet normal -0.5332678556442261 0.8349364399909973 -0.13603855669498444
    outer loop
      vertex -7.85249137878418 -0.22184550762176514 75.13818359375
      vertex -8.885139465332031 -0.6444607973098755 76.59233856201172
      vertex -7.373863220214844 0.22711443901062012 76.01746368408203
    endloop
  endfacet
  facet normal -0.5897092223167419 0.8055394887924194 -0.0578717477619648
    outer loop
      vertex -7.85249137878418 -0.22184550762176514 75.13818359375
      vertex -7.704519271850586 -0.21690714359283447 73.6990966796875
      vertex -8.719895362854004 -0.9062308073043823 74.45074462890625
    endloop
  endfacet
  facet normal -0.46770137548446655 0.8502253293991089 0.2416035234928131
    outer loop
      vertex -9.636174201965332 -1.4236748218536377 73.75331115722656
      vertex -8.614771842956543 -0.7599188089370728 73.39474487304688
      vertex -9.629247665405273 -1.0535180568695068 72.46410369873047
    endloop
  endfacet
  facet normal -0.5007935762405396 0.8192956447601318 0.2792143225669861
    outer loop
      vertex -11.065240859985352 -2.4033360481262207 74.06477355957031
      vertex -9.636174201965332 -1.4236748218536377 73.75331115722656
      vertex -10.418590545654297 -1.7233809232711792 73.22940826416016
    endloop
  endfacet
  facet normal -0.5688884258270264 0.8050810694694519 -0.16795983910560608
    outer loop
      vertex -12.098514556884766 -2.9679882526397705 74.85797882080078
      vertex -10.947619438171387 -2.0312986373901367 75.44966888427734
      vertex -11.065240859985352 -2.4033360481262207 74.06477355957031
    endloop
  endfacet
  facet normal -0.4639981687068939 0.8645883798599243 -0.1928543746471405
    outer loop
      vertex -11.065240859985352 -2.4033360481262207 74.06477355957031
      vertex -10.947619438171387 -2.0312986373901367 75.44966888427734
      vertex -9.865163803100586 -1.6178338527679443 74.69894409179688
    endloop
  endfacet
  facet normal -0.46029043197631836 0.868163526058197 -0.18553926050662994
    outer loop
      vertex -10.947619438171387 -2.0312986373901367 75.44966888427734
      vertex -9.396566390991211 -1.1876240968704224 75.54944610595703
      vertex -9.865163803100586 -1.6178338527679443 74.69894409179688
    endloop
  endfacet
  facet normal -0.5599828958511353 0.8277913331985474 0.034361016005277634
    outer loop
      vertex -9.865163803100586 -1.6178338527679443 74.69894409179688
      vertex -9.636174201965332 -1.4236748218536377 73.75331115722656
      vertex -11.065240859985352 -2.4033360481262207 74.06477355957031
    endloop
  endfacet
  facet normal -0.52765291929245 0.8469828963279724 0.06482484191656113
    outer loop
      vertex -9.636174201965332 -1.4236748218536377 73.75331115722656
      vertex -8.719895362854004 -0.9062308073043823 74.45074462890625
      vertex -8.614771842956543 -0.7599188089370728 73.39474487304688
    endloop
  endfacet
  facet normal -0.5501428246498108 0.8252865672111511 -0.12745556235313416
    outer loop
      vertex -7.85249137878418 -0.22184550762176514 75.13818359375
      vertex -8.719895362854004 -0.9062308073043823 74.45074462890625
      vertex -9.396566390991211 -1.1876240968704224 75.54944610595703
    endloop
  endfacet
  facet normal -0.5427064299583435 0.8311048746109009 -0.12138548493385315
    outer loop
      vertex -9.865163803100586 -1.6178338527679443 74.69894409179688
      vertex -9.396566390991211 -1.1876240968704224 75.54944610595703
      vertex -8.719895362854004 -0.9062308073043823 74.45074462890625
    endloop
  endfacet
  facet normal -0.5532239675521851 0.8184872269630432 -0.15499065816402435
    outer loop
      vertex -8.885139465332031 -0.6444607973098755 76.59233856201172
      vertex -7.85249137878418 -0.22184550762176514 75.13818359375
      vertex -9.396566390991211 -1.1876240968704224 75.54944610595703
    endloop
  endfacet
  facet normal -0.4940338730812073 0.8675779104232788 -0.05691194161772728
    outer loop
      vertex -8.930901527404785 -0.5961860418319702 77.72549438476562
      vertex -7.72712516784668 0.06231498718261719 77.31423950195312
      vertex -8.885139465332031 -0.6444607973098755 76.59233856201172
    endloop
  endfacet
  facet normal -0.47909748554229736 0.8670557737350464 0.136674165725708
    outer loop
      vertex -8.121854782104492 -0.3505289554595947 78.54962158203125
      vertex -6.529474258422852 0.5878350734710693 78.17860412597656
      vertex -7.72712516784668 0.06231498718261719 77.31423950195312
    endloop
  endfacet
  facet normal -0.46137940883636475 0.8811379075050354 0.10356251895427704
    outer loop
      vertex -7.72712516784668 0.06231498718261719 77.31423950195312
      vertex -6.529474258422852 0.5878350734710693 78.17860412597656
      vertex -6.466805458068848 0.8161721229553223 76.51504516601562
    endloop
  endfacet
  facet normal -0.46449145674705505 0.7900873422622681 0.4000120759010315
    outer loop
      vertex -7.018766403198242 -0.22216832637786865 79.57698822021484
      vertex -8.121854782104492 -0.3505289554595947 78.54962158203125
      vertex -8.515188217163086 -1.2758222818374634 79.92048645019531
    endloop
  endfacet
  facet normal -0.40102142095565796 0.74384605884552 0.534672737121582
    outer loop
      vertex -8.515188217163086 -1.2758222818374634 79.92048645019531
      vertex -7.156087875366211 -0.9485465288162231 80.48454284667969
      vertex -7.018766403198242 -0.22216832637786865 79.57698822021484
    endloop
  endfacet
  facet normal -0.4166216254234314 0.842257022857666 0.3420957922935486
    outer loop
      vertex -6.529474258422852 0.5878350734710693 78.17860412597656
      vertex -8.121854782104492 -0.3505289554595947 78.54962158203125
      vertex -7.018766403198242 -0.22216832637786865 79.57698822021484
    endloop
  endfacet
  facet normal -0.5481289625167847 0.7820424437522888 0.2965879440307617
    outer loop
      vertex -4.493776798248291 1.3617115020751953 79.56709289550781
      vertex -5.08342170715332 1.4485914707183838 78.24827575683594
      vertex -5.564392566680908 0.5589461326599121 79.7052001953125
    endloop
  endfacet
  facet normal -0.5173983573913574 0.7582711577415466 0.39664068818092346
    outer loop
      vertex -5.564392566680908 0.5589461326599121 79.7052001953125
      vertex -4.463294982910156 0.906644344329834 80.47682189941406
      vertex -4.493776798248291 1.3617115020751953 79.56709289550781
    endloop
  endfacet
  facet normal -0.5181828737258911 0.8295038342475891 0.20835047960281372
    outer loop
      vertex -4.203322410583496 2.108635902404785 77.80931854248047
      vertex -5.08342170715332 1.4485914707183838 78.24827575683594
      vertex -3.7218708992004395 2.123401641845703 78.94793701171875
    endloop
  endfacet
  facet normal -0.5375972390174866 0.8366727828979492 0.10472768545150757
    outer loop
      vertex -2.5997982025146484 2.931579113006592 78.68576049804688
      vertex -1.5535264015197754 3.5247788429260254 79.3174819946289
      vertex -1.6739144325256348 3.605597496032715 78.0538330078125
    endloop
  endfacet
  facet normal -0.34643784165382385 0.9271226525306702 -0.14291411638259888
    outer loop
      vertex -0.09912967681884766 4.199986934661865 76.40966796875
      vertex -0.8456201553344727 4.050629615783691 77.25031280517578
      vertex 0.4300943613052368 4.559787273406982 77.46089935302734
    endloop
  endfacet
  facet normal -0.2842092514038086 0.9024667739868164 -0.3236958086490631
    outer loop
      vertex -0.09912967681884766 4.199986934661865 76.40966796875
      vertex -0.03255152702331543 3.7925682067871094 75.21532440185547
      vertex -1.141697883605957 3.7669029235839844 76.11761474609375
    endloop
  endfacet
  facet normal -0.23431111872196198 0.9086732268333435 -0.34555935859680176
    outer loop
      vertex -1.4192986488342285 3.4156312942504883 75.16444396972656
      vertex -0.03255152702331543 3.7925682067871094 75.21532440185547
      vertex -0.8310704231262207 3.160764694213867 74.09539794921875
    endloop
  endfacet
  facet normal -0.13064756989479065 0.8928290009498596 -0.43103092908859253
    outer loop
      vertex -0.8310704231262207 3.160764694213867 74.09539794921875
      vertex 0.6708282232284546 3.2461800575256348 73.81709289550781
      vertex -0.06441426277160645 2.5014023780822754 72.49723052978516
    endloop
  endfacet
  facet normal -0.018000353127717972 0.8750280737876892 -0.48373740911483765
    outer loop
      vertex -0.06441426277160645 2.5014023780822754 72.49723052978516
      vertex 0.6708282232284546 3.2461800575256348 73.81709289550781
      vertex 1.3044370412826538 2.7757158279418945 72.94249725341797
    endloop
  endfacet
  facet normal -0.11915542930364609 0.9243903756141663 -0.3623596429824829
    outer loop
      vertex -0.06441426277160645 2.5014023780822754 72.49723052978516
      vertex 0.24248075485229492 1.840599775314331 70.71058654785156
      vertex -1.7061519622802734 2.1104745864868164 72.0398178100586
    endloop
  endfacet
  facet normal -0.03739281743764877 0.967214822769165 -0.251191645860672
    outer loop
      vertex -1.7061519622802734 2.1104745864868164 72.0398178100586
      vertex 0.24248075485229492 1.840599775314331 70.71058654785156
      vertex -1.506169319152832 1.753800630569458 70.63667297363281
    endloop
  endfacet
  facet normal 0.046436406672000885 0.990156888961792 -0.1320340782403946
    outer loop
      vertex 0.7903369665145874 1.5845143795013428 68.98281860351562
      vertex 0.24248075485229492 1.840599775314331 70.71058654785156
      vertex 2.0447804927825928 1.6290323734283447 69.75785827636719
    endloop
  endfacet
  facet normal 0.013715066947042942 0.9967444539070129 -0.07945121079683304
    outer loop
      vertex 2.0447804927825928 1.6290323734283447 69.75785827636719
      vertex 2.3820319175720215 1.5042717456817627 68.25090789794922
      vertex 0.7903369665145874 1.5845143795013428 68.98281860351562
    endloop
  endfacet
  facet normal 0.05548533424735069 0.9949363470077515 -0.08380459994077682
    outer loop
      vertex 3.308105230331421 1.5565102100372314 69.48422241210938
      vertex 3.9665684700012207 1.4272732734680176 68.3858642578125
      vertex 2.3820319175720215 1.5042717456817627 68.25090789794922
    endloop
  endfacet
  facet normal 0.04114815220236778 0.9836354851722717 -0.17540842294692993
    outer loop
      vertex 2.72117280960083 1.8204801082611084 70.82679748535156
      vertex 4.8948869705200195 1.5065360069274902 69.57621765136719
      vertex 3.308105230331421 1.5565102100372314 69.48422241210938
    endloop
  endfacet
  facet normal -0.006378019694238901 0.9672110676765442 -0.25389358401298523
    outer loop
      vertex 4.638988494873047 2.000472068786621 71.46430206298828
      vertex 4.8948869705200195 1.5065360069274902 69.57621765136719
      vertex 2.72117280960083 1.8204801082611084 70.82679748535156
    endloop
  endfacet
  facet normal 0.0848209336400032 0.9876256585121155 -0.1319127231836319
    outer loop
      vertex 4.8948869705200195 1.5065360069274902 69.57621765136719
      vertex 5.05293083190918 1.335418462753296 68.39669036865234
      vertex 3.9665684700012207 1.4272732734680176 68.3858642578125
    endloop
  endfacet
  facet normal 0.07848715782165527 0.9661298394203186 -0.24583108723163605
    outer loop
      vertex 4.8948869705200195 1.5065360069274902 69.57621765136719
      vertex 6.046929836273193 1.6737778186798096 70.60130310058594
      vertex 7.10484504699707 1.318873643875122 69.54427337646484
    endloop
  endfacet
  facet normal 0.0635836124420166 0.9635454416275024 -0.25987938046455383
    outer loop
      vertex 7.411590576171875 1.6511075496673584 70.85113525390625
      vertex 7.10484504699707 1.318873643875122 69.54427337646484
      vertex 6.046929836273193 1.6737778186798096 70.60130310058594
    endloop
  endfacet
  facet normal 0.07442126423120499 0.944207489490509 -0.3208327889442444
    outer loop
      vertex 6.307928562164307 2.0222597122192383 71.68742370605469
      vertex 7.411590576171875 1.6511075496673584 70.85113525390625
      vertex 6.046929836273193 1.6737778186798096 70.60130310058594
    endloop
  endfacet
  facet normal 0.06354338675737381 0.9239957332611084 -0.3770863115787506
    outer loop
      vertex 6.307928562164307 2.0222597122192383 71.68742370605469
      vertex 7.038547039031982 2.510226249694824 73.00623321533203
      vertex 7.409226417541504 2.0155887603759766 71.85665893554688
    endloop
  endfacet
  facet normal 0.15728691220283508 0.9245461225509644 -0.3470955789089203
    outer loop
      vertex 7.038547039031982 2.510226249694824 73.00623321533203
      vertex 8.677583694458008 1.848595380783081 71.98660278320312
      vertex 7.409226417541504 2.0155887603759766 71.85665893554688
    endloop
  endfacet
  facet normal 0.16201744973659515 0.9261650443077087 -0.3405418395996094
    outer loop
      vertex 8.730457305908203 2.6478538513183594 74.18548583984375
      vertex 8.677583694458008 1.848595380783081 71.98660278320312
      vertex 7.038547039031982 2.510226249694824 73.00623321533203
    endloop
  endfacet
  facet normal 0.24748526513576508 0.9047021865844727 -0.3467924892902374
    outer loop
      vertex 7.723391056060791 3.362208843231201 75.33039093017578
      vertex 8.986451148986816 3.104343891143799 75.55905151367188
      vertex 8.730457305908203 2.6478538513183594 74.18548583984375
    endloop
  endfacet
  facet normal 0.19536735117435455 0.8999843001365662 -0.3896920382976532
    outer loop
      vertex 7.723391056060791 3.362208843231201 75.33039093017578
      vertex 8.730457305908203 2.6478538513183594 74.18548583984375
      vertex 6.684286594390869 3.228944778442383 74.50167846679688
    endloop
  endfacet
  facet normal 0.19435051083564758 0.9007053375244141 -0.38853299617767334
    outer loop
      vertex 7.723391056060791 3.362208843231201 75.33039093017578
      vertex 6.684286594390869 3.228944778442383 74.50167846679688
      vertex 6.3314690589904785 3.849118709564209 75.76289367675781
    endloop
  endfacet
  facet normal 0.20790305733680725 0.9109079837799072 -0.3564029633998871
    outer loop
      vertex 8.18356990814209 3.7521510124206543 76.595458984375
      vertex 7.723391056060791 3.362208843231201 75.33039093017578
      vertex 6.3314690589904785 3.849118709564209 75.76289367675781
    endloop
  endfacet
  facet normal 0.24939657747745514 0.8961827158927917 -0.3669576644897461
    outer loop
      vertex 8.18356990814209 3.7521510124206543 76.595458984375
      vertex 8.986451148986816 3.104343891143799 75.55905151367188
      vertex 7.723391056060791 3.362208843231201 75.33039093017578
    endloop
  endfacet
  facet normal 0.3146207332611084 0.876564621925354 -0.36420926451683044
    outer loop
      vertex 9.492755889892578 3.347047805786133 76.58055114746094
      vertex 10.266319274902344 2.838374614715576 76.0245361328125
      vertex 8.986451148986816 3.104343891143799 75.55905151367188
    endloop
  endfacet
  facet normal 0.2296878844499588 0.8874039649963379 -0.39969703555107117
    outer loop
      vertex 7.62181282043457 4.396965503692627 77.70425415039062
      vertex 8.777647972106934 4.262861728668213 78.07072448730469
      vertex 8.18356990814209 3.7521510124206543 76.595458984375
    endloop
  endfacet
  facet normal 0.2799520194530487 0.8660661578178406 -0.414193719625473
    outer loop
      vertex 10.29433822631836 4.039124011993408 78.62802124023438
      vertex 9.507672309875488 3.751441478729248 77.49478149414062
      vertex 8.777647972106934 4.262861728668213 78.07072448730469
    endloop
  endfacet
  facet normal 0.2810027599334717 0.8662737607955933 -0.4130462408065796
    outer loop
      vertex 8.18356990814209 3.7521510124206543 76.595458984375
      vertex 8.777647972106934 4.262861728668213 78.07072448730469
      vertex 9.507672309875488 3.751441478729248 77.49478149414062
    endloop
  endfacet
  facet normal 0.2676749527454376 0.879531979560852 -0.39341282844543457
    outer loop
      vertex 9.507672309875488 3.751441478729248 77.49478149414062
      vertex 9.492755889892578 3.347047805786133 76.58055114746094
      vertex 8.18356990814209 3.7521510124206543 76.595458984375
    endloop
  endfacet
  facet normal 0.31402552127838135 0.8663591742515564 -0.3883422911167145
    outer loop
      vertex 9.507672309875488 3.751441478729248 77.49478149414062
      vertex 10.47382640838623 3.311917304992676 77.29550170898438
      vertex 9.492755889892578 3.347047805786133 76.58055114746094
    endloop
  endfacet
  facet normal 0.3052205443382263 0.8749785423278809 -0.3758363723754883
    outer loop
      vertex 10.266319274902344 2.838374614715576 76.0245361328125
      vertex 9.492755889892578 3.347047805786133 76.58055114746094
      vertex 10.47382640838623 3.311917304992676 77.29550170898438
    endloop
  endfacet
  facet normal 0.3058251142501831 0.8927890062332153 -0.33075493574142456
    outer loop
      vertex 10.266319274902344 2.838374614715576 76.0245361328125
      vertex 9.953661918640137 2.5753493309020996 75.02547454833984
      vertex 8.986451148986816 3.104343891143799 75.55905151367188
    endloop
  endfacet
  facet normal 0.29327425360679626 0.889543890953064 -0.3502885401248932
    outer loop
      vertex 8.986451148986816 3.104343891143799 75.55905151367188
      vertex 9.953661918640137 2.5753493309020996 75.02547454833984
      vertex 8.730457305908203 2.6478538513183594 74.18548583984375
    endloop
  endfacet
  facet normal 0.26941993832588196 0.9029887318611145 -0.33470019698143005
    outer loop
      vertex 8.730457305908203 2.6478538513183594 74.18548583984375
      vertex 9.963958740234375 1.9085571765899658 73.18385314941406
      vertex 8.677583694458008 1.848595380783081 71.98660278320312
    endloop
  endfacet
  facet normal 0.30884334444999695 0.9062773585319519 -0.28857794404029846
    outer loop
      vertex 10.610028266906738 2.037217617034912 74.27935028076172
      vertex 9.963958740234375 1.9085571765899658 73.18385314941406
      vertex 8.730457305908203 2.6478538513183594 74.18548583984375
    endloop
  endfacet
  facet normal 0.30396950244903564 0.8792589902877808 -0.36675095558166504
    outer loop
      vertex 9.953661918640137 2.5753493309020996 75.02547454833984
      vertex 10.610028266906738 2.037217617034912 74.27935028076172
      vertex 8.730457305908203 2.6478538513183594 74.18548583984375
    endloop
  endfacet
  facet normal 0.37448185682296753 0.8611021637916565 -0.34389886260032654
    outer loop
      vertex 11.336529731750488 2.1207456588745117 75.39302062988281
      vertex 9.953661918640137 2.5753493309020996 75.02547454833984
      vertex 10.266319274902344 2.838374614715576 76.0245361328125
    endloop
  endfacet
  facet normal 0.5308835506439209 0.763813853263855 -0.3670845627784729
    outer loop
      vertex 12.005748748779297 1.4155335426330566 74.5479736328125
      vertex 12.926992416381836 1.4309022426605225 75.91226959228516
      vertex 13.1618070602417 0.7729301452636719 74.88278198242188
    endloop
  endfacet
  facet normal 0.5304481387138367 0.7731262445449829 -0.34770771861076355
    outer loop
      vertex 12.495966911315918 0.7097983360290527 73.72663116455078
      vertex 12.005748748779297 1.4155335426330566 74.5479736328125
      vertex 13.1618070602417 0.7729301452636719 74.88278198242188
    endloop
  endfacet
  facet normal 0.582930326461792 0.7417040467262268 -0.3317640423774719
    outer loop
      vertex 13.812451362609863 -0.06617045402526855 74.30499267578125
      vertex 13.00904369354248 -0.04267382621765137 72.94588470458984
      vertex 12.495966911315918 0.7097983360290527 73.72663116455078
    endloop
  endfacet
  facet normal 0.6208422780036926 0.6989932060241699 -0.3549133241176605
    outer loop
      vertex 14.044245719909668 -0.8502941131591797 73.16615295410156
      vertex 13.00904369354248 -0.04267382621765137 72.94588470458984
      vertex 13.812451362609863 -0.06617045402526855 74.30499267578125
    endloop
  endfacet
  facet normal 0.6408112645149231 0.6719637513160706 -0.3712487518787384
    outer loop
      vertex 14.76333236694336 -0.5107389688491821 75.14163208007812
      vertex 13.812451362609863 -0.06617045402526855 74.30499267578125
      vertex 14.267768859863281 0.2949535846710205 75.74455261230469
    endloop
  endfacet
  facet normal 0.7127978801727295 0.6125338673591614 -0.34164518117904663
    outer loop
      vertex 14.751673698425293 -0.9848774671554565 74.28096008300781
      vertex 15.554463386535645 -1.361929178237915 75.27986145019531
      vertex 15.384988784790039 -1.7708287239074707 74.19316101074219
    endloop
  endfacet
  facet normal 0.7182656526565552 0.6151009798049927 -0.32518506050109863
    outer loop
      vertex 14.833263397216797 -1.5556883811950684 73.38146209716797
      vertex 14.751673698425293 -0.9848774671554565 74.28096008300781
      vertex 15.384988784790039 -1.7708287239074707 74.19316101074219
    endloop
  endfacet
  facet normal 0.7533286213874817 0.5453827381134033 -0.36749666929244995
    outer loop
      vertex 14.833263397216797 -1.5556883811950684 73.38146209716797
      vertex 15.384988784790039 -1.7708287239074707 74.19316101074219
      vertex 15.42466926574707 -2.504833459854126 73.1852035522461
    endloop
  endfacet
  facet normal 0.766022264957428 0.5607865452766418 -0.3142106235027313
    outer loop
      vertex 15.42466926574707 -2.504833459854126 73.1852035522461
      vertex 15.103241920471191 -2.7472939491271973 71.96885681152344
      vertex 14.311299324035645 -1.8270527124404907 71.68055725097656
    endloop
  endfacet
  facet normal 0.7673707604408264 0.565974235534668 -0.30135586857795715
    outer loop
      vertex 14.659918785095215 -2.696336507797241 70.93568420410156
      vertex 14.311299324035645 -1.8270527124404907 71.68055725097656
      vertex 15.103241920471191 -2.7472939491271973 71.96885681152344
    endloop
  endfacet
  facet normal 0.8539912700653076 0.3873744606971741 -0.34733253717422485
    outer loop
      vertex 15.08215618133545 -3.413083076477051 71.17446899414062
      vertex 14.659918785095215 -2.696336507797241 70.93568420410156
      vertex 15.103241920471191 -2.7472939491271973 71.96885681152344
    endloop
  endfacet
  facet normal 0.8735206723213196 0.3614179790019989 -0.32609638571739197
    outer loop
      vertex 15.597088813781738 -3.561018466949463 72.3898696899414
      vertex 15.08215618133545 -3.413083076477051 71.17446899414062
      vertex 15.103241920471191 -2.7472939491271973 71.96885681152344
    endloop
  endfacet
  facet normal 0.9145310521125793 0.1708446592092514 -0.3666675090789795
    outer loop
      vertex 15.597088813781738 -3.561018466949463 72.3898696899414
      vertex 15.379427909851074 -4.3272705078125 71.48995971679688
      vertex 15.08215618133545 -3.413083076477051 71.17446899414062
    endloop
  endfacet
  facet normal 0.907204270362854 -0.04749446362257004 -0.4180009365081787
    outer loop
      vertex 14.787468910217285 -4.128253936767578 70.1825942993164
      vertex 15.379427909851074 -4.3272705078125 71.48995971679688
      vertex 14.987309455871582 -5.076511383056641 70.72406005859375
    endloop
  endfacet
  facet normal 0.8950089812278748 -0.06348684430122375 -0.4415070116519928
    outer loop
      vertex 14.787468910217285 -4.128253936767578 70.1825942993164
      vertex 14.987309455871582 -5.076511383056641 70.72406005859375
      vertex 14.298322677612305 -5.137909889221191 69.33619689941406
    endloop
  endfacet
  facet normal 0.9079805612564087 0.1618770807981491 -0.3864803612232208
    outer loop
      vertex 14.787468910217285 -4.128253936767578 70.1825942993164
      vertex 15.08215618133545 -3.413083076477051 71.17446899414062
      vertex 15.379427909851074 -4.3272705078125 71.48995971679688
    endloop
  endfacet
  facet normal 0.8965367078781128 0.18731024861335754 -0.40141844749450684
    outer loop
      vertex 15.08215618133545 -3.413083076477051 71.17446899414062
      vertex 14.787468910217285 -4.128253936767578 70.1825942993164
      vertex 14.562314987182617 -3.2276570796966553 70.09996795654297
    endloop
  endfacet
  facet normal 0.7576658129692078 -0.5114100575447083 -0.4054654836654663
    outer loop
      vertex 13.695597648620605 -5.624748229980469 68.3604507446289
      vertex 13.802583694458008 -6.254450798034668 69.35460662841797
      vertex 12.97122573852539 -6.314465522766113 67.87680053710938
    endloop
  endfacet
  facet normal 0.564293384552002 -0.7799746990203857 -0.27057814598083496
    outer loop
      vertex 11.250456809997559 -8.136839866638184 68.71163177490234
      vertex 11.914795875549316 -7.440726280212402 68.09048461914062
      vertex 11.881158828735352 -8.014934539794922 69.6755599975586
    endloop
  endfacet
  facet normal 0.643867552280426 -0.6730074286460876 -0.36399948596954346
    outer loop
      vertex 11.914795875549316 -7.440726280212402 68.09048461914062
      vertex 12.97122573852539 -6.314465522766113 67.87680053710938
      vertex 12.984334945678711 -7.152246475219727 69.44898223876953
    endloop
  endfacet
  facet normal 0.5056394934654236 -0.7906445264816284 -0.3452681005001068
    outer loop
      vertex 10.583539962768555 -8.217445373535156 67.91952514648438
      vertex 11.914795875549316 -7.440726280212402 68.09048461914062
      vertex 11.250456809997559 -8.136839866638184 68.71163177490234
    endloop
  endfacet
  facet normal 0.44203850626945496 -0.8791487216949463 -0.17804402112960815
    outer loop
      vertex 11.250456809997559 -8.136839866638184 68.71163177490234
      vertex 11.881158828735352 -8.014934539794922 69.6755599975586
      vertex 10.494501113891602 -8.649640083312988 69.36689758300781
    endloop
  endfacet
  facet normal 0.39322566986083984 -0.8873549699783325 -0.2407795935869217
    outer loop
      vertex 10.583539962768555 -8.217445373535156 67.91952514648438
      vertex 11.250456809997559 -8.136839866638184 68.71163177490234
      vertex 10.494501113891602 -8.649640083312988 69.36689758300781
    endloop
  endfacet
  facet normal 0.37912416458129883 -0.9132345914840698 -0.1492229402065277
    outer loop
      vertex 9.9105224609375 -9.14352035522461 70.90572357177734
      vertex 10.494501113891602 -8.649640083312988 69.36689758300781
      vertex 11.378377914428711 -8.555439949035645 71.03602600097656
    endloop
  endfacet
  facet normal 0.25361087918281555 -0.9569465517997742 -0.14119085669517517
    outer loop
      vertex 7.706223487854004 -9.554258346557617 68.95564270019531
      vertex 8.177740097045898 -9.693284034729004 70.74486541748047
      vertex 6.7513604164123535 -10.00373649597168 70.28691101074219
    endloop
  endfacet
  facet normal 0.1102859303355217 -0.988841712474823 -0.10014506429433823
    outer loop
      vertex 4.5279107093811035 -10.177416801452637 68.74256134033203
      vertex 5.543540954589844 -10.168795585632324 69.77590942382812
      vertex 4.2427754402160645 -10.370779037475586 70.33782958984375
    endloop
  endfacet
  facet normal 0.05068010091781616 -0.9946264624595642 -0.09027568250894547
    outer loop
      vertex 2.9759294986724854 -10.423015594482422 70.20215606689453
      vertex 4.2427754402160645 -10.370779037475586 70.33782958984375
      vertex 3.237837791442871 -10.532243728637695 71.55262756347656
    endloop
  endfacet
  facet normal 0.004730407148599625 -0.9956222772598267 -0.09334836155176163
    outer loop
      vertex 1.8289090394973755 -10.368056297302246 69.55785369873047
      vertex 3.224294424057007 -10.306291580200195 68.96980285644531
      vertex 2.9759294986724854 -10.423015594482422 70.20215606689453
    endloop
  endfacet
  facet normal 0.0500500313937664 -0.995193362236023 -0.08417415618896484
    outer loop
      vertex 4.2427754402160645 -10.370779037475586 70.33782958984375
      vertex 2.9759294986724854 -10.423015594482422 70.20215606689453
      vertex 3.224294424057007 -10.306291580200195 68.96980285644531
    endloop
  endfacet
  facet normal 0.07751213759183884 -0.9901190996170044 -0.1168593168258667
    outer loop
      vertex 4.5279107093811035 -10.177416801452637 68.74256134033203
      vertex 3.224294424057007 -10.306291580200195 68.96980285644531
      vertex 3.627640724182129 -10.117201805114746 67.6352310180664
    endloop
  endfacet
  facet normal 0.07952340692281723 -0.9911888837814331 -0.10592800378799438
    outer loop
      vertex 4.5279107093811035 -10.177416801452637 68.74256134033203
      vertex 4.2427754402160645 -10.370779037475586 70.33782958984375
      vertex 3.224294424057007 -10.306291580200195 68.96980285644531
    endloop
  endfacet
  facet normal -0.033948592841625214 -0.9973893761634827 -0.06373366713523865
    outer loop
      vertex 0.5440118312835693 -10.257357597351074 68.5099105834961
      vertex 1.8289090394973755 -10.368056297302246 69.55785369873047
      vertex 0.4730231761932373 -10.321523666381836 69.5518798828125
    endloop
  endfacet
  facet normal -0.02646765112876892 -0.9976473450660706 -0.06323987990617752
    outer loop
      vertex 0.4730231761932373 -10.321523666381836 69.5518798828125
      vertex -1.2206652164459229 -10.258832931518555 69.2717514038086
      vertex 0.5440118312835693 -10.257357597351074 68.5099105834961
    endloop
  endfacet
  facet normal -0.054667457938194275 -0.9901956915855408 -0.1285455971956253
    outer loop
      vertex -0.5565221309661865 -10.08987808227539 67.68783569335938
      vertex 0.5440118312835693 -10.257357597351074 68.5099105834961
      vertex -1.2206652164459229 -10.258832931518555 69.2717514038086
    endloop
  endfacet
  facet normal -0.1011529341340065 -0.9838960766792297 -0.14736518263816833
    outer loop
      vertex -0.5565221309661865 -10.08987808227539 67.68783569335938
      vertex -1.2206652164459229 -10.258832931518555 69.2717514038086
      vertex -2.6320080757141113 -9.909128189086914 67.90567779541016
    endloop
  endfacet
  facet normal -0.04341999441385269 -0.9777086973190308 -0.20542733371257782
    outer loop
      vertex -2.6320080757141113 -9.909128189086914 67.90567779541016
      vertex -1.2206652164459229 -10.258832931518555 69.2717514038086
      vertex -2.5592074394226074 -10.208725929260254 69.31619262695312
    endloop
  endfacet
  facet normal -0.11532144248485565 -0.9560117721557617 -0.26970821619033813
    outer loop
      vertex -3.9309582710266113 -9.857004165649414 68.27632141113281
      vertex -2.6320080757141113 -9.909128189086914 67.90567779541016
      vertex -3.5585556030273438 -10.178478240966797 69.256591796875
    endloop
  endfacet
  facet normal -0.01726948283612728 -0.9782130122184753 -0.20688416063785553
    outer loop
      vertex -3.5585556030273438 -10.178478240966797 69.256591796875
      vertex -2.6320080757141113 -9.909128189086914 67.90567779541016
      vertex -2.5592074394226074 -10.208725929260254 69.31619262695312
    endloop
  endfacet
  facet normal -0.182867169380188 -0.8728803396224976 -0.45237094163894653
    outer loop
      vertex -6.688068389892578 -9.463964462280273 68.66905975341797
      vertex -5.034915447235107 -9.889111518859863 68.82113647460938
      vertex -6.51101016998291 -10.098502159118652 69.82186889648438
    endloop
  endfacet
  facet normal -0.3549535274505615 -0.7879515886306763 -0.5031304955482483
    outer loop
      vertex -6.51101016998291 -10.098502159118652 69.82186889648438
      vertex -8.029699325561523 -10.057672500610352 70.829345703125
      vertex -8.295595169067383 -9.133241653442383 69.56918334960938
    endloop
  endfacet
  facet normal -0.43878185749053955 -0.8960447311401367 -0.06763405352830887
    outer loop
      vertex -8.295595169067383 -9.133241653442383 69.56918334960938
      vertex -8.881478309631348 -8.979907989501953 71.3387222290039
      vertex -9.893366813659668 -8.405414581298828 70.29230499267578
    endloop
  endfacet
  facet normal -0.8099959492683411 -0.48288941383361816 -0.33275267481803894
    outer loop
      vertex -9.069851875305176 -9.669792175292969 72.79842376708984
      vertex -8.881478309631348 -8.979907989501953 71.3387222290039
      vertex -8.029699325561523 -10.057672500610352 70.829345703125
    endloop
  endfacet
  facet normal -0.9392997622489929 -0.24711865186691284 -0.2380092740058899
    outer loop
      vertex -9.375038146972656 -8.371734619140625 72.65509796142578
      vertex -8.881478309631348 -8.979907989501953 71.3387222290039
      vertex -9.069851875305176 -9.669792175292969 72.79842376708984
    endloop
  endfacet
  facet normal -0.963550865650177 0.04266868531703949 0.2641008198261261
    outer loop
      vertex -9.375038146972656 -8.371734619140625 72.65509796142578
      vertex -9.019472122192383 -8.958017349243164 74.04707336425781
      vertex -9.129860877990723 -8.183024406433105 73.51911926269531
    endloop
  endfacet
  facet normal -0.9649354219436646 -0.2093881070613861 0.1582913100719452
    outer loop
      vertex -9.069851875305176 -9.669792175292969 72.79842376708984
      vertex -9.019472122192383 -8.958017349243164 74.04707336425781
      vertex -9.375038146972656 -8.371734619140625 72.65509796142578
    endloop
  endfacet
  facet normal -0.7673303484916687 -0.6396633386611938 -0.04511236399412155
    outer loop
      vertex -9.82812786102295 -7.660861968994141 76.29637145996094
      vertex -9.117720603942871 -8.42916488647461 75.10685729980469
      vertex -8.926368713378906 -8.751827239990234 76.42723083496094
    endloop
  endfacet
  facet normal -0.8438495397567749 -0.431676983833313 0.31870508193969727
    outer loop
      vertex -8.481609344482422 -8.583715438842773 77.8325424194336
      vertex -8.926368713378906 -8.751827239990234 76.42723083496094
      vertex -8.312993049621582 -9.351343154907227 77.23926544189453
    endloop
  endfacet
  facet normal -0.6777119040489197 -0.537056565284729 0.5022717118263245
    outer loop
      vertex -7.618949890136719 -9.413018226623535 78.10978698730469
      vertex -8.481609344482422 -8.583715438842773 77.8325424194336
      vertex -8.312993049621582 -9.351343154907227 77.23926544189453
    endloop
  endfacet
  facet normal -0.5588231086730957 -0.5283913612365723 0.6391552090644836
    outer loop
      vertex -6.709478378295898 -9.418830871582031 78.900146484375
      vertex -7.618949890136719 -9.413018226623535 78.10978698730469
      vertex -6.535430908203125 -10.391642570495605 78.24809265136719
    endloop
  endfacet
  facet normal -0.3861013650894165 -0.634913980960846 0.6691860556602478
    outer loop
      vertex -6.709478378295898 -9.418830871582031 78.900146484375
      vertex -5.474365711212158 -9.463308334350586 79.57057189941406
      vertex -6.627814292907715 -8.552227020263672 79.76948547363281
    endloop
  endfacet
  facet normal -0.5049309730529785 -0.5871278047561646 0.6327129006385803
    outer loop
      vertex -6.709478378295898 -9.418830871582031 78.900146484375
      vertex -6.627814292907715 -8.552227020263672 79.76948547363281
      vertex -7.731941223144531 -8.600236892700195 78.84379577636719
    endloop
  endfacet
  facet normal -0.4367559552192688 -0.7059546709060669 0.5575591921806335
    outer loop
      vertex -7.731941223144531 -8.600236892700195 78.84379577636719
      vertex -6.627814292907715 -8.552227020263672 79.76948547363281
      vertex -7.754400253295898 -7.953804969787598 79.64468383789062
    endloop
  endfacet
  facet normal -0.501167356967926 -0.6801871657371521 0.5349549055099487
    outer loop
      vertex -7.731941223144531 -8.600236892700195 78.84379577636719
      vertex -7.754400253295898 -7.953804969787598 79.64468383789062
      vertex -8.885886192321777 -7.775790691375732 78.81100463867188
    endloop
  endfacet
  facet normal -0.5425913333892822 -0.7439287900924683 0.3900828957557678
    outer loop
      vertex -8.481609344482422 -8.583715438842773 77.8325424194336
      vertex -7.731941223144531 -8.600236892700195 78.84379577636719
      vertex -8.885886192321777 -7.775790691375732 78.81100463867188
    endloop
  endfacet
  facet normal -0.7674328088760376 -0.6110630035400391 0.19403333961963654
    outer loop
      vertex -8.926368713378906 -8.751827239990234 76.42723083496094
      vertex -9.277048110961914 -7.972338676452637 77.49505615234375
      vertex -9.82812786102295 -7.660861968994141 76.29637145996094
    endloop
  endfacet
  facet normal -0.308298259973526 -0.8209378719329834 -0.480638325214386
    outer loop
      vertex -12.317193984985352 -5.539722442626953 74.46600341796875
      vertex -12.451681137084961 -6.4559431076049805 76.1171875
      vertex -14.088171005249023 -5.252982139587402 75.11221313476562
    endloop
  endfacet
  facet normal -0.36356183886528015 -0.1902846097946167 -0.9119290709495544
    outer loop
      vertex -12.61887264251709 -3.995091438293457 74.26396942138672
      vertex -12.317193984985352 -5.539722442626953 74.46600341796875
      vertex -14.088171005249023 -5.252982139587402 75.11221313476562
    endloop
  endfacet
  facet normal -0.30398643016815186 0.7469937801361084 -0.5912635326385498
    outer loop
      vertex -12.709076881408691 -2.5215096473693848 75.7359619140625
      vertex -10.947619438171387 -2.0312986373901367 75.44966888427734
      vertex -12.098514556884766 -2.9679882526397705 74.85797882080078
    endloop
  endfacet
  facet normal -0.30108195543289185 0.9031853675842285 -0.30595073103904724
    outer loop
      vertex -11.735880851745605 -1.8680992126464844 76.70716094970703
      vertex -10.947619438171387 -2.0312986373901367 75.44966888427734
      vertex -12.709076881408691 -2.5215096473693848 75.7359619140625
    endloop
  endfacet
  facet normal -0.2862275540828705 0.902914822101593 -0.32065361738204956
    outer loop
      vertex -12.709076881408691 -2.5215096473693848 75.7359619140625
      vertex -13.45749568939209 -2.228513240814209 77.22906494140625
      vertex -11.735880851745605 -1.8680992126464844 76.70716094970703
    endloop
  endfacet
  facet normal -0.22159592807292938 0.9733641743659973 -0.05880143865942955
    outer loop
      vertex -12.2984619140625 -1.9269165992736816 77.85364532470703
      vertex -11.735880851745605 -1.8680992126464844 76.70716094970703
      vertex -13.45749568939209 -2.228513240814209 77.22906494140625
    endloop
  endfacet
  facet normal -0.07322868704795837 0.9465196132659912 0.3142264485359192
    outer loop
      vertex -13.45749568939209 -2.228513240814209 77.22906494140625
      vertex -14.767141342163086 -2.3061487674713135 77.15771484375
      vertex -14.977371215820312 -2.7591135501861572 78.47315216064453
    endloop
  endfacet
  facet normal -0.15248674154281616 0.9625328779220581 0.22422818839550018
    outer loop
      vertex -13.384481430053711 -2.601688861846924 78.88063049316406
      vertex -13.45749568939209 -2.228513240814209 77.22906494140625
      vertex -14.977371215820312 -2.7591135501861572 78.47315216064453
    endloop
  endfacet
  facet normal -0.26596808433532715 0.7864678502082825 0.5574310421943665
    outer loop
      vertex -13.384481430053711 -2.601688861846924 78.88063049316406
      vertex -12.190954208374023 -2.78446102142334 79.70796966552734
      vertex -11.791784286499023 -2.0110437870025635 78.8072280883789
    endloop
  endfacet
  facet normal -0.3761695921421051 0.7787804007530212 0.5019936561584473
    outer loop
      vertex -10.974897384643555 -2.1802525520324707 79.68186950683594
      vertex -11.791784286499023 -2.0110437870025635 78.8072280883789
      vertex -12.190954208374023 -2.78446102142334 79.70796966552734
    endloop
  endfacet
  facet normal -0.27196967601776123 0.935146689414978 0.2270093560218811
    outer loop
      vertex -10.92086124420166 -1.5043522119522095 77.76336669921875
      vertex -12.2984619140625 -1.9269165992736816 77.85364532470703
      vertex -11.791784286499023 -2.0110437870025635 78.8072280883789
    endloop
  endfacet
  facet normal -0.29768630862236023 0.9496869444847107 -0.09735376387834549
    outer loop
      vertex -12.2984619140625 -1.9269165992736816 77.85364532470703
      vertex -10.92086124420166 -1.5043522119522095 77.76336669921875
      vertex -11.735880851745605 -1.8680992126464844 76.70716094970703
    endloop
  endfacet
  facet normal -0.3963271379470825 0.8965797424316406 0.19766032695770264
    outer loop
      vertex -9.607908248901367 -1.0992491245269775 78.55842590332031
      vertex -10.92086124420166 -1.5043522119522095 77.76336669921875
      vertex -10.641589164733887 -1.6339489221572876 78.91117858886719
    endloop
  endfacet
  facet normal -0.3150137960910797 0.8656689524650574 0.3890805244445801
    outer loop
      vertex -9.90640640258789 -1.6723337173461914 79.59181213378906
      vertex -9.607908248901367 -1.0992491245269775 78.55842590332031
      vertex -10.641589164733887 -1.6339489221572876 78.91117858886719
    endloop
  endfacet
  facet normal -0.44243207573890686 0.8801578283309937 0.17197738587856293
    outer loop
      vertex -9.607908248901367 -1.0992491245269775 78.55842590332031
      vertex -8.121854782104492 -0.3505289554595947 78.54962158203125
      vertex -8.930901527404785 -0.5961860418319702 77.72549438476562
    endloop
  endfacet
  facet normal -0.4043853282928467 0.8076667189598083 0.42912349104881287
    outer loop
      vertex -8.121854782104492 -0.3505289554595947 78.54962158203125
      vertex -9.607908248901367 -1.0992491245269775 78.55842590332031
      vertex -8.515188217163086 -1.2758222818374634 79.92048645019531
    endloop
  endfacet
  facet normal -0.42447519302368164 0.6108259558677673 0.6683655977249146
    outer loop
      vertex -7.156087875366211 -0.9485465288162231 80.48454284667969
      vertex -8.515188217163086 -1.2758222818374634 79.92048645019531
      vertex -7.36128044128418 -1.8818275928497314 81.20716094970703
    endloop
  endfacet
  facet normal -0.4872853457927704 0.5806271433830261 0.6522462368011475
    outer loop
      vertex -5.363615989685059 -0.918289303779602 81.62589263916016
      vertex -4.832162380218506 0.11513018608093262 81.10298919677734
      vertex -6.113201141357422 -0.41722655296325684 80.61984252929688
    endloop
  endfacet
  facet normal -0.49850285053253174 0.5816230773925781 0.6428137421607971
    outer loop
      vertex -5.363615989685059 -0.918289303779602 81.62589263916016
      vertex -4.2983078956604 -0.561673641204834 82.1293716430664
      vertex -4.832162380218506 0.11513018608093262 81.10298919677734
    endloop
  endfacet
  facet normal -0.5568034052848816 0.7352701425552368 0.3864554464817047
    outer loop
      vertex -4.463294982910156 0.906644344329834 80.47682189941406
      vertex -3.4152441024780273 1.656263828277588 80.56062316894531
      vertex -4.493776798248291 1.3617115020751953 79.56709289550781
    endloop
  endfacet
  facet normal -0.5175014138221741 0.7905723452568054 0.32739537954330444
    outer loop
      vertex -4.493776798248291 1.3617115020751953 79.56709289550781
      vertex -3.4152441024780273 1.656263828277588 80.56062316894531
      vertex -3.7218708992004395 2.123401641845703 78.94793701171875
    endloop
  endfacet
  facet normal -0.5375220775604248 0.8156765103340149 0.21387311816215515
    outer loop
      vertex -2.3594160079956055 2.6998400688171387 80.17372131347656
      vertex -2.5997982025146484 2.931579113006592 78.68576049804688
      vertex -3.7218708992004395 2.123401641845703 78.94793701171875
    endloop
  endfacet
  facet normal -0.5769622325897217 0.7877218127250671 0.21589098870754242
    outer loop
      vertex -2.5997982025146484 2.931579113006592 78.68576049804688
      vertex -2.3594160079956055 2.6998400688171387 80.17372131347656
      vertex -1.5535264015197754 3.5247788429260254 79.3174819946289
    endloop
  endfacet
  facet normal -0.3652383089065552 0.9301997423171997 -0.03646252676844597
    outer loop
      vertex -0.6324870586395264 4.183320999145508 78.50050354003906
      vertex 0.4300943613052368 4.559787273406982 77.46089935302734
      vertex -0.8456201553344727 4.050629615783691 77.25031280517578
    endloop
  endfacet
  facet normal -0.15689370036125183 0.9559206962585449 -0.24819336831569672
    outer loop
      vertex 0.4300943613052368 4.559787273406982 77.46089935302734
      vertex 1.4660027027130127 4.372450351715088 76.08452606201172
      vertex -0.09912967681884766 4.199986934661865 76.40966796875
    endloop
  endfacet
  facet normal -0.17029713094234467 0.9296836256980896 -0.3266301155090332
    outer loop
      vertex -0.09912967681884766 4.199986934661865 76.40966796875
      vertex 1.4660027027130127 4.372450351715088 76.08452606201172
      vertex -0.03255152702331543 3.7925682067871094 75.21532440185547
    endloop
  endfacet
  facet normal -0.12833289802074432 0.9001248478889465 -0.41630035638809204
    outer loop
      vertex -0.8310704231262207 3.160764694213867 74.09539794921875
      vertex -0.03255152702331543 3.7925682067871094 75.21532440185547
      vertex 0.6708282232284546 3.2461800575256348 73.81709289550781
    endloop
  endfacet
  facet normal -0.017635973170399666 0.9299507737159729 -0.36726096272468567
    outer loop
      vertex 2.72117280960083 1.8204801082611084 70.82679748535156
      vertex 1.0592668056488037 2.043893337249756 71.4723129272461
      vertex 1.770469069480896 2.2952332496643066 72.0745849609375
    endloop
  endfacet
  facet normal 0.011714928783476353 0.9178075194358826 -0.3968527913093567
    outer loop
      vertex 1.770469069480896 2.2952332496643066 72.0745849609375
      vertex 1.0592668056488037 2.043893337249756 71.4723129272461
      vertex -0.06441426277160645 2.5014023780822754 72.49723052978516
    endloop
  endfacet
  facet normal -0.02733815275132656 0.8719434142112732 -0.4888429045677185
    outer loop
      vertex 0.6708282232284546 3.2461800575256348 73.81709289550781
      vertex 2.0292086601257324 3.179424285888672 73.62205505371094
      vertex 1.3044370412826538 2.7757158279418945 72.94249725341797
    endloop
  endfacet
  facet normal 0.01683768257498741 0.8516222834587097 -0.5238856077194214
    outer loop
      vertex 2.64768385887146 2.6896562576293945 72.84577178955078
      vertex 1.3044370412826538 2.7757158279418945 72.94249725341797
      vertex 2.0292086601257324 3.179424285888672 73.62205505371094
    endloop
  endfacet
  facet normal 0.022147366777062416 0.8796571493148804 -0.47509244084358215
    outer loop
      vertex 2.64768385887146 2.6896562576293945 72.84577178955078
      vertex 1.770469069480896 2.2952332496643066 72.0745849609375
      vertex 1.3044370412826538 2.7757158279418945 72.94249725341797
    endloop
  endfacet
  facet normal 0.021190736442804337 0.9436783194541931 -0.3301849961280823
    outer loop
      vertex 3.192157745361328 2.2068419456481934 71.96125793457031
      vertex 4.638988494873047 2.000472068786621 71.46430206298828
      vertex 2.72117280960083 1.8204801082611084 70.82679748535156
    endloop
  endfacet
  facet normal 0.03193745017051697 0.9420047402381897 -0.3340766429901123
    outer loop
      vertex 3.192157745361328 2.2068419456481934 71.96125793457031
      vertex 2.72117280960083 1.8204801082611084 70.82679748535156
      vertex 1.770469069480896 2.2952332496643066 72.0745849609375
    endloop
  endfacet
  facet normal 0.01731031760573387 0.8820599317550659 -0.47081926465034485
    outer loop
      vertex 1.770469069480896 2.2952332496643066 72.0745849609375
      vertex 2.64768385887146 2.6896562576293945 72.84577178955078
      vertex 3.192157745361328 2.2068419456481934 71.96125793457031
    endloop
  endfacet
  facet normal 0.03178853914141655 0.8854047060012817 -0.4637327194213867
    outer loop
      vertex 2.64768385887146 2.6896562576293945 72.84577178955078
      vertex 4.08990478515625 2.5723514556884766 72.72066497802734
      vertex 3.192157745361328 2.2068419456481934 71.96125793457031
    endloop
  endfacet
  facet normal 0.029279954731464386 0.9497124552726746 -0.3117513954639435
    outer loop
      vertex 6.307928562164307 2.0222597122192383 71.68742370605469
      vertex 6.046929836273193 1.6737778186798096 70.60130310058594
      vertex 4.638988494873047 2.000472068786621 71.46430206298828
    endloop
  endfacet
  facet normal 0.04027726501226425 0.9194839000701904 -0.391059011220932
    outer loop
      vertex 5.472344398498535 2.419696807861328 72.53584289550781
      vertex 6.307928562164307 2.0222597122192383 71.68742370605469
      vertex 4.638988494873047 2.000472068786621 71.46430206298828
    endloop
  endfacet
  facet normal 0.04826872795820236 0.916871964931488 -0.39625218510627747
    outer loop
      vertex 4.08990478515625 2.5723514556884766 72.72066497802734
      vertex 5.472344398498535 2.419696807861328 72.53584289550781
      vertex 4.638988494873047 2.000472068786621 71.46430206298828
    endloop
  endfacet
  facet normal 0.0668356791138649 0.8699409365653992 -0.48860588669776917
    outer loop
      vertex 5.213186264038086 3.012962818145752 73.65880584716797
      vertex 4.08990478515625 2.5723514556884766 72.72066497802734
      vertex 3.502251625061035 3.298643112182617 73.93341064453125
    endloop
  endfacet
  facet normal 0.1526971012353897 0.896795928478241 -0.4152596592903137
    outer loop
      vertex 4.967928409576416 3.6587681770324707 74.85041809082031
      vertex 4.558103561401367 4.3818793296813965 76.2613525390625
      vertex 6.3314690589904785 3.849118709564209 75.76289367675781
    endloop
  endfacet
  facet normal 0.19323600828647614 0.9034700393676758 -0.3826248347759247
    outer loop
      vertex 6.5652174949646 4.354161262512207 77.07347106933594
      vertex 6.3314690589904785 3.849118709564209 75.76289367675781
      vertex 5.5936994552612305 4.390196323394775 76.66791534423828
    endloop
  endfacet
  facet normal 0.14326214790344238 0.903305172920227 -0.4043707847595215
    outer loop
      vertex 6.50018310546875 4.968360900878906 78.4224624633789
      vertex 6.5652174949646 4.354161262512207 77.07347106933594
      vertex 5.06435489654541 4.831269264221191 77.60752868652344
    endloop
  endfacet
  facet normal 0.019670868292450905 0.9446129202842712 -0.3275964558124542
    outer loop
      vertex 4.958087921142578 5.352211952209473 78.91801452636719
      vertex 3.3861002922058105 5.229955196380615 78.47109985351562
      vertex 3.513451099395752 5.612532138824463 79.58189392089844
    endloop
  endfacet
  facet normal -0.11927445977926254 0.9382455945014954 -0.32475966215133667
    outer loop
      vertex 2.1358845233917236 5.742265701293945 80.46263885498047
      vertex 3.513451099395752 5.612532138824463 79.58189392089844
      vertex 1.9969052076339722 5.301803112030029 79.24116516113281
    endloop
  endfacet
  facet normal -0.3775787651538849 0.8839530944824219 -0.2757919728755951
    outer loop
      vertex 0.8022786378860474 5.013546466827393 79.95278930664062
      vertex 2.1358845233917236 5.742265701293945 80.46263885498047
      vertex 1.9969052076339722 5.301803112030029 79.24116516113281
    endloop
  endfacet
  facet normal -0.3053702414035797 0.9432410597801208 -0.13055755198001862
    outer loop
      vertex 0.8022786378860474 5.013546466827393 79.95278930664062
      vertex 1.9969052076339722 5.301803112030029 79.24116516113281
      vertex 0.5529624223709106 4.775442123413086 78.8156967163086
    endloop
  endfacet
  facet normal -0.5139296650886536 0.8552581667900085 -0.06640592217445374
    outer loop
      vertex -0.48038673400878906 4.220629692077637 79.66744232177734
      vertex 0.8022786378860474 5.013546466827393 79.95278930664062
      vertex 0.5529624223709106 4.775442123413086 78.8156967163086
    endloop
  endfacet
  facet normal -0.8694689273834229 0.4767969846725464 -0.12918366491794586
    outer loop
      vertex 0.02081608772277832 5.412064552307129 82.3042984008789
      vertex -0.5294606685638428 4.215216159820557 81.59054565429688
      vertex -0.5160982608795166 4.512996196746826 82.59967041015625
    endloop
  endfacet
  facet normal -0.9800365567207336 0.18268407881259918 -0.0784531682729721
    outer loop
      vertex -0.6226005554199219 4.288703441619873 83.4078140258789
      vertex -0.47695350646972656 5.030397891998291 83.31548309326172
      vertex -0.5160982608795166 4.512996196746826 82.59967041015625
    endloop
  endfacet
  facet normal -0.9366967678070068 0.3491339683532715 -0.02654494345188141
    outer loop
      vertex -0.5160982608795166 4.512996196746826 82.59967041015625
      vertex -0.8415124416351318 3.6423234939575195 82.63105010986328
      vertex -0.6226005554199219 4.288703441619873 83.4078140258789
    endloop
  endfacet
  facet normal -0.9773294925689697 0.1343916952610016 0.1636030524969101
    outer loop
      vertex -0.8415124416351318 3.6423234939575195 82.63105010986328
      vertex -0.6444191932678223 3.479836940765381 83.9419174194336
      vertex -0.6226005554199219 4.288703441619873 83.4078140258789
    endloop
  endfacet
  facet normal -0.5995883941650391 0.7290328741073608 0.33015885949134827
    outer loop
      vertex -3.4152441024780273 1.656263828277588 80.56062316894531
      vertex -2.1505026817321777 2.2182817459106445 81.61646270751953
      vertex -2.3594160079956055 2.6998400688171387 80.17372131347656
    endloop
  endfacet
  facet normal -0.5779799222946167 0.6864554286003113 0.44126880168914795
    outer loop
      vertex -3.743980884552002 0.9138908386230469 81.28490447998047
      vertex -2.734426975250244 1.3217759132385254 81.97270965576172
      vertex -3.4152441024780273 1.656263828277588 80.56062316894531
    endloop
  endfacet
  facet normal -0.652342677116394 0.6058557033538818 0.45539870858192444
    outer loop
      vertex -2.734426975250244 1.3217759132385254 81.97270965576172
      vertex -1.7995390892028809 1.6462459564208984 82.88023376464844
      vertex -2.1505026817321777 2.2182817459106445 81.61646270751953
    endloop
  endfacet
  facet normal -0.644959568977356 0.4700845181941986 0.6025344729423523
    outer loop
      vertex -2.3459153175354004 0.8195743560791016 82.94033813476562
      vertex -1.643448829650879 0.5809335708618164 83.87844848632812
      vertex -1.7995390892028809 1.6462459564208984 82.88023376464844
    endloop
  endfacet
  facet normal -0.5270195603370667 0.12084837257862091 0.841217041015625
    outer loop
      vertex -2.4938607215881348 -2.758742094039917 84.083984375
      vertex -2.2041993141174316 -1.0128333568572998 84.01464080810547
      vertex -3.310275077819824 -1.8931829929351807 83.44815826416016
    endloop
  endfacet
  facet normal -0.2919732332229614 -0.3867650032043457 0.8747367262840271
    outer loop
      vertex -3.0023880004882812 -4.954854965209961 83.48809814453125
      vertex -4.4171247482299805 -5.0520124435424805 82.9729232788086
      vertex -3.428661823272705 -6.215876579284668 82.78825378417969
    endloop
  endfacet
  facet normal -0.19648893177509308 -0.5578202605247498 0.8063676953315735
    outer loop
      vertex -1.8216581344604492 -5.823375701904297 83.45135498046875
      vertex -3.428661823272705 -6.215876579284668 82.78825378417969
      vertex -2.079692840576172 -7.012224197387695 82.56607055664062
    endloop
  endfacet
  facet normal -0.1534951776266098 -0.5685287714004517 0.8082166910171509
    outer loop
      vertex -2.079692840576172 -7.012224197387695 82.56607055664062
      vertex -0.7084667682647705 -6.798027515411377 82.97716522216797
      vertex -1.8216581344604492 -5.823375701904297 83.45135498046875
    endloop
  endfacet
  facet normal -0.32172277569770813 -0.4720951020717621 0.8207440972328186
    outer loop
      vertex -1.8216581344604492 -5.823375701904297 83.45135498046875
      vertex -1.8660290241241455 -4.8930158615112305 83.96910858154297
      vertex -3.0023880004882812 -4.954854965209961 83.48809814453125
    endloop
  endfacet
  facet normal -0.30089038610458374 -0.47466132044792175 0.827140748500824
    outer loop
      vertex -0.9661915302276611 -5.212698936462402 84.11299133300781
      vertex -1.8660290241241455 -4.8930158615112305 83.96910858154297
      vertex -1.8216581344604492 -5.823375701904297 83.45135498046875
    endloop
  endfacet
  facet normal -0.21531550586223602 -0.5629295110702515 0.797965943813324
    outer loop
      vertex -0.9661915302276611 -5.212698936462402 84.11299133300781
      vertex -1.8216581344604492 -5.823375701904297 83.45135498046875
      vertex -0.23844695091247559 -5.908302307128906 83.81864166259766
    endloop
  endfacet
  facet normal -0.39095035195350647 -0.2821269929409027 0.8761062622070312
    outer loop
      vertex -1.1111931800842285 -4.384136199951172 84.48291015625
      vertex -1.3785350322723389 -3.368540048599243 84.69065856933594
      vertex -2.3653922080993652 -4.043801784515381 84.0328369140625
    endloop
  endfacet
  facet normal -0.39281442761421204 -0.29631754755973816 0.8705703616142273
    outer loop
      vertex -1.8660290241241455 -4.8930158615112305 83.96910858154297
      vertex -1.1111931800842285 -4.384136199951172 84.48291015625
      vertex -2.3653922080993652 -4.043801784515381 84.0328369140625
    endloop
  endfacet
  facet normal -0.3613716959953308 -0.27925795316696167 0.8896210193634033
    outer loop
      vertex -1.8660290241241455 -4.8930158615112305 83.96910858154297
      vertex -2.3653922080993652 -4.043801784515381 84.0328369140625
      vertex -3.0023880004882812 -4.954854965209961 83.48809814453125
    endloop
  endfacet
  facet normal -0.4337922930717468 -0.0790899395942688 0.897534966468811
    outer loop
      vertex -2.3653922080993652 -4.043801784515381 84.0328369140625
      vertex -2.4938607215881348 -2.758742094039917 84.083984375
      vertex -4.076472759246826 -3.439608097076416 83.25908660888672
    endloop
  endfacet
  facet normal -0.5116280913352966 -0.08517727255821228 0.854974627494812
    outer loop
      vertex -2.3653922080993652 -4.043801784515381 84.0328369140625
      vertex -1.3785350322723389 -3.368540048599243 84.69065856933594
      vertex -2.4938607215881348 -2.758742094039917 84.083984375
    endloop
  endfacet
  facet normal -0.5158154964447021 -0.09654983133077621 0.8512417078018188
    outer loop
      vertex -1.3785350322723389 -3.368540048599243 84.69065856933594
      vertex -1.181753396987915 -2.0437605381011963 84.96015930175781
      vertex -2.4938607215881348 -2.758742094039917 84.083984375
    endloop
  endfacet
  facet normal -0.6665680408477783 0.022296594455838203 0.7451106905937195
    outer loop
      vertex -1.181753396987915 -2.0437605381011963 84.96015930175781
      vertex -1.2801005840301514 -1.094482421875 84.8437728881836
      vertex -2.2041993141174316 -1.0128333568572998 84.01464080810547
    endloop
  endfacet
  facet normal -0.6076201796531677 0.0343346931040287 0.7934853434562683
    outer loop
      vertex -0.33236217498779297 -1.1069390773773193 85.57005310058594
      vertex -1.2801005840301514 -1.094482421875 84.8437728881836
      vertex -1.181753396987915 -2.0437605381011963 84.96015930175781
    endloop
  endfacet
  facet normal -0.5444602370262146 -0.0513969287276268 0.837210476398468
    outer loop
      vertex 0.359592080116272 -1.97263503074646 85.96690368652344
      vertex -0.33236217498779297 -1.1069390773773193 85.57005310058594
      vertex -1.181753396987915 -2.0437605381011963 84.96015930175781
    endloop
  endfacet
  facet normal -0.5359897017478943 -0.14833612740039825 0.8310905694961548
    outer loop
      vertex 0.359592080116272 -1.97263503074646 85.96690368652344
      vertex -1.181753396987915 -2.0437605381011963 84.96015930175781
      vertex -0.17732572555541992 -2.893528699874878 85.45626831054688
    endloop
  endfacet
  facet normal -0.35484394431114197 -0.3143056035041809 0.8805099129676819
    outer loop
      vertex 0.8828729391098022 -3.822319269180298 85.55198669433594
      vertex -0.17732572555541992 -2.893528699874878 85.45626831054688
      vertex -0.36443591117858887 -3.7929506301879883 85.05980682373047
    endloop
  endfacet
  facet normal -0.4093664884567261 -0.2481587529182434 0.8779728412628174
    outer loop
      vertex 1.3189736604690552 -2.838813304901123 86.16940307617188
      vertex 0.359592080116272 -1.97263503074646 85.96690368652344
      vertex -0.17732572555541992 -2.893528699874878 85.45626831054688
    endloop
  endfacet
  facet normal -0.565798282623291 -0.07586240768432617 0.8210464715957642
    outer loop
      vertex 0.7411731481552124 -1.0750788450241089 86.31278991699219
      vertex -0.33236217498779297 -1.1069390773773193 85.57005310058594
      vertex 0.359592080116272 -1.97263503074646 85.96690368652344
    endloop
  endfacet
  facet normal -0.45247694849967957 -0.14661911129951477 0.879640519618988
    outer loop
      vertex 1.6934936046600342 -1.5584492683410645 86.72208404541016
      vertex 0.7411731481552124 -1.0750788450241089 86.31278991699219
      vertex 0.359592080116272 -1.97263503074646 85.96690368652344
    endloop
  endfacet
  facet normal -0.415011465549469 -0.25552788376808167 0.8731959462165833
    outer loop
      vertex 1.3189736604690552 -2.838813304901123 86.16940307617188
      vertex 1.6934936046600342 -1.5584492683410645 86.72208404541016
      vertex 0.359592080116272 -1.97263503074646 85.96690368652344
    endloop
  endfacet
  facet normal -0.2611328959465027 -0.42588403820991516 0.8662751317024231
    outer loop
      vertex 2.6670308113098145 -3.7604174613952637 86.1226806640625
      vertex 2.761315107345581 -2.409412384033203 86.81529235839844
      vertex 1.3189736604690552 -2.838813304901123 86.16940307617188
    endloop
  endfacet
  facet normal -0.3088361322879791 -0.28826120495796204 0.9063806533813477
    outer loop
      vertex 2.761315107345581 -2.409412384033203 86.81529235839844
      vertex 3.1919589042663574 -1.29926598072052 87.31509399414062
      vertex 1.6934936046600342 -1.5584492683410645 86.72208404541016
    endloop
  endfacet
  facet normal -0.6413059234619141 0.11675899475812912 0.7583495378494263
    outer loop
      vertex 0.2697489261627197 -0.38557708263397217 85.96817016601562
      vertex -0.8865377902984619 -0.20805585384368896 84.9630126953125
      vertex -0.33236217498779297 -1.1069390773773193 85.57005310058594
    endloop
  endfacet
  facet normal -0.5990532636642456 0.16044771671295166 0.7844691872596741
    outer loop
      vertex -0.33236217498779297 -1.1069390773773193 85.57005310058594
      vertex -0.8865377902984619 -0.20805585384368896 84.9630126953125
      vertex -1.2801005840301514 -1.094482421875 84.8437728881836
    endloop
  endfacet
  facet normal -0.6467186808586121 0.18769000470638275 0.7392749786376953
    outer loop
      vertex -0.8865377902984619 -0.20805585384368896 84.9630126953125
      vertex -2.2041993141174316 -1.0128333568572998 84.01464080810547
      vertex -1.2801005840301514 -1.094482421875 84.8437728881836
    endloop
  endfacet
  facet normal -0.670109212398529 0.2940116226673126 0.6815503835678101
    outer loop
      vertex -0.8865377902984619 -0.20805585384368896 84.9630126953125
      vertex -1.643448829650879 0.5809335708618164 83.87844848632812
      vertex -2.2041993141174316 -1.0128333568572998 84.01464080810547
    endloop
  endfacet
  facet normal -0.6445314884185791 0.287318617105484 0.708538830280304
    outer loop
      vertex -2.2041993141174316 -1.0128333568572998 84.01464080810547
      vertex -1.643448829650879 0.5809335708618164 83.87844848632812
      vertex -2.578296184539795 0.006716728210449219 83.26090240478516
    endloop
  endfacet
  facet normal -0.666498601436615 0.43055418133735657 0.6086071729660034
    outer loop
      vertex -1.643448829650879 0.5809335708618164 83.87844848632812
      vertex -2.3459153175354004 0.8195743560791016 82.94033813476562
      vertex -2.578296184539795 0.006716728210449219 83.26090240478516
    endloop
  endfacet
  facet normal -0.712505578994751 0.22844158113002777 0.6634382009506226
    outer loop
      vertex -0.8865377902984619 -0.20805585384368896 84.9630126953125
      vertex -0.6584439277648926 0.9173064231872559 84.82048034667969
      vertex -1.643448829650879 0.5809335708618164 83.87844848632812
    endloop
  endfacet
  facet normal -0.6790734529495239 0.22609160840511322 0.6983851194381714
    outer loop
      vertex -0.8865377902984619 -0.20805585384368896 84.9630126953125
      vertex 0.33106791973114014 0.6059865951538086 85.88341522216797
      vertex -0.6584439277648926 0.9173064231872559 84.82048034667969
    endloop
  endfacet
  facet normal -0.7128120064735413 0.10302133858203888 0.6937475800514221
    outer loop
      vertex 0.33106791973114014 0.6059865951538086 85.88341522216797
      vertex -0.012848138809204102 1.7549951076507568 85.35942077636719
      vertex -0.6584439277648926 0.9173064231872559 84.82048034667969
    endloop
  endfacet
  facet normal -0.7838292121887207 0.23403054475784302 0.575188159942627
    outer loop
      vertex -0.6584439277648926 0.9173064231872559 84.82048034667969
      vertex -0.012848138809204102 1.7549951076507568 85.35942077636719
      vertex -0.9054396152496338 1.9752922058105469 84.05342102050781
    endloop
  endfacet
  facet normal -0.788949191570282 0.35460662841796875 0.5018100142478943
    outer loop
      vertex -1.643448829650879 0.5809335708618164 83.87844848632812
      vertex -0.9054396152496338 1.9752922058105469 84.05342102050781
      vertex -1.7995390892028809 1.6462459564208984 82.88023376464844
    endloop
  endfacet
  facet normal -0.765134871006012 0.45509234070777893 0.45547741651535034
    outer loop
      vertex -0.9054396152496338 1.9752922058105469 84.05342102050781
      vertex -1.3017141819000244 2.672518730163574 82.69110107421875
      vertex -1.7995390892028809 1.6462459564208984 82.88023376464844
    endloop
  endfacet
  facet normal -0.9140742421150208 0.1853150576353073 0.360730916261673
    outer loop
      vertex -0.6444191932678223 3.479836940765381 83.9419174194336
      vertex -1.3017141819000244 2.672518730163574 82.69110107421875
      vertex -0.9054396152496338 1.9752922058105469 84.05342102050781
    endloop
  endfacet
  facet normal -0.8638949394226074 0.4294493496417999 -0.26317062973976135
    outer loop
      vertex 0.02081608772277832 5.412064552307129 82.3042984008789
      vertex -0.5160982608795166 4.512996196746826 82.59967041015625
      vertex -0.47695350646972656 5.030397891998291 83.31548309326172
    endloop
  endfacet
  facet normal -0.7146180272102356 0.5441862344741821 -0.43952521681785583
    outer loop
      vertex 0.972801685333252 6.63206672668457 82.2669906616211
      vertex 0.02081608772277832 5.412064552307129 82.3042984008789
      vertex -0.5916585922241211 5.8831892013549805 83.8834228515625
    endloop
  endfacet
  facet normal -0.9134623408317566 -0.3087403178215027 0.26507705450057983
    outer loop
      vertex -0.6400296688079834 5.494168281555176 84.87594604492188
      vertex -0.5324435234069824 4.809759616851807 84.44954681396484
      vertex -0.17628121376037598 5.0917649269104 86.0053482055664
    endloop
  endfacet
  facet normal -0.7189246416091919 -0.2526402175426483 0.6475494503974915
    outer loop
      vertex 1.1414034366607666 4.687413692474365 87.31050872802734
      vertex 1.7785104513168335 3.749211311340332 87.65180206298828
      vertex 2.4590883255004883 4.283062934875488 88.61567687988281
    endloop
  endfacet
  facet normal 0.25093647837638855 -0.40127381682395935 0.8809143304824829
    outer loop
      vertex 7.918481349945068 3.7841691970825195 88.81770324707031
      vertex 6.861912727355957 4.332571506500244 89.36848449707031
      vertex 6.731965065002441 3.477415084838867 89.01596069335938
    endloop
  endfacet
  facet normal 0.5899224281311035 0.057115714997053146 0.8054373264312744
    outer loop
      vertex 12.155458450317383 3.5099525451660156 86.68119812011719
      vertex 11.992987632751465 4.645686149597168 86.71965789794922
      vertex 11.122790336608887 3.8951802253723145 87.41023254394531
    endloop
  endfacet
  facet normal 0.8421184420585632 0.24985483288764954 0.47792163491249084
    outer loop
      vertex 13.588849067687988 3.7260403633117676 84.64024353027344
      vertex 12.828786849975586 4.1472344398498535 85.75930786132812
      vertex 13.142085075378418 2.8492660522460938 85.88583374023438
    endloop
  endfacet
  facet normal 0.8480799198150635 0.48881176114082336 0.20450785756111145
    outer loop
      vertex 15.571874618530273 1.1783416271209717 82.66943359375
      vertex 14.729133605957031 2.6331634521484375 82.68692779541016
      vertex 14.740449905395508 1.9977834224700928 84.15867614746094
    endloop
  endfacet
  facet normal 0.8950867056846619 0.28508713841438293 0.3428487181663513
    outer loop
      vertex 15.060700416564941 0.7348477840423584 84.37274932861328
      vertex 15.571874618530273 1.1783416271209717 82.66943359375
      vertex 14.740449905395508 1.9977834224700928 84.15867614746094
    endloop
  endfacet
  facet normal 0.7689666152000427 0.29143866896629333 0.5689937472343445
    outer loop
      vertex 13.937920570373535 1.6188733577728271 85.43733215332031
      vertex 15.060700416564941 0.7348477840423584 84.37274932861328
      vertex 14.740449905395508 1.9977834224700928 84.15867614746094
    endloop
  endfacet
  facet normal 0.8399295210838318 0.3061155378818512 0.4481201469898224
    outer loop
      vertex 15.060700416564941 0.7348477840423584 84.37274932861328
      vertex 15.64871883392334 -0.9317941665649414 84.40910339355469
      vertex 15.924877166748047 -0.019193410873413086 83.26808166503906
    endloop
  endfacet
  facet normal 0.8860000371932983 0.2330729216337204 0.4008502662181854
    outer loop
      vertex 16.4813175201416 -1.1716675758361816 82.70828247070312
      vertex 15.924877166748047 -0.019193410873413086 83.26808166503906
      vertex 15.64871883392334 -0.9317941665649414 84.40910339355469
    endloop
  endfacet
  facet normal 0.8187233209609985 0.49448463320732117 0.29185086488723755
    outer loop
      vertex 15.64871883392334 -0.9317941665649414 84.40910339355469
      vertex 16.501895904541016 -2.3022470474243164 84.3376693725586
      vertex 16.383838653564453 -1.699967384338379 83.64840698242188
    endloop
  endfacet
  facet normal 0.9928440451622009 0.10003125667572021 -0.0652267336845398
    outer loop
      vertex 17.14447784423828 -3.888070583343506 81.20748901367188
      vertex 17.030317306518555 -2.4645519256591797 81.65290069580078
      vertex 17.19647789001465 -3.574373722076416 82.48008728027344
    endloop
  endfacet
  facet normal 0.9468388557434082 0.29221415519714355 0.1345629096031189
    outer loop
      vertex 17.030317306518555 -2.4645519256591797 81.65290069580078
      vertex 16.620750427246094 -0.7873259782791138 80.89254760742188
      vertex 16.4813175201416 -1.1716675758361816 82.70828247070312
    endloop
  endfacet
  facet normal 0.8902633786201477 0.3513789474964142 0.2897651493549347
    outer loop
      vertex 16.4813175201416 -1.1716675758361816 82.70828247070312
      vertex 16.383838653564453 -1.699967384338379 83.64840698242188
      vertex 16.868274688720703 -2.452955722808838 83.0731430053711
    endloop
  endfacet
  facet normal 0.8244795799255371 0.452526718378067 0.33978381752967834
    outer loop
      vertex 16.4813175201416 -1.1716675758361816 82.70828247070312
      vertex 15.64871883392334 -0.9317941665649414 84.40910339355469
      vertex 16.383838653564453 -1.699967384338379 83.64840698242188
    endloop
  endfacet
  facet normal 0.9632336497306824 0.2381417453289032 0.12437622249126434
    outer loop
      vertex 16.620750427246094 -0.7873259782791138 80.89254760742188
      vertex 16.27838134765625 -0.04216492176055908 82.11727905273438
      vertex 16.4813175201416 -1.1716675758361816 82.70828247070312
    endloop
  endfacet
  facet normal 0.881803572177887 0.3914364278316498 0.2630592882633209
    outer loop
      vertex 16.27838134765625 -0.04216492176055908 82.11727905273438
      vertex 15.571874618530273 1.1783416271209717 82.66943359375
      vertex 15.924877166748047 -0.019193410873413086 83.26808166503906
    endloop
  endfacet
  facet normal 0.8306878209114075 0.424776166677475 0.35989320278167725
    outer loop
      vertex 15.571874618530273 1.1783416271209717 82.66943359375
      vertex 15.060700416564941 0.7348477840423584 84.37274932861328
      vertex 15.924877166748047 -0.019193410873413086 83.26808166503906
    endloop
  endfacet
  facet normal 0.797955334186554 0.4588305354118347 0.3908219337463379
    outer loop
      vertex 13.588849067687988 3.7260403633117676 84.64024353027344
      vertex 14.069358825683594 2.6745524406433105 84.89363098144531
      vertex 14.355446815490723 2.971281051635742 83.96115112304688
    endloop
  endfacet
  facet normal 0.7539249658584595 0.6425272226333618 0.1369529366493225
    outer loop
      vertex 14.355446815490723 2.971281051635742 83.96115112304688
      vertex 13.853499412536621 3.7183589935302734 83.2193832397461
      vertex 13.588849067687988 3.7260403633117676 84.64024353027344
    endloop
  endfacet
  facet normal 0.8090777397155762 0.4473470151424408 0.3811483681201935
    outer loop
      vertex 13.588849067687988 3.7260403633117676 84.64024353027344
      vertex 12.929670333862305 4.697525501251221 84.8992919921875
      vertex 12.828786849975586 4.1472344398498535 85.75930786132812
    endloop
  endfacet
  facet normal 0.7906369566917419 0.32002195715904236 0.5219953656196594
    outer loop
      vertex 12.409517288208008 5.31097412109375 85.68089294433594
      vertex 11.992987632751465 4.645686149597168 86.71965789794922
      vertex 12.828786849975586 4.1472344398498535 85.75930786132812
    endloop
  endfacet
  facet normal 0.9230408072471619 0.021794432774186134 0.38408446311950684
    outer loop
      vertex 12.409517288208008 5.31097412109375 85.68089294433594
      vertex 12.009387969970703 5.80103874206543 86.61468505859375
      vertex 11.992987632751465 4.645686149597168 86.71965789794922
    endloop
  endfacet
  facet normal 0.8050901293754578 0.042326848953962326 0.5916404724121094
    outer loop
      vertex 11.992987632751465 4.645686149597168 86.71965789794922
      vertex 12.009387969970703 5.80103874206543 86.61468505859375
      vertex 11.522440910339355 5.49760627746582 87.29901885986328
    endloop
  endfacet
  facet normal 0.4824531376361847 0.6800439953804016 -0.5520680546760559
    outer loop
      vertex 9.947620391845703 7.032827377319336 83.02909088134766
      vertex 11.316131591796875 6.790626525878906 83.92668914794922
      vertex 10.697501182556152 6.246115684509277 82.71533203125
    endloop
  endfacet
  facet normal 0.6042300462722778 0.5645251274108887 -0.5623322129249573
    outer loop
      vertex 11.316131591796875 6.790626525878906 83.92668914794922
      vertex 11.891265869140625 6.005064964294434 83.75605010986328
      vertex 10.697501182556152 6.246115684509277 82.71533203125
    endloop
  endfacet
  facet normal -0.40894022583961487 0.7134473919868469 -0.5689997673034668
    outer loop
      vertex 0.7270920276641846 5.3417649269104 81.07283020019531
      vertex 0.8940081596374512 5.935540199279785 81.69738006591797
      vertex 1.7651439905166626 6.248497009277344 81.46369934082031
    endloop
  endfacet
  facet normal 0.34360653162002563 0.7934397459030151 -0.5023822784423828
    outer loop
      vertex 9.013700485229492 6.584869384765625 82.09870147705078
      vertex 10.697501182556152 6.246115684509277 82.71533203125
      vertex 9.805768966674805 5.909702301025391 81.57411193847656
    endloop
  endfacet
  facet normal 0.31219711899757385 0.8092868328094482 -0.4975821077823639
    outer loop
      vertex 9.805768966674805 5.909702301025391 81.57411193847656
      vertex 10.50604248046875 5.150856018066406 80.77926635742188
      vertex 9.384662628173828 5.534326076507568 80.69937133789062
    endloop
  endfacet
  facet normal 0.22102975845336914 0.8151352405548096 -0.5354441404342651
    outer loop
      vertex 7.167434215545654 5.68301248550415 79.98577880859375
      vertex 7.430540084838867 6.542409896850586 81.40269470214844
      vertex 8.482357025146484 6.027591705322266 81.05314636230469
    endloop
  endfacet
  facet normal 0.21682244539260864 0.8114621639251709 -0.5426943898200989
    outer loop
      vertex 9.013700485229492 6.584869384765625 82.09870147705078
      vertex 8.482357025146484 6.027591705322266 81.05314636230469
      vertex 7.430540084838867 6.542409896850586 81.40269470214844
    endloop
  endfacet
  facet normal 0.2621431350708008 0.7219876050949097 -0.640324056148529
    outer loop
      vertex 7.639471530914307 7.174948692321777 82.2014389038086
      vertex 9.013700485229492 6.584869384765625 82.09870147705078
      vertex 7.430540084838867 6.542409896850586 81.40269470214844
    endloop
  endfacet
  facet normal 0.16835546493530273 0.7508536577224731 -0.6386510729789734
    outer loop
      vertex 7.639471530914307 7.174948692321777 82.2014389038086
      vertex 7.430540084838867 6.542409896850586 81.40269470214844
      vertex 6.426290512084961 7.195531845092773 81.90583038330078
    endloop
  endfacet
  facet normal -0.6756715178489685 0.5109869241714478 -0.5313760042190552
    outer loop
      vertex 0.972801685333252 6.63206672668457 82.2669906616211
      vertex 0.8940081596374512 5.935540199279785 81.69738006591797
      vertex 0.02081608772277832 5.412064552307129 82.3042984008789
    endloop
  endfacet
  facet normal -0.40190938115119934 0.60649174451828 -0.6860296726226807
    outer loop
      vertex 0.8940081596374512 5.935540199279785 81.69738006591797
      vertex 0.972801685333252 6.63206672668457 82.2669906616211
      vertex 1.7651439905166626 6.248497009277344 81.46369934082031
    endloop
  endfacet
  facet normal -0.4361802935600281 0.7275968790054321 -0.529480516910553
    outer loop
      vertex 1.7651439905166626 6.248497009277344 81.46369934082031
      vertex 2.1358845233917236 5.742265701293945 80.46263885498047
      vertex 0.7270920276641846 5.3417649269104 81.07283020019531
    endloop
  endfacet
  facet normal -0.10264136642217636 0.8408040404319763 -0.5315200090408325
    outer loop
      vertex 3.6196107864379883 6.088630676269531 80.52734375
      vertex 3.0448548793792725 6.514939308166504 81.31270599365234
      vertex 4.417798042297363 6.5691728591918945 81.13336944580078
    endloop
  endfacet
  facet normal -0.024469956755638123 0.7615094780921936 -0.6476916670799255
    outer loop
      vertex 5.184976577758789 7.146707534790039 81.78340911865234
      vertex 5.91549015045166 6.377202987670898 80.85108184814453
      vertex 4.417798042297363 6.5691728591918945 81.13336944580078
    endloop
  endfacet
  facet normal -0.05572891607880592 0.7781580090522766 -0.6255913376808167
    outer loop
      vertex 5.184976577758789 7.146707534790039 81.78340911865234
      vertex 4.417798042297363 6.5691728591918945 81.13336944580078
      vertex 3.796437978744507 7.041646957397461 81.77642059326172
    endloop
  endfacet
  facet normal -0.2916780412197113 0.7188885807991028 -0.6309700012207031
    outer loop
      vertex 1.7651439905166626 6.248497009277344 81.46369934082031
      vertex 0.972801685333252 6.63206672668457 82.2669906616211
      vertex 2.3672308921813965 6.880596160888672 81.90554809570312
    endloop
  endfacet
  facet normal -0.14292769134044647 0.7610383033752441 -0.6327656507492065
    outer loop
      vertex 2.3672308921813965 6.880596160888672 81.90554809570312
      vertex 3.796437978744507 7.041646957397461 81.77642059326172
      vertex 3.0448548793792725 6.514939308166504 81.31270599365234
    endloop
  endfacet
  facet normal -0.22510561347007751 0.6930996775627136 -0.684792160987854
    outer loop
      vertex 2.3672308921813965 6.880596160888672 81.90554809570312
      vertex 3.0448548793792725 6.514939308166504 81.31270599365234
      vertex 1.7651439905166626 6.248497009277344 81.46369934082031
    endloop
  endfacet
  facet normal -0.11535552144050598 0.7440199851989746 -0.6581241488456726
    outer loop
      vertex 4.417798042297363 6.5691728591918945 81.13336944580078
      vertex 3.0448548793792725 6.514939308166504 81.31270599365234
      vertex 3.796437978744507 7.041646957397461 81.77642059326172
    endloop
  endfacet
  facet normal -0.23263083398342133 0.830491304397583 -0.5061296224594116
    outer loop
      vertex 1.7651439905166626 6.248497009277344 81.46369934082031
      vertex 3.0448548793792725 6.514939308166504 81.31270599365234
      vertex 2.1358845233917236 5.742265701293945 80.46263885498047
    endloop
  endfacet
  facet normal -0.6026611328125 0.7539693117141724 -0.261400043964386
    outer loop
      vertex -0.16720080375671387 4.450713634490967 80.56452941894531
      vertex 0.7270920276641846 5.3417649269104 81.07283020019531
      vertex 0.8022786378860474 5.013546466827393 79.95278930664062
    endloop
  endfacet
  facet normal -0.373950719833374 0.8829463124275208 -0.28384262323379517
    outer loop
      vertex 0.7270920276641846 5.3417649269104 81.07283020019531
      vertex 2.1358845233917236 5.742265701293945 80.46263885498047
      vertex 0.8022786378860474 5.013546466827393 79.95278930664062
    endloop
  endfacet
  facet normal -0.18819251656532288 0.8855166435241699 -0.4247869551181793
    outer loop
      vertex 3.513451099395752 5.612532138824463 79.58189392089844
      vertex 2.1358845233917236 5.742265701293945 80.46263885498047
      vertex 3.6196107864379883 6.088630676269531 80.52734375
    endloop
  endfacet
  facet normal -0.045818716287612915 0.8942680358886719 -0.445180207490921
    outer loop
      vertex 3.6196107864379883 6.088630676269531 80.52734375
      vertex 4.758151054382324 5.910735130310059 80.05281066894531
      vertex 3.513451099395752 5.612532138824463 79.58189392089844
    endloop
  endfacet
  facet normal 0.051654085516929626 0.8995944261550903 -0.43366101384162903
    outer loop
      vertex 4.758151054382324 5.910735130310059 80.05281066894531
      vertex 5.878884792327881 5.6361870765686035 79.61677551269531
      vertex 4.958087921142578 5.352211952209473 78.91801452636719
    endloop
  endfacet
  facet normal 0.09580277651548386 0.8891993761062622 -0.4473772943019867
    outer loop
      vertex 7.167434215545654 5.68301248550415 79.98577880859375
      vertex 6.50018310546875 4.968360900878906 78.4224624633789
      vertex 5.878884792327881 5.6361870765686035 79.61677551269531
    endloop
  endfacet
  facet normal 0.20124875009059906 0.8951087594032288 -0.39784348011016846
    outer loop
      vertex 6.50018310546875 4.968360900878906 78.4224624633789
      vertex 7.62181282043457 4.396965503692627 77.70425415039062
      vertex 6.5652174949646 4.354161262512207 77.07347106933594
    endloop
  endfacet
  facet normal 0.17328812181949615 0.8845333456993103 -0.4330959916114807
    outer loop
      vertex 6.50018310546875 4.968360900878906 78.4224624633789
      vertex 7.874283313751221 4.884705543518066 78.80140686035156
      vertex 7.62181282043457 4.396965503692627 77.70425415039062
    endloop
  endfacet
  facet normal 0.23354488611221313 0.8638154864311218 -0.4464075267314911
    outer loop
      vertex 9.002312660217285 4.733652114868164 79.09925842285156
      vertex 8.777647972106934 4.262861728668213 78.07072448730469
      vertex 7.874283313751221 4.884705543518066 78.80140686035156
    endloop
  endfacet
  facet normal 0.18272128701210022 0.862345814704895 -0.4721998870372772
    outer loop
      vertex 7.167434215545654 5.68301248550415 79.98577880859375
      vertex 7.874283313751221 4.884705543518066 78.80140686035156
      vertex 6.50018310546875 4.968360900878906 78.4224624633789
    endloop
  endfacet
  facet normal 0.19782708585262299 0.8634876012802124 -0.4639541506767273
    outer loop
      vertex 8.510555267333984 5.367802619934082 79.9718246459961
      vertex 7.874283313751221 4.884705543518066 78.80140686035156
      vertex 7.167434215545654 5.68301248550415 79.98577880859375
    endloop
  endfacet
  facet normal 0.10097567737102509 0.8422266244888306 -0.5295830965042114
    outer loop
      vertex 7.430540084838867 6.542409896850586 81.40269470214844
      vertex 7.167434215545654 5.68301248550415 79.98577880859375
      vertex 5.91549015045166 6.377202987670898 80.85108184814453
    endloop
  endfacet
  facet normal 0.2395324558019638 0.8445983529090881 -0.47882968187332153
    outer loop
      vertex 8.510555267333984 5.367802619934082 79.9718246459961
      vertex 9.002312660217285 4.733652114868164 79.09925842285156
      vertex 7.874283313751221 4.884705543518066 78.80140686035156
    endloop
  endfacet
  facet normal 0.2683001458644867 0.8448753356933594 -0.4628182053565979
    outer loop
      vertex 8.510555267333984 5.367802619934082 79.9718246459961
      vertex 9.850372314453125 4.859230041503906 79.82012939453125
      vertex 9.002312660217285 4.733652114868164 79.09925842285156
    endloop
  endfacet
  facet normal 0.27751150727272034 0.836655855178833 -0.4722229838371277
    outer loop
      vertex 9.002312660217285 4.733652114868164 79.09925842285156
      vertex 9.850372314453125 4.859230041503906 79.82012939453125
      vertex 10.29433822631836 4.039124011993408 78.62802124023438
    endloop
  endfacet
  facet normal 0.28993892669677734 0.8446708917617798 -0.4499627649784088
    outer loop
      vertex 9.002312660217285 4.733652114868164 79.09925842285156
      vertex 10.29433822631836 4.039124011993408 78.62802124023438
      vertex 8.777647972106934 4.262861728668213 78.07072448730469
    endloop
  endfacet
  facet normal 0.3762946128845215 0.8464186191558838 -0.37679946422576904
    outer loop
      vertex 10.266319274902344 2.838374614715576 76.0245361328125
      vertex 10.47382640838623 3.311917304992676 77.29550170898438
      vertex 11.707393646240234 2.5223612785339355 76.7538070678711
    endloop
  endfacet
  facet normal 0.4389541745185852 0.8023313879966736 -0.4044547975063324
    outer loop
      vertex 12.926992416381836 1.4309022426605225 75.91226959228516
      vertex 11.707393646240234 2.5223612785339355 76.7538070678711
      vertex 12.994685173034668 1.944464921951294 77.00450897216797
    endloop
  endfacet
  facet normal 0.5831385254859924 0.7383193969726562 -0.3388715982437134
    outer loop
      vertex 13.1618070602417 0.7729301452636719 74.88278198242188
      vertex 12.926992416381836 1.4309022426605225 75.91226959228516
      vertex 14.267768859863281 0.2949535846710205 75.74455261230469
    endloop
  endfacet
  facet normal 0.6453273296356201 0.6389865875244141 -0.41862738132476807
    outer loop
      vertex 14.101304054260254 1.0763707160949707 76.88446044921875
      vertex 14.821186065673828 1.0146794319152832 77.90001678466797
      vertex 15.254237174987793 0.008629798889160156 77.0319595336914
    endloop
  endfacet
  facet normal 0.710281252861023 0.6095350980758667 -0.3520902395248413
    outer loop
      vertex 15.254237174987793 0.008629798889160156 77.0319595336914
      vertex 14.821186065673828 1.0146794319152832 77.90001678466797
      vertex 15.619068145751953 0.24847841262817383 78.18316650390625
    endloop
  endfacet
  facet normal 0.7846316695213318 0.5085325837135315 -0.35460934042930603
    outer loop
      vertex 16.21825408935547 -0.8205409049987793 77.97592163085938
      vertex 15.254237174987793 0.008629798889160156 77.0319595336914
      vertex 15.619068145751953 0.24847841262817383 78.18316650390625
    endloop
  endfacet
  facet normal 0.8235988020896912 0.5098123550415039 -0.24854877591133118
    outer loop
      vertex 15.619068145751953 0.24847841262817383 78.18316650390625
      vertex 16.121410369873047 0.006601572036743164 79.35161590576172
      vertex 16.21825408935547 -0.8205409049987793 77.97592163085938
    endloop
  endfacet
  facet normal 0.8785778284072876 0.43409550189971924 -0.19915331900119781
    outer loop
      vertex 16.689159393310547 -1.1747775077819824 79.28121948242188
      vertex 16.21825408935547 -0.8205409049987793 77.97592163085938
      vertex 16.121410369873047 0.006601572036743164 79.35161590576172
    endloop
  endfacet
  facet normal 0.9881259202957153 0.1502111554145813 0.03230665996670723
    outer loop
      vertex 17.165176391601562 -3.0827853679656982 80.40262603759766
      vertex 16.984848022460938 -1.8781384229660034 80.31706237792969
      vertex 17.030317306518555 -2.4645519256591797 81.65290069580078
    endloop
  endfacet
  facet normal 0.9210648536682129 0.3888482451438904 0.0208940077573061
    outer loop
      vertex 16.620750427246094 -0.7873259782791138 80.89254760742188
      vertex 16.01742172241211 0.6312618255615234 81.08827209472656
      vertex 16.27838134765625 -0.04216492176055908 82.11727905273438
    endloop
  endfacet
  facet normal 0.801509439945221 0.5976784229278564 0.019057124853134155
    outer loop
      vertex 15.571874618530273 1.1783416271209717 82.66943359375
      vertex 16.01742172241211 0.6312618255615234 81.08827209472656
      vertex 14.990150451660156 2.01737117767334 80.82170104980469
    endloop
  endfacet
  facet normal 0.8785043358802795 0.47013288736343384 0.0848836898803711
    outer loop
      vertex 16.01742172241211 0.6312618255615234 81.08827209472656
      vertex 15.571874618530273 1.1783416271209717 82.66943359375
      vertex 16.27838134765625 -0.04216492176055908 82.11727905273438
    endloop
  endfacet
  facet normal 0.7578052282333374 0.6437340378761292 -0.1064784824848175
    outer loop
      vertex 13.957961082458496 3.3724851608276367 81.66820526123047
      vertex 14.729133605957031 2.6331634521484375 82.68692779541016
      vertex 14.990150451660156 2.01737117767334 80.82170104980469
    endloop
  endfacet
  facet normal 0.8642135262489319 0.5011520385742188 -0.04451538249850273
    outer loop
      vertex 15.571874618530273 1.1783416271209717 82.66943359375
      vertex 14.990150451660156 2.01737117767334 80.82170104980469
      vertex 14.729133605957031 2.6331634521484375 82.68692779541016
    endloop
  endfacet
  facet normal 0.7514375448226929 0.6529317498207092 -0.09498303383588791
    outer loop
      vertex 14.729133605957031 2.6331634521484375 82.68692779541016
      vertex 13.957961082458496 3.3724851608276367 81.66820526123047
      vertex 13.853499412536621 3.7183589935302734 83.2193832397461
    endloop
  endfacet
  facet normal 0.7932287454605103 0.6046297550201416 0.07218760997056961
    outer loop
      vertex 14.355446815490723 2.971281051635742 83.96115112304688
      vertex 14.729133605957031 2.6331634521484375 82.68692779541016
      vertex 13.853499412536621 3.7183589935302734 83.2193832397461
    endloop
  endfacet
  facet normal 0.6558297276496887 0.7449938654899597 -0.12194915115833282
    outer loop
      vertex 13.853499412536621 3.7183589935302734 83.2193832397461
      vertex 13.957961082458496 3.3724851608276367 81.66820526123047
      vertex 12.6542329788208 4.6351542472839355 82.37060546875
    endloop
  endfacet
  facet normal 0.6765905618667603 0.7123348116874695 -0.1865590512752533
    outer loop
      vertex 12.6542329788208 4.6351542472839355 82.37060546875
      vertex 13.073594093322754 4.6244940757751465 83.85079193115234
      vertex 13.853499412536621 3.7183589935302734 83.2193832397461
    endloop
  endfacet
  facet normal 0.7977055907249451 0.5852518081665039 0.1454171985387802
    outer loop
      vertex 13.588849067687988 3.7260403633117676 84.64024353027344
      vertex 13.853499412536621 3.7183589935302734 83.2193832397461
      vertex 13.073594093322754 4.6244940757751465 83.85079193115234
    endloop
  endfacet
  facet normal 0.8296130895614624 0.5532318949699402 0.0753435492515564
    outer loop
      vertex 13.073594093322754 4.6244940757751465 83.85079193115234
      vertex 12.482797622680664 5.426424026489258 84.46768951416016
      vertex 12.929670333862305 4.697525501251221 84.8992919921875
    endloop
  endfacet
  facet normal 0.7412187457084656 0.6559034585952759 -0.14277774095535278
    outer loop
      vertex 12.423652648925781 5.270874500274658 83.4460678100586
      vertex 12.482797622680664 5.426424026489258 84.46768951416016
      vertex 13.073594093322754 4.6244940757751465 83.85079193115234
    endloop
  endfacet
  facet normal 0.9419186115264893 0.3241764307022095 0.0877431109547615
    outer loop
      vertex 12.482797622680664 5.426424026489258 84.46768951416016
      vertex 12.088284492492676 6.416431427001953 85.04508209228516
      vertex 12.409517288208008 5.31097412109375 85.68089294433594
    endloop
  endfacet
  facet normal 0.8227314352989197 0.4929405152797699 -0.28305938839912415
    outer loop
      vertex 12.482797622680664 5.426424026489258 84.46768951416016
      vertex 11.891265869140625 6.005064964294434 83.75605010986328
      vertex 12.088284492492676 6.416431427001953 85.04508209228516
    endloop
  endfacet
  facet normal 0.7728818655014038 0.6191357374191284 -0.1390126496553421
    outer loop
      vertex 12.482797622680664 5.426424026489258 84.46768951416016
      vertex 12.423652648925781 5.270874500274658 83.4460678100586
      vertex 11.891265869140625 6.005064964294434 83.75605010986328
    endloop
  endfacet
  facet normal 0.6574435234069824 0.6427595615386963 -0.3932279050350189
    outer loop
      vertex 12.423652648925781 5.270874500274658 83.4460678100586
      vertex 11.7682523727417 5.53487491607666 82.78182220458984
      vertex 11.891265869140625 6.005064964294434 83.75605010986328
    endloop
  endfacet
  facet normal 0.5192810893058777 0.7421476244926453 -0.4237498939037323
    outer loop
      vertex 11.891265869140625 6.005064964294434 83.75605010986328
      vertex 11.7682523727417 5.53487491607666 82.78182220458984
      vertex 10.697501182556152 6.246115684509277 82.71533203125
    endloop
  endfacet
  facet normal 0.515133798122406 0.7341695427894592 -0.4423033893108368
    outer loop
      vertex 11.120809555053711 5.427550315856934 81.84962463378906
      vertex 10.697501182556152 6.246115684509277 82.71533203125
      vertex 11.7682523727417 5.53487491607666 82.78182220458984
    endloop
  endfacet
  facet normal 0.3888774514198303 0.8129274845123291 -0.43350106477737427
    outer loop
      vertex 11.120809555053711 5.427550315856934 81.84962463378906
      vertex 10.50604248046875 5.150856018066406 80.77926635742188
      vertex 9.805768966674805 5.909702301025391 81.57411193847656
    endloop
  endfacet
  facet normal 0.31572675704956055 0.8259857892990112 -0.46697351336479187
    outer loop
      vertex 9.384662628173828 5.534326076507568 80.69937133789062
      vertex 10.50604248046875 5.150856018066406 80.77926635742188
      vertex 9.850372314453125 4.859230041503906 79.82012939453125
    endloop
  endfacet
  facet normal 0.25761279463768005 0.8274837732315063 -0.4989050626754761
    outer loop
      vertex 8.510555267333984 5.367802619934082 79.9718246459961
      vertex 9.384662628173828 5.534326076507568 80.69937133789062
      vertex 9.850372314453125 4.859230041503906 79.82012939453125
    endloop
  endfacet
  facet normal 0.33972927927970886 0.8291754126548767 -0.44390562176704407
    outer loop
      vertex 9.850372314453125 4.859230041503906 79.82012939453125
      vertex 11.34073543548584 4.308845043182373 79.93266296386719
      vertex 10.29433822631836 4.039124011993408 78.62802124023438
    endloop
  endfacet
  facet normal 0.4061659872531891 0.8176359534263611 -0.40804511308670044
    outer loop
      vertex 11.757376670837402 3.6263208389282227 78.97975158691406
      vertex 11.34073543548584 4.308845043182373 79.93266296386719
      vertex 12.710460662841797 3.491987705230713 79.65927124023438
    endloop
  endfacet
  facet normal 0.5198673009872437 0.7858960032463074 -0.33482182025909424
    outer loop
      vertex 11.670500755310059 4.778928756713867 81.1806640625
      vertex 11.120809555053711 5.427550315856934 81.84962463378906
      vertex 12.6542329788208 4.6351542472839355 82.37060546875
    endloop
  endfacet
  facet normal 0.49132591485977173 0.8147996068000793 -0.3077341914176941
    outer loop
      vertex 12.6542329788208 4.6351542472839355 82.37060546875
      vertex 12.699015617370605 4.045778274536133 80.881591796875
      vertex 11.670500755310059 4.778928756713867 81.1806640625
    endloop
  endfacet
  facet normal 0.4197986125946045 0.8281959891319275 -0.3712958097457886
    outer loop
      vertex 11.34073543548584 4.308845043182373 79.93266296386719
      vertex 12.699015617370605 4.045778274536133 80.881591796875
      vertex 12.710460662841797 3.491987705230713 79.65927124023438
    endloop
  endfacet
  facet normal 0.41588836908340454 0.8043643832206726 -0.424305260181427
    outer loop
      vertex 12.85855484008789 2.8634562492370605 78.61290740966797
      vertex 11.757376670837402 3.6263208389282227 78.97975158691406
      vertex 12.710460662841797 3.491987705230713 79.65927124023438
    endloop
  endfacet
  facet normal 0.41352570056915283 0.8031545281410217 -0.4288814961910248
    outer loop
      vertex 11.757376670837402 3.6263208389282227 78.97975158691406
      vertex 12.85855484008789 2.8634562492370605 78.61290740966797
      vertex 11.558433532714844 3.208465099334717 78.00542449951172
    endloop
  endfacet
  facet normal 0.40436026453971863 0.8214355707168579 -0.40216484665870667
    outer loop
      vertex 11.707393646240234 2.5223612785339355 76.7538070678711
      vertex 11.558433532714844 3.208465099334717 78.00542449951172
      vertex 12.485625267028809 2.572457790374756 77.63861083984375
    endloop
  endfacet
  facet normal 0.35290682315826416 0.8375387191772461 -0.41711583733558655
    outer loop
      vertex 11.558433532714844 3.208465099334717 78.00542449951172
      vertex 11.707393646240234 2.5223612785339355 76.7538070678711
      vertex 10.47382640838623 3.311917304992676 77.29550170898438
    endloop
  endfacet
  facet normal 0.5435784459114075 0.7461094260215759 -0.38450393080711365
    outer loop
      vertex 14.101304054260254 1.0763707160949707 76.88446044921875
      vertex 12.926992416381836 1.4309022426605225 75.91226959228516
      vertex 12.994685173034668 1.944464921951294 77.00450897216797
    endloop
  endfacet
  facet normal 0.5584573745727539 0.7199853658676147 -0.41200289130210876
    outer loop
      vertex 14.101304054260254 1.0763707160949707 76.88446044921875
      vertex 14.267768859863281 0.2949535846710205 75.74455261230469
      vertex 12.926992416381836 1.4309022426605225 75.91226959228516
    endloop
  endfacet
  facet normal 0.5917866826057434 0.7129341959953308 -0.3761827349662781
    outer loop
      vertex 14.821186065673828 1.0146794319152832 77.90001678466797
      vertex 14.101304054260254 1.0763707160949707 76.88446044921875
      vertex 13.65517807006836 1.9297692775726318 77.79998779296875
    endloop
  endfacet
  facet normal 0.5895536541938782 0.7088871598243713 -0.3871762752532959
    outer loop
      vertex 13.65517807006836 1.9297692775726318 77.79998779296875
      vertex 14.302748680114746 1.968841552734375 78.85758209228516
      vertex 14.821186065673828 1.0146794319152832 77.90001678466797
    endloop
  endfacet
  facet normal 0.6707243919372559 0.697593629360199 -0.2519761323928833
    outer loop
      vertex 14.990150451660156 2.01737117767334 80.82170104980469
      vertex 15.32516098022461 1.0511384010314941 79.03844451904297
      vertex 14.302748680114746 1.968841552734375 78.85758209228516
    endloop
  endfacet
  facet normal 0.7275552749633789 0.6511192321777344 -0.21611811220645905
    outer loop
      vertex 15.733699798583984 0.903111457824707 79.96780395507812
      vertex 15.32516098022461 1.0511384010314941 79.03844451904297
      vertex 14.990150451660156 2.01737117767334 80.82170104980469
    endloop
  endfacet
  facet normal 0.8032072186470032 0.5318199992179871 -0.26837584376335144
    outer loop
      vertex 15.32516098022461 1.0511384010314941 79.03844451904297
      vertex 15.733699798583984 0.903111457824707 79.96780395507812
      vertex 16.121410369873047 0.006601572036743164 79.35161590576172
    endloop
  endfacet
  facet normal 0.6641300916671753 0.6776862740516663 -0.3157097101211548
    outer loop
      vertex 15.32516098022461 1.0511384010314941 79.03844451904297
      vertex 14.821186065673828 1.0146794319152832 77.90001678466797
      vertex 14.302748680114746 1.968841552734375 78.85758209228516
    endloop
  endfacet
  facet normal 0.7117707133293152 0.6174495816230774 -0.33487075567245483
    outer loop
      vertex 15.619068145751953 0.24847841262817383 78.18316650390625
      vertex 14.821186065673828 1.0146794319152832 77.90001678466797
      vertex 15.32516098022461 1.0511384010314941 79.03844451904297
    endloop
  endfacet
  facet normal 0.80576491355896 0.544143795967102 -0.23377475142478943
    outer loop
      vertex 15.619068145751953 0.24847841262817383 78.18316650390625
      vertex 15.32516098022461 1.0511384010314941 79.03844451904297
      vertex 16.121410369873047 0.006601572036743164 79.35161590576172
    endloop
  endfacet
  facet normal 0.8816924691200256 0.4583238661289215 -0.11206057667732239
    outer loop
      vertex 16.01742172241211 0.6312618255615234 81.08827209472656
      vertex 16.121410369873047 0.006601572036743164 79.35161590576172
      vertex 15.733699798583984 0.903111457824707 79.96780395507812
    endloop
  endfacet
  facet normal 0.8075405955314636 0.5865251421928406 -0.06217966601252556
    outer loop
      vertex 16.01742172241211 0.6312618255615234 81.08827209472656
      vertex 15.733699798583984 0.903111457824707 79.96780395507812
      vertex 14.990150451660156 2.01737117767334 80.82170104980469
    endloop
  endfacet
  facet normal 0.6839978098869324 0.6822723746299744 -0.2581695318222046
    outer loop
      vertex 13.65652847290039 3.2015833854675293 80.41793823242188
      vertex 13.957961082458496 3.3724851608276367 81.66820526123047
      vertex 14.990150451660156 2.01737117767334 80.82170104980469
    endloop
  endfacet
  facet normal 0.5839576125144958 0.7606639862060547 -0.28352051973342896
    outer loop
      vertex 13.957961082458496 3.3724851608276367 81.66820526123047
      vertex 12.699015617370605 4.045778274536133 80.881591796875
      vertex 12.6542329788208 4.6351542472839355 82.37060546875
    endloop
  endfacet
  facet normal 0.6052272319793701 0.7353434562683105 -0.30490997433662415
    outer loop
      vertex 12.423652648925781 5.270874500274658 83.4460678100586
      vertex 12.6542329788208 4.6351542472839355 82.37060546875
      vertex 11.7682523727417 5.53487491607666 82.78182220458984
    endloop
  endfacet
  facet normal 0.5258455276489258 0.7227699756622314 -0.448430597782135
    outer loop
      vertex 11.120809555053711 5.427550315856934 81.84962463378906
      vertex 11.7682523727417 5.53487491607666 82.78182220458984
      vertex 12.6542329788208 4.6351542472839355 82.37060546875
    endloop
  endfacet
  facet normal 0.5717693567276001 0.7830149531364441 -0.24488256871700287
    outer loop
      vertex 12.699015617370605 4.045778274536133 80.881591796875
      vertex 13.957961082458496 3.3724851608276367 81.66820526123047
      vertex 13.65652847290039 3.2015833854675293 80.41793823242188
    endloop
  endfacet
  facet normal 0.6669240593910217 0.7016683220863342 -0.2507467567920685
    outer loop
      vertex 14.302748680114746 1.968841552734375 78.85758209228516
      vertex 13.738607406616211 2.752220630645752 79.54924774169922
      vertex 14.990150451660156 2.01737117767334 80.82170104980469
    endloop
  endfacet
  facet normal 0.5349627137184143 0.7662711143493652 -0.35587000846862793
    outer loop
      vertex 13.65517807006836 1.9297692775726318 77.79998779296875
      vertex 12.85855484008789 2.8634562492370605 78.61290740966797
      vertex 14.302748680114746 1.968841552734375 78.85758209228516
    endloop
  endfacet
  facet normal 0.48443517088890076 0.7842051386833191 -0.3877433240413666
    outer loop
      vertex 12.994685173034668 1.944464921951294 77.00450897216797
      vertex 12.485625267028809 2.572457790374756 77.63861083984375
      vertex 13.65517807006836 1.9297692775726318 77.79998779296875
    endloop
  endfacet
  facet normal 0.5103908181190491 0.7671453356742859 -0.3885733187198639
    outer loop
      vertex 13.738607406616211 2.752220630645752 79.54924774169922
      vertex 12.85855484008789 2.8634562492370605 78.61290740966797
      vertex 12.710460662841797 3.491987705230713 79.65927124023438
    endloop
  endfacet
  facet normal 0.4814916253089905 0.7720329761505127 -0.41488686203956604
    outer loop
      vertex 12.85855484008789 2.8634562492370605 78.61290740966797
      vertex 13.65517807006836 1.9297692775726318 77.79998779296875
      vertex 12.485625267028809 2.572457790374756 77.63861083984375
    endloop
  endfacet
  facet normal 0.683300793170929 0.6728522777557373 -0.28349584341049194
    outer loop
      vertex 14.990150451660156 2.01737117767334 80.82170104980469
      vertex 13.738607406616211 2.752220630645752 79.54924774169922
      vertex 13.65652847290039 3.2015833854675293 80.41793823242188
    endloop
  endfacet
  facet normal 0.5295637845993042 0.7428948879241943 -0.40947461128234863
    outer loop
      vertex 12.85855484008789 2.8634562492370605 78.61290740966797
      vertex 13.738607406616211 2.752220630645752 79.54924774169922
      vertex 14.302748680114746 1.968841552734375 78.85758209228516
    endloop
  endfacet
  facet normal 0.5213527083396912 0.7770442366600037 -0.35269489884376526
    outer loop
      vertex 13.65652847290039 3.2015833854675293 80.41793823242188
      vertex 13.738607406616211 2.752220630645752 79.54924774169922
      vertex 12.710460662841797 3.491987705230713 79.65927124023438
    endloop
  endfacet
  facet normal 0.9120513200759888 0.40022462606430054 -0.08934493362903595
    outer loop
      vertex 16.620750427246094 -0.7873259782791138 80.89254760742188
      vertex 16.121410369873047 0.006601572036743164 79.35161590576172
      vertex 16.01742172241211 0.6312618255615234 81.08827209472656
    endloop
  endfacet
  facet normal 0.8977636098861694 0.4354162812232971 -0.06658334285020828
    outer loop
      vertex 16.689159393310547 -1.1747775077819824 79.28121948242188
      vertex 16.121410369873047 0.006601572036743164 79.35161590576172
      vertex 16.620750427246094 -0.7873259782791138 80.89254760742188
    endloop
  endfacet
  facet normal 0.9411129951477051 0.33562782406806946 -0.04074835032224655
    outer loop
      vertex 16.984848022460938 -1.8781384229660034 80.31706237792969
      vertex 16.689159393310547 -1.1747775077819824 79.28121948242188
      vertex 16.620750427246094 -0.7873259782791138 80.89254760742188
    endloop
  endfacet
  facet normal 0.5293538570404053 0.7337110638618469 -0.42597249150276184
    outer loop
      vertex 12.994685173034668 1.944464921951294 77.00450897216797
      vertex 13.65517807006836 1.9297692775726318 77.79998779296875
      vertex 14.101304054260254 1.0763707160949707 76.88446044921875
    endloop
  endfacet
  facet normal 0.4052368998527527 0.8217877745628357 -0.40055954456329346
    outer loop
      vertex 12.85855484008789 2.8634562492370605 78.61290740966797
      vertex 12.485625267028809 2.572457790374756 77.63861083984375
      vertex 11.558433532714844 3.208465099334717 78.00542449951172
    endloop
  endfacet
  facet normal 0.5191411972045898 0.780330240726471 -0.3486793637275696
    outer loop
      vertex 13.65652847290039 3.2015833854675293 80.41793823242188
      vertex 12.710460662841797 3.491987705230713 79.65927124023438
      vertex 12.699015617370605 4.045778274536133 80.881591796875
    endloop
  endfacet
  facet normal 0.444419264793396 0.7932519912719727 -0.41622471809387207
    outer loop
      vertex 11.34073543548584 4.308845043182373 79.93266296386719
      vertex 11.670500755310059 4.778928756713867 81.1806640625
      vertex 12.699015617370605 4.045778274536133 80.881591796875
    endloop
  endfacet
  facet normal 0.40334394574165344 0.8160575032234192 -0.4139613211154938
    outer loop
      vertex 10.50604248046875 5.150856018066406 80.77926635742188
      vertex 11.670500755310059 4.778928756713867 81.1806640625
      vertex 11.34073543548584 4.308845043182373 79.93266296386719
    endloop
  endfacet
  facet normal 0.40740352869033813 0.7998456358909607 -0.44075989723205566
    outer loop
      vertex 10.50604248046875 5.150856018066406 80.77926635742188
      vertex 11.120809555053711 5.427550315856934 81.84962463378906
      vertex 11.670500755310059 4.778928756713867 81.1806640625
    endloop
  endfacet
  facet normal 0.3406234383583069 0.8284990191459656 -0.4444829523563385
    outer loop
      vertex 10.29433822631836 4.039124011993408 78.62802124023438
      vertex 11.34073543548584 4.308845043182373 79.93266296386719
      vertex 11.757376670837402 3.6263208389282227 78.97975158691406
    endloop
  endfacet
  facet normal 0.33929112553596497 0.8374524712562561 -0.4284330904483795
    outer loop
      vertex 10.29433822631836 4.039124011993408 78.62802124023438
      vertex 11.757376670837402 3.6263208389282227 78.97975158691406
      vertex 11.558433532714844 3.208465099334717 78.00542449951172
    endloop
  endfacet
  facet normal 0.33598610758781433 0.8123396039009094 -0.47667375206947327
    outer loop
      vertex 10.50604248046875 5.150856018066406 80.77926635742188
      vertex 11.34073543548584 4.308845043182373 79.93266296386719
      vertex 9.850372314453125 4.859230041503906 79.82012939453125
    endloop
  endfacet
  facet normal 0.3877324163913727 0.7568973302841187 -0.5260894298553467
    outer loop
      vertex 10.697501182556152 6.246115684509277 82.71533203125
      vertex 11.120809555053711 5.427550315856934 81.84962463378906
      vertex 9.805768966674805 5.909702301025391 81.57411193847656
    endloop
  endfacet
  facet normal 0.7518779039382935 0.6254608631134033 -0.20851482450962067
    outer loop
      vertex 13.073594093322754 4.6244940757751465 83.85079193115234
      vertex 12.6542329788208 4.6351542472839355 82.37060546875
      vertex 12.423652648925781 5.270874500274658 83.4460678100586
    endloop
  endfacet
  facet normal 0.9578661918640137 0.2735658288002014 0.08748754113912582
    outer loop
      vertex 17.030317306518555 -2.4645519256591797 81.65290069580078
      vertex 16.984848022460938 -1.8781384229660034 80.31706237792969
      vertex 16.620750427246094 -0.7873259782791138 80.89254760742188
    endloop
  endfacet
  facet normal 0.9617512822151184 -0.2739088833332062 0.002890226664021611
    outer loop
      vertex 17.14447784423828 -3.888070583343506 81.20748901367188
      vertex 16.88559341430664 -4.8040571212768555 80.54510498046875
      vertex 17.114049911499023 -4.006119251251221 80.14512634277344
    endloop
  endfacet
  facet normal 0.9985383152961731 -0.04882784187793732 -0.023174189031124115
    outer loop
      vertex 17.14447784423828 -3.888070583343506 81.20748901367188
      vertex 17.114049911499023 -4.006119251251221 80.14512634277344
      vertex 17.165176391601562 -3.0827853679656982 80.40262603759766
    endloop
  endfacet
  facet normal 0.9984868168830872 -0.05498138442635536 -0.0010988109279423952
    outer loop
      vertex 17.114049911499023 -4.006119251251221 80.14512634277344
      vertex 17.14365577697754 -3.4548211097717285 79.46250915527344
      vertex 17.165176391601562 -3.0827853679656982 80.40262603759766
    endloop
  endfacet
  facet normal 0.9951431751251221 0.08159277588129044 -0.055069245398044586
    outer loop
      vertex 17.14365577697754 -3.4548211097717285 79.46250915527344
      vertex 17.04105567932129 -2.4113810062408447 79.15444946289062
      vertex 17.165176391601562 -3.0827853679656982 80.40262603759766
    endloop
  endfacet
  facet normal 0.9889948964118958 0.14666470885276794 -0.01945512369275093
    outer loop
      vertex 17.04105567932129 -2.4113810062408447 79.15444946289062
      vertex 16.984848022460938 -1.8781384229660034 80.31706237792969
      vertex 17.165176391601562 -3.0827853679656982 80.40262603759766
    endloop
  endfacet
  facet normal 0.9558942317962646 0.28083354234695435 -0.08601534366607666
    outer loop
      vertex 17.04105567932129 -2.4113810062408447 79.15444946289062
      vertex 16.773670196533203 -1.7655878067016602 78.29144287109375
      vertex 16.689159393310547 -1.1747775077819824 79.28121948242188
    endloop
  endfacet
  facet normal 0.8727070689201355 0.4484146237373352 -0.19314943253993988
    outer loop
      vertex 16.21825408935547 -0.8205409049987793 77.97592163085938
      vertex 16.689159393310547 -1.1747775077819824 79.28121948242188
      vertex 16.773670196533203 -1.7655878067016602 78.29144287109375
    endloop
  endfacet
  facet normal 0.8692368268966675 0.4285648465156555 -0.2464943677186966
    outer loop
      vertex 16.773670196533203 -1.7655878067016602 78.29144287109375
      vertex 16.65068817138672 -2.168942451477051 77.1564712524414
      vertex 16.21825408935547 -0.8205409049987793 77.97592163085938
    endloop
  endfacet
  facet normal 0.9797722101211548 -0.18862546980381012 -0.06683506071567535
    outer loop
      vertex 16.766704559326172 -4.72397518157959 77.73320770263672
      vertex 17.05649757385254 -3.4779601097106934 78.46487426757812
      vertex 16.910215377807617 -4.494016647338867 79.1880111694336
    endloop
  endfacet
  facet normal 0.8631042242050171 -0.5013656616210938 0.06069340929389
    outer loop
      vertex 16.107431411743164 -5.91652774810791 77.25731658935547
      vertex 16.546737670898438 -5.2427778244018555 76.5756607055664
      vertex 16.766704559326172 -4.72397518157959 77.73320770263672
    endloop
  endfacet
  facet normal 0.9586952328681946 -0.2786015570163727 -0.05731254070997238
    outer loop
      vertex 16.546737670898438 -5.2427778244018555 76.5756607055664
      vertex 16.798221588134766 -4.347399711608887 76.42984008789062
      vertex 16.766704559326172 -4.72397518157959 77.73320770263672
    endloop
  endfacet
  facet normal 0.9900684356689453 -0.13962696492671967 -0.016400642693042755
    outer loop
      vertex 16.798221588134766 -4.347399711608887 76.42984008789062
      vertex 16.941997528076172 -3.435683012008667 77.34735107421875
      vertex 16.766704559326172 -4.72397518157959 77.73320770263672
    endloop
  endfacet
  facet normal 0.980442225933075 -0.16536599397659302 -0.10671087354421616
    outer loop
      vertex 16.766704559326172 -4.72397518157959 77.73320770263672
      vertex 16.941997528076172 -3.435683012008667 77.34735107421875
      vertex 17.05649757385254 -3.4779601097106934 78.46487426757812
    endloop
  endfacet
  facet normal 0.987265408039093 0.004343630746006966 -0.15902280807495117
    outer loop
      vertex 16.941997528076172 -3.435683012008667 77.34735107421875
      vertex 16.798221588134766 -4.347399711608887 76.42984008789062
      vertex 16.761455535888672 -3.2463560104370117 76.23165893554688
    endloop
  endfacet
  facet normal 0.9711060523986816 0.2048823982477188 -0.12237751483917236
    outer loop
      vertex 16.941997528076172 -3.435683012008667 77.34735107421875
      vertex 16.761455535888672 -3.2463560104370117 76.23165893554688
      vertex 16.65068817138672 -2.168942451477051 77.1564712524414
    endloop
  endfacet
  facet normal 0.9487465023994446 0.17892572283744812 -0.2605106830596924
    outer loop
      vertex 16.941997528076172 -3.435683012008667 77.34735107421875
      vertex 16.65068817138672 -2.168942451477051 77.1564712524414
      vertex 16.968168258666992 -2.589056968688965 78.0241470336914
    endloop
  endfacet
  facet normal 0.9217162132263184 0.30280801653862 -0.2423771619796753
    outer loop
      vertex 16.761455535888672 -3.2463560104370117 76.23165893554688
      vertex 16.337438583374023 -2.2418880462646484 75.87410736083984
      vertex 16.65068817138672 -2.168942451477051 77.1564712524414
    endloop
  endfacet
  facet normal 0.8565100431442261 0.45934659242630005 -0.23535342514514923
    outer loop
      vertex 16.65068817138672 -2.168942451477051 77.1564712524414
      vertex 16.337438583374023 -2.2418880462646484 75.87410736083984
      vertex 15.957451820373535 -1.1384438276290894 76.64486694335938
    endloop
  endfacet
  facet normal 0.7095194458961487 0.5992400050163269 -0.3708013892173767
    outer loop
      vertex 15.23198127746582 -0.530026912689209 76.00720977783203
      vertex 15.554463386535645 -1.361929178237915 75.27986145019531
      vertex 14.76333236694336 -0.5107389688491821 75.14163208007812
    endloop
  endfacet
  facet normal 0.6627806425094604 0.665106475353241 -0.34402790665626526
    outer loop
      vertex 14.267768859863281 0.2949535846710205 75.74455261230469
      vertex 15.23198127746582 -0.530026912689209 76.00720977783203
      vertex 14.76333236694336 -0.5107389688491821 75.14163208007812
    endloop
  endfacet
  facet normal 0.66117924451828 0.6580640077590942 -0.360269159078598
    outer loop
      vertex 15.254237174987793 0.008629798889160156 77.0319595336914
      vertex 15.23198127746582 -0.530026912689209 76.00720977783203
      vertex 14.267768859863281 0.2949535846710205 75.74455261230469
    endloop
  endfacet
  facet normal 0.8047227263450623 0.5015015602111816 -0.3176751136779785
    outer loop
      vertex 15.554463386535645 -1.361929178237915 75.27986145019531
      vertex 16.337438583374023 -2.2418880462646484 75.87410736083984
      vertex 16.028423309326172 -2.603314161300659 74.520751953125
    endloop
  endfacet
  facet normal 0.8069873452186584 0.5001468658447266 -0.3140457570552826
    outer loop
      vertex 16.028423309326172 -2.603314161300659 74.520751953125
      vertex 15.384988784790039 -1.7708287239074707 74.19316101074219
      vertex 15.554463386535645 -1.361929178237915 75.27986145019531
    endloop
  endfacet
  facet normal 0.8681842088699341 0.3330029845237732 -0.36792030930519104
    outer loop
      vertex 15.42466926574707 -2.504833459854126 73.1852035522461
      vertex 16.028423309326172 -2.603314161300659 74.520751953125
      vertex 16.025392532348633 -3.7054524421691895 73.51605987548828
    endloop
  endfacet
  facet normal 0.9481679797172546 -0.0011977037647739053 -0.31776732206344604
    outer loop
      vertex 16.22178077697754 -4.701104164123535 74.10580444335938
      vertex 15.768209457397461 -4.743618011474609 72.75257873535156
      vertex 16.025392532348633 -3.7054524421691895 73.51605987548828
    endloop
  endfacet
  facet normal 0.935496985912323 0.02732015773653984 -0.3522769808769226
    outer loop
      vertex 16.025392532348633 -3.7054524421691895 73.51605987548828
      vertex 15.768209457397461 -4.743618011474609 72.75257873535156
      vertex 15.597088813781738 -3.561018466949463 72.3898696899414
    endloop
  endfacet
  facet normal 0.9591804146766663 0.05363166704773903 -0.2776627242565155
    outer loop
      vertex 15.597088813781738 -3.561018466949463 72.3898696899414
      vertex 15.768209457397461 -4.743618011474609 72.75257873535156
      vertex 15.379427909851074 -4.3272705078125 71.48995971679688
    endloop
  endfacet
  facet normal 0.8679553270339966 -0.3506299555301666 -0.35172736644744873
    outer loop
      vertex 15.380803108215332 -5.197258949279785 71.8154525756836
      vertex 14.941129684448242 -5.825480937957764 71.35673522949219
      vertex 14.987309455871582 -5.076511383056641 70.72406005859375
    endloop
  endfacet
  facet normal 0.6113193035125732 -0.7585901021957397 -0.22545500099658966
    outer loop
      vertex 14.087312698364258 -6.806086540222168 71.23234558105469
      vertex 14.233450889587402 -7.175402641296387 72.8712387084961
      vertex 13.454201698303223 -7.669936180114746 72.42227172851562
    endloop
  endfacet
  facet normal 0.44275611639022827 -0.8773614168167114 -0.18494342267513275
    outer loop
      vertex 11.881158828735352 -8.014934539794922 69.6755599975586
      vertex 11.378377914428711 -8.555439949035645 71.03602600097656
      vertex 10.494501113891602 -8.649640083312988 69.36689758300781
    endloop
  endfacet
  facet normal 0.31026315689086914 -0.9432364106178284 -0.11849834769964218
    outer loop
      vertex 8.177740097045898 -9.693284034729004 70.74486541748047
      vertex 9.9105224609375 -9.14352035522461 70.90572357177734
      vertex 9.007771492004395 -9.600418090820312 72.17892456054688
    endloop
  endfacet
  facet normal 0.30050748586654663 -0.9471095204353333 -0.11260094493627548
    outer loop
      vertex 9.007771492004395 -9.600418090820312 72.17892456054688
      vertex 7.916416645050049 -9.89824104309082 71.7713851928711
      vertex 8.177740097045898 -9.693284034729004 70.74486541748047
    endloop
  endfacet
  facet normal 0.23396089673042297 -0.9631415009498596 -0.13274283707141876
    outer loop
      vertex 8.177740097045898 -9.693284034729004 70.74486541748047
      vertex 7.916416645050049 -9.89824104309082 71.7713851928711
      vertex 6.960537433624268 -10.09567928314209 71.5191879272461
    endloop
  endfacet
  facet normal 0.24597491323947906 -0.9625990986824036 -0.11357539892196655
    outer loop
      vertex 8.177740097045898 -9.693284034729004 70.74486541748047
      vertex 6.960537433624268 -10.09567928314209 71.5191879272461
      vertex 6.7513604164123535 -10.00373649597168 70.28691101074219
    endloop
  endfacet
  facet normal 0.1760156899690628 -0.9789920449256897 -0.10292305052280426
    outer loop
      vertex 6.7513604164123535 -10.00373649597168 70.28691101074219
      vertex 6.960537433624268 -10.09567928314209 71.5191879272461
      vertex 5.680344104766846 -10.284384727478027 71.12478637695312
    endloop
  endfacet
  facet normal 0.11205644905567169 -0.9890422821044922 -0.09611865133047104
    outer loop
      vertex 5.543540954589844 -10.168795585632324 69.77590942382812
      vertex 5.680344104766846 -10.284384727478027 71.12478637695312
      vertex 4.2427754402160645 -10.370779037475586 70.33782958984375
    endloop
  endfacet
  facet normal 0.004664476495236158 -0.9966610670089722 -0.08151604980230331
    outer loop
      vertex 3.237837791442871 -10.532243728637695 71.55262756347656
      vertex 2.066291332244873 -10.490446090698242 70.97454833984375
      vertex 2.9759294986724854 -10.423015594482422 70.20215606689453
    endloop
  endfacet
  facet normal 0.0006737561197951436 -0.9962791800498962 -0.08618254214525223
    outer loop
      vertex 2.9759294986724854 -10.423015594482422 70.20215606689453
      vertex 2.066291332244873 -10.490446090698242 70.97454833984375
      vertex 1.8289090394973755 -10.368056297302246 69.55785369873047
    endloop
  endfacet
  facet normal -0.002682398771867156 -0.9958752393722534 -0.09069372713565826
    outer loop
      vertex 0.4730231761932373 -10.321523666381836 69.5518798828125
      vertex 1.0454785823822021 -10.404203414916992 70.44282531738281
      vertex -0.14383673667907715 -10.407672882080078 70.51609802246094
    endloop
  endfacet
  facet normal -0.046925704926252365 -0.9298194050788879 -0.36501210927963257
    outer loop
      vertex -1.2206652164459229 -10.258832931518555 69.2717514038086
      vertex -2.7747011184692383 -10.615316390991211 70.37963104248047
      vertex -2.5592074394226074 -10.208725929260254 69.31619262695312
    endloop
  endfacet
  facet normal -0.00688590295612812 -0.9335688948631287 -0.3583320379257202
    outer loop
      vertex -3.5585556030273438 -10.178478240966797 69.256591796875
      vertex -2.5592074394226074 -10.208725929260254 69.31619262695312
      vertex -2.7747011184692383 -10.615316390991211 70.37963104248047
    endloop
  endfacet
  facet normal 0.13517650961875916 -0.674726665019989 -0.7255833745002747
    outer loop
      vertex -2.7747011184692383 -10.615316390991211 70.37963104248047
      vertex -3.481846332550049 -11.46987247467041 71.04254913330078
      vertex -4.637017726898193 -10.680274963378906 70.09308624267578
    endloop
  endfacet
  facet normal 0.0681394413113594 -0.23278118669986725 -0.9701391458511353
    outer loop
      vertex -6.51101016998291 -10.098502159118652 69.82186889648438
      vertex -4.637017726898193 -10.680274963378906 70.09308624267578
      vertex -6.543329238891602 -11.117621421813965 70.06413269042969
    endloop
  endfacet
  facet normal 0.09426593780517578 -0.34916630387306213 -0.9323073029518127
    outer loop
      vertex -6.543329238891602 -11.117621421813965 70.06413269042969
      vertex -4.637017726898193 -10.680274963378906 70.09308624267578
      vertex -4.883575439453125 -11.553152084350586 70.39506530761719
    endloop
  endfacet
  facet normal -0.198298841714859 -0.858893871307373 -0.47220635414123535
    outer loop
      vertex -5.034915447235107 -9.889111518859863 68.82113647460938
      vertex -4.637017726898193 -10.680274963378906 70.09308624267578
      vertex -6.51101016998291 -10.098502159118652 69.82186889648438
    endloop
  endfacet
  facet normal -0.5473711490631104 -0.17708124220371246 -0.8179408311843872
    outer loop
      vertex -6.51101016998291 -10.098502159118652 69.82186889648438
      vertex -6.543329238891602 -11.117621421813965 70.06413269042969
      vertex -8.029699325561523 -10.057672500610352 70.829345703125
    endloop
  endfacet
  facet normal -0.01416413951665163 0.5721451044082642 -0.820030152797699
    outer loop
      vertex -8.326778411865234 -11.031057357788086 70.15533447265625
      vertex -8.029699325561523 -10.057672500610352 70.829345703125
      vertex -6.543329238891602 -11.117621421813965 70.06413269042969
    endloop
  endfacet
  facet normal -0.537773847579956 0.8365576267242432 -0.10474051535129547
    outer loop
      vertex -9.927688598632812 -10.436333656311035 72.53961944580078
      vertex -10.745368003845215 -11.103728294372559 71.40741729736328
      vertex -11.120573997497559 -11.120738983154297 73.19799041748047
    endloop
  endfacet
  facet normal -0.5348688960075378 0.8394044041633606 -0.09651780873537064
    outer loop
      vertex -11.120573997497559 -11.120738983154297 73.19799041748047
      vertex -10.063217163085938 -10.39858627319336 73.61895751953125
      vertex -9.927688598632812 -10.436333656311035 72.53961944580078
    endloop
  endfacet
  facet normal -0.6442526578903198 0.7572373151779175 -0.10737913846969604
    outer loop
      vertex -10.063217163085938 -10.39858627319336 73.61895751953125
      vertex -9.069851875305176 -9.669792175292969 72.79842376708984
      vertex -9.927688598632812 -10.436333656311035 72.53961944580078
    endloop
  endfacet
  facet normal -0.5387946367263794 0.7393200993537903 -0.40386396646499634
    outer loop
      vertex -9.069851875305176 -9.669792175292969 72.79842376708984
      vertex -9.150381088256836 -10.49166202545166 71.40132904052734
      vertex -9.927688598632812 -10.436333656311035 72.53961944580078
    endloop
  endfacet
  facet normal -0.5368377566337585 0.5848801136016846 -0.6080464720726013
    outer loop
      vertex -8.326778411865234 -11.031057357788086 70.15533447265625
      vertex -9.150381088256836 -10.49166202545166 71.40132904052734
      vertex -8.029699325561523 -10.057672500610352 70.829345703125
    endloop
  endfacet
  facet normal -0.3449593186378479 0.8961549997329712 -0.27912235260009766
    outer loop
      vertex -9.927688598632812 -10.436333656311035 72.53961944580078
      vertex -9.150381088256836 -10.49166202545166 71.40132904052734
      vertex -10.745368003845215 -11.103728294372559 71.40741729736328
    endloop
  endfacet
  facet normal -0.32979816198349 0.8554509878158569 -0.399295449256897
    outer loop
      vertex -9.150381088256836 -10.49166202545166 71.40132904052734
      vertex -9.561803817749023 -11.104228973388672 70.42877960205078
      vertex -10.745368003845215 -11.103728294372559 71.40741729736328
    endloop
  endfacet
  facet normal -0.5050982236862183 0.7563003301620483 -0.415795236825943
    outer loop
      vertex -9.069851875305176 -9.669792175292969 72.79842376708984
      vertex -8.029699325561523 -10.057672500610352 70.829345703125
      vertex -9.150381088256836 -10.49166202545166 71.40132904052734
    endloop
  endfacet
  facet normal -0.9118314981460571 0.3714296221733093 -0.1749381273984909
    outer loop
      vertex -9.526060104370117 -10.011758804321289 74.45025634765625
      vertex -9.019472122192383 -8.958017349243164 74.04707336425781
      vertex -9.069851875305176 -9.669792175292969 72.79842376708984
    endloop
  endfacet
  facet normal -0.8641400337219238 0.4769134521484375 0.16067273914813995
    outer loop
      vertex -9.067699432373047 -9.479686737060547 75.33612823486328
      vertex -9.019472122192383 -8.958017349243164 74.04707336425781
      vertex -9.526060104370117 -10.011758804321289 74.45025634765625
    endloop
  endfacet
  facet normal -0.6658474802970886 0.06943242251873016 0.742850124835968
    outer loop
      vertex -8.354987144470215 -10.77676773071289 76.8582992553711
      vertex -8.721453666687012 -10.038576126098633 76.46082305908203
      vertex -9.092584609985352 -11.222025871276855 76.23877716064453
    endloop
  endfacet
  facet normal -0.4928518235683441 -0.3131133019924164 0.8118233680725098
    outer loop
      vertex -7.815260887145996 -11.451807975769043 76.92560577392578
      vertex -8.354987144470215 -10.77676773071289 76.8582992553711
      vertex -9.092584609985352 -11.222025871276855 76.23877716064453
    endloop
  endfacet
  facet normal -0.4896296560764313 -0.38841748237609863 0.7806374430656433
    outer loop
      vertex -9.092584609985352 -11.222025871276855 76.23877716064453
      vertex -8.404488563537598 -12.20673942565918 76.18040466308594
      vertex -7.815260887145996 -11.451807975769043 76.92560577392578
    endloop
  endfacet
  facet normal -0.4929873049259186 -0.31323444843292236 0.811694324016571
    outer loop
      vertex -7.815260887145996 -11.451807975769043 76.92560577392578
      vertex -7.65761661529541 -10.411903381347656 77.42265319824219
      vertex -8.354987144470215 -10.77676773071289 76.8582992553711
    endloop
  endfacet
  facet normal -0.6524659991264343 0.08175351470708847 0.7533953189849854
    outer loop
      vertex -7.65761661529541 -10.411903381347656 77.42265319824219
      vertex -8.721453666687012 -10.038576126098633 76.46082305908203
      vertex -8.354987144470215 -10.77676773071289 76.8582992553711
    endloop
  endfacet
  facet normal -0.5170086026191711 -0.471454381942749 0.7144458293914795
    outer loop
      vertex -6.535430908203125 -10.391642570495605 78.24809265136719
      vertex -7.618949890136719 -9.413018226623535 78.10978698730469
      vertex -7.65761661529541 -10.411903381347656 77.42265319824219
    endloop
  endfacet
  facet normal -0.47650814056396484 -0.5785139799118042 0.6620132327079773
    outer loop
      vertex -6.198607444763184 -11.504015922546387 77.51846313476562
      vertex -6.535430908203125 -10.391642570495605 78.24809265136719
      vertex -7.65761661529541 -10.411903381347656 77.42265319824219
    endloop
  endfacet
  facet normal -0.33084017038345337 -0.3656654953956604 0.8699617981910706
    outer loop
      vertex -6.198607444763184 -11.504015922546387 77.51846313476562
      vertex -7.65761661529541 -10.411903381347656 77.42265319824219
      vertex -7.815260887145996 -11.451807975769043 76.92560577392578
    endloop
  endfacet
  facet normal -0.22285091876983643 -0.7200519442558289 0.657162606716156
    outer loop
      vertex -5.274529457092285 -10.988801956176758 78.39634704589844
      vertex -6.198607444763184 -11.504015922546387 77.51846313476562
      vertex -4.705890655517578 -11.754101753234863 77.75064086914062
    endloop
  endfacet
  facet normal -0.12884008884429932 -0.6936662197113037 0.7086800336837769
    outer loop
      vertex -3.8249220848083496 -11.223433494567871 78.43022918701172
      vertex -5.274529457092285 -10.988801956176758 78.39634704589844
      vertex -4.705890655517578 -11.754101753234863 77.75064086914062
    endloop
  endfacet
  facet normal 0.022100811824202538 -0.7771053314208984 0.6289824843406677
    outer loop
      vertex -2.5128173828125 -10.966015815734863 78.70216369628906
      vertex -3.8249220848083496 -11.223433494567871 78.43022918701172
      vertex -2.7077364921569824 -11.586488723754883 77.94242095947266
    endloop
  endfacet
  facet normal 0.0014477716758847237 -0.7297027707099915 0.6837630271911621
    outer loop
      vertex -3.8249220848083496 -11.223433494567871 78.43022918701172
      vertex -2.5128173828125 -10.966015815734863 78.70216369628906
      vertex -3.4101309776306152 -10.355006217956543 79.35612487792969
    endloop
  endfacet
  facet normal -0.12878957390785217 -0.6938650012016296 0.7084946036338806
    outer loop
      vertex -3.4101309776306152 -10.355006217956543 79.35612487792969
      vertex -4.640200138092041 -10.354711532592773 79.1328125
      vertex -3.8249220848083496 -11.223433494567871 78.43022918701172
    endloop
  endfacet
  facet normal -0.12887272238731384 -0.6939017176628113 0.7084435820579529
    outer loop
      vertex -4.640200138092041 -10.354711532592773 79.1328125
      vertex -5.274529457092285 -10.988801956176758 78.39634704589844
      vertex -3.8249220848083496 -11.223433494567871 78.43022918701172
    endloop
  endfacet
  facet normal -0.36251699924468994 -0.5854204297065735 0.725165069103241
    outer loop
      vertex -6.198607444763184 -11.504015922546387 77.51846313476562
      vertex -5.274529457092285 -10.988801956176758 78.39634704589844
      vertex -6.535430908203125 -10.391642570495605 78.24809265136719
    endloop
  endfacet
  facet normal -0.42096883058547974 -0.5558024048805237 0.7168465852737427
    outer loop
      vertex -6.535430908203125 -10.391642570495605 78.24809265136719
      vertex -5.761041164398193 -10.156647682189941 78.88505554199219
      vertex -6.709478378295898 -9.418830871582031 78.900146484375
    endloop
  endfacet
  facet normal -0.37561938166618347 -0.6227108240127563 0.6863973140716553
    outer loop
      vertex -5.761041164398193 -10.156647682189941 78.88505554199219
      vertex -6.535430908203125 -10.391642570495605 78.24809265136719
      vertex -5.274529457092285 -10.988801956176758 78.39634704589844
    endloop
  endfacet
  facet normal -0.41434723138809204 -0.5474987626075745 0.7270222902297974
    outer loop
      vertex -5.761041164398193 -10.156647682189941 78.88505554199219
      vertex -5.474365711212158 -9.463308334350586 79.57057189941406
      vertex -6.709478378295898 -9.418830871582031 78.900146484375
    endloop
  endfacet
  facet normal -0.3772829473018646 -0.7227200269699097 0.5790796875953674
    outer loop
      vertex -7.754400253295898 -7.953804969787598 79.64468383789062
      vertex -7.133418083190918 -7.567383766174316 80.53153991699219
      vertex -8.466155052185059 -7.214998245239258 80.10302734375
    endloop
  endfacet
  facet normal -0.4675053358078003 -0.7452961802482605 0.4753654897212982
    outer loop
      vertex -8.885886192321777 -7.775790691375732 78.81100463867188
      vertex -7.754400253295898 -7.953804969787598 79.64468383789062
      vertex -8.466155052185059 -7.214998245239258 80.10302734375
    endloop
  endfacet
  facet normal -0.47443675994873047 -0.8262280225753784 0.30373841524124146
    outer loop
      vertex -8.885886192321777 -7.775790691375732 78.81100463867188
      vertex -10.043741226196289 -6.836656093597412 79.55707550048828
      vertex -10.322479248046875 -7.2611565589904785 77.96696472167969
    endloop
  endfacet
  facet normal -0.45864027738571167 -0.8487794995307922 0.26310187578201294
    outer loop
      vertex -9.277048110961914 -7.972338676452637 77.49505615234375
      vertex -8.885886192321777 -7.775790691375732 78.81100463867188
      vertex -10.322479248046875 -7.2611565589904785 77.96696472167969
    endloop
  endfacet
  facet normal -0.24677959084510803 -0.924630343914032 0.2901010811328888
    outer loop
      vertex -10.322479248046875 -7.2611565589904785 77.96696472167969
      vertex -10.043741226196289 -6.836656093597412 79.55707550048828
      vertex -11.421492576599121 -6.697917938232422 78.82726287841797
    endloop
  endfacet
  facet normal -0.278399795293808 -0.9139001965522766 0.2954320013523102
    outer loop
      vertex -12.695419311523438 -6.530961513519287 78.14324951171875
      vertex -11.421492576599121 -6.697917938232422 78.82726287841797
      vertex -12.331268310546875 -6.267860412597656 79.30029296875
    endloop
  endfacet
  facet normal -0.13110807538032532 -0.9569728970527649 0.2588699162006378
    outer loop
      vertex -12.695419311523438 -6.530961513519287 78.14324951171875
      vertex -12.331268310546875 -6.267860412597656 79.30029296875
      vertex -13.55234432220459 -6.184686660766602 78.98933410644531
    endloop
  endfacet
  facet normal -0.3644568622112274 -0.9210262298583984 0.1374112367630005
    outer loop
      vertex -11.589086532592773 -6.803910255432129 77.67231750488281
      vertex -10.322479248046875 -7.2611565589904785 77.96696472167969
      vertex -11.421492576599121 -6.697917938232422 78.82726287841797
    endloop
  endfacet
  facet normal -0.2660178542137146 -0.9615944027900696 -0.06760700792074203
    outer loop
      vertex -11.589086532592773 -6.803910255432129 77.67231750488281
      vertex -12.695419311523438 -6.530961513519287 78.14324951171875
      vertex -12.451681137084961 -6.4559431076049805 76.1171875
    endloop
  endfacet
  facet normal -0.3276046812534332 -0.9443514943122864 -0.029588041827082634
    outer loop
      vertex -11.007620811462402 -6.976919651031494 76.75609588623047
      vertex -11.589086532592773 -6.803910255432129 77.67231750488281
      vertex -12.451681137084961 -6.4559431076049805 76.1171875
    endloop
  endfacet
  facet normal -0.1371961236000061 -0.9838297963142395 -0.11513584107160568
    outer loop
      vertex -14.374296188354492 -6.293107032775879 77.01675415039062
      vertex -12.451681137084961 -6.4559431076049805 76.1171875
      vertex -13.415217399597168 -6.4669952392578125 77.35977935791016
    endloop
  endfacet
  facet normal 0.11129282414913177 -0.8628177642822266 -0.49311211705207825
    outer loop
      vertex -15.13099479675293 -5.925156593322754 75.95524597167969
      vertex -16.57339859008789 -6.01050329208374 75.77903747558594
      vertex -16.004682540893555 -5.432039737701416 74.89523315429688
    endloop
  endfacet
  facet normal 0.13698814809322357 -0.8501549959182739 -0.5084001421928406
    outer loop
      vertex -16.004682540893555 -5.432039737701416 74.89523315429688
      vertex -14.088171005249023 -5.252982139587402 75.11221313476562
      vertex -15.13099479675293 -5.925156593322754 75.95524597167969
    endloop
  endfacet
  facet normal 0.01591179333627224 -0.7912892699241638 -0.6112350225448608
    outer loop
      vertex -13.967303276062012 -5.959693908691406 76.0302505493164
      vertex -15.13099479675293 -5.925156593322754 75.95524597167969
      vertex -14.088171005249023 -5.252982139587402 75.11221313476562
    endloop
  endfacet
  facet normal -0.2635044455528259 -0.8756765127182007 -0.40466803312301636
    outer loop
      vertex -14.374296188354492 -6.293107032775879 77.01675415039062
      vertex -13.967303276062012 -5.959693908691406 76.0302505493164
      vertex -12.451681137084961 -6.4559431076049805 76.1171875
    endloop
  endfacet
  facet normal -0.059197187423706055 0.7378935217857361 -0.6723160147666931
    outer loop
      vertex -14.393901824951172 -2.584616184234619 75.81504821777344
      vertex -12.709076881408691 -2.5215096473693848 75.7359619140625
      vertex -13.594552993774414 -3.2777421474456787 74.98393249511719
    endloop
  endfacet
  facet normal 0.06461532413959503 0.7960662841796875 -0.6017501950263977
    outer loop
      vertex -15.219888687133789 -3.3352770805358887 74.73329162597656
      vertex -14.393901824951172 -2.584616184234619 75.81504821777344
      vertex -13.594552993774414 -3.2777421474456787 74.98393249511719
    endloop
  endfacet
  facet normal 0.5369717478752136 0.32342374324798584 -0.779139518737793
    outer loop
      vertex -17.745859146118164 -3.7902259826660156 73.44181823730469
      vertex -17.078393936157227 -3.01503586769104 74.2236099243164
      vertex -17.04001235961914 -4.114388942718506 73.79371643066406
    endloop
  endfacet
  facet normal 0.35885342955589294 0.19940833747386932 -0.9118446707725525
    outer loop
      vertex -18.796401977539062 -3.9250969886779785 72.99888610839844
      vertex -18.34269142150879 -3.051508903503418 73.36848449707031
      vertex -17.745859146118164 -3.7902259826660156 73.44181823730469
    endloop
  endfacet
  facet normal 0.4032692611217499 -0.2786954641342163 -0.8716092109680176
    outer loop
      vertex -18.796401977539062 -3.9250969886779785 72.99888610839844
      vertex -17.745859146118164 -3.7902259826660156 73.44181823730469
      vertex -17.60665512084961 -4.855560302734375 73.84686279296875
    endloop
  endfacet
  facet normal 0.31156837940216064 0.15473368763923645 -0.9375407099723816
    outer loop
      vertex -18.796401977539062 -3.9250969886779785 72.99888610839844
      vertex -20.18424415588379 -3.9001641273498535 72.54178619384766
      vertex -19.60222053527832 -2.9305577278137207 72.89523315429688
    endloop
  endfacet
  facet normal 0.10629638284444809 0.943795382976532 -0.31297171115875244
    outer loop
      vertex -15.828985214233398 -2.6450119018554688 75.16378021240234
      vertex -17.030893325805664 -2.292340040206909 75.81908416748047
      vertex -15.488510131835938 -2.316908359527588 76.26884460449219
    endloop
  endfacet
  facet normal -0.0579775907099247 0.9943645596504211 0.08875598013401031
    outer loop
      vertex -17.024795532226562 -2.4086616039276123 77.12625885009766
      vertex -17.030893325805664 -2.292340040206909 75.81908416748047
      vertex -18.592912673950195 -2.475224733352661 76.84765625
    endloop
  endfacet
  facet normal 0.08409775793552399 0.9512157440185547 0.29684367775917053
    outer loop
      vertex -18.592912673950195 -2.475224733352661 76.84765625
      vertex -17.030893325805664 -2.292340040206909 75.81908416748047
      vertex -18.814294815063477 -1.978793740272522 75.31959533691406
    endloop
  endfacet
  facet normal -0.16474583745002747 0.830118715763092 0.532693088054657
    outer loop
      vertex -16.86893081665039 -3.046175479888916 78.27056884765625
      vertex -18.592912673950195 -2.475224733352661 76.84765625
      vertex -18.601564407348633 -3.191582202911377 77.96131134033203
    endloop
  endfacet
  facet normal -0.1805455982685089 0.8808429837226868 0.43762871623039246
    outer loop
      vertex -14.977371215820312 -2.7591135501861572 78.47315216064453
      vertex -15.94087028503418 -2.3961100578308105 77.34501647949219
      vertex -16.86893081665039 -3.046175479888916 78.27056884765625
    endloop
  endfacet
  facet normal -0.10990466922521591 0.8618460297584534 0.49511849880218506
    outer loop
      vertex -16.86893081665039 -3.046175479888916 78.27056884765625
      vertex -15.94087028503418 -2.3961100578308105 77.34501647949219
      vertex -17.024795532226562 -2.4086616039276123 77.12625885009766
    endloop
  endfacet
  facet normal -0.12456751614809036 0.8594632148742676 0.49578821659088135
    outer loop
      vertex -16.86893081665039 -3.046175479888916 78.27056884765625
      vertex -17.024795532226562 -2.4086616039276123 77.12625885009766
      vertex -18.592912673950195 -2.475224733352661 76.84765625
    endloop
  endfacet
  facet normal -0.0049151708371937275 0.9974398612976074 0.07134130597114563
    outer loop
      vertex -15.94087028503418 -2.3961100578308105 77.34501647949219
      vertex -15.488510131835938 -2.316908359527588 76.26884460449219
      vertex -17.030893325805664 -2.292340040206909 75.81908416748047
    endloop
  endfacet
  facet normal -0.0693322941660881 0.9966138005256653 0.04420328885316849
    outer loop
      vertex -15.94087028503418 -2.3961100578308105 77.34501647949219
      vertex -14.767141342163086 -2.3061487674713135 77.15771484375
      vertex -15.488510131835938 -2.316908359527588 76.26884460449219
    endloop
  endfacet
  facet normal 0.1743478775024414 0.9726828932762146 -0.15326736867427826
    outer loop
      vertex -14.767141342163086 -2.3061487674713135 77.15771484375
      vertex -14.393901824951172 -2.584616184234619 75.81504821777344
      vertex -15.488510131835938 -2.316908359527588 76.26884460449219
    endloop
  endfacet
  facet normal 0.10175953060388565 0.944671630859375 -0.31183403730392456
    outer loop
      vertex -15.488510131835938 -2.316908359527588 76.26884460449219
      vertex -14.393901824951172 -2.584616184234619 75.81504821777344
      vertex -15.828985214233398 -2.6450119018554688 75.16378021240234
    endloop
  endfacet
  facet normal 0.2814881205558777 0.6742136478424072 -0.6827887296676636
    outer loop
      vertex -15.828985214233398 -2.6450119018554688 75.16378021240234
      vertex -14.393901824951172 -2.584616184234619 75.81504821777344
      vertex -15.219888687133789 -3.3352770805358887 74.73329162597656
    endloop
  endfacet
  facet normal -0.04610661044716835 0.9754956364631653 -0.21513347327709198
    outer loop
      vertex -14.767141342163086 -2.3061487674713135 77.15771484375
      vertex -13.45749568939209 -2.228513240814209 77.22906494140625
      vertex -14.393901824951172 -2.584616184234619 75.81504821777344
    endloop
  endfacet
  facet normal -0.3099828064441681 0.7011419534683228 0.6421141624450684
    outer loop
      vertex -14.977371215820312 -2.7591135501861572 78.47315216064453
      vertex -15.72320556640625 -3.8343639373779297 79.28719329833984
      vertex -14.456933975219727 -3.4590320587158203 79.48865509033203
    endloop
  endfacet
  facet normal -0.23437730967998505 0.7401614785194397 0.6302605271339417
    outer loop
      vertex -13.384481430053711 -2.601688861846924 78.88063049316406
      vertex -14.977371215820312 -2.7591135501861572 78.47315216064453
      vertex -14.456933975219727 -3.4590320587158203 79.48865509033203
    endloop
  endfacet
  facet normal -0.14615143835544586 0.6873756051063538 0.7114453911781311
    outer loop
      vertex -13.383651733398438 -3.6923422813415527 79.93455505371094
      vertex -13.384481430053711 -2.601688861846924 78.88063049316406
      vertex -14.456933975219727 -3.4590320587158203 79.48865509033203
    endloop
  endfacet
  facet normal -0.19849248230457306 0.4747592806816101 0.857440710067749
    outer loop
      vertex -13.383651733398438 -3.6923422813415527 79.93455505371094
      vertex -11.910261154174805 -4.031553268432617 80.46345520019531
      vertex -12.190954208374023 -2.78446102142334 79.70796966552734
    endloop
  endfacet
  facet normal -0.30679529905319214 0.5252224206924438 0.7937367558479309
    outer loop
      vertex -9.94289779663086 -2.389119863510132 80.43589782714844
      vertex -11.201129913330078 -2.9059510231018066 80.29155731201172
      vertex -10.465829849243164 -3.3720130920410156 80.88416290283203
    endloop
  endfacet
  facet normal -0.368584543466568 0.1936795711517334 0.9091939330101013
    outer loop
      vertex -10.465829849243164 -3.3720130920410156 80.88416290283203
      vertex -10.397331237792969 -4.332468032836914 81.11653137207031
      vertex -9.284451484680176 -3.713473081588745 81.43582916259766
    endloop
  endfacet
  facet normal -0.31715747714042664 0.33570098876953125 0.886970043182373
    outer loop
      vertex -10.465829849243164 -3.3720130920410156 80.88416290283203
      vertex -9.284451484680176 -3.713473081588745 81.43582916259766
      vertex -9.317849159240723 -2.942678928375244 81.13215637207031
    endloop
  endfacet
  facet normal -0.36576220393180847 0.5402359962463379 0.7578674554824829
    outer loop
      vertex -9.317849159240723 -2.942678928375244 81.13215637207031
      vertex -9.94289779663086 -2.389119863510132 80.43589782714844
      vertex -10.465829849243164 -3.3720130920410156 80.88416290283203
    endloop
  endfacet
  facet normal -0.31645703315734863 0.6660913228988647 0.6754089593887329
    outer loop
      vertex -10.974897384643555 -2.1802525520324707 79.68186950683594
      vertex -12.190954208374023 -2.78446102142334 79.70796966552734
      vertex -11.201129913330078 -2.9059510231018066 80.29155731201172
    endloop
  endfacet
  facet normal -0.36511683464050293 0.6467766761779785 0.6696040630340576
    outer loop
      vertex -12.190954208374023 -2.78446102142334 79.70796966552734
      vertex -13.384481430053711 -2.601688861846924 78.88063049316406
      vertex -13.383651733398438 -3.6923422813415527 79.93455505371094
    endloop
  endfacet
  facet normal -0.3571185767650604 0.8279306888580322 0.4324314594268799
    outer loop
      vertex -10.974897384643555 -2.1802525520324707 79.68186950683594
      vertex -9.90640640258789 -1.6723337173461914 79.59181213378906
      vertex -10.641589164733887 -1.6339489221572876 78.91117858886719
    endloop
  endfacet
  facet normal -0.34716999530792236 0.722187340259552 0.5982629060745239
    outer loop
      vertex -9.90640640258789 -1.6723337173461914 79.59181213378906
      vertex -9.94289779663086 -2.389119863510132 80.43589782714844
      vertex -8.515188217163086 -1.2758222818374634 79.92048645019531
    endloop
  endfacet
  facet normal -0.3104822039604187 0.6972728967666626 0.6460738182067871
    outer loop
      vertex -9.94289779663086 -2.389119863510132 80.43589782714844
      vertex -8.61690902709961 -2.2639057636260986 80.93798828125
      vertex -8.515188217163086 -1.2758222818374634 79.92048645019531
    endloop
  endfacet
  facet normal -0.34623008966445923 0.6900933384895325 0.6355281472206116
    outer loop
      vertex -8.515188217163086 -1.2758222818374634 79.92048645019531
      vertex -8.61690902709961 -2.2639057636260986 80.93798828125
      vertex -7.36128044128418 -1.8818275928497314 81.20716094970703
    endloop
  endfacet
  facet normal -0.3973517417907715 0.5481098890304565 0.7359940409660339
    outer loop
      vertex -6.0110321044921875 -1.860553503036499 81.92029571533203
      vertex -6.406674385070801 -1.202981948852539 81.21698760986328
      vertex -7.36128044128418 -1.8818275928497314 81.20716094970703
    endloop
  endfacet
  facet normal -0.4306453764438629 0.41179749369621277 0.8030986189842224
    outer loop
      vertex -7.36128044128418 -1.8818275928497314 81.20716094970703
      vertex -6.6264848709106445 -2.8797225952148438 82.11286163330078
      vertex -6.0110321044921875 -1.860553503036499 81.92029571533203
    endloop
  endfacet
  facet normal -0.39350414276123047 0.3945208191871643 0.8303661942481995
    outer loop
      vertex -6.0110321044921875 -1.860553503036499 81.92029571533203
      vertex -6.6264848709106445 -2.8797225952148438 82.11286163330078
      vertex -5.3911004066467285 -2.5840368270874023 82.55781555175781
    endloop
  endfacet
  facet normal -0.5448552966117859 0.46137577295303345 0.7001893520355225
    outer loop
      vertex -3.3900794982910156 0.3151521682739258 82.25834655761719
      vertex -4.2983078956604 -0.561673641204834 82.1293716430664
      vertex -3.3762083053588867 -0.7566452026367188 82.97537994384766
    endloop
  endfacet
  facet normal -0.5447149872779846 0.6113457679748535 0.5740575194358826
    outer loop
      vertex -3.3900794982910156 0.3151521682739258 82.25834655761719
      vertex -3.743980884552002 0.9138908386230469 81.28490447998047
      vertex -4.832162380218506 0.11513018608093262 81.10298919677734
    endloop
  endfacet
  facet normal -0.5804895162582397 0.5076300501823425 0.6366660594940186
    outer loop
      vertex -4.2983078956604 -0.561673641204834 82.1293716430664
      vertex -3.3900794982910156 0.3151521682739258 82.25834655761719
      vertex -4.832162380218506 0.11513018608093262 81.10298919677734
    endloop
  endfacet
  facet normal -0.6094322800636292 0.5570374131202698 0.5641822814941406
    outer loop
      vertex -2.734426975250244 1.3217759132385254 81.97270965576172
      vertex -3.743980884552002 0.9138908386230469 81.28490447998047
      vertex -3.3900794982910156 0.3151521682739258 82.25834655761719
    endloop
  endfacet
  facet normal -0.625297486782074 0.5611640214920044 0.5423081517219543
    outer loop
      vertex -2.3459153175354004 0.8195743560791016 82.94033813476562
      vertex -2.734426975250244 1.3217759132385254 81.97270965576172
      vertex -3.3900794982910156 0.3151521682739258 82.25834655761719
    endloop
  endfacet
  facet normal -0.6359538435935974 0.4234105050563812 0.6452024579048157
    outer loop
      vertex -3.3762083053588867 -0.7566452026367188 82.97537994384766
      vertex -2.578296184539795 0.006716728210449219 83.26090240478516
      vertex -3.3900794982910156 0.3151521682739258 82.25834655761719
    endloop
  endfacet
  facet normal -0.5007349848747253 0.3075331151485443 0.8091278076171875
    outer loop
      vertex -3.310275077819824 -1.8931829929351807 83.44815826416016
      vertex -3.3762083053588867 -0.7566452026367188 82.97537994384766
      vertex -4.508779525756836 -1.6900948286056519 82.62926483154297
    endloop
  endfacet
  facet normal -0.32618415355682373 0.24676038324832916 0.912531316280365
    outer loop
      vertex -5.497283458709717 -3.330684185028076 82.72176361083984
      vertex -4.076472759246826 -3.439608097076416 83.25908660888672
      vertex -5.3911004066467285 -2.5840368270874023 82.55781555175781
    endloop
  endfacet
  facet normal -0.43130767345428467 0.35956525802612305 0.8274579048156738
    outer loop
      vertex -6.0110321044921875 -1.860553503036499 81.92029571533203
      vertex -5.3911004066467285 -2.5840368270874023 82.55781555175781
      vertex -4.508779525756836 -1.6900948286056519 82.62926483154297
    endloop
  endfacet
  facet normal -0.4125000238418579 0.5176300406455994 0.7496019005775452
    outer loop
      vertex -4.508779525756836 -1.6900948286056519 82.62926483154297
      vertex -5.363615989685059 -0.918289303779602 81.62589263916016
      vertex -6.0110321044921875 -1.860553503036499 81.92029571533203
    endloop
  endfacet
  facet normal -0.3252773880958557 0.24811731278896332 0.9124869704246521
    outer loop
      vertex -4.076472759246826 -3.439608097076416 83.25908660888672
      vertex -4.508779525756836 -1.6900948286056519 82.62926483154297
      vertex -5.3911004066467285 -2.5840368270874023 82.55781555175781
    endloop
  endfacet
  facet normal -0.3498867452144623 0.05053277313709259 0.9354281425476074
    outer loop
      vertex -5.497283458709717 -3.330684185028076 82.72176361083984
      vertex -5.213553428649902 -4.150360584259033 82.8721694946289
      vertex -4.076472759246826 -3.439608097076416 83.25908660888672
    endloop
  endfacet
  facet normal -0.2537151277065277 -0.11681032180786133 0.9601999521255493
    outer loop
      vertex -4.076472759246826 -3.439608097076416 83.25908660888672
      vertex -5.213553428649902 -4.150360584259033 82.8721694946289
      vertex -4.4171247482299805 -5.0520124435424805 82.9729232788086
    endloop
  endfacet
  facet normal -0.3347943425178528 -0.09563874453306198 0.9374251365661621
    outer loop
      vertex -4.076472759246826 -3.439608097076416 83.25908660888672
      vertex -4.4171247482299805 -5.0520124435424805 82.9729232788086
      vertex -3.0023880004882812 -4.954854965209961 83.48809814453125
    endloop
  endfacet
  facet normal -0.29737141728401184 -0.15744008123874664 0.9416915774345398
    outer loop
      vertex -4.4171247482299805 -5.0520124435424805 82.9729232788086
      vertex -5.213553428649902 -4.150360584259033 82.8721694946289
      vertex -6.100892066955566 -4.9455976486206055 82.4590072631836
    endloop
  endfacet
  facet normal -0.23073244094848633 -0.4908311665058136 0.8401473164558411
    outer loop
      vertex -4.717437744140625 -7.013739109039307 81.96818542480469
      vertex -3.428661823272705 -6.215876579284668 82.78825378417969
      vertex -5.140224456787109 -6.053569316864014 82.41302490234375
    endloop
  endfacet
  facet normal -0.18694914877414703 -0.540896475315094 0.8200494647026062
    outer loop
      vertex -3.428661823272705 -6.215876579284668 82.78825378417969
      vertex -4.717437744140625 -7.013739109039307 81.96818542480469
      vertex -3.335540294647217 -7.419809341430664 82.015380859375
    endloop
  endfacet
  facet normal -0.3310745656490326 -0.6412328481674194 0.6922500729560852
    outer loop
      vertex -5.874868392944336 -8.045999526977539 80.69010925292969
      vertex -6.089590072631836 -7.204008102416992 81.36735534667969
      vertex -7.133418083190918 -7.567383766174316 80.53153991699219
    endloop
  endfacet
  facet normal -0.330277681350708 -0.642242968082428 0.6916940808296204
    outer loop
      vertex -7.133418083190918 -7.567383766174316 80.53153991699219
      vertex -6.089590072631836 -7.204008102416992 81.36735534667969
      vertex -7.823050498962402 -6.534156322479248 81.16160583496094
    endloop
  endfacet
  facet normal -0.3827493488788605 -0.6536145210266113 0.6529095768928528
    outer loop
      vertex -8.466155052185059 -7.214998245239258 80.10302734375
      vertex -7.133418083190918 -7.567383766174316 80.53153991699219
      vertex -7.823050498962402 -6.534156322479248 81.16160583496094
    endloop
  endfacet
  facet normal -0.16857197880744934 -0.8687731027603149 0.4656357765197754
    outer loop
      vertex -11.421492576599121 -6.697917938232422 78.82726287841797
      vertex -11.261130332946777 -6.137399196624756 79.93112182617188
      vertex -12.331268310546875 -6.267860412597656 79.30029296875
    endloop
  endfacet
  facet normal -0.10091812163591385 -0.9524234533309937 0.28758472204208374
    outer loop
      vertex -12.695419311523438 -6.530961513519287 78.14324951171875
      vertex -13.55234432220459 -6.184686660766602 78.98933410644531
      vertex -13.938284873962402 -6.437597274780273 78.01631164550781
    endloop
  endfacet
  facet normal -0.07349024713039398 -0.9971990585327148 -0.013898380100727081
    outer loop
      vertex -12.695419311523438 -6.530961513519287 78.14324951171875
      vertex -13.938284873962402 -6.437597274780273 78.01631164550781
      vertex -13.415217399597168 -6.4669952392578125 77.35977935791016
    endloop
  endfacet
  facet normal 0.04031809791922569 -0.9980486035346985 -0.047680821269750595
    outer loop
      vertex -17.832256317138672 -6.115262031555176 76.97974395751953
      vertex -18.948209762573242 -6.11203145980835 75.96849060058594
      vertex -17.80290412902832 -6.043937683105469 75.51161193847656
    endloop
  endfacet
  facet normal 0.042675454169511795 -0.9976637363433838 -0.05334678292274475
    outer loop
      vertex -20.64725685119629 -5.988093376159668 75.38306427001953
      vertex -22.179651260375977 -6.086042881011963 75.98900604248047
      vertex -22.369054794311523 -6.022811412811279 74.65496826171875
    endloop
  endfacet
  facet normal 0.11042095720767975 -0.8109091520309448 -0.5746595859527588
    outer loop
      vertex -23.03437042236328 -5.598069190979004 73.47692108154297
      vertex -22.911237716674805 -4.949167251586914 72.58490753173828
      vertex -21.713848114013672 -5.43983793258667 73.50737762451172
    endloop
  endfacet
  facet normal -0.011451756581664085 0.8645133376121521 0.5024794936180115
    outer loop
      vertex -22.069725036621094 -1.70633864402771 74.59191131591797
      vertex -23.102083206176758 -1.4159634113311768 74.06879425048828
      vertex -23.2435302734375 -2.015312910079956 75.09674835205078
    endloop
  endfacet
  facet normal 0.005224196705967188 0.8474679589271545 0.5308207869529724
    outer loop
      vertex -23.2435302734375 -2.015312910079956 75.09674835205078
      vertex -22.556320190429688 -2.3314967155456543 75.59477996826172
      vertex -22.069725036621094 -1.70633864402771 74.59191131591797
    endloop
  endfacet
  facet normal 0.05359258875250816 0.9959206581115723 0.0725950226187706
    outer loop
      vertex -21.062097549438477 -1.7001454830169678 73.76307678222656
      vertex -22.099321365356445 -1.609449028968811 73.2845458984375
      vertex -22.069725036621094 -1.70633864402771 74.59191131591797
    endloop
  endfacet
  facet normal 0.026201417669653893 0.9294432401657104 0.36803382635116577
    outer loop
      vertex -21.33536720275879 -2.112131118774414 75.5644302368164
      vertex -20.330856323242188 -1.7785989046096802 74.65060424804688
      vertex -22.069725036621094 -1.70633864402771 74.59191131591797
    endloop
  endfacet
  facet normal 0.03958315774798393 0.9976695775985718 0.05557660013437271
    outer loop
      vertex -20.330856323242188 -1.7785989046096802 74.65060424804688
      vertex -21.062097549438477 -1.7001454830169678 73.76307678222656
      vertex -22.069725036621094 -1.70633864402771 74.59191131591797
    endloop
  endfacet
  facet normal 0.2728176712989807 0.9517293572425842 -0.14064817130565643
    outer loop
      vertex -20.330856323242188 -1.7785989046096802 74.65060424804688
      vertex -20.04120445251465 -2.0213732719421387 73.56965637207031
      vertex -21.062097549438477 -1.7001454830169678 73.76307678222656
    endloop
  endfacet
  facet normal 0.27367347478866577 0.8602792620658875 -0.43014228343963623
    outer loop
      vertex -20.73470687866211 -2.2635040283203125 72.84466552734375
      vertex -22.099321365356445 -1.609449028968811 73.2845458984375
      vertex -21.062097549438477 -1.7001454830169678 73.76307678222656
    endloop
  endfacet
  facet normal 0.18423569202423096 0.8657305836677551 -0.46536850929260254
    outer loop
      vertex -21.062097549438477 -1.7001454830169678 73.76307678222656
      vertex -20.04120445251465 -2.0213732719421387 73.56965637207031
      vertex -20.73470687866211 -2.2635040283203125 72.84466552734375
    endloop
  endfacet
  facet normal -0.050242044031620026 -0.9808126091957092 -0.18836811184883118
    outer loop
      vertex -23.342395782470703 -6.179728031158447 75.73162841796875
      vertex -23.19158935546875 -5.975104808807373 74.6259536743164
      vertex -22.369054794311523 -6.022811412811279 74.65496826171875
    endloop
  endfacet
  facet normal 0.11826837062835693 -0.9109369516372681 -0.39522963762283325
    outer loop
      vertex -22.369054794311523 -6.022811412811279 74.65496826171875
      vertex -23.03437042236328 -5.598069190979004 73.47692108154297
      vertex -21.713848114013672 -5.43983793258667 73.50737762451172
    endloop
  endfacet
  facet normal 0.13015958666801453 -0.7623074054718018 -0.6339919567108154
    outer loop
      vertex -20.230249404907227 -5.3930511474609375 73.75570678710938
      vertex -21.713848114013672 -5.43983793258667 73.50737762451172
      vertex -20.88344955444336 -4.706923007965088 72.7966079711914
    endloop
  endfacet
  facet normal 0.0076277973130345345 -0.9397862553596497 -0.34167763590812683
    outer loop
      vertex -20.230249404907227 -5.3930511474609375 73.75570678710938
      vertex -18.794292449951172 -5.661962032318115 74.52740478515625
      vertex -20.64725685119629 -5.988093376159668 75.38306427001953
    endloop
  endfacet
  facet normal 0.08382239192724228 -0.9426154494285583 -0.32318735122680664
    outer loop
      vertex -21.713848114013672 -5.43983793258667 73.50737762451172
      vertex -20.230249404907227 -5.3930511474609375 73.75570678710938
      vertex -20.64725685119629 -5.988093376159668 75.38306427001953
    endloop
  endfacet
  facet normal 0.17309501767158508 -0.9144838452339172 -0.36572861671447754
    outer loop
      vertex -20.64725685119629 -5.988093376159668 75.38306427001953
      vertex -22.369054794311523 -6.022811412811279 74.65496826171875
      vertex -21.713848114013672 -5.43983793258667 73.50737762451172
    endloop
  endfacet
  facet normal 0.03193061426281929 -0.9550095200538635 -0.2948512136936188
    outer loop
      vertex -20.64725685119629 -5.988093376159668 75.38306427001953
      vertex -18.794292449951172 -5.661962032318115 74.52740478515625
      vertex -18.948209762573242 -6.11203145980835 75.96849060058594
    endloop
  endfacet
  facet normal -0.0646655336022377 -0.95054692029953 -0.30377456545829773
    outer loop
      vertex -18.794292449951172 -5.661962032318115 74.52740478515625
      vertex -17.80290412902832 -6.043937683105469 75.51161193847656
      vertex -18.948209762573242 -6.11203145980835 75.96849060058594
    endloop
  endfacet
  facet normal 0.0478547029197216 -0.9139813184738159 -0.4029245674610138
    outer loop
      vertex -18.794292449951172 -5.661962032318115 74.52740478515625
      vertex -17.269113540649414 -5.690016746520996 74.77218627929688
      vertex -17.80290412902832 -6.043937683105469 75.51161193847656
    endloop
  endfacet
  facet normal 0.22046661376953125 -0.8750656247138977 -0.43087664246559143
    outer loop
      vertex -17.269113540649414 -5.690016746520996 74.77218627929688
      vertex -16.004682540893555 -5.432039737701416 74.89523315429688
      vertex -16.57339859008789 -6.01050329208374 75.77903747558594
    endloop
  endfacet
  facet normal 0.09679824113845825 -0.7213240265846252 -0.6858001351356506
    outer loop
      vertex -17.269113540649414 -5.690016746520996 74.77218627929688
      vertex -18.794292449951172 -5.661962032318115 74.52740478515625
      vertex -17.60665512084961 -4.855560302734375 73.84686279296875
    endloop
  endfacet
  facet normal 0.18166576325893402 -0.7766158580780029 -0.6032124161720276
    outer loop
      vertex -19.408416748046875 -4.7815399169921875 73.20893859863281
      vertex -17.60665512084961 -4.855560302734375 73.84686279296875
      vertex -18.794292449951172 -5.661962032318115 74.52740478515625
    endloop
  endfacet
  facet normal 0.14263737201690674 -0.4733430743217468 -0.8692530989646912
    outer loop
      vertex -14.088171005249023 -5.252982139587402 75.11221313476562
      vertex -16.004682540893555 -5.432039737701416 74.89523315429688
      vertex -15.891101837158203 -4.401062965393066 74.35246276855469
    endloop
  endfacet
  facet normal 0.2863134741783142 0.15739691257476807 -0.9451195001602173
    outer loop
      vertex -15.219888687133789 -3.3352770805358887 74.73329162597656
      vertex -15.891101837158203 -4.401062965393066 74.35246276855469
      vertex -17.078393936157227 -3.01503586769104 74.2236099243164
    endloop
  endfacet
  facet normal 0.14889071881771088 0.24825428426265717 -0.9571841359138489
    outer loop
      vertex -14.304620742797852 -4.086535453796387 74.68081665039062
      vertex -15.891101837158203 -4.401062965393066 74.35246276855469
      vertex -15.219888687133789 -3.3352770805358887 74.73329162597656
    endloop
  endfacet
  facet normal 0.34589457511901855 -0.327492892742157 -0.8792641162872314
    outer loop
      vertex -17.60665512084961 -4.855560302734375 73.84686279296875
      vertex -17.04001235961914 -4.114388942718506 73.79371643066406
      vertex -15.891101837158203 -4.401062965393066 74.35246276855469
    endloop
  endfacet
  facet normal 0.3613980710506439 -0.46522605419158936 -0.8080570101737976
    outer loop
      vertex -16.004682540893555 -5.432039737701416 74.89523315429688
      vertex -17.60665512084961 -4.855560302734375 73.84686279296875
      vertex -15.891101837158203 -4.401062965393066 74.35246276855469
    endloop
  endfacet
  facet normal 0.10490281134843826 -0.9243956208229065 -0.3667263090610504
    outer loop
      vertex -16.57339859008789 -6.01050329208374 75.77903747558594
      vertex -17.80290412902832 -6.043937683105469 75.51161193847656
      vertex -17.269113540649414 -5.690016746520996 74.77218627929688
    endloop
  endfacet
  facet normal 0.03752732649445534 -0.9981545209884644 -0.047741759568452835
    outer loop
      vertex -17.80290412902832 -6.043937683105469 75.51161193847656
      vertex -16.57339859008789 -6.01050329208374 75.77903747558594
      vertex -17.832256317138672 -6.115262031555176 76.97974395751953
    endloop
  endfacet
  facet normal -0.04256711155176163 -0.9904623031616211 -0.13104411959648132
    outer loop
      vertex -17.832256317138672 -6.115262031555176 76.97974395751953
      vertex -16.57339859008789 -6.01050329208374 75.77903747558594
      vertex -16.00918960571289 -6.202335357666016 77.0456771850586
    endloop
  endfacet
  facet normal 0.08046457916498184 -0.9795895218849182 -0.18420039117336273
    outer loop
      vertex -16.57339859008789 -6.01050329208374 75.77903747558594
      vertex -15.13099479675293 -5.925156593322754 75.95524597167969
      vertex -16.00918960571289 -6.202335357666016 77.0456771850586
    endloop
  endfacet
  facet normal -0.058167438954114914 -0.9553518295288086 -0.28968867659568787
    outer loop
      vertex -15.13099479675293 -5.925156593322754 75.95524597167969
      vertex -14.374296188354492 -6.293107032775879 77.01675415039062
      vertex -16.00918960571289 -6.202335357666016 77.0456771850586
    endloop
  endfacet
  facet normal 0.20797108113765717 -0.6874553561210632 -0.6958112120628357
    outer loop
      vertex -16.004682540893555 -5.432039737701416 74.89523315429688
      vertex -17.269113540649414 -5.690016746520996 74.77218627929688
      vertex -17.60665512084961 -4.855560302734375 73.84686279296875
    endloop
  endfacet
  facet normal 0.27839672565460205 -0.41176214814186096 -0.8677253127098083
    outer loop
      vertex -18.796401977539062 -3.9250969886779785 72.99888610839844
      vertex -19.408416748046875 -4.7815399169921875 73.20893859863281
      vertex -20.18424415588379 -3.9001641273498535 72.54178619384766
    endloop
  endfacet
  facet normal 0.2173389494419098 -0.46024787425994873 -0.8607761859893799
    outer loop
      vertex -20.18424415588379 -3.9001641273498535 72.54178619384766
      vertex -19.408416748046875 -4.7815399169921875 73.20893859863281
      vertex -20.88344955444336 -4.706923007965088 72.7966079711914
    endloop
  endfacet
  facet normal 0.19086268544197083 -0.4422241151332855 -0.8763614892959595
    outer loop
      vertex -20.18424415588379 -3.9001641273498535 72.54178619384766
      vertex -20.88344955444336 -4.706923007965088 72.7966079711914
      vertex -21.65102767944336 -3.7152256965637207 72.12901306152344
    endloop
  endfacet
  facet normal 0.2592134475708008 -0.09033738076686859 -0.9615859389305115
    outer loop
      vertex -20.76754379272461 -3.0880351066589355 72.3082504272461
      vertex -20.18424415588379 -3.9001641273498535 72.54178619384766
      vertex -21.65102767944336 -3.7152256965637207 72.12901306152344
    endloop
  endfacet
  facet normal 0.3760746121406555 0.09951178729534149 -0.9212303161621094
    outer loop
      vertex -21.77289390563965 -2.5225279331207275 72.20809936523438
      vertex -21.65102767944336 -3.7152256965637207 72.12901306152344
      vertex -22.79181480407715 -2.8991191387176514 71.75146484375
    endloop
  endfacet
  facet normal 0.14329545199871063 0.08005091547966003 -0.9864371418952942
    outer loop
      vertex -20.76754379272461 -3.0880351066589355 72.3082504272461
      vertex -21.65102767944336 -3.7152256965637207 72.12901306152344
      vertex -21.77289390563965 -2.5225279331207275 72.20809936523438
    endloop
  endfacet
  facet normal 0.39319121837615967 0.6626622676849365 -0.6374004483222961
    outer loop
      vertex -18.917083740234375 -2.1811161041259766 74.09701538085938
      vertex -19.60222053527832 -2.9305577278137207 72.89523315429688
      vertex -20.04120445251465 -2.0213732719421387 73.56965637207031
    endloop
  endfacet
  facet normal 0.36978840827941895 0.7276291847229004 -0.5777648687362671
    outer loop
      vertex -18.917083740234375 -2.1811161041259766 74.09701538085938
      vertex -17.078393936157227 -3.01503586769104 74.2236099243164
      vertex -18.34269142150879 -3.051508903503418 73.36848449707031
    endloop
  endfacet
  facet normal 0.5063894391059875 0.7797141671180725 -0.3682604134082794
    outer loop
      vertex -17.030893325805664 -2.292340040206909 75.81908416748047
      vertex -17.078393936157227 -3.01503586769104 74.2236099243164
      vertex -17.9864559173584 -2.163865327835083 74.7771224975586
    endloop
  endfacet
  facet normal 0.10686397552490234 0.9794461727142334 -0.17107126116752625
    outer loop
      vertex -18.917083740234375 -2.1811161041259766 74.09701538085938
      vertex -18.814294815063477 -1.978793740272522 75.31959533691406
      vertex -17.9864559173584 -2.163865327835083 74.7771224975586
    endloop
  endfacet
  facet normal -0.26843371987342834 0.6020727157592773 0.751965343952179
    outer loop
      vertex -18.601564407348633 -3.191582202911377 77.96131134033203
      vertex -19.890844345092773 -3.065800666809082 77.40036010742188
      vertex -19.74590301513672 -3.712371349334717 77.96978759765625
    endloop
  endfacet
  facet normal -0.23777198791503906 0.5356482863426208 0.8102749586105347
    outer loop
      vertex -18.601564407348633 -3.191582202911377 77.96131134033203
      vertex -19.74590301513672 -3.712371349334717 77.96978759765625
      vertex -18.411388397216797 -3.928454875946045 78.50424194335938
    endloop
  endfacet
  facet normal -0.19127264618873596 0.5497546195983887 0.8131325840950012
    outer loop
      vertex -16.86893081665039 -3.046175479888916 78.27056884765625
      vertex -18.601564407348633 -3.191582202911377 77.96131134033203
      vertex -18.411388397216797 -3.928454875946045 78.50424194335938
    endloop
  endfacet
  facet normal -0.1703573763370514 0.5195809006690979 0.8372657895088196
    outer loop
      vertex -18.411388397216797 -3.928454875946045 78.50424194335938
      vertex -17.02744483947754 -4.306458950042725 79.0204086303711
      vertex -16.86893081665039 -3.046175479888916 78.27056884765625
    endloop
  endfacet
  facet normal -0.411009281873703 -0.25269535183906555 0.8759089112281799
    outer loop
      vertex -15.780906677246094 -4.908515930175781 79.431640625
      vertex -17.02744483947754 -4.306458950042725 79.0204086303711
      vertex -16.72612762451172 -5.38477897644043 78.8507080078125
    endloop
  endfacet
  facet normal -0.2988343834877014 -0.31462544202804565 0.9009488821029663
    outer loop
      vertex -13.392139434814453 -4.704486846923828 80.14502716064453
      vertex -14.578128814697266 -4.488440036773682 79.82709503173828
      vertex -14.417181015014648 -5.499294281005859 79.52747344970703
    endloop
  endfacet
  facet normal -0.23623187839984894 -0.3876499533653259 0.8910230398178101
    outer loop
      vertex -13.392139434814453 -4.704486846923828 80.14502716064453
      vertex -14.417181015014648 -5.499294281005859 79.52747344970703
      vertex -12.555344581604004 -5.497339248657227 80.02194213867188
    endloop
  endfacet
  facet normal -0.09408462047576904 -0.24894391000270844 0.9639372825622559
    outer loop
      vertex -11.910261154174805 -4.031553268432617 80.46345520019531
      vertex -13.392139434814453 -4.704486846923828 80.14502716064453
      vertex -12.555344581604004 -5.497339248657227 80.02194213867188
    endloop
  endfacet
  facet normal -0.33835160732269287 0.564725399017334 0.7527305483818054
    outer loop
      vertex -9.94289779663086 -2.389119863510132 80.43589782714844
      vertex -9.317849159240723 -2.942678928375244 81.13215637207031
      vertex -8.61690902709961 -2.2639057636260986 80.93798828125
    endloop
  endfacet
  facet normal -0.2829984426498413 0.5223462581634521 0.8044043183326721
    outer loop
      vertex -8.103656768798828 -2.9358108043670654 81.55486297607422
      vertex -8.61690902709961 -2.2639057636260986 80.93798828125
      vertex -9.317849159240723 -2.942678928375244 81.13215637207031
    endloop
  endfacet
  facet normal -0.31129202246665955 0.3366338610649109 0.8886928558349609
    outer loop
      vertex -9.284451484680176 -3.713473081588745 81.43582916259766
      vertex -8.103656768798828 -2.9358108043670654 81.55486297607422
      vertex -9.317849159240723 -2.942678928375244 81.13215637207031
    endloop
  endfacet
  facet normal -0.27047401666641235 0.26920241117477417 0.9243234992027283
    outer loop
      vertex -7.589786529541016 -4.021608829498291 82.0214614868164
      vertex -8.103656768798828 -2.9358108043670654 81.55486297607422
      vertex -9.284451484680176 -3.713473081588745 81.43582916259766
    endloop
  endfacet
  facet normal -0.3143891990184784 0.07019931823015213 0.94669508934021
    outer loop
      vertex -9.03412914276123 -4.661386489868164 81.58924865722656
      vertex -7.589786529541016 -4.021608829498291 82.0214614868164
      vertex -9.284451484680176 -3.713473081588745 81.43582916259766
    endloop
  endfacet
  facet normal -0.3012705445289612 -0.2987969219684601 0.9055144786834717
    outer loop
      vertex -6.100892066955566 -4.9455976486206055 82.4590072631836
      vertex -6.6329345703125 -6.155375003814697 81.88279724121094
      vertex -5.140224456787109 -6.053569316864014 82.41302490234375
    endloop
  endfacet
  facet normal -0.20031006634235382 -0.48308902978897095 0.8523502945899963
    outer loop
      vertex -4.717437744140625 -7.013739109039307 81.96818542480469
      vertex -5.140224456787109 -6.053569316864014 82.41302490234375
      vertex -5.797123908996582 -6.6267900466918945 81.93376159667969
    endloop
  endfacet
  facet normal -0.35871267318725586 -0.5548387765884399 0.750652551651001
    outer loop
      vertex -6.089590072631836 -7.204008102416992 81.36735534667969
      vertex -5.797123908996582 -6.6267900466918945 81.93376159667969
      vertex -6.6329345703125 -6.155375003814697 81.88279724121094
    endloop
  endfacet
  facet normal -0.2894907295703888 -0.7153611779212952 0.6359666585922241
    outer loop
      vertex -8.466155052185059 -7.214998245239258 80.10302734375
      vertex -7.823050498962402 -6.534156322479248 81.16160583496094
      vertex -9.117998123168945 -6.471549987792969 80.64257049560547
    endloop
  endfacet
  facet normal -0.38822177052497864 -0.5318065881729126 0.7526392340660095
    outer loop
      vertex -11.261130332946777 -6.137399196624756 79.93112182617188
      vertex -10.088488578796387 -5.938755989074707 80.67634582519531
      vertex -11.059317588806152 -5.217466354370117 80.68523406982422
    endloop
  endfacet
  facet normal -0.1617228090763092 -0.9375905394554138 0.30784693360328674
    outer loop
      vertex -13.938284873962402 -6.437597274780273 78.01631164550781
      vertex -13.55234432220459 -6.184686660766602 78.98933410644531
      vertex -15.217340469360352 -6.107611656188965 78.34939575195312
    endloop
  endfacet
  facet normal -0.25649166107177734 -0.966147243976593 -0.027777889743447304
    outer loop
      vertex -14.374296188354492 -6.293107032775879 77.01675415039062
      vertex -13.938284873962402 -6.437597274780273 78.01631164550781
      vertex -15.217340469360352 -6.107611656188965 78.34939575195312
    endloop
  endfacet
  facet normal -0.053288932889699936 -0.9930939078330994 0.10452127456665039
    outer loop
      vertex -16.00918960571289 -6.202335357666016 77.0456771850586
      vertex -14.374296188354492 -6.293107032775879 77.01675415039062
      vertex -15.217340469360352 -6.107611656188965 78.34939575195312
    endloop
  endfacet
  facet normal 0.09343549609184265 -0.9937933683395386 -0.06037013232707977
    outer loop
      vertex -22.369054794311523 -6.022811412811279 74.65496826171875
      vertex -22.179651260375977 -6.086042881011963 75.98900604248047
      vertex -23.342395782470703 -6.179728031158447 75.73162841796875
    endloop
  endfacet
  facet normal -0.043774064630270004 -0.9474547505378723 -0.3168807029724121
    outer loop
      vertex -22.369054794311523 -6.022811412811279 74.65496826171875
      vertex -23.19158935546875 -5.975104808807373 74.6259536743164
      vertex -23.03437042236328 -5.598069190979004 73.47692108154297
    endloop
  endfacet
  facet normal 0.04006677493453026 -0.8391770720481873 0.5423802733421326
    outer loop
      vertex -22.179651260375977 -6.086042881011963 75.98900604248047
      vertex -21.975553512573242 -5.386309623718262 77.05656433105469
      vertex -23.44023323059082 -5.842170715332031 76.4594497680664
    endloop
  endfacet
  facet normal -0.18023832142353058 -0.7841136455535889 0.5938686728477478
    outer loop
      vertex -21.975553512573242 -5.386309623718262 77.05656433105469
      vertex -21.201030731201172 -5.995723724365234 76.48699188232422
      vertex -19.936800003051758 -5.917099952697754 76.97449493408203
    endloop
  endfacet
  facet normal -0.09352157264947891 -0.9905785322189331 0.10003980249166489
    outer loop
      vertex -18.948209762573242 -6.11203145980835 75.96849060058594
      vertex -17.832256317138672 -6.115262031555176 76.97974395751953
      vertex -19.936800003051758 -5.917099952697754 76.97449493408203
    endloop
  endfacet
  facet normal -0.08545567840337753 -0.8960250616073608 0.4357024133205414
    outer loop
      vertex -19.936800003051758 -5.917099952697754 76.97449493408203
      vertex -17.832256317138672 -6.115262031555176 76.97974395751953
      vertex -19.016172409057617 -5.536718845367432 77.93731689453125
    endloop
  endfacet
  facet normal -0.2887689173221588 -0.7634425759315491 0.5777264833450317
    outer loop
      vertex -20.567502975463867 -5.102850437164307 77.73524475097656
      vertex -19.936800003051758 -5.917099952697754 76.97449493408203
      vertex -19.016172409057617 -5.536718845367432 77.93731689453125
    endloop
  endfacet
  facet normal -0.37121519446372986 -0.27757370471954346 0.8860880732536316
    outer loop
      vertex -20.567502975463867 -5.102850437164307 77.73524475097656
      vertex -21.53559112548828 -4.526400566101074 77.51025390625
      vertex -21.975553512573242 -5.386309623718262 77.05656433105469
    endloop
  endfacet
  facet normal -0.21324104070663452 -0.7979284524917603 0.5637716054916382
    outer loop
      vertex -21.975553512573242 -5.386309623718262 77.05656433105469
      vertex -22.179651260375977 -6.086042881011963 75.98900604248047
      vertex -21.201030731201172 -5.995723724365234 76.48699188232422
    endloop
  endfacet
  facet normal -0.3155243694782257 -0.20097437500953674 0.9273908138275146
    outer loop
      vertex -23.468839645385742 -4.708701133728027 76.69535064697266
      vertex -23.44023323059082 -5.842170715332031 76.4594497680664
      vertex -21.975553512573242 -5.386309623718262 77.05656433105469
    endloop
  endfacet
  facet normal 0.05425284057855606 -0.9983205199241638 0.020314985886216164
    outer loop
      vertex -19.936800003051758 -5.917099952697754 76.97449493408203
      vertex -21.201030731201172 -5.995723724365234 76.48699188232422
      vertex -20.64725685119629 -5.988093376159668 75.38306427001953
    endloop
  endfacet
  facet normal -0.26980942487716675 -0.08321358263492584 0.9593114852905273
    outer loop
      vertex -23.468839645385742 -4.708701133728027 76.69535064697266
      vertex -21.975553512573242 -5.386309623718262 77.05656433105469
      vertex -22.477916717529297 -4.155980587005615 77.0219955444336
    endloop
  endfacet
  facet normal -0.5082268118858337 -0.18387722969055176 0.8413646817207336
    outer loop
      vertex -21.53559112548828 -4.526400566101074 77.51025390625
      vertex -22.477916717529297 -4.155980587005615 77.0219955444336
      vertex -21.975553512573242 -5.386309623718262 77.05656433105469
    endloop
  endfacet
  facet normal -0.28142380714416504 0.4933241903781891 0.8230624794960022
    outer loop
      vertex -22.058002471923828 -2.971301794052124 76.45550537109375
      vertex -23.389066696166992 -3.2068707942962646 76.1415786743164
      vertex -22.477916717529297 -4.155980587005615 77.0219955444336
    endloop
  endfacet
  facet normal -0.2798217535018921 0.6858376860618591 0.6718084216117859
    outer loop
      vertex -22.058002471923828 -2.971301794052124 76.45550537109375
      vertex -22.556320190429688 -2.3314967155456543 75.59477996826172
      vertex -23.389066696166992 -3.2068707942962646 76.1415786743164
    endloop
  endfacet
  facet normal -0.1083160936832428 0.8502703309059143 0.5150806307792664
    outer loop
      vertex -19.9901065826416 -2.0563716888427734 75.75527954101562
      vertex -21.33536720275879 -2.112131118774414 75.5644302368164
      vertex -20.688480377197266 -2.6541528701782227 76.59520721435547
    endloop
  endfacet
  facet normal -0.07750392705202103 0.9609776735305786 0.2655467092990875
    outer loop
      vertex -21.33536720275879 -2.112131118774414 75.5644302368164
      vertex -19.9901065826416 -2.0563716888427734 75.75527954101562
      vertex -20.330856323242188 -1.7785989046096802 74.65060424804688
    endloop
  endfacet
  facet normal 0.20496435463428497 0.9627147316932678 -0.1765502393245697
    outer loop
      vertex -18.917083740234375 -2.1811161041259766 74.09701538085938
      vertex -20.330856323242188 -1.7785989046096802 74.65060424804688
      vertex -18.814294815063477 -1.978793740272522 75.31959533691406
    endloop
  endfacet
  facet normal 0.02370331436395645 0.9712425470352173 0.23690932989120483
    outer loop
      vertex -18.814294815063477 -1.978793740272522 75.31959533691406
      vertex -20.330856323242188 -1.7785989046096802 74.65060424804688
      vertex -19.9901065826416 -2.0563716888427734 75.75527954101562
    endloop
  endfacet
  facet normal -0.24037595093250275 0.7888331413269043 0.5656517148017883
    outer loop
      vertex -21.33536720275879 -2.112131118774414 75.5644302368164
      vertex -22.058002471923828 -2.971301794052124 76.45550537109375
      vertex -20.688480377197266 -2.6541528701782227 76.59520721435547
    endloop
  endfacet
  facet normal -0.22681190073490143 0.6666765213012695 0.709999144077301
    outer loop
      vertex -20.688480377197266 -2.6541528701782227 76.59520721435547
      vertex -22.058002471923828 -2.971301794052124 76.45550537109375
      vertex -21.145029067993164 -3.5910534858703613 77.32909393310547
    endloop
  endfacet
  facet normal -0.291579008102417 0.5945566892623901 0.7493224143981934
    outer loop
      vertex -19.74590301513672 -3.712371349334717 77.96978759765625
      vertex -19.890844345092773 -3.065800666809082 77.40036010742188
      vertex -21.145029067993164 -3.5910534858703613 77.32909393310547
    endloop
  endfacet
  facet normal -0.33506321907043457 0.20515789091587067 0.9195884466171265
    outer loop
      vertex -19.74590301513672 -3.712371349334717 77.96978759765625
      vertex -19.53913688659668 -4.589447975158691 78.24079895019531
      vertex -18.411388397216797 -3.928454875946045 78.50424194335938
    endloop
  endfacet
  facet normal -0.2758967876434326 0.08928843587636948 0.9570311903953552
    outer loop
      vertex -19.53913688659668 -4.589447975158691 78.24079895019531
      vertex -18.20152473449707 -4.891446113586426 78.65458679199219
      vertex -18.411388397216797 -3.928454875946045 78.50424194335938
    endloop
  endfacet
  facet normal -0.2876715064048767 -0.5481086373329163 0.7853801846504211
    outer loop
      vertex -16.72612762451172 -5.38477897644043 78.8507080078125
      vertex -18.20152473449707 -4.891446113586426 78.65458679199219
      vertex -17.8092098236084 -5.6577839851379395 78.26346588134766
    endloop
  endfacet
  facet normal -0.28403812646865845 -0.4614560604095459 0.8404645323753357
    outer loop
      vertex -16.72612762451172 -5.38477897644043 78.8507080078125
      vertex -15.585012435913086 -5.590270042419434 79.12352752685547
      vertex -15.780906677246094 -4.908515930175781 79.431640625
    endloop
  endfacet
  facet normal -0.25838959217071533 -0.45852574706077576 0.850287675857544
    outer loop
      vertex -15.780906677246094 -4.908515930175781 79.431640625
      vertex -15.585012435913086 -5.590270042419434 79.12352752685547
      vertex -14.417181015014648 -5.499294281005859 79.52747344970703
    endloop
  endfacet
  facet normal -0.1735316962003708 -0.7342671155929565 0.6563067436218262
    outer loop
      vertex -12.555344581604004 -5.497339248657227 80.02194213867188
      vertex -14.417181015014648 -5.499294281005859 79.52747344970703
      vertex -13.55234432220459 -6.184686660766602 78.98933410644531
    endloop
  endfacet
  facet normal -0.11187773942947388 -0.8499388694763184 0.5148663520812988
    outer loop
      vertex -15.217340469360352 -6.107611656188965 78.34939575195312
      vertex -14.417181015014648 -5.499294281005859 79.52747344970703
      vertex -15.585012435913086 -5.590270042419434 79.12352752685547
    endloop
  endfacet
  facet normal -0.17841582000255585 -0.7844011187553406 0.5940393805503845
    outer loop
      vertex -16.79249382019043 -6.0087151527404785 78.00689697265625
      vertex -15.217340469360352 -6.107611656188965 78.34939575195312
      vertex -16.72612762451172 -5.38477897644043 78.8507080078125
    endloop
  endfacet
  facet normal -0.23244425654411316 -0.914844810962677 0.330194890499115
    outer loop
      vertex -16.79249382019043 -6.0087151527404785 78.00689697265625
      vertex -17.8092098236084 -5.6577839851379395 78.26346588134766
      vertex -17.832256317138672 -6.115262031555176 76.97974395751953
    endloop
  endfacet
  facet normal -0.18275874853134155 -0.9250656962394714 0.332945317029953
    outer loop
      vertex -17.832256317138672 -6.115262031555176 76.97974395751953
      vertex -17.8092098236084 -5.6577839851379395 78.26346588134766
      vertex -19.016172409057617 -5.536718845367432 77.93731689453125
    endloop
  endfacet
  facet normal -0.2295597344636917 -0.4095970392227173 0.8829114437103271
    outer loop
      vertex -19.016172409057617 -5.536718845367432 77.93731689453125
      vertex -19.53913688659668 -4.589447975158691 78.24079895019531
      vertex -20.567502975463867 -5.102850437164307 77.73524475097656
    endloop
  endfacet
  facet normal -0.375688761472702 -0.14829911291599274 0.9148034453392029
    outer loop
      vertex -20.60065460205078 -4.269671440124512 77.85669708251953
      vertex -20.567502975463867 -5.102850437164307 77.73524475097656
      vertex -19.53913688659668 -4.589447975158691 78.24079895019531
    endloop
  endfacet
  facet normal -0.30728456377983093 -0.1492275446653366 0.9398442506790161
    outer loop
      vertex -20.567502975463867 -5.102850437164307 77.73524475097656
      vertex -20.60065460205078 -4.269671440124512 77.85669708251953
      vertex -21.53559112548828 -4.526400566101074 77.51025390625
    endloop
  endfacet
  facet normal -0.3554302752017975 -0.4573788046836853 0.8151527047157288
    outer loop
      vertex -18.20152473449707 -4.891446113586426 78.65458679199219
      vertex -19.53913688659668 -4.589447975158691 78.24079895019531
      vertex -19.016172409057617 -5.536718845367432 77.93731689453125
    endloop
  endfacet
  facet normal -0.2693406939506531 -0.5436086058616638 0.7949498295783997
    outer loop
      vertex -18.20152473449707 -4.891446113586426 78.65458679199219
      vertex -19.016172409057617 -5.536718845367432 77.93731689453125
      vertex -17.8092098236084 -5.6577839851379395 78.26346588134766
    endloop
  endfacet
  facet normal -0.0894523486495018 -0.9879745244979858 0.126114159822464
    outer loop
      vertex -15.217340469360352 -6.107611656188965 78.34939575195312
      vertex -16.79249382019043 -6.0087151527404785 78.00689697265625
      vertex -16.00918960571289 -6.202335357666016 77.0456771850586
    endloop
  endfacet
  facet normal -0.2610323131084442 -0.8552873730659485 0.4476000666618347
    outer loop
      vertex -15.585012435913086 -5.590270042419434 79.12352752685547
      vertex -16.72612762451172 -5.38477897644043 78.8507080078125
      vertex -15.217340469360352 -6.107611656188965 78.34939575195312
    endloop
  endfacet
  facet normal -0.12333692610263824 -0.7932612895965576 0.596258819103241
    outer loop
      vertex -16.79249382019043 -6.0087151527404785 78.00689697265625
      vertex -16.72612762451172 -5.38477897644043 78.8507080078125
      vertex -17.8092098236084 -5.6577839851379395 78.26346588134766
    endloop
  endfacet
  facet normal -0.2707596719264984 0.22535642981529236 0.9358972311019897
    outer loop
      vertex -19.74590301513672 -3.712371349334717 77.96978759765625
      vertex -20.60065460205078 -4.269671440124512 77.85669708251953
      vertex -19.53913688659668 -4.589447975158691 78.24079895019531
    endloop
  endfacet
  facet normal -0.3585186004638672 0.3765302002429962 0.8542187213897705
    outer loop
      vertex -21.145029067993164 -3.5910534858703613 77.32909393310547
      vertex -20.60065460205078 -4.269671440124512 77.85669708251953
      vertex -19.74590301513672 -3.712371349334717 77.96978759765625
    endloop
  endfacet
  facet normal -0.4068435728549957 0.33451929688453674 0.850044310092926
    outer loop
      vertex -20.60065460205078 -4.269671440124512 77.85669708251953
      vertex -21.145029067993164 -3.5910534858703613 77.32909393310547
      vertex -21.53559112548828 -4.526400566101074 77.51025390625
    endloop
  endfacet
  facet normal -0.3915892243385315 0.5062215328216553 0.7683733701705933
    outer loop
      vertex -22.477916717529297 -4.155980587005615 77.0219955444336
      vertex -21.145029067993164 -3.5910534858703613 77.32909393310547
      vertex -22.058002471923828 -2.971301794052124 76.45550537109375
    endloop
  endfacet
  facet normal -0.12105625867843628 0.7618231177330017 0.6363734006881714
    outer loop
      vertex -22.058002471923828 -2.971301794052124 76.45550537109375
      vertex -21.33536720275879 -2.112131118774414 75.5644302368164
      vertex -22.556320190429688 -2.3314967155456543 75.59477996826172
    endloop
  endfacet
  facet normal -0.3371528685092926 0.3127664625644684 0.8879780173301697
    outer loop
      vertex -21.53559112548828 -4.526400566101074 77.51025390625
      vertex -21.145029067993164 -3.5910534858703613 77.32909393310547
      vertex -22.477916717529297 -4.155980587005615 77.0219955444336
    endloop
  endfacet
  facet normal -0.45612210035324097 0.3291049301624298 0.8268269300460815
    outer loop
      vertex -23.389066696166992 -3.2068707942962646 76.1415786743164
      vertex -23.468839645385742 -4.708701133728027 76.69535064697266
      vertex -22.477916717529297 -4.155980587005615 77.0219955444336
    endloop
  endfacet
  facet normal -0.16606365144252777 -0.7388290762901306 0.6531113982200623
    outer loop
      vertex -20.567502975463867 -5.102850437164307 77.73524475097656
      vertex -21.975553512573242 -5.386309623718262 77.05656433105469
      vertex -19.936800003051758 -5.917099952697754 76.97449493408203
    endloop
  endfacet
  facet normal -0.10338261723518372 -0.9905305504798889 0.09034011512994766
    outer loop
      vertex -20.64725685119629 -5.988093376159668 75.38306427001953
      vertex -18.948209762573242 -6.11203145980835 75.96849060058594
      vertex -19.936800003051758 -5.917099952697754 76.97449493408203
    endloop
  endfacet
  facet normal -0.052743565291166306 -0.9863936901092529 0.15570995211601257
    outer loop
      vertex -16.00918960571289 -6.202335357666016 77.0456771850586
      vertex -16.79249382019043 -6.0087151527404785 78.00689697265625
      vertex -17.832256317138672 -6.115262031555176 76.97974395751953
    endloop
  endfacet
  facet normal -0.2571331858634949 -0.7763186097145081 0.5755101442337036
    outer loop
      vertex -13.55234432220459 -6.184686660766602 78.98933410644531
      vertex -14.417181015014648 -5.499294281005859 79.52747344970703
      vertex -15.217340469360352 -6.107611656188965 78.34939575195312
    endloop
  endfacet
  facet normal -0.2206195890903473 -0.7001469135284424 0.6790590882301331
    outer loop
      vertex -13.55234432220459 -6.184686660766602 78.98933410644531
      vertex -12.331268310546875 -6.267860412597656 79.30029296875
      vertex -12.555344581604004 -5.497339248657227 80.02194213867188
    endloop
  endfacet
  facet normal -0.29907357692718506 -0.697180986404419 0.6515318155288696
    outer loop
      vertex -11.261130332946777 -6.137399196624756 79.93112182617188
      vertex -12.555344581604004 -5.497339248657227 80.02194213867188
      vertex -12.331268310546875 -6.267860412597656 79.30029296875
    endloop
  endfacet
  facet normal -0.23479236662387848 -0.5849162936210632 0.7763669490814209
    outer loop
      vertex -12.555344581604004 -5.497339248657227 80.02194213867188
      vertex -11.261130332946777 -6.137399196624756 79.93112182617188
      vertex -11.059317588806152 -5.217466354370117 80.68523406982422
    endloop
  endfacet
  facet normal -0.25220999121665955 -0.7597042322158813 0.5993661284446716
    outer loop
      vertex -10.043741226196289 -6.836656093597412 79.55707550048828
      vertex -10.088488578796387 -5.938755989074707 80.67634582519531
      vertex -11.261130332946777 -6.137399196624756 79.93112182617188
    endloop
  endfacet
  facet normal -0.3471616208553314 -0.46907392144203186 0.8120642900466919
    outer loop
      vertex -8.958547592163086 -5.663909912109375 81.31816101074219
      vertex -9.930105209350586 -5.15568733215332 81.19638061523438
      vertex -10.088488578796387 -5.938755989074707 80.67634582519531
    endloop
  endfacet
  facet normal -0.29150503873825073 -0.5792378783226013 0.7612545490264893
    outer loop
      vertex -8.958547592163086 -5.663909912109375 81.31816101074219
      vertex -10.088488578796387 -5.938755989074707 80.67634582519531
      vertex -9.117998123168945 -6.471549987792969 80.64257049560547
    endloop
  endfacet
  facet normal -0.31539079546928406 -0.2697930932044983 0.9098023772239685
    outer loop
      vertex -8.958547592163086 -5.663909912109375 81.31816101074219
      vertex -7.76263427734375 -5.2878947257995605 81.84423828125
      vertex -9.03412914276123 -4.661386489868164 81.58924865722656
    endloop
  endfacet
  facet normal -0.36167359352111816 -0.4343305826187134 0.8249541521072388
    outer loop
      vertex -7.823050498962402 -6.534156322479248 81.16160583496094
      vertex -6.6329345703125 -6.155375003814697 81.88279724121094
      vertex -7.76263427734375 -5.2878947257995605 81.84423828125
    endloop
  endfacet
  facet normal -0.2331131249666214 -0.45844677090644836 0.8576041460037231
    outer loop
      vertex -7.76263427734375 -5.2878947257995605 81.84423828125
      vertex -8.958547592163086 -5.663909912109375 81.31816101074219
      vertex -7.823050498962402 -6.534156322479248 81.16160583496094
    endloop
  endfacet
  facet normal -0.2576580047607422 -0.2702712118625641 0.9276668429374695
    outer loop
      vertex -9.03412914276123 -4.661386489868164 81.58924865722656
      vertex -9.930105209350586 -5.15568733215332 81.19638061523438
      vertex -8.958547592163086 -5.663909912109375 81.31816101074219
    endloop
  endfacet
  facet normal -0.3488171100616455 -0.10767238587141037 0.9309852123260498
    outer loop
      vertex -10.397331237792969 -4.332468032836914 81.11653137207031
      vertex -9.930105209350586 -5.15568733215332 81.19638061523438
      vertex -9.03412914276123 -4.661386489868164 81.58924865722656
    endloop
  endfacet
  facet normal -0.31143802404403687 0.07112525403499603 0.9476010203361511
    outer loop
      vertex -9.284451484680176 -3.713473081588745 81.43582916259766
      vertex -10.397331237792969 -4.332468032836914 81.11653137207031
      vertex -9.03412914276123 -4.661386489868164 81.58924865722656
    endloop
  endfacet
  facet normal -0.40191322565078735 -0.14034172892570496 0.9048590660095215
    outer loop
      vertex -11.059317588806152 -5.217466354370117 80.68523406982422
      vertex -9.930105209350586 -5.15568733215332 81.19638061523438
      vertex -10.397331237792969 -4.332468032836914 81.11653137207031
    endloop
  endfacet
  facet normal -0.34231820702552795 -0.47076767683029175 0.8131397366523743
    outer loop
      vertex -9.930105209350586 -5.15568733215332 81.19638061523438
      vertex -11.059317588806152 -5.217466354370117 80.68523406982422
      vertex -10.088488578796387 -5.938755989074707 80.67634582519531
    endloop
  endfacet
  facet normal -0.3802800476551056 -0.7287829518318176 0.569440484046936
    outer loop
      vertex -10.043741226196289 -6.836656093597412 79.55707550048828
      vertex -9.117998123168945 -6.471549987792969 80.64257049560547
      vertex -10.088488578796387 -5.938755989074707 80.67634582519531
    endloop
  endfacet
  facet normal -0.3300424814224243 -0.5664794445037842 0.7550979256629944
    outer loop
      vertex -9.117998123168945 -6.471549987792969 80.64257049560547
      vertex -7.823050498962402 -6.534156322479248 81.16160583496094
      vertex -8.958547592163086 -5.663909912109375 81.31816101074219
    endloop
  endfacet
  facet normal -0.2814139127731323 -0.4048886299133301 0.8699836134910583
    outer loop
      vertex -5.797123908996582 -6.6267900466918945 81.93376159667969
      vertex -5.140224456787109 -6.053569316864014 82.41302490234375
      vertex -6.6329345703125 -6.155375003814697 81.88279724121094
    endloop
  endfacet
  facet normal -0.3662876486778259 -0.07322929799556732 0.927615761756897
    outer loop
      vertex -6.100892066955566 -4.9455976486206055 82.4590072631836
      vertex -5.213553428649902 -4.150360584259033 82.8721694946289
      vertex -6.200443267822266 -3.8292269706726074 82.50782775878906
    endloop
  endfacet
  facet normal -0.24356374144554138 -0.10174497961997986 0.9645333290100098
    outer loop
      vertex -7.76263427734375 -5.2878947257995605 81.84423828125
      vertex -7.589786529541016 -4.021608829498291 82.0214614868164
      vertex -9.03412914276123 -4.661386489868164 81.58924865722656
    endloop
  endfacet
  facet normal -0.3299442529678345 -0.08652425557374954 0.9400267601013184
    outer loop
      vertex -6.100892066955566 -4.9455976486206055 82.4590072631836
      vertex -7.589786529541016 -4.021608829498291 82.0214614868164
      vertex -7.76263427734375 -5.2878947257995605 81.84423828125
    endloop
  endfacet
  facet normal -0.2719438374042511 -0.31370869278907776 0.90974360704422
    outer loop
      vertex -7.76263427734375 -5.2878947257995605 81.84423828125
      vertex -6.6329345703125 -6.155375003814697 81.88279724121094
      vertex -6.100892066955566 -4.9455976486206055 82.4590072631836
    endloop
  endfacet
  facet normal -0.3494004011154175 0.22189122438430786 0.9103205800056458
    outer loop
      vertex -6.200443267822266 -3.8292269706726074 82.50782775878906
      vertex -6.6264848709106445 -2.8797225952148438 82.11286163330078
      vertex -7.589786529541016 -4.021608829498291 82.0214614868164
    endloop
  endfacet
  facet normal -0.4063183665275574 0.18950669467449188 0.8938639163970947
    outer loop
      vertex -6.6264848709106445 -2.8797225952148438 82.11286163330078
      vertex -6.200443267822266 -3.8292269706726074 82.50782775878906
      vertex -5.497283458709717 -3.330684185028076 82.72176361083984
    endloop
  endfacet
  facet normal -0.3287264108657837 0.059167876839637756 0.9425700306892395
    outer loop
      vertex -6.200443267822266 -3.8292269706726074 82.50782775878906
      vertex -5.213553428649902 -4.150360584259033 82.8721694946289
      vertex -5.497283458709717 -3.330684185028076 82.72176361083984
    endloop
  endfacet
  facet normal -0.3209604024887085 -0.06992598623037338 0.9445077180862427
    outer loop
      vertex -6.200443267822266 -3.8292269706726074 82.50782775878906
      vertex -7.589786529541016 -4.021608829498291 82.0214614868164
      vertex -6.100892066955566 -4.9455976486206055 82.4590072631836
    endloop
  endfacet
  facet normal -0.35182562470436096 0.2240544557571411 0.9088554978370667
    outer loop
      vertex -8.103656768798828 -2.9358108043670654 81.55486297607422
      vertex -7.589786529541016 -4.021608829498291 82.0214614868164
      vertex -6.6264848709106445 -2.8797225952148438 82.11286163330078
    endloop
  endfacet
  facet normal -0.3235797882080078 0.49411699175834656 0.8069353699684143
    outer loop
      vertex -6.6264848709106445 -2.8797225952148438 82.11286163330078
      vertex -7.36128044128418 -1.8818275928497314 81.20716094970703
      vertex -8.103656768798828 -2.9358108043670654 81.55486297607422
    endloop
  endfacet
  facet normal -0.35557177662849426 0.19575105607509613 0.9139202833175659
    outer loop
      vertex -11.910261154174805 -4.031553268432617 80.46345520019531
      vertex -10.397331237792969 -4.332468032836914 81.11653137207031
      vertex -10.465829849243164 -3.3720130920410156 80.88416290283203
    endloop
  endfacet
  facet normal -0.29071033000946045 0.19713474810123444 0.9362828135490417
    outer loop
      vertex -13.392139434814453 -4.704486846923828 80.14502716064453
      vertex -11.910261154174805 -4.031553268432617 80.46345520019531
      vertex -13.383651733398438 -3.6923422813415527 79.93455505371094
    endloop
  endfacet
  facet normal -0.2194572240114212 0.2003920078277588 0.9548201560974121
    outer loop
      vertex -14.578128814697266 -4.488440036773682 79.82709503173828
      vertex -13.392139434814453 -4.704486846923828 80.14502716064453
      vertex -13.383651733398438 -3.6923422813415527 79.93455505371094
    endloop
  endfacet
  facet normal -0.3002200424671173 0.32963040471076965 0.8951042890548706
    outer loop
      vertex -14.578128814697266 -4.488440036773682 79.82709503173828
      vertex -13.383651733398438 -3.6923422813415527 79.93455505371094
      vertex -14.456933975219727 -3.4590320587158203 79.48865509033203
    endloop
  endfacet
  facet normal -0.24263246357440948 0.32865267992019653 0.9127524495124817
    outer loop
      vertex -15.72320556640625 -3.8343639373779297 79.28719329833984
      vertex -14.578128814697266 -4.488440036773682 79.82709503173828
      vertex -14.456933975219727 -3.4590320587158203 79.48865509033203
    endloop
  endfacet
  facet normal -0.3539207875728607 0.1432986706495285 0.9242323637008667
    outer loop
      vertex -15.780906677246094 -4.908515930175781 79.431640625
      vertex -14.578128814697266 -4.488440036773682 79.82709503173828
      vertex -15.72320556640625 -3.8343639373779297 79.28719329833984
    endloop
  endfacet
  facet normal -0.41451722383499146 -0.12896360456943512 0.9008573889732361
    outer loop
      vertex -10.397331237792969 -4.332468032836914 81.11653137207031
      vertex -11.910261154174805 -4.031553268432617 80.46345520019531
      vertex -11.059317588806152 -5.217466354370117 80.68523406982422
    endloop
  endfacet
  facet normal -0.38641008734703064 -0.105921670794487 0.9162247776985168
    outer loop
      vertex -11.910261154174805 -4.031553268432617 80.46345520019531
      vertex -12.555344581604004 -5.497339248657227 80.02194213867188
      vertex -11.059317588806152 -5.217466354370117 80.68523406982422
    endloop
  endfacet
  facet normal -0.19858916103839874 -0.307455837726593 0.9306090474128723
    outer loop
      vertex -15.780906677246094 -4.908515930175781 79.431640625
      vertex -14.417181015014648 -5.499294281005859 79.52747344970703
      vertex -14.578128814697266 -4.488440036773682 79.82709503173828
    endloop
  endfacet
  facet normal -0.1962278038263321 -0.20571357011795044 0.9587369561195374
    outer loop
      vertex -16.72612762451172 -5.38477897644043 78.8507080078125
      vertex -17.02744483947754 -4.306458950042725 79.0204086303711
      vertex -18.20152473449707 -4.891446113586426 78.65458679199219
    endloop
  endfacet
  facet normal -0.3304557502269745 0.07487177103757858 0.9408471584320068
    outer loop
      vertex -18.411388397216797 -3.928454875946045 78.50424194335938
      vertex -18.20152473449707 -4.891446113586426 78.65458679199219
      vertex -17.02744483947754 -4.306458950042725 79.0204086303711
    endloop
  endfacet
  facet normal -0.15115337073802948 0.8318993449211121 0.5339440703392029
    outer loop
      vertex -18.592912673950195 -2.475224733352661 76.84765625
      vertex -19.890844345092773 -3.065800666809082 77.40036010742188
      vertex -18.601564407348633 -3.191582202911377 77.96131134033203
    endloop
  endfacet
  facet normal -0.1369244009256363 0.8204324841499329 0.5551057457923889
    outer loop
      vertex -19.890844345092773 -3.065800666809082 77.40036010742188
      vertex -18.592912673950195 -2.475224733352661 76.84765625
      vertex -20.688480377197266 -2.6541528701782227 76.59520721435547
    endloop
  endfacet
  facet normal -0.3208019435405731 0.6759899854660034 0.6634181141853333
    outer loop
      vertex -19.890844345092773 -3.065800666809082 77.40036010742188
      vertex -20.688480377197266 -2.6541528701782227 76.59520721435547
      vertex -21.145029067993164 -3.5910534858703613 77.32909393310547
    endloop
  endfacet
  facet normal -0.13321185111999512 0.8564367294311523 0.49876922369003296
    outer loop
      vertex -19.9901065826416 -2.0563716888427734 75.75527954101562
      vertex -20.688480377197266 -2.6541528701782227 76.59520721435547
      vertex -18.592912673950195 -2.475224733352661 76.84765625
    endloop
  endfacet
  facet normal 0.04915083572268486 0.9519898295402527 0.3021582067012787
    outer loop
      vertex -18.592912673950195 -2.475224733352661 76.84765625
      vertex -18.814294815063477 -1.978793740272522 75.31959533691406
      vertex -19.9901065826416 -2.0563716888427734 75.75527954101562
    endloop
  endfacet
  facet normal 0.37874674797058105 0.7535129189491272 -0.5373725891113281
    outer loop
      vertex -17.9864559173584 -2.163865327835083 74.7771224975586
      vertex -17.078393936157227 -3.01503586769104 74.2236099243164
      vertex -18.917083740234375 -2.1811161041259766 74.09701538085938
    endloop
  endfacet
  facet normal 0.3591732382774353 0.4988427758216858 -0.7887651324272156
    outer loop
      vertex -21.77289390563965 -2.5225279331207275 72.20809936523438
      vertex -20.73470687866211 -2.2635040283203125 72.84466552734375
      vertex -20.76754379272461 -3.0880351066589355 72.3082504272461
    endloop
  endfacet
  facet normal 0.1771526038646698 0.7763915657997131 -0.6048412919044495
    outer loop
      vertex -22.099321365356445 -1.609449028968811 73.2845458984375
      vertex -20.73470687866211 -2.2635040283203125 72.84466552734375
      vertex -21.77289390563965 -2.5225279331207275 72.20809936523438
    endloop
  endfacet
  facet normal 0.3927091062068939 0.7566561102867126 -0.5227344036102295
    outer loop
      vertex -21.77289390563965 -2.5225279331207275 72.20809936523438
      vertex -22.853857040405273 -1.9467170238494873 72.22949981689453
      vertex -22.099321365356445 -1.609449028968811 73.2845458984375
    endloop
  endfacet
  facet normal 0.4180993139743805 0.6627281308174133 -0.6212764978408813
    outer loop
      vertex -20.73470687866211 -2.2635040283203125 72.84466552734375
      vertex -20.04120445251465 -2.0213732719421387 73.56965637207031
      vertex -19.60222053527832 -2.9305577278137207 72.89523315429688
    endloop
  endfacet
  facet normal 0.3032366931438446 0.7213172316551208 -0.6226949095726013
    outer loop
      vertex -19.60222053527832 -2.9305577278137207 72.89523315429688
      vertex -18.917083740234375 -2.1811161041259766 74.09701538085938
      vertex -18.34269142150879 -3.051508903503418 73.36848449707031
    endloop
  endfacet
  facet normal 0.3329333961009979 0.5048618316650391 -0.7964107394218445
    outer loop
      vertex -20.76754379272461 -3.0880351066589355 72.3082504272461
      vertex -20.73470687866211 -2.2635040283203125 72.84466552734375
      vertex -19.60222053527832 -2.9305577278137207 72.89523315429688
    endloop
  endfacet
  facet normal 0.24795211851596832 -0.389110267162323 -0.8871939182281494
    outer loop
      vertex -21.65102767944336 -3.7152256965637207 72.12901306152344
      vertex -21.995220184326172 -4.628285884857178 72.43327331542969
      vertex -22.816978454589844 -3.965493679046631 71.91291809082031
    endloop
  endfacet
  facet normal 0.2605689465999603 -0.3922029733657837 -0.8822021484375
    outer loop
      vertex -21.65102767944336 -3.7152256965637207 72.12901306152344
      vertex -20.88344955444336 -4.706923007965088 72.7966079711914
      vertex -21.995220184326172 -4.628285884857178 72.43327331542969
    endloop
  endfacet
  facet normal 0.14836063981056213 -0.7699541449546814 -0.620612382888794
    outer loop
      vertex -21.995220184326172 -4.628285884857178 72.43327331542969
      vertex -20.88344955444336 -4.706923007965088 72.7966079711914
      vertex -21.713848114013672 -5.43983793258667 73.50737762451172
    endloop
  endfacet
  facet normal 0.44249939918518066 0.06053199619054794 -0.8947235345840454
    outer loop
      vertex -19.60222053527832 -2.9305577278137207 72.89523315429688
      vertex -20.18424415588379 -3.9001641273498535 72.54178619384766
      vertex -20.76754379272461 -3.0880351066589355 72.3082504272461
    endloop
  endfacet
  facet normal 0.1398290991783142 -0.7577871084213257 -0.6373434662818909
    outer loop
      vertex -19.408416748046875 -4.7815399169921875 73.20893859863281
      vertex -20.230249404907227 -5.3930511474609375 73.75570678710938
      vertex -20.88344955444336 -4.706923007965088 72.7966079711914
    endloop
  endfacet
  facet normal 0.17807847261428833 -0.7780165672302246 -0.6024768352508545
    outer loop
      vertex -18.794292449951172 -5.661962032318115 74.52740478515625
      vertex -20.230249404907227 -5.3930511474609375 73.75570678710938
      vertex -19.408416748046875 -4.7815399169921875 73.20893859863281
    endloop
  endfacet
  facet normal 0.16526493430137634 -0.7655878663063049 -0.6217416524887085
    outer loop
      vertex -21.713848114013672 -5.43983793258667 73.50737762451172
      vertex -22.911237716674805 -4.949167251586914 72.58490753173828
      vertex -21.995220184326172 -4.628285884857178 72.43327331542969
    endloop
  endfacet
  facet normal 0.2114204466342926 -0.15118925273418427 -0.9656310081481934
    outer loop
      vertex -22.816978454589844 -3.965493679046631 71.91291809082031
      vertex -22.79181480407715 -2.8991191387176514 71.75146484375
      vertex -21.65102767944336 -3.7152256965637207 72.12901306152344
    endloop
  endfacet
  facet normal 0.21194951236248016 0.9641363620758057 -0.1597450077533722
    outer loop
      vertex -20.330856323242188 -1.7785989046096802 74.65060424804688
      vertex -18.917083740234375 -2.1811161041259766 74.09701538085938
      vertex -20.04120445251465 -2.0213732719421387 73.56965637207031
    endloop
  endfacet
  facet normal -0.14451859891414642 0.8696698546409607 0.47200503945350647
    outer loop
      vertex -21.33536720275879 -2.112131118774414 75.5644302368164
      vertex -22.069725036621094 -1.70633864402771 74.59191131591797
      vertex -22.556320190429688 -2.3314967155456543 75.59477996826172
    endloop
  endfacet
  facet normal 0.23885227739810944 0.9687837958335876 0.06638996303081512
    outer loop
      vertex -22.099321365356445 -1.609449028968811 73.2845458984375
      vertex -23.102083206176758 -1.4159634113311768 74.06879425048828
      vertex -22.069725036621094 -1.70633864402771 74.59191131591797
    endloop
  endfacet
  facet normal -0.019477758556604385 -0.9080049395561218 0.4185066223144531
    outer loop
      vertex -23.342395782470703 -6.179728031158447 75.73162841796875
      vertex -22.179651260375977 -6.086042881011963 75.98900604248047
      vertex -23.44023323059082 -5.842170715332031 76.4594497680664
    endloop
  endfacet
  facet normal -0.15134073793888092 -0.9855211973190308 -0.07644574344158173
    outer loop
      vertex -14.374296188354492 -6.293107032775879 77.01675415039062
      vertex -13.415217399597168 -6.4669952392578125 77.35977935791016
      vertex -13.938284873962402 -6.437597274780273 78.01631164550781
    endloop
  endfacet
  facet normal -0.37214234471321106 -0.7363620400428772 0.5650495886802673
    outer loop
      vertex -10.043741226196289 -6.836656093597412 79.55707550048828
      vertex -8.466155052185059 -7.214998245239258 80.10302734375
      vertex -9.117998123168945 -6.471549987792969 80.64257049560547
    endloop
  endfacet
  facet normal -0.302532821893692 -0.5421029329299927 0.7839633226394653
    outer loop
      vertex -6.089590072631836 -7.204008102416992 81.36735534667969
      vertex -6.6329345703125 -6.155375003814697 81.88279724121094
      vertex -7.823050498962402 -6.534156322479248 81.16160583496094
    endloop
  endfacet
  facet normal -0.3400591313838959 -0.678461492061615 0.6511910557746887
    outer loop
      vertex -6.627814292907715 -8.552227020263672 79.76948547363281
      vertex -5.874868392944336 -8.045999526977539 80.69010925292969
      vertex -7.133418083190918 -7.567383766174316 80.53153991699219
    endloop
  endfacet
  facet normal -0.2357211858034134 -0.6280301809310913 0.7416290640830994
    outer loop
      vertex -4.235445022583008 -9.44416618347168 80.04891204833984
      vertex -4.054937839508057 -8.30643081665039 81.06974792480469
      vertex -5.198184013366699 -8.732108116149902 80.34590148925781
    endloop
  endfacet
  facet normal -0.24435393512248993 -0.6164963245391846 0.7484807968139648
    outer loop
      vertex -5.198184013366699 -8.732108116149902 80.34590148925781
      vertex -4.054937839508057 -8.30643081665039 81.06974792480469
      vertex -5.874868392944336 -8.045999526977539 80.69010925292969
    endloop
  endfacet
  facet normal -0.24341216683387756 -0.6448370218276978 0.7245244979858398
    outer loop
      vertex -5.874868392944336 -8.045999526977539 80.69010925292969
      vertex -4.054937839508057 -8.30643081665039 81.06974792480469
      vertex -6.089590072631836 -7.204008102416992 81.36735534667969
    endloop
  endfacet
  facet normal -0.2102106213569641 -0.6283125877380371 0.7490226030349731
    outer loop
      vertex -4.054937839508057 -8.30643081665039 81.06974792480469
      vertex -3.335540294647217 -7.419809341430664 82.015380859375
      vertex -4.717437744140625 -7.013739109039307 81.96818542480469
    endloop
  endfacet
  facet normal -0.041332896798849106 -0.7122767567634583 0.7006807327270508
    outer loop
      vertex -0.8550097942352295 -7.741454124450684 82.1179428100586
      vertex -0.5758531093597412 -8.751527786254883 81.10762023925781
      vertex 0.64996337890625 -8.340542793273926 81.59771728515625
    endloop
  endfacet
  facet normal -0.0072832657024264336 -0.7944321036338806 0.6073092818260193
    outer loop
      vertex 2.055906295776367 -8.813907623291016 80.995361328125
      vertex 1.9118282794952393 -7.989077091217041 82.0726089477539
      vertex 0.64996337890625 -8.340542793273926 81.59771728515625
    endloop
  endfacet
  facet normal 0.05317917466163635 -0.8328174948692322 0.5509873628616333
    outer loop
      vertex 3.5627355575561523 -9.002740859985352 80.56450653076172
      vertex 2.055906295776367 -8.813907623291016 80.995361328125
      vertex 1.967458724975586 -9.61990737915039 79.78562927246094
    endloop
  endfacet
  facet normal 0.0933864638209343 -0.8645554184913635 0.4937843978404999
    outer loop
      vertex 3.492662191390991 -9.53950309753418 79.63795471191406
      vertex 3.5627355575561523 -9.002740859985352 80.56450653076172
      vertex 1.967458724975586 -9.61990737915039 79.78562927246094
    endloop
  endfacet
  facet normal 0.15596391260623932 -0.9176530241966248 0.36549702286720276
    outer loop
      vertex 6.132040023803711 -9.628400802612305 78.39070129394531
      vertex 4.630744934082031 -9.509477615356445 79.32991027832031
      vertex 4.65937614440918 -10.044837951660156 77.97356414794922
    endloop
  endfacet
  facet normal 0.15436723828315735 -0.8599368333816528 0.4864969253540039
    outer loop
      vertex 3.5627355575561523 -9.002740859985352 80.56450653076172
      vertex 3.492662191390991 -9.53950309753418 79.63795471191406
      vertex 4.630744934082031 -9.509477615356445 79.32991027832031
    endloop
  endfacet
  facet normal 0.08947417140007019 -0.8918231725692749 0.44344764947891235
    outer loop
      vertex 4.630744934082031 -9.509477615356445 79.32991027832031
      vertex 5.144514083862305 -8.845710754394531 80.5611572265625
      vertex 3.5627355575561523 -9.002740859985352 80.56450653076172
    endloop
  endfacet
  facet normal 0.08661741018295288 -0.8618466258049011 0.49971792101860046
    outer loop
      vertex 4.43233585357666 -8.282477378845215 81.65599060058594
      vertex 3.5627355575561523 -9.002740859985352 80.56450653076172
      vertex 5.144514083862305 -8.845710754394531 80.5611572265625
    endloop
  endfacet
  facet normal 0.027901524677872658 -0.8444007039070129 0.5349851846694946
    outer loop
      vertex 4.43233585357666 -8.282477378845215 81.65599060058594
      vertex 3.011345386505127 -8.36754035949707 81.59584045410156
      vertex 3.5627355575561523 -9.002740859985352 80.56450653076172
    endloop
  endfacet
  facet normal -0.09356287121772766 -0.6624059081077576 0.7432795166969299
    outer loop
      vertex 0.5776697397232056 -7.473062038421631 82.5374755859375
      vertex -0.7084667682647705 -6.798027515411377 82.97716522216797
      vertex -0.8550097942352295 -7.741454124450684 82.1179428100586
    endloop
  endfacet
  facet normal -0.10046982765197754 -0.7055082321166992 0.7015439867973328
    outer loop
      vertex 1.8654775619506836 -7.200498104095459 82.99600982666016
      vertex 0.7362606525421143 -6.656561851501465 83.38130187988281
      vertex 0.5776697397232056 -7.473062038421631 82.5374755859375
    endloop
  endfacet
  facet normal -0.1492917835712433 -0.6366605758666992 0.7565548419952393
    outer loop
      vertex 0.7362606525421143 -6.656561851501465 83.38130187988281
      vertex -0.23844695091247559 -5.908302307128906 83.81864166259766
      vertex -0.7084667682647705 -6.798027515411377 82.97716522216797
    endloop
  endfacet
  facet normal -0.11999080330133438 -0.6582255363464355 0.7431967854499817
    outer loop
      vertex -0.7084667682647705 -6.798027515411377 82.97716522216797
      vertex -2.079692840576172 -7.012224197387695 82.56607055664062
      vertex -0.8550097942352295 -7.741454124450684 82.1179428100586
    endloop
  endfacet
  facet normal -0.20984996855258942 -0.6110329627990723 0.7632834911346436
    outer loop
      vertex -0.7084667682647705 -6.798027515411377 82.97716522216797
      vertex -0.23844695091247559 -5.908302307128906 83.81864166259766
      vertex -1.8216581344604492 -5.823375701904297 83.45135498046875
    endloop
  endfacet
  facet normal -0.2245122790336609 -0.5694938898086548 0.7907407879829407
    outer loop
      vertex 0.22859466075897217 -4.803579330444336 84.74687194824219
      vertex -0.9661915302276611 -5.212698936462402 84.11299133300781
      vertex -0.23844695091247559 -5.908302307128906 83.81864166259766
    endloop
  endfacet
  facet normal -0.20130975544452667 -0.5788463354110718 0.7901970744132996
    outer loop
      vertex -0.23844695091247559 -5.908302307128906 83.81864166259766
      vertex 1.5657740831375122 -5.736506938934326 84.40412902832031
      vertex 0.22859466075897217 -4.803579330444336 84.74687194824219
    endloop
  endfacet
  facet normal -0.3042329251766205 -0.4401184320449829 0.844830334186554
    outer loop
      vertex -1.1111931800842285 -4.384136199951172 84.48291015625
      vertex 0.22859466075897217 -4.803579330444336 84.74687194824219
      vertex -0.36443591117858887 -3.7929506301879883 85.05980682373047
    endloop
  endfacet
  facet normal -0.4318147599697113 -0.2884814739227295 0.8545843958854675
    outer loop
      vertex -1.1111931800842285 -4.384136199951172 84.48291015625
      vertex -0.36443591117858887 -3.7929506301879883 85.05980682373047
      vertex -1.3785350322723389 -3.368540048599243 84.69065856933594
    endloop
  endfacet
  facet normal -0.33643093705177307 -0.453047513961792 0.825567901134491
    outer loop
      vertex 0.8828729391098022 -3.822319269180298 85.55198669433594
      vertex -0.36443591117858887 -3.7929506301879883 85.05980682373047
      vertex 0.22859466075897217 -4.803579330444336 84.74687194824219
    endloop
  endfacet
  facet normal -0.2566675841808319 -0.5050035715103149 0.8240711092948914
    outer loop
      vertex 1.975752592086792 -4.721549034118652 85.34131622314453
      vertex 0.8828729391098022 -3.822319269180298 85.55198669433594
      vertex 0.22859466075897217 -4.803579330444336 84.74687194824219
    endloop
  endfacet
  facet normal -0.22985291481018066 -0.6084949374198914 0.7595402598381042
    outer loop
      vertex 1.5657740831375122 -5.736506938934326 84.40412902832031
      vertex 1.975752592086792 -4.721549034118652 85.34131622314453
      vertex 0.22859466075897217 -4.803579330444336 84.74687194824219
    endloop
  endfacet
  facet normal -0.11016959697008133 -0.5746128559112549 0.8109764456748962
    outer loop
      vertex 4.566314697265625 -4.22843599319458 86.18783569335938
      vertex 3.462707996368408 -4.750263690948486 85.66817474365234
      vertex 4.975281715393066 -5.247469902038574 85.5213623046875
    endloop
  endfacet
  facet normal -0.11386989057064056 -0.5753986835479736 0.8099073171615601
    outer loop
      vertex 6.199038505554199 -4.472273826599121 86.24415588378906
      vertex 4.566314697265625 -4.22843599319458 86.18783569335938
      vertex 4.975281715393066 -5.247469902038574 85.5213623046875
    endloop
  endfacet
  facet normal -0.3407617211341858 -0.2243434190750122 0.9129904508590698
    outer loop
      vertex 9.578296661376953 -4.358058929443359 87.13211059570312
      vertex 7.7967681884765625 -4.851205348968506 86.34600067138672
      vertex 9.314836502075195 -5.810183048248291 86.67695617675781
    endloop
  endfacet
  facet normal -0.6509336829185486 -0.3790953457355499 0.6577020883560181
    outer loop
      vertex 10.647943496704102 -6.16923189163208 87.78939056396484
      vertex 9.314836502075195 -5.810183048248291 86.67695617675781
      vertex 10.154752731323242 -6.748534202575684 86.96736907958984
    endloop
  endfacet
  facet normal -0.46432623267173767 -0.7641562819480896 0.44773489236831665
    outer loop
      vertex 8.609997749328613 -7.157804012298584 84.64839172363281
      vertex 9.48782730102539 -7.046426296234131 85.74884033203125
      vertex 7.825891494750977 -6.275070667266846 85.34180450439453
    endloop
  endfacet
  facet normal -0.06639470905065536 -0.9003117084503174 0.43015164136886597
    outer loop
      vertex 8.817317962646484 -7.878791809082031 82.54723358154297
      vertex 7.420624256134033 -7.16017484664917 83.83572387695312
      vertex 7.1557416915893555 -7.915073394775391 82.21482849121094
    endloop
  endfacet
  facet normal 0.006684201769530773 -0.8889692425727844 0.4579182267189026
    outer loop
      vertex 6.082448959350586 -8.367137908935547 81.35289001464844
      vertex 7.1557416915893555 -7.915073394775391 82.21482849121094
      vertex 5.73834228515625 -7.924001693725586 82.21818542480469
    endloop
  endfacet
  facet normal 0.04300551488995552 -0.876751720905304 0.4790166914463043
    outer loop
      vertex 6.082448959350586 -8.367137908935547 81.35289001464844
      vertex 4.43233585357666 -8.282477378845215 81.65599060058594
      vertex 5.144514083862305 -8.845710754394531 80.5611572265625
    endloop
  endfacet
  facet normal 0.10282448679208755 -0.9005066156387329 0.4225103557109833
    outer loop
      vertex 6.082448959350586 -8.367137908935547 81.35289001464844
      vertex 5.144514083862305 -8.845710754394531 80.5611572265625
      vertex 6.460278034210205 -8.766422271728516 80.4099349975586
    endloop
  endfacet
  facet normal 0.10186861455440521 -0.9057161808013916 0.4114619493484497
    outer loop
      vertex 6.460278034210205 -8.766422271728516 80.4099349975586
      vertex 5.144514083862305 -8.845710754394531 80.5611572265625
      vertex 5.95304012298584 -9.18707275390625 79.60957336425781
    endloop
  endfacet
  facet normal 0.14432863891124725 -0.9106519222259521 0.3871465027332306
    outer loop
      vertex 7.637493133544922 -8.961910247802734 79.51123809814453
      vertex 6.460278034210205 -8.766422271728516 80.4099349975586
      vertex 5.95304012298584 -9.18707275390625 79.60957336425781
    endloop
  endfacet
  facet normal 0.15687233209609985 -0.9450917840003967 0.2866925299167633
    outer loop
      vertex 9.353317260742188 -8.685262680053711 79.4843521118164
      vertex 8.778339385986328 -8.489606857299805 80.44395446777344
      vertex 7.637493133544922 -8.961910247802734 79.51123809814453
    endloop
  endfacet
  facet normal 0.18771687150001526 -0.9291736483573914 0.318431556224823
    outer loop
      vertex 8.713603973388672 -9.05691146850586 78.59965515136719
      vertex 7.637493133544922 -8.961910247802734 79.51123809814453
      vertex 7.560813903808594 -9.363275527954102 78.38526916503906
    endloop
  endfacet
  facet normal 0.20266160368919373 -0.9442195296287537 0.25957226753234863
    outer loop
      vertex 8.713603973388672 -9.05691146850586 78.59965515136719
      vertex 7.560813903808594 -9.363275527954102 78.38526916503906
      vertex 8.167223930358887 -9.405376434326172 77.7586669921875
    endloop
  endfacet
  facet normal 0.23722490668296814 -0.9422746300697327 0.23631098866462708
    outer loop
      vertex 8.713603973388672 -9.05691146850586 78.59965515136719
      vertex 8.167223930358887 -9.405376434326172 77.7586669921875
      vertex 9.422685623168945 -9.137476921081543 77.56658172607422
    endloop
  endfacet
  facet normal 0.26890894770622253 -0.9515334367752075 0.14923878014087677
    outer loop
      vertex 10.746357917785645 -8.909161567687988 76.63721466064453
      vertex 10.946109771728516 -8.605892181396484 78.21090698242188
      vertex 9.422685623168945 -9.137476921081543 77.56658172607422
    endloop
  endfacet
  facet normal 0.3217012286186218 -0.9460399746894836 0.038945917040109634
    outer loop
      vertex 10.647953987121582 -9.12209701538086 74.19657135009766
      vertex 11.357909202575684 -8.831162452697754 75.39932250976562
      vertex 10.00326919555664 -9.290197372436523 75.4384536743164
    endloop
  endfacet
  facet normal 0.3373425304889679 -0.9363877773284912 -0.0968402847647667
    outer loop
      vertex 9.9105224609375 -9.14352035522461 70.90572357177734
      vertex 10.74651050567627 -9.012272834777832 72.54879760742188
      vertex 9.007771492004395 -9.600418090820312 72.17892456054688
    endloop
  endfacet
  facet normal 0.2757693827152252 -0.9605287313461304 -0.036548033356666565
    outer loop
      vertex 9.007771492004395 -9.600418090820312 72.17892456054688
      vertex 7.4815521240234375 -10.052425384521484 72.54232025146484
      vertex 7.916416645050049 -9.89824104309082 71.7713851928711
    endloop
  endfacet
  facet normal 0.21963396668434143 -0.9730164408683777 -0.07071007043123245
    outer loop
      vertex 6.960537433624268 -10.09567928314209 71.5191879272461
      vertex 7.916416645050049 -9.89824104309082 71.7713851928711
      vertex 7.4815521240234375 -10.052425384521484 72.54232025146484
    endloop
  endfacet
  facet normal 0.1885605752468109 -0.9805443286895752 -0.05456816777586937
    outer loop
      vertex 6.960537433624268 -10.09567928314209 71.5191879272461
      vertex 7.4815521240234375 -10.052425384521484 72.54232025146484
      vertex 5.936312198638916 -10.350322723388672 72.55570220947266
    endloop
  endfacet
  facet normal 0.10325789451599121 -0.9915643930435181 -0.07834445685148239
    outer loop
      vertex 4.707475662231445 -10.56097412109375 73.1556625366211
      vertex 3.4287257194519043 -10.685606956481934 73.04768371582031
      vertex 4.559221267700195 -10.484709739685059 71.99502563476562
    endloop
  endfacet
  facet normal 0.07280689477920532 -0.9911534786224365 -0.11096871644258499
    outer loop
      vertex 4.559221267700195 -10.484709739685059 71.99502563476562
      vertex 3.4287257194519043 -10.685606956481934 73.04768371582031
      vertex 3.237837791442871 -10.532243728637695 71.55262756347656
    endloop
  endfacet
  facet normal 0.06448789685964584 -0.9918399453163147 -0.10997697710990906
    outer loop
      vertex 3.237837791442871 -10.532243728637695 71.55262756347656
      vertex 3.4287257194519043 -10.685606956481934 73.04768371582031
      vertex 2.064878463745117 -10.697155952453613 72.35211181640625
    endloop
  endfacet
  facet normal 0.06269069761037827 -0.9947923421859741 -0.08036200702190399
    outer loop
      vertex 3.237837791442871 -10.532243728637695 71.55262756347656
      vertex 4.2427754402160645 -10.370779037475586 70.33782958984375
      vertex 4.559221267700195 -10.484709739685059 71.99502563476562
    endloop
  endfacet
  facet normal 0.10806894302368164 -0.990177571773529 -0.08870984613895416
    outer loop
      vertex 4.2427754402160645 -10.370779037475586 70.33782958984375
      vertex 5.680344104766846 -10.284384727478027 71.12478637695312
      vertex 4.559221267700195 -10.484709739685059 71.99502563476562
    endloop
  endfacet
  facet normal 0.037893589586019516 -0.9882239103317261 -0.14824877679347992
    outer loop
      vertex 3.237837791442871 -10.532243728637695 71.55262756347656
      vertex 2.064878463745117 -10.697155952453613 72.35211181640625
      vertex 2.066291332244873 -10.490446090698242 70.97454833984375
    endloop
  endfacet
  facet normal -0.007203950546681881 -0.9864938259124756 -0.16364037990570068
    outer loop
      vertex 1.0454785823822021 -10.404203414916992 70.44282531738281
      vertex 0.8809605836868286 -10.590325355529785 71.57209014892578
      vertex -0.14383673667907715 -10.407672882080078 70.51609802246094
    endloop
  endfacet
  facet normal 0.11213718354701996 -0.9551593065261841 -0.2740362286567688
    outer loop
      vertex -0.14383673667907715 -10.407672882080078 70.51609802246094
      vertex 0.8809605836868286 -10.590325355529785 71.57209014892578
      vertex -0.37525296211242676 -10.848756790161133 71.95880889892578
    endloop
  endfacet
  facet normal 0.2315324991941452 -0.8725554347038269 -0.4301624298095703
    outer loop
      vertex -0.37525296211242676 -10.848756790161133 71.95880889892578
      vertex -1.392636775970459 -11.164899826049805 72.05248260498047
      vertex -1.3895153999328613 -10.639444351196289 70.98831176757812
    endloop
  endfacet
  facet normal 0.2442731410264969 -0.8697721362113953 -0.42875078320503235
    outer loop
      vertex -2.2563724517822266 -11.10805892944336 71.44507598876953
      vertex -1.3895153999328613 -10.639444351196289 70.98831176757812
      vertex -1.392636775970459 -11.164899826049805 72.05248260498047
    endloop
  endfacet
  facet normal 0.20049788057804108 -0.8484053015708923 -0.4899072051048279
    outer loop
      vertex -1.3895153999328613 -10.639444351196289 70.98831176757812
      vertex -2.2563724517822266 -11.10805892944336 71.44507598876953
      vertex -2.7747011184692383 -10.615316390991211 70.37963104248047
    endloop
  endfacet
  facet normal 0.5049192309379578 -0.10714986175298691 -0.8564903140068054
    outer loop
      vertex -4.883575439453125 -11.553152084350586 70.39506530761719
      vertex -4.592933654785156 -12.432379722595215 70.67639923095703
      vertex -5.7358174324035645 -12.032767295837402 69.95265197753906
    endloop
  endfacet
  facet normal 0.2702770233154297 0.34784993529319763 -0.8977476954460144
    outer loop
      vertex -6.543329238891602 -11.117621421813965 70.06413269042969
      vertex -4.883575439453125 -11.553152084350586 70.39506530761719
      vertex -5.7358174324035645 -12.032767295837402 69.95265197753906
    endloop
  endfacet
  facet normal 0.7260874509811401 0.012052261270582676 -0.6874967813491821
    outer loop
      vertex -5.9660210609436035 -12.743890762329102 69.56053161621094
      vertex -6.004340171813965 -13.655863761901855 69.50407409667969
      vertex -6.684393882751465 -13.002449989318848 68.79730224609375
    endloop
  endfacet
  facet normal -0.29177823662757874 0.9181843400001526 -0.2679608166217804
    outer loop
      vertex -12.007352828979492 -11.735383987426758 70.88998413085938
      vertex -10.492499351501465 -11.550232887268066 69.87491607666016
      vertex -11.991652488708496 -12.000383377075195 69.96485137939453
    endloop
  endfacet
  facet normal -0.3192287087440491 0.8944039344787598 -0.3132646083831787
    outer loop
      vertex -12.007352828979492 -11.735383987426758 70.88998413085938
      vertex -10.745368003845215 -11.103728294372559 71.40741729736328
      vertex -10.492499351501465 -11.550232887268066 69.87491607666016
    endloop
  endfacet
  facet normal -0.13559909164905548 0.8059335350990295 -0.5762673616409302
    outer loop
      vertex -9.127728462219238 -11.536004066467285 69.57367706298828
      vertex -9.383993148803711 -12.13123607635498 68.80152130126953
      vertex -10.492499351501465 -11.550232887268066 69.87491607666016
    endloop
  endfacet
  facet normal -0.1160828098654747 0.8183708190917969 -0.5628446936607361
    outer loop
      vertex -10.782662391662598 -11.98537826538086 69.30206298828125
      vertex -10.492499351501465 -11.550232887268066 69.87491607666016
      vertex -9.383993148803711 -12.13123607635498 68.80152130126953
    endloop
  endfacet
  facet normal 0.09300322085618973 0.7734007835388184 -0.6270579099655151
    outer loop
      vertex -7.414834976196289 -12.006096839904785 69.2479248046875
      vertex -9.383993148803711 -12.13123607635498 68.80152130126953
      vertex -9.127728462219238 -11.536004066467285 69.57367706298828
    endloop
  endfacet
  facet normal -0.004589131101965904 0.6789528131484985 -0.7341676354408264
    outer loop
      vertex -7.414834976196289 -12.006096839904785 69.2479248046875
      vertex -8.326778411865234 -11.031057357788086 70.15533447265625
      vertex -6.543329238891602 -11.117621421813965 70.06413269042969
    endloop
  endfacet
  facet normal 0.0615435354411602 0.7102115750312805 -0.7012930512428284
    outer loop
      vertex -8.326778411865234 -11.031057357788086 70.15533447265625
      vertex -7.414834976196289 -12.006096839904785 69.2479248046875
      vertex -9.127728462219238 -11.536004066467285 69.57367706298828
    endloop
  endfacet
  facet normal -0.16283774375915527 0.8450166583061218 -0.5093435645103455
    outer loop
      vertex -9.561803817749023 -11.104228973388672 70.42877960205078
      vertex -8.326778411865234 -11.031057357788086 70.15533447265625
      vertex -9.127728462219238 -11.536004066467285 69.57367706298828
    endloop
  endfacet
  facet normal 0.3665369749069214 0.35546085238456726 -0.859824538230896
    outer loop
      vertex -5.9660210609436035 -12.743890762329102 69.56053161621094
      vertex -7.414834976196289 -12.006096839904785 69.2479248046875
      vertex -5.7358174324035645 -12.032767295837402 69.95265197753906
    endloop
  endfacet
  facet normal 0.35736536979675293 0.41712960600852966 -0.835639238357544
    outer loop
      vertex -5.7358174324035645 -12.032767295837402 69.95265197753906
      vertex -7.414834976196289 -12.006096839904785 69.2479248046875
      vertex -6.543329238891602 -11.117621421813965 70.06413269042969
    endloop
  endfacet
  facet normal -0.11817548424005508 0.8609745502471924 -0.4947294592857361
    outer loop
      vertex -9.561803817749023 -11.104228973388672 70.42877960205078
      vertex -9.127728462219238 -11.536004066467285 69.57367706298828
      vertex -10.492499351501465 -11.550232887268066 69.87491607666016
    endloop
  endfacet
  facet normal -0.5650267601013184 0.8065420389175415 0.17388185858726501
    outer loop
      vertex -12.137235641479492 -11.632979393005371 72.2703628540039
      vertex -12.171923637390137 -11.888631820678711 73.34347534179688
      vertex -11.120573997497559 -11.120738983154297 73.19799041748047
    endloop
  endfacet
  facet normal -0.6038610339164734 0.7746273875236511 0.1878942996263504
    outer loop
      vertex -11.120573997497559 -11.120738983154297 73.19799041748047
      vertex -10.439408302307129 -10.910737991333008 74.52137756347656
      vertex -10.063217163085938 -10.39858627319336 73.61895751953125
    endloop
  endfacet
  facet normal -0.6921694874763489 0.7123910784721375 0.11576016247272491
    outer loop
      vertex -10.439408302307129 -10.910737991333008 74.52137756347656
      vertex -9.526060104370117 -10.011758804321289 74.45025634765625
      vertex -10.063217163085938 -10.39858627319336 73.61895751953125
    endloop
  endfacet
  facet normal -0.5890545845031738 0.8080801367759705 0.004603916313499212
    outer loop
      vertex -10.063217163085938 -10.39858627319336 73.61895751953125
      vertex -9.526060104370117 -10.011758804321289 74.45025634765625
      vertex -9.069851875305176 -9.669792175292969 72.79842376708984
    endloop
  endfacet
  facet normal -0.8746200799942017 0.4490011930465698 0.1828598827123642
    outer loop
      vertex -9.567580223083496 -10.514114379882812 75.48516845703125
      vertex -9.067699432373047 -9.479686737060547 75.33612823486328
      vertex -9.526060104370117 -10.011758804321289 74.45025634765625
    endloop
  endfacet
  facet normal -0.6549356579780579 0.6898157000541687 0.3085670471191406
    outer loop
      vertex -10.439408302307129 -10.910737991333008 74.52137756347656
      vertex -9.567580223083496 -10.514114379882812 75.48516845703125
      vertex -9.526060104370117 -10.011758804321289 74.45025634765625
    endloop
  endfacet
  facet normal -0.6081551909446716 -0.10827860236167908 0.7863988876342773
    outer loop
      vertex -10.642928123474121 -12.740347862243652 74.87586975097656
      vertex -9.676682472229004 -12.106066703796387 75.71044158935547
      vertex -10.294820785522461 -11.542675018310547 75.30998229980469
    endloop
  endfacet
  facet normal -0.4830595850944519 -0.3900168240070343 0.7839261889457703
    outer loop
      vertex -11.74512004852295 -13.61169147491455 73.80195617675781
      vertex -11.32756519317627 -12.990500450134277 74.3683090209961
      vertex -11.95920181274414 -12.947707176208496 74.00038146972656
    endloop
  endfacet
  facet normal -0.09079094231128693 -0.828822672367096 0.5520960092544556
    outer loop
      vertex -9.557565689086914 -14.163557052612305 73.46531677246094
      vertex -9.657370567321777 -13.555299758911133 74.3620376586914
      vertex -10.604813575744629 -13.638927459716797 74.0806884765625
    endloop
  endfacet
  facet normal 0.07914593070745468 -0.9228782057762146 0.3768710196018219
    outer loop
      vertex -9.371416091918945 -14.486181259155273 72.63618469238281
      vertex -9.557565689086914 -14.163557052612305 73.46531677246094
      vertex -10.887810707092285 -14.368002891540527 73.24403381347656
    endloop
  endfacet
  facet normal 0.38492336869239807 -0.9163966774940491 0.10977756232023239
    outer loop
      vertex -5.866621017456055 -13.873906135559082 71.45816040039062
      vertex -6.911497116088867 -14.353238105773926 71.12055969238281
      vertex -6.167972564697266 -14.131317138671875 70.36601257324219
    endloop
  endfacet
  facet normal 0.45425114035606384 0.621632993221283 -0.6381444931030273
    outer loop
      vertex -7.414834976196289 -12.006096839904785 69.2479248046875
      vertex -5.9660210609436035 -12.743890762329102 69.56053161621094
      vertex -6.684393882751465 -13.002449989318848 68.79730224609375
    endloop
  endfacet
  facet normal 0.843571126461029 -0.002200146671384573 -0.5370129346847534
    outer loop
      vertex -5.392580032348633 -13.440496444702148 70.46417999267578
      vertex -6.004340171813965 -13.655863761901855 69.50407409667969
      vertex -5.9660210609436035 -12.743890762329102 69.56053161621094
    endloop
  endfacet
  facet normal 0.6601676344871521 -0.7036412358283997 -0.2628073990345001
    outer loop
      vertex -6.004340171813965 -13.655863761901855 69.50407409667969
      vertex -5.392580032348633 -13.440496444702148 70.46417999267578
      vertex -6.167972564697266 -14.131317138671875 70.36601257324219
    endloop
  endfacet
  facet normal 0.33505088090896606 -0.9078682065010071 0.25202426314353943
    outer loop
      vertex -5.866621017456055 -13.873906135559082 71.45816040039062
      vertex -7.094517707824707 -14.120041847229004 72.20391845703125
      vertex -6.911497116088867 -14.353238105773926 71.12055969238281
    endloop
  endfacet
  facet normal 0.23460450768470764 -0.926862359046936 0.2930646538734436
    outer loop
      vertex -7.094517707824707 -14.120041847229004 72.20391845703125
      vertex -8.334282875061035 -14.233565330505371 72.83734130859375
      vertex -7.997696876525879 -14.456572532653809 71.86260223388672
    endloop
  endfacet
  facet normal 0.126332089304924 -0.9074982404708862 0.40060871839523315
    outer loop
      vertex -7.370017051696777 -13.851227760314941 73.39936828613281
      vertex -8.547831535339355 -13.774237632751465 73.94519805908203
      vertex -8.334282875061035 -14.233565330505371 72.83734130859375
    endloop
  endfacet
  facet normal 0.1556907296180725 -0.9015089869499207 0.4037846624851227
    outer loop
      vertex -8.334282875061035 -14.233565330505371 72.83734130859375
      vertex -8.547831535339355 -13.774237632751465 73.94519805908203
      vertex -9.557565689086914 -14.163557052612305 73.46531677246094
    endloop
  endfacet
  facet normal 0.03486158698797226 -0.8435802459716797 0.5358703136444092
    outer loop
      vertex -8.547831535339355 -13.774237632751465 73.94519805908203
      vertex -8.918042182922363 -13.01258373260498 75.16829681396484
      vertex -9.657370567321777 -13.555299758911133 74.3620376586914
    endloop
  endfacet
  facet normal -0.22536668181419373 -0.6998840570449829 0.6777699589729309
    outer loop
      vertex -8.918042182922363 -13.01258373260498 75.16829681396484
      vertex -10.642928123474121 -12.740347862243652 74.87586975097656
      vertex -9.657370567321777 -13.555299758911133 74.3620376586914
    endloop
  endfacet
  facet normal -0.29226356744766235 -0.6406939029693604 0.7099952697753906
    outer loop
      vertex -10.604813575744629 -13.638927459716797 74.0806884765625
      vertex -10.642928123474121 -12.740347862243652 74.87586975097656
      vertex -11.32756519317627 -12.990500450134277 74.3683090209961
    endloop
  endfacet
  facet normal -0.22544953227043152 -0.6320655345916748 0.7413944602012634
    outer loop
      vertex -8.918042182922363 -13.01258373260498 75.16829681396484
      vertex -9.676682472229004 -12.106066703796387 75.71044158935547
      vertex -10.642928123474121 -12.740347862243652 74.87586975097656
    endloop
  endfacet
  facet normal -0.2209641933441162 -0.5923431515693665 0.7747930884361267
    outer loop
      vertex -7.815260887145996 -11.451807975769043 76.92560577392578
      vertex -8.404488563537598 -12.20673942565918 76.18040466308594
      vertex -6.648097991943359 -12.365100860595703 76.56024169921875
    endloop
  endfacet
  facet normal 0.09700054675340652 -0.922224223613739 0.37429049611091614
    outer loop
      vertex -7.010058403015137 -13.043691635131836 75.42913818359375
      vertex -7.657843589782715 -13.480658531188965 74.5203628540039
      vertex -6.394504547119141 -13.522390365600586 74.09013366699219
    endloop
  endfacet
  facet normal 0.16622905433177948 -0.9606429934501648 0.2225601077079773
    outer loop
      vertex -6.081032752990723 -13.765987396240234 72.80455780029297
      vertex -6.394504547119141 -13.522390365600586 74.09013366699219
      vertex -7.370017051696777 -13.851227760314941 73.39936828613281
    endloop
  endfacet
  facet normal 0.1805828958749771 -0.9498727321624756 0.2552090883255005
    outer loop
      vertex -7.094517707824707 -14.120041847229004 72.20391845703125
      vertex -6.081032752990723 -13.765987396240234 72.80455780029297
      vertex -7.370017051696777 -13.851227760314941 73.39936828613281
    endloop
  endfacet
  facet normal 0.21989648044109344 -0.9396875500679016 0.2619788348674774
    outer loop
      vertex -7.094517707824707 -14.120041847229004 72.20391845703125
      vertex -7.370017051696777 -13.851227760314941 73.39936828613281
      vertex -8.334282875061035 -14.233565330505371 72.83734130859375
    endloop
  endfacet
  facet normal 0.2640007734298706 -0.957182765007019 0.11876346170902252
    outer loop
      vertex -5.866621017456055 -13.873906135559082 71.45816040039062
      vertex -6.081032752990723 -13.765987396240234 72.80455780029297
      vertex -7.094517707824707 -14.120041847229004 72.20391845703125
    endloop
  endfacet
  facet normal 0.453275203704834 -0.8758301734924316 -0.16571985185146332
    outer loop
      vertex -4.426490783691406 -13.165684700012207 71.65423583984375
      vertex -5.866621017456055 -13.873906135559082 71.45816040039062
      vertex -5.392580032348633 -13.440496444702148 70.46417999267578
    endloop
  endfacet
  facet normal 0.7323587536811829 -0.4790453016757965 -0.4839072525501251
    outer loop
      vertex -4.592933654785156 -12.432379722595215 70.67639923095703
      vertex -4.426490783691406 -13.165684700012207 71.65423583984375
      vertex -5.392580032348633 -13.440496444702148 70.46417999267578
    endloop
  endfacet
  facet normal 0.6360999345779419 -0.3610021471977234 -0.6819489002227783
    outer loop
      vertex -5.9660210609436035 -12.743890762329102 69.56053161621094
      vertex -4.592933654785156 -12.432379722595215 70.67639923095703
      vertex -5.392580032348633 -13.440496444702148 70.46417999267578
    endloop
  endfacet
  facet normal 0.5781387090682983 0.2424422949552536 -0.779087483882904
    outer loop
      vertex -5.7358174324035645 -12.032767295837402 69.95265197753906
      vertex -4.592933654785156 -12.432379722595215 70.67639923095703
      vertex -5.9660210609436035 -12.743890762329102 69.56053161621094
    endloop
  endfacet
  facet normal 0.4513852298259735 -0.8838083148002625 -0.12302175909280777
    outer loop
      vertex -4.426490783691406 -13.165684700012207 71.65423583984375
      vertex -5.072328090667725 -13.579401016235352 72.25676727294922
      vertex -5.866621017456055 -13.873906135559082 71.45816040039062
    endloop
  endfacet
  facet normal 0.2410334199666977 -0.9636050462722778 0.11562072485685349
    outer loop
      vertex -5.072328090667725 -13.579401016235352 72.25676727294922
      vertex -6.081032752990723 -13.765987396240234 72.80455780029297
      vertex -5.866621017456055 -13.873906135559082 71.45816040039062
    endloop
  endfacet
  facet normal 0.16004085540771484 -0.9780724048614502 0.13327190279960632
    outer loop
      vertex -4.56646728515625 -13.317700386047363 73.41118621826172
      vertex -3.7546825408935547 -12.92377758026123 75.32731628417969
      vertex -5.450922012329102 -13.274890899658203 74.78746795654297
    endloop
  endfacet
  facet normal 0.32337087392807007 -0.9288352727890015 -0.1808214634656906
    outer loop
      vertex -2.8412880897521973 -12.591793060302734 72.76510620117188
      vertex -1.8478388786315918 -12.465033531188965 73.8906021118164
      vertex -2.9300756454467773 -12.88155460357666 74.09475708007812
    endloop
  endfacet
  facet normal 0.3231304883956909 -0.9289124608039856 -0.18085435032844543
    outer loop
      vertex -4.56646728515625 -13.317700386047363 73.41118621826172
      vertex -2.8412880897521973 -12.591793060302734 72.76510620117188
      vertex -2.9300756454467773 -12.88155460357666 74.09475708007812
    endloop
  endfacet
  facet normal 0.5172491073608398 -0.8552066087722778 -0.03278527408838272
    outer loop
      vertex -5.072328090667725 -13.579401016235352 72.25676727294922
      vertex -4.426490783691406 -13.165684700012207 71.65423583984375
      vertex -4.56646728515625 -13.317700386047363 73.41118621826172
    endloop
  endfacet
  facet normal 0.3711644411087036 -0.9271846413612366 -0.05065156891942024
    outer loop
      vertex -4.426490783691406 -13.165684700012207 71.65423583984375
      vertex -2.8412880897521973 -12.591793060302734 72.76510620117188
      vertex -4.56646728515625 -13.317700386047363 73.41118621826172
    endloop
  endfacet
  facet normal 0.35191279649734497 -0.935078501701355 -0.042256709188222885
    outer loop
      vertex -1.8478388786315918 -12.465033531188965 73.8906021118164
      vertex -1.973221778869629 -12.559508323669434 74.93700408935547
      vertex -2.9300756454467773 -12.88155460357666 74.09475708007812
    endloop
  endfacet
  facet normal 0.2233656495809555 -0.9677736759185791 0.11628372222185135
    outer loop
      vertex -1.973221778869629 -12.559508323669434 74.93700408935547
      vertex -3.7546825408935547 -12.92377758026123 75.32731628417969
      vertex -2.9300756454467773 -12.88155460357666 74.09475708007812
    endloop
  endfacet
  facet normal 0.10103955119848251 -0.9487115740776062 0.29956188797950745
    outer loop
      vertex -3.7546825408935547 -12.92377758026123 75.32731628417969
      vertex -5.442500591278076 -12.965469360351562 75.76456451416016
      vertex -5.450922012329102 -13.274890899658203 74.78746795654297
    endloop
  endfacet
  facet normal -0.01705615408718586 -0.9531591534614563 0.3019881546497345
    outer loop
      vertex -7.010058403015137 -13.043691635131836 75.42913818359375
      vertex -5.450922012329102 -13.274890899658203 74.78746795654297
      vertex -5.442500591278076 -12.965469360351562 75.76456451416016
    endloop
  endfacet
  facet normal -0.07119543105363846 -0.8451259136199951 0.5298052430152893
    outer loop
      vertex -7.010058403015137 -13.043691635131836 75.42913818359375
      vertex -5.442500591278076 -12.965469360351562 75.76456451416016
      vertex -6.648097991943359 -12.365100860595703 76.56024169921875
    endloop
  endfacet
  facet normal -0.07206998765468597 -0.8456389904022217 0.5288673043251038
    outer loop
      vertex -4.667611122131348 -12.46623420715332 76.66841888427734
      vertex -6.648097991943359 -12.365100860595703 76.56024169921875
      vertex -5.442500591278076 -12.965469360351562 75.76456451416016
    endloop
  endfacet
  facet normal 0.12493224442005157 -0.9099350571632385 0.3954872190952301
    outer loop
      vertex -3.7546825408935547 -12.92377758026123 75.32731628417969
      vertex -4.667611122131348 -12.46623420715332 76.66841888427734
      vertex -5.442500591278076 -12.965469360351562 75.76456451416016
    endloop
  endfacet
  facet normal 0.025138065218925476 -0.9407821297645569 0.33807846903800964
    outer loop
      vertex -3.180098533630371 -12.489620208740234 76.49273681640625
      vertex -4.667611122131348 -12.46623420715332 76.66841888427734
      vertex -3.7546825408935547 -12.92377758026123 75.32731628417969
    endloop
  endfacet
  facet normal 0.18081875145435333 -0.9474732279777527 0.2638162672519684
    outer loop
      vertex -2.123931884765625 -12.410141944885254 76.05428314208984
      vertex -3.180098533630371 -12.489620208740234 76.49273681640625
      vertex -3.7546825408935547 -12.92377758026123 75.32731628417969
    endloop
  endfacet
  facet normal 0.2311909794807434 -0.9597464203834534 0.159491628408432
    outer loop
      vertex -1.973221778869629 -12.559508323669434 74.93700408935547
      vertex -2.123931884765625 -12.410141944885254 76.05428314208984
      vertex -3.7546825408935547 -12.92377758026123 75.32731628417969
    endloop
  endfacet
  facet normal 0.3711296319961548 -0.9285368323326111 0.009065650403499603
    outer loop
      vertex -0.7859814167022705 -12.089399337768555 74.48402404785156
      vertex -0.9395895004272461 -12.140153884887695 75.57396697998047
      vertex -1.973221778869629 -12.559508323669434 74.93700408935547
    endloop
  endfacet
  facet normal 0.35395780205726624 -0.9343203902244568 -0.041943226009607315
    outer loop
      vertex -1.8478388786315918 -12.465033531188965 73.8906021118164
      vertex -0.7859814167022705 -12.089399337768555 74.48402404785156
      vertex -1.973221778869629 -12.559508323669434 74.93700408935547
    endloop
  endfacet
  facet normal 0.5942170023918152 -0.42654862999916077 -0.6818815469741821
    outer loop
      vertex -3.481846332550049 -11.46987247467041 71.04254913330078
      vertex -3.383133888244629 -12.283174514770508 71.6373291015625
      vertex -4.592933654785156 -12.432379722595215 70.67639923095703
    endloop
  endfacet
  facet normal 0.4029441475868225 -0.6637991666793823 -0.6300846934318542
    outer loop
      vertex -3.481846332550049 -11.46987247467041 71.04254913330078
      vertex -2.2563724517822266 -11.10805892944336 71.44507598876953
      vertex -2.285460948944092 -11.751524925231934 72.1043701171875
    endloop
  endfacet
  facet normal 0.40003061294555664 -0.6646499037742615 -0.631043553352356
    outer loop
      vertex -2.2563724517822266 -11.10805892944336 71.44507598876953
      vertex -1.392636775970459 -11.164899826049805 72.05248260498047
      vertex -2.285460948944092 -11.751524925231934 72.1043701171875
    endloop
  endfacet
  facet normal 0.4425830543041229 -0.7207828760147095 -0.5334720015525818
    outer loop
      vertex -1.392636775970459 -11.164899826049805 72.05248260498047
      vertex -1.01375412940979 -11.744909286499023 73.15047454833984
      vertex -2.285460948944092 -11.751524925231934 72.1043701171875
    endloop
  endfacet
  facet normal 0.5267574191093445 -0.45918625593185425 -0.7153143882751465
    outer loop
      vertex -3.481846332550049 -11.46987247467041 71.04254913330078
      vertex -2.285460948944092 -11.751524925231934 72.1043701171875
      vertex -3.383133888244629 -12.283174514770508 71.6373291015625
    endloop
  endfacet
  facet normal 0.39191311597824097 -0.9149325489997864 -0.0964495912194252
    outer loop
      vertex -0.7859814167022705 -12.089399337768555 74.48402404785156
      vertex 0.4054384231567383 -11.56839656829834 74.38294219970703
      vertex -0.0027573108673095703 -11.827888488769531 75.18585205078125
    endloop
  endfacet
  facet normal 0.350410521030426 -0.9316370487213135 0.09625456482172012
    outer loop
      vertex -0.0027573108673095703 -11.827888488769531 75.18585205078125
      vertex -0.06820130348205566 -11.76248836517334 76.05709838867188
      vertex -0.9395895004272461 -12.140153884887695 75.57396697998047
    endloop
  endfacet
  facet normal 0.2676832377910614 -0.9317018985748291 0.24551424384117126
    outer loop
      vertex -0.9974279403686523 -11.838213920593262 76.7828598022461
      vertex -0.9395895004272461 -12.140153884887695 75.57396697998047
      vertex -0.06820130348205566 -11.76248836517334 76.05709838867188
    endloop
  endfacet
  facet normal 0.28389206528663635 -0.9208154082298279 0.2674030661582947
    outer loop
      vertex 0.5360127687454224 -11.329631805419922 76.90618896484375
      vertex -0.9974279403686523 -11.838213920593262 76.7828598022461
      vertex -0.06820130348205566 -11.76248836517334 76.05709838867188
    endloop
  endfacet
  facet normal 0.36732032895088196 -0.9080042839050293 0.2015044242143631
    outer loop
      vertex 0.8632961511611938 -11.478243827819824 75.63992309570312
      vertex 0.5360127687454224 -11.329631805419922 76.90618896484375
      vertex -0.06820130348205566 -11.76248836517334 76.05709838867188
    endloop
  endfacet
  facet normal 0.32931631803512573 -0.9394028186798096 0.09525299072265625
    outer loop
      vertex -0.0027573108673095703 -11.827888488769531 75.18585205078125
      vertex 0.8632961511611938 -11.478243827819824 75.63992309570312
      vertex -0.06820130348205566 -11.76248836517334 76.05709838867188
    endloop
  endfacet
  facet normal 0.41081520915031433 -0.9077914357185364 -0.08453193306922913
    outer loop
      vertex 0.4054384231567383 -11.56839656829834 74.38294219970703
      vertex 0.8632961511611938 -11.478243827819824 75.63992309570312
      vertex -0.0027573108673095703 -11.827888488769531 75.18585205078125
    endloop
  endfacet
  facet normal 0.2818610966205597 -0.9588561654090881 -0.03389771282672882
    outer loop
      vertex 0.4054384231567383 -11.56839656829834 74.38294219970703
      vertex 1.8324857950210571 -11.163543701171875 74.79693603515625
      vertex 0.8632961511611938 -11.478243827819824 75.63992309570312
    endloop
  endfacet
  facet normal 0.34263426065444946 -0.9384571313858032 0.0435890294611454
    outer loop
      vertex 0.8632961511611938 -11.478243827819824 75.63992309570312
      vertex 1.8324857950210571 -11.163543701171875 74.79693603515625
      vertex 1.8583779335021973 -11.081783294677734 76.35368347167969
    endloop
  endfacet
  facet normal 0.33655983209609985 -0.9056740999221802 -0.2578406035900116
    outer loop
      vertex -1.01375412940979 -11.744909286499023 73.15047454833984
      vertex 0.7736388444900513 -11.080954551696777 73.15139770507812
      vertex 0.4054384231567383 -11.56839656829834 74.38294219970703
    endloop
  endfacet
  facet normal 0.36255428194999695 -0.8854759335517883 -0.2906661033630371
    outer loop
      vertex -1.01375412940979 -11.744909286499023 73.15047454833984
      vertex 0.4054384231567383 -11.56839656829834 74.38294219970703
      vertex -0.7859814167022705 -12.089399337768555 74.48402404785156
    endloop
  endfacet
  facet normal 0.21141013503074646 -0.8322155475616455 -0.5125652551651001
    outer loop
      vertex -0.37525296211242676 -10.848756790161133 71.95880889892578
      vertex -1.01375412940979 -11.744909286499023 73.15047454833984
      vertex -1.392636775970459 -11.164899826049805 72.05248260498047
    endloop
  endfacet
  facet normal 0.10698987543582916 -0.951533854007721 -0.288333922624588
    outer loop
      vertex 0.7736388444900513 -11.080954551696777 73.15139770507812
      vertex -0.37525296211242676 -10.848756790161133 71.95880889892578
      vertex 0.8809605836868286 -10.590325355529785 71.57209014892578
    endloop
  endfacet
  facet normal 0.1690642535686493 -0.9668900966644287 -0.19115640223026276
    outer loop
      vertex 0.7736388444900513 -11.080954551696777 73.15139770507812
      vertex 2.064878463745117 -10.697155952453613 72.35211181640625
      vertex 2.2323806285858154 -10.90829086303711 73.56819915771484
    endloop
  endfacet
  facet normal 0.13244760036468506 -0.9842983484268188 -0.11668119579553604
    outer loop
      vertex 3.0107362270355225 -10.888577461242676 74.28543090820312
      vertex 2.2323806285858154 -10.90829086303711 73.56819915771484
      vertex 3.4287257194519043 -10.685606956481934 73.04768371582031
    endloop
  endfacet
  facet normal 0.16989658772945404 -0.9854389429092407 -0.0067245312966406345
    outer loop
      vertex 3.0107362270355225 -10.888577461242676 74.28543090820312
      vertex 4.113801956176758 -10.697819709777832 74.2002182006836
      vertex 3.25565242767334 -10.85489273071289 75.53699493408203
    endloop
  endfacet
  facet normal 0.22028343379497528 -0.9752902388572693 -0.016857780516147614
    outer loop
      vertex 3.0107362270355225 -10.888577461242676 74.28543090820312
      vertex 3.25565242767334 -10.85489273071289 75.53699493408203
      vertex 1.8324857950210571 -11.163543701171875 74.79693603515625
    endloop
  endfacet
  facet normal 0.1875961422920227 -0.9810528755187988 0.04840478673577309
    outer loop
      vertex 1.8324857950210571 -11.163543701171875 74.79693603515625
      vertex 3.25565242767334 -10.85489273071289 75.53699493408203
      vertex 1.8583779335021973 -11.081783294677734 76.35368347167969
    endloop
  endfacet
  facet normal 0.24028202891349792 -0.860139012336731 0.44991734623908997
    outer loop
      vertex -1.636627197265625 -11.453258514404297 77.86017608642578
      vertex -2.3122401237487793 -12.043266296386719 77.09303283691406
      vertex -0.9974279403686523 -11.838213920593262 76.7828598022461
    endloop
  endfacet
  facet normal 0.22618871927261353 -0.9048798680305481 0.36059847474098206
    outer loop
      vertex -0.9974279403686523 -11.838213920593262 76.7828598022461
      vertex -2.3122401237487793 -12.043266296386719 77.09303283691406
      vertex -2.123931884765625 -12.410141944885254 76.05428314208984
    endloop
  endfacet
  facet normal 0.2176758199930191 -0.9072462916374207 0.35989105701446533
    outer loop
      vertex -2.3122401237487793 -12.043266296386719 77.09303283691406
      vertex -3.180098533630371 -12.489620208740234 76.49273681640625
      vertex -2.123931884765625 -12.410141944885254 76.05428314208984
    endloop
  endfacet
  facet normal 0.11351990699768066 -0.8688356876373291 0.4819105565547943
    outer loop
      vertex -2.3122401237487793 -12.043266296386719 77.09303283691406
      vertex -3.539425849914551 -12.02767276763916 77.41022491455078
      vertex -3.180098533630371 -12.489620208740234 76.49273681640625
    endloop
  endfacet
  facet normal 0.04063399136066437 -0.8859561681747437 0.46198543906211853
    outer loop
      vertex -3.539425849914551 -12.02767276763916 77.41022491455078
      vertex -4.667611122131348 -12.46623420715332 76.66841888427734
      vertex -3.180098533630371 -12.489620208740234 76.49273681640625
    endloop
  endfacet
  facet normal -0.21969592571258545 -0.8185069561004639 0.5308296084403992
    outer loop
      vertex -4.667611122131348 -12.46623420715332 76.66841888427734
      vertex -4.705890655517578 -11.754101753234863 77.75064086914062
      vertex -6.198607444763184 -11.504015922546387 77.51846313476562
    endloop
  endfacet
  facet normal -0.035870201885700226 -0.835410475730896 0.5484548211097717
    outer loop
      vertex -3.539425849914551 -12.02767276763916 77.41022491455078
      vertex -4.705890655517578 -11.754101753234863 77.75064086914062
      vertex -4.667611122131348 -12.46623420715332 76.66841888427734
    endloop
  endfacet
  facet normal 0.12194275856018066 -0.8493565320968628 0.5135401487350464
    outer loop
      vertex -2.7077364921569824 -11.586488723754883 77.94242095947266
      vertex -3.539425849914551 -12.02767276763916 77.41022491455078
      vertex -2.3122401237487793 -12.043266296386719 77.09303283691406
    endloop
  endfacet
  facet normal 0.14463944733142853 -0.8418026566505432 0.520046055316925
    outer loop
      vertex -1.636627197265625 -11.453258514404297 77.86017608642578
      vertex -2.7077364921569824 -11.586488723754883 77.94242095947266
      vertex -2.3122401237487793 -12.043266296386719 77.09303283691406
    endloop
  endfacet
  facet normal 0.08157917112112045 -0.7557305097579956 0.6497817635536194
    outer loop
      vertex -1.3534374237060547 -10.709857940673828 78.85453033447266
      vertex -2.216545581817627 -10.188506126403809 79.56925201416016
      vertex -2.5128173828125 -10.966015815734863 78.70216369628906
    endloop
  endfacet
  facet normal -0.016284584999084473 -0.7416474223136902 0.6705922484397888
    outer loop
      vertex -2.216545581817627 -10.188506126403809 79.56925201416016
      vertex -3.4101309776306152 -10.355006217956543 79.35612487792969
      vertex -2.5128173828125 -10.966015815734863 78.70216369628906
    endloop
  endfacet
  facet normal -0.27224212884902954 -0.6172617673873901 0.7381545305252075
    outer loop
      vertex -4.640200138092041 -10.354711532592773 79.1328125
      vertex -5.474365711212158 -9.463308334350586 79.57057189941406
      vertex -5.761041164398193 -10.156647682189941 78.88505554199219
    endloop
  endfacet
  facet normal -0.2746722102165222 -0.6185590624809265 0.7361657023429871
    outer loop
      vertex -5.474365711212158 -9.463308334350586 79.57057189941406
      vertex -4.640200138092041 -10.354711532592773 79.1328125
      vertex -4.235445022583008 -9.44416618347168 80.04891204833984
    endloop
  endfacet
  facet normal -0.1302834451198578 -0.6723114848136902 0.7287136316299438
    outer loop
      vertex -3.072330951690674 -9.481090545654297 80.22279357910156
      vertex -4.235445022583008 -9.44416618347168 80.04891204833984
      vertex -3.4101309776306152 -10.355006217956543 79.35612487792969
    endloop
  endfacet
  facet normal -0.030421635136008263 -0.6978776454925537 0.7155706286430359
    outer loop
      vertex -3.072330951690674 -9.481090545654297 80.22279357910156
      vertex -3.4101309776306152 -10.355006217956543 79.35612487792969
      vertex -2.216545581817627 -10.188506126403809 79.56925201416016
    endloop
  endfacet
  facet normal -0.1324811726808548 -0.6502207517623901 0.7481054663658142
    outer loop
      vertex -4.235445022583008 -9.44416618347168 80.04891204833984
      vertex -3.072330951690674 -9.481090545654297 80.22279357910156
      vertex -4.054937839508057 -8.30643081665039 81.06974792480469
    endloop
  endfacet
  facet normal -0.14351050555706024 -0.6651341915130615 0.7328037023544312
    outer loop
      vertex -3.335540294647217 -7.419809341430664 82.015380859375
      vertex -4.054937839508057 -8.30643081665039 81.06974792480469
      vertex -2.129786968231201 -8.122468948364258 81.61373901367188
    endloop
  endfacet
  facet normal -0.0621691569685936 -0.7143624424934387 0.6970087885856628
    outer loop
      vertex -2.129786968231201 -8.122468948364258 81.61373901367188
      vertex -0.5758531093597412 -8.751527786254883 81.10762023925781
      vertex -0.8550097942352295 -7.741454124450684 82.1179428100586
    endloop
  endfacet
  facet normal -0.12840192019939423 -0.708449125289917 0.693983256816864
    outer loop
      vertex -2.129786968231201 -8.122468948364258 81.61373901367188
      vertex -4.054937839508057 -8.30643081665039 81.06974792480469
      vertex -1.8141717910766602 -9.259810447692871 80.5110855102539
    endloop
  endfacet
  facet normal -0.05336807295680046 -0.7026761174201965 0.7095056176185608
    outer loop
      vertex -0.5758531093597412 -8.751527786254883 81.10762023925781
      vertex -2.129786968231201 -8.122468948364258 81.61373901367188
      vertex -1.8141717910766602 -9.259810447692871 80.5110855102539
    endloop
  endfacet
  facet normal 0.00448079826310277 -0.766505241394043 0.6422224640846252
    outer loop
      vertex 0.8291274309158325 -9.058093070983887 80.73192596435547
      vertex -0.5758531093597412 -8.751527786254883 81.10762023925781
      vertex -0.059432268142700195 -9.6001615524292 80.09115600585938
    endloop
  endfacet
  facet normal 0.07914745062589645 -0.8124874234199524 0.5775811076164246
    outer loop
      vertex 1.967458724975586 -9.61990737915039 79.78562927246094
      vertex 0.8291274309158325 -9.058093070983887 80.73192596435547
      vertex -0.059432268142700195 -9.6001615524292 80.09115600585938
    endloop
  endfacet
  facet normal 0.07844763994216919 -0.8156899809837341 0.5731455683708191
    outer loop
      vertex 1.967458724975586 -9.61990737915039 79.78562927246094
      vertex -0.059432268142700195 -9.6001615524292 80.09115600585938
      vertex 0.7628086805343628 -10.059882164001465 79.32434844970703
    endloop
  endfacet
  facet normal 0.15984022617340088 -0.9062025547027588 0.3914692997932434
    outer loop
      vertex 3.3461265563964844 -10.024337768554688 78.67646789550781
      vertex 1.5094196796417236 -10.585708618164062 78.12690734863281
      vertex 2.8059208393096924 -10.444269180297852 77.9249496459961
    endloop
  endfacet
  facet normal 0.18077749013900757 -0.9135299324989319 0.364393413066864
    outer loop
      vertex 4.630744934082031 -9.509477615356445 79.32991027832031
      vertex 3.3461265563964844 -10.024337768554688 78.67646789550781
      vertex 4.65937614440918 -10.044837951660156 77.97356414794922
    endloop
  endfacet
  facet normal 0.21148625016212463 -0.9440029859542847 0.25324276089668274
    outer loop
      vertex 4.34180212020874 -10.476633071899414 76.62918853759766
      vertex 4.65937614440918 -10.044837951660156 77.97356414794922
      vertex 3.622421979904175 -10.364259719848633 77.64884185791016
    endloop
  endfacet
  facet normal 0.20924879610538483 -0.9448971152305603 0.251762717962265
    outer loop
      vertex 3.622421979904175 -10.364259719848633 77.64884185791016
      vertex 2.8666133880615234 -10.703888893127441 77.00234985351562
      vertex 4.34180212020874 -10.476633071899414 76.62918853759766
    endloop
  endfacet
  facet normal 0.16279253363609314 -0.9414013624191284 0.2954016327857971
    outer loop
      vertex 2.8666133880615234 -10.703888893127441 77.00234985351562
      vertex 1.5094196796417236 -10.585708618164062 78.12690734863281
      vertex 1.8583779335021973 -11.081783294677734 76.35368347167969
    endloop
  endfacet
  facet normal 0.2990994453430176 -0.9020445942878723 0.31121546030044556
    outer loop
      vertex 1.8583779335021973 -11.081783294677734 76.35368347167969
      vertex 1.5094196796417236 -10.585708618164062 78.12690734863281
      vertex 0.5360127687454224 -11.329631805419922 76.90618896484375
    endloop
  endfacet
  facet normal 0.2152462899684906 -0.9007365703582764 0.3772832751274109
    outer loop
      vertex 1.5094196796417236 -10.585708618164062 78.12690734863281
      vertex -0.3672912120819092 -11.096895217895508 77.97718048095703
      vertex 0.5360127687454224 -11.329631805419922 76.90618896484375
    endloop
  endfacet
  facet normal 0.2577325701713562 -0.8759711980819702 0.4077356159687042
    outer loop
      vertex 0.5360127687454224 -11.329631805419922 76.90618896484375
      vertex -0.3672912120819092 -11.096895217895508 77.97718048095703
      vertex -0.9974279403686523 -11.838213920593262 76.7828598022461
    endloop
  endfacet
  facet normal 0.20591884851455688 -0.8764001131057739 0.4353393316268921
    outer loop
      vertex -1.636627197265625 -11.453258514404297 77.86017608642578
      vertex -0.9974279403686523 -11.838213920593262 76.7828598022461
      vertex -0.3672912120819092 -11.096895217895508 77.97718048095703
    endloop
  endfacet
  facet normal 0.18499337136745453 -0.8322435021400452 0.5226359367370605
    outer loop
      vertex 1.5094196796417236 -10.585708618164062 78.12690734863281
      vertex -0.16867613792419434 -10.37392807006836 79.0581283569336
      vertex -0.3672912120819092 -11.096895217895508 77.97718048095703
    endloop
  endfacet
  facet normal 0.1467287689447403 -0.9496357440948486 0.27688008546829224
    outer loop
      vertex 2.8666133880615234 -10.703888893127441 77.00234985351562
      vertex 2.8059208393096924 -10.444269180297852 77.9249496459961
      vertex 1.5094196796417236 -10.585708618164062 78.12690734863281
    endloop
  endfacet
  facet normal 0.1874455064535141 -0.9707847237586975 0.14980386197566986
    outer loop
      vertex 4.34180212020874 -10.476633071899414 76.62918853759766
      vertex 2.8666133880615234 -10.703888893127441 77.00234985351562
      vertex 3.25565242767334 -10.85489273071289 75.53699493408203
    endloop
  endfacet
  facet normal 0.19950324296951294 -0.9701871871948242 0.13760589063167572
    outer loop
      vertex 3.25565242767334 -10.85489273071289 75.53699493408203
      vertex 4.872943878173828 -10.558927536010742 75.27891540527344
      vertex 4.34180212020874 -10.476633071899414 76.62918853759766
    endloop
  endfacet
  facet normal 0.18522194027900696 -0.9737629294395447 0.13220615684986115
    outer loop
      vertex 6.177379131317139 -10.197404861450195 76.11418151855469
      vertex 4.34180212020874 -10.476633071899414 76.62918853759766
      vertex 4.872943878173828 -10.558927536010742 75.27891540527344
    endloop
  endfacet
  facet normal 0.1853988766670227 -0.9405859708786011 0.2844739854335785
    outer loop
      vertex 6.132040023803711 -9.628400802612305 78.39070129394531
      vertex 4.65937614440918 -10.044837951660156 77.97356414794922
      vertex 5.674681186676025 -10.072792053222656 77.21943664550781
    endloop
  endfacet
  facet normal 0.18915745615959167 -0.9403115510940552 0.28290224075317383
    outer loop
      vertex 6.96272087097168 -9.75128173828125 77.42684936523438
      vertex 6.132040023803711 -9.628400802612305 78.39070129394531
      vertex 5.674681186676025 -10.072792053222656 77.21943664550781
    endloop
  endfacet
  facet normal 0.2176092118024826 -0.9542903304100037 0.20488102734088898
    outer loop
      vertex 8.034486770629883 -9.685636520385742 76.5942611694336
      vertex 8.167223930358887 -9.405376434326172 77.7586669921875
      vertex 6.96272087097168 -9.75128173828125 77.42684936523438
    endloop
  endfacet
  facet normal 0.20049980282783508 -0.9452347159385681 0.2575483024120331
    outer loop
      vertex 8.167223930358887 -9.405376434326172 77.7586669921875
      vertex 7.560813903808594 -9.363275527954102 78.38526916503906
      vertex 6.96272087097168 -9.75128173828125 77.42684936523438
    endloop
  endfacet
  facet normal 0.17653334140777588 -0.9457597136497498 0.2727169096469879
    outer loop
      vertex 7.560813903808594 -9.363275527954102 78.38526916503906
      vertex 6.132040023803711 -9.628400802612305 78.39070129394531
      vertex 6.96272087097168 -9.75128173828125 77.42684936523438
    endloop
  endfacet
  facet normal 0.1740230768918991 -0.9312608242034912 0.3201081454753876
    outer loop
      vertex 7.560813903808594 -9.363275527954102 78.38526916503906
      vertex 7.637493133544922 -8.961910247802734 79.51123809814453
      vertex 6.132040023803711 -9.628400802612305 78.39070129394531
    endloop
  endfacet
  facet normal 0.14419707655906677 -0.9234689474105835 0.3555451035499573
    outer loop
      vertex 7.637493133544922 -8.961910247802734 79.51123809814453
      vertex 5.95304012298584 -9.18707275390625 79.60957336425781
      vertex 6.132040023803711 -9.628400802612305 78.39070129394531
    endloop
  endfacet
  facet normal 0.29283809661865234 -0.9493943452835083 0.11356227844953537
    outer loop
      vertex 10.00326919555664 -9.290197372436523 75.4384536743164
      vertex 9.379915237426758 -9.369096755981445 76.38626098632812
      vertex 8.749776840209961 -9.657926559448242 75.59651947021484
    endloop
  endfacet
  facet normal 0.28879719972610474 -0.9549259543418884 0.06864835321903229
    outer loop
      vertex 8.817917823791504 -9.720614433288574 74.4378433227539
      vertex 10.00326919555664 -9.290197372436523 75.4384536743164
      vertex 8.749776840209961 -9.657926559448242 75.59651947021484
    endloop
  endfacet
  facet normal 0.2946966588497162 -0.9555759429931641 0.005326772108674049
    outer loop
      vertex 9.65311050415039 -9.469222068786621 73.32948303222656
      vertex 8.817917823791504 -9.720614433288574 74.4378433227539
      vertex 8.495594024658203 -9.826272964477539 73.3157730102539
    endloop
  endfacet
  facet normal 0.29489776492118835 -0.9538486003875732 -0.056640226393938065
    outer loop
      vertex 9.007771492004395 -9.600418090820312 72.17892456054688
      vertex 9.65311050415039 -9.469222068786621 73.32948303222656
      vertex 8.495594024658203 -9.826272964477539 73.3157730102539
    endloop
  endfacet
  facet normal 0.2678603231906891 -0.9608953595161438 -0.07022120803594589
    outer loop
      vertex 9.007771492004395 -9.600418090820312 72.17892456054688
      vertex 8.495594024658203 -9.826272964477539 73.3157730102539
      vertex 7.4815521240234375 -10.052425384521484 72.54232025146484
    endloop
  endfacet
  facet normal 0.3132469654083252 -0.9494461417198181 0.020695503801107407
    outer loop
      vertex 9.65311050415039 -9.469222068786621 73.32948303222656
      vertex 10.647953987121582 -9.12209701538086 74.19657135009766
      vertex 8.817917823791504 -9.720614433288574 74.4378433227539
    endloop
  endfacet
  facet normal 0.3148297965526581 -0.9485009908676147 0.035045698285102844
    outer loop
      vertex 10.647953987121582 -9.12209701538086 74.19657135009766
      vertex 10.00326919555664 -9.290197372436523 75.4384536743164
      vertex 8.817917823791504 -9.720614433288574 74.4378433227539
    endloop
  endfacet
  facet normal 0.36049601435661316 -0.9318790435791016 -0.04054781422019005
    outer loop
      vertex 10.74651050567627 -9.012272834777832 72.54879760742188
      vertex 10.647953987121582 -9.12209701538086 74.19657135009766
      vertex 9.65311050415039 -9.469222068786621 73.32948303222656
    endloop
  endfacet
  facet normal 0.23191797733306885 -0.9725359678268433 -0.019695017486810684
    outer loop
      vertex 8.495594024658203 -9.826272964477539 73.3157730102539
      vertex 7.044466495513916 -10.183154106140137 73.85079193115234
      vertex 7.4815521240234375 -10.052425384521484 72.54232025146484
    endloop
  endfacet
  facet normal 0.18889078497886658 -0.9813759326934814 -0.034951142966747284
    outer loop
      vertex 7.044466495513916 -10.183154106140137 73.85079193115234
      vertex 5.936312198638916 -10.350322723388672 72.55570220947266
      vertex 7.4815521240234375 -10.052425384521484 72.54232025146484
    endloop
  endfacet
  facet normal 0.14801575243473053 -0.9880174398422241 -0.043736401945352554
    outer loop
      vertex 5.936312198638916 -10.350322723388672 72.55570220947266
      vertex 5.428831577301025 -10.491209030151367 74.02091217041016
      vertex 4.707475662231445 -10.56097412109375 73.1556625366211
    endloop
  endfacet
  facet normal 0.14910969138145447 -0.9878113865852356 -0.04466503858566284
    outer loop
      vertex 4.707475662231445 -10.56097412109375 73.1556625366211
      vertex 5.428831577301025 -10.491209030151367 74.02091217041016
      vertex 4.113801956176758 -10.697819709777832 74.2002182006836
    endloop
  endfacet
  facet normal 0.10201315581798553 -0.977657675743103 -0.18379032611846924
    outer loop
      vertex 3.4287257194519043 -10.685606956481934 73.04768371582031
      vertex 2.2323806285858154 -10.90829086303711 73.56819915771484
      vertex 2.064878463745117 -10.697155952453613 72.35211181640625
    endloop
  endfacet
  facet normal 0.1800071895122528 -0.9836652874946594 -2.558420783316251e-05
    outer loop
      vertex 4.113801956176758 -10.697819709777832 74.2002182006836
      vertex 4.872943878173828 -10.558927536010742 75.27891540527344
      vertex 3.25565242767334 -10.85489273071289 75.53699493408203
    endloop
  endfacet
  facet normal 0.19381792843341827 -0.9738171696662903 0.11880525201559067
    outer loop
      vertex 6.177379131317139 -10.197404861450195 76.11418151855469
      vertex 4.872943878173828 -10.558927536010742 75.27891540527344
      vertex 6.17410945892334 -10.3463134765625 74.8989486694336
    endloop
  endfacet
  facet normal 0.1875874549150467 -0.9822437763214111 0.002867715200409293
    outer loop
      vertex 5.428831577301025 -10.491209030151367 74.02091217041016
      vertex 7.044466495513916 -10.183154106140137 73.85079193115234
      vertex 6.17410945892334 -10.3463134765625 74.8989486694336
    endloop
  endfacet
  facet normal 0.20926374197006226 -0.9706674814224243 0.11837774515151978
    outer loop
      vertex 6.17410945892334 -10.3463134765625 74.8989486694336
      vertex 7.461284160614014 -10.029377937316895 75.22232055664062
      vertex 6.177379131317139 -10.197404861450195 76.11418151855469
    endloop
  endfacet
  facet normal 0.22752268612384796 -0.9627417922019958 0.1461561769247055
    outer loop
      vertex 8.034486770629883 -9.685636520385742 76.5942611694336
      vertex 6.177379131317139 -10.197404861450195 76.11418151855469
      vertex 7.461284160614014 -10.029377937316895 75.22232055664062
    endloop
  endfacet
  facet normal 0.23579420149326324 -0.9613216519355774 0.14234450459480286
    outer loop
      vertex 8.034486770629883 -9.685636520385742 76.5942611694336
      vertex 7.461284160614014 -10.029377937316895 75.22232055664062
      vertex 8.749776840209961 -9.657926559448242 75.59651947021484
    endloop
  endfacet
  facet normal 0.24851751327514648 -0.9566912651062012 0.15159457921981812
    outer loop
      vertex 9.379915237426758 -9.369096755981445 76.38626098632812
      vertex 8.034486770629883 -9.685636520385742 76.5942611694336
      vertex 8.749776840209961 -9.657926559448242 75.59651947021484
    endloop
  endfacet
  facet normal 0.2412150651216507 -0.9698247909545898 0.03542999178171158
    outer loop
      vertex 7.044466495513916 -10.183154106140137 73.85079193115234
      vertex 8.817917823791504 -9.720614433288574 74.4378433227539
      vertex 7.461284160614014 -10.029377937316895 75.22232055664062
    endloop
  endfacet
  facet normal 0.24592474102973938 -0.9690698385238647 0.020607532933354378
    outer loop
      vertex 8.495594024658203 -9.826272964477539 73.3157730102539
      vertex 8.817917823791504 -9.720614433288574 74.4378433227539
      vertex 7.044466495513916 -10.183154106140137 73.85079193115234
    endloop
  endfacet
  facet normal 0.22958962619304657 -0.9724953174591064 0.03926246985793114
    outer loop
      vertex 7.461284160614014 -10.029377937316895 75.22232055664062
      vertex 6.17410945892334 -10.3463134765625 74.8989486694336
      vertex 7.044466495513916 -10.183154106140137 73.85079193115234
    endloop
  endfacet
  facet normal 0.16714102029800415 -0.9857137203216553 0.020795319229364395
    outer loop
      vertex 5.428831577301025 -10.491209030151367 74.02091217041016
      vertex 6.17410945892334 -10.3463134765625 74.8989486694336
      vertex 4.872943878173828 -10.558927536010742 75.27891540527344
    endloop
  endfacet
  facet normal 0.15737015008926392 -0.9874038100242615 0.016386782750487328
    outer loop
      vertex 4.872943878173828 -10.558927536010742 75.27891540527344
      vertex 4.113801956176758 -10.697819709777832 74.2002182006836
      vertex 5.428831577301025 -10.491209030151367 74.02091217041016
    endloop
  endfacet
  facet normal 0.184087872505188 -0.9824300408363342 -0.030705435201525688
    outer loop
      vertex 7.044466495513916 -10.183154106140137 73.85079193115234
      vertex 5.428831577301025 -10.491209030151367 74.02091217041016
      vertex 5.936312198638916 -10.350322723388672 72.55570220947266
    endloop
  endfacet
  facet normal 0.2582721412181854 -0.9637231230735779 0.06732914596796036
    outer loop
      vertex 8.817917823791504 -9.720614433288574 74.4378433227539
      vertex 8.749776840209961 -9.657926559448242 75.59651947021484
      vertex 7.461284160614014 -10.029377937316895 75.22232055664062
    endloop
  endfacet
  facet normal 0.2851526141166687 -0.9424437880516052 0.1746072620153427
    outer loop
      vertex 10.746357917785645 -8.909161567687988 76.63721466064453
      vertex 9.422685623168945 -9.137476921081543 77.56658172607422
      vertex 9.379915237426758 -9.369096755981445 76.38626098632812
    endloop
  endfacet
  facet normal 0.251310795545578 -0.9514721035957336 0.1776052564382553
    outer loop
      vertex 9.422685623168945 -9.137476921081543 77.56658172607422
      vertex 8.034486770629883 -9.685636520385742 76.5942611694336
      vertex 9.379915237426758 -9.369096755981445 76.38626098632812
    endloop
  endfacet
  facet normal 0.23387356102466583 -0.9510015249252319 0.2022354006767273
    outer loop
      vertex 9.422685623168945 -9.137476921081543 77.56658172607422
      vertex 8.167223930358887 -9.405376434326172 77.7586669921875
      vertex 8.034486770629883 -9.685636520385742 76.5942611694336
    endloop
  endfacet
  facet normal 0.21248404681682587 -0.9568777680397034 0.19807957112789154
    outer loop
      vertex 8.034486770629883 -9.685636520385742 76.5942611694336
      vertex 6.96272087097168 -9.75128173828125 77.42684936523438
      vertex 6.177379131317139 -10.197404861450195 76.11418151855469
    endloop
  endfacet
  facet normal 0.20647530257701874 -0.9574043154716492 0.2018534541130066
    outer loop
      vertex 6.177379131317139 -10.197404861450195 76.11418151855469
      vertex 6.96272087097168 -9.75128173828125 77.42684936523438
      vertex 5.674681186676025 -10.072792053222656 77.21943664550781
    endloop
  endfacet
  facet normal 0.20194736123085022 -0.9587690830230713 0.19994789361953735
    outer loop
      vertex 4.34180212020874 -10.476633071899414 76.62918853759766
      vertex 6.177379131317139 -10.197404861450195 76.11418151855469
      vertex 5.674681186676025 -10.072792053222656 77.21943664550781
    endloop
  endfacet
  facet normal 0.18618834018707275 -0.9425191879272461 0.2774733006954193
    outer loop
      vertex 3.622421979904175 -10.364259719848633 77.64884185791016
      vertex 2.8059208393096924 -10.444269180297852 77.9249496459961
      vertex 2.8666133880615234 -10.703888893127441 77.00234985351562
    endloop
  endfacet
  facet normal 0.2100580483675003 -0.909988284111023 0.35748711228370667
    outer loop
      vertex 3.622421979904175 -10.364259719848633 77.64884185791016
      vertex 3.3461265563964844 -10.024337768554688 78.67646789550781
      vertex 2.8059208393096924 -10.444269180297852 77.9249496459961
    endloop
  endfacet
  facet normal 0.17351815104484558 -0.9201488494873047 0.3510236442089081
    outer loop
      vertex 4.65937614440918 -10.044837951660156 77.97356414794922
      vertex 3.3461265563964844 -10.024337768554688 78.67646789550781
      vertex 3.622421979904175 -10.364259719848633 77.64884185791016
    endloop
  endfacet
  facet normal 0.17040760815143585 -0.9491803050041199 0.26460933685302734
    outer loop
      vertex 4.34180212020874 -10.476633071899414 76.62918853759766
      vertex 5.674681186676025 -10.072792053222656 77.21943664550781
      vertex 4.65937614440918 -10.044837951660156 77.97356414794922
    endloop
  endfacet
  facet normal 0.12492643296718597 -0.8720272183418274 0.47324615716934204
    outer loop
      vertex 3.3461265563964844 -10.024337768554688 78.67646789550781
      vertex 1.967458724975586 -9.61990737915039 79.78562927246094
      vertex 1.5094196796417236 -10.585708618164062 78.12690734863281
    endloop
  endfacet
  facet normal 0.13873401284217834 -0.8720070123672485 0.4694215953350067
    outer loop
      vertex 1.967458724975586 -9.61990737915039 79.78562927246094
      vertex 0.7628086805343628 -10.059882164001465 79.32434844970703
      vertex 1.5094196796417236 -10.585708618164062 78.12690734863281
    endloop
  endfacet
  facet normal 0.15541039407253265 -0.865157961845398 0.47681182622909546
    outer loop
      vertex 0.7628086805343628 -10.059882164001465 79.32434844970703
      vertex -0.16867613792419434 -10.37392807006836 79.0581283569336
      vertex 1.5094196796417236 -10.585708618164062 78.12690734863281
    endloop
  endfacet
  facet normal 0.11637934297323227 -0.7817500829696655 0.6126359105110168
    outer loop
      vertex -1.3534374237060547 -10.709857940673828 78.85453033447266
      vertex -0.16867613792419434 -10.37392807006836 79.0581283569336
      vertex -1.1407842636108398 -10.04078483581543 79.66790008544922
    endloop
  endfacet
  facet normal 0.14529460668563843 -0.8345299363136292 0.5314595103263855
    outer loop
      vertex -0.16867613792419434 -10.37392807006836 79.0581283569336
      vertex -1.3534374237060547 -10.709857940673828 78.85453033447266
      vertex -0.3672912120819092 -11.096895217895508 77.97718048095703
    endloop
  endfacet
  facet normal 0.04930618032813072 -0.7776314616203308 0.6267840266227722
    outer loop
      vertex -1.1407842636108398 -10.04078483581543 79.66790008544922
      vertex -2.216545581817627 -10.188506126403809 79.56925201416016
      vertex -1.3534374237060547 -10.709857940673828 78.85453033447266
    endloop
  endfacet
  facet normal 0.035096846520900726 -0.719072699546814 0.6940480470657349
    outer loop
      vertex -1.1407842636108398 -10.04078483581543 79.66790008544922
      vertex -1.8141717910766602 -9.259810447692871 80.5110855102539
      vertex -2.216545581817627 -10.188506126403809 79.56925201416016
    endloop
  endfacet
  facet normal 0.024770338088274002 -0.723488986492157 0.6898914575576782
    outer loop
      vertex -0.059432268142700195 -9.6001615524292 80.09115600585938
      vertex -1.8141717910766602 -9.259810447692871 80.5110855102539
      vertex -1.1407842636108398 -10.04078483581543 79.66790008544922
    endloop
  endfacet
  facet normal 0.09556669741868973 -0.801533043384552 0.5902642607688904
    outer loop
      vertex -0.16867613792419434 -10.37392807006836 79.0581283569336
      vertex -0.059432268142700195 -9.6001615524292 80.09115600585938
      vertex -1.1407842636108398 -10.04078483581543 79.66790008544922
    endloop
  endfacet
  facet normal 0.04736274480819702 -0.8328657150268555 0.5514447689056396
    outer loop
      vertex 1.967458724975586 -9.61990737915039 79.78562927246094
      vertex 2.055906295776367 -8.813907623291016 80.995361328125
      vertex 0.8291274309158325 -9.058093070983887 80.73192596435547
    endloop
  endfacet
  facet normal 0.1016979068517685 -0.8013542294502258 0.5894819498062134
    outer loop
      vertex -0.059432268142700195 -9.6001615524292 80.09115600585938
      vertex -0.16867613792419434 -10.37392807006836 79.0581283569336
      vertex 0.7628086805343628 -10.059882164001465 79.32434844970703
    endloop
  endfacet
  facet normal 0.005092613864690065 -0.7663496732711792 0.6424034833908081
    outer loop
      vertex -0.5758531093597412 -8.751527786254883 81.10762023925781
      vertex -1.8141717910766602 -9.259810447692871 80.5110855102539
      vertex -0.059432268142700195 -9.6001615524292 80.09115600585938
    endloop
  endfacet
  facet normal -0.039022523909807205 -0.7031282186508179 0.7099915146827698
    outer loop
      vertex -2.216545581817627 -10.188506126403809 79.56925201416016
      vertex -1.8141717910766602 -9.259810447692871 80.5110855102539
      vertex -3.072330951690674 -9.481090545654297 80.22279357910156
    endloop
  endfacet
  facet normal -0.06963521242141724 -0.6211012005805969 0.7806305885314941
    outer loop
      vertex -4.054937839508057 -8.30643081665039 81.06974792480469
      vertex -3.072330951690674 -9.481090545654297 80.22279357910156
      vertex -1.8141717910766602 -9.259810447692871 80.5110855102539
    endloop
  endfacet
  facet normal -0.13224273920059204 -0.6731963157653809 0.7275428771972656
    outer loop
      vertex -4.640200138092041 -10.354711532592773 79.1328125
      vertex -3.4101309776306152 -10.355006217956543 79.35612487792969
      vertex -4.235445022583008 -9.44416618347168 80.04891204833984
    endloop
  endfacet
  facet normal 0.10330941528081894 -0.8105144500732422 0.5765357613563538
    outer loop
      vertex -1.3534374237060547 -10.709857940673828 78.85453033447266
      vertex -2.5128173828125 -10.966015815734863 78.70216369628906
      vertex -1.636627197265625 -11.453258514404297 77.86017608642578
    endloop
  endfacet
  facet normal 0.14389050006866455 -0.7842301726341248 0.6035550236701965
    outer loop
      vertex -2.5128173828125 -10.966015815734863 78.70216369628906
      vertex -2.7077364921569824 -11.586488723754883 77.94242095947266
      vertex -1.636627197265625 -11.453258514404297 77.86017608642578
    endloop
  endfacet
  facet normal 0.1765996217727661 -0.8117850422859192 0.5566127896308899
    outer loop
      vertex -1.3534374237060547 -10.709857940673828 78.85453033447266
      vertex -1.636627197265625 -11.453258514404297 77.86017608642578
      vertex -0.3672912120819092 -11.096895217895508 77.97718048095703
    endloop
  endfacet
  facet normal -0.003788373665884137 -0.7857768535614014 0.6184984445571899
    outer loop
      vertex -3.539425849914551 -12.02767276763916 77.41022491455078
      vertex -3.8249220848083496 -11.223433494567871 78.43022918701172
      vertex -4.705890655517578 -11.754101753234863 77.75064086914062
    endloop
  endfacet
  facet normal 0.3086588978767395 -0.9192474484443665 0.24436402320861816
    outer loop
      vertex -0.9974279403686523 -11.838213920593262 76.7828598022461
      vertex -2.123931884765625 -12.410141944885254 76.05428314208984
      vertex -0.9395895004272461 -12.140153884887695 75.57396697998047
    endloop
  endfacet
  facet normal 0.25131088495254517 -0.9537383913993835 0.1650029718875885
    outer loop
      vertex 3.25565242767334 -10.85489273071289 75.53699493408203
      vertex 2.8666133880615234 -10.703888893127441 77.00234985351562
      vertex 1.8583779335021973 -11.081783294677734 76.35368347167969
    endloop
  endfacet
  facet normal 0.16145426034927368 -0.9811314344406128 -0.10636629164218903
    outer loop
      vertex 4.113801956176758 -10.697819709777832 74.2002182006836
      vertex 3.0107362270355225 -10.888577461242676 74.28543090820312
      vertex 3.4287257194519043 -10.685606956481934 73.04768371582031
    endloop
  endfacet
  facet normal 0.16262046992778778 -0.9752705097198486 -0.14967361092567444
    outer loop
      vertex 2.2323806285858154 -10.90829086303711 73.56819915771484
      vertex 3.0107362270355225 -10.888577461242676 74.28543090820312
      vertex 1.8324857950210571 -11.163543701171875 74.79693603515625
    endloop
  endfacet
  facet normal 0.15865083038806915 -0.9757108092308044 -0.15105699002742767
    outer loop
      vertex 2.2323806285858154 -10.90829086303711 73.56819915771484
      vertex 1.8324857950210571 -11.163543701171875 74.79693603515625
      vertex 0.7736388444900513 -11.080954551696777 73.15139770507812
    endloop
  endfacet
  facet normal 0.10425500571727753 -0.9517598152160645 -0.2885899841785431
    outer loop
      vertex 2.064878463745117 -10.697155952453613 72.35211181640625
      vertex 0.7736388444900513 -11.080954551696777 73.15139770507812
      vertex 0.8809605836868286 -10.590325355529785 71.57209014892578
    endloop
  endfacet
  facet normal 0.008526802994310856 -0.9888937473297119 -0.148379385471344
    outer loop
      vertex 2.066291332244873 -10.490446090698242 70.97454833984375
      vertex 2.064878463745117 -10.697155952453613 72.35211181640625
      vertex 0.8809605836868286 -10.590325355529785 71.57209014892578
    endloop
  endfacet
  facet normal 0.3093823492527008 -0.8322300910949707 -0.46008217334747314
    outer loop
      vertex 0.7736388444900513 -11.080954551696777 73.15139770507812
      vertex -1.01375412940979 -11.744909286499023 73.15047454833984
      vertex -0.37525296211242676 -10.848756790161133 71.95880889892578
    endloop
  endfacet
  facet normal 0.3325043320655823 -0.9067084789276123 -0.25946247577667236
    outer loop
      vertex 0.7736388444900513 -11.080954551696777 73.15139770507812
      vertex 1.8324857950210571 -11.163543701171875 74.79693603515625
      vertex 0.4054384231567383 -11.56839656829834 74.38294219970703
    endloop
  endfacet
  facet normal 0.25220227241516113 -0.9513786435127258 0.1768411546945572
    outer loop
      vertex 0.8632961511611938 -11.478243827819824 75.63992309570312
      vertex 1.8583779335021973 -11.081783294677734 76.35368347167969
      vertex 0.5360127687454224 -11.329631805419922 76.90618896484375
    endloop
  endfacet
  facet normal 0.5273097157478333 -0.6342490315437317 -0.5653960108757019
    outer loop
      vertex -3.383133888244629 -12.283174514770508 71.6373291015625
      vertex -4.426490783691406 -13.165684700012207 71.65423583984375
      vertex -4.592933654785156 -12.432379722595215 70.67639923095703
    endloop
  endfacet
  facet normal 0.5690818428993225 -0.681614339351654 -0.4599432349205017
    outer loop
      vertex -3.383133888244629 -12.283174514770508 71.6373291015625
      vertex -2.8412880897521973 -12.591793060302734 72.76510620117188
      vertex -4.426490783691406 -13.165684700012207 71.65423583984375
    endloop
  endfacet
  facet normal 0.5372932553291321 -0.7115071415901184 -0.45285049080848694
    outer loop
      vertex -2.285460948944092 -11.751524925231934 72.1043701171875
      vertex -2.8412880897521973 -12.591793060302734 72.76510620117188
      vertex -3.383133888244629 -12.283174514770508 71.6373291015625
    endloop
  endfacet
  facet normal 0.44528651237487793 -0.7166465520858765 -0.5367846488952637
    outer loop
      vertex -2.285460948944092 -11.751524925231934 72.1043701171875
      vertex -1.01375412940979 -11.744909286499023 73.15047454833984
      vertex -2.8412880897521973 -12.591793060302734 72.76510620117188
    endloop
  endfacet
  facet normal 0.4526161849498749 -0.8378680348396301 -0.30514854192733765
    outer loop
      vertex -2.8412880897521973 -12.591793060302734 72.76510620117188
      vertex -1.01375412940979 -11.744909286499023 73.15047454833984
      vertex -1.8478388786315918 -12.465033531188965 73.8906021118164
    endloop
  endfacet
  facet normal 0.46091893315315247 -0.8369960188865662 -0.29494336247444153
    outer loop
      vertex -1.01375412940979 -11.744909286499023 73.15047454833984
      vertex -0.7859814167022705 -12.089399337768555 74.48402404785156
      vertex -1.8478388786315918 -12.465033531188965 73.8906021118164
    endloop
  endfacet
  facet normal 0.31637054681777954 -0.9486356377601624 0.0004124102124478668
    outer loop
      vertex -0.7859814167022705 -12.089399337768555 74.48402404785156
      vertex -0.0027573108673095703 -11.827888488769531 75.18585205078125
      vertex -0.9395895004272461 -12.140153884887695 75.57396697998047
    endloop
  endfacet
  facet normal 0.28214719891548157 -0.9451771974563599 0.16441741585731506
    outer loop
      vertex -0.9395895004272461 -12.140153884887695 75.57396697998047
      vertex -2.123931884765625 -12.410141944885254 76.05428314208984
      vertex -1.973221778869629 -12.559508323669434 74.93700408935547
    endloop
  endfacet
  facet normal -0.07442807406187057 -0.7241292595863342 0.6856364011764526
    outer loop
      vertex -4.667611122131348 -12.46623420715332 76.66841888427734
      vertex -6.198607444763184 -11.504015922546387 77.51846313476562
      vertex -6.648097991943359 -12.365100860595703 76.56024169921875
    endloop
  endfacet
  facet normal 0.2399396151304245 -0.9641389846801758 0.11342478543519974
    outer loop
      vertex -5.072328090667725 -13.579401016235352 72.25676727294922
      vertex -4.56646728515625 -13.317700386047363 73.41118621826172
      vertex -6.081032752990723 -13.765987396240234 72.80455780029297
    endloop
  endfacet
  facet normal 0.2131076455116272 -0.9708942770957947 0.10931400209665298
    outer loop
      vertex -2.9300756454467773 -12.88155460357666 74.09475708007812
      vertex -3.7546825408935547 -12.92377758026123 75.32731628417969
      vertex -4.56646728515625 -13.317700386047363 73.41118621826172
    endloop
  endfacet
  facet normal 0.1587463617324829 -0.9783949851989746 0.13245002925395966
    outer loop
      vertex -4.56646728515625 -13.317700386047363 73.41118621826172
      vertex -5.450922012329102 -13.274890899658203 74.78746795654297
      vertex -6.394504547119141 -13.522390365600586 74.09013366699219
    endloop
  endfacet
  facet normal 0.1914350837469101 -0.9547539949417114 0.227590411901474
    outer loop
      vertex -6.081032752990723 -13.765987396240234 72.80455780029297
      vertex -4.56646728515625 -13.317700386047363 73.41118621826172
      vertex -6.394504547119141 -13.522390365600586 74.09013366699219
    endloop
  endfacet
  facet normal 0.08191888779401779 -0.9398176670074463 0.3317107558250427
    outer loop
      vertex -6.394504547119141 -13.522390365600586 74.09013366699219
      vertex -7.657843589782715 -13.480658531188965 74.5203628540039
      vertex -7.370017051696777 -13.851227760314941 73.39936828613281
    endloop
  endfacet
  facet normal 0.09350050240755081 -0.937905490398407 0.33405232429504395
    outer loop
      vertex -7.370017051696777 -13.851227760314941 73.39936828613281
      vertex -7.657843589782715 -13.480658531188965 74.5203628540039
      vertex -8.547831535339355 -13.774237632751465 73.94519805908203
    endloop
  endfacet
  facet normal -0.0013410125393420458 -0.9418287873268127 0.3360905647277832
    outer loop
      vertex -5.450922012329102 -13.274890899658203 74.78746795654297
      vertex -7.010058403015137 -13.043691635131836 75.42913818359375
      vertex -6.394504547119141 -13.522390365600586 74.09013366699219
    endloop
  endfacet
  facet normal -0.3048606216907501 -0.6636568903923035 0.6830955743789673
    outer loop
      vertex -8.404488563537598 -12.20673942565918 76.18040466308594
      vertex -9.676682472229004 -12.106066703796387 75.71044158935547
      vertex -8.918042182922363 -13.01258373260498 75.16829681396484
    endloop
  endfacet
  facet normal -0.10121625661849976 -0.7526363134384155 0.6506102681159973
    outer loop
      vertex -7.010058403015137 -13.043691635131836 75.42913818359375
      vertex -8.404488563537598 -12.20673942565918 76.18040466308594
      vertex -8.918042182922363 -13.01258373260498 75.16829681396484
    endloop
  endfacet
  facet normal -0.07953909039497375 -0.8750525116920471 0.4774482250213623
    outer loop
      vertex -7.010058403015137 -13.043691635131836 75.42913818359375
      vertex -8.918042182922363 -13.01258373260498 75.16829681396484
      vertex -7.657843589782715 -13.480658531188965 74.5203628540039
    endloop
  endfacet
  facet normal -0.19212377071380615 -0.8132040500640869 0.5493519902229309
    outer loop
      vertex -7.010058403015137 -13.043691635131836 75.42913818359375
      vertex -6.648097991943359 -12.365100860595703 76.56024169921875
      vertex -8.404488563537598 -12.20673942565918 76.18040466308594
    endloop
  endfacet
  facet normal -0.3514333963394165 -0.2981812357902527 0.8874584436416626
    outer loop
      vertex -9.676682472229004 -12.106066703796387 75.71044158935547
      vertex -8.404488563537598 -12.20673942565918 76.18040466308594
      vertex -9.092584609985352 -11.222025871276855 76.23877716064453
    endloop
  endfacet
  facet normal -0.594941258430481 -0.08460778743028641 0.7993038296699524
    outer loop
      vertex -10.294820785522461 -11.542675018310547 75.30998229980469
      vertex -9.676682472229004 -12.106066703796387 75.71044158935547
      vertex -9.092584609985352 -11.222025871276855 76.23877716064453
    endloop
  endfacet
  facet normal -0.6308726668357849 0.32614877820014954 0.7040075659751892
    outer loop
      vertex -10.294820785522461 -11.542675018310547 75.30998229980469
      vertex -9.092584609985352 -11.222025871276855 76.23877716064453
      vertex -9.567580223083496 -10.514114379882812 75.48516845703125
    endloop
  endfacet
  facet normal -0.7794818878173828 0.12944965064525604 0.6129034757614136
    outer loop
      vertex -8.721453666687012 -10.038576126098633 76.46082305908203
      vertex -9.567580223083496 -10.514114379882812 75.48516845703125
      vertex -9.092584609985352 -11.222025871276855 76.23877716064453
    endloop
  endfacet
  facet normal -0.05188034847378731 -0.8546929359436035 0.5165351629257202
    outer loop
      vertex -7.657843589782715 -13.480658531188965 74.5203628540039
      vertex -8.918042182922363 -13.01258373260498 75.16829681396484
      vertex -8.547831535339355 -13.774237632751465 73.94519805908203
    endloop
  endfacet
  facet normal 0.08839895576238632 0.7870173454284668 -0.6105648279190063
    outer loop
      vertex -9.383993148803711 -12.13123607635498 68.80152130126953
      vertex -7.414834976196289 -12.006096839904785 69.2479248046875
      vertex -7.949426651000977 -12.461736679077148 68.58320617675781
    endloop
  endfacet
  facet normal 0.6657474637031555 -0.746135950088501 -0.007838143035769463
    outer loop
      vertex -6.167972564697266 -14.131317138671875 70.36601257324219
      vertex -5.392580032348633 -13.440496444702148 70.46417999267578
      vertex -5.866621017456055 -13.873906135559082 71.45816040039062
    endloop
  endfacet
  facet normal 0.2560458183288574 -0.9352160096168518 0.2445639967918396
    outer loop
      vertex -6.911497116088867 -14.353238105773926 71.12055969238281
      vertex -7.094517707824707 -14.120041847229004 72.20391845703125
      vertex -7.997696876525879 -14.456572532653809 71.86260223388672
    endloop
  endfacet
  facet normal 0.006986519787460566 -0.7550645470619202 0.6556132435798645
    outer loop
      vertex -10.887810707092285 -14.368002891540527 73.24403381347656
      vertex -9.557565689086914 -14.163557052612305 73.46531677246094
      vertex -10.604813575744629 -13.638927459716797 74.0806884765625
    endloop
  endfacet
  facet normal -0.20778515934944153 -0.722207248210907 0.6597287654876709
    outer loop
      vertex -10.887810707092285 -14.368002891540527 73.24403381347656
      vertex -11.74512004852295 -13.61169147491455 73.80195617675781
      vertex -12.359169960021973 -13.91301155090332 73.27870178222656
    endloop
  endfacet
  facet normal 0.1466362476348877 -0.9102919697761536 0.3871259093284607
    outer loop
      vertex -8.334282875061035 -14.233565330505371 72.83734130859375
      vertex -9.557565689086914 -14.163557052612305 73.46531677246094
      vertex -9.371416091918945 -14.486181259155273 72.63618469238281
    endloop
  endfacet
  facet normal 0.0494561493396759 -0.8239967226982117 0.5644320249557495
    outer loop
      vertex -8.547831535339355 -13.774237632751465 73.94519805908203
      vertex -9.657370567321777 -13.555299758911133 74.3620376586914
      vertex -9.557565689086914 -14.163557052612305 73.46531677246094
    endloop
  endfacet
  facet normal -0.16042491793632507 -0.6579307317733765 0.7357927560806274
    outer loop
      vertex -9.657370567321777 -13.555299758911133 74.3620376586914
      vertex -10.642928123474121 -12.740347862243652 74.87586975097656
      vertex -10.604813575744629 -13.638927459716797 74.0806884765625
    endloop
  endfacet
  facet normal -0.20650503039360046 -0.579780638217926 0.7881688475608826
    outer loop
      vertex -11.74512004852295 -13.61169147491455 73.80195617675781
      vertex -10.604813575744629 -13.638927459716797 74.0806884765625
      vertex -11.32756519317627 -12.990500450134277 74.3683090209961
    endloop
  endfacet
  facet normal -0.18325094878673553 -0.7096083164215088 0.6803493499755859
    outer loop
      vertex -11.74512004852295 -13.61169147491455 73.80195617675781
      vertex -10.887810707092285 -14.368002891540527 73.24403381347656
      vertex -10.604813575744629 -13.638927459716797 74.0806884765625
    endloop
  endfacet
  facet normal -0.5614351034164429 -0.23416151106357574 0.7936995625495911
    outer loop
      vertex -12.555255889892578 -12.893081665039062 73.44090270996094
      vertex -12.359169960021973 -13.91301155090332 73.27870178222656
      vertex -11.74512004852295 -13.61169147491455 73.80195617675781
    endloop
  endfacet
  facet normal -0.6520746350288391 -0.23974746465682983 0.7192495465278625
    outer loop
      vertex -12.359169960021973 -13.91301155090332 73.27870178222656
      vertex -12.555255889892578 -12.893081665039062 73.44090270996094
      vertex -13.296110153198242 -13.228808403015137 72.65733337402344
    endloop
  endfacet
  facet normal -0.26573294401168823 -0.8222039937973022 -0.5033553242683411
    outer loop
      vertex -9.268677711486816 -13.63394546508789 71.18986511230469
      vertex -7.997696876525879 -14.456572532653809 71.86260223388672
      vertex -9.371416091918945 -14.486181259155273 72.63618469238281
    endloop
  endfacet
  facet normal -0.7474825382232666 0.3834247589111328 0.5424531698226929
    outer loop
      vertex -12.555255889892578 -12.893081665039062 73.44090270996094
      vertex -12.895596504211426 -12.33596134185791 72.57813262939453
      vertex -13.296110153198242 -13.228808403015137 72.65733337402344
    endloop
  endfacet
  facet normal -0.8490330576896667 0.4103778004646301 0.3327655494213104
    outer loop
      vertex -13.371162414550781 -12.648009300231934 71.74958038330078
      vertex -13.296110153198242 -13.228808403015137 72.65733337402344
      vertex -12.895596504211426 -12.33596134185791 72.57813262939453
    endloop
  endfacet
  facet normal 0.1763417273759842 -0.9445520043373108 0.27699315547943115
    outer loop
      vertex -8.334282875061035 -14.233565330505371 72.83734130859375
      vertex -9.371416091918945 -14.486181259155273 72.63618469238281
      vertex -7.997696876525879 -14.456572532653809 71.86260223388672
    endloop
  endfacet
  facet normal -0.46127307415008545 0.8508522510528564 -0.2515503466129303
    outer loop
      vertex -11.991652488708496 -12.000383377075195 69.96485137939453
      vertex -12.862384796142578 -12.227158546447754 70.79447937011719
      vertex -12.007352828979492 -11.735383987426758 70.88998413085938
    endloop
  endfacet
  facet normal -0.496910035610199 0.8607242107391357 -0.11060890555381775
    outer loop
      vertex -12.007352828979492 -11.735383987426758 70.88998413085938
      vertex -12.807589530944824 -12.101364135742188 71.63710021972656
      vertex -12.137235641479492 -11.632979393005371 72.2703628540039
    endloop
  endfacet
  facet normal -0.4100540280342102 0.9059054255485535 -0.10578824579715729
    outer loop
      vertex -12.007352828979492 -11.735383987426758 70.88998413085938
      vertex -12.137235641479492 -11.632979393005371 72.2703628540039
      vertex -10.745368003845215 -11.103728294372559 71.40741729736328
    endloop
  endfacet
  facet normal -0.6355541348457336 0.7554174065589905 0.15942241251468658
    outer loop
      vertex -12.895596504211426 -12.33596134185791 72.57813262939453
      vertex -12.171923637390137 -11.888631820678711 73.34347534179688
      vertex -12.137235641479492 -11.632979393005371 72.2703628540039
    endloop
  endfacet
  facet normal -0.7742514610290527 0.3468284606933594 0.5293813943862915
    outer loop
      vertex -12.895596504211426 -12.33596134185791 72.57813262939453
      vertex -12.555255889892578 -12.893081665039062 73.44090270996094
      vertex -12.171923637390137 -11.888631820678711 73.34347534179688
    endloop
  endfacet
  facet normal -0.7200988531112671 0.33381637930870056 0.6082961559295654
    outer loop
      vertex -11.476590156555176 -12.099302291870117 74.28221893310547
      vertex -12.171923637390137 -11.888631820678711 73.34347534179688
      vertex -12.555255889892578 -12.893081665039062 73.44090270996094
    endloop
  endfacet
  facet normal -0.6262916326522827 -0.09828419238328934 0.7733685970306396
    outer loop
      vertex -11.476590156555176 -12.099302291870117 74.28221893310547
      vertex -10.642928123474121 -12.740347862243652 74.87586975097656
      vertex -10.294820785522461 -11.542675018310547 75.30998229980469
    endloop
  endfacet
  facet normal -0.6907795071601868 0.49715176224708557 0.5250369906425476
    outer loop
      vertex -10.294820785522461 -11.542675018310547 75.30998229980469
      vertex -10.439408302307129 -10.910737991333008 74.52137756347656
      vertex -11.476590156555176 -12.099302291870117 74.28221893310547
    endloop
  endfacet
  facet normal -0.7490752339363098 0.5950889587402344 0.2911280393600464
    outer loop
      vertex -11.476590156555176 -12.099302291870117 74.28221893310547
      vertex -10.439408302307129 -10.910737991333008 74.52137756347656
      vertex -11.120573997497559 -11.120738983154297 73.19799041748047
    endloop
  endfacet
  facet normal -0.6460412740707397 0.7526276111602783 0.12720942497253418
    outer loop
      vertex -12.137235641479492 -11.632979393005371 72.2703628540039
      vertex -12.807589530944824 -12.101364135742188 71.63710021972656
      vertex -12.895596504211426 -12.33596134185791 72.57813262939453
    endloop
  endfacet
  facet normal -0.4879554510116577 0.867376983165741 -0.0977587029337883
    outer loop
      vertex -12.862384796142578 -12.227158546447754 70.79447937011719
      vertex -12.807589530944824 -12.101364135742188 71.63710021972656
      vertex -12.007352828979492 -11.735383987426758 70.88998413085938
    endloop
  endfacet
  facet normal -0.6793191432952881 0.7244445085525513 0.1170712411403656
    outer loop
      vertex -12.895596504211426 -12.33596134185791 72.57813262939453
      vertex -12.807589530944824 -12.101364135742188 71.63710021972656
      vertex -13.371162414550781 -12.648009300231934 71.74958038330078
    endloop
  endfacet
  facet normal -0.6459206938743591 -0.402169406414032 0.6488807201385498
    outer loop
      vertex -12.555255889892578 -12.893081665039062 73.44090270996094
      vertex -11.74512004852295 -13.61169147491455 73.80195617675781
      vertex -11.95920181274414 -12.947707176208496 74.00038146972656
    endloop
  endfacet
  facet normal -0.67084139585495 0.13965563476085663 0.7283324599266052
    outer loop
      vertex -11.95920181274414 -12.947707176208496 74.00038146972656
      vertex -11.476590156555176 -12.099302291870117 74.28221893310547
      vertex -12.555255889892578 -12.893081665039062 73.44090270996094
    endloop
  endfacet
  facet normal -0.5033682584762573 -0.0007029162952676415 0.8640717267990112
    outer loop
      vertex -11.32756519317627 -12.990500450134277 74.3683090209961
      vertex -11.476590156555176 -12.099302291870117 74.28221893310547
      vertex -11.95920181274414 -12.947707176208496 74.00038146972656
    endloop
  endfacet
  facet normal -0.5905008912086487 -0.020808594301342964 0.8067687153816223
    outer loop
      vertex -11.476590156555176 -12.099302291870117 74.28221893310547
      vertex -11.32756519317627 -12.990500450134277 74.3683090209961
      vertex -10.642928123474121 -12.740347862243652 74.87586975097656
    endloop
  endfacet
  facet normal -0.7476354837417603 0.44458699226379395 0.49333932995796204
    outer loop
      vertex -10.294820785522461 -11.542675018310547 75.30998229980469
      vertex -9.567580223083496 -10.514114379882812 75.48516845703125
      vertex -10.439408302307129 -10.910737991333008 74.52137756347656
    endloop
  endfacet
  facet normal -0.7735105156898499 0.4395764172077179 0.4565677046775818
    outer loop
      vertex -9.067699432373047 -9.479686737060547 75.33612823486328
      vertex -9.567580223083496 -10.514114379882812 75.48516845703125
      vertex -8.721453666687012 -10.038576126098633 76.46082305908203
    endloop
  endfacet
  facet normal -0.46208807826042175 0.7284818291664124 0.5057556629180908
    outer loop
      vertex -11.476590156555176 -12.099302291870117 74.28221893310547
      vertex -11.120573997497559 -11.120738983154297 73.19799041748047
      vertex -12.171923637390137 -11.888631820678711 73.34347534179688
    endloop
  endfacet
  facet normal -0.394142746925354 0.916074275970459 -0.0738878920674324
    outer loop
      vertex -12.137235641479492 -11.632979393005371 72.2703628540039
      vertex -11.120573997497559 -11.120738983154297 73.19799041748047
      vertex -10.745368003845215 -11.103728294372559 71.40741729736328
    endloop
  endfacet
  facet normal -0.27775099873542786 0.8275254368782043 -0.4879100024700165
    outer loop
      vertex -10.492499351501465 -11.550232887268066 69.87491607666016
      vertex -10.782662391662598 -11.98537826538086 69.30206298828125
      vertex -11.991652488708496 -12.000383377075195 69.96485137939453
    endloop
  endfacet
  facet normal 0.37492629885673523 0.5960097312927246 -0.7100722789764404
    outer loop
      vertex -6.684393882751465 -13.002449989318848 68.79730224609375
      vertex -7.949426651000977 -12.461736679077148 68.58320617675781
      vertex -7.414834976196289 -12.006096839904785 69.2479248046875
    endloop
  endfacet
  facet normal 0.4219740927219391 -0.1467781364917755 -0.8946474194526672
    outer loop
      vertex -4.883575439453125 -11.553152084350586 70.39506530761719
      vertex -3.481846332550049 -11.46987247467041 71.04254913330078
      vertex -4.592933654785156 -12.432379722595215 70.67639923095703
    endloop
  endfacet
  facet normal 0.07149342447519302 -0.9570058584213257 -0.2811201810836792
    outer loop
      vertex -0.37525296211242676 -10.848756790161133 71.95880889892578
      vertex -1.3895153999328613 -10.639444351196289 70.98831176757812
      vertex -0.14383673667907715 -10.407672882080078 70.51609802246094
    endloop
  endfacet
  facet normal 0.0012526384089142084 -0.9867168068885803 -0.16244512796401978
    outer loop
      vertex 2.066291332244873 -10.490446090698242 70.97454833984375
      vertex 0.8809605836868286 -10.590325355529785 71.57209014892578
      vertex 1.0454785823822021 -10.404203414916992 70.44282531738281
    endloop
  endfacet
  facet normal -0.04308560863137245 -0.9959571361541748 -0.07882236689329147
    outer loop
      vertex 2.066291332244873 -10.490446090698242 70.97454833984375
      vertex 1.0454785823822021 -10.404203414916992 70.44282531738281
      vertex 1.8289090394973755 -10.368056297302246 69.55785369873047
    endloop
  endfacet
  facet normal 0.10274204611778259 -0.9921290278434753 -0.07158377021551132
    outer loop
      vertex 3.4287257194519043 -10.685606956481934 73.04768371582031
      vertex 4.707475662231445 -10.56097412109375 73.1556625366211
      vertex 4.113801956176758 -10.697819709777832 74.2002182006836
    endloop
  endfacet
  facet normal 0.12961570918560028 -0.9882100224494934 -0.08149087429046631
    outer loop
      vertex 4.559221267700195 -10.484709739685059 71.99502563476562
      vertex 5.936312198638916 -10.350322723388672 72.55570220947266
      vertex 4.707475662231445 -10.56097412109375 73.1556625366211
    endloop
  endfacet
  facet normal 0.12422549724578857 -0.9899322986602783 -0.06783901154994965
    outer loop
      vertex 5.936312198638916 -10.350322723388672 72.55570220947266
      vertex 4.559221267700195 -10.484709739685059 71.99502563476562
      vertex 5.680344104766846 -10.284384727478027 71.12478637695312
    endloop
  endfacet
  facet normal 0.47377410531044006 -0.8647714257240295 -0.16645915806293488
    outer loop
      vertex 12.821475982666016 -7.782772541046143 71.1292724609375
      vertex 12.325810432434082 -8.311807632446289 72.46690368652344
      vertex 11.378377914428711 -8.555439949035645 71.03602600097656
    endloop
  endfacet
  facet normal 0.398324579000473 -0.910784900188446 -0.10866690427064896
    outer loop
      vertex 11.378377914428711 -8.555439949035645 71.03602600097656
      vertex 12.325810432434082 -8.311807632446289 72.46690368652344
      vertex 10.74651050567627 -9.012272834777832 72.54879760742188
    endloop
  endfacet
  facet normal 0.44173792004585266 -0.8938301801681519 -0.07704031467437744
    outer loop
      vertex 13.246315002441406 -7.954188823699951 73.59580993652344
      vertex 11.845438957214355 -8.638762474060059 73.50588989257812
      vertex 12.325810432434082 -8.311807632446289 72.46690368652344
    endloop
  endfacet
  facet normal 0.3618561625480652 -0.9321582317352295 0.011885571293532848
    outer loop
      vertex 12.298479080200195 -8.47608757019043 74.61138916015625
      vertex 11.357909202575684 -8.831162452697754 75.39932250976562
      vertex 10.647953987121582 -9.12209701538086 74.19657135009766
    endloop
  endfacet
  facet normal 0.37982746958732605 -0.9243223071098328 0.03686939924955368
    outer loop
      vertex 12.298479080200195 -8.47608757019043 74.61138916015625
      vertex 12.545557022094727 -8.316250801086426 76.07313537597656
      vertex 11.357909202575684 -8.831162452697754 75.39932250976562
    endloop
  endfacet
  facet normal 0.3420722186565399 -0.9331903457641602 0.11019271612167358
    outer loop
      vertex 12.545557022094727 -8.316250801086426 76.07313537597656
      vertex 10.746357917785645 -8.909161567687988 76.63721466064453
      vertex 11.357909202575684 -8.831162452697754 75.39932250976562
    endloop
  endfacet
  facet normal 0.3219188153743744 -0.9415018558502197 0.09971269965171814
    outer loop
      vertex 11.357909202575684 -8.831162452697754 75.39932250976562
      vertex 10.746357917785645 -8.909161567687988 76.63721466064453
      vertex 10.00326919555664 -9.290197372436523 75.4384536743164
    endloop
  endfacet
  facet normal 0.3330079913139343 -0.9400066137313843 0.07411669194698334
    outer loop
      vertex 12.545557022094727 -8.316250801086426 76.07313537597656
      vertex 12.182541847229004 -8.341812133789062 77.3799819946289
      vertex 10.746357917785645 -8.909161567687988 76.63721466064453
    endloop
  endfacet
  facet normal 0.29828205704689026 -0.9435568451881409 0.1439732015132904
    outer loop
      vertex 12.182541847229004 -8.341812133789062 77.3799819946289
      vertex 10.946109771728516 -8.605892181396484 78.21090698242188
      vertex 10.746357917785645 -8.909161567687988 76.63721466064453
    endloop
  endfacet
  facet normal 0.19167421758174896 -0.9513142108917236 0.24137572944164276
    outer loop
      vertex 9.353317260742188 -8.685262680053711 79.4843521118164
      vertex 9.810969352722168 -8.803348541259766 78.65553283691406
      vertex 10.552878379821777 -8.506929397583008 79.2346420288086
    endloop
  endfacet
  facet normal 0.20602990686893463 -0.9464384913444519 0.24860787391662598
    outer loop
      vertex 9.353317260742188 -8.685262680053711 79.4843521118164
      vertex 8.713603973388672 -9.05691146850586 78.59965515136719
      vertex 9.810969352722168 -8.803348541259766 78.65553283691406
    endloop
  endfacet
  facet normal 0.09521684050559998 -0.930175244808197 0.3545527458190918
    outer loop
      vertex 8.778339385986328 -8.489606857299805 80.44395446777344
      vertex 7.409016132354736 -8.452558517456055 80.90888977050781
      vertex 7.637493133544922 -8.961910247802734 79.51123809814453
    endloop
  endfacet
  facet normal 0.07778941094875336 -0.9492517709732056 0.30474576354026794
    outer loop
      vertex 8.778339385986328 -8.489606857299805 80.44395446777344
      vertex 8.416290283203125 -8.194657325744629 81.45510864257812
      vertex 7.409016132354736 -8.452558517456055 80.90888977050781
    endloop
  endfacet
  facet normal 0.02742478810250759 -0.9225105047225952 0.3849963843822479
    outer loop
      vertex 8.416290283203125 -8.194657325744629 81.45510864257812
      vertex 7.1557416915893555 -7.915073394775391 82.21482849121094
      vertex 7.409016132354736 -8.452558517456055 80.90888977050781
    endloop
  endfacet
  facet normal 0.022288115695118904 -0.9625450372695923 0.270204097032547
    outer loop
      vertex 9.855762481689453 -8.199129104614258 81.32044219970703
      vertex 8.817317962646484 -7.878791809082031 82.54723358154297
      vertex 8.416290283203125 -8.194657325744629 81.45510864257812
    endloop
  endfacet
  facet normal -0.3846234083175659 -0.8937802910804749 0.23069831728935242
    outer loop
      vertex 9.276422500610352 -7.681150436401367 83.73189544677734
      vertex 9.785567283630371 -7.657467842102051 84.67250061035156
      vertex 8.609997749328613 -7.157804012298584 84.64839172363281
    endloop
  endfacet
  facet normal -0.2354123592376709 -0.9077688455581665 0.3471841514110565
    outer loop
      vertex 7.420624256134033 -7.16017484664917 83.83572387695312
      vertex 9.276422500610352 -7.681150436401367 83.73189544677734
      vertex 8.609997749328613 -7.157804012298584 84.64839172363281
    endloop
  endfacet
  facet normal -0.5316261053085327 -0.8090948462486267 0.2504780888557434
    outer loop
      vertex 10.508942604064941 -7.452703475952148 86.60374450683594
      vertex 9.48782730102539 -7.046426296234131 85.74884033203125
      vertex 10.825237274169922 -8.004215240478516 85.49356842041016
    endloop
  endfacet
  facet normal -0.5825985670089722 -0.7817482948303223 0.22237062454223633
    outer loop
      vertex 10.825237274169922 -8.004215240478516 85.49356842041016
      vertex 11.398283004760742 -8.04669189453125 86.84558868408203
      vertex 10.508942604064941 -7.452703475952148 86.60374450683594
    endloop
  endfacet
  facet normal -0.6459128856658936 -0.5807567238807678 0.4954979717731476
    outer loop
      vertex 9.48782730102539 -7.046426296234131 85.74884033203125
      vertex 10.508942604064941 -7.452703475952148 86.60374450683594
      vertex 10.154752731323242 -6.748534202575684 86.96736907958984
    endloop
  endfacet
  facet normal -0.6342376470565796 -0.5818898677825928 0.5090646147727966
    outer loop
      vertex 10.154752731323242 -6.748534202575684 86.96736907958984
      vertex 10.508942604064941 -7.452703475952148 86.60374450683594
      vertex 11.291903495788574 -7.245193958282471 87.81642150878906
    endloop
  endfacet
  facet normal -0.6544933319091797 -0.0672103613615036 0.7530745267868042
    outer loop
      vertex 10.647943496704102 -6.16923189163208 87.78939056396484
      vertex 11.286762237548828 -5.428450584411621 88.41069793701172
      vertex 10.392223358154297 -5.211956977844238 87.65258026123047
    endloop
  endfacet
  facet normal -0.48239052295684814 0.07228409498929977 0.8729687929153442
    outer loop
      vertex 10.392223358154297 -5.211956977844238 87.65258026123047
      vertex 11.026914596557617 -4.382260322570801 87.93460083007812
      vertex 9.578296661376953 -4.358058929443359 87.13211059570312
    endloop
  endfacet
  facet normal -0.40211722254753113 0.3204236626625061 0.8576890230178833
    outer loop
      vertex 12.038174629211426 -3.6880295276641846 88.14936065673828
      vertex 10.752021789550781 -3.3380208015441895 87.41560363769531
      vertex 11.026914596557617 -4.382260322570801 87.93460083007812
    endloop
  endfacet
  facet normal -0.4591592848300934 0.29550495743751526 0.8377647399902344
    outer loop
      vertex 11.026914596557617 -4.382260322570801 87.93460083007812
      vertex 10.752021789550781 -3.3380208015441895 87.41560363769531
      vertex 9.578296661376953 -4.358058929443359 87.13211059570312
    endloop
  endfacet
  facet normal -0.2900499403476715 -0.08942428976297379 0.9528244733810425
    outer loop
      vertex 9.578296661376953 -4.358058929443359 87.13211059570312
      vertex 9.032377243041992 -3.0200724601745605 87.09149932861328
      vertex 8.474067687988281 -3.934574604034424 86.8357162475586
    endloop
  endfacet
  facet normal -0.14628782868385315 -0.37989214062690735 0.9133903980255127
    outer loop
      vertex 7.339818000793457 -3.70200252532959 86.75078582763672
      vertex 7.7967681884765625 -4.851205348968506 86.34600067138672
      vertex 8.474067687988281 -3.934574604034424 86.8357162475586
    endloop
  endfacet
  facet normal -0.1484333872795105 -0.3805297613143921 0.9127784967422485
    outer loop
      vertex 7.339818000793457 -3.70200252532959 86.75078582763672
      vertex 6.199038505554199 -4.472273826599121 86.24415588378906
      vertex 7.7967681884765625 -4.851205348968506 86.34600067138672
    endloop
  endfacet
  facet normal -0.07529140263795853 -0.46772831678390503 0.8806597590446472
    outer loop
      vertex 6.199038505554199 -4.472273826599121 86.24415588378906
      vertex 7.339818000793457 -3.70200252532959 86.75078582763672
      vertex 5.733424186706543 -3.469575881958008 86.73689270019531
    endloop
  endfacet
  facet normal -0.025723980739712715 -0.23639772832393646 0.971315860748291
    outer loop
      vertex 8.07130241394043 -1.9473143815994263 87.32713317871094
      vertex 6.967327117919922 -2.7685585021972656 87.0980224609375
      vertex 9.032377243041992 -3.0200724601745605 87.09149932861328
    endloop
  endfacet
  facet normal -0.14106985926628113 0.22076964378356934 0.9650700092315674
    outer loop
      vertex 9.032377243041992 -3.0200724601745605 87.09149932861328
      vertex 10.752021789550781 -3.3380208015441895 87.41560363769531
      vertex 10.844759941101074 -1.7294721603393555 87.06118774414062
    endloop
  endfacet
  facet normal 0.11772913485765457 -0.13622765243053436 0.9836574196815491
    outer loop
      vertex 9.328073501586914 -1.7932003736495972 87.23388671875
      vertex 10.844759941101074 -1.7294721603393555 87.06118774414062
      vertex 9.773604393005371 -1.135365605354309 87.27166748046875
    endloop
  endfacet
  facet normal 0.17889229953289032 -0.1767444759607315 0.9678630828857422
    outer loop
      vertex 9.773604393005371 -1.135365605354309 87.27166748046875
      vertex 8.764627456665039 -0.870060920715332 87.50660705566406
      vertex 9.328073501586914 -1.7932003736495972 87.23388671875
    endloop
  endfacet
  facet normal 0.09956231713294983 -0.2255394458770752 0.9691332578659058
    outer loop
      vertex 8.764627456665039 -0.870060920715332 87.50660705566406
      vertex 8.07130241394043 -1.9473143815994263 87.32713317871094
      vertex 9.328073501586914 -1.7932003736495972 87.23388671875
    endloop
  endfacet
  facet normal 0.08989891409873962 -0.13616898655891418 0.9865983724594116
    outer loop
      vertex 9.328073501586914 -1.7932003736495972 87.23388671875
      vertex 8.07130241394043 -1.9473143815994263 87.32713317871094
      vertex 9.032377243041992 -3.0200724601745605 87.09149932861328
    endloop
  endfacet
  facet normal 0.048538338392972946 -0.30811426043510437 0.9501103758811951
    outer loop
      vertex 7.333410739898682 -1.0460240840911865 87.65711212158203
      vertex 6.781734943389893 -1.8965224027633667 87.40948486328125
      vertex 8.07130241394043 -1.9473143815994263 87.32713317871094
    endloop
  endfacet
  facet normal 0.04739263653755188 -0.32701805233955383 0.9438289999961853
    outer loop
      vertex 6.781734943389893 -1.8965224027633667 87.40948486328125
      vertex 6.967327117919922 -2.7685585021972656 87.0980224609375
      vertex 8.07130241394043 -1.9473143815994263 87.32713317871094
    endloop
  endfacet
  facet normal -0.010622436180710793 -0.3383416533470154 0.9409633874893188
    outer loop
      vertex 6.781734943389893 -1.8965224027633667 87.40948486328125
      vertex 5.458657264709473 -2.2779459953308105 87.25740051269531
      vertex 6.967327117919922 -2.7685585021972656 87.0980224609375
    endloop
  endfacet
  facet normal -0.03592165932059288 -0.40696871280670166 0.9127355813980103
    outer loop
      vertex 5.733424186706543 -3.469575881958008 86.73689270019531
      vertex 6.967327117919922 -2.7685585021972656 87.0980224609375
      vertex 5.458657264709473 -2.2779459953308105 87.25740051269531
    endloop
  endfacet
  facet normal -0.0832822397351265 -0.4149565100669861 0.9060216546058655
    outer loop
      vertex 4.164957046508789 -3.056666374206543 86.78182983398438
      vertex 5.733424186706543 -3.469575881958008 86.73689270019531
      vertex 5.458657264709473 -2.2779459953308105 87.25740051269531
    endloop
  endfacet
  facet normal -0.10125455260276794 -0.4762475788593292 0.8734620213508606
    outer loop
      vertex 5.733424186706543 -3.469575881958008 86.73689270019531
      vertex 4.566314697265625 -4.22843599319458 86.18783569335938
      vertex 6.199038505554199 -4.472273826599121 86.24415588378906
    endloop
  endfacet
  facet normal -0.15527892112731934 -0.5125789642333984 0.8444828987121582
    outer loop
      vertex 4.566314697265625 -4.22843599319458 86.18783569335938
      vertex 2.6670308113098145 -3.7604174613952637 86.1226806640625
      vertex 3.462707996368408 -4.750263690948486 85.66817474365234
    endloop
  endfacet
  facet normal -0.1915157586336136 -0.5325172543525696 0.8244678378105164
    outer loop
      vertex 1.975752592086792 -4.721549034118652 85.34131622314453
      vertex 3.462707996368408 -4.750263690948486 85.66817474365234
      vertex 2.6670308113098145 -3.7604174613952637 86.1226806640625
    endloop
  endfacet
  facet normal -0.2486792802810669 -0.497001051902771 0.8313533663749695
    outer loop
      vertex 1.975752592086792 -4.721549034118652 85.34131622314453
      vertex 2.6670308113098145 -3.7604174613952637 86.1226806640625
      vertex 0.8828729391098022 -3.822319269180298 85.55198669433594
    endloop
  endfacet
  facet normal -0.10057003051042557 -0.4770433008670807 0.8731067776679993
    outer loop
      vertex 4.164957046508789 -3.056666374206543 86.78182983398438
      vertex 4.566314697265625 -4.22843599319458 86.18783569335938
      vertex 5.733424186706543 -3.469575881958008 86.73689270019531
    endloop
  endfacet
  facet normal -0.1731174737215042 -0.4214457869529724 0.8901762366294861
    outer loop
      vertex 4.164957046508789 -3.056666374206543 86.78182983398438
      vertex 4.019128799438477 -2.0350022315979004 87.23716735839844
      vertex 2.761315107345581 -2.409412384033203 86.81529235839844
    endloop
  endfacet
  facet normal -0.2093479484319687 -0.33275312185287476 0.919482946395874
    outer loop
      vertex 2.761315107345581 -2.409412384033203 86.81529235839844
      vertex 4.019128799438477 -2.0350022315979004 87.23716735839844
      vertex 3.1919589042663574 -1.29926598072052 87.31509399414062
    endloop
  endfacet
  facet normal -0.07371962815523148 -0.35933738946914673 0.9302913546562195
    outer loop
      vertex 4.019128799438477 -2.0350022315979004 87.23716735839844
      vertex 5.458657264709473 -2.2779459953308105 87.25740051269531
      vertex 4.689606189727783 -1.2231241464614868 87.60389709472656
    endloop
  endfacet
  facet normal 0.04885871708393097 -0.315449982881546 0.947683572769165
    outer loop
      vertex 6.024696350097656 -1.1672890186309814 87.68421936035156
      vertex 7.333410739898682 -1.0460240840911865 87.65711212158203
      vertex 6.559397220611572 -0.0655663013458252 88.02337646484375
    endloop
  endfacet
  facet normal -0.005395632702857256 -0.29181981086730957 0.9564580321311951
    outer loop
      vertex 6.559397220611572 -0.0655663013458252 88.02337646484375
      vertex 5.263984680175781 -0.07997357845306396 88.01167297363281
      vertex 6.024696350097656 -1.1672890186309814 87.68421936035156
    endloop
  endfacet
  facet normal -0.04379963129758835 -0.31605902314186096 0.9477280378341675
    outer loop
      vertex 5.263984680175781 -0.07997357845306396 88.01167297363281
      vertex 4.689606189727783 -1.2231241464614868 87.60389709472656
      vertex 6.024696350097656 -1.1672890186309814 87.68421936035156
    endloop
  endfacet
  facet normal -0.5595232248306274 0.03139669820666313 0.8282197713851929
    outer loop
      vertex 1.237932562828064 -0.2995476722717285 86.61898803710938
      vertex 0.2697489261627197 -0.38557708263397217 85.96817016601562
      vertex 0.7411731481552124 -1.0750788450241089 86.31278991699219
    endloop
  endfacet
  facet normal -0.5612035989761353 0.10488156229257584 0.8210058212280273
    outer loop
      vertex 1.237932562828064 -0.2995476722717285 86.61898803710938
      vertex 0.33106791973114014 0.6059865951538086 85.88341522216797
      vertex 0.2697489261627197 -0.38557708263397217 85.96817016601562
    endloop
  endfacet
  facet normal -0.755398154258728 0.07096777111291885 0.6514117121696472
    outer loop
      vertex 0.33106791973114014 0.6059865951538086 85.88341522216797
      vertex 0.8890814781188965 1.8806357383728027 86.39163970947266
      vertex -0.012848138809204102 1.7549951076507568 85.35942077636719
    endloop
  endfacet
  facet normal -0.8430160880088806 0.031055506318807602 0.5369911193847656
    outer loop
      vertex -0.012848138809204102 1.7549951076507568 85.35942077636719
      vertex 0.3064209222793579 2.805030345916748 85.79991149902344
      vertex -0.23523211479187012 2.8956499099731445 84.9443359375
    endloop
  endfacet
  facet normal -0.8446325659751892 -0.11760656535625458 0.5222687125205994
    outer loop
      vertex -0.23523211479187012 2.8956499099731445 84.9443359375
      vertex 0.3064209222793579 2.805030345916748 85.79991149902344
      vertex -0.09337687492370605 3.9663920402526855 85.41486358642578
    endloop
  endfacet
  facet normal -0.9278700947761536 -0.062217626720666885 0.36767667531967163
    outer loop
      vertex -0.6444191932678223 3.479836940765381 83.9419174194336
      vertex -0.09337687492370605 3.9663920402526855 85.41486358642578
      vertex -0.5324435234069824 4.809759616851807 84.44954681396484
    endloop
  endfacet
  facet normal -0.9965111017227173 0.06301522254943848 0.05472421273589134
    outer loop
      vertex -0.6444191932678223 3.479836940765381 83.9419174194336
      vertex -0.5324435234069824 4.809759616851807 84.44954681396484
      vertex -0.6226005554199219 4.288703441619873 83.4078140258789
    endloop
  endfacet
  facet normal -0.9909942746162415 -0.1010216623544693 -0.08789215236902237
    outer loop
      vertex -0.5324435234069824 4.809759616851807 84.44954681396484
      vertex -0.6400296688079834 5.494168281555176 84.87594604492188
      vertex -0.5916585922241211 5.8831892013549805 83.8834228515625
    endloop
  endfacet
  facet normal -0.9459473490715027 -0.20257778465747833 0.25327062606811523
    outer loop
      vertex -0.5324435234069824 4.809759616851807 84.44954681396484
      vertex -0.09337687492370605 3.9663920402526855 85.41486358642578
      vertex -0.17628121376037598 5.0917649269104 86.0053482055664
    endloop
  endfacet
  facet normal -0.7197062969207764 -0.18900763988494873 0.6680561304092407
    outer loop
      vertex 1.1414034366607666 4.687413692474365 87.31050872802734
      vertex -0.17628121376037598 5.0917649269104 86.0053482055664
      vertex 0.7854714393615723 3.6346607208251953 86.62921142578125
    endloop
  endfacet
  facet normal -0.8068805932998657 -0.31997936964035034 0.49654507637023926
    outer loop
      vertex 0.7854714393615723 3.6346607208251953 86.62921142578125
      vertex -0.17628121376037598 5.0917649269104 86.0053482055664
      vertex -0.09337687492370605 3.9663920402526855 85.41486358642578
    endloop
  endfacet
  facet normal -0.7986632585525513 -0.12685255706310272 0.5882561802864075
    outer loop
      vertex 0.3064209222793579 2.805030345916748 85.79991149902344
      vertex 0.8890814781188965 1.8806357383728027 86.39163970947266
      vertex 0.7854714393615723 3.6346607208251953 86.62921142578125
    endloop
  endfacet
  facet normal -0.6325246691703796 -0.14052866399288177 0.7616851925849915
    outer loop
      vertex 1.8704748153686523 2.594973087310791 87.33840942382812
      vertex 0.7854714393615723 3.6346607208251953 86.62921142578125
      vertex 0.8890814781188965 1.8806357383728027 86.39163970947266
    endloop
  endfacet
  facet normal -0.5110720992088318 -0.10069427639245987 0.8536194562911987
    outer loop
      vertex 1.508593201637268 0.7737452983856201 86.81907653808594
      vertex 2.8005802631378174 1.1904034614562988 87.64175415039062
      vertex 1.7027664184570312 1.6210381984710693 87.0352783203125
    endloop
  endfacet
  facet normal -0.5265021920204163 -0.16868825256824493 0.8332704901695251
    outer loop
      vertex 1.7027664184570312 1.6210381984710693 87.0352783203125
      vertex 2.8005802631378174 1.1904034614562988 87.64175415039062
      vertex 1.8704748153686523 2.594973087310791 87.33840942382812
    endloop
  endfacet
  facet normal -0.550348162651062 -0.18878959119319916 0.8133113980293274
    outer loop
      vertex 2.8005802631378174 1.1904034614562988 87.64175415039062
      vertex 3.0127549171447754 2.4129996299743652 88.06912231445312
      vertex 1.8704748153686523 2.594973087310791 87.33840942382812
    endloop
  endfacet
  facet normal -0.6883664131164551 -0.21549592912197113 0.6926133036613464
    outer loop
      vertex 1.7785104513168335 3.749211311340332 87.65180206298828
      vertex 1.1414034366607666 4.687413692474365 87.31050872802734
      vertex 0.7854714393615723 3.6346607208251953 86.62921142578125
    endloop
  endfacet
  facet normal -0.580925703048706 -0.25606560707092285 0.7726290822029114
    outer loop
      vertex 1.7785104513168335 3.749211311340332 87.65180206298828
      vertex 1.8704748153686523 2.594973087310791 87.33840942382812
      vertex 2.801848888397217 3.4059181213378906 88.30745697021484
    endloop
  endfacet
  facet normal -0.583081841468811 -0.4625389277935028 0.667887270450592
    outer loop
      vertex 2.4590883255004883 4.283062934875488 88.61567687988281
      vertex 1.7785104513168335 3.749211311340332 87.65180206298828
      vertex 2.801848888397217 3.4059181213378906 88.30745697021484
    endloop
  endfacet
  facet normal -0.43747296929359436 -0.4454401731491089 0.7811533808708191
    outer loop
      vertex 2.4590883255004883 4.283062934875488 88.61567687988281
      vertex 2.801848888397217 3.4059181213378906 88.30745697021484
      vertex 3.6652626991271973 4.145026683807373 89.21246337890625
    endloop
  endfacet
  facet normal 0.3245932459831238 -0.28152990341186523 0.9029840230941772
    outer loop
      vertex 8.953791618347168 4.737785339355469 88.74285888671875
      vertex 6.861912727355957 4.332571506500244 89.36848449707031
      vertex 7.918481349945068 3.7841691970825195 88.81770324707031
    endloop
  endfacet
  facet normal -0.37676042318344116 -0.29110899567604065 0.8793788552284241
    outer loop
      vertex 2.801848888397217 3.4059181213378906 88.30745697021484
      vertex 3.0127549171447754 2.4129996299743652 88.06912231445312
      vertex 4.051662921905518 3.010019302368164 88.71186828613281
    endloop
  endfacet
  facet normal -0.40409520268440247 -0.4807831943035126 0.7781738638877869
    outer loop
      vertex 2.801848888397217 3.4059181213378906 88.30745697021484
      vertex 4.051662921905518 3.010019302368164 88.71186828613281
      vertex 3.6652626991271973 4.145026683807373 89.21246337890625
    endloop
  endfacet
  facet normal -0.1666698008775711 -0.33140915632247925 0.9286490678787231
    outer loop
      vertex 3.80086612701416 1.875244379043579 88.26188659667969
      vertex 5.226624011993408 2.050166606903076 88.5802001953125
      vertex 4.051662921905518 3.010019302368164 88.71186828613281
    endloop
  endfacet
  facet normal -0.3331775963306427 -0.31732672452926636 0.8878605961799622
    outer loop
      vertex 4.445233345031738 0.9910306930541992 88.18766784667969
      vertex 3.80086612701416 1.875244379043579 88.26188659667969
      vertex 2.8005802631378174 1.1904034614562988 87.64175415039062
    endloop
  endfacet
  facet normal -0.329216867685318 -0.1750633418560028 0.9278842210769653
    outer loop
      vertex 3.866860866546631 -0.11433446407318115 87.77391052246094
      vertex 4.445233345031738 0.9910306930541992 88.18766784667969
      vertex 2.8005802631378174 1.1904034614562988 87.64175415039062
    endloop
  endfacet
  facet normal -0.31534987688064575 -0.18108606338500977 0.9315375685691833
    outer loop
      vertex 3.866860866546631 -0.11433446407318115 87.77391052246094
      vertex 2.3963897228240967 -0.30057191848754883 87.23991394042969
      vertex 3.1919589042663574 -1.29926598072052 87.31509399414062
    endloop
  endfacet
  facet normal -0.154774010181427 -0.27428480982780457 0.9491116404533386
    outer loop
      vertex 4.445233345031738 0.9910306930541992 88.18766784667969
      vertex 3.866860866546631 -0.11433446407318115 87.77391052246094
      vertex 5.263984680175781 -0.07997357845306396 88.01167297363281
    endloop
  endfacet
  facet normal -0.11742892116308212 -0.24779900908470154 0.9616683721542358
    outer loop
      vertex 5.715813636779785 0.8612916469573975 88.30938720703125
      vertex 4.445233345031738 0.9910306930541992 88.18766784667969
      vertex 5.263984680175781 -0.07997357845306396 88.01167297363281
    endloop
  endfacet
  facet normal -0.11886134743690491 -0.26676666736602783 0.9564034938812256
    outer loop
      vertex 5.226624011993408 2.050166606903076 88.5802001953125
      vertex 4.445233345031738 0.9910306930541992 88.18766784667969
      vertex 5.715813636779785 0.8612916469573975 88.30938720703125
    endloop
  endfacet
  facet normal 0.04669785127043724 -0.20355162024497986 0.977949857711792
    outer loop
      vertex 5.226624011993408 2.050166606903076 88.5802001953125
      vertex 5.715813636779785 0.8612916469573975 88.30938720703125
      vertex 7.122439861297607 1.167571783065796 88.30596923828125
    endloop
  endfacet
  facet normal -0.00254065846092999 -0.301689088344574 0.9534030556678772
    outer loop
      vertex 6.509408950805664 2.5779690742492676 88.7506332397461
      vertex 5.226624011993408 2.050166606903076 88.5802001953125
      vertex 7.122439861297607 1.167571783065796 88.30596923828125
    endloop
  endfacet
  facet normal 0.12141362577676773 -0.2500760555267334 0.960583508014679
    outer loop
      vertex 6.509408950805664 2.5779690742492676 88.7506332397461
      vertex 7.122439861297607 1.167571783065796 88.30596923828125
      vertex 7.687600612640381 2.188408374786377 88.50029754638672
    endloop
  endfacet
  facet normal 0.14479126036167145 -0.31274449825286865 0.938736617565155
    outer loop
      vertex 7.437314987182617 2.992676258087158 88.74567413330078
      vertex 6.731965065002441 3.477415084838867 89.01596069335938
      vertex 6.509408950805664 2.5779690742492676 88.7506332397461
    endloop
  endfacet
  facet normal 0.24311771988868713 -0.2334752231836319 0.9414792656898499
    outer loop
      vertex 7.918481349945068 3.7841691970825195 88.81770324707031
      vertex 7.437314987182617 2.992676258087158 88.74567413330078
      vertex 8.53886890411377 2.845308303833008 88.42467498779297
    endloop
  endfacet
  facet normal 0.6161273121833801 0.09748506546020508 0.7815905809402466
    outer loop
      vertex 13.142085075378418 2.8492660522460938 85.88583374023438
      vertex 11.985594749450684 2.358334541320801 86.85872650146484
      vertex 12.621041297912598 1.5449788570404053 86.4592514038086
    endloop
  endfacet
  facet normal 0.6060434579849243 0.10456375032663345 0.7885288596153259
    outer loop
      vertex 13.142085075378418 2.8492660522460938 85.88583374023438
      vertex 12.621041297912598 1.5449788570404053 86.4592514038086
      vertex 13.937920570373535 1.6188733577728271 85.43733215332031
    endloop
  endfacet
  facet normal 0.7371269464492798 0.14012078940868378 0.6610673069953918
    outer loop
      vertex 15.060700416564941 0.7348477840423584 84.37274932861328
      vertex 13.937920570373535 1.6188733577728271 85.43733215332031
      vertex 14.190074920654297 0.0477597713470459 85.48918151855469
    endloop
  endfacet
  facet normal 0.704585075378418 0.41261306405067444 0.577330470085144
    outer loop
      vertex 14.9053316116333 -1.255737543106079 85.54786682128906
      vertex 15.64871883392334 -0.9317941665649414 84.40910339355469
      vertex 14.190074920654297 0.0477597713470459 85.48918151855469
    endloop
  endfacet
  facet normal 0.5731739401817322 0.6096089482307434 0.5475842952728271
    outer loop
      vertex 15.64871883392334 -0.9317941665649414 84.40910339355469
      vertex 14.9053316116333 -1.255737543106079 85.54786682128906
      vertex 15.887490272521973 -2.1036319732666016 85.4637451171875
    endloop
  endfacet
  facet normal 0.5939810872077942 0.6396311521530151 0.48791226744651794
    outer loop
      vertex 15.135133743286133 -2.22452712059021 86.53814697265625
      vertex 15.887490272521973 -2.1036319732666016 85.4637451171875
      vertex 14.9053316116333 -1.255737543106079 85.54786682128906
    endloop
  endfacet
  facet normal 0.3596142828464508 0.70735102891922 0.6085492372512817
    outer loop
      vertex 13.64650821685791 -1.2173163890838623 86.2470932006836
      vertex 15.135133743286133 -2.22452712059021 86.53814697265625
      vertex 14.9053316116333 -1.255737543106079 85.54786682128906
    endloop
  endfacet
  facet normal 0.24343912303447723 0.5836478471755981 0.774656355381012
    outer loop
      vertex 13.68944263458252 -2.424642562866211 87.14323425292969
      vertex 15.135133743286133 -2.22452712059021 86.53814697265625
      vertex 13.64650821685791 -1.2173163890838623 86.2470932006836
    endloop
  endfacet
  facet normal 0.056605808436870575 0.8997117877006531 0.43279826641082764
    outer loop
      vertex 14.884588241577148 -2.844780206680298 87.86031341552734
      vertex 15.135133743286133 -2.22452712059021 86.53814697265625
      vertex 13.68944263458252 -2.424642562866211 87.14323425292969
    endloop
  endfacet
  facet normal -0.05241187661886215 0.8210681080818176 0.5684189796447754
    outer loop
      vertex 14.884588241577148 -2.844780206680298 87.86031341552734
      vertex 13.68944263458252 -2.424642562866211 87.14323425292969
      vertex 13.478014945983887 -3.2565596103668213 88.32542419433594
    endloop
  endfacet
  facet normal 0.11927925795316696 0.8899854421615601 0.44011184573173523
    outer loop
      vertex 16.313793182373047 -2.8547439575195312 87.49311828613281
      vertex 15.135133743286133 -2.22452712059021 86.53814697265625
      vertex 14.884588241577148 -2.844780206680298 87.86031341552734
    endloop
  endfacet
  facet normal 0.8174535036087036 0.5757195353507996 0.017803603783249855
    outer loop
      vertex 16.501895904541016 -2.3022470474243164 84.3376693725586
      vertex 16.919401168823242 -2.9280800819396973 85.40560913085938
      vertex 17.29056167602539 -3.4106669425964355 83.96928405761719
    endloop
  endfacet
  facet normal 0.8287686109542847 0.5309114456176758 0.17684902250766754
    outer loop
      vertex 16.868274688720703 -2.452955722808838 83.0731430053711
      vertex 16.501895904541016 -2.3022470474243164 84.3376693725586
      vertex 17.29056167602539 -3.4106669425964355 83.96928405761719
    endloop
  endfacet
  facet normal 0.8871838450431824 0.4118958115577698 0.20795851945877075
    outer loop
      vertex 16.868274688720703 -2.452955722808838 83.0731430053711
      vertex 16.383838653564453 -1.699967384338379 83.64840698242188
      vertex 16.501895904541016 -2.3022470474243164 84.3376693725586
    endloop
  endfacet
  facet normal 0.140841543674469 0.9853786826133728 -0.09587731957435608
    outer loop
      vertex 18.10770034790039 -3.0679712295532227 88.98109436035156
      vertex 18.336925506591797 -3.209831953048706 87.85984802246094
      vertex 17.33367156982422 -3.0241265296936035 88.294677734375
    endloop
  endfacet
  facet normal 0.4082270860671997 0.7294094562530518 -0.5489194989204407
    outer loop
      vertex 20.66463279724121 -4.569319248199463 87.06175231933594
      vertex 19.751848220825195 -4.593108177185059 86.35131072998047
      vertex 20.023828506469727 -3.749786376953125 87.6741943359375
    endloop
  endfacet
  facet normal 0.33295366168022156 0.880537211894989 -0.3373369574546814
    outer loop
      vertex 18.176115036010742 -3.881237506866455 85.51714324951172
      vertex 17.49907684326172 -3.148538827896118 86.76143646240234
      vertex 18.915470123291016 -3.6124773025512695 86.94842529296875
    endloop
  endfacet
  facet normal 0.8368507027626038 0.4200277626514435 -0.3510805368423462
    outer loop
      vertex 17.29056167602539 -3.4106669425964355 83.96928405761719
      vertex 18.176115036010742 -3.881237506866455 85.51714324951172
      vertex 18.05112648010254 -4.605432510375977 84.35279846191406
    endloop
  endfacet
  facet normal 0.9530404806137085 0.058797579258680344 -0.29708021879196167
    outer loop
      vertex 17.479156494140625 -4.275847434997559 83.24809265136719
      vertex 17.118141174316406 -4.776839733123779 81.99079132080078
      vertex 17.19647789001465 -3.574373722076416 82.48008728027344
    endloop
  endfacet
  facet normal 0.7024677991867065 -0.6309617161750793 -0.3292815089225769
    outer loop
      vertex 16.950489044189453 -5.973504543304443 82.50257110595703
      vertex 15.976922035217285 -6.768768787384033 81.94949340820312
      vertex 16.401456832885742 -5.832591533660889 81.06128692626953
    endloop
  endfacet
  facet normal 0.7100141048431396 -0.6266838312149048 -0.32116568088531494
    outer loop
      vertex 16.401456832885742 -5.832591533660889 81.06128692626953
      vertex 15.976922035217285 -6.768768787384033 81.94949340820312
      vertex 15.589550018310547 -6.661019802093506 80.88286590576172
    endloop
  endfacet
  facet normal 0.5684654712677002 -0.8043956756591797 -0.1726113110780716
    outer loop
      vertex 15.640085220336914 -6.405906677246094 79.86042785644531
      vertex 15.589550018310547 -6.661019802093506 80.88286590576172
      vertex 14.776379585266113 -7.076311111450195 80.14015197753906
    endloop
  endfacet
  facet normal 0.6042327880859375 -0.7957313060760498 -0.04140682891011238
    outer loop
      vertex 15.640085220336914 -6.405906677246094 79.86042785644531
      vertex 14.776379585266113 -7.076311111450195 80.14015197753906
      vertex 14.764212608337402 -7.0125813484191895 78.73788452148438
    endloop
  endfacet
  facet normal 0.6061140298843384 -0.7941755652427673 -0.043715450912714005
    outer loop
      vertex 15.816435813903809 -6.204835891723633 78.6526870727539
      vertex 15.640085220336914 -6.405906677246094 79.86042785644531
      vertex 14.764212608337402 -7.0125813484191895 78.73788452148438
    endloop
  endfacet
  facet normal 0.4276619553565979 -0.9028307795524597 -0.04474218562245369
    outer loop
      vertex 14.776379585266113 -7.076311111450195 80.14015197753906
      vertex 13.509828567504883 -7.640492916107178 79.41835021972656
      vertex 14.764212608337402 -7.0125813484191895 78.73788452148438
    endloop
  endfacet
  facet normal 0.47164443135261536 -0.8799132108688354 0.05748356133699417
    outer loop
      vertex 14.764212608337402 -7.0125813484191895 78.73788452148438
      vertex 13.509828567504883 -7.640492916107178 79.41835021972656
      vertex 13.445343017578125 -7.765425682067871 78.03507232666016
    endloop
  endfacet
  facet normal 0.4645851254463196 -0.882474958896637 0.07347489148378372
    outer loop
      vertex 14.764212608337402 -7.0125813484191895 78.73788452148438
      vertex 13.445343017578125 -7.765425682067871 78.03507232666016
      vertex 14.455127716064453 -7.29014778137207 77.35851287841797
    endloop
  endfacet
  facet normal 0.5685054659843445 -0.8218022584915161 0.03797980025410652
    outer loop
      vertex 15.374985694885254 -6.640429496765137 77.64802551269531
      vertex 14.764212608337402 -7.0125813484191895 78.73788452148438
      vertex 14.455127716064453 -7.29014778137207 77.35851287841797
    endloop
  endfacet
  facet normal 0.702836811542511 -0.7113510370254517 -0.00040554231964051723
    outer loop
      vertex 15.816435813903809 -6.204835891723633 78.6526870727539
      vertex 15.374985694885254 -6.640429496765137 77.64802551269531
      vertex 16.107431411743164 -5.91652774810791 77.25731658935547
    endloop
  endfacet
  facet normal 0.8265042304992676 -0.5624492764472961 -0.023269303143024445
    outer loop
      vertex 16.133289337158203 -5.821484565734863 75.87844848632812
      vertex 16.546737670898438 -5.2427778244018555 76.5756607055664
      vertex 16.107431411743164 -5.91652774810791 77.25731658935547
    endloop
  endfacet
  facet normal 0.885546088218689 -0.4500350058078766 -0.11522365361452103
    outer loop
      vertex 16.13213348388672 -5.5411272048950195 74.7745590209961
      vertex 16.503692626953125 -4.987776756286621 75.46891021728516
      vertex 16.133289337158203 -5.821484565734863 75.87844848632812
    endloop
  endfacet
  facet normal 0.9660590291023254 0.11193836480379105 -0.23280839622020721
    outer loop
      vertex 16.512107849121094 -3.087554693222046 75.27332305908203
      vertex 16.761455535888672 -3.2463560104370117 76.23165893554688
      vertex 16.62238311767578 -4.004748821258545 75.2899169921875
    endloop
  endfacet
  facet normal 0.9270839095115662 0.32463565468788147 -0.18742243945598602
    outer loop
      vertex 16.512107849121094 -3.087554693222046 75.27332305908203
      vertex 16.337438583374023 -2.2418880462646484 75.87410736083984
      vertex 16.761455535888672 -3.2463560104370117 76.23165893554688
    endloop
  endfacet
  facet normal 0.8672626614570618 0.39469578862190247 -0.30343160033226013
    outer loop
      vertex 16.512107849121094 -3.087554693222046 75.27332305908203
      vertex 16.028423309326172 -2.603314161300659 74.520751953125
      vertex 16.337438583374023 -2.2418880462646484 75.87410736083984
    endloop
  endfacet
  facet normal 0.9508488178253174 -0.021758295595645905 -0.3088902235031128
    outer loop
      vertex 16.62238311767578 -4.004748821258545 75.2899169921875
      vertex 16.22178077697754 -4.701104164123535 74.10580444335938
      vertex 16.362808227539062 -3.6170125007629395 74.46356201171875
    endloop
  endfacet
  facet normal 0.9423391222953796 -0.012220866046845913 -0.3344363868236542
    outer loop
      vertex 16.22178077697754 -4.701104164123535 74.10580444335938
      vertex 16.025392532348633 -3.7054524421691895 73.51605987548828
      vertex 16.362808227539062 -3.6170125007629395 74.46356201171875
    endloop
  endfacet
  facet normal 0.9197709560394287 -0.2997913658618927 -0.25327181816101074
    outer loop
      vertex 16.13213348388672 -5.5411272048950195 74.7745590209961
      vertex 16.22178077697754 -4.701104164123535 74.10580444335938
      vertex 16.503692626953125 -4.987776756286621 75.46891021728516
    endloop
  endfacet
  facet normal 0.8826767802238464 -0.3467579483985901 -0.31723904609680176
    outer loop
      vertex 16.13213348388672 -5.5411272048950195 74.7745590209961
      vertex 15.697244644165039 -5.775066375732422 73.82024383544922
      vertex 16.22178077697754 -4.701104164123535 74.10580444335938
    endloop
  endfacet
  facet normal 0.8887031674385071 -0.35783958435058594 -0.2866314947605133
    outer loop
      vertex 15.697244644165039 -5.775066375732422 73.82024383544922
      vertex 15.768209457397461 -4.743618011474609 72.75257873535156
      vertex 16.22178077697754 -4.701104164123535 74.10580444335938
    endloop
  endfacet
  facet normal 0.936684787273407 -0.12140553444623947 -0.32845431566238403
    outer loop
      vertex 15.380803108215332 -5.197258949279785 71.8154525756836
      vertex 15.379427909851074 -4.3272705078125 71.48995971679688
      vertex 15.768209457397461 -4.743618011474609 72.75257873535156
    endloop
  endfacet
  facet normal 0.7830415368080139 -0.5841241478919983 -0.21364691853523254
    outer loop
      vertex 15.604267120361328 -6.329629898071289 74.99568176269531
      vertex 15.697244644165039 -5.775066375732422 73.82024383544922
      vertex 16.13213348388672 -5.5411272048950195 74.7745590209961
    endloop
  endfacet
  facet normal 0.6762485504150391 -0.7243607044219971 -0.13412494957447052
    outer loop
      vertex 14.70576286315918 -6.986660003662109 74.01387023925781
      vertex 15.604267120361328 -6.329629898071289 74.99568176269531
      vertex 14.858129501342773 -7.07030725479126 75.23384094238281
    endloop
  endfacet
  facet normal 0.7322604656219482 -0.6525417566299438 -0.19489479064941406
    outer loop
      vertex 14.233450889587402 -7.175402641296387 72.8712387084961
      vertex 15.113947868347168 -6.105390548706055 72.59686279296875
      vertex 14.70576286315918 -6.986660003662109 74.01387023925781
    endloop
  endfacet
  facet normal 0.7462908029556274 -0.6399612426757812 -0.18302913010120392
    outer loop
      vertex 15.113947868347168 -6.105390548706055 72.59686279296875
      vertex 15.697244644165039 -5.775066375732422 73.82024383544922
      vertex 14.70576286315918 -6.986660003662109 74.01387023925781
    endloop
  endfacet
  facet normal 0.8699237704277039 -0.3823297321796417 -0.31153908371925354
    outer loop
      vertex 15.697244644165039 -5.775066375732422 73.82024383544922
      vertex 15.113947868347168 -6.105390548706055 72.59686279296875
      vertex 15.768209457397461 -4.743618011474609 72.75257873535156
    endloop
  endfacet
  facet normal 0.8955315947532654 -0.4106549620628357 -0.17142270505428314
    outer loop
      vertex 15.768209457397461 -4.743618011474609 72.75257873535156
      vertex 15.113947868347168 -6.105390548706055 72.59686279296875
      vertex 15.380803108215332 -5.197258949279785 71.8154525756836
    endloop
  endfacet
  facet normal 0.8674936890602112 -0.4454466700553894 -0.22143162786960602
    outer loop
      vertex 14.941129684448242 -5.825480937957764 71.35673522949219
      vertex 15.380803108215332 -5.197258949279785 71.8154525756836
      vertex 15.113947868347168 -6.105390548706055 72.59686279296875
    endloop
  endfacet
  facet normal 0.7465318441390991 -0.6190862059593201 -0.24376724660396576
    outer loop
      vertex 15.113947868347168 -6.105390548706055 72.59686279296875
      vertex 14.087312698364258 -6.806086540222168 71.23234558105469
      vertex 14.941129684448242 -5.825480937957764 71.35673522949219
    endloop
  endfacet
  facet normal 0.7272667288780212 -0.6528074741363525 -0.21195633709430695
    outer loop
      vertex 15.113947868347168 -6.105390548706055 72.59686279296875
      vertex 14.233450889587402 -7.175402641296387 72.8712387084961
      vertex 14.087312698364258 -6.806086540222168 71.23234558105469
    endloop
  endfacet
  facet normal 0.5696203708648682 -0.8157140612602234 -0.1007135733962059
    outer loop
      vertex 14.233450889587402 -7.175402641296387 72.8712387084961
      vertex 14.70576286315918 -6.986660003662109 74.01387023925781
      vertex 13.246315002441406 -7.954188823699951 73.59580993652344
    endloop
  endfacet
  facet normal 0.5721755623817444 -0.8145015239715576 -0.09592914581298828
    outer loop
      vertex 13.454201698303223 -7.669936180114746 72.42227172851562
      vertex 14.233450889587402 -7.175402641296387 72.8712387084961
      vertex 13.246315002441406 -7.954188823699951 73.59580993652344
    endloop
  endfacet
  facet normal 0.48313531279563904 -0.8605551719665527 -0.16132275760173798
    outer loop
      vertex 13.454201698303223 -7.669936180114746 72.42227172851562
      vertex 12.325810432434082 -8.311807632446289 72.46690368652344
      vertex 12.821475982666016 -7.782772541046143 71.1292724609375
    endloop
  endfacet
  facet normal 0.448535293340683 -0.8928598165512085 -0.04021802544593811
    outer loop
      vertex 13.246315002441406 -7.954188823699951 73.59580993652344
      vertex 13.738800048828125 -7.767584800720215 74.94559478759766
      vertex 12.298479080200195 -8.47608757019043 74.61138916015625
    endloop
  endfacet
  facet normal 0.4762049615383148 -0.8774006962776184 0.05828319117426872
    outer loop
      vertex 14.455127716064453 -7.29014778137207 77.35851287841797
      vertex 13.340056419372559 -7.918460369110107 77.01056671142578
      vertex 14.137762069702148 -7.539733409881592 76.19427490234375
    endloop
  endfacet
  facet normal 0.43767255544662476 -0.8990723490715027 0.010573377832770348
    outer loop
      vertex 13.340056419372559 -7.918460369110107 77.01056671142578
      vertex 12.545557022094727 -8.316250801086426 76.07313537597656
      vertex 14.137762069702148 -7.539733409881592 76.19427490234375
    endloop
  endfacet
  facet normal 0.4367044270038605 -0.899269700050354 0.024563031271100044
    outer loop
      vertex 13.738800048828125 -7.767584800720215 74.94559478759766
      vertex 14.137762069702148 -7.539733409881592 76.19427490234375
      vertex 12.545557022094727 -8.316250801086426 76.07313537597656
    endloop
  endfacet
  facet normal 0.4366738796234131 -0.8992854952812195 0.024523017928004265
    outer loop
      vertex 12.298479080200195 -8.47608757019043 74.61138916015625
      vertex 13.738800048828125 -7.767584800720215 74.94559478759766
      vertex 12.545557022094727 -8.316250801086426 76.07313537597656
    endloop
  endfacet
  facet normal 0.4694085121154785 -0.8790649771690369 0.08306934684515
    outer loop
      vertex 14.455127716064453 -7.29014778137207 77.35851287841797
      vertex 13.445343017578125 -7.765425682067871 78.03507232666016
      vertex 13.340056419372559 -7.918460369110107 77.01056671142578
    endloop
  endfacet
  facet normal 0.3697570860385895 -0.9237333536148071 0.09998264163732529
    outer loop
      vertex 13.340056419372559 -7.918460369110107 77.01056671142578
      vertex 13.445343017578125 -7.765425682067871 78.03507232666016
      vertex 12.182541847229004 -8.341812133789062 77.3799819946289
    endloop
  endfacet
  facet normal 0.3649841248989105 -0.9245086908340454 0.10986561328172684
    outer loop
      vertex 13.445343017578125 -7.765425682067871 78.03507232666016
      vertex 12.403239250183105 -8.122474670410156 78.49250793457031
      vertex 12.182541847229004 -8.341812133789062 77.3799819946289
    endloop
  endfacet
  facet normal 0.2895926237106323 -0.9483461976051331 0.12952105700969696
    outer loop
      vertex 12.403239250183105 -8.122474670410156 78.49250793457031
      vertex 10.946109771728516 -8.605892181396484 78.21090698242188
      vertex 12.182541847229004 -8.341812133789062 77.3799819946289
    endloop
  endfacet
  facet normal 0.2903967499732971 -0.9486014246940613 0.12579819560050964
    outer loop
      vertex 10.946109771728516 -8.605892181396484 78.21090698242188
      vertex 12.403239250183105 -8.122474670410156 78.49250793457031
      vertex 11.827814102172852 -8.155478477478027 79.57196807861328
    endloop
  endfacet
  facet normal 0.21071425080299377 -0.9567777514457703 0.20043900609016418
    outer loop
      vertex 11.827814102172852 -8.155478477478027 79.57196807861328
      vertex 10.404019355773926 -8.341287612915039 80.18180847167969
      vertex 10.552878379821777 -8.506929397583008 79.2346420288086
    endloop
  endfacet
  facet normal 0.15223132073879242 -0.9868276119232178 0.054743122309446335
    outer loop
      vertex 11.827814102172852 -8.155478477478027 79.57196807861328
      vertex 11.465263366699219 -8.12856674194336 81.0652847290039
      vertex 10.404019355773926 -8.341287612915039 80.18180847167969
    endloop
  endfacet
  facet normal 0.130947083234787 -0.9531189203262329 0.2727952003479004
    outer loop
      vertex 10.404019355773926 -8.341287612915039 80.18180847167969
      vertex 8.778339385986328 -8.489606857299805 80.44395446777344
      vertex 9.353317260742188 -8.685262680053711 79.4843521118164
    endloop
  endfacet
  facet normal 0.11794152855873108 -0.9768012166023254 0.17874304950237274
    outer loop
      vertex 10.404019355773926 -8.341287612915039 80.18180847167969
      vertex 9.855762481689453 -8.199129104614258 81.32044219970703
      vertex 8.778339385986328 -8.489606857299805 80.44395446777344
    endloop
  endfacet
  facet normal 0.06789135187864304 -0.9854646325111389 0.15572530031204224
    outer loop
      vertex 11.465263366699219 -8.12856674194336 81.0652847290039
      vertex 9.855762481689453 -8.199129104614258 81.32044219970703
      vertex 10.404019355773926 -8.341287612915039 80.18180847167969
    endloop
  endfacet
  facet normal -0.0037225421983748674 -0.9999924898147583 0.0010339501313865185
    outer loop
      vertex 11.465263366699219 -8.12856674194336 81.0652847290039
      vertex 12.71528148651123 -8.132102012634277 82.14657592773438
      vertex 10.894644737243652 -8.124799728393555 82.6541748046875
    endloop
  endfacet
  facet normal -0.06387779116630554 -0.9745017290115356 -0.2150953710079193
    outer loop
      vertex 12.479379653930664 -8.423871994018555 83.53851318359375
      vertex 10.894644737243652 -8.124799728393555 82.6541748046875
      vertex 12.71528148651123 -8.132102012634277 82.14657592773438
    endloop
  endfacet
  facet normal 0.05326113477349281 -0.9791144132614136 -0.1962098330259323
    outer loop
      vertex 13.895403861999512 -8.270793914794922 83.15901184082031
      vertex 12.479379653930664 -8.423871994018555 83.53851318359375
      vertex 12.71528148651123 -8.132102012634277 82.14657592773438
    endloop
  endfacet
  facet normal 0.14665265381336212 -0.9425786137580872 -0.3000645041465759
    outer loop
      vertex 13.895403861999512 -8.270793914794922 83.15901184082031
      vertex 12.71528148651123 -8.132102012634277 82.14657592773438
      vertex 14.00759220123291 -7.826401710510254 81.8178939819336
    endloop
  endfacet
  facet normal 0.29737794399261475 -0.9134502410888672 -0.2778039276599884
    outer loop
      vertex 14.00759220123291 -7.826401710510254 81.8178939819336
      vertex 15.470335006713867 -7.695971965789795 82.954833984375
      vertex 13.895403861999512 -8.270793914794922 83.15901184082031
    endloop
  endfacet
  facet normal -0.1239234060049057 -0.9807072877883911 0.1511826366186142
    outer loop
      vertex 10.894644737243652 -8.124799728393555 82.6541748046875
      vertex 8.817317962646484 -7.878791809082031 82.54723358154297
      vertex 9.855762481689453 -8.199129104614258 81.32044219970703
    endloop
  endfacet
  facet normal -0.12564657628536224 -0.9694992899894714 0.21043819189071655
    outer loop
      vertex 10.894644737243652 -8.124799728393555 82.6541748046875
      vertex 9.276422500610352 -7.681150436401367 83.73189544677734
      vertex 8.817317962646484 -7.878791809082031 82.54723358154297
    endloop
  endfacet
  facet normal -0.27170830965042114 -0.9623068571090698 -0.011837616562843323
    outer loop
      vertex 10.894644737243652 -8.124799728393555 82.6541748046875
      vertex 11.037038803100586 -8.182392120361328 84.067626953125
      vertex 9.276422500610352 -7.681150436401367 83.73189544677734
    endloop
  endfacet
  facet normal -0.5130926370620728 -0.7996155023574829 0.3120112419128418
    outer loop
      vertex 9.785567283630371 -7.657467842102051 84.67250061035156
      vertex 10.825237274169922 -8.004215240478516 85.49356842041016
      vertex 9.48782730102539 -7.046426296234131 85.74884033203125
    endloop
  endfacet
  facet normal -0.5789276361465454 -0.6587948203086853 0.4804500341415405
    outer loop
      vertex 11.398283004760742 -8.04669189453125 86.84558868408203
      vertex 12.34581184387207 -8.131690979003906 87.87078094482422
      vertex 11.291903495788574 -7.245193958282471 87.81642150878906
    endloop
  endfacet
  facet normal -0.6575857400894165 -0.37717896699905396 0.6521633267402649
    outer loop
      vertex 11.291903495788574 -7.245193958282471 87.81642150878906
      vertex 11.765083312988281 -6.430600643157959 88.76465606689453
      vertex 10.647943496704102 -6.16923189163208 87.78939056396484
    endloop
  endfacet
  facet normal -0.6637659072875977 -0.05331236869096756 0.7460379600524902
    outer loop
      vertex 11.765083312988281 -6.430600643157959 88.76465606689453
      vertex 11.286762237548828 -5.428450584411621 88.41069793701172
      vertex 10.647943496704102 -6.16923189163208 87.78939056396484
    endloop
  endfacet
  facet normal -0.6840447187423706 -0.07004427909851074 0.7260693311691284
    outer loop
      vertex 11.765083312988281 -6.430600643157959 88.76465606689453
      vertex 12.185009002685547 -5.574090003967285 89.24290466308594
      vertex 11.286762237548828 -5.428450584411621 88.41069793701172
    endloop
  endfacet
  facet normal -0.6046956181526184 0.2005760222673416 0.7707868814468384
    outer loop
      vertex 11.286762237548828 -5.428450584411621 88.41069793701172
      vertex 11.026914596557617 -4.382260322570801 87.93460083007812
      vertex 10.392223358154297 -5.211956977844238 87.65258026123047
    endloop
  endfacet
  facet normal -0.2584587335586548 0.6139014363288879 0.745871365070343
    outer loop
      vertex 12.122727394104004 -2.7908802032470703 87.44024658203125
      vertex 10.752021789550781 -3.3380208015441895 87.41560363769531
      vertex 12.038174629211426 -3.6880295276641846 88.14936065673828
    endloop
  endfacet
  facet normal 0.021862544119358063 0.5716487169265747 0.8202071785926819
    outer loop
      vertex 12.122727394104004 -2.7908802032470703 87.44024658203125
      vertex 13.68944263458252 -2.424642562866211 87.14323425292969
      vertex 12.544686317443848 -1.930797815322876 86.82955932617188
    endloop
  endfacet
  facet normal -0.08538061380386353 0.8219410181045532 0.5631369948387146
    outer loop
      vertex 12.122727394104004 -2.7908802032470703 87.44024658203125
      vertex 13.478014945983887 -3.2565596103668213 88.32542419433594
      vertex 13.68944263458252 -2.424642562866211 87.14323425292969
    endloop
  endfacet
  facet normal -0.2741278111934662 0.6121107339859009 0.741737425327301
    outer loop
      vertex 13.478014945983887 -3.2565596103668213 88.32542419433594
      vertex 12.122727394104004 -2.7908802032470703 87.44024658203125
      vertex 12.038174629211426 -3.6880295276641846 88.14936065673828
    endloop
  endfacet
  facet normal -0.19848544895648956 0.8884057402610779 0.4139308035373688
    outer loop
      vertex 13.478014945983887 -3.2565596103668213 88.32542419433594
      vertex 14.328659057617188 -3.61498761177063 89.50260162353516
      vertex 14.61778450012207 -3.2006101608276367 88.75187683105469
    endloop
  endfacet
  facet normal 0.010824186727404594 0.981033444404602 0.19353602826595306
    outer loop
      vertex 16.313793182373047 -2.8547439575195312 87.49311828613281
      vertex 15.815152168273926 -3.1449615955352783 88.99211883544922
      vertex 17.33367156982422 -3.0241265296936035 88.294677734375
    endloop
  endfacet
  facet normal 0.20695096254348755 0.9766938090324402 -0.0569264180958271
    outer loop
      vertex 17.33367156982422 -3.0241265296936035 88.294677734375
      vertex 17.49907684326172 -3.148538827896118 86.76143646240234
      vertex 16.313793182373047 -2.8547439575195312 87.49311828613281
    endloop
  endfacet
  facet normal 0.32780683040618896 0.9316160082817078 0.1569535732269287
    outer loop
      vertex 16.313793182373047 -2.8547439575195312 87.49311828613281
      vertex 17.49907684326172 -3.148538827896118 86.76143646240234
      vertex 16.364809036254883 -2.6806442737579346 86.35317993164062
    endloop
  endfacet
  facet normal 0.06052655726671219 0.9760196208953857 0.20909874141216278
    outer loop
      vertex 15.815152168273926 -3.1449615955352783 88.99211883544922
      vertex 16.313793182373047 -2.8547439575195312 87.49311828613281
      vertex 14.884588241577148 -2.844780206680298 87.86031341552734
    endloop
  endfacet
  facet normal 0.015159962698817253 0.9987937808036804 0.0467027872800827
    outer loop
      vertex 17.2669677734375 -3.07774019241333 89.46292114257812
      vertex 18.10770034790039 -3.0679712295532227 88.98109436035156
      vertex 17.33367156982422 -3.0241265296936035 88.294677734375
    endloop
  endfacet
  facet normal -0.10886259377002716 0.9744275212287903 0.19657091796398163
    outer loop
      vertex 17.2669677734375 -3.07774019241333 89.46292114257812
      vertex 15.815152168273926 -3.1449615955352783 88.99211883544922
      vertex 15.906744956970215 -3.3704028129577637 90.16038513183594
    endloop
  endfacet
  facet normal 0.3149714469909668 0.89656662940979 -0.3113862872123718
    outer loop
      vertex 19.38619041442871 -3.357722759246826 88.15807342529297
      vertex 20.023828506469727 -3.749786376953125 87.6741943359375
      vertex 18.915470123291016 -3.6124773025512695 86.94842529296875
    endloop
  endfacet
  facet normal 0.5704179406166077 0.49155178666114807 -0.6580275893211365
    outer loop
      vertex 18.176115036010742 -3.881237506866455 85.51714324951172
      vertex 19.751848220825195 -4.593108177185059 86.35131072998047
      vertex 18.96084976196289 -5.013740539550781 85.35140991210938
    endloop
  endfacet
  facet normal 0.7580615878105164 0.1221461296081543 -0.6406425833702087
    outer loop
      vertex 18.96084976196289 -5.013740539550781 85.35140991210938
      vertex 18.61396026611328 -5.819771766662598 84.78726196289062
      vertex 18.05112648010254 -4.605432510375977 84.35279846191406
    endloop
  endfacet
  facet normal 0.8352231979370117 0.2044786661863327 -0.5104809999465942
    outer loop
      vertex 18.61396026611328 -5.819771766662598 84.78726196289062
      vertex 17.676542282104492 -5.2829484939575195 83.46853637695312
      vertex 18.05112648010254 -4.605432510375977 84.35279846191406
    endloop
  endfacet
  facet normal 0.8531485795974731 -0.3015713691711426 -0.42566680908203125
    outer loop
      vertex 17.118141174316406 -4.776839733123779 81.99079132080078
      vertex 17.676542282104492 -5.2829484939575195 83.46853637695312
      vertex 16.950489044189453 -5.973504543304443 82.50257110595703
    endloop
  endfacet
  facet normal 0.5736308097839355 -0.7255697846412659 -0.38012656569480896
    outer loop
      vertex 15.470335006713867 -7.695971965789795 82.954833984375
      vertex 14.952136039733887 -7.284855365753174 81.38812255859375
      vertex 15.976922035217285 -6.768768787384033 81.94949340820312
    endloop
  endfacet
  facet normal 0.5494857430458069 -0.7875038385391235 -0.2791116237640381
    outer loop
      vertex 15.589550018310547 -6.661019802093506 80.88286590576172
      vertex 15.976922035217285 -6.768768787384033 81.94949340820312
      vertex 14.952136039733887 -7.284855365753174 81.38812255859375
    endloop
  endfacet
  facet normal 0.4104819893836975 -0.8862561583518982 -0.21460369229316711
    outer loop
      vertex 14.00759220123291 -7.826401710510254 81.8178939819336
      vertex 14.033804893493652 -7.533362865447998 80.6578598022461
      vertex 14.952136039733887 -7.284855365753174 81.38812255859375
    endloop
  endfacet
  facet normal 0.1794710010290146 -0.9818536639213562 0.061266813427209854
    outer loop
      vertex 11.827814102172852 -8.155478477478027 79.57196807861328
      vertex 12.948372840881348 -7.88153600692749 80.67964172363281
      vertex 11.465263366699219 -8.12856674194336 81.0652847290039
    endloop
  endfacet
  facet normal 0.28775477409362793 -0.956144392490387 -0.05463482812047005
    outer loop
      vertex 11.827814102172852 -8.155478477478027 79.57196807861328
      vertex 13.509828567504883 -7.640492916107178 79.41835021972656
      vertex 12.948372840881348 -7.88153600692749 80.67964172363281
    endloop
  endfacet
  facet normal 0.3042670488357544 -0.9514566659927368 -0.046388618648052216
    outer loop
      vertex 13.509828567504883 -7.640492916107178 79.41835021972656
      vertex 14.033804893493652 -7.533362865447998 80.6578598022461
      vertex 12.948372840881348 -7.88153600692749 80.67964172363281
    endloop
  endfacet
  facet normal 0.30118411779403687 -0.9444307684898376 0.1316760927438736
    outer loop
      vertex 13.509828567504883 -7.640492916107178 79.41835021972656
      vertex 11.827814102172852 -8.155478477478027 79.57196807861328
      vertex 12.403239250183105 -8.122474670410156 78.49250793457031
    endloop
  endfacet
  facet normal 0.4048142433166504 -0.890917956829071 -0.20588989555835724
    outer loop
      vertex 14.776379585266113 -7.076311111450195 80.14015197753906
      vertex 14.952136039733887 -7.284855365753174 81.38812255859375
      vertex 14.033804893493652 -7.533362865447998 80.6578598022461
    endloop
  endfacet
  facet normal 0.5917837023735046 -0.7773784399032593 -0.21324831247329712
    outer loop
      vertex 14.776379585266113 -7.076311111450195 80.14015197753906
      vertex 15.589550018310547 -6.661019802093506 80.88286590576172
      vertex 14.952136039733887 -7.284855365753174 81.38812255859375
    endloop
  endfacet
  facet normal 0.293251097202301 -0.9284706711769104 -0.2279166430234909
    outer loop
      vertex 12.948372840881348 -7.88153600692749 80.67964172363281
      vertex 14.033804893493652 -7.533362865447998 80.6578598022461
      vertex 14.00759220123291 -7.826401710510254 81.8178939819336
    endloop
  endfacet
  facet normal 0.34472501277923584 -0.8736836314201355 -0.3432808518409729
    outer loop
      vertex 14.952136039733887 -7.284855365753174 81.38812255859375
      vertex 15.470335006713867 -7.695971965789795 82.954833984375
      vertex 14.00759220123291 -7.826401710510254 81.8178939819336
    endloop
  endfacet
  facet normal 0.0995471179485321 -0.9707283973693848 -0.21857908368110657
    outer loop
      vertex 13.375298500061035 -8.646034240722656 84.58861541748047
      vertex 13.895403861999512 -8.270793914794922 83.15901184082031
      vertex 14.959890365600586 -8.352117538452148 84.00497436523438
    endloop
  endfacet
  facet normal 0.08444669842720032 -0.9630572199821472 -0.2557137906551361
    outer loop
      vertex 15.04714298248291 -8.642280578613281 85.1265869140625
      vertex 13.375298500061035 -8.646034240722656 84.58861541748047
      vertex 14.959890365600586 -8.352117538452148 84.00497436523438
    endloop
  endfacet
  facet normal -0.09906549006700516 -0.9949901103973389 -0.013445783406496048
    outer loop
      vertex 13.375298500061035 -8.646034240722656 84.58861541748047
      vertex 12.02933120727539 -8.529457092285156 85.87866973876953
      vertex 11.991287231445312 -8.510337829589844 84.744140625
    endloop
  endfacet
  facet normal 0.04058137163519859 -0.9699659943580627 -0.23983134329319
    outer loop
      vertex 12.479379653930664 -8.423871994018555 83.53851318359375
      vertex 13.895403861999512 -8.270793914794922 83.15901184082031
      vertex 13.375298500061035 -8.646034240722656 84.58861541748047
    endloop
  endfacet
  facet normal -0.10974561423063278 -0.9872573018074036 -0.1152346283197403
    outer loop
      vertex 12.479379653930664 -8.423871994018555 83.53851318359375
      vertex 13.375298500061035 -8.646034240722656 84.58861541748047
      vertex 11.991287231445312 -8.510337829589844 84.744140625
    endloop
  endfacet
  facet normal -0.21907466650009155 -0.9628718495368958 -0.1577470749616623
    outer loop
      vertex 11.991287231445312 -8.510337829589844 84.744140625
      vertex 11.037038803100586 -8.182392120361328 84.067626953125
      vertex 12.479379653930664 -8.423871994018555 83.53851318359375
    endloop
  endfacet
  facet normal -0.3635088801383972 -0.9295151829719543 0.06215289235115051
    outer loop
      vertex 11.037038803100586 -8.182392120361328 84.067626953125
      vertex 11.991287231445312 -8.510337829589844 84.744140625
      vertex 10.825237274169922 -8.004215240478516 85.49356842041016
    endloop
  endfacet
  facet normal -0.3992737829685211 -0.9168293476104736 -0.0020617700647562742
    outer loop
      vertex 10.825237274169922 -8.004215240478516 85.49356842041016
      vertex 11.991287231445312 -8.510337829589844 84.744140625
      vertex 12.02933120727539 -8.529457092285156 85.87866973876953
    endloop
  endfacet
  facet normal -0.45103827118873596 -0.8215437531471252 0.3487553596496582
    outer loop
      vertex 11.398283004760742 -8.04669189453125 86.84558868408203
      vertex 12.378360748291016 -8.557088851928711 86.9107894897461
      vertex 12.34581184387207 -8.131690979003906 87.87078094482422
    endloop
  endfacet
  facet normal -0.319975882768631 -0.8701625466346741 0.37474340200424194
    outer loop
      vertex 12.378360748291016 -8.557088851928711 86.9107894897461
      vertex 13.437262535095215 -8.680414199829102 87.52857208251953
      vertex 12.34581184387207 -8.131690979003906 87.87078094482422
    endloop
  endfacet
  facet normal -0.562106192111969 -0.6358242034912109 0.5289275050163269
    outer loop
      vertex 12.34581184387207 -8.131690979003906 87.87078094482422
      vertex 12.521862983703613 -7.432967185974121 88.89781188964844
      vertex 11.291903495788574 -7.245193958282471 87.81642150878906
    endloop
  endfacet
  facet normal -0.6587128639221191 -0.41385266184806824 0.6283496618270874
    outer loop
      vertex 11.765083312988281 -6.430600643157959 88.76465606689453
      vertex 12.521862983703613 -7.432967185974121 88.89781188964844
      vertex 12.726558685302734 -6.628254413604736 89.64241027832031
    endloop
  endfacet
  facet normal -0.6805886030197144 -0.07336581498384476 0.7289832830429077
    outer loop
      vertex 12.726558685302734 -6.628254413604736 89.64241027832031
      vertex 12.185009002685547 -5.574090003967285 89.24290466308594
      vertex 11.765083312988281 -6.430600643157959 88.76465606689453
    endloop
  endfacet
  facet normal -0.6350310444831848 0.2533470094203949 0.7297608852386475
    outer loop
      vertex 12.030802726745605 -4.579868316650391 88.76355743408203
      vertex 11.286762237548828 -5.428450584411621 88.41069793701172
      vertex 12.185009002685547 -5.574090003967285 89.24290466308594
    endloop
  endfacet
  facet normal -0.6793738603591919 0.2305046021938324 0.6966482400894165
    outer loop
      vertex 12.030802726745605 -4.579868316650391 88.76355743408203
      vertex 12.185009002685547 -5.574090003967285 89.24290466308594
      vertex 12.873201370239258 -4.903443336486816 89.69213104248047
    endloop
  endfacet
  facet normal -0.5283624529838562 0.529354453086853 0.6637898087501526
    outer loop
      vertex 13.014426231384277 -4.036685466766357 89.11332702636719
      vertex 12.030802726745605 -4.579868316650391 88.76355743408203
      vertex 12.873201370239258 -4.903443336486816 89.69213104248047
    endloop
  endfacet
  facet normal -0.3995518386363983 0.7105972766876221 0.5791457891464233
    outer loop
      vertex 14.328659057617188 -3.61498761177063 89.50260162353516
      vertex 13.014426231384277 -4.036685466766357 89.11332702636719
      vertex 13.691596031188965 -4.400018692016602 90.02630615234375
    endloop
  endfacet
  facet normal -0.501910924911499 0.7234944701194763 0.47396332025527954
    outer loop
      vertex 13.691596031188965 -4.400018692016602 90.02630615234375
      vertex 14.47088623046875 -4.307524681091309 90.71035766601562
      vertex 14.328659057617188 -3.61498761177063 89.50260162353516
    endloop
  endfacet
  facet normal -0.7075203657150269 -0.011893303133547306 0.706592857837677
    outer loop
      vertex 13.748147964477539 -5.277529716491699 90.83943939208984
      vertex 13.029394149780273 -5.866707801818848 90.10982513427734
      vertex 13.497464179992676 -6.691843032836914 90.56462097167969
    endloop
  endfacet
  facet normal -0.23160876333713531 0.951648473739624 0.20179858803749084
    outer loop
      vertex 14.328659057617188 -3.61498761177063 89.50260162353516
      vertex 15.906744956970215 -3.3704028129577637 90.16038513183594
      vertex 15.815152168273926 -3.1449615955352783 88.99211883544922
    endloop
  endfacet
  facet normal -0.5958579778671265 0.5248546004295349 0.6078494787216187
    outer loop
      vertex 13.748147964477539 -5.277529716491699 90.83943939208984
      vertex 14.47088623046875 -4.307524681091309 90.71035766601562
      vertex 13.691596031188965 -4.400018692016602 90.02630615234375
    endloop
  endfacet
  facet normal -0.5796617865562439 0.5334368348121643 0.6159848570823669
    outer loop
      vertex 12.873201370239258 -4.903443336486816 89.69213104248047
      vertex 13.748147964477539 -5.277529716491699 90.83943939208984
      vertex 13.691596031188965 -4.400018692016602 90.02630615234375
    endloop
  endfacet
  facet normal -0.6662803888320923 0.20309311151504517 0.7175121307373047
    outer loop
      vertex 12.185009002685547 -5.574090003967285 89.24290466308594
      vertex 13.029394149780273 -5.866707801818848 90.10982513427734
      vertex 12.873201370239258 -4.903443336486816 89.69213104248047
    endloop
  endfacet
  facet normal -0.7673405408859253 -0.08496449887752533 0.6355860233306885
    outer loop
      vertex 12.726558685302734 -6.628254413604736 89.64241027832031
      vertex 13.497464179992676 -6.691843032836914 90.56462097167969
      vertex 13.029394149780273 -5.866707801818848 90.10982513427734
    endloop
  endfacet
  facet normal -0.7312160730361938 -0.12124074995517731 0.6712851524353027
    outer loop
      vertex 12.726558685302734 -6.628254413604736 89.64241027832031
      vertex 13.029394149780273 -5.866707801818848 90.10982513427734
      vertex 12.185009002685547 -5.574090003967285 89.24290466308594
    endloop
  endfacet
  facet normal -0.7017802000045776 -0.4454813301563263 0.555923581123352
    outer loop
      vertex 13.2759370803833 -7.448616027832031 89.67854309082031
      vertex 13.497464179992676 -6.691843032836914 90.56462097167969
      vertex 12.726558685302734 -6.628254413604736 89.64241027832031
    endloop
  endfacet
  facet normal -0.4643475413322449 -0.6932134032249451 0.5512137413024902
    outer loop
      vertex 13.610830307006836 -8.217239379882812 88.828857421875
      vertex 12.521862983703613 -7.432967185974121 88.89781188964844
      vertex 12.34581184387207 -8.131690979003906 87.87078094482422
    endloop
  endfacet
  facet normal -0.3284514844417572 -0.8750474452972412 0.35554394125938416
    outer loop
      vertex 13.437262535095215 -8.680414199829102 87.52857208251953
      vertex 13.610830307006836 -8.217239379882812 88.828857421875
      vertex 12.34581184387207 -8.131690979003906 87.87078094482422
    endloop
  endfacet
  facet normal -0.12623052299022675 -0.9667521119117737 0.22238761186599731
    outer loop
      vertex 14.23598575592041 -8.904796600341797 87.00651550292969
      vertex 14.89490032196045 -8.781442642211914 87.91676330566406
      vertex 13.437262535095215 -8.680414199829102 87.52857208251953
    endloop
  endfacet
  facet normal -0.6641318798065186 -0.6656379103660583 0.34037479758262634
    outer loop
      vertex 13.959763526916504 -8.014659881591797 89.90585327148438
      vertex 13.2759370803833 -7.448616027832031 89.67854309082031
      vertex 13.610830307006836 -8.217239379882812 88.828857421875
    endloop
  endfacet
  facet normal 0.10294437408447266 -0.9928739666938782 0.06003131717443466
    outer loop
      vertex 15.058602333068848 -8.855958938598633 86.40359497070312
      vertex 14.89490032196045 -8.781442642211914 87.91676330566406
      vertex 14.23598575592041 -8.904796600341797 87.00651550292969
    endloop
  endfacet
  facet normal -0.0031450053211301565 -0.9963760375976562 -0.08499927818775177
    outer loop
      vertex 15.058602333068848 -8.855958938598633 86.40359497070312
      vertex 14.23598575592041 -8.904796600341797 87.00651550292969
      vertex 13.547823905944824 -8.832887649536133 86.18904876708984
    endloop
  endfacet
  facet normal -0.17627321183681488 -0.979709267616272 -0.09538067877292633
    outer loop
      vertex 12.02933120727539 -8.529457092285156 85.87866973876953
      vertex 13.375298500061035 -8.646034240722656 84.58861541748047
      vertex 13.547823905944824 -8.832887649536133 86.18904876708984
    endloop
  endfacet
  facet normal -0.17105737328529358 -0.9804270267486572 0.09748002141714096
    outer loop
      vertex 13.547823905944824 -8.832887649536133 86.18904876708984
      vertex 13.437262535095215 -8.680414199829102 87.52857208251953
      vertex 12.378360748291016 -8.557088851928711 86.9107894897461
    endloop
  endfacet
  facet normal 0.008384947665035725 -0.9862411618232727 -0.1651003658771515
    outer loop
      vertex 15.04714298248291 -8.642280578613281 85.1265869140625
      vertex 15.058602333068848 -8.855958938598633 86.40359497070312
      vertex 13.547823905944824 -8.832887649536133 86.18904876708984
    endloop
  endfacet
  facet normal 0.04052348434925079 -0.9977442622184753 0.05351816117763519
    outer loop
      vertex 15.058602333068848 -8.855958938598633 86.40359497070312
      vertex 16.432613372802734 -8.76463508605957 87.06576538085938
      vertex 14.89490032196045 -8.781442642211914 87.91676330566406
    endloop
  endfacet
  facet normal 0.27488359808921814 -0.8946706056594849 -0.35214129090309143
    outer loop
      vertex 16.662036895751953 -7.959687232971191 84.58674621582031
      vertex 17.71909523010254 -8.253413200378418 86.15814971923828
      vertex 16.334327697753906 -8.553766250610352 85.84028625488281
    endloop
  endfacet
  facet normal 0.26043900847435 -0.9091252684593201 -0.32505831122398376
    outer loop
      vertex 18.84686851501465 -8.239089012145996 87.02166748046875
      vertex 17.80965805053711 -8.701059341430664 87.4826889038086
      vertex 17.71909523010254 -8.253413200378418 86.15814971923828
    endloop
  endfacet
  facet normal 0.41849485039711 -0.7343693971633911 -0.534381628036499
    outer loop
      vertex 18.84686851501465 -8.239089012145996 87.02166748046875
      vertex 17.71909523010254 -8.253413200378418 86.15814971923828
      vertex 18.991079330444336 -7.200658321380615 85.70755004882812
    endloop
  endfacet
  facet normal 0.5023044347763062 -0.7044028639793396 -0.5015045404434204
    outer loop
      vertex 18.991079330444336 -7.200658321380615 85.70755004882812
      vertex 20.572847366333008 -6.637852191925049 86.50133514404297
      vertex 18.84686851501465 -8.239089012145996 87.02166748046875
    endloop
  endfacet
  facet normal 0.44475123286247253 0.7109928727149963 -0.5446884036064148
    outer loop
      vertex 20.023828506469727 -3.749786376953125 87.6741943359375
      vertex 19.751848220825195 -4.593108177185059 86.35131072998047
      vertex 18.915470123291016 -3.6124773025512695 86.94842529296875
    endloop
  endfacet
  facet normal 0.675064206123352 0.2054184079170227 -0.708584189414978
    outer loop
      vertex 18.96084976196289 -5.013740539550781 85.35140991210938
      vertex 19.79363441467285 -5.945009231567383 85.87482452392578
      vertex 18.61396026611328 -5.819771766662598 84.78726196289062
    endloop
  endfacet
  facet normal 0.7279953956604004 -0.27330219745635986 -0.6287516951560974
    outer loop
      vertex 18.61396026611328 -5.819771766662598 84.78726196289062
      vertex 17.67845344543457 -6.81755256652832 84.13780212402344
      vertex 17.676542282104492 -5.2829484939575195 83.46853637695312
    endloop
  endfacet
  facet normal 0.6224899291992188 -0.5860857963562012 -0.5186615586280823
    outer loop
      vertex 17.67845344543457 -6.81755256652832 84.13780212402344
      vertex 16.747154235839844 -7.371754169464111 83.64631652832031
      vertex 16.637250900268555 -6.899216175079346 82.9804458618164
    endloop
  endfacet
  facet normal 0.6573874354362488 -0.5091970562934875 -0.5554819703102112
    outer loop
      vertex 16.950489044189453 -5.973504543304443 82.50257110595703
      vertex 17.67845344543457 -6.81755256652832 84.13780212402344
      vertex 16.637250900268555 -6.899216175079346 82.9804458618164
    endloop
  endfacet
  facet normal 0.4755353033542633 -0.6784613728523254 -0.5599611401557922
    outer loop
      vertex 16.637250900268555 -6.899216175079346 82.9804458618164
      vertex 16.747154235839844 -7.371754169464111 83.64631652832031
      vertex 15.470335006713867 -7.695971965789795 82.954833984375
    endloop
  endfacet
  facet normal 0.4399004280567169 -0.7788403630256653 -0.44709649682044983
    outer loop
      vertex 16.662036895751953 -7.959687232971191 84.58674621582031
      vertex 15.470335006713867 -7.695971965789795 82.954833984375
      vertex 16.747154235839844 -7.371754169464111 83.64631652832031
    endloop
  endfacet
  facet normal 0.32919126749038696 -0.8643929362297058 -0.38007649779319763
    outer loop
      vertex 16.662036895751953 -7.959687232971191 84.58674621582031
      vertex 14.959890365600586 -8.352117538452148 84.00497436523438
      vertex 15.470335006713867 -7.695971965789795 82.954833984375
    endloop
  endfacet
  facet normal 0.45443543791770935 -0.6456452012062073 -0.6137024164199829
    outer loop
      vertex 16.662036895751953 -7.959687232971191 84.58674621582031
      vertex 17.67845344543457 -6.81755256652832 84.13780212402344
      vertex 17.953060150146484 -7.624161243438721 85.18973541259766
    endloop
  endfacet
  facet normal 0.5057716369628906 -0.7740786671638489 -0.3807850182056427
    outer loop
      vertex 17.71909523010254 -8.253413200378418 86.15814971923828
      vertex 17.953060150146484 -7.624161243438721 85.18973541259766
      vertex 18.991079330444336 -7.200658321380615 85.70755004882812
    endloop
  endfacet
  facet normal 0.16422365605831146 0.9822443723678589 -0.09070058166980743
    outer loop
      vertex 19.38619041442871 -3.357722759246826 88.15807342529297
      vertex 18.336925506591797 -3.209831953048706 87.85984802246094
      vertex 18.10770034790039 -3.0679712295532227 88.98109436035156
    endloop
  endfacet
  facet normal 0.714322030544281 -0.2424311488866806 -0.6564839482307434
    outer loop
      vertex 18.61396026611328 -5.819771766662598 84.78726196289062
      vertex 18.991079330444336 -7.200658321380615 85.70755004882812
      vertex 17.67845344543457 -6.81755256652832 84.13780212402344
    endloop
  endfacet
  facet normal 0.5398663282394409 -0.5940055251121521 -0.5964074730873108
    outer loop
      vertex 17.67845344543457 -6.81755256652832 84.13780212402344
      vertex 18.991079330444336 -7.200658321380615 85.70755004882812
      vertex 17.953060150146484 -7.624161243438721 85.18973541259766
    endloop
  endfacet
  facet normal 0.6126244068145752 -0.6939200162887573 -0.378373384475708
    outer loop
      vertex 16.747154235839844 -7.371754169464111 83.64631652832031
      vertex 17.67845344543457 -6.81755256652832 84.13780212402344
      vertex 16.662036895751953 -7.959687232971191 84.58674621582031
    endloop
  endfacet
  facet normal 0.6276087760925293 -0.30575934052467346 -0.7159737944602966
    outer loop
      vertex 19.79363441467285 -5.945009231567383 85.87482452392578
      vertex 18.991079330444336 -7.200658321380615 85.70755004882812
      vertex 18.61396026611328 -5.819771766662598 84.78726196289062
    endloop
  endfacet
  facet normal 0.40867823362350464 -0.8072625398635864 -0.4258044958114624
    outer loop
      vertex 16.662036895751953 -7.959687232971191 84.58674621582031
      vertex 17.953060150146484 -7.624161243438721 85.18973541259766
      vertex 17.71909523010254 -8.253413200378418 86.15814971923828
    endloop
  endfacet
  facet normal 0.2597832679748535 -0.897148609161377 -0.3572632670402527
    outer loop
      vertex 15.04714298248291 -8.642280578613281 85.1265869140625
      vertex 16.662036895751953 -7.959687232971191 84.58674621582031
      vertex 16.334327697753906 -8.553766250610352 85.84028625488281
    endloop
  endfacet
  facet normal 0.2484298199415207 -0.9510946869850159 -0.18357989192008972
    outer loop
      vertex 16.334327697753906 -8.553766250610352 85.84028625488281
      vertex 17.71909523010254 -8.253413200378418 86.15814971923828
      vertex 16.432613372802734 -8.76463508605957 87.06576538085938
    endloop
  endfacet
  facet normal 0.1510627269744873 -0.9721112251281738 -0.17938721179962158
    outer loop
      vertex 16.334327697753906 -8.553766250610352 85.84028625488281
      vertex 16.432613372802734 -8.76463508605957 87.06576538085938
      vertex 15.058602333068848 -8.855958938598633 86.40359497070312
    endloop
  endfacet
  facet normal 0.15807384252548218 -0.9736558198928833 -0.16433773934841156
    outer loop
      vertex 15.04714298248291 -8.642280578613281 85.1265869140625
      vertex 16.334327697753906 -8.553766250610352 85.84028625488281
      vertex 15.058602333068848 -8.855958938598633 86.40359497070312
    endloop
  endfacet
  facet normal -0.07990732043981552 -0.9832505583763123 -0.16380834579467773
    outer loop
      vertex 16.432613372802734 -8.76463508605957 87.06576538085938
      vertex 16.321508407592773 -8.955438613891602 88.26525115966797
      vertex 14.89490032196045 -8.781442642211914 87.91676330566406
    endloop
  endfacet
  facet normal 0.14174708724021912 -0.9348134994506836 -0.3256246745586395
    outer loop
      vertex 17.71909523010254 -8.253413200378418 86.15814971923828
      vertex 17.80965805053711 -8.701059341430664 87.4826889038086
      vertex 16.432613372802734 -8.76463508605957 87.06576538085938
    endloop
  endfacet
  facet normal 0.09036247432231903 -0.9848078489303589 -0.14828446507453918
    outer loop
      vertex 16.321508407592773 -8.955438613891602 88.26525115966797
      vertex 16.432613372802734 -8.76463508605957 87.06576538085938
      vertex 17.80965805053711 -8.701059341430664 87.4826889038086
    endloop
  endfacet
  facet normal -0.16244561970233917 -0.9700344800949097 0.1806781142950058
    outer loop
      vertex 14.867646217346191 -8.53248405456543 89.2288818359375
      vertex 14.89490032196045 -8.781442642211914 87.91676330566406
      vertex 16.321508407592773 -8.955438613891602 88.26525115966797
    endloop
  endfacet
  facet normal -0.29095083475112915 -0.9410567283630371 0.17251074314117432
    outer loop
      vertex 14.89490032196045 -8.781442642211914 87.91676330566406
      vertex 14.867646217346191 -8.53248405456543 89.2288818359375
      vertex 13.610830307006836 -8.217239379882812 88.828857421875
    endloop
  endfacet
  facet normal -0.31489962339401245 -0.9090136885643005 0.2730061411857605
    outer loop
      vertex 14.867646217346191 -8.53248405456543 89.2288818359375
      vertex 13.959763526916504 -8.014659881591797 89.90585327148438
      vertex 13.610830307006836 -8.217239379882812 88.828857421875
    endloop
  endfacet
  facet normal -0.2123534381389618 -0.9727386236190796 0.09319636970758438
    outer loop
      vertex 14.23598575592041 -8.904796600341797 87.00651550292969
      vertex 13.437262535095215 -8.680414199829102 87.52857208251953
      vertex 13.547823905944824 -8.832887649536133 86.18904876708984
    endloop
  endfacet
  facet normal -0.15720094740390778 -0.9234880208969116 0.34993964433670044
    outer loop
      vertex 14.89490032196045 -8.781442642211914 87.91676330566406
      vertex 13.610830307006836 -8.217239379882812 88.828857421875
      vertex 13.437262535095215 -8.680414199829102 87.52857208251953
    endloop
  endfacet
  facet normal -0.4975092113018036 -0.7317537069320679 0.46585527062416077
    outer loop
      vertex 12.521862983703613 -7.432967185974121 88.89781188964844
      vertex 13.610830307006836 -8.217239379882812 88.828857421875
      vertex 13.2759370803833 -7.448616027832031 89.67854309082031
    endloop
  endfacet
  facet normal -0.6212193369865417 -0.5123802423477173 0.5929190516471863
    outer loop
      vertex 13.2759370803833 -7.448616027832031 89.67854309082031
      vertex 13.959763526916504 -8.014659881591797 89.90585327148438
      vertex 13.497464179992676 -6.691843032836914 90.56462097167969
    endloop
  endfacet
  facet normal -0.762091875076294 0.14958912134170532 0.6299517750740051
    outer loop
      vertex 13.748147964477539 -5.277529716491699 90.83943939208984
      vertex 12.873201370239258 -4.903443336486816 89.69213104248047
      vertex 13.029394149780273 -5.866707801818848 90.10982513427734
    endloop
  endfacet
  facet normal -0.331861287355423 0.8009466528892517 0.49834972620010376
    outer loop
      vertex 14.328659057617188 -3.61498761177063 89.50260162353516
      vertex 14.47088623046875 -4.307524681091309 90.71035766601562
      vertex 15.906744956970215 -3.3704028129577637 90.16038513183594
    endloop
  endfacet
  facet normal -0.5763583183288574 0.516693115234375 0.6331188082695007
    outer loop
      vertex 12.873201370239258 -4.903443336486816 89.69213104248047
      vertex 13.691596031188965 -4.400018692016602 90.02630615234375
      vertex 13.014426231384277 -4.036685466766357 89.11332702636719
    endloop
  endfacet
  facet normal -0.5189641714096069 0.48773884773254395 0.7019878625869751
    outer loop
      vertex 12.030802726745605 -4.579868316650391 88.76355743408203
      vertex 13.014426231384277 -4.036685466766357 89.11332702636719
      vertex 12.038174629211426 -3.6880295276641846 88.14936065673828
    endloop
  endfacet
  facet normal -0.2983746826648712 0.7601925730705261 0.5771305561065674
    outer loop
      vertex 13.014426231384277 -4.036685466766357 89.11332702636719
      vertex 13.478014945983887 -3.2565596103668213 88.32542419433594
      vertex 12.038174629211426 -3.6880295276641846 88.14936065673828
    endloop
  endfacet
  facet normal -0.5992745757102966 0.20349718630313873 0.7742472887039185
    outer loop
      vertex 12.030802726745605 -4.579868316650391 88.76355743408203
      vertex 11.026914596557617 -4.382260322570801 87.93460083007812
      vertex 11.286762237548828 -5.428450584411621 88.41069793701172
    endloop
  endfacet
  facet normal -0.20418795943260193 -0.9779927134513855 0.04286707937717438
    outer loop
      vertex 12.02933120727539 -8.529457092285156 85.87866973876953
      vertex 13.547823905944824 -8.832887649536133 86.18904876708984
      vertex 12.378360748291016 -8.557088851928711 86.9107894897461
    endloop
  endfacet
  facet normal 0.04091077297925949 -0.9919043779373169 -0.1202167347073555
    outer loop
      vertex 13.375298500061035 -8.646034240722656 84.58861541748047
      vertex 15.04714298248291 -8.642280578613281 85.1265869140625
      vertex 13.547823905944824 -8.832887649536133 86.18904876708984
    endloop
  endfacet
  facet normal 0.3006219267845154 -0.9174149036407471 -0.260722815990448
    outer loop
      vertex 14.959890365600586 -8.352117538452148 84.00497436523438
      vertex 16.662036895751953 -7.959687232971191 84.58674621582031
      vertex 15.04714298248291 -8.642280578613281 85.1265869140625
    endloop
  endfacet
  facet normal 0.2638095021247864 -0.8704339265823364 -0.4156312942504883
    outer loop
      vertex 15.470335006713867 -7.695971965789795 82.954833984375
      vertex 14.959890365600586 -8.352117538452148 84.00497436523438
      vertex 13.895403861999512 -8.270793914794922 83.15901184082031
    endloop
  endfacet
  facet normal 0.5167613625526428 -0.7431780099868774 -0.42502257227897644
    outer loop
      vertex 15.976922035217285 -6.768768787384033 81.94949340820312
      vertex 16.637250900268555 -6.899216175079346 82.9804458618164
      vertex 15.470335006713867 -7.695971965789795 82.954833984375
    endloop
  endfacet
  facet normal 0.847862958908081 -0.21106819808483124 -0.486393541097641
    outer loop
      vertex 17.676542282104492 -5.2829484939575195 83.46853637695312
      vertex 17.67845344543457 -6.81755256652832 84.13780212402344
      vertex 16.950489044189453 -5.973504543304443 82.50257110595703
    endloop
  endfacet
  facet normal 0.702992856502533 0.25564128160476685 -0.6636630892753601
    outer loop
      vertex 18.96084976196289 -5.013740539550781 85.35140991210938
      vertex 19.751848220825195 -4.593108177185059 86.35131072998047
      vertex 19.79363441467285 -5.945009231567383 85.87482452392578
    endloop
  endfacet
  facet normal -0.059909723699092865 0.997305154800415 0.04234817624092102
    outer loop
      vertex 17.2669677734375 -3.07774019241333 89.46292114257812
      vertex 17.33367156982422 -3.0241265296936035 88.294677734375
      vertex 15.815152168273926 -3.1449615955352783 88.99211883544922
    endloop
  endfacet
  facet normal -0.11150690913200378 0.9340090751647949 0.3394014835357666
    outer loop
      vertex 14.61778450012207 -3.2006101608276367 88.75187683105469
      vertex 15.815152168273926 -3.1449615955352783 88.99211883544922
      vertex 14.884588241577148 -2.844780206680298 87.86031341552734
    endloop
  endfacet
  facet normal -0.12965553998947144 0.8883784413337708 0.4404240846633911
    outer loop
      vertex 15.815152168273926 -3.1449615955352783 88.99211883544922
      vertex 14.61778450012207 -3.2006101608276367 88.75187683105469
      vertex 14.328659057617188 -3.61498761177063 89.50260162353516
    endloop
  endfacet
  facet normal -0.3965744376182556 0.7582712173461914 0.5174490213394165
    outer loop
      vertex 13.478014945983887 -3.2565596103668213 88.32542419433594
      vertex 13.014426231384277 -4.036685466766357 89.11332702636719
      vertex 14.328659057617188 -3.61498761177063 89.50260162353516
    endloop
  endfacet
  facet normal 0.03761514276266098 0.5964515209197998 0.8017672300338745
    outer loop
      vertex 12.544686317443848 -1.930797815322876 86.82955932617188
      vertex 13.68944263458252 -2.424642562866211 87.14323425292969
      vertex 13.64650821685791 -1.2173163890838623 86.2470932006836
    endloop
  endfacet
  facet normal 0.2630356252193451 0.33301419019699097 0.9054909944534302
    outer loop
      vertex 12.544686317443848 -1.930797815322876 86.82955932617188
      vertex 13.64650821685791 -1.2173163890838623 86.2470932006836
      vertex 12.33867073059082 -1.1568043231964111 86.60475158691406
    endloop
  endfacet
  facet normal 0.16468659043312073 0.3152901232242584 0.9345964193344116
    outer loop
      vertex 10.844759941101074 -1.7294721603393555 87.06118774414062
      vertex 12.544686317443848 -1.930797815322876 86.82955932617188
      vertex 12.33867073059082 -1.1568043231964111 86.60475158691406
    endloop
  endfacet
  facet normal 0.17519889771938324 0.5113955736160278 0.8412965536117554
    outer loop
      vertex 12.544686317443848 -1.930797815322876 86.82955932617188
      vertex 10.844759941101074 -1.7294721603393555 87.06118774414062
      vertex 12.122727394104004 -2.7908802032470703 87.44024658203125
    endloop
  endfacet
  facet normal -0.49256783723831177 0.496370404958725 0.7148380279541016
    outer loop
      vertex 11.026914596557617 -4.382260322570801 87.93460083007812
      vertex 12.030802726745605 -4.579868316650391 88.76355743408203
      vertex 12.038174629211426 -3.6880295276641846 88.14936065673828
    endloop
  endfacet
  facet normal -0.6397750973701477 -0.395483136177063 0.6589999794960022
    outer loop
      vertex 11.291903495788574 -7.245193958282471 87.81642150878906
      vertex 12.521862983703613 -7.432967185974121 88.89781188964844
      vertex 11.765083312988281 -6.430600643157959 88.76465606689453
    endloop
  endfacet
  facet normal -0.46472689509391785 -0.8752984404563904 0.1337222456932068
    outer loop
      vertex 12.02933120727539 -8.529457092285156 85.87866973876953
      vertex 12.378360748291016 -8.557088851928711 86.9107894897461
      vertex 11.398283004760742 -8.04669189453125 86.84558868408203
    endloop
  endfacet
  facet normal -0.3600585460662842 -0.9308118224143982 0.06282738596200943
    outer loop
      vertex 11.037038803100586 -8.182392120361328 84.067626953125
      vertex 10.825237274169922 -8.004215240478516 85.49356842041016
      vertex 9.785567283630371 -7.657467842102051 84.67250061035156
    endloop
  endfacet
  facet normal -0.301795095205307 -0.9348737001419067 0.18689842522144318
    outer loop
      vertex 11.037038803100586 -8.182392120361328 84.067626953125
      vertex 9.785567283630371 -7.657467842102051 84.67250061035156
      vertex 9.276422500610352 -7.681150436401367 83.73189544677734
    endloop
  endfacet
  facet normal -0.1731671541929245 -0.9846314787864685 -0.02267448790371418
    outer loop
      vertex 12.479379653930664 -8.423871994018555 83.53851318359375
      vertex 11.037038803100586 -8.182392120361328 84.067626953125
      vertex 10.894644737243652 -8.124799728393555 82.6541748046875
    endloop
  endfacet
  facet normal 0.19548548758029938 -0.9713898301124573 -0.13486036658287048
    outer loop
      vertex 12.948372840881348 -7.88153600692749 80.67964172363281
      vertex 14.00759220123291 -7.826401710510254 81.8178939819336
      vertex 12.71528148651123 -8.132102012634277 82.14657592773438
    endloop
  endfacet
  facet normal 0.12500426173210144 -0.9810981154441833 -0.14771786332130432
    outer loop
      vertex 11.465263366699219 -8.12856674194336 81.0652847290039
      vertex 12.948372840881348 -7.88153600692749 80.67964172363281
      vertex 12.71528148651123 -8.132102012634277 82.14657592773438
    endloop
  endfacet
  facet normal 0.04682634770870209 -0.9987188577651978 0.019184570759534836
    outer loop
      vertex 10.894644737243652 -8.124799728393555 82.6541748046875
      vertex 9.855762481689453 -8.199129104614258 81.32044219970703
      vertex 11.465263366699219 -8.12856674194336 81.0652847290039
    endloop
  endfacet
  facet normal 0.02395409718155861 -0.9573788642883301 0.2878403663635254
    outer loop
      vertex 9.855762481689453 -8.199129104614258 81.32044219970703
      vertex 8.416290283203125 -8.194657325744629 81.45510864257812
      vertex 8.778339385986328 -8.489606857299805 80.44395446777344
    endloop
  endfacet
  facet normal 0.3499835133552551 -0.93427973985672 0.0680653303861618
    outer loop
      vertex 13.509828567504883 -7.640492916107178 79.41835021972656
      vertex 12.403239250183105 -8.122474670410156 78.49250793457031
      vertex 13.445343017578125 -7.765425682067871 78.03507232666016
    endloop
  endfacet
  facet normal 0.5770402550697327 -0.8165228962898254 0.017745187506079674
    outer loop
      vertex 15.337284088134766 -6.68898344039917 76.33427429199219
      vertex 14.455127716064453 -7.29014778137207 77.35851287841797
      vertex 14.137762069702148 -7.539733409881592 76.19427490234375
    endloop
  endfacet
  facet normal 0.5739705562591553 -0.8187599182128906 0.01378833968192339
    outer loop
      vertex 15.374985694885254 -6.640429496765137 77.64802551269531
      vertex 14.455127716064453 -7.29014778137207 77.35851287841797
      vertex 15.337284088134766 -6.68898344039917 76.33427429199219
    endloop
  endfacet
  facet normal 0.7045528888702393 -0.7096260786056519 0.006007506977766752
    outer loop
      vertex 15.374985694885254 -6.640429496765137 77.64802551269531
      vertex 15.337284088134766 -6.68898344039917 76.33427429199219
      vertex 16.107431411743164 -5.91652774810791 77.25731658935547
    endloop
  endfacet
  facet normal 0.7275463938713074 -0.6852357983589172 -0.033588528633117676
    outer loop
      vertex 16.133289337158203 -5.821484565734863 75.87844848632812
      vertex 16.107431411743164 -5.91652774810791 77.25731658935547
      vertex 15.337284088134766 -6.68898344039917 76.33427429199219
    endloop
  endfacet
  facet normal 0.7257823348045349 -0.686782956123352 -0.039613477885723114
    outer loop
      vertex 16.133289337158203 -5.821484565734863 75.87844848632812
      vertex 15.337284088134766 -6.68898344039917 76.33427429199219
      vertex 15.604267120361328 -6.329629898071289 74.99568176269531
    endloop
  endfacet
  facet normal 0.8022055625915527 -0.5784757733345032 -0.14775680005550385
    outer loop
      vertex 16.13213348388672 -5.5411272048950195 74.7745590209961
      vertex 16.133289337158203 -5.821484565734863 75.87844848632812
      vertex 15.604267120361328 -6.329629898071289 74.99568176269531
    endloop
  endfacet
  facet normal 0.6947479844093323 -0.7172251343727112 -0.05397571623325348
    outer loop
      vertex 15.337284088134766 -6.68898344039917 76.33427429199219
      vertex 14.858129501342773 -7.07030725479126 75.23384094238281
      vertex 15.604267120361328 -6.329629898071289 74.99568176269531
    endloop
  endfacet
  facet normal 0.5476004481315613 -0.8273327350616455 -0.12511788308620453
    outer loop
      vertex 14.70576286315918 -6.986660003662109 74.01387023925781
      vertex 14.858129501342773 -7.07030725479126 75.23384094238281
      vertex 13.738800048828125 -7.767584800720215 74.94559478759766
    endloop
  endfacet
  facet normal 0.5687482953071594 -0.8170582056045532 -0.09455855190753937
    outer loop
      vertex 14.70576286315918 -6.986660003662109 74.01387023925781
      vertex 13.738800048828125 -7.767584800720215 74.94559478759766
      vertex 13.246315002441406 -7.954188823699951 73.59580993652344
    endloop
  endfacet
  facet normal 0.5756826400756836 -0.8170289993286133 0.03245232254266739
    outer loop
      vertex 15.337284088134766 -6.68898344039917 76.33427429199219
      vertex 14.137762069702148 -7.539733409881592 76.19427490234375
      vertex 14.858129501342773 -7.07030725479126 75.23384094238281
    endloop
  endfacet
  facet normal 0.531512975692749 -0.8469123244285583 -0.015282814390957355
    outer loop
      vertex 14.137762069702148 -7.539733409881592 76.19427490234375
      vertex 13.738800048828125 -7.767584800720215 74.94559478759766
      vertex 14.858129501342773 -7.07030725479126 75.23384094238281
    endloop
  endfacet
  facet normal 0.731360137462616 -0.6372987627983093 -0.2428223043680191
    outer loop
      vertex 14.70576286315918 -6.986660003662109 74.01387023925781
      vertex 15.697244644165039 -5.775066375732422 73.82024383544922
      vertex 15.604267120361328 -6.329629898071289 74.99568176269531
    endloop
  endfacet
  facet normal 0.968810498714447 -0.15253368020057678 -0.1952938437461853
    outer loop
      vertex 16.503692626953125 -4.987776756286621 75.46891021728516
      vertex 16.62238311767578 -4.004748821258545 75.2899169921875
      vertex 16.798221588134766 -4.347399711608887 76.42984008789062
    endloop
  endfacet
  facet normal 0.9598415493965149 -0.15809030830860138 -0.23175813257694244
    outer loop
      vertex 16.503692626953125 -4.987776756286621 75.46891021728516
      vertex 16.22178077697754 -4.701104164123535 74.10580444335938
      vertex 16.62238311767578 -4.004748821258545 75.2899169921875
    endloop
  endfacet
  facet normal 0.9618490934371948 0.11112122982740402 -0.2499968409538269
    outer loop
      vertex 16.62238311767578 -4.004748821258545 75.2899169921875
      vertex 16.362808227539062 -3.6170125007629395 74.46356201171875
      vertex 16.512107849121094 -3.087554693222046 75.27332305908203
    endloop
  endfacet
  facet normal 0.9885587096214294 0.005880901124328375 -0.15072205662727356
    outer loop
      vertex 16.62238311767578 -4.004748821258545 75.2899169921875
      vertex 16.761455535888672 -3.2463560104370117 76.23165893554688
      vertex 16.798221588134766 -4.347399711608887 76.42984008789062
    endloop
  endfacet
  facet normal 0.9531895518302917 -0.2844318449497223 -0.10260714590549469
    outer loop
      vertex 16.798221588134766 -4.347399711608887 76.42984008789062
      vertex 16.546737670898438 -5.2427778244018555 76.5756607055664
      vertex 16.503692626953125 -4.987776756286621 75.46891021728516
    endloop
  endfacet
  facet normal 0.8775950074195862 -0.4585696756839752 -0.13978928327560425
    outer loop
      vertex 16.546737670898438 -5.2427778244018555 76.5756607055664
      vertex 16.133289337158203 -5.821484565734863 75.87844848632812
      vertex 16.503692626953125 -4.987776756286621 75.46891021728516
    endloop
  endfacet
  facet normal 0.7718944549560547 -0.635053813457489 0.02976035326719284
    outer loop
      vertex 15.816435813903809 -6.204835891723633 78.6526870727539
      vertex 16.107431411743164 -5.91652774810791 77.25731658935547
      vertex 16.455448150634766 -5.432134628295898 78.56723022460938
    endloop
  endfacet
  facet normal 0.9953172206878662 0.06223085895180702 -0.07396519184112549
    outer loop
      vertex 17.05649757385254 -3.4779601097106934 78.46487426757812
      vertex 16.968168258666992 -2.589056968688965 78.0241470336914
      vertex 17.04105567932129 -2.4113810062408447 79.15444946289062
    endloop
  endfacet
  facet normal 0.9935051202774048 0.07157433778047562 -0.08845748752355576
    outer loop
      vertex 17.05649757385254 -3.4779601097106934 78.46487426757812
      vertex 17.04105567932129 -2.4113810062408447 79.15444946289062
      vertex 17.14365577697754 -3.4548211097717285 79.46250915527344
    endloop
  endfacet
  facet normal 0.9768489003181458 -0.19810612499713898 -0.08074739575386047
    outer loop
      vertex 17.05649757385254 -3.4779601097106934 78.46487426757812
      vertex 17.14365577697754 -3.4548211097717285 79.46250915527344
      vertex 16.910215377807617 -4.494016647338867 79.1880111694336
    endloop
  endfacet
  facet normal 0.8981482982635498 -0.43964576721191406 0.0064292955212295055
    outer loop
      vertex 16.910215377807617 -4.494016647338867 79.1880111694336
      vertex 16.381683349609375 -5.566201210021973 79.7042007446289
      vertex 16.455448150634766 -5.432134628295898 78.56723022460938
    endloop
  endfacet
  facet normal 0.874618411064148 -0.47583943605422974 -0.09284152090549469
    outer loop
      vertex 16.88559341430664 -4.8040571212768555 80.54510498046875
      vertex 16.381683349609375 -5.566201210021973 79.7042007446289
      vertex 16.910215377807617 -4.494016647338867 79.1880111694336
    endloop
  endfacet
  facet normal 0.8786648511886597 -0.4659162759780884 -0.10426003485918045
    outer loop
      vertex 16.401456832885742 -5.832591533660889 81.06128692626953
      vertex 16.381683349609375 -5.566201210021973 79.7042007446289
      vertex 16.88559341430664 -4.8040571212768555 80.54510498046875
    endloop
  endfacet
  facet normal 0.7286579012870789 -0.6699679493904114 -0.1421288251876831
    outer loop
      vertex 15.640085220336914 -6.405906677246094 79.86042785644531
      vertex 16.381683349609375 -5.566201210021973 79.7042007446289
      vertex 16.401456832885742 -5.832591533660889 81.06128692626953
    endloop
  endfacet
  facet normal 0.7689897418022156 -0.638755202293396 -0.025428406894207
    outer loop
      vertex 16.381683349609375 -5.566201210021973 79.7042007446289
      vertex 15.816435813903809 -6.204835891723633 78.6526870727539
      vertex 16.455448150634766 -5.432134628295898 78.56723022460938
    endloop
  endfacet
  facet normal 0.7494631409645081 -0.6620455980300903 -0.000786394695751369
    outer loop
      vertex 16.381683349609375 -5.566201210021973 79.7042007446289
      vertex 15.640085220336914 -6.405906677246094 79.86042785644531
      vertex 15.816435813903809 -6.204835891723633 78.6526870727539
    endloop
  endfacet
  facet normal 0.8700309991836548 -0.47527313232421875 -0.13100218772888184
    outer loop
      vertex 17.118141174316406 -4.776839733123779 81.99079132080078
      vertex 16.401456832885742 -5.832591533660889 81.06128692626953
      vertex 16.88559341430664 -4.8040571212768555 80.54510498046875
    endloop
  endfacet
  facet normal 0.9743744730949402 -0.16428273916244507 -0.15364137291908264
    outer loop
      vertex 16.88559341430664 -4.8040571212768555 80.54510498046875
      vertex 17.14447784423828 -3.888070583343506 81.20748901367188
      vertex 17.118141174316406 -4.776839733123779 81.99079132080078
    endloop
  endfacet
  facet normal 0.9053242802619934 -0.424137145280838 -0.022264093160629272
    outer loop
      vertex 16.910215377807617 -4.494016647338867 79.1880111694336
      vertex 16.455448150634766 -5.432134628295898 78.56723022460938
      vertex 16.766704559326172 -4.72397518157959 77.73320770263672
    endloop
  endfacet
  facet normal 0.6110150814056396 -0.7882208824157715 0.07326976209878922
    outer loop
      vertex 15.816435813903809 -6.204835891723633 78.6526870727539
      vertex 14.764212608337402 -7.0125813484191895 78.73788452148438
      vertex 15.374985694885254 -6.640429496765137 77.64802551269531
    endloop
  endfacet
  facet normal 0.45945894718170166 -0.8803066611289978 -0.11814213544130325
    outer loop
      vertex 14.776379585266113 -7.076311111450195 80.14015197753906
      vertex 14.033804893493652 -7.533362865447998 80.6578598022461
      vertex 13.509828567504883 -7.640492916107178 79.41835021972656
    endloop
  endfacet
  facet normal 0.7220226526260376 -0.6788298487663269 -0.13369107246398926
    outer loop
      vertex 16.401456832885742 -5.832591533660889 81.06128692626953
      vertex 15.589550018310547 -6.661019802093506 80.88286590576172
      vertex 15.640085220336914 -6.405906677246094 79.86042785644531
    endloop
  endfacet
  facet normal 0.698976993560791 -0.5003082752227783 -0.5110018253326416
    outer loop
      vertex 16.950489044189453 -5.973504543304443 82.50257110595703
      vertex 16.637250900268555 -6.899216175079346 82.9804458618164
      vertex 15.976922035217285 -6.768768787384033 81.94949340820312
    endloop
  endfacet
  facet normal 0.8874870538711548 -0.28065574169158936 -0.3655122220516205
    outer loop
      vertex 17.118141174316406 -4.776839733123779 81.99079132080078
      vertex 16.950489044189453 -5.973504543304443 82.50257110595703
      vertex 16.401456832885742 -5.832591533660889 81.06128692626953
    endloop
  endfacet
  facet normal 0.9981708526611328 -0.053830478340387344 -0.02751731127500534
    outer loop
      vertex 17.118141174316406 -4.776839733123779 81.99079132080078
      vertex 17.14447784423828 -3.888070583343506 81.20748901367188
      vertex 17.19647789001465 -3.574373722076416 82.48008728027344
    endloop
  endfacet
  facet normal 0.9416181445121765 0.11531247943639755 -0.3163197636604309
    outer loop
      vertex 17.676542282104492 -5.2829484939575195 83.46853637695312
      vertex 17.118141174316406 -4.776839733123779 81.99079132080078
      vertex 17.479156494140625 -4.275847434997559 83.24809265136719
    endloop
  endfacet
  facet normal 0.8445339202880859 0.43932777643203735 -0.3061920702457428
    outer loop
      vertex 18.05112648010254 -4.605432510375977 84.35279846191406
      vertex 17.479156494140625 -4.275847434997559 83.24809265136719
      vertex 17.29056167602539 -3.4106669425964355 83.96928405761719
    endloop
  endfacet
  facet normal 0.8946890830993652 0.0791243389248848 -0.43962574005126953
    outer loop
      vertex 17.479156494140625 -4.275847434997559 83.24809265136719
      vertex 18.05112648010254 -4.605432510375977 84.35279846191406
      vertex 17.676542282104492 -5.2829484939575195 83.46853637695312
    endloop
  endfacet
  facet normal 0.7145592570304871 0.5570628643035889 -0.4231855869293213
    outer loop
      vertex 18.05112648010254 -4.605432510375977 84.35279846191406
      vertex 18.176115036010742 -3.881237506866455 85.51714324951172
      vertex 18.96084976196289 -5.013740539550781 85.35140991210938
    endloop
  endfacet
  facet normal 0.5487084984779358 0.7232838273048401 -0.419260710477829
    outer loop
      vertex 18.176115036010742 -3.881237506866455 85.51714324951172
      vertex 18.915470123291016 -3.6124773025512695 86.94842529296875
      vertex 19.751848220825195 -4.593108177185059 86.35131072998047
    endloop
  endfacet
  facet normal 0.32868877053260803 0.923191249370575 -0.19920235872268677
    outer loop
      vertex 18.336925506591797 -3.209831953048706 87.85984802246094
      vertex 18.915470123291016 -3.6124773025512695 86.94842529296875
      vertex 17.49907684326172 -3.148538827896118 86.76143646240234
    endloop
  endfacet
  facet normal 0.21145404875278473 0.9365638494491577 -0.2795272469520569
    outer loop
      vertex 18.915470123291016 -3.6124773025512695 86.94842529296875
      vertex 18.336925506591797 -3.209831953048706 87.85984802246094
      vertex 19.38619041442871 -3.357722759246826 88.15807342529297
    endloop
  endfacet
  facet normal 0.15506680309772491 0.9858759045600891 -0.06326872110366821
    outer loop
      vertex 17.33367156982422 -3.0241265296936035 88.294677734375
      vertex 18.336925506591797 -3.209831953048706 87.85984802246094
      vertex 17.49907684326172 -3.148538827896118 86.76143646240234
    endloop
  endfacet
  facet normal 0.6064294576644897 0.7841423749923706 -0.1317729353904724
    outer loop
      vertex 17.49907684326172 -3.148538827896118 86.76143646240234
      vertex 18.176115036010742 -3.881237506866455 85.51714324951172
      vertex 16.919401168823242 -2.9280800819396973 85.40560913085938
    endloop
  endfacet
  facet normal 0.6068359017372131 0.7874866724014282 -0.10777309536933899
    outer loop
      vertex 17.29056167602539 -3.4106669425964355 83.96928405761719
      vertex 16.919401168823242 -2.9280800819396973 85.40560913085938
      vertex 18.176115036010742 -3.881237506866455 85.51714324951172
    endloop
  endfacet
  facet normal 0.38590511679649353 0.9224163889884949 -0.015005644410848618
    outer loop
      vertex 16.364809036254883 -2.6806442737579346 86.35317993164062
      vertex 17.49907684326172 -3.148538827896118 86.76143646240234
      vertex 16.919401168823242 -2.9280800819396973 85.40560913085938
    endloop
  endfacet
  facet normal 0.36409518122673035 0.9181162118911743 0.15651580691337585
    outer loop
      vertex 16.313793182373047 -2.8547439575195312 87.49311828613281
      vertex 16.364809036254883 -2.6806442737579346 86.35317993164062
      vertex 15.135133743286133 -2.22452712059021 86.53814697265625
    endloop
  endfacet
  facet normal 0.6213949918746948 0.7662250995635986 0.16360707581043243
    outer loop
      vertex 16.364809036254883 -2.6806442737579346 86.35317993164062
      vertex 16.919401168823242 -2.9280800819396973 85.40560913085938
      vertex 15.887490272521973 -2.1036319732666016 85.4637451171875
    endloop
  endfacet
  facet normal -0.1662963479757309 0.931955873966217 0.32218608260154724
    outer loop
      vertex 14.884588241577148 -2.844780206680298 87.86031341552734
      vertex 13.478014945983887 -3.2565596103668213 88.32542419433594
      vertex 14.61778450012207 -3.2006101608276367 88.75187683105469
    endloop
  endfacet
  facet normal 0.37158888578414917 0.8571564555168152 0.3566574156284332
    outer loop
      vertex 16.364809036254883 -2.6806442737579346 86.35317993164062
      vertex 15.887490272521973 -2.1036319732666016 85.4637451171875
      vertex 15.135133743286133 -2.22452712059021 86.53814697265625
    endloop
  endfacet
  facet normal 0.6181233525276184 0.7593291997909546 0.20332933962345123
    outer loop
      vertex 16.501895904541016 -2.3022470474243164 84.3376693725586
      vertex 15.887490272521973 -2.1036319732666016 85.4637451171875
      vertex 16.919401168823242 -2.9280800819396973 85.40560913085938
    endloop
  endfacet
  facet normal 0.27816715836524963 0.03928641974925995 0.9597289562225342
    outer loop
      vertex 10.844759941101074 -1.7294721603393555 87.06118774414062
      vertex 12.33867073059082 -1.1568043231964111 86.60475158691406
      vertex 12.246658325195312 -0.005443572998046875 86.58428955078125
    endloop
  endfacet
  facet normal 0.339123010635376 -0.015567698515951633 0.9406132698059082
    outer loop
      vertex 10.27727222442627 -0.18481314182281494 87.29135131835938
      vertex 10.844759941101074 -1.7294721603393555 87.06118774414062
      vertex 12.246658325195312 -0.005443572998046875 86.58428955078125
    endloop
  endfacet
  facet normal 0.2749768793582916 -0.23021361231803894 0.9334824681282043
    outer loop
      vertex 9.628755569458008 1.419189691543579 87.83257293701172
      vertex 8.915520668029785 0.5083694458007812 87.81804656982422
      vertex 10.230389595031738 0.8736040592193604 87.52079772949219
    endloop
  endfacet
  facet normal 0.2670222222805023 -0.19285738468170166 0.9441955089569092
    outer loop
      vertex 10.27727222442627 -0.18481314182281494 87.29135131835938
      vertex 10.230389595031738 0.8736040592193604 87.52079772949219
      vertex 8.915520668029785 0.5083694458007812 87.81804656982422
    endloop
  endfacet
  facet normal 0.24207265675067902 -0.23896431922912598 0.9403706192970276
    outer loop
      vertex 10.27727222442627 -0.18481314182281494 87.29135131835938
      vertex 8.915520668029785 0.5083694458007812 87.81804656982422
      vertex 8.764627456665039 -0.870060920715332 87.50660705566406
    endloop
  endfacet
  facet normal 0.04821342974901199 -0.30792608857154846 0.9501879215240479
    outer loop
      vertex 7.333410739898682 -1.0460240840911865 87.65711212158203
      vertex 6.024696350097656 -1.1672890186309814 87.68421936035156
      vertex 6.781734943389893 -1.8965224027633667 87.40948486328125
    endloop
  endfacet
  facet normal -0.004556920845061541 -0.3566896319389343 0.9342118501663208
    outer loop
      vertex 6.024696350097656 -1.1672890186309814 87.68421936035156
      vertex 5.458657264709473 -2.2779459953308105 87.25740051269531
      vertex 6.781734943389893 -1.8965224027633667 87.40948486328125
    endloop
  endfacet
  facet normal -0.04233187809586525 -0.3395253121852875 0.9396438002586365
    outer loop
      vertex 4.689606189727783 -1.2231241464614868 87.60389709472656
      vertex 5.458657264709473 -2.2779459953308105 87.25740051269531
      vertex 6.024696350097656 -1.1672890186309814 87.68421936035156
    endloop
  endfacet
  facet normal 0.09834910929203033 -0.27918362617492676 0.955187976360321
    outer loop
      vertex 7.780043601989746 -0.10536468029022217 87.88606262207031
      vertex 6.559397220611572 -0.0655663013458252 88.02337646484375
      vertex 7.333410739898682 -1.0460240840911865 87.65711212158203
    endloop
  endfacet
  facet normal 0.09924781322479248 -0.26510798931121826 0.9590973854064941
    outer loop
      vertex 7.122439861297607 1.167571783065796 88.30596923828125
      vertex 6.559397220611572 -0.0655663013458252 88.02337646484375
      vertex 7.780043601989746 -0.10536468029022217 87.88606262207031
    endloop
  endfacet
  facet normal 0.17841170728206635 -0.22389701008796692 0.9581437110900879
    outer loop
      vertex 8.915520668029785 0.5083694458007812 87.81804656982422
      vertex 7.122439861297607 1.167571783065796 88.30596923828125
      vertex 7.780043601989746 -0.10536468029022217 87.88606262207031
    endloop
  endfacet
  facet normal 0.18459178507328033 -0.23577739298343658 0.9541147351264954
    outer loop
      vertex 7.780043601989746 -0.10536468029022217 87.88606262207031
      vertex 8.764627456665039 -0.870060920715332 87.50660705566406
      vertex 8.915520668029785 0.5083694458007812 87.81804656982422
    endloop
  endfacet
  facet normal 0.05620527267456055 -0.24733448028564453 0.9672986268997192
    outer loop
      vertex 5.715813636779785 0.8612916469573975 88.30938720703125
      vertex 6.559397220611572 -0.0655663013458252 88.02337646484375
      vertex 7.122439861297607 1.167571783065796 88.30596923828125
    endloop
  endfacet
  facet normal 0.1803308129310608 -0.2793657183647156 0.9430989623069763
    outer loop
      vertex 7.687600612640381 2.188408374786377 88.50029754638672
      vertex 7.122439861297607 1.167571783065796 88.30596923828125
      vertex 8.601715087890625 1.6630141735076904 88.16987609863281
    endloop
  endfacet
  facet normal 0.3504965603351593 -0.1424681693315506 0.9256646037101746
    outer loop
      vertex 9.628755569458008 1.419189691543579 87.83257293701172
      vertex 10.230389595031738 0.8736040592193604 87.52079772949219
      vertex 10.697330474853516 1.8343877792358398 87.49186706542969
    endloop
  endfacet
  facet normal 0.35321420431137085 -0.15148793160915375 0.9231961369514465
    outer loop
      vertex 10.697330474853516 1.8343877792358398 87.49186706542969
      vertex 9.706207275390625 2.4634227752685547 87.97428894042969
      vertex 9.628755569458008 1.419189691543579 87.83257293701172
    endloop
  endfacet
  facet normal 0.39817798137664795 -0.07384315133094788 0.9143311381340027
    outer loop
      vertex 9.706207275390625 2.4634227752685547 87.97428894042969
      vertex 10.697330474853516 1.8343877792358398 87.49186706542969
      vertex 10.918535232543945 2.983337879180908 87.48832702636719
    endloop
  endfacet
  facet normal 0.24724560976028442 -0.21154719591140747 0.9455778002738953
    outer loop
      vertex 8.53886890411377 2.845308303833008 88.42467498779297
      vertex 7.437314987182617 2.992676258087158 88.74567413330078
      vertex 7.687600612640381 2.188408374786377 88.50029754638672
    endloop
  endfacet
  facet normal 0.11934664100408554 -0.25556516647338867 0.9593971371650696
    outer loop
      vertex 6.509408950805664 2.5779690742492676 88.7506332397461
      vertex 7.687600612640381 2.188408374786377 88.50029754638672
      vertex 7.437314987182617 2.992676258087158 88.74567413330078
    endloop
  endfacet
  facet normal 0.3444250226020813 -0.15968959033489227 0.9251327514648438
    outer loop
      vertex 8.53886890411377 2.845308303833008 88.42467498779297
      vertex 9.722826957702637 3.851757526397705 88.1576156616211
      vertex 7.918481349945068 3.7841691970825195 88.81770324707031
    endloop
  endfacet
  facet normal 0.3203474283218384 -0.12778064608573914 0.9386423826217651
    outer loop
      vertex 8.53886890411377 2.845308303833008 88.42467498779297
      vertex 9.706207275390625 2.4634227752685547 87.97428894042969
      vertex 9.722826957702637 3.851757526397705 88.1576156616211
    endloop
  endfacet
  facet normal 0.4145612120628357 -0.1240081861615181 0.9015325307846069
    outer loop
      vertex 9.722826957702637 3.851757526397705 88.1576156616211
      vertex 9.706207275390625 2.4634227752685547 87.97428894042969
      vertex 10.918535232543945 2.983337879180908 87.48832702636719
    endloop
  endfacet
  facet normal 0.47146251797676086 -0.030124042183160782 0.8813715577125549
    outer loop
      vertex 9.722826957702637 3.851757526397705 88.1576156616211
      vertex 10.918535232543945 2.983337879180908 87.48832702636719
      vertex 11.122790336608887 3.8951802253723145 87.41023254394531
    endloop
  endfacet
  facet normal 0.3002398610115051 -0.1856774389743805 0.9356174468994141
    outer loop
      vertex 8.601715087890625 1.6630141735076904 88.16987609863281
      vertex 9.706207275390625 2.4634227752685547 87.97428894042969
      vertex 8.53886890411377 2.845308303833008 88.42467498779297
    endloop
  endfacet
  facet normal 0.374512255191803 -0.1544831246137619 0.9142622947692871
    outer loop
      vertex 10.230389595031738 0.8736040592193604 87.52079772949219
      vertex 11.392912864685059 1.0796594619750977 87.07940673828125
      vertex 10.697330474853516 1.8343877792358398 87.49186706542969
    endloop
  endfacet
  facet normal 0.462496280670166 -0.04024938866496086 0.8857070803642273
    outer loop
      vertex 11.392912864685059 1.0796594619750977 87.07940673828125
      vertex 12.246658325195312 -0.005443572998046875 86.58428955078125
      vertex 12.621041297912598 1.5449788570404053 86.4592514038086
    endloop
  endfacet
  facet normal 0.4841838479042053 -0.04645206406712532 0.873732328414917
    outer loop
      vertex 13.232752799987793 0.917327880859375 86.08689880371094
      vertex 12.621041297912598 1.5449788570404053 86.4592514038086
      vertex 12.246658325195312 -0.005443572998046875 86.58428955078125
    endloop
  endfacet
  facet normal 0.604239821434021 0.12174372375011444 0.787446916103363
    outer loop
      vertex 12.621041297912598 1.5449788570404053 86.4592514038086
      vertex 13.232752799987793 0.917327880859375 86.08689880371094
      vertex 13.937920570373535 1.6188733577728271 85.43733215332031
    endloop
  endfacet
  facet normal 0.4913095533847809 -0.0565376952290535 0.8691481351852417
    outer loop
      vertex 14.190074920654297 0.0477597713470459 85.48918151855469
      vertex 13.232752799987793 0.917327880859375 86.08689880371094
      vertex 12.246658325195312 -0.005443572998046875 86.58428955078125
    endloop
  endfacet
  facet normal 0.34616443514823914 -0.15019620954990387 0.9260730147361755
    outer loop
      vertex 12.246658325195312 -0.005443572998046875 86.58428955078125
      vertex 11.392912864685059 1.0796594619750977 87.07940673828125
      vertex 10.27727222442627 -0.18481314182281494 87.29135131835938
    endloop
  endfacet
  facet normal 0.3769088089466095 -0.1802605837583542 0.9085404872894287
    outer loop
      vertex 10.230389595031738 0.8736040592193604 87.52079772949219
      vertex 10.27727222442627 -0.18481314182281494 87.29135131835938
      vertex 11.392912864685059 1.0796594619750977 87.07940673828125
    endloop
  endfacet
  facet normal 0.4599152207374573 -0.06028083339333534 0.8859144449234009
    outer loop
      vertex 10.697330474853516 1.8343877792358398 87.49186706542969
      vertex 11.392912864685059 1.0796594619750977 87.07940673828125
      vertex 11.985594749450684 2.358334541320801 86.85872650146484
    endloop
  endfacet
  facet normal 0.4694892466068268 -0.06565401703119278 0.8804938793182373
    outer loop
      vertex 11.392912864685059 1.0796594619750977 87.07940673828125
      vertex 12.621041297912598 1.5449788570404053 86.4592514038086
      vertex 11.985594749450684 2.358334541320801 86.85872650146484
    endloop
  endfacet
  facet normal 0.2763449549674988 -0.14934055507183075 0.9493845105171204
    outer loop
      vertex 9.706207275390625 2.4634227752685547 87.97428894042969
      vertex 8.601715087890625 1.6630141735076904 88.16987609863281
      vertex 9.628755569458008 1.419189691543579 87.83257293701172
    endloop
  endfacet
  facet normal 0.2335677295923233 -0.1929677277803421 0.9530003070831299
    outer loop
      vertex 7.687600612640381 2.188408374786377 88.50029754638672
      vertex 8.601715087890625 1.6630141735076904 88.16987609863281
      vertex 8.53886890411377 2.845308303833008 88.42467498779297
    endloop
  endfacet
  facet normal 0.16979005932807922 -0.24473193287849426 0.954608678817749
    outer loop
      vertex 7.122439861297607 1.167571783065796 88.30596923828125
      vertex 8.915520668029785 0.5083694458007812 87.81804656982422
      vertex 8.601715087890625 1.6630141735076904 88.16987609863281
    endloop
  endfacet
  facet normal 0.13569919764995575 -0.29466143250465393 0.9459177851676941
    outer loop
      vertex 7.333410739898682 -1.0460240840911865 87.65711212158203
      vertex 8.764627456665039 -0.870060920715332 87.50660705566406
      vertex 7.780043601989746 -0.10536468029022217 87.88606262207031
    endloop
  endfacet
  facet normal 0.19424651563167572 -0.12307795882225037 0.9732009768486023
    outer loop
      vertex 10.27727222442627 -0.18481314182281494 87.29135131835938
      vertex 8.764627456665039 -0.870060920715332 87.50660705566406
      vertex 9.773604393005371 -1.135365605354309 87.27166748046875
    endloop
  endfacet
  facet normal 0.2577488124370575 -0.21685169637203217 0.9415629506111145
    outer loop
      vertex 9.628755569458008 1.419189691543579 87.83257293701172
      vertex 8.601715087890625 1.6630141735076904 88.16987609863281
      vertex 8.915520668029785 0.5083694458007812 87.81804656982422
    endloop
  endfacet
  facet normal 0.14090882241725922 -0.09506957978010178 0.9854474067687988
    outer loop
      vertex 9.773604393005371 -1.135365605354309 87.27166748046875
      vertex 10.844759941101074 -1.7294721603393555 87.06118774414062
      vertex 10.27727222442627 -0.18481314182281494 87.29135131835938
    endloop
  endfacet
  facet normal 0.4618251919746399 0.30134597420692444 0.8342111706733704
    outer loop
      vertex 12.246658325195312 -0.005443572998046875 86.58428955078125
      vertex 13.64650821685791 -1.2173163890838623 86.2470932006836
      vertex 14.190074920654297 0.0477597713470459 85.48918151855469
    endloop
  endfacet
  facet normal 0.26524245738983154 0.038319122046232224 0.9634199738502502
    outer loop
      vertex 12.33867073059082 -1.1568043231964111 86.60475158691406
      vertex 13.64650821685791 -1.2173163890838623 86.2470932006836
      vertex 12.246658325195312 -0.005443572998046875 86.58428955078125
    endloop
  endfacet
  facet normal 0.4707421660423279 0.29572945833206177 0.8312315344810486
    outer loop
      vertex 13.64650821685791 -1.2173163890838623 86.2470932006836
      vertex 14.9053316116333 -1.255737543106079 85.54786682128906
      vertex 14.190074920654297 0.0477597713470459 85.48918151855469
    endloop
  endfacet
  facet normal 0.6034968495368958 0.12285779416561127 0.7878435850143433
    outer loop
      vertex 13.937920570373535 1.6188733577728271 85.43733215332031
      vertex 13.232752799987793 0.917327880859375 86.08689880371094
      vertex 14.190074920654297 0.0477597713470459 85.48918151855469
    endloop
  endfacet
  facet normal 0.7300875186920166 0.23884642124176025 0.6402535438537598
    outer loop
      vertex 14.069358825683594 2.6745524406433105 84.89363098144531
      vertex 13.142085075378418 2.8492660522460938 85.88583374023438
      vertex 13.937920570373535 1.6188733577728271 85.43733215332031
    endloop
  endfacet
  facet normal 0.6901374459266663 0.4516410231590271 0.5654474496841431
    outer loop
      vertex 13.588849067687988 3.7260403633117676 84.64024353027344
      vertex 13.142085075378418 2.8492660522460938 85.88583374023438
      vertex 14.069358825683594 2.6745524406433105 84.89363098144531
    endloop
  endfacet
  facet normal 0.5300183296203613 0.05229528248310089 0.8463721871376038
    outer loop
      vertex 12.155458450317383 3.5099525451660156 86.68119812011719
      vertex 10.918535232543945 2.983337879180908 87.48832702636719
      vertex 11.985594749450684 2.358334541320801 86.85872650146484
    endloop
  endfacet
  facet normal 0.4677809178829193 -0.08735088258981705 0.8795174956321716
    outer loop
      vertex 10.697330474853516 1.8343877792358398 87.49186706542969
      vertex 11.985594749450684 2.358334541320801 86.85872650146484
      vertex 10.918535232543945 2.983337879180908 87.48832702636719
    endloop
  endfacet
  facet normal 0.46977826952934265 -0.13782398402690887 0.8719592690467834
    outer loop
      vertex 10.895004272460938 4.605424880981445 87.64521789550781
      vertex 9.722826957702637 3.851757526397705 88.1576156616211
      vertex 11.122790336608887 3.8951802253723145 87.41023254394531
    endloop
  endfacet
  facet normal 0.21531188488006592 -0.21752971410751343 0.9520092606544495
    outer loop
      vertex 6.731965065002441 3.477415084838867 89.01596069335938
      vertex 7.437314987182617 2.992676258087158 88.74567413330078
      vertex 7.918481349945068 3.7841691970825195 88.81770324707031
    endloop
  endfacet
  facet normal -0.318064421415329 -0.16537687182426453 0.9335339665412903
    outer loop
      vertex 3.866860866546631 -0.11433446407318115 87.77391052246094
      vertex 2.8005802631378174 1.1904034614562988 87.64175415039062
      vertex 2.3963897228240967 -0.30057191848754883 87.23991394042969
    endloop
  endfacet
  facet normal -0.38451331853866577 -0.24443547427654266 0.8901689648628235
    outer loop
      vertex 3.80086612701416 1.875244379043579 88.26188659667969
      vertex 3.0127549171447754 2.4129996299743652 88.06912231445312
      vertex 2.8005802631378174 1.1904034614562988 87.64175415039062
    endloop
  endfacet
  facet normal -0.18728481233119965 -0.2169003039598465 0.9580599069595337
    outer loop
      vertex 4.445233345031738 0.9910306930541992 88.18766784667969
      vertex 5.226624011993408 2.050166606903076 88.5802001953125
      vertex 3.80086612701416 1.875244379043579 88.26188659667969
    endloop
  endfacet
  facet normal -0.1054270789027214 -0.26069384813308716 0.9596478343009949
    outer loop
      vertex 4.051662921905518 3.010019302368164 88.71186828613281
      vertex 5.226624011993408 2.050166606903076 88.5802001953125
      vertex 5.557855606079102 3.330451011657715 88.96438598632812
    endloop
  endfacet
  facet normal -0.39429646730422974 -0.26212960481643677 0.8808055520057678
    outer loop
      vertex 3.80086612701416 1.875244379043579 88.26188659667969
      vertex 4.051662921905518 3.010019302368164 88.71186828613281
      vertex 3.0127549171447754 2.4129996299743652 88.06912231445312
    endloop
  endfacet
  facet normal -0.5139555335044861 -0.0905732735991478 0.8530219197273254
    outer loop
      vertex 2.3963897228240967 -0.30057191848754883 87.23991394042969
      vertex 2.8005802631378174 1.1904034614562988 87.64175415039062
      vertex 1.508593201637268 0.7737452983856201 86.81907653808594
    endloop
  endfacet
  facet normal -0.47196269035339355 -0.04512171447277069 0.8804630637168884
    outer loop
      vertex 2.3963897228240967 -0.30057191848754883 87.23991394042969
      vertex 1.508593201637268 0.7737452983856201 86.81907653808594
      vertex 1.237932562828064 -0.2995476722717285 86.61898803710938
    endloop
  endfacet
  facet normal -0.6299208998680115 -0.053351931273937225 0.7748246788978577
    outer loop
      vertex 1.508593201637268 0.7737452983856201 86.81907653808594
      vertex 1.7027664184570312 1.6210381984710693 87.0352783203125
      vertex 0.8890814781188965 1.8806357383728027 86.39163970947266
    endloop
  endfacet
  facet normal -0.6398378610610962 -0.12578998506069183 0.7581453323364258
    outer loop
      vertex 1.7027664184570312 1.6210381984710693 87.0352783203125
      vertex 1.8704748153686523 2.594973087310791 87.33840942382812
      vertex 0.8890814781188965 1.8806357383728027 86.39163970947266
    endloop
  endfacet
  facet normal -0.6824625730514526 -0.24166956543922424 0.6898120641708374
    outer loop
      vertex 1.8704748153686523 2.594973087310791 87.33840942382812
      vertex 1.7785104513168335 3.749211311340332 87.65180206298828
      vertex 0.7854714393615723 3.6346607208251953 86.62921142578125
    endloop
  endfacet
  facet normal -0.8185296654701233 -0.09387561678886414 0.5667420029640198
    outer loop
      vertex 0.7854714393615723 3.6346607208251953 86.62921142578125
      vertex -0.09337687492370605 3.9663920402526855 85.41486358642578
      vertex 0.3064209222793579 2.805030345916748 85.79991149902344
    endloop
  endfacet
  facet normal -0.07216724008321762 0.9298000931739807 0.3609206974506378
    outer loop
      vertex 1.1414034366607666 4.687413692474365 87.31050872802734
      vertex 2.244866132736206 5.317662715911865 85.90750885009766
      vertex -0.17628121376037598 5.0917649269104 86.0053482055664
    endloop
  endfacet
  facet normal -0.7491325736045837 -0.04933607205748558 0.6605802774429321
    outer loop
      vertex 0.8890814781188965 1.8806357383728027 86.39163970947266
      vertex 0.3064209222793579 2.805030345916748 85.79991149902344
      vertex -0.012848138809204102 1.7549951076507568 85.35942077636719
    endloop
  endfacet
  facet normal -0.6178229451179504 -0.04258860647678375 0.785163164138794
    outer loop
      vertex 1.508593201637268 0.7737452983856201 86.81907653808594
      vertex 0.8890814781188965 1.8806357383728027 86.39163970947266
      vertex 0.33106791973114014 0.6059865951538086 85.88341522216797
    endloop
  endfacet
  facet normal -0.6230618953704834 0.011321239173412323 0.7820906043052673
    outer loop
      vertex 1.237932562828064 -0.2995476722717285 86.61898803710938
      vertex 1.508593201637268 0.7737452983856201 86.81907653808594
      vertex 0.33106791973114014 0.6059865951538086 85.88341522216797
    endloop
  endfacet
  facet normal -0.1689915806055069 -0.270710289478302 0.9477118849754333
    outer loop
      vertex 3.866860866546631 -0.11433446407318115 87.77391052246094
      vertex 3.1919589042663574 -1.29926598072052 87.31509399414062
      vertex 4.689606189727783 -1.2231241464614868 87.60389709472656
    endloop
  endfacet
  facet normal -0.155671626329422 -0.26156821846961975 0.9525484442710876
    outer loop
      vertex 4.689606189727783 -1.2231241464614868 87.60389709472656
      vertex 5.263984680175781 -0.07997357845306396 88.01167297363281
      vertex 3.866860866546631 -0.11433446407318115 87.77391052246094
    endloop
  endfacet
  facet normal -0.005292204208672047 -0.2992521822452545 0.9541593194007874
    outer loop
      vertex 5.715813636779785 0.8612916469573975 88.30938720703125
      vertex 5.263984680175781 -0.07997357845306396 88.01167297363281
      vertex 6.559397220611572 -0.0655663013458252 88.02337646484375
    endloop
  endfacet
  facet normal -0.16720405220985413 -0.287858784198761 0.9429634809494019
    outer loop
      vertex 4.689606189727783 -1.2231241464614868 87.60389709472656
      vertex 3.1919589042663574 -1.29926598072052 87.31509399414062
      vertex 4.019128799438477 -2.0350022315979004 87.23716735839844
    endloop
  endfacet
  facet normal -0.08285807073116302 -0.4155256152153015 0.9057996869087219
    outer loop
      vertex 5.458657264709473 -2.2779459953308105 87.25740051269531
      vertex 4.019128799438477 -2.0350022315979004 87.23716735839844
      vertex 4.164957046508789 -3.056666374206543 86.78182983398438
    endloop
  endfacet
  facet normal 0.1310851275920868 -0.2444334328174591 0.9607647657394409
    outer loop
      vertex 8.764627456665039 -0.870060920715332 87.50660705566406
      vertex 7.333410739898682 -1.0460240840911865 87.65711212158203
      vertex 8.07130241394043 -1.9473143815994263 87.32713317871094
    endloop
  endfacet
  facet normal 0.11788846552371979 -0.14246873557567596 0.9827537536621094
    outer loop
      vertex 9.328073501586914 -1.7932003736495972 87.23388671875
      vertex 9.032377243041992 -3.0200724601745605 87.09149932861328
      vertex 10.844759941101074 -1.7294721603393555 87.06118774414062
    endloop
  endfacet
  facet normal -0.10515633225440979 0.2197568416595459 0.9698706865310669
    outer loop
      vertex 12.122727394104004 -2.7908802032470703 87.44024658203125
      vertex 10.844759941101074 -1.7294721603393555 87.06118774414062
      vertex 10.752021789550781 -3.3380208015441895 87.41560363769531
    endloop
  endfacet
  facet normal -0.19378548860549927 -0.04932801425457001 0.9798030257225037
    outer loop
      vertex 9.032377243041992 -3.0200724601745605 87.09149932861328
      vertex 9.578296661376953 -4.358058929443359 87.13211059570312
      vertex 10.752021789550781 -3.3380208015441895 87.41560363769531
    endloop
  endfacet
  facet normal -0.04124332219362259 -0.36277246475219727 0.9309646487236023
    outer loop
      vertex 9.032377243041992 -3.0200724601745605 87.09149932861328
      vertex 6.967327117919922 -2.7685585021972656 87.0980224609375
      vertex 7.339818000793457 -3.70200252532959 86.75078582763672
    endloop
  endfacet
  facet normal -0.061474401503801346 -0.36945071816444397 0.9272146821022034
    outer loop
      vertex 6.967327117919922 -2.7685585021972656 87.0980224609375
      vertex 5.733424186706543 -3.469575881958008 86.73689270019531
      vertex 7.339818000793457 -3.70200252532959 86.75078582763672
    endloop
  endfacet
  facet normal -0.11430197209119797 -0.2022615224123001 0.9726384282112122
    outer loop
      vertex 7.339818000793457 -3.70200252532959 86.75078582763672
      vertex 8.474067687988281 -3.934574604034424 86.8357162475586
      vertex 9.032377243041992 -3.0200724601745605 87.09149932861328
    endloop
  endfacet
  facet normal -0.3360345959663391 -0.23849335312843323 0.9111540913581848
    outer loop
      vertex 8.474067687988281 -3.934574604034424 86.8357162475586
      vertex 7.7967681884765625 -4.851205348968506 86.34600067138672
      vertex 9.578296661376953 -4.358058929443359 87.13211059570312
    endloop
  endfacet
  facet normal -0.5733075141906738 -0.6615745425224304 0.4833606779575348
    outer loop
      vertex 11.398283004760742 -8.04669189453125 86.84558868408203
      vertex 11.291903495788574 -7.245193958282471 87.81642150878906
      vertex 10.508942604064941 -7.452703475952148 86.60374450683594
    endloop
  endfacet
  facet normal -0.4366777837276459 -0.8857671022415161 0.15725496411323547
    outer loop
      vertex 10.825237274169922 -8.004215240478516 85.49356842041016
      vertex 12.02933120727539 -8.529457092285156 85.87866973876953
      vertex 11.398283004760742 -8.04669189453125 86.84558868408203
    endloop
  endfacet
  facet normal -0.3684481084346771 -0.8485304713249207 0.37979236245155334
    outer loop
      vertex 9.785567283630371 -7.657467842102051 84.67250061035156
      vertex 9.48782730102539 -7.046426296234131 85.74884033203125
      vertex 8.609997749328613 -7.157804012298584 84.64839172363281
    endloop
  endfacet
  facet normal -0.037178885191679 -0.9562385678291321 0.2902163863182068
    outer loop
      vertex 8.817317962646484 -7.878791809082031 82.54723358154297
      vertex 7.1557416915893555 -7.915073394775391 82.21482849121094
      vertex 8.416290283203125 -8.194657325744629 81.45510864257812
    endloop
  endfacet
  facet normal 0.20917531847953796 -0.9532878994941711 0.21791718900203705
    outer loop
      vertex 8.713603973388672 -9.05691146850586 78.59965515136719
      vertex 9.422685623168945 -9.137476921081543 77.56658172607422
      vertex 9.810969352722168 -8.803348541259766 78.65553283691406
    endloop
  endfacet
  facet normal 0.18422549962997437 -0.9628693461418152 0.19734124839305878
    outer loop
      vertex 10.552878379821777 -8.506929397583008 79.2346420288086
      vertex 10.404019355773926 -8.341287612915039 80.18180847167969
      vertex 9.353317260742188 -8.685262680053711 79.4843521118164
    endloop
  endfacet
  facet normal 0.21790556609630585 -0.9598792791366577 0.17649060487747192
    outer loop
      vertex 11.827814102172852 -8.155478477478027 79.57196807861328
      vertex 10.552878379821777 -8.506929397583008 79.2346420288086
      vertex 10.946109771728516 -8.605892181396484 78.21090698242188
    endloop
  endfacet
  facet normal 0.23780931532382965 -0.9538115859031677 0.18354935944080353
    outer loop
      vertex 10.552878379821777 -8.506929397583008 79.2346420288086
      vertex 9.810969352722168 -8.803348541259766 78.65553283691406
      vertex 10.946109771728516 -8.605892181396484 78.21090698242188
    endloop
  endfacet
  facet normal 0.3656722903251648 -0.9269956350326538 0.08344463258981705
    outer loop
      vertex 12.545557022094727 -8.316250801086426 76.07313537597656
      vertex 13.340056419372559 -7.918460369110107 77.01056671142578
      vertex 12.182541847229004 -8.341812133789062 77.3799819946289
    endloop
  endfacet
  facet normal 0.48698991537094116 -0.8646787405014038 -0.12317324429750443
    outer loop
      vertex 13.454201698303223 -7.669936180114746 72.42227172851562
      vertex 13.246315002441406 -7.954188823699951 73.59580993652344
      vertex 12.325810432434082 -8.311807632446289 72.46690368652344
    endloop
  endfacet
  facet normal 0.47371652722358704 -0.8644338250160217 -0.16836552321910858
    outer loop
      vertex 11.881158828735352 -8.014934539794922 69.6755599975586
      vertex 12.821475982666016 -7.782772541046143 71.1292724609375
      vertex 11.378377914428711 -8.555439949035645 71.03602600097656
    endloop
  endfacet
  facet normal 0.33474108576774597 -0.9388482570648193 -0.08069845288991928
    outer loop
      vertex 9.007771492004395 -9.600418090820312 72.17892456054688
      vertex 10.74651050567627 -9.012272834777832 72.54879760742188
      vertex 9.65311050415039 -9.469222068786621 73.32948303222656
    endloop
  endfacet
  facet normal 0.378349632024765 -0.9179587960243225 -0.11917658895254135
    outer loop
      vertex 11.378377914428711 -8.555439949035645 71.03602600097656
      vertex 10.74651050567627 -9.012272834777832 72.54879760742188
      vertex 9.9105224609375 -9.14352035522461 70.90572357177734
    endloop
  endfacet
  facet normal 0.398870587348938 -0.9112774729728699 -0.10235028713941574
    outer loop
      vertex 12.325810432434082 -8.311807632446289 72.46690368652344
      vertex 11.845438957214355 -8.638762474060059 73.50588989257812
      vertex 10.74651050567627 -9.012272834777832 72.54879760742188
    endloop
  endfacet
  facet normal 0.44106152653694153 -0.8961448073387146 -0.04888135567307472
    outer loop
      vertex 12.298479080200195 -8.47608757019043 74.61138916015625
      vertex 11.845438957214355 -8.638762474060059 73.50588989257812
      vertex 13.246315002441406 -7.954188823699951 73.59580993652344
    endloop
  endfacet
  facet normal 0.3534717857837677 -0.9345399141311646 -0.04114530235528946
    outer loop
      vertex 10.74651050567627 -9.012272834777832 72.54879760742188
      vertex 11.845438957214355 -8.638762474060059 73.50588989257812
      vertex 10.647953987121582 -9.12209701538086 74.19657135009766
    endloop
  endfacet
  facet normal 0.367430180311203 -0.9299497604370117 -0.013732356019318104
    outer loop
      vertex 12.298479080200195 -8.47608757019043 74.61138916015625
      vertex 10.647953987121582 -9.12209701538086 74.19657135009766
      vertex 11.845438957214355 -8.638762474060059 73.50588989257812
    endloop
  endfacet
  facet normal 0.29749375581741333 -0.9475550055503845 0.11677733808755875
    outer loop
      vertex 10.746357917785645 -8.909161567687988 76.63721466064453
      vertex 9.379915237426758 -9.369096755981445 76.38626098632812
      vertex 10.00326919555664 -9.290197372436523 75.4384536743164
    endloop
  endfacet
  facet normal 0.24466319382190704 -0.9479833841323853 0.20363576710224152
    outer loop
      vertex 10.946109771728516 -8.605892181396484 78.21090698242188
      vertex 9.810969352722168 -8.803348541259766 78.65553283691406
      vertex 9.422685623168945 -9.137476921081543 77.56658172607422
    endloop
  endfacet
  facet normal 0.15696291625499725 -0.9459275603294373 0.2838729918003082
    outer loop
      vertex 8.713603973388672 -9.05691146850586 78.59965515136719
      vertex 9.353317260742188 -8.685262680053711 79.4843521118164
      vertex 7.637493133544922 -8.961910247802734 79.51123809814453
    endloop
  endfacet
  facet normal 0.11872661858797073 -0.9265058636665344 0.35705867409706116
    outer loop
      vertex 7.409016132354736 -8.452558517456055 80.90888977050781
      vertex 6.460278034210205 -8.766422271728516 80.4099349975586
      vertex 7.637493133544922 -8.961910247802734 79.51123809814453
    endloop
  endfacet
  facet normal 0.0808948203921318 -0.9057794213294983 0.41595616936683655
    outer loop
      vertex 7.409016132354736 -8.452558517456055 80.90888977050781
      vertex 6.082448959350586 -8.367137908935547 81.35289001464844
      vertex 6.460278034210205 -8.766422271728516 80.4099349975586
    endloop
  endfacet
  facet normal 0.0007805769564583898 -0.8439960479736328 0.5363489985466003
    outer loop
      vertex 5.73834228515625 -7.924001693725586 82.21818542480469
      vertex 4.707110404968262 -7.677217483520508 82.60802459716797
      vertex 4.43233585357666 -8.282477378845215 81.65599060058594
    endloop
  endfacet
  facet normal -0.014293665066361427 -0.8615008592605591 0.5075547695159912
    outer loop
      vertex 5.73834228515625 -7.924001693725586 82.21818542480469
      vertex 5.871985912322998 -7.375116348266602 83.15360260009766
      vertex 4.707110404968262 -7.677217483520508 82.60802459716797
    endloop
  endfacet
  facet normal -0.0589405857026577 -0.8146557211875916 0.576941967010498
    outer loop
      vertex 5.871985912322998 -7.375116348266602 83.15360260009766
      vertex 4.323446273803711 -6.991175651550293 83.53753662109375
      vertex 4.707110404968262 -7.677217483520508 82.60802459716797
    endloop
  endfacet
  facet normal -0.028270134702324867 -0.8398427963256836 0.5420930981636047
    outer loop
      vertex 4.707110404968262 -7.677217483520508 82.60802459716797
      vertex 3.2137093544006348 -7.6470842361450195 82.57682800292969
      vertex 4.43233585357666 -8.282477378845215 81.65599060058594
    endloop
  endfacet
  facet normal 0.0234561488032341 -0.808068037033081 0.5886220335960388
    outer loop
      vertex 4.43233585357666 -8.282477378845215 81.65599060058594
      vertex 3.2137093544006348 -7.6470842361450195 82.57682800292969
      vertex 3.011345386505127 -8.36754035949707 81.59584045410156
    endloop
  endfacet
  facet normal -0.05078761652112007 -0.760714590549469 0.6470965147018433
    outer loop
      vertex 3.2137093544006348 -7.6470842361450195 82.57682800292969
      vertex 1.8654775619506836 -7.200498104095459 82.99600982666016
      vertex 1.9118282794952393 -7.989077091217041 82.0726089477539
    endloop
  endfacet
  facet normal -0.06903751939535141 -0.7603328227996826 0.6458544135093689
    outer loop
      vertex 1.8654775619506836 -7.200498104095459 82.99600982666016
      vertex 0.5776697397232056 -7.473062038421631 82.5374755859375
      vertex 1.9118282794952393 -7.989077091217041 82.0726089477539
    endloop
  endfacet
  facet normal -0.0671982616186142 -0.7831392288208008 0.6182049512863159
    outer loop
      vertex 2.932290554046631 -6.949954032897949 83.42935943603516
      vertex 1.8654775619506836 -7.200498104095459 82.99600982666016
      vertex 3.2137093544006348 -7.6470842361450195 82.57682800292969
    endloop
  endfacet
  facet normal -0.07121343910694122 -0.7835589647293091 0.617222785949707
    outer loop
      vertex 3.2137093544006348 -7.6470842361450195 82.57682800292969
      vertex 4.323446273803711 -6.991175651550293 83.53753662109375
      vertex 2.932290554046631 -6.949954032897949 83.42935943603516
    endloop
  endfacet
  facet normal -0.07365860044956207 -0.7444939017295837 0.6635534763336182
    outer loop
      vertex 2.932290554046631 -6.949954032897949 83.42935943603516
      vertex 4.323446273803711 -6.991175651550293 83.53753662109375
      vertex 3.1954193115234375 -6.300590515136719 84.18714141845703
    endloop
  endfacet
  facet normal -0.10416673123836517 -0.7370471358299255 0.6677656173706055
    outer loop
      vertex 3.1954193115234375 -6.300590515136719 84.18714141845703
      vertex 2.0356435775756836 -6.5456976890563965 83.73568725585938
      vertex 2.932290554046631 -6.949954032897949 83.42935943603516
    endloop
  endfacet
  facet normal -0.10090536624193192 -0.7333037257194519 0.6723718047142029
    outer loop
      vertex 1.8654775619506836 -7.200498104095459 82.99600982666016
      vertex 2.932290554046631 -6.949954032897949 83.42935943603516
      vertex 2.0356435775756836 -6.5456976890563965 83.73568725585938
    endloop
  endfacet
  facet normal -0.12145885080099106 -0.7291837334632874 0.6734529733657837
    outer loop
      vertex 2.0356435775756836 -6.5456976890563965 83.73568725585938
      vertex 0.7362606525421143 -6.656561851501465 83.38130187988281
      vertex 1.8654775619506836 -7.200498104095459 82.99600982666016
    endloop
  endfacet
  facet normal -0.13918602466583252 -0.6774606108665466 0.7222702503204346
    outer loop
      vertex 2.0356435775756836 -6.5456976890563965 83.73568725585938
      vertex 1.5657740831375122 -5.736506938934326 84.40412902832031
      vertex 0.7362606525421143 -6.656561851501465 83.38130187988281
    endloop
  endfacet
  facet normal -0.13818763196468353 -0.6772231459617615 0.7226845622062683
    outer loop
      vertex 2.0356435775756836 -6.5456976890563965 83.73568725585938
      vertex 3.1954193115234375 -6.300590515136719 84.18714141845703
      vertex 1.5657740831375122 -5.736506938934326 84.40412902832031
    endloop
  endfacet
  facet normal -0.1483626663684845 -0.6980782747268677 0.7004821300506592
    outer loop
      vertex 3.1954193115234375 -6.300590515136719 84.18714141845703
      vertex 3.3649559020996094 -5.500998497009277 85.0198974609375
      vertex 1.5657740831375122 -5.736506938934326 84.40412902832031
    endloop
  endfacet
  facet normal -0.10219935327768326 -0.765034019947052 0.6358287930488586
    outer loop
      vertex 4.323446273803711 -6.991175651550293 83.53753662109375
      vertex 4.709866523742676 -6.129976272583008 84.63584899902344
      vertex 3.1954193115234375 -6.300590515136719 84.18714141845703
    endloop
  endfacet
  facet normal -0.11211808770895004 -0.7624333500862122 0.6372793912887573
    outer loop
      vertex 4.323446273803711 -6.991175651550293 83.53753662109375
      vertex 5.756030082702637 -6.72174072265625 84.11192321777344
      vertex 4.709866523742676 -6.129976272583008 84.63584899902344
    endloop
  endfacet
  facet normal -0.11569400876760483 -0.6859984993934631 0.7183460593223572
    outer loop
      vertex 4.709866523742676 -6.129976272583008 84.63584899902344
      vertex 4.975281715393066 -5.247469902038574 85.5213623046875
      vertex 3.3649559020996094 -5.500998497009277 85.0198974609375
    endloop
  endfacet
  facet normal -0.13969546556472778 -0.5482783913612366 0.8245460391044617
    outer loop
      vertex 6.199038505554199 -4.472273826599121 86.24415588378906
      vertex 4.975281715393066 -5.247469902038574 85.5213623046875
      vertex 6.5763349533081055 -5.389073371887207 85.69845581054688
    endloop
  endfacet
  facet normal -0.1748780757188797 -0.569848895072937 0.8029258251190186
    outer loop
      vertex 7.825891494750977 -6.275070667266846 85.34180450439453
      vertex 7.7967681884765625 -4.851205348968506 86.34600067138672
      vertex 6.5763349533081055 -5.389073371887207 85.69845581054688
    endloop
  endfacet
  facet normal -0.24898351728916168 -0.6427775025367737 0.7244613766670227
    outer loop
      vertex 7.825891494750977 -6.275070667266846 85.34180450439453
      vertex 6.5763349533081055 -5.389073371887207 85.69845581054688
      vertex 6.259899616241455 -6.143944263458252 84.9199447631836
    endloop
  endfacet
  facet normal -0.47907400131225586 -0.5124229788780212 0.7126785516738892
    outer loop
      vertex 7.825891494750977 -6.275070667266846 85.34180450439453
      vertex 9.314836502075195 -5.810183048248291 86.67695617675781
      vertex 7.7967681884765625 -4.851205348968506 86.34600067138672
    endloop
  endfacet
  facet normal -0.7138356566429138 -0.48159685730934143 0.5084320902824402
    outer loop
      vertex 9.314836502075195 -5.810183048248291 86.67695617675781
      vertex 9.48782730102539 -7.046426296234131 85.74884033203125
      vertex 10.154752731323242 -6.748534202575684 86.96736907958984
    endloop
  endfacet
  facet normal -0.1020449846982956 -0.7779792547225952 0.619947612285614
    outer loop
      vertex 7.420624256134033 -7.16017484664917 83.83572387695312
      vertex 6.259899616241455 -6.143944263458252 84.9199447631836
      vertex 5.756030082702637 -6.72174072265625 84.11192321777344
    endloop
  endfacet
  facet normal -0.12675726413726807 -0.8266444206237793 0.5482622981071472
    outer loop
      vertex 5.871985912322998 -7.375116348266602 83.15360260009766
      vertex 7.420624256134033 -7.16017484664917 83.83572387695312
      vertex 5.756030082702637 -6.72174072265625 84.11192321777344
    endloop
  endfacet
  facet normal -0.06438055634498596 -0.9005600214004517 0.4299381673336029
    outer loop
      vertex 7.1557416915893555 -7.915073394775391 82.21482849121094
      vertex 7.420624256134033 -7.16017484664917 83.83572387695312
      vertex 5.871985912322998 -7.375116348266602 83.15360260009766
    endloop
  endfacet
  facet normal -0.12175671011209488 -0.7698894739151001 0.6264547109603882
    outer loop
      vertex 6.259899616241455 -6.143944263458252 84.9199447631836
      vertex 4.709866523742676 -6.129976272583008 84.63584899902344
      vertex 5.756030082702637 -6.72174072265625 84.11192321777344
    endloop
  endfacet
  facet normal -0.13802282512187958 -0.6805374026298523 0.7195960879325867
    outer loop
      vertex 4.709866523742676 -6.129976272583008 84.63584899902344
      vertex 6.259899616241455 -6.143944263458252 84.9199447631836
      vertex 4.975281715393066 -5.247469902038574 85.5213623046875
    endloop
  endfacet
  facet normal -0.13972577452659607 -0.6818942427635193 0.717981219291687
    outer loop
      vertex 6.5763349533081055 -5.389073371887207 85.69845581054688
      vertex 4.975281715393066 -5.247469902038574 85.5213623046875
      vertex 6.259899616241455 -6.143944263458252 84.9199447631836
    endloop
  endfacet
  facet normal -0.06735939532518387 -0.8281354308128357 0.5564659833908081
    outer loop
      vertex 5.756030082702637 -6.72174072265625 84.11192321777344
      vertex 4.323446273803711 -6.991175651550293 83.53753662109375
      vertex 5.871985912322998 -7.375116348266602 83.15360260009766
    endloop
  endfacet
  facet normal -0.12839612364768982 -0.7021653056144714 0.7003415822982788
    outer loop
      vertex 3.1954193115234375 -6.300590515136719 84.18714141845703
      vertex 4.709866523742676 -6.129976272583008 84.63584899902344
      vertex 3.3649559020996094 -5.500998497009277 85.0198974609375
    endloop
  endfacet
  facet normal -0.17537623643875122 -0.6569957733154297 0.7332119941711426
    outer loop
      vertex -0.23844695091247559 -5.908302307128906 83.81864166259766
      vertex 0.7362606525421143 -6.656561851501465 83.38130187988281
      vertex 1.5657740831375122 -5.736506938934326 84.40412902832031
    endloop
  endfacet
  facet normal -0.02858082950115204 -0.8098565936088562 0.5859311819076538
    outer loop
      vertex 4.707110404968262 -7.677217483520508 82.60802459716797
      vertex 4.323446273803711 -6.991175651550293 83.53753662109375
      vertex 3.2137093544006348 -7.6470842361450195 82.57682800292969
    endloop
  endfacet
  facet normal 0.006632219068706036 -0.8628761172294617 0.5053720474243164
    outer loop
      vertex 7.1557416915893555 -7.915073394775391 82.21482849121094
      vertex 5.871985912322998 -7.375116348266602 83.15360260009766
      vertex 5.73834228515625 -7.924001693725586 82.21818542480469
    endloop
  endfacet
  facet normal 0.04072004184126854 -0.8826693892478943 0.4682271480560303
    outer loop
      vertex 4.43233585357666 -8.282477378845215 81.65599060058594
      vertex 6.082448959350586 -8.367137908935547 81.35289001464844
      vertex 5.73834228515625 -7.924001693725586 82.21818542480469
    endloop
  endfacet
  facet normal 0.07196839153766632 -0.9173539280891418 0.391512930393219
    outer loop
      vertex 7.409016132354736 -8.452558517456055 80.90888977050781
      vertex 7.1557416915893555 -7.915073394775391 82.21482849121094
      vertex 6.082448959350586 -8.367137908935547 81.35289001464844
    endloop
  endfacet
  facet normal -0.24842606484889984 -0.935215950012207 0.25230059027671814
    outer loop
      vertex 8.817317962646484 -7.878791809082031 82.54723358154297
      vertex 9.276422500610352 -7.681150436401367 83.73189544677734
      vertex 7.420624256134033 -7.16017484664917 83.83572387695312
    endloop
  endfacet
  facet normal -0.2130112200975418 -0.8162383437156677 0.5370113849639893
    outer loop
      vertex 7.825891494750977 -6.275070667266846 85.34180450439453
      vertex 6.259899616241455 -6.143944263458252 84.9199447631836
      vertex 7.420624256134033 -7.16017484664917 83.83572387695312
    endloop
  endfacet
  facet normal -0.3693162202835083 -0.7543678283691406 0.542710542678833
    outer loop
      vertex 8.609997749328613 -7.157804012298584 84.64839172363281
      vertex 7.825891494750977 -6.275070667266846 85.34180450439453
      vertex 7.420624256134033 -7.16017484664917 83.83572387695312
    endloop
  endfacet
  facet normal -0.43711724877357483 -0.5783095359802246 0.6888299584388733
    outer loop
      vertex 9.48782730102539 -7.046426296234131 85.74884033203125
      vertex 9.314836502075195 -5.810183048248291 86.67695617675781
      vertex 7.825891494750977 -6.275070667266846 85.34180450439453
    endloop
  endfacet
  facet normal -0.6541942954063416 -0.375032901763916 0.6567954421043396
    outer loop
      vertex 10.647943496704102 -6.16923189163208 87.78939056396484
      vertex 10.154752731323242 -6.748534202575684 86.96736907958984
      vertex 11.291903495788574 -7.245193958282471 87.81642150878906
    endloop
  endfacet
  facet normal -0.6496389508247375 -0.06529051810503006 0.757434070110321
    outer loop
      vertex 10.647943496704102 -6.16923189163208 87.78939056396484
      vertex 10.392223358154297 -5.211956977844238 87.65258026123047
      vertex 9.314836502075195 -5.810183048248291 86.67695617675781
    endloop
  endfacet
  facet normal -0.6258796453475952 -0.12761005759239197 0.7694091796875
    outer loop
      vertex 10.392223358154297 -5.211956977844238 87.65258026123047
      vertex 9.578296661376953 -4.358058929443359 87.13211059570312
      vertex 9.314836502075195 -5.810183048248291 86.67695617675781
    endloop
  endfacet
  facet normal -0.18382978439331055 -0.557518482208252 0.8095552921295166
    outer loop
      vertex 7.7967681884765625 -4.851205348968506 86.34600067138672
      vertex 6.199038505554199 -4.472273826599121 86.24415588378906
      vertex 6.5763349533081055 -5.389073371887207 85.69845581054688
    endloop
  endfacet
  facet normal -0.1358717978000641 -0.6373163461685181 0.7585293650627136
    outer loop
      vertex 4.975281715393066 -5.247469902038574 85.5213623046875
      vertex 3.462707996368408 -4.750263690948486 85.66817474365234
      vertex 3.3649559020996094 -5.500998497009277 85.0198974609375
    endloop
  endfacet
  facet normal -0.17836330831050873 -0.6296842098236084 0.7560980916023254
    outer loop
      vertex 3.462707996368408 -4.750263690948486 85.66817474365234
      vertex 1.975752592086792 -4.721549034118652 85.34131622314453
      vertex 3.3649559020996094 -5.500998497009277 85.0198974609375
    endloop
  endfacet
  facet normal -0.17710618674755096 -0.6281061172485352 0.757704496383667
    outer loop
      vertex 1.5657740831375122 -5.736506938934326 84.40412902832031
      vertex 3.3649559020996094 -5.500998497009277 85.0198974609375
      vertex 1.975752592086792 -4.721549034118652 85.34131622314453
    endloop
  endfacet
  facet normal -0.3026708662509918 -0.4322163760662079 0.8494582772254944
    outer loop
      vertex 0.22859466075897217 -4.803579330444336 84.74687194824219
      vertex -1.1111931800842285 -4.384136199951172 84.48291015625
      vertex -0.9661915302276611 -5.212698936462402 84.11299133300781
    endloop
  endfacet
  facet normal -0.12775754928588867 -0.7006512880325317 0.7019727826118469
    outer loop
      vertex 0.5776697397232056 -7.473062038421631 82.5374755859375
      vertex 0.7362606525421143 -6.656561851501465 83.38130187988281
      vertex -0.7084667682647705 -6.798027515411377 82.97716522216797
    endloop
  endfacet
  facet normal -0.019004272297024727 -0.8039675354957581 0.5943694710731506
    outer loop
      vertex 3.2137093544006348 -7.6470842361450195 82.57682800292969
      vertex 1.9118282794952393 -7.989077091217041 82.0726089477539
      vertex 3.011345386505127 -8.36754035949707 81.59584045410156
    endloop
  endfacet
  facet normal 0.12731827795505524 -0.8942928910255432 0.4289877116680145
    outer loop
      vertex 5.144514083862305 -8.845710754394531 80.5611572265625
      vertex 4.630744934082031 -9.509477615356445 79.32991027832031
      vertex 5.95304012298584 -9.18707275390625 79.60957336425781
    endloop
  endfacet
  facet normal 0.14962457120418549 -0.9224411845207214 0.3559700548648834
    outer loop
      vertex 4.630744934082031 -9.509477615356445 79.32991027832031
      vertex 6.132040023803711 -9.628400802612305 78.39070129394531
      vertex 5.95304012298584 -9.18707275390625 79.60957336425781
    endloop
  endfacet
  facet normal 0.13960954546928406 -0.8925490379333496 0.4287952482700348
    outer loop
      vertex 4.630744934082031 -9.509477615356445 79.32991027832031
      vertex 3.492662191390991 -9.53950309753418 79.63795471191406
      vertex 3.3461265563964844 -10.024337768554688 78.67646789550781
    endloop
  endfacet
  facet normal 0.08953076601028442 -0.8947356343269348 0.4375301003456116
    outer loop
      vertex 3.492662191390991 -9.53950309753418 79.63795471191406
      vertex 1.967458724975586 -9.61990737915039 79.78562927246094
      vertex 3.3461265563964844 -10.024337768554688 78.67646789550781
    endloop
  endfacet
  facet normal 0.05025213584303856 -0.8381662964820862 0.5430948734283447
    outer loop
      vertex 2.055906295776367 -8.813907623291016 80.995361328125
      vertex 3.5627355575561523 -9.002740859985352 80.56450653076172
      vertex 3.011345386505127 -8.36754035949707 81.59584045410156
    endloop
  endfacet
  facet normal -0.010287540033459663 -0.7946049571037292 0.6070398092269897
    outer loop
      vertex 3.011345386505127 -8.36754035949707 81.59584045410156
      vertex 1.9118282794952393 -7.989077091217041 82.0726089477539
      vertex 2.055906295776367 -8.813907623291016 80.995361328125
    endloop
  endfacet
  facet normal -0.04924657940864563 -0.7357926964759827 0.6754139065742493
    outer loop
      vertex 0.64996337890625 -8.340542793273926 81.59771728515625
      vertex 1.9118282794952393 -7.989077091217041 82.0726089477539
      vertex 0.5776697397232056 -7.473062038421631 82.5374755859375
    endloop
  endfacet
  facet normal -0.05970453470945358 -0.7357731461524963 0.6745912432670593
    outer loop
      vertex 0.5776697397232056 -7.473062038421631 82.5374755859375
      vertex -0.8550097942352295 -7.741454124450684 82.1179428100586
      vertex 0.64996337890625 -8.340542793273926 81.59771728515625
    endloop
  endfacet
  facet normal 0.01550315972417593 -0.7682716250419617 0.6399361491203308
    outer loop
      vertex 0.8291274309158325 -9.058093070983887 80.73192596435547
      vertex 2.055906295776367 -8.813907623291016 80.995361328125
      vertex 0.64996337890625 -8.340542793273926 81.59771728515625
    endloop
  endfacet
  facet normal 0.002784951590001583 -0.7696566581726074 0.6384520530700684
    outer loop
      vertex 0.64996337890625 -8.340542793273926 81.59771728515625
      vertex -0.5758531093597412 -8.751527786254883 81.10762023925781
      vertex 0.8291274309158325 -9.058093070983887 80.73192596435547
    endloop
  endfacet
  facet normal -0.10678265988826752 -0.6445618867874146 0.7570584416389465
    outer loop
      vertex -2.129786968231201 -8.122468948364258 81.61373901367188
      vertex -0.8550097942352295 -7.741454124450684 82.1179428100586
      vertex -2.079692840576172 -7.012224197387695 82.56607055664062
    endloop
  endfacet
  facet normal -0.1228446513414383 -0.642934262752533 0.7560057640075684
    outer loop
      vertex -2.079692840576172 -7.012224197387695 82.56607055664062
      vertex -3.335540294647217 -7.419809341430664 82.015380859375
      vertex -2.129786968231201 -8.122468948364258 81.61373901367188
    endloop
  endfacet
  facet normal -0.26398536562919617 -0.652996301651001 0.7098644971847534
    outer loop
      vertex -4.235445022583008 -9.44416618347168 80.04891204833984
      vertex -5.198184013366699 -8.732108116149902 80.34590148925781
      vertex -5.474365711212158 -9.463308334350586 79.57057189941406
    endloop
  endfacet
  facet normal -0.34820398688316345 -0.6715454459190369 0.6540495157241821
    outer loop
      vertex -5.198184013366699 -8.732108116149902 80.34590148925781
      vertex -5.874868392944336 -8.045999526977539 80.69010925292969
      vertex -6.627814292907715 -8.552227020263672 79.76948547363281
    endloop
  endfacet
  facet normal -0.23514655232429504 -0.6330852508544922 0.7375020384788513
    outer loop
      vertex -4.054937839508057 -8.30643081665039 81.06974792480469
      vertex -4.717437744140625 -7.013739109039307 81.96818542480469
      vertex -6.089590072631836 -7.204008102416992 81.36735534667969
    endloop
  endfacet
  facet normal -0.24382087588310242 -0.613501787185669 0.7511104941368103
    outer loop
      vertex -6.089590072631836 -7.204008102416992 81.36735534667969
      vertex -4.717437744140625 -7.013739109039307 81.96818542480469
      vertex -5.797123908996582 -6.6267900466918945 81.93376159667969
    endloop
  endfacet
  facet normal -0.2959604561328888 -0.2943260371685028 0.9087241888046265
    outer loop
      vertex -6.100892066955566 -4.9455976486206055 82.4590072631836
      vertex -5.140224456787109 -6.053569316864014 82.41302490234375
      vertex -4.4171247482299805 -5.0520124435424805 82.9729232788086
    endloop
  endfacet
  facet normal -0.5371982455253601 0.16503147780895233 0.8271534442901611
    outer loop
      vertex -4.508779525756836 -1.6900948286056519 82.62926483154297
      vertex -4.076472759246826 -3.439608097076416 83.25908660888672
      vertex -3.310275077819824 -1.8931829929351807 83.44815826416016
    endloop
  endfacet
  facet normal -0.5636393427848816 0.42017853260040283 0.7111685276031494
    outer loop
      vertex -4.2983078956604 -0.561673641204834 82.1293716430664
      vertex -4.508779525756836 -1.6900948286056519 82.62926483154297
      vertex -3.3762083053588867 -0.7566452026367188 82.97537994384766
    endloop
  endfacet
  facet normal -0.6031263470649719 0.2762778103351593 0.7482708096504211
    outer loop
      vertex -2.2041993141174316 -1.0128333568572998 84.01464080810547
      vertex -3.3762083053588867 -0.7566452026367188 82.97537994384766
      vertex -3.310275077819824 -1.8931829929351807 83.44815826416016
    endloop
  endfacet
  facet normal -0.49926257133483887 0.42709094285964966 0.753876805305481
    outer loop
      vertex -4.508779525756836 -1.6900948286056519 82.62926483154297
      vertex -4.2983078956604 -0.561673641204834 82.1293716430664
      vertex -5.363615989685059 -0.918289303779602 81.62589263916016
    endloop
  endfacet
  facet normal -0.3804713487625122 0.24963493645191193 0.8904628157615662
    outer loop
      vertex -6.6264848709106445 -2.8797225952148438 82.11286163330078
      vertex -5.497283458709717 -3.330684185028076 82.72176361083984
      vertex -5.3911004066467285 -2.5840368270874023 82.55781555175781
    endloop
  endfacet
  facet normal -0.32334190607070923 0.4940037727355957 0.8070999383926392
    outer loop
      vertex -7.36128044128418 -1.8818275928497314 81.20716094970703
      vertex -8.61690902709961 -2.2639057636260986 80.93798828125
      vertex -8.103656768798828 -2.9358108043670654 81.55486297607422
    endloop
  endfacet
  facet normal -0.33554571866989136 0.8615883588790894 0.38088682293891907
    outer loop
      vertex -9.90640640258789 -1.6723337173461914 79.59181213378906
      vertex -8.515188217163086 -1.2758222818374634 79.92048645019531
      vertex -9.607908248901367 -1.0992491245269775 78.55842590332031
    endloop
  endfacet
  facet normal -0.3486906886100769 0.6642246842384338 0.6612263917922974
    outer loop
      vertex -9.94289779663086 -2.389119863510132 80.43589782714844
      vertex -10.974897384643555 -2.1802525520324707 79.68186950683594
      vertex -11.201129913330078 -2.9059510231018066 80.29155731201172
    endloop
  endfacet
  facet normal -0.29748159646987915 0.734043538570404 0.6104792356491089
    outer loop
      vertex -10.974897384643555 -2.1802525520324707 79.68186950683594
      vertex -9.94289779663086 -2.389119863510132 80.43589782714844
      vertex -9.90640640258789 -1.6723337173461914 79.59181213378906
    endloop
  endfacet
  facet normal -0.41662371158599854 0.3880230486392975 0.8221087455749512
    outer loop
      vertex -10.465829849243164 -3.3720130920410156 80.88416290283203
      vertex -11.201129913330078 -2.9059510231018066 80.29155731201172
      vertex -11.910261154174805 -4.031553268432617 80.46345520019531
    endloop
  endfacet
  facet normal -0.43013834953308105 0.39496004581451416 0.8117805123329163
    outer loop
      vertex -11.201129913330078 -2.9059510231018066 80.29155731201172
      vertex -12.190954208374023 -2.78446102142334 79.70796966552734
      vertex -11.910261154174805 -4.031553268432617 80.46345520019531
    endloop
  endfacet
  facet normal -0.17882835865020752 0.66971355676651 0.7207663655281067
    outer loop
      vertex -15.72320556640625 -3.8343639373779297 79.28719329833984
      vertex -14.977371215820312 -2.7591135501861572 78.47315216064453
      vertex -16.86893081665039 -3.046175479888916 78.27056884765625
    endloop
  endfacet
  facet normal -0.2475057989358902 0.14217670261859894 0.9583979845046997
    outer loop
      vertex -17.02744483947754 -4.306458950042725 79.0204086303711
      vertex -15.780906677246094 -4.908515930175781 79.431640625
      vertex -15.72320556640625 -3.8343639373779297 79.28719329833984
    endloop
  endfacet
  facet normal -0.3460320830345154 0.5114928483963013 0.7865347862243652
    outer loop
      vertex -16.86893081665039 -3.046175479888916 78.27056884765625
      vertex -17.02744483947754 -4.306458950042725 79.0204086303711
      vertex -15.72320556640625 -3.8343639373779297 79.28719329833984
    endloop
  endfacet
  facet normal 0.18653085827827454 0.9811716675758362 -0.05008452758193016
    outer loop
      vertex -17.030893325805664 -2.292340040206909 75.81908416748047
      vertex -17.9864559173584 -2.163865327835083 74.7771224975586
      vertex -18.814294815063477 -1.978793740272522 75.31959533691406
    endloop
  endfacet
  facet normal -0.02943739853799343 0.9956201910972595 0.08873458951711655
    outer loop
      vertex -15.94087028503418 -2.3961100578308105 77.34501647949219
      vertex -17.030893325805664 -2.292340040206909 75.81908416748047
      vertex -17.024795532226562 -2.4086616039276123 77.12625885009766
    endloop
  endfacet
  facet normal 0.04158797487616539 0.9096536636352539 -0.4132804870605469
    outer loop
      vertex -17.078393936157227 -3.01503586769104 74.2236099243164
      vertex -17.030893325805664 -2.292340040206909 75.81908416748047
      vertex -15.828985214233398 -2.6450119018554688 75.16378021240234
    endloop
  endfacet
  facet normal 0.36136701703071594 0.19782836735248566 -0.9111958742141724
    outer loop
      vertex -19.60222053527832 -2.9305577278137207 72.89523315429688
      vertex -18.34269142150879 -3.051508903503418 73.36848449707031
      vertex -18.796401977539062 -3.9250969886779785 72.99888610839844
    endloop
  endfacet
  facet normal 0.2880362570285797 -0.41723325848579407 -0.8619464039802551
    outer loop
      vertex -17.60665512084961 -4.855560302734375 73.84686279296875
      vertex -19.408416748046875 -4.7815399169921875 73.20893859863281
      vertex -18.796401977539062 -3.9250969886779785 72.99888610839844
    endloop
  endfacet
  facet normal 0.3105919659137726 -0.30208083987236023 -0.9012656211853027
    outer loop
      vertex -17.04001235961914 -4.114388942718506 73.79371643066406
      vertex -17.60665512084961 -4.855560302734375 73.84686279296875
      vertex -17.745859146118164 -3.7902259826660156 73.44181823730469
    endloop
  endfacet
  facet normal 0.5196492671966553 0.34212177991867065 -0.7828903794288635
    outer loop
      vertex -18.34269142150879 -3.051508903503418 73.36848449707031
      vertex -17.078393936157227 -3.01503586769104 74.2236099243164
      vertex -17.745859146118164 -3.7902259826660156 73.44181823730469
    endloop
  endfacet
  facet normal 0.4783371686935425 0.3342559337615967 -0.8120754361152649
    outer loop
      vertex -17.078393936157227 -3.01503586769104 74.2236099243164
      vertex -15.891101837158203 -4.401062965393066 74.35246276855469
      vertex -17.04001235961914 -4.114388942718506 73.79371643066406
    endloop
  endfacet
  facet normal 0.30044659972190857 0.6813676357269287 -0.6674354672431946
    outer loop
      vertex -17.078393936157227 -3.01503586769104 74.2236099243164
      vertex -15.828985214233398 -2.6450119018554688 75.16378021240234
      vertex -15.219888687133789 -3.3352770805358887 74.73329162597656
    endloop
  endfacet
  facet normal 0.1398291140794754 0.2374998778104782 -0.9612709283828735
    outer loop
      vertex -13.594552993774414 -3.2777421474456787 74.98393249511719
      vertex -14.304620742797852 -4.086535453796387 74.68081665039062
      vertex -15.219888687133789 -3.3352770805358887 74.73329162597656
    endloop
  endfacet
  facet normal -0.23213711380958557 0.5134194493293762 -0.8261433243751526
    outer loop
      vertex -14.304620742797852 -4.086535453796387 74.68081665039062
      vertex -13.594552993774414 -3.2777421474456787 74.98393249511719
      vertex -12.61887264251709 -3.995091438293457 74.26396942138672
    endloop
  endfacet
  facet normal 0.24937357008457184 -0.2948724031448364 -0.922422468662262
    outer loop
      vertex -15.891101837158203 -4.401062965393066 74.35246276855469
      vertex -14.304620742797852 -4.086535453796387 74.68081665039062
      vertex -14.088171005249023 -5.252982139587402 75.11221313476562
    endloop
  endfacet
  facet normal -0.0072786761447787285 -0.9464162588119507 -0.3228675127029419
    outer loop
      vertex -15.13099479675293 -5.925156593322754 75.95524597167969
      vertex -13.967303276062012 -5.959693908691406 76.0302505493164
      vertex -14.374296188354492 -6.293107032775879 77.01675415039062
    endloop
  endfacet
  facet normal -0.04286438226699829 -0.9981927871704102 -0.0421164408326149
    outer loop
      vertex -12.695419311523438 -6.530961513519287 78.14324951171875
      vertex -13.415217399597168 -6.4669952392578125 77.35977935791016
      vertex -12.451681137084961 -6.4559431076049805 76.1171875
    endloop
  endfacet
  facet normal -0.1906132847070694 -0.9746551513671875 0.11710648983716965
    outer loop
      vertex -11.589086532592773 -6.803910255432129 77.67231750488281
      vertex -11.421492576599121 -6.697917938232422 78.82726287841797
      vertex -12.695419311523438 -6.530961513519287 78.14324951171875
    endloop
  endfacet
  facet normal -0.3291272521018982 -0.821797251701355 0.46510687470436096
    outer loop
      vertex -10.043741226196289 -6.836656093597412 79.55707550048828
      vertex -11.261130332946777 -6.137399196624756 79.93112182617188
      vertex -11.421492576599121 -6.697917938232422 78.82726287841797
    endloop
  endfacet
  facet normal -0.35575070977211 -0.8095641136169434 0.4669554829597473
    outer loop
      vertex -10.043741226196289 -6.836656093597412 79.55707550048828
      vertex -8.885886192321777 -7.775790691375732 78.81100463867188
      vertex -8.466155052185059 -7.214998245239258 80.10302734375
    endloop
  endfacet
  facet normal -0.42729800939559937 -0.6802193522453308 0.5955820679664612
    outer loop
      vertex -7.754400253295898 -7.953804969787598 79.64468383789062
      vertex -6.627814292907715 -8.552227020263672 79.76948547363281
      vertex -7.133418083190918 -7.567383766174316 80.53153991699219
    endloop
  endfacet
  facet normal -0.36097612977027893 -0.610851526260376 0.7046678066253662
    outer loop
      vertex -5.474365711212158 -9.463308334350586 79.57057189941406
      vertex -5.198184013366699 -8.732108116149902 80.34590148925781
      vertex -6.627814292907715 -8.552227020263672 79.76948547363281
    endloop
  endfacet
  facet normal -0.27230340242385864 -0.6006608009338379 0.7517030239105225
    outer loop
      vertex -5.274529457092285 -10.988801956176758 78.39634704589844
      vertex -4.640200138092041 -10.354711532592773 79.1328125
      vertex -5.761041164398193 -10.156647682189941 78.88505554199219
    endloop
  endfacet
  facet normal 0.017214441671967506 -0.7828026413917542 0.6220319867134094
    outer loop
      vertex -2.7077364921569824 -11.586488723754883 77.94242095947266
      vertex -3.8249220848083496 -11.223433494567871 78.43022918701172
      vertex -3.539425849914551 -12.02767276763916 77.41022491455078
    endloop
  endfacet
  facet normal -0.2815658450126648 -0.6442937850952148 0.7110599875450134
    outer loop
      vertex -6.198607444763184 -11.504015922546387 77.51846313476562
      vertex -7.815260887145996 -11.451807975769043 76.92560577392578
      vertex -6.648097991943359 -12.365100860595703 76.56024169921875
    endloop
  endfacet
  facet normal -0.6948196887969971 -0.3178085684776306 0.6451537013053894
    outer loop
      vertex -8.721453666687012 -10.038576126098633 76.46082305908203
      vertex -7.65761661529541 -10.411903381347656 77.42265319824219
      vertex -8.312993049621582 -9.351343154907227 77.23926544189453
    endloop
  endfacet
  facet normal -0.9635143876075745 -0.14761103689670563 0.22327350080013275
    outer loop
      vertex -8.926368713378906 -8.751827239990234 76.42723083496094
      vertex -9.067699432373047 -9.479686737060547 75.33612823486328
      vertex -8.721453666687012 -10.038576126098633 76.46082305908203
    endloop
  endfacet
  facet normal -0.8324218988418579 -0.11843101680278778 0.5413390398025513
    outer loop
      vertex -8.312993049621582 -9.351343154907227 77.23926544189453
      vertex -8.926368713378906 -8.751827239990234 76.42723083496094
      vertex -8.721453666687012 -10.038576126098633 76.46082305908203
    endloop
  endfacet
  facet normal -0.9900948405265808 -0.016720348969101906 0.13940107822418213
    outer loop
      vertex -9.067699432373047 -9.479686737060547 75.33612823486328
      vertex -8.926368713378906 -8.751827239990234 76.42723083496094
      vertex -9.117720603942871 -8.42916488647461 75.10685729980469
    endloop
  endfacet
  facet normal -0.9962170124053955 -0.06095319613814354 -0.06193862110376358
    outer loop
      vertex -9.067699432373047 -9.479686737060547 75.33612823486328
      vertex -9.117720603942871 -8.42916488647461 75.10685729980469
      vertex -9.019472122192383 -8.958017349243164 74.04707336425781
    endloop
  endfacet
  facet normal -0.2551414370536804 0.9161873459815979 -0.3090367019176483
    outer loop
      vertex -10.492499351501465 -11.550232887268066 69.87491607666016
      vertex -10.745368003845215 -11.103728294372559 71.40741729736328
      vertex -9.561803817749023 -11.104228973388672 70.42877960205078
    endloop
  endfacet
  facet normal -0.15702170133590698 0.8642504215240479 -0.4779283106327057
    outer loop
      vertex -9.561803817749023 -11.104228973388672 70.42877960205078
      vertex -9.150381088256836 -10.49166202545166 71.40132904052734
      vertex -8.326778411865234 -11.031057357788086 70.15533447265625
    endloop
  endfacet
  facet normal 0.396275132894516 -0.7446068525314331 -0.5371467471122742
    outer loop
      vertex -3.481846332550049 -11.46987247467041 71.04254913330078
      vertex -2.7747011184692383 -10.615316390991211 70.37963104248047
      vertex -2.2563724517822266 -11.10805892944336 71.44507598876953
    endloop
  endfacet
  facet normal 0.40395990014076233 -0.3989046514034271 -0.8232202529907227
    outer loop
      vertex -4.637017726898193 -10.680274963378906 70.09308624267578
      vertex -3.481846332550049 -11.46987247467041 71.04254913330078
      vertex -4.883575439453125 -11.553152084350586 70.39506530761719
    endloop
  endfacet
  facet normal 0.07478779554367065 -0.9750843048095703 -0.20884807407855988
    outer loop
      vertex -1.2206652164459229 -10.258832931518555 69.2717514038086
      vertex -1.3895153999328613 -10.639444351196289 70.98831176757812
      vertex -2.7747011184692383 -10.615316390991211 70.37963104248047
    endloop
  endfacet
  facet normal 0.1031162366271019 -0.9731801748275757 -0.2056393027305603
    outer loop
      vertex -1.3895153999328613 -10.639444351196289 70.98831176757812
      vertex -1.2206652164459229 -10.258832931518555 69.2717514038086
      vertex -0.14383673667907715 -10.407672882080078 70.51609802246094
    endloop
  endfacet
  facet normal -0.033901624381542206 -0.9969191551208496 -0.07073143869638443
    outer loop
      vertex 1.8289090394973755 -10.368056297302246 69.55785369873047
      vertex 1.0454785823822021 -10.404203414916992 70.44282531738281
      vertex 0.4730231761932373 -10.321523666381836 69.5518798828125
    endloop
  endfacet
  facet normal 0.17686326801776886 -0.9789538979530334 -0.10182685405015945
    outer loop
      vertex 6.7513604164123535 -10.00373649597168 70.28691101074219
      vertex 5.680344104766846 -10.284384727478027 71.12478637695312
      vertex 5.543540954589844 -10.168795585632324 69.77590942382812
    endloop
  endfacet
  facet normal 0.16809873282909393 -0.9828852415084839 -0.07536249607801437
    outer loop
      vertex 5.680344104766846 -10.284384727478027 71.12478637695312
      vertex 6.960537433624268 -10.09567928314209 71.5191879272461
      vertex 5.936312198638916 -10.350322723388672 72.55570220947266
    endloop
  endfacet
  facet normal 0.6895893216133118 -0.659859299659729 -0.2984163761138916
    outer loop
      vertex 13.802583694458008 -6.254450798034668 69.35460662841797
      vertex 14.087312698364258 -6.806086540222168 71.23234558105469
      vertex 12.984334945678711 -7.152246475219727 69.44898223876953
    endloop
  endfacet
  facet normal 0.6064326763153076 -0.761995792388916 -0.2271602749824524
    outer loop
      vertex 12.821475982666016 -7.782772541046143 71.1292724609375
      vertex 12.984334945678711 -7.152246475219727 69.44898223876953
      vertex 14.087312698364258 -6.806086540222168 71.23234558105469
    endloop
  endfacet
  facet normal 0.5667304992675781 -0.7879455089569092 -0.24074594676494598
    outer loop
      vertex 12.821475982666016 -7.782772541046143 71.1292724609375
      vertex 11.881158828735352 -8.014934539794922 69.6755599975586
      vertex 12.984334945678711 -7.152246475219727 69.44898223876953
    endloop
  endfacet
  facet normal 0.6061516404151917 -0.76131272315979 -0.23018108308315277
    outer loop
      vertex 14.087312698364258 -6.806086540222168 71.23234558105469
      vertex 13.454201698303223 -7.669936180114746 72.42227172851562
      vertex 12.821475982666016 -7.782772541046143 71.1292724609375
    endloop
  endfacet
  facet normal 0.7386818528175354 -0.6056398153305054 -0.29588764905929565
    outer loop
      vertex 14.941129684448242 -5.825480937957764 71.35673522949219
      vertex 14.087312698364258 -6.806086540222168 71.23234558105469
      vertex 14.510007858276367 -5.856503486633301 70.34394073486328
    endloop
  endfacet
  facet normal 0.9282118678092957 -0.12908385694026947 -0.3489413857460022
    outer loop
      vertex 15.379427909851074 -4.3272705078125 71.48995971679688
      vertex 15.380803108215332 -5.197258949279785 71.8154525756836
      vertex 14.987309455871582 -5.076511383056641 70.72406005859375
    endloop
  endfacet
  facet normal 0.8855971693992615 0.3115616738796234 -0.3444518744945526
    outer loop
      vertex 16.362808227539062 -3.6170125007629395 74.46356201171875
      vertex 16.025392532348633 -3.7054524421691895 73.51605987548828
      vertex 16.028423309326172 -2.603314161300659 74.520751953125
    endloop
  endfacet
  facet normal 0.8779497146606445 0.31018027663230896 -0.364681601524353
    outer loop
      vertex 16.028423309326172 -2.603314161300659 74.520751953125
      vertex 16.512107849121094 -3.087554693222046 75.27332305908203
      vertex 16.362808227539062 -3.6170125007629395 74.46356201171875
    endloop
  endfacet
  facet normal 0.8047513365745544 0.5002970695495605 -0.3194965720176697
    outer loop
      vertex 16.337438583374023 -2.2418880462646484 75.87410736083984
      vertex 15.554463386535645 -1.361929178237915 75.27986145019531
      vertex 15.957451820373535 -1.1384438276290894 76.64486694335938
    endloop
  endfacet
  facet normal 0.8839186429977417 -0.46330782771110535 -0.06351208686828613
    outer loop
      vertex 16.766704559326172 -4.72397518157959 77.73320770263672
      vertex 16.455448150634766 -5.432134628295898 78.56723022460938
      vertex 16.107431411743164 -5.91652774810791 77.25731658935547
    endloop
  endfacet
  facet normal 0.9937748312950134 0.04918907582759857 -0.09996006637811661
    outer loop
      vertex 16.941997528076172 -3.435683012008667 77.34735107421875
      vertex 16.968168258666992 -2.589056968688965 78.0241470336914
      vertex 17.05649757385254 -3.4779601097106934 78.46487426757812
    endloop
  endfacet
  facet normal 0.9360327124595642 0.2871299684047699 -0.20346799492835999
    outer loop
      vertex 16.968168258666992 -2.589056968688965 78.0241470336914
      vertex 16.65068817138672 -2.168942451477051 77.1564712524414
      vertex 16.773670196533203 -1.7655878067016602 78.29144287109375
    endloop
  endfacet
  facet normal 0.960084080696106 0.2601349949836731 -0.10280238837003708
    outer loop
      vertex 17.04105567932129 -2.4113810062408447 79.15444946289062
      vertex 16.968168258666992 -2.589056968688965 78.0241470336914
      vertex 16.773670196533203 -1.7655878067016602 78.29144287109375
    endloop
  endfacet
  facet normal 0.7573946118354797 0.5708118081092834 -0.3170605003833771
    outer loop
      vertex 15.957451820373535 -1.1384438276290894 76.64486694335938
      vertex 15.554463386535645 -1.361929178237915 75.27986145019531
      vertex 15.23198127746582 -0.530026912689209 76.00720977783203
    endloop
  endfacet
  facet normal 0.7573168873786926 0.571135401725769 -0.31666332483291626
    outer loop
      vertex 15.957451820373535 -1.1384438276290894 76.64486694335938
      vertex 15.23198127746582 -0.530026912689209 76.00720977783203
      vertex 15.254237174987793 0.008629798889160156 77.0319595336914
    endloop
  endfacet
  facet normal 0.8555169701576233 0.44011634588241577 -0.2727423906326294
    outer loop
      vertex 16.65068817138672 -2.168942451477051 77.1564712524414
      vertex 15.957451820373535 -1.1384438276290894 76.64486694335938
      vertex 16.21825408935547 -0.8205409049987793 77.97592163085938
    endloop
  endfacet
  facet normal 0.9755250215530396 -0.18981947004795074 -0.11099319159984589
    outer loop
      vertex 16.910215377807617 -4.494016647338867 79.1880111694336
      vertex 17.14365577697754 -3.4548211097717285 79.46250915527344
      vertex 17.114049911499023 -4.006119251251221 80.14512634277344
    endloop
  endfacet
  facet normal 0.953090250492096 -0.29838016629219055 -0.05087560415267944
    outer loop
      vertex 16.88559341430664 -4.8040571212768555 80.54510498046875
      vertex 16.910215377807617 -4.494016647338867 79.1880111694336
      vertex 17.114049911499023 -4.006119251251221 80.14512634277344
    endloop
  endfacet
  facet normal 0.9952685236930847 0.05468754842877388 0.08031142503023148
    outer loop
      vertex 17.14447784423828 -3.888070583343506 81.20748901367188
      vertex 17.165176391601562 -3.0827853679656982 80.40262603759766
      vertex 17.030317306518555 -2.4645519256591797 81.65290069580078
    endloop
  endfacet
  facet normal 0.956282377243042 0.2805793285369873 -0.0824577659368515
    outer loop
      vertex 16.984848022460938 -1.8781384229660034 80.31706237792969
      vertex 17.04105567932129 -2.4113810062408447 79.15444946289062
      vertex 16.689159393310547 -1.1747775077819824 79.28121948242188
    endloop
  endfacet
  facet normal 0.7705199718475342 0.5691909790039062 -0.28691595792770386
    outer loop
      vertex 16.21825408935547 -0.8205409049987793 77.97592163085938
      vertex 15.957451820373535 -1.1384438276290894 76.64486694335938
      vertex 15.254237174987793 0.008629798889160156 77.0319595336914
    endloop
  endfacet
  facet normal 0.6587735414505005 0.6619409918785095 -0.35756349563598633
    outer loop
      vertex 15.254237174987793 0.008629798889160156 77.0319595336914
      vertex 14.267768859863281 0.2949535846710205 75.74455261230469
      vertex 14.101304054260254 1.0763707160949707 76.88446044921875
    endloop
  endfacet
  facet normal 0.4682080149650574 0.8046681880950928 -0.36508944630622864
    outer loop
      vertex 11.336529731750488 2.1207456588745117 75.39302062988281
      vertex 11.707393646240234 2.5223612785339355 76.7538070678711
      vertex 12.926992416381836 1.4309022426605225 75.91226959228516
    endloop
  endfacet
  facet normal 0.43812108039855957 0.789374589920044 -0.430044025182724
    outer loop
      vertex 11.707393646240234 2.5223612785339355 76.7538070678711
      vertex 12.485625267028809 2.572457790374756 77.63861083984375
      vertex 12.994685173034668 1.944464921951294 77.00450897216797
    endloop
  endfacet
  facet normal 0.34992051124572754 0.8413137793540955 -0.4120033085346222
    outer loop
      vertex 10.47382640838623 3.311917304992676 77.29550170898438
      vertex 10.29433822631836 4.039124011993408 78.62802124023438
      vertex 11.558433532714844 3.208465099334717 78.00542449951172
    endloop
  endfacet
  facet normal 0.25715675950050354 0.8278985023498535 -0.4984520673751831
    outer loop
      vertex 8.510555267333984 5.367802619934082 79.9718246459961
      vertex 8.482357025146484 6.027591705322266 81.05314636230469
      vertex 9.384662628173828 5.534326076507568 80.69937133789062
    endloop
  endfacet
  facet normal 0.009659000672399998 0.8571941256523132 -0.5149030089378357
    outer loop
      vertex 5.878884792327881 5.6361870765686035 79.61677551269531
      vertex 4.758151054382324 5.910735130310059 80.05281066894531
      vertex 5.91549015045166 6.377202987670898 80.85108184814453
    endloop
  endfacet
  facet normal 0.11623618006706238 0.8500239849090576 -0.5137591361999512
    outer loop
      vertex 5.878884792327881 5.6361870765686035 79.61677551269531
      vertex 5.91549015045166 6.377202987670898 80.85108184814453
      vertex 7.167434215545654 5.68301248550415 79.98577880859375
    endloop
  endfacet
  facet normal -0.16490483283996582 0.8112093806266785 -0.5610220432281494
    outer loop
      vertex 2.1358845233917236 5.742265701293945 80.46263885498047
      vertex 3.0448548793792725 6.514939308166504 81.31270599365234
      vertex 3.6196107864379883 6.088630676269531 80.52734375
    endloop
  endfacet
  facet normal -0.09412173181772232 0.8367112278938293 -0.5394957065582275
    outer loop
      vertex 3.6196107864379883 6.088630676269531 80.52734375
      vertex 4.417798042297363 6.5691728591918945 81.13336944580078
      vertex 4.758151054382324 5.910735130310059 80.05281066894531
    endloop
  endfacet
  facet normal 0.012120985426008701 0.8555798530578613 -0.5175291299819946
    outer loop
      vertex 4.417798042297363 6.5691728591918945 81.13336944580078
      vertex 5.91549015045166 6.377202987670898 80.85108184814453
      vertex 4.758151054382324 5.910735130310059 80.05281066894531
    endloop
  endfacet
  facet normal 0.0305554810911417 0.7824993133544922 -0.6219013333320618
    outer loop
      vertex 6.426290512084961 7.195531845092773 81.90583038330078
      vertex 5.91549015045166 6.377202987670898 80.85108184814453
      vertex 5.184976577758789 7.146707534790039 81.78340911865234
    endloop
  endfacet
  facet normal 0.2687229812145233 0.7343495488166809 -0.6233126521110535
    outer loop
      vertex 9.947620391845703 7.032827377319336 83.02909088134766
      vertex 9.013700485229492 6.584869384765625 82.09870147705078
      vertex 7.639471530914307 7.174948692321777 82.2014389038086
    endloop
  endfacet
  facet normal 0.28981509804725647 0.775644838809967 -0.5606982111930847
    outer loop
      vertex 9.013700485229492 6.584869384765625 82.09870147705078
      vertex 9.805768966674805 5.909702301025391 81.57411193847656
      vertex 8.482357025146484 6.027591705322266 81.05314636230469
    endloop
  endfacet
  facet normal -0.662466287612915 0.6232824325561523 -0.41552069783210754
    outer loop
      vertex 0.8940081596374512 5.935540199279785 81.69738006591797
      vertex 0.7270920276641846 5.3417649269104 81.07283020019531
      vertex 0.02081608772277832 5.412064552307129 82.3042984008789
    endloop
  endfacet
  facet normal 0.3757254481315613 0.629413902759552 -0.6801974177360535
    outer loop
      vertex 9.013700485229492 6.584869384765625 82.09870147705078
      vertex 9.947620391845703 7.032827377319336 83.02909088134766
      vertex 10.697501182556152 6.246115684509277 82.71533203125
    endloop
  endfacet
  facet normal 0.15629775822162628 0.7422875165939331 -0.6515982151031494
    outer loop
      vertex 6.426290512084961 7.195531845092773 81.90583038330078
      vertex 7.430540084838867 6.542409896850586 81.40269470214844
      vertex 5.91549015045166 6.377202987670898 80.85108184814453
    endloop
  endfacet
  facet normal 0.19186145067214966 0.8399972319602966 -0.5075370669364929
    outer loop
      vertex 7.167434215545654 5.68301248550415 79.98577880859375
      vertex 8.482357025146484 6.027591705322266 81.05314636230469
      vertex 8.510555267333984 5.367802619934082 79.9718246459961
    endloop
  endfacet
  facet normal 0.2652328312397003 0.8331886529922485 -0.48523005843162537
    outer loop
      vertex 9.805768966674805 5.909702301025391 81.57411193847656
      vertex 9.384662628173828 5.534326076507568 80.69937133789062
      vertex 8.482357025146484 6.027591705322266 81.05314636230469
    endloop
  endfacet
  facet normal 0.9620312452316284 0.2726772725582123 -0.011957800015807152
    outer loop
      vertex 12.088284492492676 6.416431427001953 85.04508209228516
      vertex 12.19314956665039 6.0848388671875 85.92030334472656
      vertex 12.409517288208008 5.31097412109375 85.68089294433594
    endloop
  endfacet
  facet normal 0.9349626898765564 0.1641119122505188 0.31450313329696655
    outer loop
      vertex 12.409517288208008 5.31097412109375 85.68089294433594
      vertex 12.19314956665039 6.0848388671875 85.92030334472656
      vertex 12.009387969970703 5.80103874206543 86.61468505859375
    endloop
  endfacet
  facet normal 0.8196132779121399 0.5635576248168945 0.10313539206981659
    outer loop
      vertex 12.929670333862305 4.697525501251221 84.8992919921875
      vertex 12.482797622680664 5.426424026489258 84.46768951416016
      vertex 12.409517288208008 5.31097412109375 85.68089294433594
    endloop
  endfacet
  facet normal 0.8838198184967041 0.3400685489177704 0.3212725520133972
    outer loop
      vertex 12.929670333862305 4.697525501251221 84.8992919921875
      vertex 12.409517288208008 5.31097412109375 85.68089294433594
      vertex 12.828786849975586 4.1472344398498535 85.75930786132812
    endloop
  endfacet
  facet normal 0.8344289064407349 0.5457771420478821 0.07652385532855988
    outer loop
      vertex 12.929670333862305 4.697525501251221 84.8992919921875
      vertex 13.588849067687988 3.7260403633117676 84.64024353027344
      vertex 13.073594093322754 4.6244940757751465 83.85079193115234
    endloop
  endfacet
  facet normal 0.9433237910270691 0.3148062229156494 0.10505818575620651
    outer loop
      vertex 17.030317306518555 -2.4645519256591797 81.65290069580078
      vertex 16.4813175201416 -1.1716675758361816 82.70828247070312
      vertex 16.868274688720703 -2.452955722808838 83.0731430053711
    endloop
  endfacet
  facet normal 0.968079686164856 0.22588886320590973 0.10860873758792877
    outer loop
      vertex 17.19647789001465 -3.574373722076416 82.48008728027344
      vertex 17.030317306518555 -2.4645519256591797 81.65290069580078
      vertex 16.868274688720703 -2.452955722808838 83.0731430053711
    endloop
  endfacet
  facet normal 0.9543409943580627 0.2843445837497711 -0.0915507897734642
    outer loop
      vertex 17.479156494140625 -4.275847434997559 83.24809265136719
      vertex 17.19647789001465 -3.574373722076416 82.48008728027344
      vertex 17.29056167602539 -3.4106669425964355 83.96928405761719
    endloop
  endfacet
  facet normal 0.9406761527061462 0.32566773891448975 -0.0952301025390625
    outer loop
      vertex 17.19647789001465 -3.574373722076416 82.48008728027344
      vertex 16.868274688720703 -2.452955722808838 83.0731430053711
      vertex 17.29056167602539 -3.4106669425964355 83.96928405761719
    endloop
  endfacet
  facet normal 0.8024374842643738 0.4811607301235199 0.35295695066452026
    outer loop
      vertex 16.501895904541016 -2.3022470474243164 84.3376693725586
      vertex 15.64871883392334 -0.9317941665649414 84.40910339355469
      vertex 15.887490272521973 -2.1036319732666016 85.4637451171875
    endloop
  endfacet
  facet normal 0.9114434123039246 0.30704694986343384 0.27384865283966064
    outer loop
      vertex 16.27838134765625 -0.04216492176055908 82.11727905273438
      vertex 15.924877166748047 -0.019193410873413086 83.26808166503906
      vertex 16.4813175201416 -1.1716675758361816 82.70828247070312
    endloop
  endfacet
  facet normal 0.6801483035087585 0.25495949387550354 0.687309205532074
    outer loop
      vertex 14.190074920654297 0.0477597713470459 85.48918151855469
      vertex 15.64871883392334 -0.9317941665649414 84.40910339355469
      vertex 15.060700416564941 0.7348477840423584 84.37274932861328
    endloop
  endfacet
  facet normal 0.9059751629829407 0.3911488950252533 0.1618998944759369
    outer loop
      vertex 14.740449905395508 1.9977834224700928 84.15867614746094
      vertex 14.729133605957031 2.6331634521484375 82.68692779541016
      vertex 14.355446815490723 2.971281051635742 83.96115112304688
    endloop
  endfacet
  facet normal 0.8055597543716431 0.18893343210220337 0.5615850687026978
    outer loop
      vertex 14.069358825683594 2.6745524406433105 84.89363098144531
      vertex 13.937920570373535 1.6188733577728271 85.43733215332031
      vertex 14.740449905395508 1.9977834224700928 84.15867614746094
    endloop
  endfacet
  facet normal 0.8294931650161743 0.40589573979377747 0.3836532235145569
    outer loop
      vertex 14.355446815490723 2.971281051635742 83.96115112304688
      vertex 14.069358825683594 2.6745524406433105 84.89363098144531
      vertex 14.740449905395508 1.9977834224700928 84.15867614746094
    endloop
  endfacet
  facet normal 0.7005007266998291 0.23477834463119507 0.6739272475242615
    outer loop
      vertex 12.828786849975586 4.1472344398498535 85.75930786132812
      vertex 12.155458450317383 3.5099525451660156 86.68119812011719
      vertex 13.142085075378418 2.8492660522460938 85.88583374023438
    endloop
  endfacet
  facet normal 0.6373920440673828 0.024706581607460976 0.770143449306488
    outer loop
      vertex 13.142085075378418 2.8492660522460938 85.88583374023438
      vertex 12.155458450317383 3.5099525451660156 86.68119812011719
      vertex 11.985594749450684 2.358334541320801 86.85872650146484
    endloop
  endfacet
  facet normal 0.5620241165161133 -0.055214375257492065 0.8252758979797363
    outer loop
      vertex 12.155458450317383 3.5099525451660156 86.68119812011719
      vertex 11.122790336608887 3.8951802253723145 87.41023254394531
      vertex 10.918535232543945 2.983337879180908 87.48832702636719
    endloop
  endfacet
  facet normal 0.7738344669342041 0.08946620672941208 0.6270375847816467
    outer loop
      vertex 12.828786849975586 4.1472344398498535 85.75930786132812
      vertex 11.992987632751465 4.645686149597168 86.71965789794922
      vertex 12.155458450317383 3.5099525451660156 86.68119812011719
    endloop
  endfacet
  facet normal 0.5646824240684509 -0.0783146321773529 0.821584165096283
    outer loop
      vertex 11.522440910339355 5.49760627746582 87.29901885986328
      vertex 10.080591201782227 5.018740653991699 88.24436950683594
      vertex 10.895004272460938 4.605424880981445 87.64521789550781
    endloop
  endfacet
  facet normal -0.010076858103275299 -0.2850096523761749 0.9584717154502869
    outer loop
      vertex 5.557855606079102 3.330451011657715 88.96438598632812
      vertex 5.226624011993408 2.050166606903076 88.5802001953125
      vertex 6.509408950805664 2.5779690742492676 88.7506332397461
    endloop
  endfacet
  facet normal -0.2043338268995285 -0.4524282217025757 0.8680762648582458
    outer loop
      vertex 4.735756874084473 4.1327805519104 89.45806121826172
      vertex 3.6652626991271973 4.145026683807373 89.21246337890625
      vertex 4.051662921905518 3.010019302368164 88.71186828613281
    endloop
  endfacet
  facet normal -0.9814555644989014 0.1913861781358719 -0.01078763511031866
    outer loop
      vertex -0.5324435234069824 4.809759616851807 84.44954681396484
      vertex -0.47695350646972656 5.030397891998291 83.31548309326172
      vertex -0.6226005554199219 4.288703441619873 83.4078140258789
    endloop
  endfacet
  facet normal -0.9937779307365417 -0.08966678380966187 -0.06607095897197723
    outer loop
      vertex -0.5324435234069824 4.809759616851807 84.44954681396484
      vertex -0.5916585922241211 5.8831892013549805 83.8834228515625
      vertex -0.47695350646972656 5.030397891998291 83.31548309326172
    endloop
  endfacet
  facet normal -0.9082725048065186 0.14032407104969025 -0.3941449820995331
    outer loop
      vertex -0.47695350646972656 5.030397891998291 83.31548309326172
      vertex -0.5916585922241211 5.8831892013549805 83.8834228515625
      vertex 0.02081608772277832 5.412064552307129 82.3042984008789
    endloop
  endfacet
  facet normal -0.9322085976600647 -0.03480412811040878 0.3602443337440491
    outer loop
      vertex -0.6444191932678223 3.479836940765381 83.9419174194336
      vertex -0.23523211479187012 2.8956499099731445 84.9443359375
      vertex -0.09337687492370605 3.9663920402526855 85.41486358642578
    endloop
  endfacet
  facet normal -0.8209733366966248 0.04701116681098938 0.569027841091156
    outer loop
      vertex -0.012848138809204102 1.7549951076507568 85.35942077636719
      vertex -0.23523211479187012 2.8956499099731445 84.9443359375
      vertex -0.9054396152496338 1.9752922058105469 84.05342102050781
    endloop
  endfacet
  facet normal -0.8675406575202942 0.18473146855831146 0.46178731322288513
    outer loop
      vertex -0.9054396152496338 1.9752922058105469 84.05342102050781
      vertex -0.23523211479187012 2.8956499099731445 84.9443359375
      vertex -0.6444191932678223 3.479836940765381 83.9419174194336
    endloop
  endfacet
  facet normal -0.71103835105896 0.2963217794895172 0.6376659870147705
    outer loop
      vertex -1.643448829650879 0.5809335708618164 83.87844848632812
      vertex -0.6584439277648926 0.9173064231872559 84.82048034667969
      vertex -0.9054396152496338 1.9752922058105469 84.05342102050781
    endloop
  endfacet
  facet normal -0.6432679295539856 0.1046103835105896 0.7584609389305115
    outer loop
      vertex 0.2697489261627197 -0.38557708263397217 85.96817016601562
      vertex 0.33106791973114014 0.6059865951538086 85.88341522216797
      vertex -0.8865377902984619 -0.20805585384368896 84.9630126953125
    endloop
  endfacet
  facet normal -0.4280588924884796 -0.08119028806686401 0.9000965356826782
    outer loop
      vertex 1.6934936046600342 -1.5584492683410645 86.72208404541016
      vertex 1.237932562828064 -0.2995476722717285 86.61898803710938
      vertex 0.7411731481552124 -1.0750788450241089 86.31278991699219
    endloop
  endfacet
  facet normal -0.4701913595199585 -0.09832252562046051 0.8770706057548523
    outer loop
      vertex 2.3963897228240967 -0.30057191848754883 87.23991394042969
      vertex 1.237932562828064 -0.2995476722717285 86.61898803710938
      vertex 1.6934936046600342 -1.5584492683410645 86.72208404541016
    endloop
  endfacet
  facet normal -0.3316360116004944 -0.19469504058361053 0.9230988025665283
    outer loop
      vertex 3.1919589042663574 -1.29926598072052 87.31509399414062
      vertex 2.3963897228240967 -0.30057191848754883 87.23991394042969
      vertex 1.6934936046600342 -1.5584492683410645 86.72208404541016
    endloop
  endfacet
  facet normal -0.18126621842384338 -0.438602089881897 0.8802106976509094
    outer loop
      vertex 2.6670308113098145 -3.7604174613952637 86.1226806640625
      vertex 4.164957046508789 -3.056666374206543 86.78182983398438
      vertex 2.761315107345581 -2.409412384033203 86.81529235839844
    endloop
  endfacet
  facet normal -0.149603471159935 -0.48734548687934875 0.8602983355522156
    outer loop
      vertex 2.6670308113098145 -3.7604174613952637 86.1226806640625
      vertex 4.566314697265625 -4.22843599319458 86.18783569335938
      vertex 4.164957046508789 -3.056666374206543 86.78182983398438
    endloop
  endfacet
  facet normal -0.26199838519096375 -0.4271063208580017 0.8654115200042725
    outer loop
      vertex 1.3189736604690552 -2.838813304901123 86.16940307617188
      vertex 0.8828729391098022 -3.822319269180298 85.55198669433594
      vertex 2.6670308113098145 -3.7604174613952637 86.1226806640625
    endloop
  endfacet
  facet normal -0.3152601420879364 -0.2968704402446747 0.9013761878013611
    outer loop
      vertex 2.761315107345581 -2.409412384033203 86.81529235839844
      vertex 1.6934936046600342 -1.5584492683410645 86.72208404541016
      vertex 1.3189736604690552 -2.838813304901123 86.16940307617188
    endloop
  endfacet
  facet normal -0.5692618489265442 0.021566251292824745 0.8218733668327332
    outer loop
      vertex 0.7411731481552124 -1.0750788450241089 86.31278991699219
      vertex 0.2697489261627197 -0.38557708263397217 85.96817016601562
      vertex -0.33236217498779297 -1.1069390773773193 85.57005310058594
    endloop
  endfacet
  facet normal -0.3908614218235016 -0.35880693793296814 0.8476349115371704
    outer loop
      vertex 1.3189736604690552 -2.838813304901123 86.16940307617188
      vertex -0.17732572555541992 -2.893528699874878 85.45626831054688
      vertex 0.8828729391098022 -3.822319269180298 85.55198669433594
    endloop
  endfacet
  facet normal -0.43149304389953613 -0.28719472885131836 0.8551800847053528
    outer loop
      vertex -1.3785350322723389 -3.368540048599243 84.69065856933594
      vertex -0.36443591117858887 -3.7929506301879883 85.05980682373047
      vertex -0.17732572555541992 -2.893528699874878 85.45626831054688
    endloop
  endfacet
  facet normal -0.5067183971405029 -0.09895329177379608 0.8564139604568481
    outer loop
      vertex -0.17732572555541992 -2.893528699874878 85.45626831054688
      vertex -1.181753396987915 -2.0437605381011963 84.96015930175781
      vertex -1.3785350322723389 -3.368540048599243 84.69065856933594
    endloop
  endfacet
  facet normal -0.2900274991989136 -0.43201372027397156 0.8539602756500244
    outer loop
      vertex -0.9661915302276611 -5.212698936462402 84.11299133300781
      vertex -1.1111931800842285 -4.384136199951172 84.48291015625
      vertex -1.8660290241241455 -4.8930158615112305 83.96910858154297
    endloop
  endfacet
  facet normal -0.2652616500854492 -0.39777278900146484 0.8783012628555298
    outer loop
      vertex -1.8216581344604492 -5.823375701904297 83.45135498046875
      vertex -3.0023880004882812 -4.954854965209961 83.48809814453125
      vertex -3.428661823272705 -6.215876579284668 82.78825378417969
    endloop
  endfacet
  facet normal -0.18423405289649963 -0.5410259962081909 0.8205782771110535
    outer loop
      vertex -3.335540294647217 -7.419809341430664 82.015380859375
      vertex -2.079692840576172 -7.012224197387695 82.56607055664062
      vertex -3.428661823272705 -6.215876579284668 82.78825378417969
    endloop
  endfacet
  facet normal -0.23205825686454773 -0.34159350395202637 0.9107484817504883
    outer loop
      vertex -5.140224456787109 -6.053569316864014 82.41302490234375
      vertex -3.428661823272705 -6.215876579284668 82.78825378417969
      vertex -4.4171247482299805 -5.0520124435424805 82.9729232788086
    endloop
  endfacet
  facet normal -0.46058839559555054 -0.19563542306423187 0.8657858967781067
    outer loop
      vertex -3.0023880004882812 -4.954854965209961 83.48809814453125
      vertex -2.3653922080993652 -4.043801784515381 84.0328369140625
      vertex -4.076472759246826 -3.439608097076416 83.25908660888672
    endloop
  endfacet
  facet normal -0.5061495304107666 0.14687326550483704 0.8498475551605225
    outer loop
      vertex -2.4938607215881348 -2.758742094039917 84.083984375
      vertex -3.310275077819824 -1.8931829929351807 83.44815826416016
      vertex -4.076472759246826 -3.439608097076416 83.25908660888672
    endloop
  endfacet
  facet normal -0.5988501310348511 0.13073614239692688 0.7901180982589722
    outer loop
      vertex -1.181753396987915 -2.0437605381011963 84.96015930175781
      vertex -2.2041993141174316 -1.0128333568572998 84.01464080810547
      vertex -2.4938607215881348 -2.758742094039917 84.083984375
    endloop
  endfacet
  facet normal -0.5837292075157166 0.3332042992115021 0.7404289841651917
    outer loop
      vertex -2.2041993141174316 -1.0128333568572998 84.01464080810547
      vertex -2.578296184539795 0.006716728210449219 83.26090240478516
      vertex -3.3762083053588867 -0.7566452026367188 82.97537994384766
    endloop
  endfacet
  facet normal -0.6301780939102173 0.43404924869537354 0.643798828125
    outer loop
      vertex -3.3900794982910156 0.3151521682739258 82.25834655761719
      vertex -2.578296184539795 0.006716728210449219 83.26090240478516
      vertex -2.3459153175354004 0.8195743560791016 82.94033813476562
    endloop
  endfacet
  facet normal -0.6879355311393738 0.4933808147907257 0.532278299331665
    outer loop
      vertex -2.3459153175354004 0.8195743560791016 82.94033813476562
      vertex -1.7995390892028809 1.6462459564208984 82.88023376464844
      vertex -2.734426975250244 1.3217759132385254 81.97270965576172
    endloop
  endfacet
  facet normal -0.5657646059989929 0.6574081778526306 0.4977196156978607
    outer loop
      vertex -4.832162380218506 0.11513018608093262 81.10298919677734
      vertex -3.743980884552002 0.9138908386230469 81.28490447998047
      vertex -4.463294982910156 0.906644344329834 80.47682189941406
    endloop
  endfacet
  facet normal -0.6374932527542114 0.742010235786438 0.207420215010643
    outer loop
      vertex -1.2120332717895508 3.601940155029297 80.4730224609375
      vertex -2.3594160079956055 2.6998400688171387 80.17372131347656
      vertex -1.411646842956543 3.1403441429138184 81.51080322265625
    endloop
  endfacet
  facet normal -0.5662247538566589 0.8164941668510437 0.11281310766935349
    outer loop
      vertex -1.2120332717895508 3.601940155029297 80.4730224609375
      vertex -0.48038673400878906 4.220629692077637 79.66744232177734
      vertex -1.5535264015197754 3.5247788429260254 79.3174819946289
    endloop
  endfacet
  facet normal -0.6315194964408875 0.7750567197799683 0.021686747670173645
    outer loop
      vertex -0.48038673400878906 4.220629692077637 79.66744232177734
      vertex -1.2120332717895508 3.601940155029297 80.4730224609375
      vertex -0.16720080375671387 4.450713634490967 80.56452941894531
    endloop
  endfacet
  facet normal -0.6276536583900452 0.7772932648658752 -0.04319923371076584
    outer loop
      vertex -1.2120332717895508 3.601940155029297 80.4730224609375
      vertex -0.5294606685638428 4.215216159820557 81.59054565429688
      vertex -0.16720080375671387 4.450713634490967 80.56452941894531
    endloop
  endfacet
  facet normal -0.7712060213088989 0.6233906745910645 0.12894004583358765
    outer loop
      vertex -1.2120332717895508 3.601940155029297 80.4730224609375
      vertex -1.411646842956543 3.1403441429138184 81.51080322265625
      vertex -0.5294606685638428 4.215216159820557 81.59054565429688
    endloop
  endfacet
  facet normal -0.7721455097198486 0.6253629922866821 0.1127496287226677
    outer loop
      vertex -1.411646842956543 3.1403441429138184 81.51080322265625
      vertex -0.8415124416351318 3.6423234939575195 82.63105010986328
      vertex -0.5294606685638428 4.215216159820557 81.59054565429688
    endloop
  endfacet
  facet normal -0.7238216400146484 0.6156935691833496 0.31145423650741577
    outer loop
      vertex -2.1505026817321777 2.2182817459106445 81.61646270751953
      vertex -1.3017141819000244 2.672518730163574 82.69110107421875
      vertex -1.411646842956543 3.1403441429138184 81.51080322265625
    endloop
  endfacet
  facet normal -0.7241480350494385 0.6158357262611389 0.31041252613067627
    outer loop
      vertex -2.1505026817321777 2.2182817459106445 81.61646270751953
      vertex -1.411646842956543 3.1403441429138184 81.51080322265625
      vertex -2.3594160079956055 2.6998400688171387 80.17372131347656
    endloop
  endfacet
  facet normal -0.8685617446899414 0.42766427993774414 0.25040751695632935
    outer loop
      vertex -1.3017141819000244 2.672518730163574 82.69110107421875
      vertex -0.8415124416351318 3.6423234939575195 82.63105010986328
      vertex -1.411646842956543 3.1403441429138184 81.51080322265625
    endloop
  endfacet
  facet normal -0.651024580001831 0.605783224105835 0.45737698674201965
    outer loop
      vertex -2.734426975250244 1.3217759132385254 81.97270965576172
      vertex -2.1505026817321777 2.2182817459106445 81.61646270751953
      vertex -3.4152441024780273 1.656263828277588 80.56062316894531
    endloop
  endfacet
  facet normal -0.7816684246063232 0.4573267996311188 0.4240834712982178
    outer loop
      vertex -2.1505026817321777 2.2182817459106445 81.61646270751953
      vertex -1.7995390892028809 1.6462459564208984 82.88023376464844
      vertex -1.3017141819000244 2.672518730163574 82.69110107421875
    endloop
  endfacet
  facet normal -0.8831353187561035 0.43060141801834106 0.18615686893463135
    outer loop
      vertex -0.8415124416351318 3.6423234939575195 82.63105010986328
      vertex -1.3017141819000244 2.672518730163574 82.69110107421875
      vertex -0.6444191932678223 3.479836940765381 83.9419174194336
    endloop
  endfacet
  facet normal -0.9339941740036011 0.3458481729030609 -0.08968788385391235
    outer loop
      vertex -0.5294606685638428 4.215216159820557 81.59054565429688
      vertex -0.8415124416351318 3.6423234939575195 82.63105010986328
      vertex -0.5160982608795166 4.512996196746826 82.59967041015625
    endloop
  endfacet
  facet normal -0.6942903995513916 0.5763001441955566 -0.4310905337333679
    outer loop
      vertex -0.5294606685638428 4.215216159820557 81.59054565429688
      vertex 0.02081608772277832 5.412064552307129 82.3042984008789
      vertex 0.7270920276641846 5.3417649269104 81.07283020019531
    endloop
  endfacet
  facet normal -0.6824485659599304 0.7271730303764343 -0.07404977083206177
    outer loop
      vertex -0.5294606685638428 4.215216159820557 81.59054565429688
      vertex 0.7270920276641846 5.3417649269104 81.07283020019531
      vertex -0.16720080375671387 4.450713634490967 80.56452941894531
    endloop
  endfacet
  facet normal -0.4531351923942566 0.8909171223640442 0.03057835064828396
    outer loop
      vertex -0.6324870586395264 4.183320999145508 78.50050354003906
      vertex -0.48038673400878906 4.220629692077637 79.66744232177734
      vertex 0.5529624223709106 4.775442123413086 78.8156967163086
    endloop
  endfacet
  facet normal -0.037311799824237823 0.8940231204032898 -0.44646450877189636
    outer loop
      vertex 1.4660027027130127 4.372450351715088 76.08452606201172
      vertex 3.0160441398620605 4.607948303222656 76.42655944824219
      vertex 3.3375601768493652 4.091444969177246 75.36541748046875
    endloop
  endfacet
  facet normal -0.019386637955904007 0.913102924823761 -0.407268226146698
    outer loop
      vertex 1.4660027027130127 4.372450351715088 76.08452606201172
      vertex 3.3375601768493652 4.091444969177246 75.36541748046875
      vertex 1.9745714664459229 3.760225772857666 74.68769836425781
    endloop
  endfacet
  facet normal 0.07304774224758148 0.883056640625 -0.4635460674762726
    outer loop
      vertex 3.502251625061035 3.298643112182617 73.93341064453125
      vertex 4.967928409576416 3.6587681770324707 74.85041809082031
      vertex 5.213186264038086 3.012962818145752 73.65880584716797
    endloop
  endfacet
  facet normal 0.0822610855102539 0.8758853077888489 -0.47545570135116577
    outer loop
      vertex 3.3375601768493652 4.091444969177246 75.36541748046875
      vertex 4.967928409576416 3.6587681770324707 74.85041809082031
      vertex 3.502251625061035 3.298643112182617 73.93341064453125
    endloop
  endfacet
  facet normal 0.10221543908119202 0.8970088362693787 -0.43003177642822266
    outer loop
      vertex 3.3375601768493652 4.091444969177246 75.36541748046875
      vertex 4.558103561401367 4.3818793296813965 76.2613525390625
      vertex 4.967928409576416 3.6587681770324707 74.85041809082031
    endloop
  endfacet
  facet normal 0.15426668524742126 0.8983392715454102 -0.41132494807243347
    outer loop
      vertex 5.5936994552612305 4.390196323394775 76.66791534423828
      vertex 6.3314690589904785 3.849118709564209 75.76289367675781
      vertex 4.558103561401367 4.3818793296813965 76.2613525390625
    endloop
  endfacet
  facet normal 0.1333545595407486 0.9239243268966675 -0.3585810363292694
    outer loop
      vertex 5.06435489654541 4.831269264221191 77.60752868652344
      vertex 5.5936994552612305 4.390196323394775 76.66791534423828
      vertex 4.558103561401367 4.3818793296813965 76.2613525390625
    endloop
  endfacet
  facet normal 0.0900697112083435 0.9340220093727112 -0.34567391872406006
    outer loop
      vertex 5.06435489654541 4.831269264221191 77.60752868652344
      vertex 4.558103561401367 4.3818793296813965 76.2613525390625
      vertex 3.4015467166900635 4.872798442840576 77.2864761352539
    endloop
  endfacet
  facet normal -0.059506047517061234 0.9555204510688782 -0.28885939717292786
    outer loop
      vertex 3.4015467166900635 4.872798442840576 77.2864761352539
      vertex 1.749746322631836 4.988571643829346 78.00971984863281
      vertex 3.3861002922058105 5.229955196380615 78.47109985351562
    endloop
  endfacet
  facet normal -0.07791613042354584 0.969818115234375 -0.23104549944400787
    outer loop
      vertex 1.749746322631836 4.988571643829346 78.00971984863281
      vertex 1.9969052076339722 5.301803112030029 79.24116516113281
      vertex 3.3861002922058105 5.229955196380615 78.47109985351562
    endloop
  endfacet
  facet normal -0.12336169183254242 0.9425399303436279 -0.31048405170440674
    outer loop
      vertex 1.9969052076339722 5.301803112030029 79.24116516113281
      vertex 3.513451099395752 5.612532138824463 79.58189392089844
      vertex 3.3861002922058105 5.229955196380615 78.47109985351562
    endloop
  endfacet
  facet normal -0.2893052101135254 0.9399641752243042 -0.1810246855020523
    outer loop
      vertex 0.5529624223709106 4.775442123413086 78.8156967163086
      vertex 1.9969052076339722 5.301803112030029 79.24116516113281
      vertex 1.749746322631836 4.988571643829346 78.00971984863281
    endloop
  endfacet
  facet normal 0.07922012358903885 0.954707682132721 -0.28680551052093506
    outer loop
      vertex 3.3861002922058105 5.229955196380615 78.47109985351562
      vertex 5.06435489654541 4.831269264221191 77.60752868652344
      vertex 3.4015467166900635 4.872798442840576 77.2864761352539
    endloop
  endfacet
  facet normal 0.032025665044784546 0.9296817779541016 -0.3669689893722534
    outer loop
      vertex 5.06435489654541 4.831269264221191 77.60752868652344
      vertex 3.3861002922058105 5.229955196380615 78.47109985351562
      vertex 4.958087921142578 5.352211952209473 78.91801452636719
    endloop
  endfacet
  facet normal 0.10157369077205658 0.9370350241661072 -0.3341379165649414
    outer loop
      vertex 4.558103561401367 4.3818793296813965 76.2613525390625
      vertex 3.0160441398620605 4.607948303222656 76.42655944824219
      vertex 3.4015467166900635 4.872798442840576 77.2864761352539
    endloop
  endfacet
  facet normal 0.08843817561864853 0.9059038162231445 -0.4141463041305542
    outer loop
      vertex 3.0160441398620605 4.607948303222656 76.42655944824219
      vertex 4.558103561401367 4.3818793296813965 76.2613525390625
      vertex 3.3375601768493652 4.091444969177246 75.36541748046875
    endloop
  endfacet
  facet normal 0.02673676423728466 0.8758586049079895 -0.48182663321495056
    outer loop
      vertex 1.9745714664459229 3.760225772857666 74.68769836425781
      vertex 3.3375601768493652 4.091444969177246 75.36541748046875
      vertex 3.502251625061035 3.298643112182617 73.93341064453125
    endloop
  endfacet
  facet normal -0.09839058667421341 0.8977788686752319 -0.42931613326072693
    outer loop
      vertex 1.4660027027130127 4.372450351715088 76.08452606201172
      vertex 1.9745714664459229 3.760225772857666 74.68769836425781
      vertex -0.03255152702331543 3.7925682067871094 75.21532440185547
    endloop
  endfacet
  facet normal -0.20602689683437347 0.9474277496337891 -0.24481308460235596
    outer loop
      vertex 0.4300943613052368 4.559787273406982 77.46089935302734
      vertex 1.749746322631836 4.988571643829346 78.00971984863281
      vertex 1.960628628730774 4.781156063079834 77.02954864501953
    endloop
  endfacet
  facet normal -0.024338537827134132 0.9769719839096069 -0.21197499334812164
    outer loop
      vertex 1.960628628730774 4.781156063079834 77.02954864501953
      vertex 1.749746322631836 4.988571643829346 78.00971984863281
      vertex 3.4015467166900635 4.872798442840576 77.2864761352539
    endloop
  endfacet
  facet normal -0.05922211706638336 0.927150547504425 -0.3699794113636017
    outer loop
      vertex 1.4660027027130127 4.372450351715088 76.08452606201172
      vertex 1.960628628730774 4.781156063079834 77.02954864501953
      vertex 3.0160441398620605 4.607948303222656 76.42655944824219
    endloop
  endfacet
  facet normal -0.21652643382549286 0.9322558045387268 -0.28985413908958435
    outer loop
      vertex 0.4300943613052368 4.559787273406982 77.46089935302734
      vertex 1.960628628730774 4.781156063079834 77.02954864501953
      vertex 1.4660027027130127 4.372450351715088 76.08452606201172
    endloop
  endfacet
  facet normal -0.009028504602611065 0.9567902088165283 -0.2906392216682434
    outer loop
      vertex 3.4015467166900635 4.872798442840576 77.2864761352539
      vertex 3.0160441398620605 4.607948303222656 76.42655944824219
      vertex 1.960628628730774 4.781156063079834 77.02954864501953
    endloop
  endfacet
  facet normal -0.519376277923584 0.8537163734436035 -0.03763855621218681
    outer loop
      vertex -0.16720080375671387 4.450713634490967 80.56452941894531
      vertex 0.8022786378860474 5.013546466827393 79.95278930664062
      vertex -0.48038673400878906 4.220629692077637 79.66744232177734
    endloop
  endfacet
  facet normal -0.04468853026628494 0.8931780457496643 -0.4474772810935974
    outer loop
      vertex 4.758151054382324 5.910735130310059 80.05281066894531
      vertex 4.958087921142578 5.352211952209473 78.91801452636719
      vertex 3.513451099395752 5.612532138824463 79.58189392089844
    endloop
  endfacet
  facet normal 0.07366815954446793 0.8862775564193726 -0.4572582244873047
    outer loop
      vertex 5.878884792327881 5.6361870765686035 79.61677551269531
      vertex 6.50018310546875 4.968360900878906 78.4224624633789
      vertex 4.958087921142578 5.352211952209473 78.91801452636719
    endloop
  endfacet
  facet normal 0.11523927748203278 0.9262511730194092 -0.3588574528694153
    outer loop
      vertex 4.958087921142578 5.352211952209473 78.91801452636719
      vertex 6.50018310546875 4.968360900878906 78.4224624633789
      vertex 5.06435489654541 4.831269264221191 77.60752868652344
    endloop
  endfacet
  facet normal 0.17462140321731567 0.9255058169364929 -0.336075097322464
    outer loop
      vertex 5.06435489654541 4.831269264221191 77.60752868652344
      vertex 6.5652174949646 4.354161262512207 77.07347106933594
      vertex 5.5936994552612305 4.390196323394775 76.66791534423828
    endloop
  endfacet
  facet normal 0.21985945105552673 0.8964833617210388 -0.3846808969974518
    outer loop
      vertex 8.18356990814209 3.7521510124206543 76.595458984375
      vertex 6.3314690589904785 3.849118709564209 75.76289367675781
      vertex 6.5652174949646 4.354161262512207 77.07347106933594
    endloop
  endfacet
  facet normal 0.1441669464111328 0.9033781886100769 -0.4038858711719513
    outer loop
      vertex 6.3314690589904785 3.849118709564209 75.76289367675781
      vertex 6.684286594390869 3.228944778442383 74.50167846679688
      vertex 4.967928409576416 3.6587681770324707 74.85041809082031
    endloop
  endfacet
  facet normal 0.10252627730369568 0.9058259725570679 -0.411056786775589
    outer loop
      vertex 7.038547039031982 2.510226249694824 73.00623321533203
      vertex 5.213186264038086 3.012962818145752 73.65880584716797
      vertex 6.684286594390869 3.228944778442383 74.50167846679688
    endloop
  endfacet
  facet normal 0.05917725712060928 0.9251028299331665 -0.37507709860801697
    outer loop
      vertex 7.038547039031982 2.510226249694824 73.00623321533203
      vertex 6.307928562164307 2.0222597122192383 71.68742370605469
      vertex 5.472344398498535 2.419696807861328 72.53584289550781
    endloop
  endfacet
  facet normal 0.08385365456342697 0.8889413475990295 -0.4502795934677124
    outer loop
      vertex 5.213186264038086 3.012962818145752 73.65880584716797
      vertex 7.038547039031982 2.510226249694824 73.00623321533203
      vertex 5.472344398498535 2.419696807861328 72.53584289550781
    endloop
  endfacet
  facet normal 0.1961689591407776 0.901134729385376 -0.38661885261535645
    outer loop
      vertex 7.038547039031982 2.510226249694824 73.00623321533203
      vertex 6.684286594390869 3.228944778442383 74.50167846679688
      vertex 8.730457305908203 2.6478538513183594 74.18548583984375
    endloop
  endfacet
  facet normal 0.1292579174041748 0.8827109932899475 -0.451789528131485
    outer loop
      vertex 4.967928409576416 3.6587681770324707 74.85041809082031
      vertex 6.684286594390869 3.228944778442383 74.50167846679688
      vertex 5.213186264038086 3.012962818145752 73.65880584716797
    endloop
  endfacet
  facet normal 0.03642289340496063 0.8870531916618347 -0.46022820472717285
    outer loop
      vertex 5.213186264038086 3.012962818145752 73.65880584716797
      vertex 5.472344398498535 2.419696807861328 72.53584289550781
      vertex 4.08990478515625 2.5723514556884766 72.72066497802734
    endloop
  endfacet
  facet normal 0.026479260995984077 0.8632187247276306 -0.5041353702545166
    outer loop
      vertex 3.502251625061035 3.298643112182617 73.93341064453125
      vertex 4.08990478515625 2.5723514556884766 72.72066497802734
      vertex 2.64768385887146 2.6896562576293945 72.84577178955078
    endloop
  endfacet
  facet normal 0.03852597251534462 0.8586812615394592 -0.5110599398612976
    outer loop
      vertex 3.502251625061035 3.298643112182617 73.93341064453125
      vertex 2.64768385887146 2.6896562576293945 72.84577178955078
      vertex 2.0292086601257324 3.179424285888672 73.62205505371094
    endloop
  endfacet
  facet normal -0.014642585068941116 0.9076206684112549 -0.4195360541343689
    outer loop
      vertex 4.08990478515625 2.5723514556884766 72.72066497802734
      vertex 4.638988494873047 2.000472068786621 71.46430206298828
      vertex 3.192157745361328 2.2068419456481934 71.96125793457031
    endloop
  endfacet
  facet normal 0.029774688184261322 0.8783057928085327 -0.4771713316440582
    outer loop
      vertex 3.502251625061035 3.298643112182617 73.93341064453125
      vertex 2.0292086601257324 3.179424285888672 73.62205505371094
      vertex 1.9745714664459229 3.760225772857666 74.68769836425781
    endloop
  endfacet
  facet normal -0.025726312771439552 0.8772088885307312 -0.47941914200782776
    outer loop
      vertex 2.0292086601257324 3.179424285888672 73.62205505371094
      vertex 0.6708282232284546 3.2461800575256348 73.81709289550781
      vertex 1.9745714664459229 3.760225772857666 74.68769836425781
    endloop
  endfacet
  facet normal -0.09094573557376862 0.9111924171447754 -0.4018176794052124
    outer loop
      vertex -0.03255152702331543 3.7925682067871094 75.21532440185547
      vertex 1.9745714664459229 3.760225772857666 74.68769836425781
      vertex 0.6708282232284546 3.2461800575256348 73.81709289550781
    endloop
  endfacet
  facet normal -0.25747036933898926 0.9576253890991211 -0.1290832906961441
    outer loop
      vertex 0.5529624223709106 4.775442123413086 78.8156967163086
      vertex 1.749746322631836 4.988571643829346 78.00971984863281
      vertex 0.4300943613052368 4.559787273406982 77.46089935302734
    endloop
  endfacet
  facet normal -0.42187249660491943 0.9005444049835205 -0.10508738458156586
    outer loop
      vertex -0.6324870586395264 4.183320999145508 78.50050354003906
      vertex 0.5529624223709106 4.775442123413086 78.8156967163086
      vertex 0.4300943613052368 4.559787273406982 77.46089935302734
    endloop
  endfacet
  facet normal -0.5539239048957825 0.8313164114952087 0.04562079533934593
    outer loop
      vertex -1.5535264015197754 3.5247788429260254 79.3174819946289
      vertex -0.48038673400878906 4.220629692077637 79.66744232177734
      vertex -0.6324870586395264 4.183320999145508 78.50050354003906
    endloop
  endfacet
  facet normal -0.6340482831001282 0.761141300201416 0.13655295968055725
    outer loop
      vertex -1.2120332717895508 3.601940155029297 80.4730224609375
      vertex -1.5535264015197754 3.5247788429260254 79.3174819946289
      vertex -2.3594160079956055 2.6998400688171387 80.17372131347656
    endloop
  endfacet
  facet normal -0.6015971302986145 0.7293991446495056 0.3256652057170868
    outer loop
      vertex -2.3594160079956055 2.6998400688171387 80.17372131347656
      vertex -3.7218708992004395 2.123401641845703 78.94793701171875
      vertex -3.4152441024780273 1.656263828277588 80.56062316894531
    endloop
  endfacet
  facet normal -0.537487268447876 0.6986809372901917 0.4721784293651581
    outer loop
      vertex -4.463294982910156 0.906644344329834 80.47682189941406
      vertex -3.743980884552002 0.9138908386230469 81.28490447998047
      vertex -3.4152441024780273 1.656263828277588 80.56062316894531
    endloop
  endfacet
  facet normal -0.4852696359157562 0.7274090051651001 0.4851696193218231
    outer loop
      vertex -6.113201141357422 -0.41722655296325684 80.61984252929688
      vertex -4.832162380218506 0.11513018608093262 81.10298919677734
      vertex -5.564392566680908 0.5589461326599121 79.7052001953125
    endloop
  endfacet
  facet normal -0.4252189099788666 0.6429405212402344 0.6370372176170349
    outer loop
      vertex -5.363615989685059 -0.918289303779602 81.62589263916016
      vertex -6.113201141357422 -0.41722655296325684 80.61984252929688
      vertex -6.406674385070801 -1.202981948852539 81.21698760986328
    endloop
  endfacet
  facet normal -0.4309994876384735 0.5253562927246094 0.7336485385894775
    outer loop
      vertex -6.0110321044921875 -1.860553503036499 81.92029571533203
      vertex -5.363615989685059 -0.918289303779602 81.62589263916016
      vertex -6.406674385070801 -1.202981948852539 81.21698760986328
    endloop
  endfacet
  facet normal -0.4117066562175751 0.6438806056976318 0.644914984703064
    outer loop
      vertex -7.156087875366211 -0.9485465288162231 80.48454284667969
      vertex -6.406674385070801 -1.202981948852539 81.21698760986328
      vertex -6.113201141357422 -0.41722655296325684 80.61984252929688
    endloop
  endfacet
  facet normal -0.4394175112247467 0.6083502769470215 0.6609252691268921
    outer loop
      vertex -6.406674385070801 -1.202981948852539 81.21698760986328
      vertex -7.156087875366211 -0.9485465288162231 80.48454284667969
      vertex -7.36128044128418 -1.8818275928497314 81.20716094970703
    endloop
  endfacet
  facet normal -0.3211718499660492 0.9291609525680542 0.183053120970726
    outer loop
      vertex -10.641589164733887 -1.6339489221572876 78.91117858886719
      vertex -10.92086124420166 -1.5043522119522095 77.76336669921875
      vertex -11.791784286499023 -2.0110437870025635 78.8072280883789
    endloop
  endfacet
  facet normal -0.31430289149284363 0.833310067653656 0.4547615647315979
    outer loop
      vertex -10.641589164733887 -1.6339489221572876 78.91117858886719
      vertex -11.791784286499023 -2.0110437870025635 78.8072280883789
      vertex -10.974897384643555 -2.1802525520324707 79.68186950683594
    endloop
  endfacet
  facet normal -0.3260452449321747 0.9107078313827515 0.2535858452320099
    outer loop
      vertex -11.791784286499023 -2.0110437870025635 78.8072280883789
      vertex -12.2984619140625 -1.9269165992736816 77.85364532470703
      vertex -13.384481430053711 -2.601688861846924 78.88063049316406
    endloop
  endfacet
  facet normal -0.35538944602012634 0.9082338213920593 0.2209293097257614
    outer loop
      vertex -12.2984619140625 -1.9269165992736816 77.85364532470703
      vertex -13.45749568939209 -2.228513240814209 77.22906494140625
      vertex -13.384481430053711 -2.601688861846924 78.88063049316406
    endloop
  endfacet
  facet normal -0.021068699657917023 0.9463353157043457 0.3224990665912628
    outer loop
      vertex -14.977371215820312 -2.7591135501861572 78.47315216064453
      vertex -14.767141342163086 -2.3061487674713135 77.15771484375
      vertex -15.94087028503418 -2.3961100578308105 77.34501647949219
    endloop
  endfacet
  facet normal -0.046622782945632935 0.9755438566207886 -0.2148037999868393
    outer loop
      vertex -13.45749568939209 -2.228513240814209 77.22906494140625
      vertex -12.709076881408691 -2.5215096473693848 75.7359619140625
      vertex -14.393901824951172 -2.584616184234619 75.81504821777344
    endloop
  endfacet
  facet normal -0.21311987936496735 0.8030083179473877 -0.5565585494041443
    outer loop
      vertex -12.709076881408691 -2.5215096473693848 75.7359619140625
      vertex -12.098514556884766 -2.9679882526397705 74.85797882080078
      vertex -13.594552993774414 -3.2777421474456787 74.98393249511719
    endloop
  endfacet
  facet normal -0.6678687334060669 0.596101701259613 -0.4456614851951599
    outer loop
      vertex -12.61887264251709 -3.995091438293457 74.26396942138672
      vertex -12.098514556884766 -2.9679882526397705 74.85797882080078
      vertex -11.065240859985352 -2.4033360481262207 74.06477355957031
    endloop
  endfacet
  facet normal -0.6523460745811462 0.6788914799690247 0.3369731605052948
    outer loop
      vertex -12.1011962890625 -3.066676139831543 73.39568328857422
      vertex -12.61887264251709 -3.995091438293457 74.26396942138672
      vertex -11.065240859985352 -2.4033360481262207 74.06477355957031
    endloop
  endfacet
  facet normal -0.18400007486343384 0.5602850317955017 -0.8076043725013733
    outer loop
      vertex -13.594552993774414 -3.2777421474456787 74.98393249511719
      vertex -12.098514556884766 -2.9679882526397705 74.85797882080078
      vertex -12.61887264251709 -3.995091438293457 74.26396942138672
    endloop
  endfacet
  facet normal -0.20366090536117554 -0.37262749671936035 -0.9053568840026855
    outer loop
      vertex -12.61887264251709 -3.995091438293457 74.26396942138672
      vertex -14.088171005249023 -5.252982139587402 75.11221313476562
      vertex -14.304620742797852 -4.086535453796387 74.68081665039062
    endloop
  endfacet
  facet normal -0.22441305220127106 -0.7862508893013 -0.5757155418395996
    outer loop
      vertex -12.451681137084961 -6.4559431076049805 76.1171875
      vertex -13.967303276062012 -5.959693908691406 76.0302505493164
      vertex -14.088171005249023 -5.252982139587402 75.11221313476562
    endloop
  endfacet
  facet normal -0.3325508236885071 -0.9425051808357239 -0.03307570144534111
    outer loop
      vertex -11.007620811462402 -6.976919651031494 76.75609588623047
      vertex -10.322479248046875 -7.2611565589904785 77.96696472167969
      vertex -11.589086532592773 -6.803910255432129 77.67231750488281
    endloop
  endfacet
  facet normal -0.6580192446708679 -0.6911683678627014 0.2988261282444
    outer loop
      vertex -9.277048110961914 -7.972338676452637 77.49505615234375
      vertex -8.481609344482422 -8.583715438842773 77.8325424194336
      vertex -8.885886192321777 -7.775790691375732 78.81100463867188
    endloop
  endfacet
  facet normal -0.6575931906700134 -0.6948046684265137 0.2912347614765167
    outer loop
      vertex -8.481609344482422 -8.583715438842773 77.8325424194336
      vertex -9.277048110961914 -7.972338676452637 77.49505615234375
      vertex -8.926368713378906 -8.751827239990234 76.42723083496094
    endloop
  endfacet
  facet normal -0.6795914769172668 -0.5414586067199707 0.494952529668808
    outer loop
      vertex -7.731941223144531 -8.600236892700195 78.84379577636719
      vertex -8.481609344482422 -8.583715438842773 77.8325424194336
      vertex -7.618949890136719 -9.413018226623535 78.10978698730469
    endloop
  endfacet
  facet normal -0.5216910243034363 -0.6106014251708984 0.5958223938941956
    outer loop
      vertex -7.618949890136719 -9.413018226623535 78.10978698730469
      vertex -6.709478378295898 -9.418830871582031 78.900146484375
      vertex -7.731941223144531 -8.600236892700195 78.84379577636719
    endloop
  endfacet
  facet normal -0.7416239976882935 -0.3604636490345001 0.565738320350647
    outer loop
      vertex -7.618949890136719 -9.413018226623535 78.10978698730469
      vertex -8.312993049621582 -9.351343154907227 77.23926544189453
      vertex -7.65761661529541 -10.411903381347656 77.42265319824219
    endloop
  endfacet
  facet normal -0.8133106827735901 -0.5375203490257263 -0.2227049469947815
    outer loop
      vertex -8.029699325561523 -10.057672500610352 70.829345703125
      vertex -8.881478309631348 -8.979907989501953 71.3387222290039
      vertex -8.295595169067383 -9.133241653442383 69.56918334960938
    endloop
  endfacet
  facet normal 0.09586091339588165 -0.9032566547393799 -0.41825607419013977
    outer loop
      vertex -2.7747011184692383 -10.615316390991211 70.37963104248047
      vertex -4.637017726898193 -10.680274963378906 70.09308624267578
      vertex -3.5585556030273438 -10.178478240966797 69.256591796875
    endloop
  endfacet
  facet normal -0.011750112287700176 -0.8507238626480103 -0.525481641292572
    outer loop
      vertex -5.034915447235107 -9.889111518859863 68.82113647460938
      vertex -3.5585556030273438 -10.178478240966797 69.256591796875
      vertex -4.637017726898193 -10.680274963378906 70.09308624267578
    endloop
  endfacet
  facet normal -0.020000861957669258 -0.9946180582046509 -0.10166091471910477
    outer loop
      vertex 0.4730231761932373 -10.321523666381836 69.5518798828125
      vertex -0.14383673667907715 -10.407672882080078 70.51609802246094
      vertex -1.2206652164459229 -10.258832931518555 69.2717514038086
    endloop
  endfacet
  facet normal -0.011620626784861088 -0.9957884550094604 -0.0909411832690239
    outer loop
      vertex 1.8289090394973755 -10.368056297302246 69.55785369873047
      vertex 0.5440118312835693 -10.257357597351074 68.5099105834961
      vertex 2.1294918060302734 -10.216605186462402 67.861083984375
    endloop
  endfacet
  facet normal 0.18285231292247772 -0.9761677384376526 -0.11688264459371567
    outer loop
      vertex 6.559497833251953 -9.926322937011719 69.34022521972656
      vertex 6.7513604164123535 -10.00373649597168 70.28691101074219
      vertex 5.543540954589844 -10.168795585632324 69.77590942382812
    endloop
  endfacet
  facet normal 0.31077367067337036 -0.9416154623031616 -0.12953771650791168
    outer loop
      vertex 9.9105224609375 -9.14352035522461 70.90572357177734
      vertex 8.177740097045898 -9.693284034729004 70.74486541748047
      vertex 9.18163776397705 -9.199714660644531 69.56553649902344
    endloop
  endfacet
  facet normal 0.6730072498321533 -0.6503996849060059 -0.3521953225135803
    outer loop
      vertex 12.97122573852539 -6.314465522766113 67.87680053710938
      vertex 13.802583694458008 -6.254450798034668 69.35460662841797
      vertex 12.984334945678711 -7.152246475219727 69.44898223876953
    endloop
  endfacet
  facet normal 0.858334481716156 -0.3866576850414276 -0.3372802138328552
    outer loop
      vertex 13.695597648620605 -5.624748229980469 68.3604507446289
      vertex 14.298322677612305 -5.137909889221191 69.33619689941406
      vertex 13.802583694458008 -6.254450798034668 69.35460662841797
    endloop
  endfacet
  facet normal 0.8195012807846069 -0.3710556924343109 -0.43673253059387207
    outer loop
      vertex 14.298322677612305 -5.137909889221191 69.33619689941406
      vertex 14.510007858276367 -5.856503486633301 70.34394073486328
      vertex 13.802583694458008 -6.254450798034668 69.35460662841797
    endloop
  endfacet
  facet normal 0.7439230680465698 -0.6021986603736877 -0.28971585631370544
    outer loop
      vertex 14.510007858276367 -5.856503486633301 70.34394073486328
      vertex 14.087312698364258 -6.806086540222168 71.23234558105469
      vertex 13.802583694458008 -6.254450798034668 69.35460662841797
    endloop
  endfacet
  facet normal 0.8533870577812195 -0.3227097988128662 -0.4093764126300812
    outer loop
      vertex 14.987309455871582 -5.076511383056641 70.72406005859375
      vertex 14.510007858276367 -5.856503486633301 70.34394073486328
      vertex 14.298322677612305 -5.137909889221191 69.33619689941406
    endloop
  endfacet
  facet normal 0.8641092777252197 -0.3548145592212677 -0.3569619655609131
    outer loop
      vertex 14.987309455871582 -5.076511383056641 70.72406005859375
      vertex 14.941129684448242 -5.825480937957764 71.35673522949219
      vertex 14.510007858276367 -5.856503486633301 70.34394073486328
    endloop
  endfacet
  facet normal 0.8541930317878723 0.38782745599746704 -0.34632954001426697
    outer loop
      vertex 14.562314987182617 -3.2276570796966553 70.09996795654297
      vertex 14.659918785095215 -2.696336507797241 70.93568420410156
      vertex 15.08215618133545 -3.413083076477051 71.17446899414062
    endloop
  endfacet
  facet normal 0.8758421540260315 0.37329792976379395 -0.30585819482803345
    outer loop
      vertex 15.597088813781738 -3.561018466949463 72.3898696899414
      vertex 15.103241920471191 -2.7472939491271973 71.96885681152344
      vertex 15.42466926574707 -2.504833459854126 73.1852035522461
    endloop
  endfacet
  facet normal 0.8854305744171143 0.36305561661720276 -0.29017800092697144
    outer loop
      vertex 16.025392532348633 -3.7054524421691895 73.51605987548828
      vertex 15.597088813781738 -3.561018466949463 72.3898696899414
      vertex 15.42466926574707 -2.504833459854126 73.1852035522461
    endloop
  endfacet
  facet normal 0.805543065071106 0.49363473057746887 -0.32775774598121643
    outer loop
      vertex 16.028423309326172 -2.603314161300659 74.520751953125
      vertex 15.42466926574707 -2.504833459854126 73.1852035522461
      vertex 15.384988784790039 -1.7708287239074707 74.19316101074219
    endloop
  endfacet
  facet normal 0.7148163914680481 0.6083799600601196 -0.34483540058135986
    outer loop
      vertex 14.751673698425293 -0.9848774671554565 74.28096008300781
      vertex 14.76333236694336 -0.5107389688491821 75.14163208007812
      vertex 15.554463386535645 -1.361929178237915 75.27986145019531
    endloop
  endfacet
  facet normal 0.6429409980773926 0.6671402454376221 -0.37623244524002075
    outer loop
      vertex 13.812451362609863 -0.06617045402526855 74.30499267578125
      vertex 14.76333236694336 -0.5107389688491821 75.14163208007812
      vertex 14.751673698425293 -0.9848774671554565 74.28096008300781
    endloop
  endfacet
  facet normal 0.6548087000846863 0.6781591176986694 -0.33365511894226074
    outer loop
      vertex 14.751673698425293 -0.9848774671554565 74.28096008300781
      vertex 14.044245719909668 -0.8502941131591797 73.16615295410156
      vertex 13.812451362609863 -0.06617045402526855 74.30499267578125
    endloop
  endfacet
  facet normal 0.5952110290527344 0.7145991921424866 -0.3675213158130646
    outer loop
      vertex 14.267768859863281 0.2949535846710205 75.74455261230469
      vertex 13.812451362609863 -0.06617045402526855 74.30499267578125
      vertex 13.1618070602417 0.7729301452636719 74.88278198242188
    endloop
  endfacet
  facet normal 0.5876644253730774 0.7156321406364441 -0.37751975655555725
    outer loop
      vertex 13.1618070602417 0.7729301452636719 74.88278198242188
      vertex 13.812451362609863 -0.06617045402526855 74.30499267578125
      vertex 12.495966911315918 0.7097983360290527 73.72663116455078
    endloop
  endfacet
  facet normal 0.43652188777923584 0.8300748467445374 -0.3470221757888794
    outer loop
      vertex 11.336529731750488 2.1207456588745117 75.39302062988281
      vertex 12.005748748779297 1.4155335426330566 74.5479736328125
      vertex 10.610028266906738 2.037217617034912 74.27935028076172
    endloop
  endfacet
  facet normal 0.4632614254951477 0.82560795545578 -0.3221186399459839
    outer loop
      vertex 12.926992416381836 1.4309022426605225 75.91226959228516
      vertex 12.005748748779297 1.4155335426330566 74.5479736328125
      vertex 11.336529731750488 2.1207456588745117 75.39302062988281
    endloop
  endfacet
  facet normal 0.3677215576171875 0.8599176406860352 -0.3540092706680298
    outer loop
      vertex 11.707393646240234 2.5223612785339355 76.7538070678711
      vertex 11.336529731750488 2.1207456588745117 75.39302062988281
      vertex 10.266319274902344 2.838374614715576 76.0245361328125
    endloop
  endfacet
  facet normal 0.369874507188797 0.8768751621246338 -0.30705496668815613
    outer loop
      vertex 10.610028266906738 2.037217617034912 74.27935028076172
      vertex 9.953661918640137 2.5753493309020996 75.02547454833984
      vertex 11.336529731750488 2.1207456588745117 75.39302062988281
    endloop
  endfacet
  facet normal 0.30060046911239624 0.8536379337310791 -0.4253723919391632
    outer loop
      vertex 10.29433822631836 4.039124011993408 78.62802124023438
      vertex 10.47382640838623 3.311917304992676 77.29550170898438
      vertex 9.507672309875488 3.751441478729248 77.49478149414062
    endloop
  endfacet
  facet normal 0.2398880422115326 0.8654050827026367 -0.4399181306362152
    outer loop
      vertex 7.874283313751221 4.884705543518066 78.80140686035156
      vertex 8.777647972106934 4.262861728668213 78.07072448730469
      vertex 7.62181282043457 4.396965503692627 77.70425415039062
    endloop
  endfacet
  facet normal 0.20900358259677887 0.8876646161079407 -0.41032806038856506
    outer loop
      vertex 6.5652174949646 4.354161262512207 77.07347106933594
      vertex 7.62181282043457 4.396965503692627 77.70425415039062
      vertex 8.18356990814209 3.7521510124206543 76.595458984375
    endloop
  endfacet
  facet normal 0.2734425961971283 0.89652019739151 -0.3485407829284668
    outer loop
      vertex 8.986451148986816 3.104343891143799 75.55905151367188
      vertex 8.18356990814209 3.7521510124206543 76.595458984375
      vertex 9.492755889892578 3.347047805786133 76.58055114746094
    endloop
  endfacet
  facet normal 0.2983003258705139 0.8820565938949585 -0.3646821081638336
    outer loop
      vertex 10.289228439331055 1.339848279953003 72.07437896728516
      vertex 8.677583694458008 1.848595380783081 71.98660278320312
      vertex 9.963958740234375 1.9085571765899658 73.18385314941406
    endloop
  endfacet
  facet normal 0.05794655159115791 0.9386063814163208 -0.3400888442993164
    outer loop
      vertex 6.307928562164307 2.0222597122192383 71.68742370605469
      vertex 7.409226417541504 2.0155887603759766 71.85665893554688
      vertex 7.411590576171875 1.6511075496673584 70.85113525390625
    endloop
  endfacet
  facet normal 0.07561000436544418 0.9671348929405212 -0.24276156723499298
    outer loop
      vertex 4.638988494873047 2.000472068786621 71.46430206298828
      vertex 6.046929836273193 1.6737778186798096 70.60130310058594
      vertex 4.8948869705200195 1.5065360069274902 69.57621765136719
    endloop
  endfacet
  facet normal 0.01608092524111271 0.9823948740959167 -0.18612313270568848
    outer loop
      vertex 2.0447804927825928 1.6290323734283447 69.75785827636719
      vertex 2.72117280960083 1.8204801082611084 70.82679748535156
      vertex 3.308105230331421 1.5565102100372314 69.48422241210938
    endloop
  endfacet
  facet normal 0.03683614358305931 0.9947985410690308 -0.09496854245662689
    outer loop
      vertex 3.308105230331421 1.5565102100372314 69.48422241210938
      vertex 4.8948869705200195 1.5065360069274902 69.57621765136719
      vertex 3.9665684700012207 1.4272732734680176 68.3858642578125
    endloop
  endfacet
  facet normal 0.04133741930127144 0.9964569211006165 -0.07324559986591339
    outer loop
      vertex 2.0447804927825928 1.6290323734283447 69.75785827636719
      vertex 3.308105230331421 1.5565102100372314 69.48422241210938
      vertex 2.3820319175720215 1.5042717456817627 68.25090789794922
    endloop
  endfacet
  facet normal 0.01671784371137619 0.9823105931282043 -0.18651102483272552
    outer loop
      vertex 2.72117280960083 1.8204801082611084 70.82679748535156
      vertex 2.0447804927825928 1.6290323734283447 69.75785827636719
      vertex 0.24248075485229492 1.840599775314331 70.71058654785156
    endloop
  endfacet
  facet normal 0.02085663191974163 0.9601746797561646 -0.2786206603050232
    outer loop
      vertex 1.0592668056488037 2.043893337249756 71.4723129272461
      vertex 2.72117280960083 1.8204801082611084 70.82679748535156
      vertex 0.24248075485229492 1.840599775314331 70.71058654785156
    endloop
  endfacet
  facet normal 0.07774990797042847 0.9393377304077148 -0.3340652883052826
    outer loop
      vertex -0.06441426277160645 2.5014023780822754 72.49723052978516
      vertex 1.0592668056488037 2.043893337249756 71.4723129272461
      vertex 0.24248075485229492 1.840599775314331 70.71058654785156
    endloop
  endfacet
  facet normal -0.015070300549268723 0.871329665184021 -0.49046656489372253
    outer loop
      vertex -0.06441426277160645 2.5014023780822754 72.49723052978516
      vertex 1.3044370412826538 2.7757158279418945 72.94249725341797
      vertex 1.770469069480896 2.2952332496643066 72.0745849609375
    endloop
  endfacet
  facet normal -0.2430679053068161 0.9310020208358765 -0.27231088280677795
    outer loop
      vertex -1.4192986488342285 3.4156312942504883 75.16444396972656
      vertex -1.141697883605957 3.7669029235839844 76.11761474609375
      vertex -0.03255152702331543 3.7925682067871094 75.21532440185547
    endloop
  endfacet
  facet normal -0.4814800024032593 0.8763888478279114 -0.010934277437627316
    outer loop
      vertex -1.6739144325256348 3.605597496032715 78.0538330078125
      vertex -0.6324870586395264 4.183320999145508 78.50050354003906
      vertex -0.8456201553344727 4.050629615783691 77.25031280517578
    endloop
  endfacet
  facet normal -0.5160841345787048 0.8502559661865234 0.1035468652844429
    outer loop
      vertex -1.6739144325256348 3.605597496032715 78.0538330078125
      vertex -1.5535264015197754 3.5247788429260254 79.3174819946289
      vertex -0.6324870586395264 4.183320999145508 78.50050354003906
    endloop
  endfacet
  facet normal -0.5438283681869507 0.8171048760414124 0.19128601253032684
    outer loop
      vertex -3.7218708992004395 2.123401641845703 78.94793701171875
      vertex -2.5997982025146484 2.931579113006592 78.68576049804688
      vertex -3.413602352142334 2.563509464263916 77.94436645507812
    endloop
  endfacet
  facet normal -0.5414450168609619 0.7876667380332947 0.2939700782299042
    outer loop
      vertex -4.493776798248291 1.3617115020751953 79.56709289550781
      vertex -3.7218708992004395 2.123401641845703 78.94793701171875
      vertex -5.08342170715332 1.4485914707183838 78.24827575683594
    endloop
  endfacet
  facet normal -0.5601217150688171 0.6585817337036133 0.5025272965431213
    outer loop
      vertex -4.463294982910156 0.906644344329834 80.47682189941406
      vertex -5.564392566680908 0.5589461326599121 79.7052001953125
      vertex -4.832162380218506 0.11513018608093262 81.10298919677734
    endloop
  endfacet
  facet normal -0.4948059022426605 0.804711639881134 0.328033983707428
    outer loop
      vertex -6.529474258422852 0.5878350734710693 78.17860412597656
      vertex -5.564392566680908 0.5589461326599121 79.7052001953125
      vertex -5.08342170715332 1.4485914707183838 78.24827575683594
    endloop
  endfacet
  facet normal -0.4706372320652008 0.8248914480209351 0.3131369650363922
    outer loop
      vertex -5.564392566680908 0.5589461326599121 79.7052001953125
      vertex -6.529474258422852 0.5878350734710693 78.17860412597656
      vertex -7.018766403198242 -0.22216832637786865 79.57698822021484
    endloop
  endfacet
  facet normal -0.4395407736301422 0.7332310676574707 0.5188218355178833
    outer loop
      vertex -5.564392566680908 0.5589461326599121 79.7052001953125
      vertex -7.018766403198242 -0.22216832637786865 79.57698822021484
      vertex -6.113201141357422 -0.41722655296325684 80.61984252929688
    endloop
  endfacet
  facet normal -0.4404505491256714 0.7322545051574707 0.5194292068481445
    outer loop
      vertex -6.113201141357422 -0.41722655296325684 80.61984252929688
      vertex -7.018766403198242 -0.22216832637786865 79.57698822021484
      vertex -7.156087875366211 -0.9485465288162231 80.48454284667969
    endloop
  endfacet
  facet normal -0.43148767948150635 0.8880158066749573 0.15889090299606323
    outer loop
      vertex -8.930901527404785 -0.5961860418319702 77.72549438476562
      vertex -8.121854782104492 -0.3505289554595947 78.54962158203125
      vertex -7.72712516784668 0.06231498718261719 77.31423950195312
    endloop
  endfacet
  facet normal -0.35703960061073303 0.9266763925552368 0.11744633316993713
    outer loop
      vertex -9.607908248901367 -1.0992491245269775 78.55842590332031
      vertex -9.83376407623291 -1.0462121963500977 77.4533462524414
      vertex -10.92086124420166 -1.5043522119522095 77.76336669921875
    endloop
  endfacet
  facet normal -0.4163619577884674 0.8998199105262756 -0.13025711476802826
    outer loop
      vertex -10.92086124420166 -1.5043522119522095 77.76336669921875
      vertex -9.83376407623291 -1.0462121963500977 77.4533462524414
      vertex -10.297813415527344 -1.3866710662841797 76.58476257324219
    endloop
  endfacet
  facet normal -0.4519442915916443 0.8625240325927734 -0.22759287059307098
    outer loop
      vertex -8.885139465332031 -0.6444607973098755 76.59233856201172
      vertex -9.396566390991211 -1.1876240968704224 75.54944610595703
      vertex -10.297813415527344 -1.3866710662841797 76.58476257324219
    endloop
  endfacet
  facet normal -0.3223603367805481 0.9435452818870544 -0.07619896531105042
    outer loop
      vertex -11.735880851745605 -1.8680992126464844 76.70716094970703
      vertex -10.92086124420166 -1.5043522119522095 77.76336669921875
      vertex -10.297813415527344 -1.3866710662841797 76.58476257324219
    endloop
  endfacet
  facet normal -0.6045589447021484 0.09934555739164352 0.7903409600257874
    outer loop
      vertex -12.792263984680176 -3.855304718017578 73.2877197265625
      vertex -13.769351959228516 -4.198493957519531 72.58345031738281
      vertex -12.75361156463623 -4.93123197555542 73.45252990722656
    endloop
  endfacet
  facet normal -0.8896921277046204 -0.44095003604888916 0.11836855113506317
    outer loop
      vertex -12.75361156463623 -4.93123197555542 73.45252990722656
      vertex -12.171782493591309 -6.148772239685059 73.29010772705078
      vertex -12.317193984985352 -5.539722442626953 74.46600341796875
    endloop
  endfacet
  facet normal -0.6405662298202515 -0.7113519310951233 0.2892289459705353
    outer loop
      vertex -11.077347755432129 -6.7023701667785645 74.35243225097656
      vertex -12.317193984985352 -5.539722442626953 74.46600341796875
      vertex -12.171782493591309 -6.148772239685059 73.29010772705078
    endloop
  endfacet
  facet normal -0.7092552781105042 -0.1724766194820404 0.6835267543792725
    outer loop
      vertex -12.75361156463623 -4.93123197555542 73.45252990722656
      vertex -13.769351959228516 -4.198493957519531 72.58345031738281
      vertex -13.617707252502441 -5.6768083572387695 72.3677749633789
    endloop
  endfacet
  facet normal -0.9372484087944031 -0.1413644254207611 0.3187185525894165
    outer loop
      vertex -12.317193984985352 -5.539722442626953 74.46600341796875
      vertex -12.61887264251709 -3.995091438293457 74.26396942138672
      vertex -12.75361156463623 -4.93123197555542 73.45252990722656
    endloop
  endfacet
  facet normal -0.5514608025550842 -0.8319441080093384 0.061319030821323395
    outer loop
      vertex -11.077347755432129 -6.7023701667785645 74.35243225097656
      vertex -9.82805347442627 -7.586374282836914 73.5940170288086
      vertex -9.8474702835083 -7.4817280769348145 74.83917999267578
    endloop
  endfacet
  facet normal -0.43721553683280945 -0.8556071519851685 0.2770901918411255
    outer loop
      vertex -9.82805347442627 -7.586374282836914 73.5940170288086
      vertex -11.077347755432129 -6.7023701667785645 74.35243225097656
      vertex -11.002741813659668 -7.319880485534668 72.56338500976562
    endloop
  endfacet
  facet normal -0.5507656931877136 -0.8338600993156433 0.03652989864349365
    outer loop
      vertex -9.277048110961914 -7.972338676452637 77.49505615234375
      vertex -10.322479248046875 -7.2611565589904785 77.96696472167969
      vertex -9.82812786102295 -7.660861968994141 76.29637145996094
    endloop
  endfacet
  facet normal -0.3092854619026184 -0.9480829238891602 -0.07403585314750671
    outer loop
      vertex -10.757746696472168 -6.971969127655029 75.64884948730469
      vertex -11.007620811462402 -6.976919651031494 76.75609588623047
      vertex -12.451681137084961 -6.4559431076049805 76.1171875
    endloop
  endfacet
  facet normal -0.7499069571495056 -0.6324360966682434 -0.19407261908054352
    outer loop
      vertex -9.192646980285645 -8.06251049041748 74.2015380859375
      vertex -9.117720603942871 -8.42916488647461 75.10685729980469
      vertex -9.8474702835083 -7.4817280769348145 74.83917999267578
    endloop
  endfacet
  facet normal -0.6319625377655029 -0.773036777973175 0.05511300265789032
    outer loop
      vertex -9.192646980285645 -8.06251049041748 74.2015380859375
      vertex -9.8474702835083 -7.4817280769348145 74.83917999267578
      vertex -9.82805347442627 -7.586374282836914 73.5940170288086
    endloop
  endfacet
  facet normal -0.9819590449333191 -0.1797860860824585 -0.05859546735882759
    outer loop
      vertex -9.019472122192383 -8.958017349243164 74.04707336425781
      vertex -9.192646980285645 -8.06251049041748 74.2015380859375
      vertex -9.129860877990723 -8.183024406433105 73.51911926269531
    endloop
  endfacet
  facet normal -0.5152044296264648 -0.7632667422294617 0.3898566961288452
    outer loop
      vertex -11.002741813659668 -7.319880485534668 72.56338500976562
      vertex -9.375038146972656 -8.371734619140625 72.65509796142578
      vertex -9.82805347442627 -7.586374282836914 73.5940170288086
    endloop
  endfacet
  facet normal -0.5634233951568604 -0.820778489112854 0.09421651065349579
    outer loop
      vertex -8.881478309631348 -8.979907989501953 71.3387222290039
      vertex -10.031489372253418 -8.170797348022461 71.51021575927734
      vertex -9.893366813659668 -8.405414581298828 70.29230499267578
    endloop
  endfacet
  facet normal -0.4010809063911438 -0.8572932481765747 0.32277292013168335
    outer loop
      vertex -11.002741813659668 -7.319880485534668 72.56338500976562
      vertex -11.556734085083008 -7.6225786209106445 71.07101440429688
      vertex -10.031489372253418 -8.170797348022461 71.51021575927734
    endloop
  endfacet
  facet normal -0.6108851432800293 -0.7559036612510681 0.23543404042720795
    outer loop
      vertex -12.171782493591309 -6.148772239685059 73.29010772705078
      vertex -11.002741813659668 -7.319880485534668 72.56338500976562
      vertex -11.077347755432129 -6.7023701667785645 74.35243225097656
    endloop
  endfacet
  facet normal -0.5824479460716248 -0.37457478046417236 0.72142094373703
    outer loop
      vertex -12.75361156463623 -4.93123197555542 73.45252990722656
      vertex -13.617707252502441 -5.6768083572387695 72.3677749633789
      vertex -12.171782493591309 -6.148772239685059 73.29010772705078
    endloop
  endfacet
  facet normal -0.5594260096549988 -0.5714514851570129 0.6004047393798828
    outer loop
      vertex -14.081998825073242 -6.467652797698975 71.18246459960938
      vertex -13.617707252502441 -5.6768083572387695 72.3677749633789
      vertex -14.922378540039062 -5.528005123138428 71.29377746582031
    endloop
  endfacet
  facet normal -0.6091521382331848 -0.40049663186073303 0.684497058391571
    outer loop
      vertex -14.557430267333984 -4.8555707931518555 72.01199340820312
      vertex -14.922378540039062 -5.528005123138428 71.29377746582031
      vertex -13.617707252502441 -5.6768083572387695 72.3677749633789
    endloop
  endfacet
  facet normal -0.5633658766746521 -0.041938699781894684 0.825142502784729
    outer loop
      vertex -14.557430267333984 -4.8555707931518555 72.01199340820312
      vertex -13.769351959228516 -4.198493957519531 72.58345031738281
      vertex -14.815555572509766 -4.053622245788574 71.87651824951172
    endloop
  endfacet
  facet normal -0.48243632912635803 0.37615275382995605 0.7910526990890503
    outer loop
      vertex -13.769351959228516 -4.198493957519531 72.58345031738281
      vertex -14.269193649291992 -3.124070167541504 71.76771545410156
      vertex -14.815555572509766 -4.053622245788574 71.87651824951172
    endloop
  endfacet
  facet normal -0.6926379799842834 -0.10232505947351456 0.713990330696106
    outer loop
      vertex -15.437301635742188 -4.548956871032715 71.20237731933594
      vertex -14.557430267333984 -4.8555707931518555 72.01199340820312
      vertex -14.815555572509766 -4.053622245788574 71.87651824951172
    endloop
  endfacet
  facet normal -0.5999808311462402 0.5897037982940674 0.5406222343444824
    outer loop
      vertex -14.269193649291992 -3.124070167541504 71.76771545410156
      vertex -15.246496200561523 -2.9727158546447754 70.51801300048828
      vertex -15.377761840820312 -3.6898813247680664 71.15460968017578
    endloop
  endfacet
  facet normal -0.8888766765594482 -0.09434971213340759 0.4483262598514557
    outer loop
      vertex -15.838323593139648 -5.152284622192383 70.28031921386719
      vertex -15.437301635742188 -4.548956871032715 71.20237731933594
      vertex -16.043563842773438 -4.041931629180908 70.10707092285156
    endloop
  endfacet
  facet normal -0.8537877798080444 0.08770795166492462 0.5131800770759583
    outer loop
      vertex -15.437301635742188 -4.548956871032715 71.20237731933594
      vertex -15.377761840820312 -3.6898813247680664 71.15460968017578
      vertex -16.043563842773438 -4.041931629180908 70.10707092285156
    endloop
  endfacet
  facet normal -0.7637712955474854 0.08848707377910614 0.639393150806427
    outer loop
      vertex -14.815555572509766 -4.053622245788574 71.87651824951172
      vertex -15.377761840820312 -3.6898813247680664 71.15460968017578
      vertex -15.437301635742188 -4.548956871032715 71.20237731933594
    endloop
  endfacet
  facet normal -0.5949249267578125 0.42922264337539673 0.6795824766159058
    outer loop
      vertex -14.269193649291992 -3.124070167541504 71.76771545410156
      vertex -15.377761840820312 -3.6898813247680664 71.15460968017578
      vertex -14.815555572509766 -4.053622245788574 71.87651824951172
    endloop
  endfacet
  facet normal -0.7000941038131714 -0.30807167291641235 0.6441740393638611
    outer loop
      vertex -15.437301635742188 -4.548956871032715 71.20237731933594
      vertex -14.922378540039062 -5.528005123138428 71.29377746582031
      vertex -14.557430267333984 -4.8555707931518555 72.01199340820312
    endloop
  endfacet
  facet normal -0.4723924398422241 -0.842218816280365 -0.25983256101608276
    outer loop
      vertex -14.255163192749023 -6.347219467163086 67.56311798095703
      vertex -14.022132873535156 -6.83360481262207 68.71601867675781
      vertex -15.037946701049805 -6.325599670410156 68.91619110107422
    endloop
  endfacet
  facet normal -0.4039498567581177 -0.8880553245544434 -0.21950455009937286
    outer loop
      vertex -14.255163192749023 -6.347219467163086 67.56311798095703
      vertex -15.037946701049805 -6.325599670410156 68.91619110107422
      vertex -15.80711555480957 -5.651677131652832 67.60517120361328
    endloop
  endfacet
  facet normal -0.29113999009132385 -0.9011080861091614 -0.32131245732307434
    outer loop
      vertex -14.255163192749023 -6.347219467163086 67.56311798095703
      vertex -13.038743019104004 -6.956226825714111 68.16886138916016
      vertex -14.022132873535156 -6.83360481262207 68.71601867675781
    endloop
  endfacet
  facet normal -0.44896647334098816 -0.8934828042984009 -0.010853023268282413
    outer loop
      vertex -14.003997802734375 -6.857719421386719 69.95106506347656
      vertex -15.037946701049805 -6.325599670410156 68.91619110107422
      vertex -14.022132873535156 -6.83360481262207 68.71601867675781
    endloop
  endfacet
  facet normal -0.21267588436603546 -0.9319822788238525 -0.2935609519481659
    outer loop
      vertex -6.688068389892578 -9.463964462280273 68.66905975341797
      vertex -6.018288612365723 -9.295459747314453 67.64886474609375
      vertex -5.034915447235107 -9.889111518859863 68.82113647460938
    endloop
  endfacet
  facet normal -0.12456777691841125 -0.9431972503662109 -0.30799636244773865
    outer loop
      vertex -4.635698318481445 -9.408454895019531 67.18772888183594
      vertex -3.9309582710266113 -9.857004165649414 68.27632141113281
      vertex -5.034915447235107 -9.889111518859863 68.82113647460938
    endloop
  endfacet
  facet normal 0.2337179332971573 0.9496688842773438 -0.20857836306095123
    outer loop
      vertex 7.926426887512207 0.9642322063446045 68.39389038085938
      vertex 8.581592559814453 0.5769658088684082 67.36477661132812
      vertex 6.992220878601074 0.9014177322387695 67.06108856201172
    endloop
  endfacet
  facet normal 0.007156260311603546 -0.996126115322113 -0.08764498680830002
    outer loop
      vertex 2.1294918060302734 -10.216605186462402 67.861083984375
      vertex 3.224294424057007 -10.306291580200195 68.96980285644531
      vertex 1.8289090394973755 -10.368056297302246 69.55785369873047
    endloop
  endfacet
  facet normal 0.14769361913204193 0.9776535034179688 -0.14959993958473206
    outer loop
      vertex 6.2103705406188965 1.1838529109954834 68.13494873046875
      vertex 7.926426887512207 0.9642322063446045 68.39389038085938
      vertex 6.992220878601074 0.9014177322387695 67.06108856201172
    endloop
  endfacet
  facet normal 0.1565503180027008 -0.9752920269966125 -0.15587672591209412
    outer loop
      vertex 5.984502792358398 -9.923425674438477 68.61627197265625
      vertex 4.5279107093811035 -10.177416801452637 68.74256134033203
      vertex 5.103463649749756 -9.890177726745605 67.52339935302734
    endloop
  endfacet
  facet normal 0.15756386518478394 -0.9765492081642151 -0.1467149257659912
    outer loop
      vertex 5.984502792358398 -9.923425674438477 68.61627197265625
      vertex 5.543540954589844 -10.168795585632324 69.77590942382812
      vertex 4.5279107093811035 -10.177416801452637 68.74256134033203
    endloop
  endfacet
  facet normal 0.1723165512084961 -0.9749321937561035 -0.14076296985149384
    outer loop
      vertex 6.559497833251953 -9.926322937011719 69.34022521972656
      vertex 5.543540954589844 -10.168795585632324 69.77590942382812
      vertex 5.984502792358398 -9.923425674438477 68.61627197265625
    endloop
  endfacet
  facet normal 0.26561614871025085 -0.9550097584724426 -0.131926029920578
    outer loop
      vertex 6.7513604164123535 -10.00373649597168 70.28691101074219
      vertex 6.559497833251953 -9.926322937011719 69.34022521972656
      vertex 7.706223487854004 -9.554258346557617 68.95564270019531
    endloop
  endfacet
  facet normal 0.35416626930236816 -0.9150257706642151 -0.19311676919460297
    outer loop
      vertex 9.21882438659668 -8.882282257080078 68.12967681884766
      vertex 10.494501113891602 -8.649640083312988 69.36689758300781
      vertex 9.18163776397705 -9.199714660644531 69.56553649902344
    endloop
  endfacet
  facet normal 0.8956407904624939 0.18688514828681946 -0.40361055731773376
    outer loop
      vertex 14.562314987182617 -3.2276570796966553 70.09996795654297
      vertex 14.787468910217285 -4.128253936767578 70.1825942993164
      vertex 14.023465156555176 -3.5561938285827637 68.7520980834961
    endloop
  endfacet
  facet normal 0.9266255497932434 0.04240630194544792 -0.37358635663986206
    outer loop
      vertex 13.867926597595215 -4.709339618682861 68.23541259765625
      vertex 13.574150085449219 -3.9082255363464355 67.5976791381836
      vertex 14.023465156555176 -3.5561938285827637 68.7520980834961
    endloop
  endfacet
  facet normal 0.769039511680603 0.5648305416107178 -0.2992401123046875
    outer loop
      vertex 14.659918785095215 -2.696336507797241 70.93568420410156
      vertex 14.060530662536621 -2.4962639808654785 69.77291870117188
      vertex 14.311299324035645 -1.8270527124404907 71.68055725097656
    endloop
  endfacet
  facet normal 0.7713847756385803 0.5476584434509277 -0.3240922689437866
    outer loop
      vertex 14.311299324035645 -1.8270527124404907 71.68055725097656
      vertex 14.833263397216797 -1.5556883811950684 73.38146209716797
      vertex 15.42466926574707 -2.504833459854126 73.1852035522461
    endloop
  endfacet
  facet normal 0.6755741834640503 0.6487129330635071 -0.3503871560096741
    outer loop
      vertex 14.751673698425293 -0.9848774671554565 74.28096008300781
      vertex 14.833263397216797 -1.5556883811950684 73.38146209716797
      vertex 14.044245719909668 -0.8502941131591797 73.16615295410156
    endloop
  endfacet
  facet normal 0.6587345004081726 0.6775633692741394 -0.3270730972290039
    outer loop
      vertex 14.044245719909668 -0.8502941131591797 73.16615295410156
      vertex 14.311299324035645 -1.8270527124404907 71.68055725097656
      vertex 13.42767333984375 -0.7615429162979126 72.10821533203125
    endloop
  endfacet
  facet normal 0.4360179603099823 0.844400942325592 -0.3112483620643616
    outer loop
      vertex 11.189163208007812 1.3900971412658691 73.33503723144531
      vertex 10.610028266906738 2.037217617034912 74.27935028076172
      vertex 12.005748748779297 1.4155335426330566 74.5479736328125
    endloop
  endfacet
  facet normal 0.40187543630599976 0.8514258861541748 -0.33700162172317505
    outer loop
      vertex 10.610028266906738 2.037217617034912 74.27935028076172
      vertex 11.189163208007812 1.3900971412658691 73.33503723144531
      vertex 9.963958740234375 1.9085571765899658 73.18385314941406
    endloop
  endfacet
  facet normal 0.41231289505958557 0.8794899582862854 -0.23768803477287292
    outer loop
      vertex 10.999195098876953 0.5938162803649902 70.97078704833984
      vertex 11.09070873260498 0.22218799591064453 69.75444030761719
      vertex 10.114521980285645 0.6866044998168945 69.77949523925781
    endloop
  endfacet
  facet normal 0.0998435989022255 0.9865087270736694 -0.12973780930042267
    outer loop
      vertex 5.05293083190918 1.335418462753296 68.39669036865234
      vertex 4.8948869705200195 1.5065360069274902 69.57621765136719
      vertex 6.2103705406188965 1.1838529109954834 68.13494873046875
    endloop
  endfacet
  facet normal 0.15277259051799774 0.9698488116264343 -0.18987883627414703
    outer loop
      vertex 6.2103705406188965 1.1838529109954834 68.13494873046875
      vertex 7.10484504699707 1.318873643875122 69.54427337646484
      vertex 7.926426887512207 0.9642322063446045 68.39389038085938
    endloop
  endfacet
  facet normal 0.021373847499489784 0.998319685459137 -0.05386192351579666
    outer loop
      vertex 0.8165699243545532 1.5068321228027344 67.6771469116211
      vertex 2.3820319175720215 1.5042717456817627 68.25090789794922
      vertex 1.6109466552734375 1.4319863319396973 66.6051254272461
    endloop
  endfacet
  facet normal 0.043959733098745346 0.996956467628479 -0.06438402831554413
    outer loop
      vertex 3.5029990673065186 1.3727912902832031 66.98036193847656
      vertex 1.6109466552734375 1.4319863319396973 66.6051254272461
      vertex 2.3820319175720215 1.5042717456817627 68.25090789794922
    endloop
  endfacet
  facet normal -0.014399235136806965 0.9970102310180664 -0.07591692358255386
    outer loop
      vertex -1.0221734046936035 1.5908303260803223 69.4095458984375
      vertex 0.7903369665145874 1.5845143795013428 68.98281860351562
      vertex -0.5712997913360596 1.4968643188476562 68.08998107910156
    endloop
  endfacet
  facet normal -0.024976562708616257 0.9978934526443481 -0.05987249314785004
    outer loop
      vertex -0.5712997913360596 1.4968643188476562 68.08998107910156
      vertex 0.7903369665145874 1.5845143795013428 68.98281860351562
      vertex 0.8165699243545532 1.5068321228027344 67.6771469116211
    endloop
  endfacet
  facet normal -0.08877906203269958 0.9951982498168945 -0.04121556133031845
    outer loop
      vertex -0.5712997913360596 1.4968643188476562 68.08998107910156
      vertex -1.5083134174346924 1.3792660236358643 67.2687759399414
      vertex -2.5381927490234375 1.325920581817627 68.19906616210938
    endloop
  endfacet
  facet normal -0.10703914612531662 0.9798434376716614 -0.16866950690746307
    outer loop
      vertex -2.570895195007324 1.7187228202819824 71.10858154296875
      vertex -1.506169319152832 1.753800630569458 70.63667297363281
      vertex -2.508115768432617 1.5087757110595703 69.84910583496094
    endloop
  endfacet
  facet normal -0.11536972969770432 0.9207107424736023 -0.37280237674713135
    outer loop
      vertex -1.5641427040100098 2.6452832221984863 73.31668853759766
      vertex -0.06441426277160645 2.5014023780822754 72.49723052978516
      vertex -1.7061519622802734 2.1104745864868164 72.0398178100586
    endloop
  endfacet
  facet normal -0.2877843379974365 0.9036677479743958 -0.3171197175979614
    outer loop
      vertex -2.362492084503174 2.8436174392700195 74.60636138916016
      vertex -1.5641427040100098 2.6452832221984863 73.31668853759766
      vertex -2.926363468170166 2.2621383666992188 73.4610824584961
    endloop
  endfacet
  facet normal -0.3993574380874634 0.8918596506118774 -0.21236807107925415
    outer loop
      vertex -2.1763925552368164 3.25508451461792 75.91392517089844
      vertex -1.141697883605957 3.7669029235839844 76.11761474609375
      vertex -1.4192986488342285 3.4156312942504883 75.16444396972656
    endloop
  endfacet
  facet normal -0.3455370366573334 0.9275945425033569 -0.14203035831451416
    outer loop
      vertex -1.141697883605957 3.7669029235839844 76.11761474609375
      vertex -0.8456201553344727 4.050629615783691 77.25031280517578
      vertex -0.09912967681884766 4.199986934661865 76.40966796875
    endloop
  endfacet
  facet normal -0.4622023105621338 0.8866539001464844 0.014623002149164677
    outer loop
      vertex -1.7644200325012207 3.577096939086914 76.92124938964844
      vertex -1.6739144325256348 3.605597496032715 78.0538330078125
      vertex -0.8456201553344727 4.050629615783691 77.25031280517578
    endloop
  endfacet
  facet normal -0.5418940186500549 0.8348854780197144 0.09652572870254517
    outer loop
      vertex -2.701657772064209 3.03855562210083 77.18864440917969
      vertex -2.5997982025146484 2.931579113006592 78.68576049804688
      vertex -1.6739144325256348 3.605597496032715 78.0538330078125
    endloop
  endfacet
  facet normal -0.5146438479423523 0.832085907459259 0.206820547580719
    outer loop
      vertex -4.203322410583496 2.108635902404785 77.80931854248047
      vertex -3.7218708992004395 2.123401641845703 78.94793701171875
      vertex -3.413602352142334 2.563509464263916 77.94436645507812
    endloop
  endfacet
  facet normal -0.5075892806053162 0.8611162900924683 -0.028841178864240646
    outer loop
      vertex -7.373863220214844 0.22711443901062012 76.01746368408203
      vertex -8.885139465332031 -0.6444607973098755 76.59233856201172
      vertex -7.72712516784668 0.06231498718261719 77.31423950195312
    endloop
  endfacet
  facet normal -0.5409091711044312 0.8390992283821106 -0.05770302563905716
    outer loop
      vertex -6.466805458068848 0.8161721229553223 76.51504516601562
      vertex -5.410310745239258 1.4663114547729492 76.06556701660156
      vertex -6.323573112487793 0.8159315586090088 75.16888427734375
    endloop
  endfacet
  facet normal -0.5030986666679382 0.8610403537750244 -0.07417001575231552
    outer loop
      vertex -5.410310745239258 1.4663114547729492 76.06556701660156
      vertex -4.2958292961120605 2.1036438941955566 75.90478515625
      vertex -5.114579200744629 1.554694652557373 75.08564758300781
    endloop
  endfacet
  facet normal -0.48313963413238525 0.8744222521781921 -0.04429367557168007
    outer loop
      vertex -3.206634521484375 2.68782377243042 75.77278900146484
      vertex -3.755249500274658 2.4444732666015625 76.95278930664062
      vertex -2.701657772064209 3.03855562210083 77.18864440917969
    endloop
  endfacet
  facet normal -0.42220255732536316 0.8992056250572205 -0.11477886885404587
    outer loop
      vertex -2.1763925552368164 3.25508451461792 75.91392517089844
      vertex -1.7644200325012207 3.577096939086914 76.92124938964844
      vertex -1.141697883605957 3.7669029235839844 76.11761474609375
    endloop
  endfacet
  facet normal -0.40677589178085327 0.8863842487335205 -0.22103479504585266
    outer loop
      vertex -2.362492084503174 2.8436174392700195 74.60636138916016
      vertex -2.1763925552368164 3.25508451461792 75.91392517089844
      vertex -1.4192986488342285 3.4156312942504883 75.16444396972656
    endloop
  endfacet
  facet normal -0.4806309640407562 0.868112325668335 -0.12399562448263168
    outer loop
      vertex -4.2958292961120605 2.1036438941955566 75.90478515625
      vertex -3.206634521484375 2.68782377243042 75.77278900146484
      vertex -3.98696231842041 2.087836265563965 74.59688568115234
    endloop
  endfacet
  facet normal -0.46889981627464294 0.8738376498222351 -0.12861093878746033
    outer loop
      vertex -5.114579200744629 1.554694652557373 75.08564758300781
      vertex -3.98696231842041 2.087836265563965 74.59688568115234
      vertex -5.557443618774414 1.1433298587799072 73.90528869628906
    endloop
  endfacet
  facet normal -0.3574669361114502 0.9059638977050781 -0.2268189787864685
    outer loop
      vertex -2.926363468170166 2.2621383666992188 73.4610824584961
      vertex -3.3077659606933594 1.8030428886413574 72.22844696044922
      vertex -4.326122283935547 1.6526341438293457 73.23261260986328
    endloop
  endfacet
  facet normal -0.5201358795166016 0.8487325310707092 -0.09545604139566422
    outer loop
      vertex -6.803651809692383 0.3980095386505127 74.06892395019531
      vertex -6.323573112487793 0.8159315586090088 75.16888427734375
      vertex -5.557443618774414 1.1433298587799072 73.90528869628906
    endloop
  endfacet
  facet normal -0.47357457876205444 0.8789304494857788 0.056642211973667145
    outer loop
      vertex -6.677583694458008 0.40392231941223145 72.65155029296875
      vertex -7.989945411682129 -0.2897372245788574 72.44282531738281
      vertex -7.704519271850586 -0.21690714359283447 73.6990966796875
    endloop
  endfacet
  facet normal -0.3520592749118805 0.9337019324302673 0.06523044407367706
    outer loop
      vertex -8.524534225463867 -0.4221029281616211 71.45223236083984
      vertex -7.989945411682129 -0.2897372245788574 72.44282531738281
      vertex -7.1687211990356445 0.1120905876159668 71.12338256835938
    endloop
  endfacet
  facet normal -0.40440458059310913 0.913498044013977 -0.04447774216532707
    outer loop
      vertex -7.1687211990356445 0.1120905876159668 71.12338256835938
      vertex -6.677583694458008 0.40392231941223145 72.65155029296875
      vertex -5.852324962615967 0.7150828838348389 71.53877258300781
    endloop
  endfacet
  facet normal -0.39030539989471436 0.9159979224205017 -0.09278770536184311
    outer loop
      vertex -5.852324962615967 0.7150828838348389 71.53877258300781
      vertex -6.110679626464844 0.49106717109680176 70.41404724121094
      vertex -7.1687211990356445 0.1120905876159668 71.12338256835938
    endloop
  endfacet
  facet normal -0.3806445598602295 0.9153479337692261 -0.13133123517036438
    outer loop
      vertex -5.852324962615967 0.7150828838348389 71.53877258300781
      vertex -5.410813808441162 1.0528838634490967 72.61351013183594
      vertex -4.610440254211426 1.2745120525360107 71.83843994140625
    endloop
  endfacet
  facet normal -0.3171556293964386 0.9413807988166809 -0.11495378613471985
    outer loop
      vertex -4.944465637207031 0.9543044567108154 70.56372833251953
      vertex -3.908539295196533 1.145477294921875 69.27117919921875
      vertex -5.528852939605713 0.6055130958557129 69.31971740722656
    endloop
  endfacet
  facet normal -0.3795813322067261 0.9198123216629028 -0.09931406378746033
    outer loop
      vertex -5.528852939605713 0.6055130958557129 69.31971740722656
      vertex -4.905586242675781 0.7815158367156982 68.5676498413086
      vertex -5.612586975097656 0.40131616592407227 67.74855041503906
    endloop
  endfacet
  facet normal -0.3376474678516388 0.9307169914245605 -0.14057059586048126
    outer loop
      vertex -5.612586975097656 0.40131616592407227 67.74855041503906
      vertex -4.905586242675781 0.7815158367156982 68.5676498413086
      vertex -4.217555046081543 0.9555704593658447 68.06742858886719
    endloop
  endfacet
  facet normal -0.3967358469963074 0.9045490026473999 -0.15617817640304565
    outer loop
      vertex -4.714422225952148 0.5380146503448486 66.2586898803711
      vertex -6.206002235412598 -0.08057022094726562 66.46501159667969
      vertex -5.612586975097656 0.40131616592407227 67.74855041503906
    endloop
  endfacet
  facet normal -0.25283777713775635 0.9567850828170776 -0.14364999532699585
    outer loop
      vertex -8.224447250366211 -0.3200061321258545 70.21775817871094
      vertex -8.181620597839355 -0.5160876512527466 68.83637237548828
      vertex -9.446260452270508 -0.7295259237289429 69.6406478881836
    endloop
  endfacet
  facet normal -0.3185197114944458 0.9118914604187012 -0.258841872215271
    outer loop
      vertex -9.446260452270508 -0.7295259237289429 69.6406478881836
      vertex -8.181620597839355 -0.5160876512527466 68.83637237548828
      vertex -9.414602279663086 -1.064734697341919 68.42076110839844
    endloop
  endfacet
  facet normal -0.48288047313690186 0.8423649668693542 0.23926511406898499
    outer loop
      vertex -9.636174201965332 -1.4236748218536377 73.75331115722656
      vertex -9.629247665405273 -1.0535180568695068 72.46410369873047
      vertex -10.418590545654297 -1.7233809232711792 73.22940826416016
    endloop
  endfacet
  facet normal -0.6025968194007874 0.43659666180610657 0.6680273413658142
    outer loop
      vertex -12.9081392288208 -2.9933557510375977 72.61985778808594
      vertex -12.792263984680176 -3.855304718017578 73.2877197265625
      vertex -12.1011962890625 -3.066676139831543 73.39568328857422
    endloop
  endfacet
  facet normal -0.6227551698684692 0.4251895546913147 0.656802773475647
    outer loop
      vertex -12.9081392288208 -2.9933557510375977 72.61985778808594
      vertex -13.769351959228516 -4.198493957519531 72.58345031738281
      vertex -12.792263984680176 -3.855304718017578 73.2877197265625
    endloop
  endfacet
  facet normal -0.5211598873138428 0.34889963269233704 0.778884768486023
    outer loop
      vertex -12.9081392288208 -2.9933557510375977 72.61985778808594
      vertex -14.269193649291992 -3.124070167541504 71.76771545410156
      vertex -13.769351959228516 -4.198493957519531 72.58345031738281
    endloop
  endfacet
  facet normal -0.582526445388794 0.6161031126976013 0.5301697850227356
    outer loop
      vertex -14.048980712890625 -2.196161985397339 70.93136596679688
      vertex -15.246496200561523 -2.9727158546447754 70.51801300048828
      vertex -14.269193649291992 -3.124070167541504 71.76771545410156
    endloop
  endfacet
  facet normal -0.7170524001121521 -0.6954063177108765 -0.04739154875278473
    outer loop
      vertex -15.992321014404297 -5.565515518188477 69.14309692382812
      vertex -16.59417152404785 -4.883118629455566 68.236083984375
      vertex -15.80711555480957 -5.651677131652832 67.60517120361328
    endloop
  endfacet
  facet normal -0.17862966656684875 -0.8498919010162354 -0.49575722217559814
    outer loop
      vertex -13.038743019104004 -6.956226825714111 68.16886138916016
      vertex -14.255163192749023 -6.347219467163086 67.56311798095703
      vertex -12.662253379821777 -6.40606689453125 67.09004974365234
    endloop
  endfacet
  facet normal -0.3685446083545685 -0.8855887055397034 -0.28267908096313477
    outer loop
      vertex -9.760007858276367 -8.270147323608398 68.77448272705078
      vertex -8.076553344726562 -8.721979141235352 67.99518585205078
      vertex -8.295595169067383 -9.133241653442383 69.56918334960938
    endloop
  endfacet
  facet normal -0.43597570061683655 -0.8425261974334717 -0.3163459897041321
    outer loop
      vertex -11.1824369430542 -7.836180686950684 69.57903289794922
      vertex -10.867498397827148 -7.394325256347656 67.96820068359375
      vertex -9.760007858276367 -8.270147323608398 68.77448272705078
    endloop
  endfacet
  facet normal -0.3418509364128113 -0.9301032423973083 -0.13433495163917542
    outer loop
      vertex -11.1824369430542 -7.836180686950684 69.57903289794922
      vertex -12.559178352355957 -7.404553413391113 70.09403228759766
      vertex -12.115044593811035 -7.388796806335449 68.85472106933594
    endloop
  endfacet
  facet normal -0.21535803377628326 -0.9301924109458923 -0.29725944995880127
    outer loop
      vertex -11.1824369430542 -7.836180686950684 69.57903289794922
      vertex -12.115044593811035 -7.388796806335449 68.85472106933594
      vertex -10.867498397827148 -7.394325256347656 67.96820068359375
    endloop
  endfacet
  facet normal -0.3483494222164154 -0.8341488838195801 -0.42760756611824036
    outer loop
      vertex -10.867498397827148 -7.394325256347656 67.96820068359375
      vertex -9.381916046142578 -7.707054615020752 67.36802673339844
      vertex -9.760007858276367 -8.270147323608398 68.77448272705078
    endloop
  endfacet
  facet normal -0.2622676193714142 -0.7844856977462769 -0.5619588494300842
    outer loop
      vertex -9.915719985961914 -6.794661521911621 66.68688201904297
      vertex -10.867498397827148 -7.394325256347656 67.96820068359375
      vertex -11.232526779174805 -6.538690090179443 66.94410705566406
    endloop
  endfacet
  facet normal -0.13599245250225067 -0.5913699865341187 -0.7948506474494934
    outer loop
      vertex -12.662253379821777 -6.40606689453125 67.09004974365234
      vertex -11.835357666015625 -5.5979413986206055 66.34732818603516
      vertex -11.232526779174805 -6.538690090179443 66.94410705566406
    endloop
  endfacet
  facet normal -0.2105734944343567 -0.616310179233551 -0.7588284611701965
    outer loop
      vertex -11.835357666015625 -5.5979413986206055 66.34732818603516
      vertex -10.230563163757324 -5.899496078491211 66.14691925048828
      vertex -11.232526779174805 -6.538690090179443 66.94410705566406
    endloop
  endfacet
  facet normal -0.19567209482192993 -0.9108186960220337 -0.3634856641292572
    outer loop
      vertex -6.018288612365723 -9.295459747314453 67.64886474609375
      vertex -5.965621471405029 -8.909549713134766 66.65350341796875
      vertex -4.635698318481445 -9.408454895019531 67.18772888183594
    endloop
  endfacet
  facet normal 0.4851256012916565 0.8398715257644653 -0.24345208704471588
    outer loop
      vertex 11.68871021270752 -0.3692817687988281 68.90869140625
      vertex 11.267815589904785 -0.5332527160644531 67.50430297851562
      vertex 10.619908332824707 0.19376778602600098 68.72132873535156
    endloop
  endfacet
  facet normal 0.7296256422996521 0.6176562309265137 -0.2935085594654083
    outer loop
      vertex 12.492467880249023 -1.1763737201690674 68.37557220458984
      vertex 13.360966682434082 -1.6098155975341797 69.62242126464844
      vertex 13.27327823638916 -2.1604502201080322 68.24568939208984
    endloop
  endfacet
  facet normal 0.6785087585449219 0.6976231336593628 -0.23010402917861938
    outer loop
      vertex 13.360966682434082 -1.6098155975341797 69.62242126464844
      vertex 12.492467880249023 -1.1763737201690674 68.37557220458984
      vertex 12.617385864257812 -0.8843988180160522 69.62911987304688
    endloop
  endfacet
  facet normal 0.677324652671814 0.6964727640151978 -0.23697486519813538
    outer loop
      vertex 13.360966682434082 -1.6098155975341797 69.62242126464844
      vertex 12.617385864257812 -0.8843988180160522 69.62911987304688
      vertex 13.104433059692383 -0.9336724281311035 70.87638854980469
    endloop
  endfacet
  facet normal 0.6131861805915833 0.7481810450553894 -0.25343233346939087
    outer loop
      vertex 12.395169258117676 -0.08523845672607422 71.66504669189453
      vertex 13.104433059692383 -0.9336724281311035 70.87638854980469
      vertex 12.015217781066895 -0.2228614091873169 70.3394546508789
    endloop
  endfacet
  facet normal 0.5168235898017883 0.8235927820205688 -0.2336413860321045
    outer loop
      vertex 12.395169258117676 -0.08523845672607422 71.66504669189453
      vertex 12.015217781066895 -0.2228614091873169 70.3394546508789
      vertex 10.999195098876953 0.5938162803649902 70.97078704833984
    endloop
  endfacet
  facet normal 0.5292537212371826 0.8217452168464661 -0.21124720573425293
    outer loop
      vertex 12.015217781066895 -0.2228614091873169 70.3394546508789
      vertex 11.09070873260498 0.22218799591064453 69.75444030761719
      vertex 10.999195098876953 0.5938162803649902 70.97078704833984
    endloop
  endfacet
  facet normal 0.3491254150867462 0.902155339717865 -0.25343087315559387
    outer loop
      vertex 9.373669624328613 0.6589279174804688 68.6603775024414
      vertex 10.114521980285645 0.6866044998168945 69.77949523925781
      vertex 10.619908332824707 0.19376778602600098 68.72132873535156
    endloop
  endfacet
  facet normal 0.29697921872138977 0.9292940497398376 -0.21958141028881073
    outer loop
      vertex 10.114521980285645 0.6866044998168945 69.77949523925781
      vertex 9.373669624328613 0.6589279174804688 68.6603775024414
      vertex 8.739252090454102 1.154665470123291 69.90036010742188
    endloop
  endfacet
  facet normal 0.15571628510951996 0.9480063915252686 -0.27755430340766907
    outer loop
      vertex 7.411590576171875 1.6511075496673584 70.85113525390625
      vertex 8.739252090454102 1.154665470123291 69.90036010742188
      vertex 7.10484504699707 1.318873643875122 69.54427337646484
    endloop
  endfacet
  facet normal 0.14070284366607666 0.9699429869651794 -0.19852787256240845
    outer loop
      vertex 7.10484504699707 1.318873643875122 69.54427337646484
      vertex 8.739252090454102 1.154665470123291 69.90036010742188
      vertex 7.926426887512207 0.9642322063446045 68.39389038085938
    endloop
  endfacet
  facet normal 0.24370847642421722 0.9370860457420349 -0.24995176494121552
    outer loop
      vertex 8.739252090454102 1.154665470123291 69.90036010742188
      vertex 9.373669624328613 0.6589279174804688 68.6603775024414
      vertex 7.926426887512207 0.9642322063446045 68.39389038085938
    endloop
  endfacet
  facet normal 0.3507026135921478 0.911346435546875 -0.21553541719913483
    outer loop
      vertex 9.373669624328613 0.6589279174804688 68.6603775024414
      vertex 10.619908332824707 0.19376778602600098 68.72132873535156
      vertex 9.966287612915039 0.21650075912475586 67.7539291381836
    endloop
  endfacet
  facet normal 0.11117007583379745 0.9904196262359619 -0.08191603422164917
    outer loop
      vertex 4.800583839416504 1.284355878829956 67.43684387207031
      vertex 5.05293083190918 1.335418462753296 68.39669036865234
      vertex 6.2103705406188965 1.1838529109954834 68.13494873046875
    endloop
  endfacet
  facet normal -0.304929256439209 0.9064948558807373 -0.2920363247394562
    outer loop
      vertex -8.181620597839355 -0.5160876512527466 68.83637237548828
      vertex -8.504929542541504 -1.0522104501724243 67.50980377197266
      vertex -9.414602279663086 -1.064734697341919 68.42076110839844
    endloop
  endfacet
  facet normal -0.23927685618400574 0.9565858244895935 -0.16640345752239227
    outer loop
      vertex -11.077643394470215 -1.0608209371566772 70.08198547363281
      vertex -9.446260452270508 -0.7295259237289429 69.6406478881836
      vertex -10.419577598571777 -1.0744597911834717 69.05732727050781
    endloop
  endfacet
  facet normal -0.30051255226135254 0.9414737820625305 0.15270647406578064
    outer loop
      vertex -11.077643394470215 -1.0608209371566772 70.08198547363281
      vertex -11.116615295410156 -1.3106369972229004 71.54547119140625
      vertex -9.708794593811035 -0.7735641002655029 71.00474548339844
    endloop
  endfacet
  facet normal -0.32867589592933655 0.8567525744438171 0.39742574095726013
    outer loop
      vertex -11.116615295410156 -1.3106369972229004 71.54547119140625
      vertex -12.098247528076172 -1.358581304550171 70.83700561523438
      vertex -12.792825698852539 -2.0365207195281982 71.72405242919922
    endloop
  endfacet
  facet normal -0.39406582713127136 0.7928981184959412 0.4647846519947052
    outer loop
      vertex -12.792825698852539 -2.0365207195281982 71.72405242919922
      vertex -13.042583465576172 -1.614884376525879 70.79300689697266
      vertex -14.048980712890625 -2.196161985397339 70.93136596679688
    endloop
  endfacet
  facet normal -0.7453497052192688 -0.652994692325592 -0.13435661792755127
    outer loop
      vertex -15.80711555480957 -5.651677131652832 67.60517120361328
      vertex -16.59417152404785 -4.883118629455566 68.236083984375
      vertex -16.471128463745117 -4.782966613769531 67.06674194335938
    endloop
  endfacet
  facet normal -0.2980094254016876 -0.8627370595932007 -0.4085036516189575
    outer loop
      vertex -15.785369873046875 -5.162441253662109 66.55606842041016
      vertex -14.732372283935547 -5.528298854827881 66.56056213378906
      vertex -15.80711555480957 -5.651677131652832 67.60517120361328
    endloop
  endfacet
  facet normal -0.21748889982700348 -0.6350724101066589 -0.7412028312683105
    outer loop
      vertex -15.045394897460938 -4.981027603149414 66.18350219726562
      vertex -14.732372283935547 -5.528298854827881 66.56056213378906
      vertex -15.785369873046875 -5.162441253662109 66.55606842041016
    endloop
  endfacet
  facet normal -0.15269015729427338 -0.7997536659240723 -0.5805857181549072
    outer loop
      vertex -13.441781997680664 -5.762581825256348 66.54386901855469
      vertex -14.255163192749023 -6.347219467163086 67.56311798095703
      vertex -14.732372283935547 -5.528298854827881 66.56056213378906
    endloop
  endfacet
  facet normal -0.20845821499824524 -0.7672931551933289 -0.6064704656600952
    outer loop
      vertex -13.441781997680664 -5.762581825256348 66.54386901855469
      vertex -12.662253379821777 -6.40606689453125 67.09004974365234
      vertex -14.255163192749023 -6.347219467163086 67.56311798095703
    endloop
  endfacet
  facet normal 0.09765294939279556 -0.5261668562889099 -0.8447558879852295
    outer loop
      vertex -15.045394897460938 -4.981027603149414 66.18350219726562
      vertex -13.71435832977295 -4.743452548980713 66.18939208984375
      vertex -14.732372283935547 -5.528298854827881 66.56056213378906
    endloop
  endfacet
  facet normal -0.0372215211391449 0.23263095319271088 -0.9718526005744934
    outer loop
      vertex -15.622747421264648 -4.45914888381958 66.33053588867188
      vertex -13.71435832977295 -4.743452548980713 66.18939208984375
      vertex -15.045394897460938 -4.981027603149414 66.18350219726562
    endloop
  endfacet
  facet normal -0.2105550318956375 0.19693885743618011 -0.9575393199920654
    outer loop
      vertex -14.818214416503906 -3.372420310974121 66.71410369873047
      vertex -13.115538597106934 -3.776869297027588 66.25651550292969
      vertex -13.71435832977295 -4.743452548980713 66.18939208984375
    endloop
  endfacet
  facet normal -0.15367816388607025 0.3833983838558197 -0.9107078313827515
    outer loop
      vertex -14.818214416503906 -3.372420310974121 66.71410369873047
      vertex -13.332898139953613 -3.0366640090942383 66.60481262207031
      vertex -13.115538597106934 -3.776869297027588 66.25651550292969
    endloop
  endfacet
  facet normal -0.20915329456329346 0.7044951319694519 -0.6781899333000183
    outer loop
      vertex -14.818214416503906 -3.372420310974121 66.71410369873047
      vertex -14.004644393920898 -2.4927117824554443 67.37702941894531
      vertex -13.332898139953613 -3.0366640090942383 66.60481262207031
    endloop
  endfacet
  facet normal -0.2176392376422882 0.7055836915969849 -0.6743773221969604
    outer loop
      vertex -9.975266456604004 -2.909547805786133 66.1113052368164
      vertex -11.07204818725586 -2.3586347103118896 67.04167175292969
      vertex -9.72651481628418 -1.8166773319244385 67.17446899414062
    endloop
  endfacet
  facet normal -0.2717124819755554 0.804139256477356 -0.528708279132843
    outer loop
      vertex -11.07204818725586 -2.3586347103118896 67.04167175292969
      vertex -10.619112968444824 -1.537543773651123 68.0577392578125
      vertex -9.72651481628418 -1.8166773319244385 67.17446899414062
    endloop
  endfacet
  facet normal -0.0844854861497879 0.793079137802124 -0.6032311916351318
    outer loop
      vertex -11.774554252624512 -1.8444606065750122 67.81605529785156
      vertex -10.619112968444824 -1.537543773651123 68.0577392578125
      vertex -11.07204818725586 -2.3586347103118896 67.04167175292969
    endloop
  endfacet
  facet normal -0.1554175317287445 0.9021005034446716 -0.4025669991970062
    outer loop
      vertex -11.774554252624512 -1.8444606065750122 67.81605529785156
      vertex -11.590526580810547 -1.3671064376831055 68.814697265625
      vertex -10.619112968444824 -1.537543773651123 68.0577392578125
    endloop
  endfacet
  facet normal -0.11414173990488052 0.8549001216888428 -0.5060805082321167
    outer loop
      vertex -14.004644393920898 -2.4927117824554443 67.37702941894531
      vertex -13.014336585998535 -1.8404253721237183 68.25555419921875
      vertex -12.531076431274414 -2.4328207969665527 67.1458511352539
    endloop
  endfacet
  facet normal -0.1408843696117401 0.9030777215957642 -0.4057122468948364
    outer loop
      vertex -13.014336585998535 -1.8404253721237183 68.25555419921875
      vertex -11.590526580810547 -1.3671064376831055 68.814697265625
      vertex -11.774554252624512 -1.8444606065750122 67.81605529785156
    endloop
  endfacet
  facet normal -0.24382810294628143 0.9646276831626892 0.10020649433135986
    outer loop
      vertex -12.589221954345703 -1.3890788555145264 69.72245788574219
      vertex -13.624005317687988 -1.6938055753707886 70.13798522949219
      vertex -13.042583465576172 -1.614884376525879 70.79300689697266
    endloop
  endfacet
  facet normal -0.28626367449760437 0.5003417134284973 -0.8171360492706299
    outer loop
      vertex -16.2163143157959 -3.8598275184631348 66.90544891357422
      vertex -14.818214416503906 -3.372420310974121 66.71410369873047
      vertex -15.622747421264648 -4.45914888381958 66.33053588867188
    endloop
  endfacet
  facet normal 0.7349132299423218 0.6195215582847595 -0.2758544683456421
    outer loop
      vertex 12.492467880249023 -1.1763737201690674 68.37557220458984
      vertex 13.27327823638916 -2.1604502201080322 68.24568939208984
      vertex 12.44998550415039 -1.6644017696380615 67.16636657714844
    endloop
  endfacet
  facet normal 0.7931411862373352 0.4677831828594208 -0.39000770449638367
    outer loop
      vertex 12.44998550415039 -1.6644017696380615 67.16636657714844
      vertex 13.27327823638916 -2.1604502201080322 68.24568939208984
      vertex 13.19467544555664 -2.829349994659424 67.2835464477539
    endloop
  endfacet
  facet normal 0.6073715686798096 0.7290477156639099 -0.3155776858329773
    outer loop
      vertex 12.492467880249023 -1.1763737201690674 68.37557220458984
      vertex 12.44998550415039 -1.6644017696380615 67.16636657714844
      vertex 11.267815589904785 -0.5332527160644531 67.50430297851562
    endloop
  endfacet
  facet normal 0.4392711818218231 0.8546774387359619 -0.27670818567276
    outer loop
      vertex 11.267815589904785 -0.5332527160644531 67.50430297851562
      vertex 9.966287612915039 0.21650075912475586 67.7539291381836
      vertex 10.619908332824707 0.19376778602600098 68.72132873535156
    endloop
  endfacet
  facet normal 0.12275387346744537 0.9867780208587646 -0.10583318769931793
    outer loop
      vertex 4.800583839416504 1.284355878829956 67.43684387207031
      vertex 6.2103705406188965 1.1838529109954834 68.13494873046875
      vertex 5.657153606414795 1.1207537651062012 66.90495300292969
    endloop
  endfacet
  facet normal 0.23047010600566864 0.9715240597724915 0.05499622970819473
    outer loop
      vertex -23.102083206176758 -1.4159634113311768 74.06879425048828
      vertex -22.099321365356445 -1.609449028968811 73.2845458984375
      vertex -22.96851921081543 -1.392014741897583 73.08601379394531
    endloop
  endfacet
  facet normal 0.31493303179740906 0.8153231143951416 -0.48586559295654297
    outer loop
      vertex -22.96851921081543 -1.392014741897583 73.08601379394531
      vertex -22.099321365356445 -1.609449028968811 73.2845458984375
      vertex -22.853857040405273 -1.9467170238494873 72.22949981689453
    endloop
  endfacet
  facet normal -0.7011622190475464 0.7104334831237793 -0.06046396121382713
    outer loop
      vertex -12.807589530944824 -12.101364135742188 71.63710021972656
      vertex -12.862384796142578 -12.227158546447754 70.79447937011719
      vertex -13.371162414550781 -12.648009300231934 71.74958038330078
    endloop
  endfacet
  facet normal 0.06268960237503052 -0.567062497138977 -0.8212857842445374
    outer loop
      vertex -22.816978454589844 -3.965493679046631 71.91291809082031
      vertex -21.995220184326172 -4.628285884857178 72.43327331542969
      vertex -22.911237716674805 -4.949167251586914 72.58490753173828
    endloop
  endfacet
  facet normal 0.22199055552482605 0.44890961050987244 -0.8655635714530945
    outer loop
      vertex -21.77289390563965 -2.5225279331207275 72.20809936523438
      vertex -22.79181480407715 -2.8991191387176514 71.75146484375
      vertex -22.853857040405273 -1.9467170238494873 72.22949981689453
    endloop
  endfacet
  facet normal 0.0760674998164177 -0.9966123104095459 0.03126989305019379
    outer loop
      vertex -22.179651260375977 -6.086042881011963 75.98900604248047
      vertex -20.64725685119629 -5.988093376159668 75.38306427001953
      vertex -21.201030731201172 -5.995723724365234 76.48699188232422
    endloop
  endfacet
  facet normal 0.13772305846214294 -0.9766175746917725 -0.16507717967033386
    outer loop
      vertex 3.627640724182129 -10.117201805114746 67.6352310180664
      vertex 5.103463649749756 -9.890177726745605 67.52339935302734
      vertex 4.5279107093811035 -10.177416801452637 68.74256134033203
    endloop
  endfacet
  facet normal 0.23927845060825348 -0.9550451636314392 -0.17502743005752563
    outer loop
      vertex 6.803403854370117 -9.54166030883789 67.65266418457031
      vertex 7.706223487854004 -9.554258346557617 68.95564270019531
      vertex 5.984502792358398 -9.923425674438477 68.61627197265625
    endloop
  endfacet
  facet normal 0.17542995512485504 0.9760072827339172 -0.1289728581905365
    outer loop
      vertex 5.657153606414795 1.1207537651062012 66.90495300292969
      vertex 6.2103705406188965 1.1838529109954834 68.13494873046875
      vertex 6.992220878601074 0.9014177322387695 67.06108856201172
    endloop
  endfacet
  facet normal -0.014532663859426975 -0.9950791001319885 -0.09801249951124191
    outer loop
      vertex 0.5440118312835693 -10.257357597351074 68.5099105834961
      vertex 0.8795329332351685 -10.154631614685059 67.41722869873047
      vertex 2.1294918060302734 -10.216605186462402 67.861083984375
    endloop
  endfacet
  facet normal -0.5472967624664307 -0.30347368121147156 0.7799807786941528
    outer loop
      vertex 3.0127549171447754 2.4129996299743652 88.06912231445312
      vertex 2.801848888397217 3.4059181213378906 88.30745697021484
      vertex 1.8704748153686523 2.594973087310791 87.33840942382812
    endloop
  endfacet
  facet normal 0.6397963166236877 -0.15809883177280426 0.7521073222160339
    outer loop
      vertex 11.992987632751465 4.645686149597168 86.71965789794922
      vertex 11.522440910339355 5.49760627746582 87.29901885986328
      vertex 10.895004272460938 4.605424880981445 87.64521789550781
    endloop
  endfacet
  facet normal 0.6448259353637695 -0.04562316834926605 0.7629665732383728
    outer loop
      vertex 11.122790336608887 3.8951802253723145 87.41023254394531
      vertex 11.992987632751465 4.645686149597168 86.71965789794922
      vertex 10.895004272460938 4.605424880981445 87.64521789550781
    endloop
  endfacet
  facet normal 0.7354751825332642 0.6048082113265991 -0.3054230809211731
    outer loop
      vertex 12.088284492492676 6.416431427001953 85.04508209228516
      vertex 11.891265869140625 6.005064964294434 83.75605010986328
      vertex 11.316131591796875 6.790626525878906 83.92668914794922
    endloop
  endfacet
  facet normal 0.5047004818916321 -0.21684692800045013 0.8356163501739502
    outer loop
      vertex 9.722826957702637 3.851757526397705 88.1576156616211
      vertex 10.895004272460938 4.605424880981445 87.64521789550781
      vertex 10.080591201782227 5.018740653991699 88.24436950683594
    endloop
  endfacet
  facet normal 0.43759310245513916 -0.19933529198169708 0.8767998218536377
    outer loop
      vertex 8.953791618347168 4.737785339355469 88.74285888671875
      vertex 9.722826957702637 3.851757526397705 88.1576156616211
      vertex 10.080591201782227 5.018740653991699 88.24436950683594
    endloop
  endfacet
  facet normal 0.33787456154823303 -0.2967171370983124 0.8931963443756104
    outer loop
      vertex 7.918481349945068 3.7841691970825195 88.81770324707031
      vertex 9.722826957702637 3.851757526397705 88.1576156616211
      vertex 8.953791618347168 4.737785339355469 88.74285888671875
    endloop
  endfacet
  facet normal -0.6589896082878113 -0.4136420786380768 0.6281982064247131
    outer loop
      vertex 12.521862983703613 -7.432967185974121 88.89781188964844
      vertex 13.2759370803833 -7.448616027832031 89.67854309082031
      vertex 12.726558685302734 -6.628254413604736 89.64241027832031
    endloop
  endfacet
  facet normal 0.5103471279144287 0.29985374212265015 -0.8059983849525452
    outer loop
      vertex 19.79363441467285 -5.945009231567383 85.87482452392578
      vertex 19.751848220825195 -4.593108177185059 86.35131072998047
      vertex 20.814176559448242 -5.327829837799072 86.75062561035156
    endloop
  endfacet
  facet normal 0.5543897151947021 0.4070579707622528 -0.7259172201156616
    outer loop
      vertex 20.66463279724121 -4.569319248199463 87.06175231933594
      vertex 20.814176559448242 -5.327829837799072 86.75062561035156
      vertex 19.751848220825195 -4.593108177185059 86.35131072998047
    endloop
  endfacet
  facet normal -0.2625913918018341 -0.5644240379333496 -0.7826053500175476
    outer loop
      vertex -10.230563163757324 -5.899496078491211 66.14691925048828
      vertex -9.915719985961914 -6.794661521911621 66.68688201904297
      vertex -11.232526779174805 -6.538690090179443 66.94410705566406
    endloop
  endfacet
  facet normal 0.857119083404541 -0.22467195987701416 -0.463540256023407
    outer loop
      vertex 13.867926597595215 -4.709339618682861 68.23541259765625
      vertex 13.695597648620605 -5.624748229980469 68.3604507446289
      vertex 13.317721366882324 -5.030084609985352 67.37350463867188
    endloop
  endfacet
  facet normal 0.8751757740974426 -0.22337402403354645 -0.4291519224643707
    outer loop
      vertex 13.867926597595215 -4.709339618682861 68.23541259765625
      vertex 14.298322677612305 -5.137909889221191 69.33619689941406
      vertex 13.695597648620605 -5.624748229980469 68.3604507446289
    endloop
  endfacet
  facet normal 0.5574105381965637 -0.7843139171600342 -0.27229610085487366
    outer loop
      vertex 11.881158828735352 -8.014934539794922 69.6755599975586
      vertex 11.914795875549316 -7.440726280212402 68.09048461914062
      vertex 12.984334945678711 -7.152246475219727 69.44898223876953
    endloop
  endfacet
  facet normal 0.2653725743293762 -0.9446299076080322 -0.19300705194473267
    outer loop
      vertex 7.706223487854004 -9.554258346557617 68.95564270019531
      vertex 6.803403854370117 -9.54166030883789 67.65266418457031
      vertex 8.043516159057617 -9.192644119262695 67.6495590209961
    endloop
  endfacet
  facet normal -0.1255599707365036 -0.9432660937309265 -0.30738240480422974
    outer loop
      vertex -2.6320080757141113 -9.909128189086914 67.90567779541016
      vertex -3.9309582710266113 -9.857004165649414 68.27632141113281
      vertex -4.635698318481445 -9.408454895019531 67.18772888183594
    endloop
  endfacet
  facet normal -0.07236207276582718 0.9891003966331482 -0.1282350867986679
    outer loop
      vertex -0.2710452079772949 1.4180827140808105 66.8699951171875
      vertex -1.6422581672668457 1.24403715133667 66.30131530761719
      vertex -1.5083134174346924 1.3792660236358643 67.2687759399414
    endloop
  endfacet
  facet normal -0.3385680317878723 0.930928111076355 -0.13691024482250214
    outer loop
      vertex -5.612586975097656 0.40131616592407227 67.74855041503906
      vertex -4.217555046081543 0.9555704593658447 68.06742858886719
      vertex -3.9036474227905273 0.9228348731994629 67.06857299804688
    endloop
  endfacet
  facet normal -0.20708483457565308 0.9735038876533508 -0.09698470681905746
    outer loop
      vertex -2.5381927490234375 1.325920581817627 68.19906616210938
      vertex -3.9036474227905273 0.9228348731994629 67.06857299804688
      vertex -4.217555046081543 0.9555704593658447 68.06742858886719
    endloop
  endfacet
  facet normal -0.2219618260860443 0.9675474762916565 -0.12076767534017563
    outer loop
      vertex -3.9036474227905273 0.9228348731994629 67.06857299804688
      vertex -2.5934925079345703 1.2028474807739258 66.90396881103516
      vertex -3.170719623565674 0.9738361835479736 66.13011169433594
    endloop
  endfacet
  facet normal -0.1524697244167328 0.9728403091430664 -0.17416882514953613
    outer loop
      vertex -2.5934925079345703 1.2028474807739258 66.90396881103516
      vertex -1.6422581672668457 1.24403715133667 66.30131530761719
      vertex -3.170719623565674 0.9738361835479736 66.13011169433594
    endloop
  endfacet
  facet normal -0.11945566534996033 0.9854141473770142 -0.12119974195957184
    outer loop
      vertex -1.6422581672668457 1.24403715133667 66.30131530761719
      vertex -2.5934925079345703 1.2028474807739258 66.90396881103516
      vertex -1.5083134174346924 1.3792660236358643 67.2687759399414
    endloop
  endfacet
  facet normal -0.13086549937725067 0.987464427947998 -0.08825088292360306
    outer loop
      vertex -1.5083134174346924 1.3792660236358643 67.2687759399414
      vertex -2.5934925079345703 1.2028474807739258 66.90396881103516
      vertex -2.5381927490234375 1.325920581817627 68.19906616210938
    endloop
  endfacet
  facet normal -0.21825343370437622 0.9723490476608276 -0.08308305591344833
    outer loop
      vertex -2.5381927490234375 1.325920581817627 68.19906616210938
      vertex -2.5934925079345703 1.2028474807739258 66.90396881103516
      vertex -3.9036474227905273 0.9228348731994629 67.06857299804688
    endloop
  endfacet
  facet normal -0.19075733423233032 -0.9000565409660339 -0.3918035924434662
    outer loop
      vertex -4.635698318481445 -9.408454895019531 67.18772888183594
      vertex -4.940210342407227 -8.842137336730957 66.0350341796875
      vertex -3.1470232009887695 -9.34965991973877 66.32787322998047
    endloop
  endfacet
  facet normal -0.372688353061676 -0.3523423969745636 -0.8584626913070679
    outer loop
      vertex -8.827516555786133 -6.191976547241211 65.65785217285156
      vertex -10.230563163757324 -5.899496078491211 66.14691925048828
      vertex -9.263907432556152 -5.204384803771973 65.44196319580078
    endloop
  endfacet
  facet normal -0.3578977584838867 -0.1519736647605896 -0.9213106036186218
    outer loop
      vertex -9.263907432556152 -5.204384803771973 65.44196319580078
      vertex -10.48398494720459 -4.960559844970703 65.87570190429688
      vertex -9.425652503967285 -4.306473731994629 65.35668182373047
    endloop
  endfacet
  facet normal -0.3953038156032562 0.09161464869976044 -0.9139702916145325
    outer loop
      vertex -9.425652503967285 -4.306473731994629 65.35668182373047
      vertex -10.539663314819336 -4.016379356384277 65.86758422851562
      vertex -9.232913970947266 -3.350086212158203 65.36918640136719
    endloop
  endfacet
  facet normal -0.1656307727098465 -0.9452723860740662 -0.28111690282821655
    outer loop
      vertex -2.6320080757141113 -9.909128189086914 67.90567779541016
      vertex -3.1470232009887695 -9.34965991973877 66.32787322998047
      vertex -1.186490535736084 -9.740013122558594 66.48533630371094
    endloop
  endfacet
  facet normal -0.5205920338630676 0.39652565121650696 -0.7561424374580383
    outer loop
      vertex -9.975266456604004 -2.909547805786133 66.1113052368164
      vertex -8.529593467712402 -2.268404483795166 65.45220184326172
      vertex -9.232913970947266 -3.350086212158203 65.36918640136719
    endloop
  endfacet
  facet normal -0.5841380953788757 0.6324346661567688 -0.5087328553199768
    outer loop
      vertex -8.71821403503418 -1.7533063888549805 66.30912780761719
      vertex -7.482204437255859 -1.2104474306106567 65.56477355957031
      vertex -8.529593467712402 -2.268404483795166 65.45220184326172
    endloop
  endfacet
  facet normal -0.538637638092041 0.7752270698547363 -0.3299886882305145
    outer loop
      vertex -7.482204437255859 -1.2104474306106567 65.56477355957031
      vertex -7.473881721496582 -0.7778966426849365 66.5673599243164
      vertex -6.365715980529785 -0.4197582006454468 65.59986877441406
    endloop
  endfacet
  facet normal -0.4509579539299011 -0.5156015753746033 -0.7285547852516174
    outer loop
      vertex -7.935053825378418 -7.060558319091797 65.72013854980469
      vertex -8.858527183532715 -7.07209587097168 66.29991149902344
      vertex -8.827516555786133 -6.191976547241211 65.65785217285156
    endloop
  endfacet
  facet normal -0.08695109188556671 0.9736730456352234 -0.2107136845588684
    outer loop
      vertex -1.6422581672668457 1.24403715133667 66.30131530761719
      vertex -0.3140075206756592 1.2404608726501465 65.73668670654297
      vertex -2.1485085487365723 1.0352201461791992 65.5453109741211
    endloop
  endfacet
  facet normal -0.3327113687992096 0.9106246829032898 -0.24508364498615265
    outer loop
      vertex -4.714422225952148 0.5380146503448486 66.2586898803711
      vertex -3.7444396018981934 0.6914737224578857 65.5120849609375
      vertex -5.152853965759277 0.1862337589263916 65.54681396484375
    endloop
  endfacet
  facet normal -0.44101041555404663 0.8602592945098877 -0.25585857033729553
    outer loop
      vertex -6.206002235412598 -0.08057022094726562 66.46501159667969
      vertex -5.152853965759277 0.1862337589263916 65.54681396484375
      vertex -6.365715980529785 -0.4197582006454468 65.59986877441406
    endloop
  endfacet
  facet normal -0.02812960185110569 0.9874477982521057 -0.15542051196098328
    outer loop
      vertex -0.3140075206756592 1.2404608726501465 65.73668670654297
      vertex 1.6109466552734375 1.4319863319396973 66.6051254272461
      vertex 1.5394394397735596 1.276167631149292 65.62808990478516
    endloop
  endfacet
  facet normal 0.018847409635782242 0.9871295690536499 -0.1588079184293747
    outer loop
      vertex 1.5394394397735596 1.276167631149292 65.62808990478516
      vertex 1.6109466552734375 1.4319863319396973 66.6051254272461
      vertex 3.187497615814209 1.2911128997802734 65.91658020019531
    endloop
  endfacet
  facet normal -0.19901825487613678 0.9480002522468567 -0.24836945533752441
    outer loop
      vertex -3.170719623565674 0.9738361835479736 66.13011169433594
      vertex -2.1485085487365723 1.0352201461791992 65.5453109741211
      vertex -3.7444396018981934 0.6914737224578857 65.5120849609375
    endloop
  endfacet
  facet normal 0.09449105709791183 0.9900738596916199 -0.1040436327457428
    outer loop
      vertex 3.5029990673065186 1.3727912902832031 66.98036193847656
      vertex 4.662966728210449 1.1749534606933594 66.15121459960938
      vertex 3.187497615814209 1.2911128997802734 65.91658020019531
    endloop
  endfacet
  facet normal 0.17797081172466278 0.9701061248779297 -0.16498668491840363
    outer loop
      vertex 4.662966728210449 1.1749534606933594 66.15121459960938
      vertex 5.657153606414795 1.1207537651062012 66.90495300292969
      vertex 6.154637813568115 0.9011704921722412 66.15045928955078
    endloop
  endfacet
  facet normal 0.2296862006187439 0.9500019550323486 -0.21151983737945557
    outer loop
      vertex 6.154637813568115 0.9011704921722412 66.15045928955078
      vertex 6.992220878601074 0.9014177322387695 67.06108856201172
      vertex 7.8909783363342285 0.515233039855957 66.30255889892578
    endloop
  endfacet
  facet normal 0.4835774004459381 0.7877652645111084 -0.3815480172634125
    outer loop
      vertex 9.81006908416748 -0.1118013858795166 66.52689361572266
      vertex 11.267815589904785 -0.5332527160644531 67.50430297851562
      vertex 11.39145565032959 -1.1470625400543213 66.3936996459961
    endloop
  endfacet
  facet normal 0.32733362913131714 0.9068354368209839 -0.2655225396156311
    outer loop
      vertex 8.581592559814453 0.5769658088684082 67.36477661132812
      vertex 9.81006908416748 -0.1118013858795166 66.52689361572266
      vertex 7.8909783363342285 0.515233039855957 66.30255889892578
    endloop
  endfacet
  facet normal 0.6515290141105652 0.545129120349884 -0.5275833606719971
    outer loop
      vertex 12.44998550415039 -1.6644017696380615 67.16636657714844
      vertex 12.383257865905762 -2.3428144454956055 66.38298797607422
      vertex 11.39145565032959 -1.1470625400543213 66.3936996459961
    endloop
  endfacet
  facet normal 0.8399689197540283 -0.05433627963066101 -0.5399072170257568
    outer loop
      vertex 12.895474433898926 -3.622955560684204 66.5749740600586
      vertex 13.317721366882324 -5.030084609985352 67.37350463867188
      vertex 12.791208267211914 -4.592903137207031 66.5103759765625
    endloop
  endfacet
  facet normal 0.7812228202819824 0.2252746820449829 -0.5821873545646667
    outer loop
      vertex 13.19467544555664 -2.829349994659424 67.2835464477539
      vertex 12.895474433898926 -3.622955560684204 66.5749740600586
      vertex 12.383257865905762 -2.3428144454956055 66.38298797607422
    endloop
  endfacet
  facet normal 0.6857137680053711 -0.49241530895233154 -0.5360260009765625
    outer loop
      vertex 12.617094039916992 -5.537398338317871 66.70993041992188
      vertex 12.97122573852539 -6.314465522766113 67.87680053710938
      vertex 12.013898849487305 -6.485560894012451 66.80931091308594
    endloop
  endfacet
  facet normal 0.7573446035385132 -0.2656513750553131 -0.596538782119751
    outer loop
      vertex 13.317721366882324 -5.030084609985352 67.37350463867188
      vertex 12.617094039916992 -5.537398338317871 66.70993041992188
      vertex 12.791208267211914 -4.592903137207031 66.5103759765625
    endloop
  endfacet
  facet normal 0.5766032338142395 -0.6757646203041077 -0.4592069387435913
    outer loop
      vertex 11.914795875549316 -7.440726280212402 68.09048461914062
      vertex 10.962990760803223 -7.384488582611084 66.81259155273438
      vertex 12.013898849487305 -6.485560894012451 66.80931091308594
    endloop
  endfacet
  facet normal 0.40459176898002625 -0.8555011749267578 -0.32314616441726685
    outer loop
      vertex 9.704994201660156 -8.149106979370117 66.79736328125
      vertex 9.21882438659668 -8.882282257080078 68.12967681884766
      vertex 8.529020309448242 -8.681821823120117 66.73531341552734
    endloop
  endfacet
  facet normal 0.3176801800727844 -0.8895429968833923 -0.3283180296421051
    outer loop
      vertex 8.529020309448242 -8.681821823120117 66.73531341552734
      vertex 8.043516159057617 -9.192644119262695 67.6495590209961
      vertex 7.360238552093506 -9.05880355834961 66.62579345703125
    endloop
  endfacet
  facet normal 0.2614402174949646 -0.920314371585846 -0.29098209738731384
    outer loop
      vertex 7.360238552093506 -9.05880355834961 66.62579345703125
      vertex 6.803403854370117 -9.54166030883789 67.65266418457031
      vertex 5.928634166717529 -9.434928894042969 66.52913665771484
    endloop
  endfacet
  facet normal 0.22348305583000183 -0.9430673122406006 -0.24633191525936127
    outer loop
      vertex 5.928634166717529 -9.434928894042969 66.52913665771484
      vertex 5.103463649749756 -9.890177726745605 67.52339935302734
      vertex 4.3682732582092285 -9.789535522460938 66.47109985351562
    endloop
  endfacet
  facet normal 0.4752558171749115 -0.7735710740089417 -0.41918960213661194
    outer loop
      vertex 10.583539962768555 -8.217445373535156 67.91952514648438
      vertex 9.704994201660156 -8.149106979370117 66.79736328125
      vertex 10.962990760803223 -7.384488582611084 66.81259155273438
    endloop
  endfacet
  facet normal 0.1335294097661972 -0.9728789925575256 -0.1888820081949234
    outer loop
      vertex 4.3682732582092285 -9.789535522460938 66.47109985351562
      vertex 3.627640724182129 -10.117201805114746 67.6352310180664
      vertex 2.9502077102661133 -9.98642349243164 66.48271942138672
    endloop
  endfacet
  facet normal -0.05510092154145241 -0.9813408851623535 -0.1842118203639984
    outer loop
      vertex 1.7276071310043335 -10.046287536621094 66.58638000488281
      vertex 0.8795329332351685 -10.154631614685059 67.41722869873047
      vertex 0.4773740768432617 -9.952144622802734 66.45882415771484
    endloop
  endfacet
  facet normal -0.12687917053699493 -0.9682815074920654 -0.2152499109506607
    outer loop
      vertex 0.4773740768432617 -9.952144622802734 66.45882415771484
      vertex -0.5565221309661865 -10.08987808227539 67.68783569335938
      vertex -1.186490535736084 -9.740013122558594 66.48533630371094
    endloop
  endfacet
  facet normal 0.03625187277793884 -0.988976001739502 -0.1435699164867401
    outer loop
      vertex 2.1294918060302734 -10.216605186462402 67.861083984375
      vertex 1.7276071310043335 -10.046287536621094 66.58638000488281
      vertex 2.9502077102661133 -9.98642349243164 66.48271942138672
    endloop
  endfacet
  facet normal -0.2633178234100342 -0.80946946144104 -0.5248075127601624
    outer loop
      vertex -5.965621471405029 -8.909549713134766 66.65350341796875
      vertex -6.200279235839844 -8.335489273071289 65.88580322265625
      vertex -4.940210342407227 -8.842137336730957 66.0350341796875
    endloop
  endfacet
  facet normal -0.40704312920570374 -0.7290377020835876 -0.5502907633781433
    outer loop
      vertex -7.018965721130371 -8.693954467773438 66.96627807617188
      vertex -7.110145568847656 -7.792061805725098 65.83887481689453
      vertex -6.200279235839844 -8.335489273071289 65.88580322265625
    endloop
  endfacet
  facet normal -0.45709821581840515 -0.6191143989562988 -0.6385598182678223
    outer loop
      vertex -8.128143310546875 -7.938673496246338 66.70973205566406
      vertex -7.935053825378418 -7.060558319091797 65.72013854980469
      vertex -7.110145568847656 -7.792061805725098 65.83887481689453
    endloop
  endfacet
  facet normal -0.4106553792953491 -0.5278810262680054 -0.743440568447113
    outer loop
      vertex -8.858527183532715 -7.07209587097168 66.29991149902344
      vertex -9.915719985961914 -6.794661521911621 66.68688201904297
      vertex -8.827516555786133 -6.191976547241211 65.65785217285156
    endloop
  endfacet
  facet normal -0.3737574815750122 -0.5719203948974609 -0.73021399974823
    outer loop
      vertex -8.827516555786133 -6.191976547241211 65.65785217285156
      vertex -9.915719985961914 -6.794661521911621 66.68688201904297
      vertex -10.230563163757324 -5.899496078491211 66.14691925048828
    endloop
  endfacet
  facet normal -0.37506237626075745 -0.349266916513443 -0.8586854934692383
    outer loop
      vertex -9.263907432556152 -5.204384803771973 65.44196319580078
      vertex -10.230563163757324 -5.899496078491211 66.14691925048828
      vertex -10.48398494720459 -4.960559844970703 65.87570190429688
    endloop
  endfacet
  facet normal -0.4236800968647003 -0.03276713937520981 -0.9052191376686096
    outer loop
      vertex -9.425652503967285 -4.306473731994629 65.35668182373047
      vertex -10.48398494720459 -4.960559844970703 65.87570190429688
      vertex -10.539663314819336 -4.016379356384277 65.86758422851562
    endloop
  endfacet
  facet normal -0.5030003190040588 0.4225129187107086 -0.7539719343185425
    outer loop
      vertex -9.232913970947266 -3.350086212158203 65.36918640136719
      vertex -10.539663314819336 -4.016379356384277 65.86758422851562
      vertex -9.975266456604004 -2.909547805786133 66.1113052368164
    endloop
  endfacet
  facet normal -0.5329855680465698 0.6682526469230652 -0.5190036296844482
    outer loop
      vertex -8.529593467712402 -2.268404483795166 65.45220184326172
      vertex -9.975266456604004 -2.909547805786133 66.1113052368164
      vertex -8.71821403503418 -1.7533063888549805 66.30912780761719
    endloop
  endfacet
  facet normal -0.5390418171882629 0.7749907970428467 -0.3298833966255188
    outer loop
      vertex -7.482204437255859 -1.2104474306106567 65.56477355957031
      vertex -8.71821403503418 -1.7533063888549805 66.30912780761719
      vertex -7.473881721496582 -0.7778966426849365 66.5673599243164
    endloop
  endfacet
  facet normal -0.4825723171234131 0.842035174369812 -0.2410408854484558
    outer loop
      vertex -6.365715980529785 -0.4197582006454468 65.59986877441406
      vertex -7.473881721496582 -0.7778966426849365 66.5673599243164
      vertex -6.206002235412598 -0.08057022094726562 66.46501159667969
    endloop
  endfacet
  facet normal -0.3987028896808624 0.8956611156463623 -0.1970462054014206
    outer loop
      vertex -5.152853965759277 0.1862337589263916 65.54681396484375
      vertex -6.206002235412598 -0.08057022094726562 66.46501159667969
      vertex -4.714422225952148 0.5380146503448486 66.2586898803711
    endloop
  endfacet
  facet normal -0.28085851669311523 0.9444348216056824 -0.1707673966884613
    outer loop
      vertex -3.7444396018981934 0.6914737224578857 65.5120849609375
      vertex -4.714422225952148 0.5380146503448486 66.2586898803711
      vertex -3.170719623565674 0.9738361835479736 66.13011169433594
    endloop
  endfacet
  facet normal -0.15357711911201477 0.9740585088729858 -0.16620473563671112
    outer loop
      vertex -2.1485085487365723 1.0352201461791992 65.5453109741211
      vertex -3.170719623565674 0.9738361835479736 66.13011169433594
      vertex -1.6422581672668457 1.24403715133667 66.30131530761719
    endloop
  endfacet
  facet normal -0.06206154078245163 0.986392617225647 -0.1522432565689087
    outer loop
      vertex -1.6422581672668457 1.24403715133667 66.30131530761719
      vertex -0.2710452079772949 1.4180827140808105 66.8699951171875
      vertex -0.3140075206756592 1.2404608726501465 65.73668670654297
    endloop
  endfacet
  facet normal -0.028928833082318306 0.9876935482025146 -0.15370318293571472
    outer loop
      vertex -0.3140075206756592 1.2404608726501465 65.73668670654297
      vertex -0.2710452079772949 1.4180827140808105 66.8699951171875
      vertex 1.6109466552734375 1.4319863319396973 66.6051254272461
    endloop
  endfacet
  facet normal 0.04915565252304077 0.9946416616439819 -0.09094855189323425
    outer loop
      vertex 1.6109466552734375 1.4319863319396973 66.6051254272461
      vertex 3.5029990673065186 1.3727912902832031 66.98036193847656
      vertex 3.187497615814209 1.2911128997802734 65.91658020019531
    endloop
  endfacet
  facet normal 0.10094373673200607 0.9903384447097778 -0.09507951140403748
    outer loop
      vertex 3.5029990673065186 1.3727912902832031 66.98036193847656
      vertex 4.800583839416504 1.284355878829956 67.43684387207031
      vertex 4.662966728210449 1.1749534606933594 66.15121459960938
    endloop
  endfacet
  facet normal 0.12785734236240387 0.9869712591171265 -0.09767387807369232
    outer loop
      vertex 4.662966728210449 1.1749534606933594 66.15121459960938
      vertex 4.800583839416504 1.284355878829956 67.43684387207031
      vertex 5.657153606414795 1.1207537651062012 66.90495300292969
    endloop
  endfacet
  facet normal 0.17861394584178925 0.9700620770454407 -0.1645497977733612
    outer loop
      vertex 6.154637813568115 0.9011704921722412 66.15045928955078
      vertex 5.657153606414795 1.1207537651062012 66.90495300292969
      vertex 6.992220878601074 0.9014177322387695 67.06108856201172
    endloop
  endfacet
  facet normal 0.2335018813610077 0.950061023235321 -0.20702874660491943
    outer loop
      vertex 6.992220878601074 0.9014177322387695 67.06108856201172
      vertex 8.581592559814453 0.5769658088684082 67.36477661132812
      vertex 7.8909783363342285 0.515233039855957 66.30255889892578
    endloop
  endfacet
  facet normal 0.3152478337287903 0.9059759378433228 -0.28253576159477234
    outer loop
      vertex 8.581592559814453 0.5769658088684082 67.36477661132812
      vertex 9.966287612915039 0.21650075912475586 67.7539291381836
      vertex 9.81006908416748 -0.1118013858795166 66.52689361572266
    endloop
  endfacet
  facet normal 0.4371325373649597 0.8533868193626404 -0.2839827537536621
    outer loop
      vertex 9.81006908416748 -0.1118013858795166 66.52689361572266
      vertex 9.966287612915039 0.21650075912475586 67.7539291381836
      vertex 11.267815589904785 -0.5332527160644531 67.50430297851562
    endloop
  endfacet
  facet normal 0.5996769666671753 0.7267847061157227 -0.33492016792297363
    outer loop
      vertex 11.267815589904785 -0.5332527160644531 67.50430297851562
      vertex 12.44998550415039 -1.6644017696380615 67.16636657714844
      vertex 11.39145565032959 -1.1470625400543213 66.3936996459961
    endloop
  endfacet
  facet normal 0.7710979580879211 0.4473470151424408 -0.4530879557132721
    outer loop
      vertex 12.44998550415039 -1.6644017696380615 67.16636657714844
      vertex 13.19467544555664 -2.829349994659424 67.2835464477539
      vertex 12.383257865905762 -2.3428144454956055 66.38298797607422
    endloop
  endfacet
  facet normal 0.842574417591095 0.1453632265329361 -0.5185922980308533
    outer loop
      vertex 13.19467544555664 -2.829349994659424 67.2835464477539
      vertex 13.574150085449219 -3.9082255363464355 67.5976791381836
      vertex 12.895474433898926 -3.622955560684204 66.5749740600586
    endloop
  endfacet
  facet normal 0.8211809396743774 -0.07464786618947983 -0.5657646059989929
    outer loop
      vertex 12.895474433898926 -3.622955560684204 66.5749740600586
      vertex 13.574150085449219 -3.9082255363464355 67.5976791381836
      vertex 13.317721366882324 -5.030084609985352 67.37350463867188
    endloop
  endfacet
  facet normal 0.7660641670227051 -0.4029116928577423 -0.5008072853088379
    outer loop
      vertex 13.317721366882324 -5.030084609985352 67.37350463867188
      vertex 12.97122573852539 -6.314465522766113 67.87680053710938
      vertex 12.617094039916992 -5.537398338317871 66.70993041992188
    endloop
  endfacet
  facet normal 0.6106900572776794 -0.656762421131134 -0.4424034059047699
    outer loop
      vertex 12.013898849487305 -6.485560894012451 66.80931091308594
      vertex 12.97122573852539 -6.314465522766113 67.87680053710938
      vertex 11.914795875549316 -7.440726280212402 68.09048461914062
    endloop
  endfacet
  facet normal 0.49896472692489624 -0.765980064868927 -0.4053501486778259
    outer loop
      vertex 10.962990760803223 -7.384488582611084 66.81259155273438
      vertex 11.914795875549316 -7.440726280212402 68.09048461914062
      vertex 10.583539962768555 -8.217445373535156 67.91952514648438
    endloop
  endfacet
  facet normal 0.36866655945777893 -0.8646435737609863 -0.3412865996360779
    outer loop
      vertex 9.704994201660156 -8.149106979370117 66.79736328125
      vertex 10.583539962768555 -8.217445373535156 67.91952514648438
      vertex 9.21882438659668 -8.882282257080078 68.12967681884766
    endloop
  endfacet
  facet normal 0.3573085367679596 -0.8832173943519592 -0.3037393391132355
    outer loop
      vertex 8.529020309448242 -8.681821823120117 66.73531341552734
      vertex 9.21882438659668 -8.882282257080078 68.12967681884766
      vertex 8.043516159057617 -9.192644119262695 67.6495590209961
    endloop
  endfacet
  facet normal 0.2583625614643097 -0.9206099510192871 -0.2927899956703186
    outer loop
      vertex 7.360238552093506 -9.05880355834961 66.62579345703125
      vertex 8.043516159057617 -9.192644119262695 67.6495590209961
      vertex 6.803403854370117 -9.54166030883789 67.65266418457031
    endloop
  endfacet
  facet normal 0.21277645230293274 -0.9431683421134949 -0.25526395440101624
    outer loop
      vertex 5.928634166717529 -9.434928894042969 66.52913665771484
      vertex 6.803403854370117 -9.54166030883789 67.65266418457031
      vertex 5.103463649749756 -9.890177726745605 67.52339935302734
    endloop
  endfacet
  facet normal 0.13543224334716797 -0.9728516936302185 -0.1876637190580368
    outer loop
      vertex 4.3682732582092285 -9.789535522460938 66.47109985351562
      vertex 5.103463649749756 -9.890177726745605 67.52339935302734
      vertex 3.627640724182129 -10.117201805114746 67.6352310180664
    endloop
  endfacet
  facet normal 0.04475369676947594 -0.9893411993980408 -0.1385686695575714
    outer loop
      vertex 2.9502077102661133 -9.98642349243164 66.48271942138672
      vertex 3.627640724182129 -10.117201805114746 67.6352310180664
      vertex 2.1294918060302734 -10.216605186462402 67.861083984375
    endloop
  endfacet
  facet normal -0.0023830770514905453 -0.9912870526313782 -0.13169798254966736
    outer loop
      vertex 1.7276071310043335 -10.046287536621094 66.58638000488281
      vertex 2.1294918060302734 -10.216605186462402 67.861083984375
      vertex 0.8795329332351685 -10.154631614685059 67.41722869873047
    endloop
  endfacet
  facet normal -0.0772295668721199 -0.9815403819084167 -0.17496851086616516
    outer loop
      vertex 0.4773740768432617 -9.952144622802734 66.45882415771484
      vertex 0.8795329332351685 -10.154631614685059 67.41722869873047
      vertex -0.5565221309661865 -10.08987808227539 67.68783569335938
    endloop
  endfacet
  facet normal -0.10796278715133667 -0.9683191776275635 -0.2251708060503006
    outer loop
      vertex -1.186490535736084 -9.740013122558594 66.48533630371094
      vertex -0.5565221309661865 -10.08987808227539 67.68783569335938
      vertex -2.6320080757141113 -9.909128189086914 67.90567779541016
    endloop
  endfacet
  facet normal -0.13172569870948792 -0.9470521211624146 -0.29281502962112427
    outer loop
      vertex -3.1470232009887695 -9.34965991973877 66.32787322998047
      vertex -2.6320080757141113 -9.909128189086914 67.90567779541016
      vertex -4.635698318481445 -9.408454895019531 67.18772888183594
    endloop
  endfacet
  facet normal -0.17918381094932556 -0.9009135365486145 -0.3952820897102356
    outer loop
      vertex -4.635698318481445 -9.408454895019531 67.18772888183594
      vertex -5.965621471405029 -8.909549713134766 66.65350341796875
      vertex -4.940210342407227 -8.842137336730957 66.0350341796875
    endloop
  endfacet
  facet normal -0.3144628703594208 -0.8038251399993896 -0.5049538016319275
    outer loop
      vertex -5.965621471405029 -8.909549713134766 66.65350341796875
      vertex -7.018965721130371 -8.693954467773438 66.96627807617188
      vertex -6.200279235839844 -8.335489273071289 65.88580322265625
    endloop
  endfacet
  facet normal -0.37340858578681946 -0.7388929724693298 -0.5608949661254883
    outer loop
      vertex -7.018965721130371 -8.693954467773438 66.96627807617188
      vertex -8.128143310546875 -7.938673496246338 66.70973205566406
      vertex -7.110145568847656 -7.792061805725098 65.83887481689453
    endloop
  endfacet
  facet normal -0.4004342257976532 -0.6452094912528992 -0.6506589651107788
    outer loop
      vertex -8.128143310546875 -7.938673496246338 66.70973205566406
      vertex -8.858527183532715 -7.07209587097168 66.29991149902344
      vertex -7.935053825378418 -7.060558319091797 65.72013854980469
    endloop
  endfacet
  facet normal 0.0 0.0 -1.0
    outer loop
      vertex 1.9999995231628418 -7.94955587387085 62.70650100708008
      vertex 3.1089110374450684 -7.898157119750977 62.70650100708008
      vertex 1.9999949932098389 -9.262125968933105 62.70650100708008
    endloop
  endfacet
  facet normal 0.0 0.0 -1.0
    outer loop
      vertex 1.9999949932098389 -9.262125968933105 62.70650100708008
      vertex 3.1089110374450684 -7.898157119750977 62.70650100708008
      vertex 4.124935150146484 -8.94631576538086 62.70650100708008
    endloop
  endfacet
  facet normal 0.0 0.0 -1.0
    outer loop
      vertex 3.1089110374450684 -7.898157119750977 62.70650100708008
      vertex 4.183667182922363 -7.716758728027344 62.70650100708008
      vertex 4.124935150146484 -8.94631576538086 62.70650100708008
    endloop
  endfacet
  facet normal 0.0 0.0 -1.0
    outer loop
      vertex 4.124935150146484 -8.94631576538086 62.70650100708008
      vertex 4.183667182922363 -7.716758728027344 62.70650100708008
      vertex 5.8544793128967285 -8.240421295166016 62.70650100708008
    endloop
  endfacet
  facet normal 0.0 0.0 -1.0
    outer loop
      vertex 4.183667182922363 -7.716758728027344 62.70650100708008
      vertex 5.369955062866211 -7.378722667694092 62.70650100708008
      vertex 5.8544793128967285 -8.240421295166016 62.70650100708008
    endloop
  endfacet
  facet normal 0.0 0.0 -1.0
    outer loop
      vertex 5.369955062866211 -7.378722667694092 62.70650100708008
      vertex 6.477258682250977 -6.872300148010254 62.70650100708008
      vertex 5.8544793128967285 -8.240421295166016 62.70650100708008
    endloop
  endfacet
  facet normal 0.0 0.0 -1.0
    outer loop
      vertex 5.8544793128967285 -8.240421295166016 62.70650100708008
      vertex 6.477258682250977 -6.872300148010254 62.70650100708008
      vertex 7.306517601013184 -7.3031182289123535 62.70650100708008
    endloop
  endfacet
  facet normal 0.0 0.0 -1.0
    outer loop
      vertex 6.477258682250977 -6.872300148010254 62.70650100708008
      vertex 7.436971187591553 -6.135692119598389 62.70650100708008
      vertex 7.306517601013184 -7.3031182289123535 62.70650100708008
    endloop
  endfacet
  facet normal 0.0 0.0 -1.0
    outer loop
      vertex 7.306517601013184 -7.3031182289123535 62.70650100708008
      vertex 7.436971187591553 -6.135692119598389 62.70650100708008
      vertex 8.222986221313477 -6.493096351623535 62.70650100708008
    endloop
  endfacet
  facet normal 0.0 0.0 -1.0
    outer loop
      vertex 7.436971187591553 -6.135692119598389 62.70650100708008
      vertex 8.193126678466797 -5.457082748413086 62.70650100708008
      vertex 8.222986221313477 -6.493096351623535 62.70650100708008
    endloop
  endfacet
  facet normal 0.0 0.0 -1.0
    outer loop
      vertex 8.222986221313477 -6.493096351623535 62.70650100708008
      vertex 8.193126678466797 -5.457082748413086 62.70650100708008
      vertex 9.127965927124023 -5.408159255981445 62.70650100708008
    endloop
  endfacet
  facet normal 0.0 0.0 -1.0
    outer loop
      vertex 8.193126678466797 -5.457082748413086 62.70650100708008
      vertex 8.694385528564453 -4.744315147399902 62.70650100708008
      vertex 9.127965927124023 -5.408159255981445 62.70650100708008
    endloop
  endfacet
  facet normal 0.0 0.0 -1.0
    outer loop
      vertex 9.127965927124023 -5.408159255981445 62.70650100708008
      vertex 8.694385528564453 -4.744315147399902 62.70650100708008
      vertex 9.698265075683594 -4.375558376312256 62.70650100708008
    endloop
  endfacet
  facet normal 0.0 0.0 -1.0
    outer loop
      vertex 8.694385528564453 -4.744315147399902 62.70650100708008
      vertex 9.067033767700195 -4.061732292175293 62.70650100708008
      vertex 9.698265075683594 -4.375558376312256 62.70650100708008
    endloop
  endfacet
  facet normal 0.0 0.0 -1.0
    outer loop
      vertex 9.698265075683594 -4.375558376312256 62.70650100708008
      vertex 9.067033767700195 -4.061732292175293 62.70650100708008
      vertex 9.923559188842773 -3.6092660427093506 62.70650100708008
    endloop
  endfacet
  facet normal 0.0 0.0 -1.0
    outer loop
      vertex 9.067033767700195 -4.061732292175293 62.70650100708008
      vertex 9.254249572753906 -3.323802947998047 62.70650100708008
      vertex 9.923559188842773 -3.6092660427093506 62.70650100708008
    endloop
  endfacet
  facet normal 0.0 0.0 -1.0
    outer loop
      vertex 9.923559188842773 -3.6092660427093506 62.70650100708008
      vertex 9.254249572753906 -3.323802947998047 62.70650100708008
      vertex 10.019140243530273 -2.6902031898498535 62.70650100708008
    endloop
  endfacet
  facet normal 0.0 0.0 -1.0
    outer loop
      vertex 9.254249572753906 -3.323802947998047 62.70650100708008
      vertex 9.251091957092285 -2.7537589073181152 62.70650100708008
      vertex 10.019140243530273 -2.6902031898498535 62.70650100708008
    endloop
  endfacet
  facet normal 0.0 0.0 -1.0
    outer loop
      vertex 9.251091957092285 -2.7537589073181152 62.70650100708008
      vertex 9.234542846679688 -2.254892110824585 62.70650100708008
      vertex 10.019140243530273 -2.6902031898498535 62.70650100708008
    endloop
  endfacet
  facet normal 0.0 0.0 -1.0
    outer loop
      vertex 10.019140243530273 -2.6902031898498535 62.70650100708008
      vertex 9.234542846679688 -2.254892110824585 62.70650100708008
      vertex 9.722305297851562 -1.855994701385498 62.70650100708008
    endloop
  endfacet
  facet normal 0.0 0.0 -1.0
    outer loop
      vertex 9.234542846679688 -2.254892110824585 62.70650100708008
      vertex 9.143610000610352 -1.9082077741622925 62.70650100708008
      vertex 9.722305297851562 -1.855994701385498 62.70650100708008
    endloop
  endfacet
  facet normal 0.0 0.0 -1.0
    outer loop
      vertex 9.722305297851562 -1.855994701385498 62.70650100708008
      vertex 9.143610000610352 -1.9082077741622925 62.70650100708008
      vertex 9.294389724731445 -1.2454707622528076 62.70650100708008
    endloop
  endfacet
  facet normal 0.0 0.0 -1.0
    outer loop
      vertex 9.143610000610352 -1.9082077741622925 62.70650100708008
      vertex 8.931146621704102 -1.5362584590911865 62.70650100708008
      vertex 9.294389724731445 -1.2454707622528076 62.70650100708008
    endloop
  endfacet
  facet normal 0.0 0.0 -1.0
    outer loop
      vertex 8.931146621704102 -1.5362584590911865 62.70650100708008
      vertex 8.637977600097656 -1.169081449508667 62.70650100708008
      vertex 9.294389724731445 -1.2454707622528076 62.70650100708008
    endloop
  endfacet
  facet normal 0.0 0.0 -1.0
    outer loop
      vertex 9.294389724731445 -1.2454707622528076 62.70650100708008
      vertex 8.637977600097656 -1.169081449508667 62.70650100708008
      vertex 8.593050003051758 -0.6230071783065796 62.70650100708008
    endloop
  endfacet
  facet normal 0.0 0.0 -1.0
    outer loop
      vertex 8.637977600097656 -1.169081449508667 62.70650100708008
      vertex 8.261322021484375 -0.8924888372421265 62.70650100708008
      vertex 8.593050003051758 -0.6230071783065796 62.70650100708008
    endloop
  endfacet
  facet normal 0.0 0.0 -1.0
    outer loop
      vertex 8.261322021484375 -0.8924888372421265 62.70650100708008
      vertex 7.732574939727783 -0.5966147184371948 62.70650100708008
      vertex 8.593050003051758 -0.6230071783065796 62.70650100708008
    endloop
  endfacet
  facet normal 0.0 0.0 -1.0
    outer loop
      vertex 8.593050003051758 -0.6230071783065796 62.70650100708008
      vertex 7.732574939727783 -0.5966147184371948 62.70650100708008
      vertex 7.658980846405029 -0.06914734840393066 62.70650100708008
    endloop
  endfacet
  facet normal 0.0 0.0 -1.0
    outer loop
      vertex 7.732574939727783 -0.5966147184371948 62.70650100708008
      vertex 6.991950035095215 -0.269824743270874 62.70650100708008
      vertex 7.658980846405029 -0.06914734840393066 62.70650100708008
    endloop
  endfacet
  facet normal 0.0 0.0 -1.0
    outer loop
      vertex 7.658980846405029 -0.06914734840393066 62.70650100708008
      vertex 6.991950035095215 -0.269824743270874 62.70650100708008
      vertex 6.557694911956787 0.38237738609313965 62.70650100708008
    endloop
  endfacet
  facet normal 0.0 0.0 -1.0
    outer loop
      vertex 6.991950035095215 -0.269824743270874 62.70650100708008
      vertex 6.105690002441406 0.05169820785522461 62.70650100708008
      vertex 6.557694911956787 0.38237738609313965 62.70650100708008
    endloop
  endfacet
  facet normal 0.0 0.0 -1.0
    outer loop
      vertex 6.557694911956787 0.38237738609313965 62.70650100708008
      vertex 6.105690002441406 0.05169820785522461 62.70650100708008
      vertex 5.824388027191162 0.579906702041626 62.70650100708008
    endloop
  endfacet
  facet normal 0.0 0.0 -1.0
    outer loop
      vertex 6.105690002441406 0.05169820785522461 62.70650100708008
      vertex 5.384183883666992 0.2563135623931885 62.70650100708008
      vertex 5.824388027191162 0.579906702041626 62.70650100708008
    endloop
  endfacet
  facet normal 0.0 0.0 -1.0
    outer loop
      vertex 5.824388027191162 0.579906702041626 62.70650100708008
      vertex 5.384183883666992 0.2563135623931885 62.70650100708008
      vertex 5.091080665588379 0.7774362564086914 62.70650100708008
    endloop
  endfacet
  facet normal 0.0 0.0 -1.0
    outer loop
      vertex 5.384183883666992 0.2563135623931885 62.70650100708008
      vertex 4.742983818054199 0.42338037490844727 62.70650100708008
      vertex 5.091080665588379 0.7774362564086914 62.70650100708008
    endloop
  endfacet
  facet normal 0.0 0.0 -1.0
    outer loop
      vertex 5.091080665588379 0.7774362564086914 62.70650100708008
      vertex 4.742983818054199 0.42338037490844727 62.70650100708008
      vertex 4.357852935791016 0.8902676105499268 62.70650100708008
    endloop
  endfacet
  facet normal 0.0 0.0 -1.0
    outer loop
      vertex 4.742983818054199 0.42338037490844727 62.70650100708008
      vertex 3.7237932682037354 0.5623972415924072 62.70650100708008
      vertex 4.357852935791016 0.8902676105499268 62.70650100708008
    endloop
  endfacet
  facet normal 0.0 0.0 -1.0
    outer loop
      vertex 4.357852935791016 0.8902676105499268 62.70650100708008
      vertex 3.7237932682037354 0.5623972415924072 62.70650100708008
      vertex 3.6246252059936523 1.003098726272583 62.70650100708008
    endloop
  endfacet
  facet normal 0.0 0.0 -1.0
    outer loop
      vertex 3.7237932682037354 0.5623972415924072 62.70650100708008
      vertex 2.7046029567718506 0.5884006023406982 62.70650100708008
      vertex 3.6246252059936523 1.003098726272583 62.70650100708008
    endloop
  endfacet
  facet normal 0.0 0.0 -1.0
    outer loop
      vertex 3.6246252059936523 1.003098726272583 62.70650100708008
      vertex 2.7046029567718506 0.5884006023406982 62.70650100708008
      vertex 2.812310218811035 1.0450880527496338 62.70650100708008
    endloop
  endfacet
  facet normal 0.0 0.0 -1.0
    outer loop
      vertex 2.812310218811035 1.0450880527496338 62.70650100708008
      vertex 2.7046029567718506 0.5884006023406982 62.70650100708008
      vertex 1.9999955892562866 1.0870773792266846 62.70650100708008
    endloop
  endfacet
  facet normal 0.0 0.0 -1.0
    outer loop
      vertex 2.7046029567718506 0.5884006023406982 62.70650100708008
      vertex 2.0 0.5785796642303467 62.70650100708008
      vertex 1.9999955892562866 1.0870773792266846 62.70650100708008
    endloop
  endfacet
  facet normal 0.0 0.0 -1.0
    outer loop
      vertex 1.9999995231628418 -7.94955587387085 62.70650100708008
      vertex 1.9999949932098389 -9.262125968933105 62.70650100708008
      vertex 0.8910888433456421 -7.898157119750977 62.70650100708008
    endloop
  endfacet
  facet normal 0.0 0.0 -1.0
    outer loop
      vertex 1.9999949932098389 -9.262125968933105 62.70650100708008
      vertex -0.12493538856506348 -8.94631576538086 62.70650100708008
      vertex 0.8910888433456421 -7.898157119750977 62.70650100708008
    endloop
  endfacet
  facet normal 0.0 0.0 -1.0
    outer loop
      vertex 0.8910888433456421 -7.898157119750977 62.70650100708008
      vertex -0.12493538856506348 -8.94631576538086 62.70650100708008
      vertex -0.18366694450378418 -7.716758728027344 62.70650100708008
    endloop
  endfacet
  facet normal 0.0 0.0 -1.0
    outer loop
      vertex -0.12493538856506348 -8.94631576538086 62.70650100708008
      vertex -1.8544793128967285 -8.240421295166016 62.70650100708008
      vertex -0.18366694450378418 -7.716758728027344 62.70650100708008
    endloop
  endfacet
  facet normal 0.0 0.0 -1.0
    outer loop
      vertex -0.18366694450378418 -7.716758728027344 62.70650100708008
      vertex -1.8544793128967285 -8.240421295166016 62.70650100708008
      vertex -1.36995530128479 -7.378722667694092 62.70650100708008
    endloop
  endfacet
  facet normal 0.0 0.0 -1.0
    outer loop
      vertex -1.36995530128479 -7.378722667694092 62.70650100708008
      vertex -1.8544793128967285 -8.240421295166016 62.70650100708008
      vertex -2.4772586822509766 -6.872300148010254 62.70650100708008
    endloop
  endfacet
  facet normal 0.0 0.0 -1.0
    outer loop
      vertex -1.8544793128967285 -8.240421295166016 62.70650100708008
      vertex -3.3065176010131836 -7.3031182289123535 62.70650100708008
      vertex -2.4772586822509766 -6.872300148010254 62.70650100708008
    endloop
  endfacet
  facet normal 0.0 0.0 -1.0
    outer loop
      vertex -2.4772586822509766 -6.872300148010254 62.70650100708008
      vertex -3.3065176010131836 -7.3031182289123535 62.70650100708008
      vertex -3.4369711875915527 -6.135692119598389 62.70650100708008
    endloop
  endfacet
  facet normal 0.0 0.0 -1.0
    outer loop
      vertex -3.3065176010131836 -7.3031182289123535 62.70650100708008
      vertex -4.222986698150635 -6.493096351623535 62.70650100708008
      vertex -3.4369711875915527 -6.135692119598389 62.70650100708008
    endloop
  endfacet
  facet normal 0.0 0.0 -1.0
    outer loop
      vertex -3.4369711875915527 -6.135692119598389 62.70650100708008
      vertex -4.222986698150635 -6.493096351623535 62.70650100708008
      vertex -4.193126201629639 -5.457082748413086 62.70650100708008
    endloop
  endfacet
  facet normal 0.0 0.0 -1.0
    outer loop
      vertex -4.222986698150635 -6.493096351623535 62.70650100708008
      vertex -5.127965927124023 -5.408159255981445 62.70650100708008
      vertex -4.193126201629639 -5.457082748413086 62.70650100708008
    endloop
  endfacet
  facet normal 0.0 0.0 -1.0
    outer loop
      vertex -4.193126201629639 -5.457082748413086 62.70650100708008
      vertex -5.127965927124023 -5.408159255981445 62.70650100708008
      vertex -4.694385051727295 -4.744315147399902 62.70650100708008
    endloop
  endfacet
  facet normal 0.0 0.0 -1.0
    outer loop
      vertex -5.127965927124023 -5.408159255981445 62.70650100708008
      vertex -5.6982645988464355 -4.375558376312256 62.70650100708008
      vertex -4.694385051727295 -4.744315147399902 62.70650100708008
    endloop
  endfacet
  facet normal 0.0 0.0 -1.0
    outer loop
      vertex -4.694385051727295 -4.744315147399902 62.70650100708008
      vertex -5.6982645988464355 -4.375558376312256 62.70650100708008
      vertex -5.067033290863037 -4.061732292175293 62.70650100708008
    endloop
  endfacet
  facet normal 0.0 0.0 -1.0
    outer loop
      vertex -5.6982645988464355 -4.375558376312256 62.70650100708008
      vertex -5.923559188842773 -3.6092660427093506 62.70650100708008
      vertex -5.067033290863037 -4.061732292175293 62.70650100708008
    endloop
  endfacet
  facet normal 0.0 0.0 -1.0
    outer loop
      vertex -5.067033290863037 -4.061732292175293 62.70650100708008
      vertex -5.923559188842773 -3.6092660427093506 62.70650100708008
      vertex -5.2542500495910645 -3.323802947998047 62.70650100708008
    endloop
  endfacet
  facet normal 0.0 0.0 -1.0
    outer loop
      vertex -5.923559188842773 -3.6092660427093506 62.70650100708008
      vertex -6.019140243530273 -2.6902031898498535 62.70650100708008
      vertex -5.2542500495910645 -3.323802947998047 62.70650100708008
    endloop
  endfacet
  facet normal 0.0 0.0 -1.0
    outer loop
      vertex -5.2542500495910645 -3.323802947998047 62.70650100708008
      vertex -6.019140243530273 -2.6902031898498535 62.70650100708008
      vertex -5.251091957092285 -2.7537589073181152 62.70650100708008
    endloop
  endfacet
  facet normal 0.0 0.0 -1.0
    outer loop
      vertex -5.251091957092285 -2.7537589073181152 62.70650100708008
      vertex -6.019140243530273 -2.6902031898498535 62.70650100708008
      vertex -5.2345428466796875 -2.254892110824585 62.70650100708008
    endloop
  endfacet
  facet normal 0.0 0.0 -1.0
    outer loop
      vertex -6.019140243530273 -2.6902031898498535 62.70650100708008
      vertex -5.7223052978515625 -1.855994701385498 62.70650100708008
      vertex -5.2345428466796875 -2.254892110824585 62.70650100708008
    endloop
  endfacet
  facet normal 0.0 0.0 -1.0
    outer loop
      vertex -5.2345428466796875 -2.254892110824585 62.70650100708008
      vertex -5.7223052978515625 -1.855994701385498 62.70650100708008
      vertex -5.143609523773193 -1.9082077741622925 62.70650100708008
    endloop
  endfacet
  facet normal 0.0 0.0 -1.0
    outer loop
      vertex -5.7223052978515625 -1.855994701385498 62.70650100708008
      vertex -5.2943902015686035 -1.2454707622528076 62.70650100708008
      vertex -5.143609523773193 -1.9082077741622925 62.70650100708008
    endloop
  endfacet
  facet normal 0.0 0.0 -1.0
    outer loop
      vertex -5.143609523773193 -1.9082077741622925 62.70650100708008
      vertex -5.2943902015686035 -1.2454707622528076 62.70650100708008
      vertex -4.93114709854126 -1.5362584590911865 62.70650100708008
    endloop
  endfacet
  facet normal 0.0 0.0 -1.0
    outer loop
      vertex -4.93114709854126 -1.5362584590911865 62.70650100708008
      vertex -5.2943902015686035 -1.2454707622528076 62.70650100708008
      vertex -4.637977123260498 -1.169081449508667 62.70650100708008
    endloop
  endfacet
  facet normal 0.0 0.0 -1.0
    outer loop
      vertex -5.2943902015686035 -1.2454707622528076 62.70650100708008
      vertex -4.593050479888916 -0.6230071783065796 62.70650100708008
      vertex -4.637977123260498 -1.169081449508667 62.70650100708008
    endloop
  endfacet
  facet normal 0.0 0.0 -1.0
    outer loop
      vertex -4.637977123260498 -1.169081449508667 62.70650100708008
      vertex -4.593050479888916 -0.6230071783065796 62.70650100708008
      vertex -4.261322498321533 -0.8924888372421265 62.70650100708008
    endloop
  endfacet
  facet normal 0.0 0.0 -1.0
    outer loop
      vertex -4.261322498321533 -0.8924888372421265 62.70650100708008
      vertex -4.593050479888916 -0.6230071783065796 62.70650100708008
      vertex -3.732574939727783 -0.5966147184371948 62.70650100708008
    endloop
  endfacet
  facet normal 0.0 0.0 -1.0
    outer loop
      vertex -4.593050479888916 -0.6230071783065796 62.70650100708008
      vertex -3.6589808464050293 -0.06914734840393066 62.70650100708008
      vertex -3.732574939727783 -0.5966147184371948 62.70650100708008
    endloop
  endfacet
  facet normal 0.0 0.0 -1.0
    outer loop
      vertex -3.732574939727783 -0.5966147184371948 62.70650100708008
      vertex -3.6589808464050293 -0.06914734840393066 62.70650100708008
      vertex -2.991950035095215 -0.269824743270874 62.70650100708008
    endloop
  endfacet
  facet normal 0.0 0.0 -1.0
    outer loop
      vertex -3.6589808464050293 -0.06914734840393066 62.70650100708008
      vertex -2.557694911956787 0.38237738609313965 62.70650100708008
      vertex -2.991950035095215 -0.269824743270874 62.70650100708008
    endloop
  endfacet
  facet normal 0.0 0.0 -1.0
    outer loop
      vertex -2.991950035095215 -0.269824743270874 62.70650100708008
      vertex -2.557694911956787 0.38237738609313965 62.70650100708008
      vertex -2.1056900024414062 0.05169820785522461 62.70650100708008
    endloop
  endfacet
  facet normal 0.0 0.0 -1.0
    outer loop
      vertex -2.557694911956787 0.38237738609313965 62.70650100708008
      vertex -1.824388027191162 0.579906702041626 62.70650100708008
      vertex -2.1056900024414062 0.05169820785522461 62.70650100708008
    endloop
  endfacet
  facet normal 0.0 0.0 -1.0
    outer loop
      vertex -2.1056900024414062 0.05169820785522461 62.70650100708008
      vertex -1.824388027191162 0.579906702041626 62.70650100708008
      vertex -1.3841841220855713 0.2563135623931885 62.70650100708008
    endloop
  endfacet
  facet normal 0.0 0.0 -1.0
    outer loop
      vertex -1.824388027191162 0.579906702041626 62.70650100708008
      vertex -1.091080665588379 0.7774362564086914 62.70650100708008
      vertex -1.3841841220855713 0.2563135623931885 62.70650100708008
    endloop
  endfacet
  facet normal 0.0 0.0 -1.0
    outer loop
      vertex -1.3841841220855713 0.2563135623931885 62.70650100708008
      vertex -1.091080665588379 0.7774362564086914 62.70650100708008
      vertex -0.7429838180541992 0.42338037490844727 62.70650100708008
    endloop
  endfacet
  facet normal 0.0 0.0 -1.0
    outer loop
      vertex -1.091080665588379 0.7774362564086914 62.70650100708008
      vertex -0.3578529357910156 0.8902676105499268 62.70650100708008
      vertex -0.7429838180541992 0.42338037490844727 62.70650100708008
    endloop
  endfacet
  facet normal 0.0 0.0 -1.0
    outer loop
      vertex -0.7429838180541992 0.42338037490844727 62.70650100708008
      vertex -0.3578529357910156 0.8902676105499268 62.70650100708008
      vertex 0.27620673179626465 0.5623972415924072 62.70650100708008
    endloop
  endfacet
  facet normal 0.0 0.0 -1.0
    outer loop
      vertex -0.3578529357910156 0.8902676105499268 62.70650100708008
      vertex 0.3753749132156372 1.003098726272583 62.70650100708008
      vertex 0.27620673179626465 0.5623972415924072 62.70650100708008
    endloop
  endfacet
  facet normal 0.0 0.0 -1.0
    outer loop
      vertex 0.27620673179626465 0.5623972415924072 62.70650100708008
      vertex 0.3753749132156372 1.003098726272583 62.70650100708008
      vertex 1.2953970432281494 0.5884006023406982 62.70650100708008
    endloop
  endfacet
  facet normal 0.0 0.0 -1.0
    outer loop
      vertex 0.3753749132156372 1.003098726272583 62.70650100708008
      vertex 1.1876896619796753 1.0450880527496338 62.70650100708008
      vertex 1.2953970432281494 0.5884006023406982 62.70650100708008
    endloop
  endfacet
  facet normal 0.0 0.0 -1.0
    outer loop
      vertex 1.1876896619796753 1.0450880527496338 62.70650100708008
      vertex 1.9999955892562866 1.0870773792266846 62.70650100708008
      vertex 1.2953970432281494 0.5884006023406982 62.70650100708008
    endloop
  endfacet
  facet normal 0.0 0.0 -1.0
    outer loop
      vertex 1.2953970432281494 0.5884006023406982 62.70650100708008
      vertex 1.9999955892562866 1.0870773792266846 62.70650100708008
      vertex 2.0 0.5785796642303467 62.70650100708008
    endloop
  endfacet
  facet normal 0.0 0.0 -1.0
    outer loop
      vertex 9.143610000610352 -1.9082077741622925 62.70650100708008
      vertex 8.719683647155762 -1.9347095489501953 62.70650100708008
      vertex 8.931146621704102 -1.5362584590911865 62.70650100708008
    endloop
  endfacet
  facet normal 0.0 0.0 -1.0
    outer loop
      vertex 9.143610000610352 -1.9082077741622925 62.70650100708008
      vertex 9.234542846679688 -2.254892110824585 62.70650100708008
      vertex 8.719683647155762 -1.9347095489501953 62.70650100708008
    endloop
  endfacet
  facet normal 0.0 0.0 -1.0
    outer loop
      vertex 8.719683647155762 -1.9347095489501953 62.70650100708008
      vertex 9.234542846679688 -2.254892110824585 62.70650100708008
      vertex 8.790462493896484 -2.232412576675415 62.70650100708008
    endloop
  endfacet
  facet normal 0.0 0.0 -1.0
    outer loop
      vertex 9.234542846679688 -2.254892110824585 62.70650100708008
      vertex 9.251091957092285 -2.7537589073181152 62.70650100708008
      vertex 8.790462493896484 -2.232412576675415 62.70650100708008
    endloop
  endfacet
  facet normal 0.0 0.0 -1.0
    outer loop
      vertex 8.680337905883789 -2.689220428466797 62.70650100708008
      vertex 9.254249572753906 -3.323802947998047 62.70650100708008
      vertex 8.420308113098145 -3.1285293102264404 62.70650100708008
    endloop
  endfacet
  facet normal 0.0 0.0 -1.0
    outer loop
      vertex 8.790462493896484 -2.232412576675415 62.70650100708008
      vertex 9.251091957092285 -2.7537589073181152 62.70650100708008
      vertex 8.680337905883789 -2.689220428466797 62.70650100708008
    endloop
  endfacet
  facet normal 0.0 0.0 -1.0
    outer loop
      vertex 9.254249572753906 -3.323802947998047 62.70650100708008
      vertex 8.680337905883789 -2.689220428466797 62.70650100708008
      vertex 9.251091957092285 -2.7537589073181152 62.70650100708008
    endloop
  endfacet
  facet normal 0.0 0.0 -1.0
    outer loop
      vertex 8.22150993347168 -1.9841071367263794 62.70650100708008
      vertex 8.270893096923828 -1.424499273300171 62.70650100708008
      vertex 8.456960678100586 -1.790023684501648 62.70650100708008
    endloop
  endfacet
  facet normal 0.0 0.0 -1.0
    outer loop
      vertex 8.637977600097656 -1.169081449508667 62.70650100708008
      vertex 8.270893096923828 -1.424499273300171 62.70650100708008
      vertex 8.261322021484375 -0.8924888372421265 62.70650100708008
    endloop
  endfacet
  facet normal 0.0 0.0 -1.0
    outer loop
      vertex 8.270893096923828 -1.424499273300171 62.70650100708008
      vertex 7.70401668548584 -1.5482709407806396 62.70650100708008
      vertex 8.261322021484375 -0.8924888372421265 62.70650100708008
    endloop
  endfacet
  facet normal 0.0 0.0 -1.0
    outer loop
      vertex 8.261322021484375 -0.8924888372421265 62.70650100708008
      vertex 7.70401668548584 -1.5482709407806396 62.70650100708008
      vertex 7.732574939727783 -0.5966147184371948 62.70650100708008
    endloop
  endfacet
  facet normal 0.0 0.0 -1.0
    outer loop
      vertex 8.270893096923828 -1.424499273300171 62.70650100708008
      vertex 8.22150993347168 -1.9841071367263794 62.70650100708008
      vertex 7.70401668548584 -1.5482709407806396 62.70650100708008
    endloop
  endfacet
  facet normal 0.0 0.0 -1.0
    outer loop
      vertex 7.70401668548584 -1.5482709407806396 62.70650100708008
      vertex 8.22150993347168 -1.9841071367263794 62.70650100708008
      vertex 7.572692394256592 -2.438514471054077 62.70650100708008
    endloop
  endfacet
  facet normal 0.0 0.0 -1.0
    outer loop
      vertex 8.22150993347168 -1.9841071367263794 62.70650100708008
      vertex 8.003255844116211 -2.6886157989501953 62.70650100708008
      vertex 7.572692394256592 -2.438514471054077 62.70650100708008
    endloop
  endfacet
  facet normal 0.0 0.0 -1.0
    outer loop
      vertex 7.575969696044922 -3.391479730606079 62.70650100708008
      vertex 7.572692394256592 -2.438514471054077 62.70650100708008
      vertex 8.003255844116211 -2.6886157989501953 62.70650100708008
    endloop
  endfacet
  facet normal 0.0 0.0 -1.0
    outer loop
      vertex 7.572692394256592 -2.438514471054077 62.70650100708008
      vertex 7.575969696044922 -3.391479730606079 62.70650100708008
      vertex 6.956700325012207 -3.1324832439422607 62.70650100708008
    endloop
  endfacet
  facet normal 0.0 0.0 -1.0
    outer loop
      vertex 6.944950580596924 -4.086702823638916 62.70650100708008
      vertex 6.956700325012207 -3.1324832439422607 62.70650100708008
      vertex 7.575969696044922 -3.391479730606079 62.70650100708008
    endloop
  endfacet
  facet normal 0.0 0.0 -1.0
    outer loop
      vertex 6.956700325012207 -3.1324832439422607 62.70650100708008
      vertex 6.968450546264648 -2.1782636642456055 62.70650100708008
      vertex 7.572692394256592 -2.438514471054077 62.70650100708008
    endloop
  endfacet
  facet normal 0.0 0.0 -1.0
    outer loop
      vertex 7.572692394256592 -2.438514471054077 62.70650100708008
      vertex 6.968450546264648 -2.1782636642456055 62.70650100708008
      vertex 7.70401668548584 -1.5482709407806396 62.70650100708008
    endloop
  endfacet
  facet normal 0.0 0.0 -1.0
    outer loop
      vertex 6.968450546264648 -2.1782636642456055 62.70650100708008
      vertex 6.980200290679932 -1.2240442037582397 62.70650100708008
      vertex 7.70401668548584 -1.5482709407806396 62.70650100708008
    endloop
  endfacet
  facet normal 0.0 0.0 -1.0
    outer loop
      vertex 7.70401668548584 -1.5482709407806396 62.70650100708008
      vertex 6.980200290679932 -1.2240442037582397 62.70650100708008
      vertex 7.732574939727783 -0.5966147184371948 62.70650100708008
    endloop
  endfacet
  facet normal 0.0 0.0 -1.0
    outer loop
      vertex 7.732574939727783 -0.5966147184371948 62.70650100708008
      vertex 6.980200290679932 -1.2240442037582397 62.70650100708008
      vertex 6.991950035095215 -0.269824743270874 62.70650100708008
    endloop
  endfacet
  facet normal 0.0 0.0 -1.0
    outer loop
      vertex 6.086995601654053 -3.4271841049194336 62.70650100708008
      vertex 6.956700325012207 -3.1324832439422607 62.70650100708008
      vertex 6.944950580596924 -4.086702823638916 62.70650100708008
    endloop
  endfacet
  facet normal 0.0 0.0 -1.0
    outer loop
      vertex 6.944950580596924 -4.086702823638916 62.70650100708008
      vertex 6.080764293670654 -4.586811542510986 62.70650100708008
      vertex 6.086995601654053 -3.4271841049194336 62.70650100708008
    endloop
  endfacet
  facet normal 0.0 0.0 -1.0
    outer loop
      vertex 6.086995601654053 -3.4271841049194336 62.70650100708008
      vertex 6.093226909637451 -2.267556667327881 62.70650100708008
      vertex 6.956700325012207 -3.1324832439422607 62.70650100708008
    endloop
  endfacet
  facet normal 0.0 0.0 -1.0
    outer loop
      vertex 6.956700325012207 -3.1324832439422607 62.70650100708008
      vertex 6.093226909637451 -2.267556667327881 62.70650100708008
      vertex 6.968450546264648 -2.1782636642456055 62.70650100708008
    endloop
  endfacet
  facet normal 0.0 0.0 -1.0
    outer loop
      vertex 6.991950035095215 -0.269824743270874 62.70650100708008
      vertex 6.980200290679932 -1.2240442037582397 62.70650100708008
      vertex 6.099458694458008 -1.1079292297363281 62.70650100708008
    endloop
  endfacet
  facet normal 0.0 0.0 -1.0
    outer loop
      vertex 6.991950035095215 -0.269824743270874 62.70650100708008
      vertex 6.099458694458008 -1.1079292297363281 62.70650100708008
      vertex 6.105690002441406 0.05169820785522461 62.70650100708008
    endloop
  endfacet
  facet normal 0.0 0.0 -1.0
    outer loop
      vertex 6.968450546264648 -2.1782636642456055 62.70650100708008
      vertex 6.093226909637451 -2.267556667327881 62.70650100708008
      vertex 6.980200290679932 -1.2240442037582397 62.70650100708008
    endloop
  endfacet
  facet normal 0.0 0.0 -1.0
    outer loop
      vertex 6.099458694458008 -1.1079292297363281 62.70650100708008
      vertex 6.980200290679932 -1.2240442037582397 62.70650100708008
      vertex 6.093226909637451 -2.267556667327881 62.70650100708008
    endloop
  endfacet
  facet normal 0.0 0.0 -1.0
    outer loop
      vertex 6.080764293670654 -4.586811542510986 62.70650100708008
      vertex 5.192238807678223 -3.6507835388183594 62.70650100708008
      vertex 6.086995601654053 -3.4271841049194336 62.70650100708008
    endloop
  endfacet
  facet normal 0.0 0.0 -1.0
    outer loop
      vertex 5.128256797790527 -4.953149318695068 62.70650100708008
      vertex 5.192238807678223 -3.6507835388183594 62.70650100708008
      vertex 6.080764293670654 -4.586811542510986 62.70650100708008
    endloop
  endfacet
  facet normal 0.0 0.0 -1.0
    outer loop
      vertex 5.192238807678223 -3.6507835388183594 62.70650100708008
      vertex 5.25622034072876 -2.3484179973602295 62.70650100708008
      vertex 6.086995601654053 -3.4271841049194336 62.70650100708008
    endloop
  endfacet
  facet normal 0.0 0.0 -1.0
    outer loop
      vertex 6.086995601654053 -3.4271841049194336 62.70650100708008
      vertex 5.25622034072876 -2.3484179973602295 62.70650100708008
      vertex 6.093226909637451 -2.267556667327881 62.70650100708008
    endloop
  endfacet
  facet normal 0.0 0.0 -1.0
    outer loop
      vertex 6.105690002441406 0.05169820785522461 62.70650100708008
      vertex 6.099458694458008 -1.1079292297363281 62.70650100708008
      vertex 5.320201873779297 -1.0460522174835205 62.70650100708008
    endloop
  endfacet
  facet normal 0.0 0.0 -1.0
    outer loop
      vertex 6.105690002441406 0.05169820785522461 62.70650100708008
      vertex 5.320201873779297 -1.0460522174835205 62.70650100708008
      vertex 5.384183883666992 0.2563135623931885 62.70650100708008
    endloop
  endfacet
  facet normal 0.0 0.0 -1.0
    outer loop
      vertex 6.093226909637451 -2.267556667327881 62.70650100708008
      vertex 5.320201873779297 -1.0460522174835205 62.70650100708008
      vertex 6.099458694458008 -1.1079292297363281 62.70650100708008
    endloop
  endfacet
  facet normal 0.0 0.0 -1.0
    outer loop
      vertex 5.320201873779297 -1.0460522174835205 62.70650100708008
      vertex 6.093226909637451 -2.267556667327881 62.70650100708008
      vertex 5.25622034072876 -2.3484179973602295 62.70650100708008
    endloop
  endfacet
  facet normal 0.0 0.0 -1.0
    outer loop
      vertex 5.128256797790527 -4.953149318695068 62.70650100708008
      vertex 4.274073123931885 -3.800273895263672 62.70650100708008
      vertex 5.192238807678223 -3.6507835388183594 62.70650100708008
    endloop
  endfacet
  facet normal 0.0 0.0 -1.0
    outer loop
      vertex 4.117769241333008 -5.20815896987915 62.70650100708008
      vertex 4.274073123931885 -3.800273895263672 62.70650100708008
      vertex 5.128256797790527 -4.953149318695068 62.70650100708008
    endloop
  endfacet
  facet normal 0.0 0.0 -1.0
    outer loop
      vertex 4.430377006530762 -2.3923892974853516 62.70650100708008
      vertex 5.25622034072876 -2.3484179973602295 62.70650100708008
      vertex 5.192238807678223 -3.6507835388183594 62.70650100708008
    endloop
  endfacet
  facet normal 0.0 0.0 -1.0
    outer loop
      vertex 4.274073123931885 -3.800273895263672 62.70650100708008
      vertex 4.430377006530762 -2.3923892974853516 62.70650100708008
      vertex 5.192238807678223 -3.6507835388183594 62.70650100708008
    endloop
  endfacet
  facet normal 0.0 0.0 -1.0
    outer loop
      vertex 5.25622034072876 -2.3484179973602295 62.70650100708008
      vertex 4.5866804122924805 -0.9845044612884521 62.70650100708008
      vertex 5.320201873779297 -1.0460522174835205 62.70650100708008
    endloop
  endfacet
  facet normal 0.0 0.0 -1.0
    outer loop
      vertex 4.5866804122924805 -0.9845044612884521 62.70650100708008
      vertex 5.25622034072876 -2.3484179973602295 62.70650100708008
      vertex 4.430377006530762 -2.3923892974853516 62.70650100708008
    endloop
  endfacet
  facet normal 0.0 0.0 -1.0
    outer loop
      vertex 5.384183883666992 0.2563135623931885 62.70650100708008
      vertex 5.320201873779297 -1.0460522174835205 62.70650100708008
      vertex 4.742983818054199 0.42338037490844727 62.70650100708008
    endloop
  endfacet
  facet normal 0.0 0.0 -1.0
    outer loop
      vertex 4.5866804122924805 -0.9845044612884521 62.70650100708008
      vertex 4.742983818054199 0.42338037490844727 62.70650100708008
      vertex 5.320201873779297 -1.0460522174835205 62.70650100708008
    endloop
  endfacet
  facet normal 0.0 0.0 -1.0
    outer loop
      vertex 4.742983818054199 0.42338037490844727 62.70650100708008
      vertex 4.5866804122924805 -0.9845044612884521 62.70650100708008
      vertex 3.7237932682037354 0.5623972415924072 62.70650100708008
    endloop
  endfacet
  facet normal 0.0 0.0 -1.0
    outer loop
      vertex 3.1474833488464355 -0.7712993621826172 62.70650100708008
      vertex 3.7237932682037354 0.5623972415924072 62.70650100708008
      vertex 4.5866804122924805 -0.9845044612884521 62.70650100708008
    endloop
  endfacet
  facet normal 0.0 0.0 -1.0
    outer loop
      vertex 4.5866804122924805 -0.9845044612884521 62.70650100708008
      vertex 4.430377006530762 -2.3923892974853516 62.70650100708008
      vertex 3.1205332279205322 -2.3007466793060303 62.70650100708008
    endloop
  endfacet
  facet normal 0.0 0.0 -1.0
    outer loop
      vertex 4.5866804122924805 -0.9845044612884521 62.70650100708008
      vertex 3.1205332279205322 -2.3007466793060303 62.70650100708008
      vertex 3.1474833488464355 -0.7712993621826172 62.70650100708008
    endloop
  endfacet
  facet normal 0.0 0.0 -1.0
    outer loop
      vertex 4.274073123931885 -3.800273895263672 62.70650100708008
      vertex 3.1205332279205322 -2.3007466793060303 62.70650100708008
      vertex 4.430377006530762 -2.3923892974853516 62.70650100708008
    endloop
  endfacet
  facet normal 0.0 0.0 -1.0
    outer loop
      vertex 3.1205332279205322 -2.3007466793060303 62.70650100708008
      vertex 4.274073123931885 -3.800273895263672 62.70650100708008
      vertex 3.093583106994629 -3.8301937580108643 62.70650100708008
    endloop
  endfacet
  facet normal 0.0 0.0 -1.0
    outer loop
      vertex 4.274073123931885 -3.800273895263672 62.70650100708008
      vertex 4.117769241333008 -5.20815896987915 62.70650100708008
      vertex 3.093583106994629 -3.8301937580108643 62.70650100708008
    endloop
  endfacet
  facet normal 0.0 0.0 -1.0
    outer loop
      vertex 3.0666327476501465 -5.359641075134277 62.70650100708008
      vertex 3.093583106994629 -3.8301937580108643 62.70650100708008
      vertex 4.117769241333008 -5.20815896987915 62.70650100708008
    endloop
  endfacet
  facet normal 0.0 0.0 -1.0
    outer loop
      vertex 3.0666327476501465 -5.359641075134277 62.70650100708008
      vertex 2.0 -3.912389039993286 62.70650100708008
      vertex 3.093583106994629 -3.8301937580108643 62.70650100708008
    endloop
  endfacet
  facet normal 0.0 0.0 -1.0
    outer loop
      vertex 2.0 -5.409379005432129 62.70650100708008
      vertex 2.0 -3.912389039993286 62.70650100708008
      vertex 3.0666327476501465 -5.359641075134277 62.70650100708008
    endloop
  endfacet
  facet normal 0.0 0.0 -1.0
    outer loop
      vertex 3.093583106994629 -3.8301937580108643 62.70650100708008
      vertex 2.0 -2.4153995513916016 62.70650100708008
      vertex 3.1205332279205322 -2.3007466793060303 62.70650100708008
    endloop
  endfacet
  facet normal 0.0 0.0 -1.0
    outer loop
      vertex 2.0 -2.4153995513916016 62.70650100708008
      vertex 3.093583106994629 -3.8301937580108643 62.70650100708008
      vertex 2.0 -3.912389039993286 62.70650100708008
    endloop
  endfacet
  facet normal 0.0 0.0 -1.0
    outer loop
      vertex 2.0 -0.9184098243713379 62.70650100708008
      vertex 3.1474833488464355 -0.7712993621826172 62.70650100708008
      vertex 3.1205332279205322 -2.3007466793060303 62.70650100708008
    endloop
  endfacet
  facet normal 0.0 0.0 -1.0
    outer loop
      vertex 2.0 -2.4153995513916016 62.70650100708008
      vertex 2.0 -0.9184098243713379 62.70650100708008
      vertex 3.1205332279205322 -2.3007466793060303 62.70650100708008
    endloop
  endfacet
  facet normal 0.0 0.0 -1.0
    outer loop
      vertex 3.7237932682037354 0.5623972415924072 62.70650100708008
      vertex 3.1474833488464355 -0.7712993621826172 62.70650100708008
      vertex 2.7046029567718506 0.5884006023406982 62.70650100708008
    endloop
  endfacet
  facet normal 0.0 0.0 -1.0
    outer loop
      vertex 3.1474833488464355 -0.7712993621826172 62.70650100708008
      vertex 2.0 -0.9184098243713379 62.70650100708008
      vertex 2.7046029567718506 0.5884006023406982 62.70650100708008
    endloop
  endfacet
  facet normal 0.0 0.0 -1.0
    outer loop
      vertex 2.7046029567718506 0.5884006023406982 62.70650100708008
      vertex 2.0 -0.9184098243713379 62.70650100708008
      vertex 2.0 0.5785796642303467 62.70650100708008
    endloop
  endfacet
  facet normal 0.0 0.0 -1.0
    outer loop
      vertex 9.254249572753906 -3.323802947998047 62.70650100708008
      vertex 9.067033767700195 -4.061732292175293 62.70650100708008
      vertex 8.420308113098145 -3.1285293102264404 62.70650100708008
    endloop
  endfacet
  facet normal 0.0 0.0 -1.0
    outer loop
      vertex 8.420308113098145 -3.1285293102264404 62.70650100708008
      vertex 9.067033767700195 -4.061732292175293 62.70650100708008
      vertex 8.470130920410156 -4.0055646896362305 62.70650100708008
    endloop
  endfacet
  facet normal 0.0 0.0 -1.0
    outer loop
      vertex 7.958540916442871 -3.9411568641662598 62.70650100708008
      vertex 8.420308113098145 -3.1285293102264404 62.70650100708008
      vertex 8.470130920410156 -4.0055646896362305 62.70650100708008
    endloop
  endfacet
  facet normal 0.0 0.0 -1.0
    outer loop
      vertex 8.694385528564453 -4.744315147399902 62.70650100708008
      vertex 8.470130920410156 -4.0055646896362305 62.70650100708008
      vertex 9.067033767700195 -4.061732292175293 62.70650100708008
    endloop
  endfacet
  facet normal 0.0 0.0 -1.0
    outer loop
      vertex 8.470130920410156 -4.0055646896362305 62.70650100708008
      vertex 8.694385528564453 -4.744315147399902 62.70650100708008
      vertex 8.033177375793457 -4.703239440917969 62.70650100708008
    endloop
  endfacet
  facet normal 0.0 0.0 -1.0
    outer loop
      vertex 8.470130920410156 -4.0055646896362305 62.70650100708008
      vertex 8.033177375793457 -4.703239440917969 62.70650100708008
      vertex 7.958540916442871 -3.9411568641662598 62.70650100708008
    endloop
  endfacet
  facet normal 0.0 0.0 -1.0
    outer loop
      vertex 8.193126678466797 -5.457082748413086 62.70650100708008
      vertex 8.033177375793457 -4.703239440917969 62.70650100708008
      vertex 8.694385528564453 -4.744315147399902 62.70650100708008
    endloop
  endfacet
  facet normal 0.0 0.0 -1.0
    outer loop
      vertex 8.033177375793457 -4.703239440917969 62.70650100708008
      vertex 8.193126678466797 -5.457082748413086 62.70650100708008
      vertex 7.2255682945251465 -5.375486373901367 62.70650100708008
    endloop
  endfacet
  facet normal 0.0 0.0 -1.0
    outer loop
      vertex 7.436971187591553 -6.135692119598389 62.70650100708008
      vertex 7.2255682945251465 -5.375486373901367 62.70650100708008
      vertex 8.193126678466797 -5.457082748413086 62.70650100708008
    endloop
  endfacet
  facet normal 0.0 0.0 -1.0
    outer loop
      vertex 7.958540916442871 -3.9411568641662598 62.70650100708008
      vertex 8.033177375793457 -4.703239440917969 62.70650100708008
      vertex 7.0904974937438965 -4.618673324584961 62.70650100708008
    endloop
  endfacet
  facet normal 0.0 0.0 -1.0
    outer loop
      vertex 7.0904974937438965 -4.618673324584961 62.70650100708008
      vertex 8.033177375793457 -4.703239440917969 62.70650100708008
      vertex 7.2255682945251465 -5.375486373901367 62.70650100708008
    endloop
  endfacet
  facet normal 0.0 0.0 -1.0
    outer loop
      vertex 7.2255682945251465 -5.375486373901367 62.70650100708008
      vertex 7.436971187591553 -6.135692119598389 62.70650100708008
      vertex 6.315739154815674 -6.062170028686523 62.70650100708008
    endloop
  endfacet
  facet normal 0.0 0.0 -1.0
    outer loop
      vertex 7.436971187591553 -6.135692119598389 62.70650100708008
      vertex 6.477258682250977 -6.872300148010254 62.70650100708008
      vertex 6.315739154815674 -6.062170028686523 62.70650100708008
    endloop
  endfacet
  facet normal 0.0 0.0 -1.0
    outer loop
      vertex 7.0904974937438965 -4.618673324584961 62.70650100708008
      vertex 7.2255682945251465 -5.375486373901367 62.70650100708008
      vertex 6.154219627380371 -5.252039909362793 62.70650100708008
    endloop
  endfacet
  facet normal 0.0 0.0 -1.0
    outer loop
      vertex 6.315739154815674 -6.062170028686523 62.70650100708008
      vertex 6.154219627380371 -5.252039909362793 62.70650100708008
      vertex 7.2255682945251465 -5.375486373901367 62.70650100708008
    endloop
  endfacet
  facet normal 0.0 0.0 -1.0
    outer loop
      vertex 6.154219627380371 -5.252039909362793 62.70650100708008
      vertex 6.315739154815674 -6.062170028686523 62.70650100708008
      vertex 5.229793548583984 -5.705687522888184 62.70650100708008
    endloop
  endfacet
  facet normal 0.0 0.0 -1.0
    outer loop
      vertex 5.229793548583984 -5.705687522888184 62.70650100708008
      vertex 6.315739154815674 -6.062170028686523 62.70650100708008
      vertex 5.299874305725098 -6.542205333709717 62.70650100708008
    endloop
  endfacet
  facet normal 0.0 0.0 -1.0
    outer loop
      vertex 6.315739154815674 -6.062170028686523 62.70650100708008
      vertex 6.477258682250977 -6.872300148010254 62.70650100708008
      vertex 5.299874305725098 -6.542205333709717 62.70650100708008
    endloop
  endfacet
  facet normal 0.0 0.0 -1.0
    outer loop
      vertex 5.369955062866211 -7.378722667694092 62.70650100708008
      vertex 5.299874305725098 -6.542205333709717 62.70650100708008
      vertex 6.477258682250977 -6.872300148010254 62.70650100708008
    endloop
  endfacet
  facet normal 0.0 0.0 -1.0
    outer loop
      vertex 5.299874305725098 -6.542205333709717 62.70650100708008
      vertex 5.369955062866211 -7.378722667694092 62.70650100708008
      vertex 4.114340782165527 -6.824235916137695 62.70650100708008
    endloop
  endfacet
  facet normal 0.0 0.0 -1.0
    outer loop
      vertex 5.369955062866211 -7.378722667694092 62.70650100708008
      vertex 4.183667182922363 -7.716758728027344 62.70650100708008
      vertex 4.114340782165527 -6.824235916137695 62.70650100708008
    endloop
  endfacet
  facet normal 0.0 0.0 -1.0
    outer loop
      vertex 5.229793548583984 -5.705687522888184 62.70650100708008
      vertex 5.299874305725098 -6.542205333709717 62.70650100708008
      vertex 4.045014381408691 -5.931713581085205 62.70650100708008
    endloop
  endfacet
  facet normal 0.0 0.0 -1.0
    outer loop
      vertex 4.114340782165527 -6.824235916137695 62.70650100708008
      vertex 4.045014381408691 -5.931713581085205 62.70650100708008
      vertex 5.299874305725098 -6.542205333709717 62.70650100708008
    endloop
  endfacet
  facet normal 0.0 0.0 -1.0
    outer loop
      vertex 4.183667182922363 -7.716758728027344 62.70650100708008
      vertex 2.994075298309326 -6.960901737213135 62.70650100708008
      vertex 4.114340782165527 -6.824235916137695 62.70650100708008
    endloop
  endfacet
  facet normal 0.0 0.0 -1.0
    outer loop
      vertex 3.1089110374450684 -7.898157119750977 62.70650100708008
      vertex 2.994075298309326 -6.960901737213135 62.70650100708008
      vertex 4.183667182922363 -7.716758728027344 62.70650100708008
    endloop
  endfacet
  facet normal 0.0 0.0 -1.0
    outer loop
      vertex 4.045014381408691 -5.931713581085205 62.70650100708008
      vertex 4.114340782165527 -6.824235916137695 62.70650100708008
      vertex 2.879239559173584 -6.023646831512451 62.70650100708008
    endloop
  endfacet
  facet normal 0.0 0.0 -1.0
    outer loop
      vertex 2.879239559173584 -6.023646831512451 62.70650100708008
      vertex 4.114340782165527 -6.824235916137695 62.70650100708008
      vertex 2.994075298309326 -6.960901737213135 62.70650100708008
    endloop
  endfacet
  facet normal 0.0 0.0 -1.0
    outer loop
      vertex 2.879239559173584 -6.023646831512451 62.70650100708008
      vertex 2.994075298309326 -6.960901737213135 62.70650100708008
      vertex 2.0 -6.045982837677002 62.70650100708008
    endloop
  endfacet
  facet normal 0.0 0.0 -1.0
    outer loop
      vertex 2.0 -6.045982837677002 62.70650100708008
      vertex 2.994075298309326 -6.960901737213135 62.70650100708008
      vertex 1.999999761581421 -6.997769355773926 62.70650100708008
    endloop
  endfacet
  facet normal 0.0 0.0 -1.0
    outer loop
      vertex 2.994075298309326 -6.960901737213135 62.70650100708008
      vertex 3.1089110374450684 -7.898157119750977 62.70650100708008
      vertex 1.999999761581421 -6.997769355773926 62.70650100708008
    endloop
  endfacet
  facet normal 0.0 0.0 -1.0
    outer loop
      vertex 1.9999995231628418 -7.94955587387085 62.70650100708008
      vertex 1.999999761581421 -6.997769355773926 62.70650100708008
      vertex 3.1089110374450684 -7.898157119750977 62.70650100708008
    endloop
  endfacet
  facet normal 0.0 0.0 -1.0
    outer loop
      vertex 8.719683647155762 -1.9347095489501953 62.70650100708008
      vertex 8.653621673583984 -1.586268424987793 62.70650100708008
      vertex 8.931146621704102 -1.5362584590911865 62.70650100708008
    endloop
  endfacet
  facet normal 0.0 0.0 -1.0
    outer loop
      vertex 8.456960678100586 -1.790023684501648 62.70650100708008
      vertex 8.653621673583984 -1.586268424987793 62.70650100708008
      vertex 8.719683647155762 -1.9347095489501953 62.70650100708008
    endloop
  endfacet
  facet normal 0.0 0.0 -1.0
    outer loop
      vertex 8.931146621704102 -1.5362584590911865 62.70650100708008
      vertex 8.653621673583984 -1.586268424987793 62.70650100708008
      vertex 8.637977600097656 -1.169081449508667 62.70650100708008
    endloop
  endfacet
  facet normal 0.0 0.0 -1.0
    outer loop
      vertex 8.456960678100586 -1.790023684501648 62.70650100708008
      vertex 8.270893096923828 -1.424499273300171 62.70650100708008
      vertex 8.653621673583984 -1.586268424987793 62.70650100708008
    endloop
  endfacet
  facet normal 0.0 0.0 -1.0
    outer loop
      vertex 8.270893096923828 -1.424499273300171 62.70650100708008
      vertex 8.637977600097656 -1.169081449508667 62.70650100708008
      vertex 8.653621673583984 -1.586268424987793 62.70650100708008
    endloop
  endfacet
  facet normal 0.0 0.0 -1.0
    outer loop
      vertex -5.143609523773193 -1.9082077741622925 62.70650100708008
      vertex -4.93114709854126 -1.5362584590911865 62.70650100708008
      vertex -4.719683647155762 -1.9347095489501953 62.70650100708008
    endloop
  endfacet
  facet normal 0.0 0.0 -1.0
    outer loop
      vertex -5.143609523773193 -1.9082077741622925 62.70650100708008
      vertex -4.719683647155762 -1.9347095489501953 62.70650100708008
      vertex -5.2345428466796875 -2.254892110824585 62.70650100708008
    endloop
  endfacet
  facet normal 0.0 0.0 -1.0
    outer loop
      vertex -4.719683647155762 -1.9347095489501953 62.70650100708008
      vertex -4.790462970733643 -2.232412576675415 62.70650100708008
      vertex -5.2345428466796875 -2.254892110824585 62.70650100708008
    endloop
  endfacet
  facet normal 0.0 0.0 -1.0
    outer loop
      vertex -5.2345428466796875 -2.254892110824585 62.70650100708008
      vertex -4.790462970733643 -2.232412576675415 62.70650100708008
      vertex -5.251091957092285 -2.7537589073181152 62.70650100708008
    endloop
  endfacet
  facet normal 0.0 0.0 -1.0
    outer loop
      vertex -4.680338382720947 -2.689220428466797 62.70650100708008
      vertex -4.4203081130981445 -3.1285293102264404 62.70650100708008
      vertex -5.2542500495910645 -3.323802947998047 62.70650100708008
    endloop
  endfacet
  facet normal 0.0 0.0 -1.0
    outer loop
      vertex -4.790462970733643 -2.232412576675415 62.70650100708008
      vertex -4.680338382720947 -2.689220428466797 62.70650100708008
      vertex -5.251091957092285 -2.7537589073181152 62.70650100708008
    endloop
  endfacet
  facet normal 0.0 0.0 -1.0
    outer loop
      vertex -5.2542500495910645 -3.323802947998047 62.70650100708008
      vertex -5.251091957092285 -2.7537589073181152 62.70650100708008
      vertex -4.680338382720947 -2.689220428466797 62.70650100708008
    endloop
  endfacet
  facet normal 0.0 0.0 -1.0
    outer loop
      vertex -4.22150993347168 -1.9841071367263794 62.70650100708008
      vertex -4.456961154937744 -1.790023684501648 62.70650100708008
      vertex -4.270893096923828 -1.424499273300171 62.70650100708008
    endloop
  endfacet
  facet normal 0.0 0.0 -1.0
    outer loop
      vertex -4.637977123260498 -1.169081449508667 62.70650100708008
      vertex -4.261322498321533 -0.8924888372421265 62.70650100708008
      vertex -4.270893096923828 -1.424499273300171 62.70650100708008
    endloop
  endfacet
  facet normal 0.0 0.0 -1.0
    outer loop
      vertex -4.270893096923828 -1.424499273300171 62.70650100708008
      vertex -4.261322498321533 -0.8924888372421265 62.70650100708008
      vertex -3.70401668548584 -1.5482709407806396 62.70650100708008
    endloop
  endfacet
  facet normal 0.0 0.0 -1.0
    outer loop
      vertex -4.261322498321533 -0.8924888372421265 62.70650100708008
      vertex -3.732574939727783 -0.5966147184371948 62.70650100708008
      vertex -3.70401668548584 -1.5482709407806396 62.70650100708008
    endloop
  endfacet
  facet normal 0.0 0.0 -1.0
    outer loop
      vertex -4.270893096923828 -1.424499273300171 62.70650100708008
      vertex -3.70401668548584 -1.5482709407806396 62.70650100708008
      vertex -4.22150993347168 -1.9841071367263794 62.70650100708008
    endloop
  endfacet
  facet normal 0.0 0.0 -1.0
    outer loop
      vertex -3.70401668548584 -1.5482709407806396 62.70650100708008
      vertex -3.572692394256592 -2.438514471054077 62.70650100708008
      vertex -4.22150993347168 -1.9841071367263794 62.70650100708008
    endloop
  endfacet
  facet normal 0.0 0.0 -1.0
    outer loop
      vertex -4.22150993347168 -1.9841071367263794 62.70650100708008
      vertex -3.572692394256592 -2.438514471054077 62.70650100708008
      vertex -4.003255367279053 -2.6886157989501953 62.70650100708008
    endloop
  endfacet
  facet normal 0.0 0.0 -1.0
    outer loop
      vertex -3.575969696044922 -3.391479730606079 62.70650100708008
      vertex -4.003255367279053 -2.6886157989501953 62.70650100708008
      vertex -3.572692394256592 -2.438514471054077 62.70650100708008
    endloop
  endfacet
  facet normal 0.0 0.0 -1.0
    outer loop
      vertex -3.572692394256592 -2.438514471054077 62.70650100708008
      vertex -2.956700325012207 -3.1324832439422607 62.70650100708008
      vertex -3.575969696044922 -3.391479730606079 62.70650100708008
    endloop
  endfacet
  facet normal 0.0 0.0 -1.0
    outer loop
      vertex -2.944950580596924 -4.086702823638916 62.70650100708008
      vertex -3.575969696044922 -3.391479730606079 62.70650100708008
      vertex -2.956700325012207 -3.1324832439422607 62.70650100708008
    endloop
  endfacet
  facet normal 0.0 0.0 -1.0
    outer loop
      vertex -2.956700325012207 -3.1324832439422607 62.70650100708008
      vertex -3.572692394256592 -2.438514471054077 62.70650100708008
      vertex -2.9684505462646484 -2.1782636642456055 62.70650100708008
    endloop
  endfacet
  facet normal 0.0 0.0 -1.0
    outer loop
      vertex -3.572692394256592 -2.438514471054077 62.70650100708008
      vertex -3.70401668548584 -1.5482709407806396 62.70650100708008
      vertex -2.9684505462646484 -2.1782636642456055 62.70650100708008
    endloop
  endfacet
  facet normal 0.0 0.0 -1.0
    outer loop
      vertex -2.9684505462646484 -2.1782636642456055 62.70650100708008
      vertex -3.70401668548584 -1.5482709407806396 62.70650100708008
      vertex -2.9802002906799316 -1.2240442037582397 62.70650100708008
    endloop
  endfacet
  facet normal 0.0 0.0 -1.0
    outer loop
      vertex -3.70401668548584 -1.5482709407806396 62.70650100708008
      vertex -3.732574939727783 -0.5966147184371948 62.70650100708008
      vertex -2.9802002906799316 -1.2240442037582397 62.70650100708008
    endloop
  endfacet
  facet normal 0.0 0.0 -1.0
    outer loop
      vertex -3.732574939727783 -0.5966147184371948 62.70650100708008
      vertex -2.991950035095215 -0.269824743270874 62.70650100708008
      vertex -2.9802002906799316 -1.2240442037582397 62.70650100708008
    endloop
  endfacet
  facet normal 0.0 0.0 -1.0
    outer loop
      vertex -2.0869956016540527 -3.4271841049194336 62.70650100708008
      vertex -2.944950580596924 -4.086702823638916 62.70650100708008
      vertex -2.956700325012207 -3.1324832439422607 62.70650100708008
    endloop
  endfacet
  facet normal 0.0 0.0 -1.0
    outer loop
      vertex -2.944950580596924 -4.086702823638916 62.70650100708008
      vertex -2.0869956016540527 -3.4271841049194336 62.70650100708008
      vertex -2.0807642936706543 -4.586811542510986 62.70650100708008
    endloop
  endfacet
  facet normal 0.0 0.0 -1.0
    outer loop
      vertex -2.0869956016540527 -3.4271841049194336 62.70650100708008
      vertex -2.956700325012207 -3.1324832439422607 62.70650100708008
      vertex -2.093226909637451 -2.267556667327881 62.70650100708008
    endloop
  endfacet
  facet normal 0.0 0.0 -1.0
    outer loop
      vertex -2.956700325012207 -3.1324832439422607 62.70650100708008
      vertex -2.9684505462646484 -2.1782636642456055 62.70650100708008
      vertex -2.093226909637451 -2.267556667327881 62.70650100708008
    endloop
  endfacet
  facet normal 0.0 0.0 -1.0
    outer loop
      vertex -2.991950035095215 -0.269824743270874 62.70650100708008
      vertex -2.099458694458008 -1.1079292297363281 62.70650100708008
      vertex -2.9802002906799316 -1.2240442037582397 62.70650100708008
    endloop
  endfacet
  facet normal 0.0 0.0 -1.0
    outer loop
      vertex -2.991950035095215 -0.269824743270874 62.70650100708008
      vertex -2.1056900024414062 0.05169820785522461 62.70650100708008
      vertex -2.099458694458008 -1.1079292297363281 62.70650100708008
    endloop
  endfacet
  facet normal 0.0 0.0 -1.0
    outer loop
      vertex -2.9684505462646484 -2.1782636642456055 62.70650100708008
      vertex -2.9802002906799316 -1.2240442037582397 62.70650100708008
      vertex -2.093226909637451 -2.267556667327881 62.70650100708008
    endloop
  endfacet
  facet normal 0.0 0.0 -1.0
    outer loop
      vertex -2.099458694458008 -1.1079292297363281 62.70650100708008
      vertex -2.093226909637451 -2.267556667327881 62.70650100708008
      vertex -2.9802002906799316 -1.2240442037582397 62.70650100708008
    endloop
  endfacet
  facet normal 0.0 0.0 -1.0
    outer loop
      vertex -2.0807642936706543 -4.586811542510986 62.70650100708008
      vertex -2.0869956016540527 -3.4271841049194336 62.70650100708008
      vertex -1.1922385692596436 -3.6507835388183594 62.70650100708008
    endloop
  endfacet
  facet normal 0.0 0.0 -1.0
    outer loop
      vertex -1.1282567977905273 -4.953149318695068 62.70650100708008
      vertex -2.0807642936706543 -4.586811542510986 62.70650100708008
      vertex -1.1922385692596436 -3.6507835388183594 62.70650100708008
    endloop
  endfacet
  facet normal 0.0 0.0 -1.0
    outer loop
      vertex -1.1922385692596436 -3.6507835388183594 62.70650100708008
      vertex -2.0869956016540527 -3.4271841049194336 62.70650100708008
      vertex -1.2562203407287598 -2.3484179973602295 62.70650100708008
    endloop
  endfacet
  facet normal 0.0 0.0 -1.0
    outer loop
      vertex -2.0869956016540527 -3.4271841049194336 62.70650100708008
      vertex -2.093226909637451 -2.267556667327881 62.70650100708008
      vertex -1.2562203407287598 -2.3484179973602295 62.70650100708008
    endloop
  endfacet
  facet normal 0.0 0.0 -1.0
    outer loop
      vertex -2.1056900024414062 0.05169820785522461 62.70650100708008
      vertex -1.320202112197876 -1.0460522174835205 62.70650100708008
      vertex -2.099458694458008 -1.1079292297363281 62.70650100708008
    endloop
  endfacet
  facet normal 0.0 0.0 -1.0
    outer loop
      vertex -2.1056900024414062 0.05169820785522461 62.70650100708008
      vertex -1.3841841220855713 0.2563135623931885 62.70650100708008
      vertex -1.320202112197876 -1.0460522174835205 62.70650100708008
    endloop
  endfacet
  facet normal 0.0 0.0 -1.0
    outer loop
      vertex -2.093226909637451 -2.267556667327881 62.70650100708008
      vertex -2.099458694458008 -1.1079292297363281 62.70650100708008
      vertex -1.320202112197876 -1.0460522174835205 62.70650100708008
    endloop
  endfacet
  facet normal 0.0 0.0 -1.0
    outer loop
      vertex -1.320202112197876 -1.0460522174835205 62.70650100708008
      vertex -1.2562203407287598 -2.3484179973602295 62.70650100708008
      vertex -2.093226909637451 -2.267556667327881 62.70650100708008
    endloop
  endfacet
  facet normal 0.0 0.0 -1.0
    outer loop
      vertex -1.1282567977905273 -4.953149318695068 62.70650100708008
      vertex -1.1922385692596436 -3.6507835388183594 62.70650100708008
      vertex -0.27407312393188477 -3.800273895263672 62.70650100708008
    endloop
  endfacet
  facet normal 0.0 0.0 -1.0
    outer loop
      vertex -0.11776947975158691 -5.20815896987915 62.70650100708008
      vertex -1.1282567977905273 -4.953149318695068 62.70650100708008
      vertex -0.27407312393188477 -3.800273895263672 62.70650100708008
    endloop
  endfacet
  facet normal 0.0 0.0 -1.0
    outer loop
      vertex -0.4303767681121826 -2.3923892974853516 62.70650100708008
      vertex -1.1922385692596436 -3.6507835388183594 62.70650100708008
      vertex -1.2562203407287598 -2.3484179973602295 62.70650100708008
    endloop
  endfacet
  facet normal 0.0 0.0 -1.0
    outer loop
      vertex -0.27407312393188477 -3.800273895263672 62.70650100708008
      vertex -1.1922385692596436 -3.6507835388183594 62.70650100708008
      vertex -0.4303767681121826 -2.3923892974853516 62.70650100708008
    endloop
  endfacet
  facet normal 0.0 0.0 -1.0
    outer loop
      vertex -1.2562203407287598 -2.3484179973602295 62.70650100708008
      vertex -1.320202112197876 -1.0460522174835205 62.70650100708008
      vertex -0.5866801738739014 -0.9845044612884521 62.70650100708008
    endloop
  endfacet
  facet normal 0.0 0.0 -1.0
    outer loop
      vertex -0.5866801738739014 -0.9845044612884521 62.70650100708008
      vertex -0.4303767681121826 -2.3923892974853516 62.70650100708008
      vertex -1.2562203407287598 -2.3484179973602295 62.70650100708008
    endloop
  endfacet
  facet normal 0.0 0.0 -1.0
    outer loop
      vertex -1.3841841220855713 0.2563135623931885 62.70650100708008
      vertex -0.7429838180541992 0.42338037490844727 62.70650100708008
      vertex -1.320202112197876 -1.0460522174835205 62.70650100708008
    endloop
  endfacet
  facet normal 0.0 0.0 -1.0
    outer loop
      vertex -0.5866801738739014 -0.9845044612884521 62.70650100708008
      vertex -1.320202112197876 -1.0460522174835205 62.70650100708008
      vertex -0.7429838180541992 0.42338037490844727 62.70650100708008
    endloop
  endfacet
  facet normal 0.0 0.0 -1.0
    outer loop
      vertex -0.7429838180541992 0.42338037490844727 62.70650100708008
      vertex 0.27620673179626465 0.5623972415924072 62.70650100708008
      vertex -0.5866801738739014 -0.9845044612884521 62.70650100708008
    endloop
  endfacet
  facet normal 0.0 0.0 -1.0
    outer loop
      vertex 0.8525166511535645 -0.7712993621826172 62.70650100708008
      vertex -0.5866801738739014 -0.9845044612884521 62.70650100708008
      vertex 0.27620673179626465 0.5623972415924072 62.70650100708008
    endloop
  endfacet
  facet normal 0.0 0.0 -1.0
    outer loop
      vertex -0.5866801738739014 -0.9845044612884521 62.70650100708008
      vertex 0.8794667720794678 -2.3007466793060303 62.70650100708008
      vertex -0.4303767681121826 -2.3923892974853516 62.70650100708008
    endloop
  endfacet
  facet normal 0.0 0.0 -1.0
    outer loop
      vertex -0.5866801738739014 -0.9845044612884521 62.70650100708008
      vertex 0.8525166511535645 -0.7712993621826172 62.70650100708008
      vertex 0.8794667720794678 -2.3007466793060303 62.70650100708008
    endloop
  endfacet
  facet normal 0.0 0.0 -1.0
    outer loop
      vertex -0.27407312393188477 -3.800273895263672 62.70650100708008
      vertex -0.4303767681121826 -2.3923892974853516 62.70650100708008
      vertex 0.8794667720794678 -2.3007466793060303 62.70650100708008
    endloop
  endfacet
  facet normal 0.0 0.0 -1.0
    outer loop
      vertex 0.8794667720794678 -2.3007466793060303 62.70650100708008
      vertex 0.9064168930053711 -3.8301937580108643 62.70650100708008
      vertex -0.27407312393188477 -3.800273895263672 62.70650100708008
    endloop
  endfacet
  facet normal 0.0 0.0 -1.0
    outer loop
      vertex -0.27407312393188477 -3.800273895263672 62.70650100708008
      vertex 0.9064168930053711 -3.8301937580108643 62.70650100708008
      vertex -0.11776947975158691 -5.20815896987915 62.70650100708008
    endloop
  endfacet
  facet normal 0.0 0.0 -1.0
    outer loop
      vertex 0.933367133140564 -5.359641075134277 62.70650100708008
      vertex -0.11776947975158691 -5.20815896987915 62.70650100708008
      vertex 0.9064168930053711 -3.8301937580108643 62.70650100708008
    endloop
  endfacet
  facet normal 0.0 0.0 -1.0
    outer loop
      vertex 0.933367133140564 -5.359641075134277 62.70650100708008
      vertex 0.9064168930053711 -3.8301937580108643 62.70650100708008
      vertex 2.0 -3.912389039993286 62.70650100708008
    endloop
  endfacet
  facet normal 0.0 0.0 -1.0
    outer loop
      vertex 2.0 -5.409379005432129 62.70650100708008
      vertex 0.933367133140564 -5.359641075134277 62.70650100708008
      vertex 2.0 -3.912389039993286 62.70650100708008
    endloop
  endfacet
  facet normal 0.0 0.0 -1.0
    outer loop
      vertex 0.9064168930053711 -3.8301937580108643 62.70650100708008
      vertex 0.8794667720794678 -2.3007466793060303 62.70650100708008
      vertex 2.0 -2.4153995513916016 62.70650100708008
    endloop
  endfacet
  facet normal 0.0 0.0 -1.0
    outer loop
      vertex 2.0 -2.4153995513916016 62.70650100708008
      vertex 2.0 -3.912389039993286 62.70650100708008
      vertex 0.9064168930053711 -3.8301937580108643 62.70650100708008
    endloop
  endfacet
  facet normal 0.0 0.0 -1.0
    outer loop
      vertex 2.0 -0.9184098243713379 62.70650100708008
      vertex 0.8794667720794678 -2.3007466793060303 62.70650100708008
      vertex 0.8525166511535645 -0.7712993621826172 62.70650100708008
    endloop
  endfacet
  facet normal 0.0 0.0 -1.0
    outer loop
      vertex 2.0 -2.4153995513916016 62.70650100708008
      vertex 0.8794667720794678 -2.3007466793060303 62.70650100708008
      vertex 2.0 -0.9184098243713379 62.70650100708008
    endloop
  endfacet
  facet normal 0.0 0.0 -1.0
    outer loop
      vertex 0.27620673179626465 0.5623972415924072 62.70650100708008
      vertex 1.2953970432281494 0.5884006023406982 62.70650100708008
      vertex 0.8525166511535645 -0.7712993621826172 62.70650100708008
    endloop
  endfacet
  facet normal 0.0 0.0 -1.0
    outer loop
      vertex 0.8525166511535645 -0.7712993621826172 62.70650100708008
      vertex 1.2953970432281494 0.5884006023406982 62.70650100708008
      vertex 2.0 -0.9184098243713379 62.70650100708008
    endloop
  endfacet
  facet normal 0.0 0.0 -1.0
    outer loop
      vertex 1.2953970432281494 0.5884006023406982 62.70650100708008
      vertex 2.0 0.5785796642303467 62.70650100708008
      vertex 2.0 -0.9184098243713379 62.70650100708008
    endloop
  endfacet
  facet normal 0.0 0.0 -1.0
    outer loop
      vertex -5.2542500495910645 -3.323802947998047 62.70650100708008
      vertex -4.4203081130981445 -3.1285293102264404 62.70650100708008
      vertex -5.067033290863037 -4.061732292175293 62.70650100708008
    endloop
  endfacet
  facet normal 0.0 0.0 -1.0
    outer loop
      vertex -4.4203081130981445 -3.1285293102264404 62.70650100708008
      vertex -4.470130443572998 -4.0055646896362305 62.70650100708008
      vertex -5.067033290863037 -4.061732292175293 62.70650100708008
    endloop
  endfacet
  facet normal 0.0 0.0 -1.0
    outer loop
      vertex -3.958540916442871 -3.9411568641662598 62.70650100708008
      vertex -4.470130443572998 -4.0055646896362305 62.70650100708008
      vertex -4.4203081130981445 -3.1285293102264404 62.70650100708008
    endloop
  endfacet
  facet normal 0.0 0.0 -1.0
    outer loop
      vertex -4.694385051727295 -4.744315147399902 62.70650100708008
      vertex -5.067033290863037 -4.061732292175293 62.70650100708008
      vertex -4.470130443572998 -4.0055646896362305 62.70650100708008
    endloop
  endfacet
  facet normal 0.0 0.0 -1.0
    outer loop
      vertex -4.470130443572998 -4.0055646896362305 62.70650100708008
      vertex -4.033177375793457 -4.703239440917969 62.70650100708008
      vertex -4.694385051727295 -4.744315147399902 62.70650100708008
    endloop
  endfacet
  facet normal 0.0 0.0 -1.0
    outer loop
      vertex -4.470130443572998 -4.0055646896362305 62.70650100708008
      vertex -3.958540916442871 -3.9411568641662598 62.70650100708008
      vertex -4.033177375793457 -4.703239440917969 62.70650100708008
    endloop
  endfacet
  facet normal 0.0 0.0 -1.0
    outer loop
      vertex -4.193126201629639 -5.457082748413086 62.70650100708008
      vertex -4.694385051727295 -4.744315147399902 62.70650100708008
      vertex -4.033177375793457 -4.703239440917969 62.70650100708008
    endloop
  endfacet
  facet normal 0.0 0.0 -1.0
    outer loop
      vertex -4.033177375793457 -4.703239440917969 62.70650100708008
      vertex -3.2255682945251465 -5.375486373901367 62.70650100708008
      vertex -4.193126201629639 -5.457082748413086 62.70650100708008
    endloop
  endfacet
  facet normal 0.0 0.0 -1.0
    outer loop
      vertex -3.4369711875915527 -6.135692119598389 62.70650100708008
      vertex -4.193126201629639 -5.457082748413086 62.70650100708008
      vertex -3.2255682945251465 -5.375486373901367 62.70650100708008
    endloop
  endfacet
  facet normal 0.0 0.0 -1.0
    outer loop
      vertex -3.958540916442871 -3.9411568641662598 62.70650100708008
      vertex -3.0904974937438965 -4.618673324584961 62.70650100708008
      vertex -4.033177375793457 -4.703239440917969 62.70650100708008
    endloop
  endfacet
  facet normal 0.0 0.0 -1.0
    outer loop
      vertex -3.0904974937438965 -4.618673324584961 62.70650100708008
      vertex -3.2255682945251465 -5.375486373901367 62.70650100708008
      vertex -4.033177375793457 -4.703239440917969 62.70650100708008
    endloop
  endfacet
  facet normal 0.0 0.0 -1.0
    outer loop
      vertex -3.2255682945251465 -5.375486373901367 62.70650100708008
      vertex -2.315739154815674 -6.062170028686523 62.70650100708008
      vertex -3.4369711875915527 -6.135692119598389 62.70650100708008
    endloop
  endfacet
  facet normal 0.0 0.0 -1.0
    outer loop
      vertex -3.4369711875915527 -6.135692119598389 62.70650100708008
      vertex -2.315739154815674 -6.062170028686523 62.70650100708008
      vertex -2.4772586822509766 -6.872300148010254 62.70650100708008
    endloop
  endfacet
  facet normal 0.0 0.0 -1.0
    outer loop
      vertex -3.0904974937438965 -4.618673324584961 62.70650100708008
      vertex -2.154219627380371 -5.252039909362793 62.70650100708008
      vertex -3.2255682945251465 -5.375486373901367 62.70650100708008
    endloop
  endfacet
  facet normal 0.0 0.0 -1.0
    outer loop
      vertex -2.315739154815674 -6.062170028686523 62.70650100708008
      vertex -3.2255682945251465 -5.375486373901367 62.70650100708008
      vertex -2.154219627380371 -5.252039909362793 62.70650100708008
    endloop
  endfacet
  facet normal 0.0 0.0 -1.0
    outer loop
      vertex -2.154219627380371 -5.252039909362793 62.70650100708008
      vertex -1.2297933101654053 -5.705687522888184 62.70650100708008
      vertex -2.315739154815674 -6.062170028686523 62.70650100708008
    endloop
  endfacet
  facet normal 0.0 0.0 -1.0
    outer loop
      vertex -1.2297933101654053 -5.705687522888184 62.70650100708008
      vertex -1.2998743057250977 -6.542205333709717 62.70650100708008
      vertex -2.315739154815674 -6.062170028686523 62.70650100708008
    endloop
  endfacet
  facet normal 0.0 0.0 -1.0
    outer loop
      vertex -2.315739154815674 -6.062170028686523 62.70650100708008
      vertex -1.2998743057250977 -6.542205333709717 62.70650100708008
      vertex -2.4772586822509766 -6.872300148010254 62.70650100708008
    endloop
  endfacet
  facet normal 0.0 0.0 -1.0
    outer loop
      vertex -1.36995530128479 -7.378722667694092 62.70650100708008
      vertex -2.4772586822509766 -6.872300148010254 62.70650100708008
      vertex -1.2998743057250977 -6.542205333709717 62.70650100708008
    endloop
  endfacet
  facet normal 0.0 0.0 -1.0
    outer loop
      vertex -1.2998743057250977 -6.542205333709717 62.70650100708008
      vertex -0.11434078216552734 -6.824235916137695 62.70650100708008
      vertex -1.36995530128479 -7.378722667694092 62.70650100708008
    endloop
  endfacet
  facet normal 0.0 0.0 -1.0
    outer loop
      vertex -1.36995530128479 -7.378722667694092 62.70650100708008
      vertex -0.11434078216552734 -6.824235916137695 62.70650100708008
      vertex -0.18366694450378418 -7.716758728027344 62.70650100708008
    endloop
  endfacet
  facet normal 0.0 0.0 -1.0
    outer loop
      vertex -1.2297933101654053 -5.705687522888184 62.70650100708008
      vertex -0.04501461982727051 -5.931713581085205 62.70650100708008
      vertex -1.2998743057250977 -6.542205333709717 62.70650100708008
    endloop
  endfacet
  facet normal 0.0 0.0 -1.0
    outer loop
      vertex -0.11434078216552734 -6.824235916137695 62.70650100708008
      vertex -1.2998743057250977 -6.542205333709717 62.70650100708008
      vertex -0.04501461982727051 -5.931713581085205 62.70650100708008
    endloop
  endfacet
  facet normal 0.0 0.0 -1.0
    outer loop
      vertex -0.18366694450378418 -7.716758728027344 62.70650100708008
      vertex -0.11434078216552734 -6.824235916137695 62.70650100708008
      vertex 1.0059245824813843 -6.960901737213135 62.70650100708008
    endloop
  endfacet
  facet normal 0.0 0.0 -1.0
    outer loop
      vertex 0.8910888433456421 -7.898157119750977 62.70650100708008
      vertex -0.18366694450378418 -7.716758728027344 62.70650100708008
      vertex 1.0059245824813843 -6.960901737213135 62.70650100708008
    endloop
  endfacet
  facet normal 0.0 0.0 -1.0
    outer loop
      vertex -0.04501461982727051 -5.931713581085205 62.70650100708008
      vertex 1.1207603216171265 -6.023646831512451 62.70650100708008
      vertex -0.11434078216552734 -6.824235916137695 62.70650100708008
    endloop
  endfacet
  facet normal 0.0 0.0 -1.0
    outer loop
      vertex 1.1207603216171265 -6.023646831512451 62.70650100708008
      vertex 1.0059245824813843 -6.960901737213135 62.70650100708008
      vertex -0.11434078216552734 -6.824235916137695 62.70650100708008
    endloop
  endfacet
  facet normal 0.0 0.0 -1.0
    outer loop
      vertex 1.1207603216171265 -6.023646831512451 62.70650100708008
      vertex 2.0 -6.045982837677002 62.70650100708008
      vertex 1.0059245824813843 -6.960901737213135 62.70650100708008
    endloop
  endfacet
  facet normal 0.0 0.0 -1.0
    outer loop
      vertex 2.0 -6.045982837677002 62.70650100708008
      vertex 1.999999761581421 -6.997769355773926 62.70650100708008
      vertex 1.0059245824813843 -6.960901737213135 62.70650100708008
    endloop
  endfacet
  facet normal 0.0 0.0 -1.0
    outer loop
      vertex 1.0059245824813843 -6.960901737213135 62.70650100708008
      vertex 1.999999761581421 -6.997769355773926 62.70650100708008
      vertex 0.8910888433456421 -7.898157119750977 62.70650100708008
    endloop
  endfacet
  facet normal 0.0 0.0 -1.0
    outer loop
      vertex 1.9999995231628418 -7.94955587387085 62.70650100708008
      vertex 0.8910888433456421 -7.898157119750977 62.70650100708008
      vertex 1.999999761581421 -6.997769355773926 62.70650100708008
    endloop
  endfacet
  facet normal 0.0 0.0 -1.0
    outer loop
      vertex -4.719683647155762 -1.9347095489501953 62.70650100708008
      vertex -4.93114709854126 -1.5362584590911865 62.70650100708008
      vertex -4.653621673583984 -1.586268424987793 62.70650100708008
    endloop
  endfacet
  facet normal 0.0 0.0 -1.0
    outer loop
      vertex -4.456961154937744 -1.790023684501648 62.70650100708008
      vertex -4.719683647155762 -1.9347095489501953 62.70650100708008
      vertex -4.653621673583984 -1.586268424987793 62.70650100708008
    endloop
  endfacet
  facet normal 0.0 0.0 -1.0
    outer loop
      vertex -4.93114709854126 -1.5362584590911865 62.70650100708008
      vertex -4.637977123260498 -1.169081449508667 62.70650100708008
      vertex -4.653621673583984 -1.586268424987793 62.70650100708008
    endloop
  endfacet
  facet normal 0.0 0.0 -1.0
    outer loop
      vertex -4.456961154937744 -1.790023684501648 62.70650100708008
      vertex -4.653621673583984 -1.586268424987793 62.70650100708008
      vertex -4.270893096923828 -1.424499273300171 62.70650100708008
    endloop
  endfacet
  facet normal 0.0 0.0 -1.0
    outer loop
      vertex -4.270893096923828 -1.424499273300171 62.70650100708008
      vertex -4.653621673583984 -1.586268424987793 62.70650100708008
      vertex -4.637977123260498 -1.169081449508667 62.70650100708008
    endloop
  endfacet
  facet normal -0.0032710072118788958 -0.0007776813581585884 -0.9999943375587463
    outer loop
      vertex 8.719683647155762 -1.9347095489501953 62.70650100708008
      vertex 8.790462493896484 -2.232412576675415 62.70650100708008
      vertex 8.478411674499512 -2.219770669937134 62.70751190185547
    endloop
  endfacet
  facet normal -0.0013320640427991748 -0.002418783726170659 -0.9999961853027344
    outer loop
      vertex 8.456960678100586 -1.790023684501648 62.70650100708008
      vertex 8.719683647155762 -1.9347095489501953 62.70650100708008
      vertex 8.478411674499512 -2.219770669937134 62.70751190185547
    endloop
  endfacet
  facet normal -0.003208169713616371 0.0007734069949947298 -0.9999946355819702
    outer loop
      vertex 8.790462493896484 -2.232412576675415 62.70650100708008
      vertex 8.680337905883789 -2.689220428466797 62.70650100708008
      vertex 8.478411674499512 -2.219770669937134 62.70751190185547
    endloop
  endfacet
  facet normal 0.0018623798387125134 -0.0022593308240175247 -0.999995768070221
    outer loop
      vertex 8.22150993347168 -1.9841071367263794 62.70650100708008
      vertex 8.456960678100586 -1.790023684501648 62.70650100708008
      vertex 8.478411674499512 -2.219770669937134 62.70751190185547
    endloop
  endfacet
  facet normal 1.9236706521041924e-06 0.002154183341190219 -0.9999976754188538
    outer loop
      vertex 8.680337905883789 -2.689220428466797 62.70650100708008
      vertex 8.003255844116211 -2.6886157989501953 62.70650100708008
      vertex 8.478411674499512 -2.219770669937134 62.70751190185547
    endloop
  endfacet
  facet normal 0.0030641432385891676 -0.0009492598474025726 -0.9999948740005493
    outer loop
      vertex 8.22150993347168 -1.9841071367263794 62.70650100708008
      vertex 8.478411674499512 -2.219770669937134 62.70751190185547
      vertex 8.003255844116211 -2.6886157989501953 62.70650100708008
    endloop
  endfacet
  facet normal 0.0 0.0 -1.0
    outer loop
      vertex 8.680337905883789 -2.689220428466797 62.70650100708008
      vertex 8.420308113098145 -3.1285293102264404 62.70650100708008
      vertex 8.003255844116211 -2.6886157989501953 62.70650100708008
    endloop
  endfacet
  facet normal 0.0 0.0 -1.0
    outer loop
      vertex 8.003255844116211 -2.6886157989501953 62.70650100708008
      vertex 8.420308113098145 -3.1285293102264404 62.70650100708008
      vertex 7.575969696044922 -3.391479730606079 62.70650100708008
    endloop
  endfacet
  facet normal 0.0 0.0 -1.0
    outer loop
      vertex 8.420308113098145 -3.1285293102264404 62.70650100708008
      vertex 7.958540916442871 -3.9411568641662598 62.70650100708008
      vertex 7.575969696044922 -3.391479730606079 62.70650100708008
    endloop
  endfacet
  facet normal 0.0 0.0 -1.0
    outer loop
      vertex 7.575969696044922 -3.391479730606079 62.70650100708008
      vertex 7.958540916442871 -3.9411568641662598 62.70650100708008
      vertex 6.944950580596924 -4.086702823638916 62.70650100708008
    endloop
  endfacet
  facet normal 0.0 0.0 -1.0
    outer loop
      vertex 7.958540916442871 -3.9411568641662598 62.70650100708008
      vertex 7.0904974937438965 -4.618673324584961 62.70650100708008
      vertex 6.944950580596924 -4.086702823638916 62.70650100708008
    endloop
  endfacet
  facet normal 0.0 0.0 -1.0
    outer loop
      vertex 6.944950580596924 -4.086702823638916 62.70650100708008
      vertex 7.0904974937438965 -4.618673324584961 62.70650100708008
      vertex 6.080764293670654 -4.586811542510986 62.70650100708008
    endloop
  endfacet
  facet normal 0.0 0.0 -1.0
    outer loop
      vertex 7.0904974937438965 -4.618673324584961 62.70650100708008
      vertex 6.154219627380371 -5.252039909362793 62.70650100708008
      vertex 6.080764293670654 -4.586811542510986 62.70650100708008
    endloop
  endfacet
  facet normal 0.0 0.0 -1.0
    outer loop
      vertex 6.080764293670654 -4.586811542510986 62.70650100708008
      vertex 6.154219627380371 -5.252039909362793 62.70650100708008
      vertex 5.128256797790527 -4.953149318695068 62.70650100708008
    endloop
  endfacet
  facet normal 0.0 0.0 -1.0
    outer loop
      vertex 6.154219627380371 -5.252039909362793 62.70650100708008
      vertex 5.229793548583984 -5.705687522888184 62.70650100708008
      vertex 5.128256797790527 -4.953149318695068 62.70650100708008
    endloop
  endfacet
  facet normal 0.0 0.0 -1.0
    outer loop
      vertex 5.128256797790527 -4.953149318695068 62.70650100708008
      vertex 5.229793548583984 -5.705687522888184 62.70650100708008
      vertex 4.117769241333008 -5.20815896987915 62.70650100708008
    endloop
  endfacet
  facet normal 0.0 0.0 -1.0
    outer loop
      vertex 5.229793548583984 -5.705687522888184 62.70650100708008
      vertex 4.045014381408691 -5.931713581085205 62.70650100708008
      vertex 4.117769241333008 -5.20815896987915 62.70650100708008
    endloop
  endfacet
  facet normal 0.0 0.0 -1.0
    outer loop
      vertex 4.117769241333008 -5.20815896987915 62.70650100708008
      vertex 4.045014381408691 -5.931713581085205 62.70650100708008
      vertex 3.0666327476501465 -5.359641075134277 62.70650100708008
    endloop
  endfacet
  facet normal 0.0 0.0 -1.0
    outer loop
      vertex 4.045014381408691 -5.931713581085205 62.70650100708008
      vertex 2.879239559173584 -6.023646831512451 62.70650100708008
      vertex 3.0666327476501465 -5.359641075134277 62.70650100708008
    endloop
  endfacet
  facet normal 0.0 0.0 -1.0
    outer loop
      vertex 3.0666327476501465 -5.359641075134277 62.70650100708008
      vertex 2.879239559173584 -6.023646831512451 62.70650100708008
      vertex 2.0 -5.409379005432129 62.70650100708008
    endloop
  endfacet
  facet normal 0.0 0.0 -1.0
    outer loop
      vertex 2.879239559173584 -6.023646831512451 62.70650100708008
      vertex 2.0 -6.045982837677002 62.70650100708008
      vertex 2.0 -5.409379005432129 62.70650100708008
    endloop
  endfacet
  facet normal 0.003271002322435379 -0.0007776855491101742 -0.9999943375587463
    outer loop
      vertex -4.719683647155762 -1.9347095489501953 62.70650100708008
      vertex -4.478411674499512 -2.219770669937134 62.70751190185547
      vertex -4.790462970733643 -2.232412576675415 62.70650100708008
    endloop
  endfacet
  facet normal 0.0013320655561983585 -0.002418782329186797 -0.9999961853027344
    outer loop
      vertex -4.456961154937744 -1.790023684501648 62.70650100708008
      vertex -4.478411674499512 -2.219770669937134 62.70751190185547
      vertex -4.719683647155762 -1.9347095489501953 62.70650100708008
    endloop
  endfacet
  facet normal 0.0032081645913422108 0.0007734058308415115 -0.9999946355819702
    outer loop
      vertex -4.790462970733643 -2.232412576675415 62.70650100708008
      vertex -4.478411674499512 -2.219770669937134 62.70751190185547
      vertex -4.680338382720947 -2.689220428466797 62.70650100708008
    endloop
  endfacet
  facet normal -0.0018623777432367206 -0.0022593331523239613 -0.9999957084655762
    outer loop
      vertex -4.22150993347168 -1.9841071367263794 62.70650100708008
      vertex -4.478411674499512 -2.219770669937134 62.70751190185547
      vertex -4.456961154937744 -1.790023684501648 62.70650100708008
    endloop
  endfacet
  facet normal -1.9236451862525428e-06 0.0021541835740208626 -0.9999977350234985
    outer loop
      vertex -4.680338382720947 -2.689220428466797 62.70650100708008
      vertex -4.478411674499512 -2.219770669937134 62.70751190185547
      vertex -4.003255367279053 -2.6886157989501953 62.70650100708008
    endloop
  endfacet
  facet normal -0.0030641418416053057 -0.0009492614772170782 -0.9999949336051941
    outer loop
      vertex -4.22150993347168 -1.9841071367263794 62.70650100708008
      vertex -4.003255367279053 -2.6886157989501953 62.70650100708008
      vertex -4.478411674499512 -2.219770669937134 62.70751190185547
    endloop
  endfacet
  facet normal 0.0 0.0 -1.0
    outer loop
      vertex -4.680338382720947 -2.689220428466797 62.70650100708008
      vertex -4.003255367279053 -2.6886157989501953 62.70650100708008
      vertex -4.4203081130981445 -3.1285293102264404 62.70650100708008
    endloop
  endfacet
  facet normal 0.0 0.0 -1.0
    outer loop
      vertex -4.003255367279053 -2.6886157989501953 62.70650100708008
      vertex -3.575969696044922 -3.391479730606079 62.70650100708008
      vertex -4.4203081130981445 -3.1285293102264404 62.70650100708008
    endloop
  endfacet
  facet normal 0.0 0.0 -1.0
    outer loop
      vertex -4.4203081130981445 -3.1285293102264404 62.70650100708008
      vertex -3.575969696044922 -3.391479730606079 62.70650100708008
      vertex -3.958540916442871 -3.9411568641662598 62.70650100708008
    endloop
  endfacet
  facet normal 0.0 0.0 -1.0
    outer loop
      vertex -3.575969696044922 -3.391479730606079 62.70650100708008
      vertex -2.944950580596924 -4.086702823638916 62.70650100708008
      vertex -3.958540916442871 -3.9411568641662598 62.70650100708008
    endloop
  endfacet
  facet normal 0.0 0.0 -1.0
    outer loop
      vertex -3.958540916442871 -3.9411568641662598 62.70650100708008
      vertex -2.944950580596924 -4.086702823638916 62.70650100708008
      vertex -3.0904974937438965 -4.618673324584961 62.70650100708008
    endloop
  endfacet
  facet normal 0.0 0.0 -1.0
    outer loop
      vertex -2.944950580596924 -4.086702823638916 62.70650100708008
      vertex -2.0807642936706543 -4.586811542510986 62.70650100708008
      vertex -3.0904974937438965 -4.618673324584961 62.70650100708008
    endloop
  endfacet
  facet normal 0.0 0.0 -1.0
    outer loop
      vertex -3.0904974937438965 -4.618673324584961 62.70650100708008
      vertex -2.0807642936706543 -4.586811542510986 62.70650100708008
      vertex -2.154219627380371 -5.252039909362793 62.70650100708008
    endloop
  endfacet
  facet normal 0.0 0.0 -1.0
    outer loop
      vertex -2.0807642936706543 -4.586811542510986 62.70650100708008
      vertex -1.1282567977905273 -4.953149318695068 62.70650100708008
      vertex -2.154219627380371 -5.252039909362793 62.70650100708008
    endloop
  endfacet
  facet normal 0.0 0.0 -1.0
    outer loop
      vertex -2.154219627380371 -5.252039909362793 62.70650100708008
      vertex -1.1282567977905273 -4.953149318695068 62.70650100708008
      vertex -1.2297933101654053 -5.705687522888184 62.70650100708008
    endloop
  endfacet
  facet normal 0.0 0.0 -1.0
    outer loop
      vertex -1.1282567977905273 -4.953149318695068 62.70650100708008
      vertex -0.11776947975158691 -5.20815896987915 62.70650100708008
      vertex -1.2297933101654053 -5.705687522888184 62.70650100708008
    endloop
  endfacet
  facet normal 0.0 0.0 -1.0
    outer loop
      vertex -1.2297933101654053 -5.705687522888184 62.70650100708008
      vertex -0.11776947975158691 -5.20815896987915 62.70650100708008
      vertex -0.04501461982727051 -5.931713581085205 62.70650100708008
    endloop
  endfacet
  facet normal 0.0 0.0 -1.0
    outer loop
      vertex -0.11776947975158691 -5.20815896987915 62.70650100708008
      vertex 0.933367133140564 -5.359641075134277 62.70650100708008
      vertex -0.04501461982727051 -5.931713581085205 62.70650100708008
    endloop
  endfacet
  facet normal 0.0 0.0 -1.0
    outer loop
      vertex -0.04501461982727051 -5.931713581085205 62.70650100708008
      vertex 0.933367133140564 -5.359641075134277 62.70650100708008
      vertex 1.1207603216171265 -6.023646831512451 62.70650100708008
    endloop
  endfacet
  facet normal 0.0 0.0 -1.0
    outer loop
      vertex 0.933367133140564 -5.359641075134277 62.70650100708008
      vertex 2.0 -5.409379005432129 62.70650100708008
      vertex 1.1207603216171265 -6.023646831512451 62.70650100708008
    endloop
  endfacet
  facet normal 0.0 0.0 -1.0
    outer loop
      vertex 1.1207603216171265 -6.023646831512451 62.70650100708008
      vertex 2.0 -5.409379005432129 62.70650100708008
      vertex 2.0 -6.045982837677002 62.70650100708008
    endloop
  endfacet
  facet normal -0.34946349263191223 0.8375051617622375 -0.42007210850715637
    outer loop
      vertex -16.2163143157959 -3.8598275184631348 66.90544891357422
      vertex -16.014633178710938 -3.2578909397125244 67.93775939941406
      vertex -14.818214416503906 -3.372420310974121 66.71410369873047
    endloop
  endfacet
  facet normal -0.7219361662864685 0.6497964859008789 -0.23785027861595154
    outer loop
      vertex -16.2163143157959 -3.8598275184631348 66.90544891357422
      vertex -16.661819458007812 -4.068713188171387 67.68700408935547
      vertex -16.014633178710938 -3.2578909397125244 67.93775939941406
    endloop
  endfacet
  facet normal -0.7888023257255554 0.6120052337646484 0.056926168501377106
    outer loop
      vertex -16.661819458007812 -4.068713188171387 67.68700408935547
      vertex -16.466054916381836 -3.9208030700683594 68.8094711303711
      vertex -16.014633178710938 -3.2578909397125244 67.93775939941406
    endloop
  endfacet
  facet normal -0.9853376150131226 0.031240103766322136 0.16773180663585663
    outer loop
      vertex -16.59417152404785 -4.883118629455566 68.236083984375
      vertex -16.466054916381836 -3.9208030700683594 68.8094711303711
      vertex -16.661819458007812 -4.068713188171387 67.68700408935547
    endloop
  endfacet
  facet normal -0.9881450533866882 0.04389946907758713 0.1471129059791565
    outer loop
      vertex -16.42603874206543 -4.77238655090332 69.3323745727539
      vertex -16.466054916381836 -3.9208030700683594 68.8094711303711
      vertex -16.59417152404785 -4.883118629455566 68.236083984375
    endloop
  endfacet
  facet normal -0.3098585605621338 0.8942259550094604 -0.3230288326740265
    outer loop
      vertex -15.145635604858398 -2.667109489440918 67.98872375488281
      vertex -14.504133224487305 -2.1983449459075928 68.67103576660156
      vertex -14.004644393920898 -2.4927117824554443 67.37702941894531
    endloop
  endfacet
  facet normal -0.5577434301376343 0.8287917971611023 -0.04501530900597572
    outer loop
      vertex -15.145635604858398 -2.667109489440918 67.98872375488281
      vertex -15.62813949584961 -2.9253053665161133 69.2132568359375
      vertex -14.504133224487305 -2.1983449459075928 68.67103576660156
    endloop
  endfacet
  facet normal -0.7858769297599792 0.5373443365097046 0.30603712797164917
    outer loop
      vertex -16.466054916381836 -3.9208030700683594 68.8094711303711
      vertex -16.043563842773438 -4.041931629180908 70.10707092285156
      vertex -15.62813949584961 -2.9253053665161133 69.2132568359375
    endloop
  endfacet
  facet normal -0.30505645275115967 0.896367073059082 -0.3216622471809387
    outer loop
      vertex -14.504133224487305 -2.1983449459075928 68.67103576660156
      vertex -13.014336585998535 -1.8404253721237183 68.25555419921875
      vertex -14.004644393920898 -2.4927117824554443 67.37702941894531
    endloop
  endfacet
  facet normal -0.6546851992607117 0.7238447070121765 0.21779859066009521
    outer loop
      vertex -15.62813949584961 -2.9253053665161133 69.2132568359375
      vertex -15.246496200561523 -2.9727158546447754 70.51801300048828
      vertex -14.607410430908203 -2.1901516914367676 69.8382339477539
    endloop
  endfacet
  facet normal -0.4498838782310486 0.8930823802947998 -0.002868560142815113
    outer loop
      vertex -14.607410430908203 -2.1901516914367676 69.8382339477539
      vertex -13.624005317687988 -1.6938055753707886 70.13798522949219
      vertex -13.71398639678955 -1.7419803142547607 69.2514877319336
    endloop
  endfacet
  facet normal -0.4968971610069275 0.828447163105011 0.25839635729789734
    outer loop
      vertex -14.607410430908203 -2.1901516914367676 69.8382339477539
      vertex -14.048980712890625 -2.196161985397339 70.93136596679688
      vertex -13.624005317687988 -1.6938055753707886 70.13798522949219
    endloop
  endfacet
  facet normal -0.5900701284408569 0.7473002672195435 0.30554789304733276
    outer loop
      vertex -14.607410430908203 -2.1901516914367676 69.8382339477539
      vertex -15.246496200561523 -2.9727158546447754 70.51801300048828
      vertex -14.048980712890625 -2.196161985397339 70.93136596679688
    endloop
  endfacet
  facet normal -0.2907118499279022 0.9565467238426208 -0.022473638877272606
    outer loop
      vertex -13.624005317687988 -1.6938055753707886 70.13798522949219
      vertex -12.589221954345703 -1.3890788555145264 69.72245788574219
      vertex -13.71398639678955 -1.7419803142547607 69.2514877319336
    endloop
  endfacet
  facet normal -0.44712090492248535 0.8443767428398132 0.2951454222202301
    outer loop
      vertex -13.624005317687988 -1.6938055753707886 70.13798522949219
      vertex -14.048980712890625 -2.196161985397339 70.93136596679688
      vertex -13.042583465576172 -1.614884376525879 70.79300689697266
    endloop
  endfacet
  facet normal -0.8752975463867188 0.16199730336666107 -0.4556436240673065
    outer loop
      vertex -16.2163143157959 -3.8598275184631348 66.90544891357422
      vertex -16.471128463745117 -4.782966613769531 67.06674194335938
      vertex -16.661819458007812 -4.068713188171387 67.68700408935547
    endloop
  endfacet
  facet normal -0.9801432490348816 -0.16019998490810394 -0.11685560643672943
    outer loop
      vertex -16.471128463745117 -4.782966613769531 67.06674194335938
      vertex -16.59417152404785 -4.883118629455566 68.236083984375
      vertex -16.661819458007812 -4.068713188171387 67.68700408935547
    endloop
  endfacet
  facet normal -0.3947291672229767 0.7572132349014282 -0.5204008221626282
    outer loop
      vertex -14.818214416503906 -3.372420310974121 66.71410369873047
      vertex -15.145635604858398 -2.667109489440918 67.98872375488281
      vertex -14.004644393920898 -2.4927117824554443 67.37702941894531
    endloop
  endfacet
  facet normal -0.4601457715034485 0.7214784026145935 -0.5174310803413391
    outer loop
      vertex -14.818214416503906 -3.372420310974121 66.71410369873047
      vertex -16.014633178710938 -3.2578909397125244 67.93775939941406
      vertex -15.145635604858398 -2.667109489440918 67.98872375488281
    endloop
  endfacet
  facet normal -0.9355919361114502 0.1517864316701889 0.3187924027442932
    outer loop
      vertex -16.42603874206543 -4.77238655090332 69.3323745727539
      vertex -16.043563842773438 -4.041931629180908 70.10707092285156
      vertex -16.466054916381836 -3.9208030700683594 68.8094711303711
    endloop
  endfacet
  facet normal -0.559771716594696 0.8273626565933228 -0.04611587151885033
    outer loop
      vertex -15.145635604858398 -2.667109489440918 67.98872375488281
      vertex -16.014633178710938 -3.2578909397125244 67.93775939941406
      vertex -15.62813949584961 -2.9253053665161133 69.2132568359375
    endloop
  endfacet
  facet normal -0.777359127998352 0.6248511672019958 0.07262098789215088
    outer loop
      vertex -16.014633178710938 -3.2578909397125244 67.93775939941406
      vertex -16.466054916381836 -3.9208030700683594 68.8094711303711
      vertex -15.62813949584961 -2.9253053665161133 69.2132568359375
    endloop
  endfacet
  facet normal -0.30133485794067383 0.9047235250473022 -0.3011189103126526
    outer loop
      vertex -14.504133224487305 -2.1983449459075928 68.67103576660156
      vertex -13.71398639678955 -1.7419803142547607 69.2514877319336
      vertex -13.014336585998535 -1.8404253721237183 68.25555419921875
    endloop
  endfacet
  facet normal -0.4728808104991913 0.879817008972168 -0.048017874360084534
    outer loop
      vertex -14.504133224487305 -2.1983449459075928 68.67103576660156
      vertex -14.607410430908203 -2.1901516914367676 69.8382339477539
      vertex -13.71398639678955 -1.7419803142547607 69.2514877319336
    endloop
  endfacet
  facet normal -0.5609555840492249 0.8259879946708679 -0.05543316900730133
    outer loop
      vertex -14.504133224487305 -2.1983449459075928 68.67103576660156
      vertex -15.62813949584961 -2.9253053665161133 69.2132568359375
      vertex -14.607410430908203 -2.1901516914367676 69.8382339477539
    endloop
  endfacet
  facet normal -0.8194708228111267 0.5116204023361206 0.25828713178634644
    outer loop
      vertex -15.62813949584961 -2.9253053665161133 69.2132568359375
      vertex -16.043563842773438 -4.041931629180908 70.10707092285156
      vertex -15.246496200561523 -2.9727158546447754 70.51801300048828
    endloop
  endfacet
  facet normal -0.809313952922821 0.46578195691108704 0.3578523099422455
    outer loop
      vertex -15.246496200561523 -2.9727158546447754 70.51801300048828
      vertex -16.043563842773438 -4.041931629180908 70.10707092285156
      vertex -15.377761840820312 -3.6898813247680664 71.15460968017578
    endloop
  endfacet
  facet normal -0.20019549131393433 0.9512379765510559 -0.2346656769514084
    outer loop
      vertex -13.71398639678955 -1.7419803142547607 69.2514877319336
      vertex -12.589221954345703 -1.3890788555145264 69.72245788574219
      vertex -13.014336585998535 -1.8404253721237183 68.25555419921875
    endloop
  endfacet
  facet normal -0.21907010674476624 0.6582715511322021 0.7201992273330688
    outer loop
      vertex -22.556320190429688 -2.3314967155456543 75.59477996826172
      vertex -23.2435302734375 -2.015312910079956 75.09674835205078
      vertex -23.389066696166992 -3.2068707942962646 76.1415786743164
    endloop
  endfacet
  facet normal -0.9908960461616516 0.0030017064418643713 -0.13459590077400208
    outer loop
      vertex -23.19158935546875 -5.975104808807373 74.6259536743164
      vertex -23.342395782470703 -6.179728031158447 75.73162841796875
      vertex -23.285104751586914 -5.103082656860352 75.3338623046875
    endloop
  endfacet
  facet normal -0.9908962845802307 0.0030024810694158077 -0.13459384441375732
    outer loop
      vertex -23.342395782470703 -6.179728031158447 75.73162841796875
      vertex -23.44023323059082 -5.842170715332031 76.4594497680664
      vertex -23.285104751586914 -5.103082656860352 75.3338623046875
    endloop
  endfacet
  facet normal -0.9908964037895203 0.003003713907673955 -0.13459302484989166
    outer loop
      vertex -23.468839645385742 -4.708701133728027 76.69535064697266
      vertex -23.285104751586914 -5.103082656860352 75.3338623046875
      vertex -23.44023323059082 -5.842170715332031 76.4594497680664
    endloop
  endfacet
  facet normal -0.990896463394165 0.003004281548783183 -0.134593203663826
    outer loop
      vertex -23.285104751586914 -5.103082656860352 75.3338623046875
      vertex -23.468839645385742 -4.708701133728027 76.69535064697266
      vertex -23.29839515686035 -4.058839797973633 75.45501708984375
    endloop
  endfacet
  facet normal -0.9908957481384277 0.003004812402650714 -0.13459770381450653
    outer loop
      vertex -23.29839515686035 -4.058839797973633 75.45501708984375
      vertex -23.167978286743164 -4.134219169616699 74.49321746826172
      vertex -23.285104751586914 -5.103082656860352 75.3338623046875
    endloop
  endfacet
  facet normal -0.9908962249755859 0.0030072913505136967 -0.13459491729736328
    outer loop
      vertex -23.167978286743164 -4.134219169616699 74.49321746826172
      vertex -23.094470977783203 -4.871560096740723 73.93557739257812
      vertex -23.285104751586914 -5.103082656860352 75.3338623046875
    endloop
  endfacet
  facet normal -0.9908961653709412 0.0030073784291744232 -0.13459502160549164
    outer loop
      vertex -23.094470977783203 -4.871560096740723 73.93557739257812
      vertex -23.167978286743164 -4.134219169616699 74.49321746826172
      vertex -22.983989715576172 -3.517035484313965 73.15247344970703
    endloop
  endfacet
  facet normal -0.9908957481384277 0.0030074012465775013 -0.13459791243076324
    outer loop
      vertex -23.29839515686035 -4.058839797973633 75.45501708984375
      vertex -23.188425064086914 -3.1866328716278076 74.6649169921875
      vertex -23.167978286743164 -4.134219169616699 74.49321746826172
    endloop
  endfacet
  facet normal -0.9908961057662964 0.003006907179951668 -0.13459523022174835
    outer loop
      vertex -23.167978286743164 -4.134219169616699 74.49321746826172
      vertex -23.188425064086914 -3.1866328716278076 74.6649169921875
      vertex -22.983989715576172 -3.517035484313965 73.15247344970703
    endloop
  endfacet
  facet normal -0.990896463394165 0.0030049944762140512 -0.13459283113479614
    outer loop
      vertex -23.389066696166992 -3.2068707942962646 76.1415786743164
      vertex -23.29839515686035 -4.058839797973633 75.45501708984375
      vertex -23.468839645385742 -4.708701133728027 76.69535064697266
    endloop
  endfacet
  facet normal -0.9908958673477173 0.0030083220917731524 -0.13459689915180206
    outer loop
      vertex -23.29839515686035 -4.058839797973633 75.45501708984375
      vertex -23.389066696166992 -3.2068707942962646 76.1415786743164
      vertex -23.188425064086914 -3.1866328716278076 74.6649169921875
    endloop
  endfacet
  facet normal -0.9908958673477173 0.0030048631597310305 -0.13459695875644684
    outer loop
      vertex -23.389066696166992 -3.2068707942962646 76.1415786743164
      vertex -23.2435302734375 -2.015312910079956 75.09674835205078
      vertex -23.188425064086914 -3.1866328716278076 74.6649169921875
    endloop
  endfacet
  facet normal -0.9908959865570068 0.003001654054969549 -0.1345958113670349
    outer loop
      vertex -23.285104751586914 -5.103082656860352 75.3338623046875
      vertex -23.094470977783203 -4.871560096740723 73.93557739257812
      vertex -23.19158935546875 -5.975104808807373 74.6259536743164
    endloop
  endfacet
  facet normal -0.9908958673477173 0.0030010284390300512 -0.1345967948436737
    outer loop
      vertex -23.03437042236328 -5.598069190979004 73.47692108154297
      vertex -23.19158935546875 -5.975104808807373 74.6259536743164
      vertex -23.094470977783203 -4.871560096740723 73.93557739257812
    endloop
  endfacet
  facet normal -0.9908957481384277 0.003002071287482977 -0.13459843397140503
    outer loop
      vertex -22.911237716674805 -4.949167251586914 72.58490753173828
      vertex -23.03437042236328 -5.598069190979004 73.47692108154297
      vertex -23.094470977783203 -4.871560096740723 73.93557739257812
    endloop
  endfacet
  facet normal -0.990895688533783 0.0030052666552364826 -0.13459861278533936
    outer loop
      vertex -23.094470977783203 -4.871560096740723 73.93557739257812
      vertex -22.983989715576172 -3.517035484313965 73.15247344970703
      vertex -22.911237716674805 -4.949167251586914 72.58490753173828
    endloop
  endfacet
  facet normal -0.9908961653709412 0.003003796562552452 -0.13459494709968567
    outer loop
      vertex -22.911237716674805 -4.949167251586914 72.58490753173828
      vertex -22.983989715576172 -3.517035484313965 73.15247344970703
      vertex -22.816978454589844 -3.965493679046631 71.91291809082031
    endloop
  endfacet
  facet normal -0.9908961653709412 0.0030043311417102814 -0.13459515571594238
    outer loop
      vertex -22.79181480407715 -2.8991191387176514 71.75146484375
      vertex -22.816978454589844 -3.965493679046631 71.91291809082031
      vertex -22.983989715576172 -3.517035484313965 73.15247344970703
    endloop
  endfacet
  facet normal -0.9908962249755859 0.003006430808454752 -0.13459423184394836
    outer loop
      vertex -22.79181480407715 -2.8991191387176514 71.75146484375
      vertex -22.983989715576172 -3.517035484313965 73.15247344970703
      vertex -22.853857040405273 -1.9467170238494873 72.22949981689453
    endloop
  endfacet
  facet normal -0.9908959865570068 0.003004951635375619 -0.13459672033786774
    outer loop
      vertex -22.983989715576172 -3.517035484313965 73.15247344970703
      vertex -23.05605697631836 -2.2413806915283203 73.71150970458984
      vertex -22.853857040405273 -1.9467170238494873 72.22949981689453
    endloop
  endfacet
  facet normal -0.9908958077430725 0.003003333695232868 -0.1345970183610916
    outer loop
      vertex -22.853857040405273 -1.9467170238494873 72.22949981689453
      vertex -23.05605697631836 -2.2413806915283203 73.71150970458984
      vertex -22.96851921081543 -1.392014741897583 73.08601379394531
    endloop
  endfacet
  facet normal -0.9908962845802307 0.0030057979747653008 -0.13459374010562897
    outer loop
      vertex -22.96851921081543 -1.392014741897583 73.08601379394531
      vertex -23.05605697631836 -2.2413806915283203 73.71150970458984
      vertex -23.102083206176758 -1.4159634113311768 74.06879425048828
    endloop
  endfacet
  facet normal -0.9908961653709412 0.0030063556041568518 -0.13459500670433044
    outer loop
      vertex -23.102083206176758 -1.4159634113311768 74.06879425048828
      vertex -23.05605697631836 -2.2413806915283203 73.71150970458984
      vertex -23.2435302734375 -2.015312910079956 75.09674835205078
    endloop
  endfacet
  facet normal -0.9908961653709412 0.0030039940029382706 -0.1345946341753006
    outer loop
      vertex -23.188425064086914 -3.1866328716278076 74.6649169921875
      vertex -23.2435302734375 -2.015312910079956 75.09674835205078
      vertex -23.05605697631836 -2.2413806915283203 73.71150970458984
    endloop
  endfacet
  facet normal -0.9908961653709412 0.003004017984494567 -0.1345946043729782
    outer loop
      vertex -22.983989715576172 -3.517035484313965 73.15247344970703
      vertex -23.188425064086914 -3.1866328716278076 74.6649169921875
      vertex -23.05605697631836 -2.2413806915283203 73.71150970458984
    endloop
  endfacet
  facet normal -0.2656582295894623 -0.8222240805625916 -0.5033618211746216
    outer loop
      vertex -9.371416091918945 -14.486181259155273 72.63618469238281
      vertex -10.649752616882324 -13.544330596923828 71.77236938476562
      vertex -9.268677711486816 -13.63394546508789 71.18986511230469
    endloop
  endfacet
  facet normal -0.26579564809799194 -0.8222722411155701 -0.5032109022140503
    outer loop
      vertex -10.887810707092285 -14.368002891540527 73.24403381347656
      vertex -10.649752616882324 -13.544330596923828 71.77236938476562
      vertex -9.371416091918945 -14.486181259155273 72.63618469238281
    endloop
  endfacet
  facet normal -0.2663177251815796 -0.8221078515052795 -0.5032033920288086
    outer loop
      vertex -10.649752616882324 -13.544330596923828 71.77236938476562
      vertex -10.887810707092285 -14.368002891540527 73.24403381347656
      vertex -12.152410507202148 -13.241059303283691 72.07217407226562
    endloop
  endfacet
  facet normal -0.2660672068595886 -0.8220547437667847 -0.5034226775169373
    outer loop
      vertex -10.887810707092285 -14.368002891540527 73.24403381347656
      vertex -12.359169960021973 -13.91301155090332 73.27870178222656
      vertex -12.152410507202148 -13.241059303283691 72.07217407226562
    endloop
  endfacet
  facet normal -0.2663732171058655 -0.8219568133354187 -0.5034205913543701
    outer loop
      vertex -13.296110153198242 -13.228808403015137 72.65733337402344
      vertex -12.152410507202148 -13.241059303283691 72.07217407226562
      vertex -12.359169960021973 -13.91301155090332 73.27870178222656
    endloop
  endfacet
  facet normal -0.26652398705482483 -0.8217243552207947 -0.503720223903656
    outer loop
      vertex -13.296110153198242 -13.228808403015137 72.65733337402344
      vertex -13.371162414550781 -12.648009300231934 71.74958038330078
      vertex -12.152410507202148 -13.241059303283691 72.07217407226562
    endloop
  endfacet
  facet normal -0.26641204953193665 -0.8216195106506348 -0.5039505958557129
    outer loop
      vertex -13.371162414550781 -12.648009300231934 71.74958038330078
      vertex -12.862384796142578 -12.227158546447754 70.79447937011719
      vertex -12.152410507202148 -13.241059303283691 72.07217407226562
    endloop
  endfacet
  facet normal -0.2663394808769226 -0.8219137787818909 -0.5035087466239929
    outer loop
      vertex -12.152410507202148 -13.241059303283691 72.07217407226562
      vertex -11.644295692443848 -12.759713172912598 71.01766204833984
      vertex -10.649752616882324 -13.544330596923828 71.77236938476562
    endloop
  endfacet
  facet normal -0.26693543791770935 -0.8216251134872437 -0.5036641955375671
    outer loop
      vertex -12.862384796142578 -12.227158546447754 70.79447937011719
      vertex -11.644295692443848 -12.759713172912598 71.01766204833984
      vertex -12.152410507202148 -13.241059303283691 72.07217407226562
    endloop
  endfacet
  facet normal -0.2666584253311157 -0.8212851881980896 -0.5043648481369019
    outer loop
      vertex -12.862384796142578 -12.227158546447754 70.79447937011719
      vertex -11.991652488708496 -12.000383377075195 69.96485137939453
      vertex -11.644295692443848 -12.759713172912598 71.01766204833984
    endloop
  endfacet
  facet normal -0.265558123588562 -0.822120726108551 -0.5035837292671204
    outer loop
      vertex -9.268677711486816 -13.63394546508789 71.18986511230469
      vertex -7.936817169189453 -13.715761184692383 70.62109375
      vertex -7.997696876525879 -14.456572532653809 71.86260223388672
    endloop
  endfacet
  facet normal -0.2658024728298187 -0.8220574259757996 -0.5035579204559326
    outer loop
      vertex -6.911497116088867 -14.353238105773926 71.12055969238281
      vertex -7.997696876525879 -14.456572532653809 71.86260223388672
      vertex -7.936817169189453 -13.715761184692383 70.62109375
    endloop
  endfacet
  facet normal -0.26568496227264404 -0.8219959139823914 -0.5037205815315247
    outer loop
      vertex -7.936817169189453 -13.715761184692383 70.62109375
      vertex -6.8984832763671875 -13.813313484191895 70.23262023925781
      vertex -6.911497116088867 -14.353238105773926 71.12055969238281
    endloop
  endfacet
  facet normal -0.26583629846572876 -0.8219592571258545 -0.5037005543708801
    outer loop
      vertex -6.911497116088867 -14.353238105773926 71.12055969238281
      vertex -6.8984832763671875 -13.813313484191895 70.23262023925781
      vertex -6.167972564697266 -14.131317138671875 70.36601257324219
    endloop
  endfacet
  facet normal -0.2657873034477234 -0.821898877620697 -0.5038248300552368
    outer loop
      vertex -6.004340171813965 -13.655863761901855 69.50407409667969
      vertex -6.167972564697266 -14.131317138671875 70.36601257324219
      vertex -6.8984832763671875 -13.813313484191895 70.23262023925781
    endloop
  endfacet
  facet normal -0.26581457257270813 -0.8218729496002197 -0.5038527250289917
    outer loop
      vertex -6.8984832763671875 -13.813313484191895 70.23262023925781
      vertex -7.429725646972656 -13.24210262298584 69.58113861083984
      vertex -6.004340171813965 -13.655863761901855 69.50407409667969
    endloop
  endfacet
  facet normal -0.2657981216907501 -0.8217892050743103 -0.5039977431297302
    outer loop
      vertex -6.684393882751465 -13.002449989318848 68.79730224609375
      vertex -6.004340171813965 -13.655863761901855 69.50407409667969
      vertex -7.429725646972656 -13.24210262298584 69.58113861083984
    endloop
  endfacet
  facet normal -0.26591014862060547 -0.8217038512229919 -0.5040781497955322
    outer loop
      vertex -7.949426651000977 -12.461736679077148 68.58320617675781
      vertex -6.684393882751465 -13.002449989318848 68.79730224609375
      vertex -7.429725646972656 -13.24210262298584 69.58113861083984
    endloop
  endfacet
  facet normal -0.26574158668518066 -0.8218645453453064 -0.5039048790931702
    outer loop
      vertex -6.8984832763671875 -13.813313484191895 70.23262023925781
      vertex -7.936817169189453 -13.715761184692383 70.62109375
      vertex -7.429725646972656 -13.24210262298584 69.58113861083984
    endloop
  endfacet
  facet normal -0.26579049229621887 -0.8218407034873962 -0.5039178729057312
    outer loop
      vertex -7.936817169189453 -13.715761184692383 70.62109375
      vertex -9.052506446838379 -12.845252990722656 69.78984832763672
      vertex -7.429725646972656 -13.24210262298584 69.58113861083984
    endloop
  endfacet
  facet normal -0.2657860517501831 -0.8217040300369263 -0.5041429996490479
    outer loop
      vertex -7.429725646972656 -13.24210262298584 69.58113861083984
      vertex -9.052506446838379 -12.845252990722656 69.78984832763672
      vertex -7.949426651000977 -12.461736679077148 68.58320617675781
    endloop
  endfacet
  facet normal -0.26601335406303406 -0.8215359449386597 -0.5042973160743713
    outer loop
      vertex -9.383993148803711 -12.13123607635498 68.80152130126953
      vertex -7.949426651000977 -12.461736679077148 68.58320617675781
      vertex -9.052506446838379 -12.845252990722656 69.78984832763672
    endloop
  endfacet
  facet normal -0.2661280930042267 -0.8215264678001404 -0.504252016544342
    outer loop
      vertex -10.782662391662598 -11.98537826538086 69.30206298828125
      vertex -9.383993148803711 -12.13123607635498 68.80152130126953
      vertex -9.052506446838379 -12.845252990722656 69.78984832763672
    endloop
  endfacet
  facet normal -0.26571518182754517 -0.8218178749084473 -0.5039950609207153
    outer loop
      vertex -7.936817169189453 -13.715761184692383 70.62109375
      vertex -9.268677711486816 -13.63394546508789 71.18986511230469
      vertex -9.052506446838379 -12.845252990722656 69.78984832763672
    endloop
  endfacet
  facet normal -0.2657204270362854 -0.8218161463737488 -0.5039949417114258
    outer loop
      vertex -9.052506446838379 -12.845252990722656 69.78984832763672
      vertex -9.268677711486816 -13.63394546508789 71.18986511230469
      vertex -10.56749439239502 -12.79109001159668 70.50027465820312
    endloop
  endfacet
  facet normal -0.26597118377685547 -0.8213868141174316 -0.5045623779296875
    outer loop
      vertex -9.052506446838379 -12.845252990722656 69.78984832763672
      vertex -10.56749439239502 -12.79109001159668 70.50027465820312
      vertex -10.782662391662598 -11.98537826538086 69.30206298828125
    endloop
  endfacet
  facet normal -0.2663562595844269 -0.8213284611701965 -0.5044540166854858
    outer loop
      vertex -11.991652488708496 -12.000383377075195 69.96485137939453
      vertex -10.782662391662598 -11.98537826538086 69.30206298828125
      vertex -10.56749439239502 -12.79109001159668 70.50027465820312
    endloop
  endfacet
  facet normal -0.26633328199386597 -0.821312665939331 -0.5044919848442078
    outer loop
      vertex -11.644295692443848 -12.759713172912598 71.01766204833984
      vertex -11.991652488708496 -12.000383377075195 69.96485137939453
      vertex -10.56749439239502 -12.79109001159668 70.50027465820312
    endloop
  endfacet
  facet normal -0.2658379077911377 -0.8218719959259033 -0.5038419365882874
    outer loop
      vertex -9.268677711486816 -13.63394546508789 71.18986511230469
      vertex -10.649752616882324 -13.544330596923828 71.77236938476562
      vertex -10.56749439239502 -12.79109001159668 70.50027465820312
    endloop
  endfacet
  facet normal -0.2660272717475891 -0.8218215107917786 -0.5038242936134338
    outer loop
      vertex -11.644295692443848 -12.759713172912598 71.01766204833984
      vertex -10.56749439239502 -12.79109001159668 70.50027465820312
      vertex -10.649752616882324 -13.544330596923828 71.77236938476562
    endloop
  endfacet
  facet normal 0.4962528347969055 -0.2047899067401886 -0.8436790108680725
    outer loop
      vertex 20.572847366333008 -6.637852191925049 86.50133514404297
      vertex 18.991079330444336 -7.200658321380615 85.70755004882812
      vertex 19.79363441467285 -5.945009231567383 85.87482452392578
    endloop
  endfacet
  facet normal 0.6412582993507385 0.027791107073426247 -0.766821563243866
    outer loop
      vertex 20.814176559448242 -5.327829837799072 86.75062561035156
      vertex 20.572847366333008 -6.637852191925049 86.50133514404297
      vertex 19.79363441467285 -5.945009231567383 85.87482452392578
    endloop
  endfacet
  facet normal 0.4837722182273865 -0.24879516661167145 0.8390860557556152
    outer loop
      vertex 17.80965805053711 -8.701059341430664 87.4826889038086
      vertex 17.110488891601562 -7.359286308288574 88.28363800048828
      vertex 16.321508407592773 -8.955438613891602 88.26525115966797
    endloop
  endfacet
  facet normal 0.48377159237861633 -0.24879561364650726 0.8390862941741943
    outer loop
      vertex 18.84686851501465 -8.239089012145996 87.02166748046875
      vertex 17.110488891601562 -7.359286308288574 88.28363800048828
      vertex 17.80965805053711 -8.701059341430664 87.4826889038086
    endloop
  endfacet
  facet normal 0.48377349972724915 -0.2487972378730774 0.8390847444534302
    outer loop
      vertex 19.0306396484375 -5.449515342712402 87.74284362792969
      vertex 17.110488891601562 -7.359286308288574 88.28363800048828
      vertex 18.89096450805664 -6.926097393035889 87.38555145263672
    endloop
  endfacet
  facet normal 0.4837731719017029 -0.24879254400730133 0.8390863537788391
    outer loop
      vertex 17.110488891601562 -7.359286308288574 88.28363800048828
      vertex 18.84686851501465 -8.239089012145996 87.02166748046875
      vertex 18.89096450805664 -6.926097393035889 87.38555145263672
    endloop
  endfacet
  facet normal 0.48377466201782227 -0.24879340827465057 0.8390851616859436
    outer loop
      vertex 20.814176559448242 -5.327829837799072 86.75062561035156
      vertex 19.0306396484375 -5.449515342712402 87.74284362792969
      vertex 20.572847366333008 -6.637852191925049 86.50133514404297
    endloop
  endfacet
  facet normal 0.483774334192276 -0.24879813194274902 0.8390839695930481
    outer loop
      vertex 20.814176559448242 -5.327829837799072 86.75062561035156
      vertex 20.66463279724121 -4.569319248199463 87.06175231933594
      vertex 19.0306396484375 -5.449515342712402 87.74284362792969
    endloop
  endfacet
  facet normal 0.4837712049484253 -0.24878865480422974 0.8390886187553406
    outer loop
      vertex 20.66463279724121 -4.569319248199463 87.06175231933594
      vertex 20.023828506469727 -3.749786376953125 87.6741943359375
      vertex 19.0306396484375 -5.449515342712402 87.74284362792969
    endloop
  endfacet
  facet normal 0.483771950006485 -0.2487952560186386 0.8390862345695496
    outer loop
      vertex 17.293485641479492 -5.877885341644287 88.61737823486328
      vertex 17.110488891601562 -7.359286308288574 88.28363800048828
      vertex 19.0306396484375 -5.449515342712402 87.74284362792969
    endloop
  endfacet
  facet normal 0.4837719202041626 -0.2487943470478058 0.8390865921974182
    outer loop
      vertex 17.293485641479492 -5.877885341644287 88.61737823486328
      vertex 19.0306396484375 -5.449515342712402 87.74284362792969
      vertex 17.165388107299805 -4.515538215637207 89.09517669677734
    endloop
  endfacet
  facet normal 0.48377543687820435 -0.24879129230976105 0.8390854597091675
    outer loop
      vertex 19.0306396484375 -5.449515342712402 87.74284362792969
      vertex 20.023828506469727 -3.749786376953125 87.6741943359375
      vertex 18.742116928100586 -4.032020568847656 88.32948303222656
    endloop
  endfacet
  facet normal 0.4837729334831238 -0.24879227578639984 0.8390865325927734
    outer loop
      vertex 17.165388107299805 -4.515538215637207 89.09517669677734
      vertex 19.0306396484375 -5.449515342712402 87.74284362792969
      vertex 18.742116928100586 -4.032020568847656 88.32948303222656
    endloop
  endfacet
  facet normal 0.48377543687820435 -0.2487916499376297 0.8390852808952332
    outer loop
      vertex 20.023828506469727 -3.749786376953125 87.6741943359375
      vertex 19.38619041442871 -3.357722759246826 88.15807342529297
      vertex 18.742116928100586 -4.032020568847656 88.32948303222656
    endloop
  endfacet
  facet normal 0.48377326130867004 -0.24878910183906555 0.8390873074531555
    outer loop
      vertex 19.38619041442871 -3.357722759246826 88.15807342529297
      vertex 18.10770034790039 -3.0679712295532227 88.98109436035156
      vertex 18.742116928100586 -4.032020568847656 88.32948303222656
    endloop
  endfacet
  facet normal 0.4837725758552551 -0.2487896978855133 0.8390874266624451
    outer loop
      vertex 18.742116928100586 -4.032020568847656 88.32948303222656
      vertex 18.10770034790039 -3.0679712295532227 88.98109436035156
      vertex 17.165388107299805 -4.515538215637207 89.09517669677734
    endloop
  endfacet
  facet normal 0.4837740957736969 -0.24879080057144165 0.8390862941741943
    outer loop
      vertex 18.10770034790039 -3.0679712295532227 88.98109436035156
      vertex 17.2669677734375 -3.07774019241333 89.46292114257812
      vertex 17.165388107299805 -4.515538215637207 89.09517669677734
    endloop
  endfacet
  facet normal 0.4837714433670044 -0.2487952560186386 0.8390865921974182
    outer loop
      vertex 17.293485641479492 -5.877885341644287 88.61737823486328
      vertex 15.872177124023438 -6.149032115936279 89.35643005371094
      vertex 17.110488891601562 -7.359286308288574 88.28363800048828
    endloop
  endfacet
  facet normal 0.48377305269241333 -0.2487955540418625 0.839085578918457
    outer loop
      vertex 16.321508407592773 -8.955438613891602 88.26525115966797
      vertex 17.110488891601562 -7.359286308288574 88.28363800048828
      vertex 14.867646217346191 -8.53248405456543 89.2288818359375
    endloop
  endfacet
  facet normal 0.4837736189365387 -0.24879740178585052 0.8390846252441406
    outer loop
      vertex 17.110488891601562 -7.359286308288574 88.28363800048828
      vertex 15.061232566833496 -7.3533735275268555 89.46688842773438
      vertex 14.867646217346191 -8.53248405456543 89.2288818359375
    endloop
  endfacet
  facet normal 0.4837743937969208 -0.24879169464111328 0.8390858769416809
    outer loop
      vertex 15.872177124023438 -6.149032115936279 89.35643005371094
      vertex 15.061232566833496 -7.3533735275268555 89.46688842773438
      vertex 17.110488891601562 -7.359286308288574 88.28363800048828
    endloop
  endfacet
  facet normal 0.4837735593318939 -0.24879105389118195 0.8390865921974182
    outer loop
      vertex 15.872177124023438 -6.149032115936279 89.35643005371094
      vertex 13.497464179992676 -6.691843032836914 90.56462097167969
      vertex 15.061232566833496 -7.3533735275268555 89.46688842773438
    endloop
  endfacet
  facet normal 0.48376962542533875 -0.24879974126815796 0.8390861749649048
    outer loop
      vertex 13.959763526916504 -8.014659881591797 89.90585327148438
      vertex 15.061232566833496 -7.3533735275268555 89.46688842773438
      vertex 13.497464179992676 -6.691843032836914 90.56462097167969
    endloop
  endfacet
  facet normal 0.48376864194869995 -0.2487971931695938 0.8390876054763794
    outer loop
      vertex 14.867646217346191 -8.53248405456543 89.2288818359375
      vertex 15.061232566833496 -7.3533735275268555 89.46688842773438
      vertex 13.959763526916504 -8.014659881591797 89.90585327148438
    endloop
  endfacet
  facet normal 0.48377200961112976 -0.24879731237888336 0.839085578918457
    outer loop
      vertex 19.0306396484375 -5.449515342712402 87.74284362792969
      vertex 18.89096450805664 -6.926097393035889 87.38555145263672
      vertex 20.572847366333008 -6.637852191925049 86.50133514404297
    endloop
  endfacet
  facet normal 0.4837719202041626 -0.24879266321659088 0.8390869498252869
    outer loop
      vertex 20.572847366333008 -6.637852191925049 86.50133514404297
      vertex 18.89096450805664 -6.926097393035889 87.38555145263672
      vertex 18.84686851501465 -8.239089012145996 87.02166748046875
    endloop
  endfacet
  facet normal 0.4837713837623596 -0.24879448115825653 0.8390867710113525
    outer loop
      vertex 17.293485641479492 -5.877885341644287 88.61737823486328
      vertex 17.165388107299805 -4.515538215637207 89.09517669677734
      vertex 15.872177124023438 -6.149032115936279 89.35643005371094
    endloop
  endfacet
  facet normal 0.48377254605293274 -0.2487955391407013 0.8390857577323914
    outer loop
      vertex 15.872177124023438 -6.149032115936279 89.35643005371094
      vertex 17.165388107299805 -4.515538215637207 89.09517669677734
      vertex 15.110045433044434 -5.054717063903809 90.12030792236328
    endloop
  endfacet
  facet normal 0.48377370834350586 -0.24879440665245056 0.8390853404998779
    outer loop
      vertex 15.872177124023438 -6.149032115936279 89.35643005371094
      vertex 15.110045433044434 -5.054717063903809 90.12030792236328
      vertex 13.497464179992676 -6.691843032836914 90.56462097167969
    endloop
  endfacet
  facet normal 0.48377203941345215 -0.2487923502922058 0.8390870094299316
    outer loop
      vertex 13.748147964477539 -5.277529716491699 90.83943939208984
      vertex 13.497464179992676 -6.691843032836914 90.56462097167969
      vertex 15.110045433044434 -5.054717063903809 90.12030792236328
    endloop
  endfacet
  facet normal 0.48377203941345215 -0.24879229068756104 0.8390870094299316
    outer loop
      vertex 13.748147964477539 -5.277529716491699 90.83943939208984
      vertex 15.110045433044434 -5.054717063903809 90.12030792236328
      vertex 14.47088623046875 -4.307524681091309 90.71035766601562
    endloop
  endfacet
  facet normal 0.4837701916694641 -0.2487943023443222 0.8390875458717346
    outer loop
      vertex 14.47088623046875 -4.307524681091309 90.71035766601562
      vertex 15.110045433044434 -5.054717063903809 90.12030792236328
      vertex 15.906744956970215 -3.3704028129577637 90.16038513183594
    endloop
  endfacet
  facet normal 0.48377254605293274 -0.24879534542560577 0.8390858769416809
    outer loop
      vertex 15.110045433044434 -5.054717063903809 90.12030792236328
      vertex 17.165388107299805 -4.515538215637207 89.09517669677734
      vertex 15.906744956970215 -3.3704028129577637 90.16038513183594
    endloop
  endfacet
  facet normal 0.48377618193626404 -0.2487906664609909 0.8390851616859436
    outer loop
      vertex 15.906744956970215 -3.3704028129577637 90.16038513183594
      vertex 17.165388107299805 -4.515538215637207 89.09517669677734
      vertex 17.2669677734375 -3.07774019241333 89.46292114257812
    endloop
  endfacet
  facet normal -0.0721682533621788 0.9298003911972046 0.36091962456703186
    outer loop
      vertex 11.522440910339355 5.49760627746582 87.29901885986328
      vertex 12.009387969970703 5.80103874206543 86.61468505859375
      vertex 11.252002716064453 5.883045196533203 86.2519760131836
    endloop
  endfacet
  facet normal -0.07216810435056686 0.9298005700111389 0.360919326543808
    outer loop
      vertex 12.19314956665039 6.0848388671875 85.92030334472656
      vertex 11.252002716064453 5.883045196533203 86.2519760131836
      vertex 12.009387969970703 5.80103874206543 86.61468505859375
    endloop
  endfacet
  facet normal -0.07216747850179672 0.9297999739646912 0.360920786857605
    outer loop
      vertex 12.19314956665039 6.0848388671875 85.92030334472656
      vertex 11.383687019348145 6.249579429626465 85.33404541015625
      vertex 11.252002716064453 5.883045196533203 86.2519760131836
    endloop
  endfacet
  facet normal -0.07216554880142212 0.9298000931739807 0.36092108488082886
    outer loop
      vertex 11.252002716064453 5.883045196533203 86.2519760131836
      vertex 11.383687019348145 6.249579429626465 85.33404541015625
      vertex 10.090726852416992 6.087491989135742 85.49308776855469
    endloop
  endfacet
  facet normal -0.07216496020555496 0.9298014044761658 0.36091768741607666
    outer loop
      vertex 12.19314956665039 6.0848388671875 85.92030334472656
      vertex 12.088284492492676 6.416431427001953 85.04508209228516
      vertex 11.383687019348145 6.249579429626465 85.33404541015625
    endloop
  endfacet
  facet normal -0.07216806709766388 0.9298010468482971 0.36091822385787964
    outer loop
      vertex 10.080591201782227 5.018740653991699 88.24436950683594
      vertex 11.522440910339355 5.49760627746582 87.29901885986328
      vertex 10.345405578613281 5.598321437835693 86.80419921875
    endloop
  endfacet
  facet normal -0.0721687600016594 0.929800271987915 0.3609197437763214
    outer loop
      vertex 11.252002716064453 5.883045196533203 86.2519760131836
      vertex 10.345405578613281 5.598321437835693 86.80419921875
      vertex 11.522440910339355 5.49760627746582 87.29901885986328
    endloop
  endfacet
  facet normal -0.07216670364141464 0.9297993779182434 0.360922634601593
    outer loop
      vertex 10.090726852416992 6.087491989135742 85.49308776855469
      vertex 10.345405578613281 5.598321437835693 86.80419921875
      vertex 11.252002716064453 5.883045196533203 86.2519760131836
    endloop
  endfacet
  facet normal -0.07216444611549377 0.9298011064529419 0.3609187602996826
    outer loop
      vertex 12.088284492492676 6.416431427001953 85.04508209228516
      vertex 11.316131591796875 6.790626525878906 83.92668914794922
      vertex 11.383687019348145 6.249579429626465 85.33404541015625
    endloop
  endfacet
  facet normal -0.07216592878103256 0.9298009872436523 0.3609187602996826
    outer loop
      vertex 11.383687019348145 6.249579429626465 85.33404541015625
      vertex 11.316131591796875 6.790626525878906 83.92668914794922
      vertex 10.090726852416992 6.087491989135742 85.49308776855469
    endloop
  endfacet
  facet normal -0.07216638326644897 0.9298009872436523 0.36091843247413635
    outer loop
      vertex 10.090726852416992 6.087491989135742 85.49308776855469
      vertex 11.316131591796875 6.790626525878906 83.92668914794922
      vertex 9.515841484069824 6.52519416809082 84.25052642822266
    endloop
  endfacet
  facet normal -0.07216650247573853 0.9298012256622314 0.36091792583465576
    outer loop
      vertex 11.316131591796875 6.790626525878906 83.92668914794922
      vertex 9.947620391845703 7.032827377319336 83.02909088134766
      vertex 9.515841484069824 6.52519416809082 84.25052642822266
    endloop
  endfacet
  facet normal -0.07216597348451614 0.9298011660575867 0.3609181046485901
    outer loop
      vertex 9.947620391845703 7.032827377319336 83.02909088134766
      vertex 8.157492637634277 6.655977249145508 83.64199829101562
      vertex 9.515841484069824 6.52519416809082 84.25052642822266
    endloop
  endfacet
  facet normal -0.07216768711805344 0.9298006892204285 0.36091896891593933
    outer loop
      vertex 10.090726852416992 6.087491989135742 85.49308776855469
      vertex 9.515841484069824 6.52519416809082 84.25052642822266
      vertex 8.020295143127441 6.074224472045898 85.11327362060547
    endloop
  endfacet
  facet normal -0.07216694205999374 0.9298003911972046 0.36092010140419006
    outer loop
      vertex 9.515841484069824 6.52519416809082 84.25052642822266
      vertex 8.157492637634277 6.655977249145508 83.64199829101562
      vertex 8.020295143127441 6.074224472045898 85.11327362060547
    endloop
  endfacet
  facet normal -0.07216601818799973 0.9298012256622314 0.36091798543930054
    outer loop
      vertex 9.947620391845703 7.032827377319336 83.02909088134766
      vertex 7.639471530914307 7.174948692321777 82.2014389038086
      vertex 8.157492637634277 6.655977249145508 83.64199829101562
    endloop
  endfacet
  facet normal -0.07216610014438629 0.9298009872436523 0.3609185516834259
    outer loop
      vertex 6.931768894195557 6.370939254760742 84.1312255859375
      vertex 6.770972728729248 6.772945404052734 83.06342315673828
      vertex 5.6154913902282715 6.420194625854492 83.74114227294922
    endloop
  endfacet
  facet normal -0.07216636836528778 0.9298005700111389 0.3609197735786438
    outer loop
      vertex 8.020295143127441 6.074224472045898 85.11327362060547
      vertex 6.931768894195557 6.370939254760742 84.1312255859375
      vertex 5.915770530700684 5.945878028869629 85.02311706542969
    endloop
  endfacet
  facet normal -0.07216644287109375 0.9298005700111389 0.36091968417167664
    outer loop
      vertex 5.915770530700684 5.945878028869629 85.02311706542969
      vertex 6.931768894195557 6.370939254760742 84.1312255859375
      vertex 5.6154913902282715 6.420194625854492 83.74114227294922
    endloop
  endfacet
  facet normal -0.07216738164424896 0.929800808429718 0.3609187602996826
    outer loop
      vertex 8.157492637634277 6.655977249145508 83.64199829101562
      vertex 6.770972728729248 6.772945404052734 83.06342315673828
      vertex 6.931768894195557 6.370939254760742 84.1312255859375
    endloop
  endfacet
  facet normal -0.07216721028089523 0.9298009872436523 0.3609183132648468
    outer loop
      vertex 8.157492637634277 6.655977249145508 83.64199829101562
      vertex 7.639471530914307 7.174948692321777 82.2014389038086
      vertex 6.770972728729248 6.772945404052734 83.06342315673828
    endloop
  endfacet
  facet normal -0.07216750085353851 0.9298011064529419 0.3609180748462677
    outer loop
      vertex 6.426290512084961 7.195531845092773 81.90583038330078
      vertex 6.770972728729248 6.772945404052734 83.06342315673828
      vertex 7.639471530914307 7.174948692321777 82.2014389038086
    endloop
  endfacet
  facet normal -0.07216828316450119 0.9298009872436523 0.3609183132648468
    outer loop
      vertex 5.703188896179199 6.8324079513549805 82.69672393798828
      vertex 6.770972728729248 6.772945404052734 83.06342315673828
      vertex 6.426290512084961 7.195531845092773 81.90583038330078
    endloop
  endfacet
  facet normal -0.07216671109199524 0.9298003315925598 0.36092010140419006
    outer loop
      vertex 8.157492637634277 6.655977249145508 83.64199829101562
      vertex 6.931768894195557 6.370939254760742 84.1312255859375
      vertex 8.020295143127441 6.074224472045898 85.11327362060547
    endloop
  endfacet
  facet normal -0.07216760516166687 0.9298017621040344 0.3609164357185364
    outer loop
      vertex 5.6154913902282715 6.420194625854492 83.74114227294922
      vertex 6.770972728729248 6.772945404052734 83.06342315673828
      vertex 5.703188896179199 6.8324079513549805 82.69672393798828
    endloop
  endfacet
  facet normal -0.07216702401638031 0.9298005104064941 0.3609198033809662
    outer loop
      vertex 5.915770530700684 5.945878028869629 85.02311706542969
      vertex 5.6154913902282715 6.420194625854492 83.74114227294922
      vertex 3.744318962097168 5.974391460418701 84.51547241210938
    endloop
  endfacet
  facet normal -0.07216637581586838 0.9298004508018494 0.3609198033809662
    outer loop
      vertex 5.184976577758789 7.146707534790039 81.78340911865234
      vertex 5.703188896179199 6.8324079513549805 82.69672393798828
      vertex 6.426290512084961 7.195531845092773 81.90583038330078
    endloop
  endfacet
  facet normal -0.07216691970825195 0.9298003315925598 0.3609200417995453
    outer loop
      vertex 4.407735824584961 6.634163856506348 82.94841003417969
      vertex 5.703188896179199 6.8324079513549805 82.69672393798828
      vertex 5.184976577758789 7.146707534790039 81.78340911865234
    endloop
  endfacet
  facet normal -0.07216784358024597 0.9298016428947449 0.3609164357185364
    outer loop
      vertex 5.703188896179199 6.8324079513549805 82.69672393798828
      vertex 4.407735824584961 6.634163856506348 82.94841003417969
      vertex 5.6154913902282715 6.420194625854492 83.74114227294922
    endloop
  endfacet
  facet normal -0.07216835021972656 0.929801344871521 0.3609170913696289
    outer loop
      vertex 3.744318962097168 5.974391460418701 84.51547241210938
      vertex 5.6154913902282715 6.420194625854492 83.74114227294922
      vertex 4.407735824584961 6.634163856506348 82.94841003417969
    endloop
  endfacet
  facet normal -0.07216772437095642 0.9298005104064941 0.3609195947647095
    outer loop
      vertex 5.184976577758789 7.146707534790039 81.78340911865234
      vertex 3.796437978744507 7.041646957397461 81.77642059326172
      vertex 4.407735824584961 6.634163856506348 82.94841003417969
    endloop
  endfacet
  facet normal -0.07216741889715195 0.9298012852668762 0.36091744899749756
    outer loop
      vertex 4.407735824584961 6.634163856506348 82.94841003417969
      vertex 2.2756459712982178 6.3921966552734375 83.14544677734375
      vertex 3.744318962097168 5.974391460418701 84.51547241210938
    endloop
  endfacet
  facet normal -0.07216716557741165 0.9298006892204285 0.360919326543808
    outer loop
      vertex 4.407735824584961 6.634163856506348 82.94841003417969
      vertex 3.796437978744507 7.041646957397461 81.77642059326172
      vertex 2.2756459712982178 6.3921966552734375 83.14544677734375
    endloop
  endfacet
  facet normal -0.07216610014438629 0.929800271987915 0.36092036962509155
    outer loop
      vertex 2.3672308921813965 6.880596160888672 81.90554809570312
      vertex 2.2756459712982178 6.3921966552734375 83.14544677734375
      vertex 3.796437978744507 7.041646957397461 81.77642059326172
    endloop
  endfacet
  facet normal -0.07216628640890121 0.929800271987915 0.36092033982276917
    outer loop
      vertex 0.972801685333252 6.63206672668457 82.2669906616211
      vertex 2.2756459712982178 6.3921966552734375 83.14544677734375
      vertex 2.3672308921813965 6.880596160888672 81.90554809570312
    endloop
  endfacet
  facet normal -0.07216761261224747 0.9298012852668762 0.3609176278114319
    outer loop
      vertex 3.744318962097168 5.974391460418701 84.51547241210938
      vertex 2.2756459712982178 6.3921966552734375 83.14544677734375
      vertex 1.1552181243896484 5.694127082824707 84.71978759765625
    endloop
  endfacet
  facet normal -0.07216788083314896 0.9298012256622314 0.36091744899749756
    outer loop
      vertex 1.1552181243896484 5.694127082824707 84.71978759765625
      vertex 2.2756459712982178 6.3921966552734375 83.14544677734375
      vertex -0.5916585922241211 5.8831892013549805 83.8834228515625
    endloop
  endfacet
  facet normal -0.07216676324605942 0.9298000335693359 0.3609209954738617
    outer loop
      vertex -0.5916585922241211 5.8831892013549805 83.8834228515625
      vertex 2.2756459712982178 6.3921966552734375 83.14544677734375
      vertex 0.972801685333252 6.63206672668457 82.2669906616211
    endloop
  endfacet
  facet normal -0.07216585427522659 0.929799497127533 0.36092251539230347
    outer loop
      vertex 10.345405578613281 5.598321437835693 86.80419921875
      vertex 10.090726852416992 6.087491989135742 85.49308776855469
      vertex 8.800052642822266 5.525059223175049 86.68394470214844
    endloop
  endfacet
  facet normal -0.07216797024011612 0.9298000931739807 0.3609205186367035
    outer loop
      vertex 10.090726852416992 6.087491989135742 85.49308776855469
      vertex 8.020295143127441 6.074224472045898 85.11327362060547
      vertex 8.800052642822266 5.525059223175049 86.68394470214844
    endloop
  endfacet
  facet normal -0.07216585427522659 0.9298005700111389 0.3609195947647095
    outer loop
      vertex 8.800052642822266 5.525059223175049 86.68394470214844
      vertex 8.020295143127441 6.074224472045898 85.11327362060547
      vertex 6.572873592376709 5.435854434967041 86.46842956542969
    endloop
  endfacet
  facet normal -0.07216634601354599 0.9298007488250732 0.3609192371368408
    outer loop
      vertex 8.020295143127441 6.074224472045898 85.11327362060547
      vertex 5.915770530700684 5.945878028869629 85.02311706542969
      vertex 6.572873592376709 5.435854434967041 86.46842956542969
    endloop
  endfacet
  facet normal -0.07216771692037582 0.9298003315925598 0.360919713973999
    outer loop
      vertex 5.915770530700684 5.945878028869629 85.02311706542969
      vertex 4.382336616516113 5.405807971954346 86.10782623291016
      vertex 6.572873592376709 5.435854434967041 86.46842956542969
    endloop
  endfacet
  facet normal -0.07216785103082657 0.9298000931739807 0.36092060804367065
    outer loop
      vertex 4.382336616516113 5.405807971954346 86.10782623291016
      vertex 4.52079963684082 4.713568210601807 87.91885375976562
      vertex 6.572873592376709 5.435854434967041 86.46842956542969
    endloop
  endfacet
  facet normal -0.07216563820838928 0.9298009872436523 0.36091864109039307
    outer loop
      vertex 10.345405578613281 5.598321437835693 86.80419921875
      vertex 8.800052642822266 5.525059223175049 86.68394470214844
      vertex 10.080591201782227 5.018740653991699 88.24436950683594
    endloop
  endfacet
  facet normal -0.07216686755418777 0.9298004508018494 0.36091992259025574
    outer loop
      vertex 10.080591201782227 5.018740653991699 88.24436950683594
      vertex 7.641749382019043 4.9593963623046875 87.90959930419922
      vertex 8.953791618347168 4.737785339355469 88.74285888671875
    endloop
  endfacet
  facet normal -0.072166807949543 0.9298005104064941 0.3609194755554199
    outer loop
      vertex 8.800052642822266 5.525059223175049 86.68394470214844
      vertex 7.641749382019043 4.9593963623046875 87.90959930419922
      vertex 10.080591201782227 5.018740653991699 88.24436950683594
    endloop
  endfacet
  facet normal -0.0721677616238594 0.9297999143600464 0.3609212040901184
    outer loop
      vertex 8.953791618347168 4.737785339355469 88.74285888671875
      vertex 7.641749382019043 4.9593963623046875 87.90959930419922
      vertex 6.861912727355957 4.332571506500244 89.36848449707031
    endloop
  endfacet
  facet normal -0.07216590642929077 0.9298003315925598 0.3609202206134796
    outer loop
      vertex 8.800052642822266 5.525059223175049 86.68394470214844
      vertex 6.572873592376709 5.435854434967041 86.46842956542969
      vertex 7.641749382019043 4.9593963623046875 87.90959930419922
    endloop
  endfacet
  facet normal -0.07216741889715195 0.9297999143600464 0.3609212040901184
    outer loop
      vertex 6.572873592376709 5.435854434967041 86.46842956542969
      vertex 4.52079963684082 4.713568210601807 87.91885375976562
      vertex 7.641749382019043 4.9593963623046875 87.90959930419922
    endloop
  endfacet
  facet normal -0.07216741144657135 0.9297998547554016 0.36092138290405273
    outer loop
      vertex 7.641749382019043 4.9593963623046875 87.90959930419922
      vertex 4.52079963684082 4.713568210601807 87.91885375976562
      vertex 6.861912727355957 4.332571506500244 89.36848449707031
    endloop
  endfacet
  facet normal -0.006934302393347025 -0.28135058283805847 0.9595800042152405
    outer loop
      vertex 6.509408950805664 2.5779690742492676 88.7506332397461
      vertex 6.731965065002441 3.477415084838867 89.01596069335938
      vertex 5.557855606079102 3.330451011657715 88.96438598632812
    endloop
  endfacet
  facet normal -0.0721658393740654 0.929800808429718 0.36091911792755127
    outer loop
      vertex 6.861912727355957 4.332571506500244 89.36848449707031
      vertex 4.52079963684082 4.713568210601807 87.91885375976562
      vertex 4.735756874084473 4.1327805519104 89.45806121826172
    endloop
  endfacet
  facet normal -0.025334995239973068 -0.5425804257392883 0.8396217823028564
    outer loop
      vertex 4.051662921905518 3.010019302368164 88.71186828613281
      vertex 5.557855606079102 3.330451011657715 88.96438598632812
      vertex 4.735756874084473 4.1327805519104 89.45806121826172
    endloop
  endfacet
  facet normal 0.0072280666790902615 -0.38204869627952576 0.924113929271698
    outer loop
      vertex 6.731965065002441 3.477415084838867 89.01596069335938
      vertex 6.861912727355957 4.332571506500244 89.36848449707031
      vertex 5.557855606079102 3.330451011657715 88.96438598632812
    endloop
  endfacet
  facet normal 0.08056359738111496 -0.4611634314060211 0.8836502432823181
    outer loop
      vertex 6.861912727355957 4.332571506500244 89.36848449707031
      vertex 4.735756874084473 4.1327805519104 89.45806121826172
      vertex 5.557855606079102 3.330451011657715 88.96438598632812
    endloop
  endfacet
  facet normal -0.07216716557741165 0.9298002123832703 0.36092042922973633
    outer loop
      vertex 5.915770530700684 5.945878028869629 85.02311706542969
      vertex 3.744318962097168 5.974391460418701 84.51547241210938
      vertex 4.382336616516113 5.405807971954346 86.10782623291016
    endloop
  endfacet
  facet normal -0.07216894626617432 0.9298003911972046 0.36091941595077515
    outer loop
      vertex -0.6400296688079834 5.494168281555176 84.87594604492188
      vertex 1.1552181243896484 5.694127082824707 84.71978759765625
      vertex -0.5916585922241211 5.8831892013549805 83.8834228515625
    endloop
  endfacet
  facet normal -0.07216896861791611 0.9298005104064941 0.3609192967414856
    outer loop
      vertex -0.17628121376037598 5.0917649269104 86.0053482055664
      vertex 1.1552181243896484 5.694127082824707 84.71978759765625
      vertex -0.6400296688079834 5.494168281555176 84.87594604492188
    endloop
  endfacet
  facet normal -0.07216722518205643 0.9298000335693359 0.36092090606689453
    outer loop
      vertex 3.744318962097168 5.974391460418701 84.51547241210938
      vertex 1.1552181243896484 5.694127082824707 84.71978759765625
      vertex 2.244866132736206 5.317662715911865 85.90750885009766
    endloop
  endfacet
  facet normal -0.07216723263263702 0.9297999739646912 0.36092090606689453
    outer loop
      vertex 1.1552181243896484 5.694127082824707 84.71978759765625
      vertex -0.17628121376037598 5.0917649269104 86.0053482055664
      vertex 2.244866132736206 5.317662715911865 85.90750885009766
    endloop
  endfacet
  facet normal -0.07216715812683105 0.9298006296157837 0.36091920733451843
    outer loop
      vertex 4.735756874084473 4.1327805519104 89.45806121826172
      vertex 4.52079963684082 4.713568210601807 87.91885375976562
      vertex 3.6652626991271973 4.145026683807373 89.21246337890625
    endloop
  endfacet
  facet normal -0.07216675579547882 0.9298006296157837 0.36091944575309753
    outer loop
      vertex 2.4590883255004883 4.283062934875488 88.61567687988281
      vertex 3.6652626991271973 4.145026683807373 89.21246337890625
      vertex 4.52079963684082 4.713568210601807 87.91885375976562
    endloop
  endfacet
  facet normal -0.07216716557741165 0.9298008680343628 0.36091849207878113
    outer loop
      vertex 2.4590883255004883 4.283062934875488 88.61567687988281
      vertex 4.52079963684082 4.713568210601807 87.91885375976562
      vertex 1.1414034366607666 4.687413692474365 87.31050872802734
    endloop
  endfacet
  facet normal -0.07216760516166687 0.9298000335693359 0.3609205484390259
    outer loop
      vertex 3.744318962097168 5.974391460418701 84.51547241210938
      vertex 2.244866132736206 5.317662715911865 85.90750885009766
      vertex 4.382336616516113 5.405807971954346 86.10782623291016
    endloop
  endfacet
  facet normal -0.07216750085353851 0.9298005104064941 0.3609192967414856
    outer loop
      vertex 2.244866132736206 5.317662715911865 85.90750885009766
      vertex 3.0959739685058594 5.034153938293457 86.80806732177734
      vertex 4.382336616516113 5.405807971954346 86.10782623291016
    endloop
  endfacet
  facet normal -0.07216671854257584 0.9298001527786255 0.3609205484390259
    outer loop
      vertex 4.382336616516113 5.405807971954346 86.10782623291016
      vertex 3.0959739685058594 5.034153938293457 86.80806732177734
      vertex 4.52079963684082 4.713568210601807 87.91885375976562
    endloop
  endfacet
  facet normal -0.07216774672269821 0.9297996163368225 0.3609217405319214
    outer loop
      vertex 4.52079963684082 4.713568210601807 87.91885375976562
      vertex 3.0959739685058594 5.034153938293457 86.80806732177734
      vertex 1.1414034366607666 4.687413692474365 87.31050872802734
    endloop
  endfacet
  facet normal -0.07216830551624298 0.9298003315925598 0.3609199821949005
    outer loop
      vertex 2.244866132736206 5.317662715911865 85.90750885009766
      vertex 1.1414034366607666 4.687413692474365 87.31050872802734
      vertex 3.0959739685058594 5.034153938293457 86.80806732177734
    endloop
  endfacet
  facet normal 0.17953583598136902 0.9784589409828186 -0.10190647840499878
    outer loop
      vertex 5.486043930053711 0.9090719223022461 65.04841613769531
      vertex 4.662966728210449 1.1749534606933594 66.15121459960938
      vertex 6.154637813568115 0.9011704921722412 66.15045928955078
    endloop
  endfacet
  facet normal 0.16990086436271667 0.9815254211425781 -0.08798619359731674
    outer loop
      vertex 4.895932197570801 0.9059145450592041 63.87369155883789
      vertex 4.254505634307861 1.1149263381958008 64.96672058105469
      vertex 5.486043930053711 0.9090719223022461 65.04841613769531
    endloop
  endfacet
  facet normal 0.15443271398544312 0.9843925833702087 -0.08439047634601593
    outer loop
      vertex 4.357852935791016 0.8902676105499268 62.70650100708008
      vertex 3.915595054626465 1.0562386512756348 63.833187103271484
      vertex 4.895932197570801 0.9059145450592041 63.87369155883789
    endloop
  endfacet
  facet normal 0.0911308228969574 0.9924801588058472 -0.08172190189361572
    outer loop
      vertex 4.254505634307861 1.1149263381958008 64.96672058105469
      vertex 3.187497615814209 1.2911128997802734 65.91658020019531
      vertex 4.662966728210449 1.1749534606933594 66.15121459960938
    endloop
  endfacet
  facet normal 0.07539836317300797 0.9944019317626953 -0.07402732223272324
    outer loop
      vertex 3.915595054626465 1.0562386512756348 63.833187103271484
      vertex 3.020094394683838 1.2018635272979736 64.87726593017578
      vertex 4.254505634307861 1.1149263381958008 64.96672058105469
    endloop
  endfacet
  facet normal 0.06851167976856232 0.9955534338951111 -0.06464841961860657
    outer loop
      vertex 3.6246252059936523 1.003098726272583 62.70650100708008
      vertex 2.8953871726989746 1.1235113143920898 63.78797912597656
      vertex 3.915595054626465 1.0562386512756348 63.833187103271484
    endloop
  endfacet
  facet normal 0.006113484967499971 0.9962301254272461 -0.08653430640697479
    outer loop
      vertex 3.020094394683838 1.2018635272979736 64.87726593017578
      vertex 1.5394394397735596 1.276167631149292 65.62808990478516
      vertex 3.187497615814209 1.2911128997802734 65.91658020019531
    endloop
  endfacet
  facet normal 0.01025646273046732 0.9972858428955078 -0.07290881872177124
    outer loop
      vertex 2.8953871726989746 1.1235113143920898 63.78797912597656
      vertex 1.6841899156570435 1.1966111660003662 64.61749267578125
      vertex 3.020094394683838 1.2018635272979736 64.87726593017578
    endloop
  endfacet
  facet normal 0.02015606313943863 0.9970656633377075 -0.07385043799877167
    outer loop
      vertex 2.812310218811035 1.0450880527496338 62.70650100708008
      vertex 1.8572282791137695 1.1287133693695068 63.574867248535156
      vertex 2.8953871726989746 1.1235113143920898 63.78797912597656
    endloop
  endfacet
  facet normal -0.024548914283514023 0.9954872727394104 -0.09166466444730759
    outer loop
      vertex 1.5394394397735596 1.276167631149292 65.62808990478516
      vertex 0.22830736637115479 1.1600654125213623 64.71834564208984
      vertex -0.3140075206756592 1.2404608726501465 65.73668670654297
    endloop
  endfacet
  facet normal -0.029909126460552216 0.9970664381980896 -0.07045529782772064
    outer loop
      vertex 1.6841899156570435 1.1966111660003662 64.61749267578125
      vertex 0.7358605861663818 1.104412317276001 63.715293884277344
      vertex 0.22830736637115479 1.1600654125213623 64.71834564208984
    endloop
  endfacet
  facet normal -0.030665384605526924 0.996907114982605 -0.07236004620790482
    outer loop
      vertex 1.8572282791137695 1.1287133693695068 63.574867248535156
      vertex 1.1876896619796753 1.0450880527496338 62.70650100708008
      vertex 0.7358605861663818 1.104412317276001 63.715293884277344
    endloop
  endfacet
  facet normal -0.09942368417978287 0.9891892671585083 -0.10779353976249695
    outer loop
      vertex -0.3140075206756592 1.2404608726501465 65.73668670654297
      vertex -1.2306642532348633 1.030972957611084 64.65975952148438
      vertex -2.1485085487365723 1.0352201461791992 65.5453109741211
    endloop
  endfacet
  facet normal -0.08431078493595123 0.9925869703292847 -0.0875367671251297
    outer loop
      vertex 0.22830736637115479 1.1600654125213623 64.71834564208984
      vertex -0.39392757415771484 1.0160715579986572 63.68489074707031
      vertex -1.2306642532348633 1.030972957611084 64.65975952148438
    endloop
  endfacet
  facet normal -0.07580061256885529 0.9944628477096558 -0.07278755307197571
    outer loop
      vertex 0.7358605861663818 1.104412317276001 63.715293884277344
      vertex 0.3753749132156372 1.003098726272583 62.70650100708008
      vertex -0.39392757415771484 1.0160715579986572 63.68489074707031
    endloop
  endfacet
  facet normal -0.20396097004413605 0.9636311531066895 -0.1726696640253067
    outer loop
      vertex -2.1485085487365723 1.0352201461791992 65.5453109741211
      vertex -2.603888511657715 0.7749872207641602 64.63091278076172
      vertex -3.7444396018981934 0.6914737224578857 65.5120849609375
    endloop
  endfacet
  facet normal -0.1783655732870102 0.9731947183609009 -0.14518210291862488
    outer loop
      vertex -1.2306642532348633 1.030972957611084 64.65975952148438
      vertex -1.4575409889221191 0.8416035175323486 63.669097900390625
      vertex -2.603888511657715 0.7749872207641602 64.63091278076172
    endloop
  endfacet
  facet normal -0.15855666995048523 0.9785311818122864 -0.1316683292388916
    outer loop
      vertex -0.39392757415771484 1.0160715579986572 63.68489074707031
      vertex -0.3578529357910156 0.8902676105499268 62.70650100708008
      vertex -1.4575409889221191 0.8416035175323486 63.669097900390625
    endloop
  endfacet
  facet normal -0.3309527337551117 0.9039539098739624 -0.27080920338630676
    outer loop
      vertex -3.7444396018981934 0.6914737224578857 65.5120849609375
      vertex -3.8264546394348145 0.39810705184936523 64.63306427001953
      vertex -5.152853965759277 0.1862337589263916 65.54681396484375
    endloop
  endfacet
  facet normal -0.2873775064945221 0.9309412240982056 -0.22530578076839447
    outer loop
      vertex -2.603888511657715 0.7749872207641602 64.63091278076172
      vertex -2.4423866271972656 0.5920920372009277 63.669212341308594
      vertex -3.8264546394348145 0.39810705184936523 64.63306427001953
    endloop
  endfacet
  facet normal -0.24259482324123383 0.9574732780456543 -0.1561814844608307
    outer loop
      vertex -1.4575409889221191 0.8416035175323486 63.669097900390625
      vertex -1.091080665588379 0.7774362564086914 62.70650100708008
      vertex -2.4423866271972656 0.5920920372009277 63.669212341308594
    endloop
  endfacet
  facet normal -0.42981046438217163 0.8288971185684204 -0.3580397963523865
    outer loop
      vertex -5.152853965759277 0.1862337589263916 65.54681396484375
      vertex -4.897541522979736 -0.07070815563201904 64.64547729492188
      vertex -6.365715980529785 -0.4197582006454468 65.59986877441406
    endloop
  endfacet
  facet normal -0.384279727935791 0.8697537779808044 -0.30960869789123535
    outer loop
      vertex -3.8264546394348145 0.39810705184936523 64.63306427001953
      vertex -3.349396228790283 0.268176794052124 63.67594909667969
      vertex -4.897541522979736 -0.07070815563201904 64.64547729492188
    endloop
  endfacet
  facet normal -0.32931941747665405 0.9175037741661072 -0.2230149656534195
    outer loop
      vertex -2.4423866271972656 0.5920920372009277 63.669212341308594
      vertex -1.824388027191162 0.579906702041626 62.70650100708008
      vertex -3.349396228790283 0.268176794052124 63.67594909667969
    endloop
  endfacet
  facet normal -0.511772632598877 0.7418760061264038 -0.43325376510620117
    outer loop
      vertex -6.365715980529785 -0.4197582006454468 65.59986877441406
      vertex -5.916096210479736 -0.6756004095077515 64.63067626953125
      vertex -7.482204437255859 -1.2104474306106567 65.56477355957031
    endloop
  endfacet
  facet normal -0.4700668752193451 0.8006188273429871 -0.37154635787010193
    outer loop
      vertex -4.897541522979736 -0.07070815563201904 64.64547729492188
      vertex -4.262953281402588 -0.15074992179870605 63.670143127441406
      vertex -5.916096210479736 -0.6756004095077515 64.63067626953125
    endloop
  endfacet
  facet normal -0.40483352541923523 0.8859594464302063 -0.2262422740459442
    outer loop
      vertex -3.349396228790283 0.268176794052124 63.67594909667969
      vertex -2.557694911956787 0.38237738609313965 62.70650100708008
      vertex -4.262953281402588 -0.15074992179870605 63.670143127441406
    endloop
  endfacet
  facet normal -0.5808717608451843 0.6299253702163696 -0.5155405402183533
    outer loop
      vertex -7.482204437255859 -1.2104474306106567 65.56477355957031
      vertex -6.946286201477051 -1.5205097198486328 64.58208465576172
      vertex -8.529593467712402 -2.268404483795166 65.45220184326172
    endloop
  endfacet
  facet normal -0.5590406060218811 0.7065832614898682 -0.43383604288101196
    outer loop
      vertex -5.916096210479736 -0.6756004095077515 64.63067626953125
      vertex -5.292213439941406 -0.7861855030059814 63.64663314819336
      vertex -6.946286201477051 -1.5205097198486328 64.58208465576172
    endloop
  endfacet
  facet normal -0.5050317049026489 0.8271554112434387 -0.2464890480041504
    outer loop
      vertex -4.262953281402588 -0.15074992179870605 63.670143127441406
      vertex -3.6589808464050293 -0.06914734840393066 62.70650100708008
      vertex -5.292213439941406 -0.7861855030059814 63.64663314819336
    endloop
  endfacet
  facet normal -0.6231769919395447 0.4540659189224243 -0.6367688775062561
    outer loop
      vertex -8.529593467712402 -2.268404483795166 65.45220184326172
      vertex -7.721182823181152 -2.448394775390625 64.53269958496094
      vertex -9.232913970947266 -3.350086212158203 65.36918640136719
    endloop
  endfacet
  facet normal -0.6356580257415771 0.5591780543327332 -0.5322205424308777
    outer loop
      vertex -6.946286201477051 -1.5205097198486328 64.58208465576172
      vertex -6.148351669311523 -1.5283238887786865 63.6208610534668
      vertex -7.721182823181152 -2.448394775390625 64.53269958496094
    endloop
  endfacet
  facet normal -0.6124187111854553 0.7179808616638184 -0.3308274745941162
    outer loop
      vertex -5.292213439941406 -0.7861855030059814 63.64663314819336
      vertex -4.593050479888916 -0.6230071783065796 62.70650100708008
      vertex -6.148351669311523 -1.5283238887786865 63.6208610534668
    endloop
  endfacet
  facet normal -0.5926305651664734 0.1298251748085022 -0.7949430346488953
    outer loop
      vertex -9.232913970947266 -3.350086212158203 65.36918640136719
      vertex -8.093518257141113 -3.3222804069519043 64.52430725097656
      vertex -9.425652503967285 -4.306473731994629 65.35668182373047
    endloop
  endfacet
  facet normal -0.6624607443809509 0.2888912558555603 -0.6911495327949524
    outer loop
      vertex -7.721182823181152 -2.448394775390625 64.53269958496094
      vertex -6.687038421630859 -2.2739176750183105 63.614410400390625
      vertex -8.093518257141113 -3.3222804069519043 64.52430725097656
    endloop
  endfacet
  facet normal -0.7013559341430664 0.5110247135162354 -0.496944397687912
    outer loop
      vertex -6.148351669311523 -1.5283238887786865 63.6208610534668
      vertex -5.2943902015686035 -1.2454707622528076 62.70650100708008
      vertex -6.687038421630859 -2.2739176750183105 63.614410400390625
    endloop
  endfacet
  facet normal -0.49866846203804016 -0.17054417729377747 -0.8498496413230896
    outer loop
      vertex -9.425652503967285 -4.306473731994629 65.35668182373047
      vertex -8.137399673461914 -4.156065940856934 64.57058715820312
      vertex -9.263907432556152 -5.204384803771973 65.44196319580078
    endloop
  endfacet
  facet normal -0.6077620983123779 -0.012087132781744003 -0.7940270900726318
    outer loop
      vertex -8.093518257141113 -3.3222804069519043 64.52430725097656
      vertex -6.938241958618164 -3.019489049911499 63.63542938232422
      vertex -8.137399673461914 -4.156065940856934 64.57058715820312
    endloop
  endfacet
  facet normal -0.7175753116607666 0.22317110002040863 -0.6597578525543213
    outer loop
      vertex -6.687038421630859 -2.2739176750183105 63.614410400390625
      vertex -5.7223052978515625 -1.855994701385498 62.70650100708008
      vertex -6.938241958618164 -3.019489049911499 63.63542938232422
    endloop
  endfacet
  facet normal -0.42975980043411255 -0.36995595693588257 -0.8236741423606873
    outer loop
      vertex -9.263907432556152 -5.204384803771973 65.44196319580078
      vertex -7.894986152648926 -5.048177719116211 64.65755462646484
      vertex -8.827516555786133 -6.191976547241211 65.65785217285156
    endloop
  endfacet
  facet normal -0.548678457736969 -0.2275170385837555 -0.8044799566268921
    outer loop
      vertex -8.137399673461914 -4.156065940856934 64.57058715820312
      vertex -6.945488929748535 -3.874662160873413 63.67808532714844
      vertex -7.894986152648926 -5.048177719116211 64.65755462646484
    endloop
  endfacet
  facet normal -0.7053290009498596 -0.029351364821195602 -0.7082721590995789
    outer loop
      vertex -6.938241958618164 -3.019489049911499 63.63542938232422
      vertex -6.019140243530273 -2.6902031898498535 62.70650100708008
      vertex -6.945488929748535 -3.874662160873413 63.67808532714844
    endloop
  endfacet
  facet normal -0.4061878025531769 -0.47340455651283264 -0.7816006541252136
    outer loop
      vertex -8.827516555786133 -6.191976547241211 65.65785217285156
      vertex -7.3566436767578125 -5.9454498291015625 64.744140625
      vertex -7.935053825378418 -7.060558319091797 65.72013854980469
    endloop
  endfacet
  facet normal -0.500053346157074 -0.37533140182495117 -0.7804312109947205
    outer loop
      vertex -7.894986152648926 -5.048177719116211 64.65755462646484
      vertex -6.64813232421875 -4.765317916870117 63.72261047363281
      vertex -7.3566436767578125 -5.9454498291015625 64.744140625
    endloop
  endfacet
  facet normal -0.6329098343849182 -0.2479705959558487 -0.7334410548210144
    outer loop
      vertex -6.945488929748535 -3.874662160873413 63.67808532714844
      vertex -5.923559188842773 -3.6092660427093506 62.70650100708008
      vertex -6.64813232421875 -4.765317916870117 63.72261047363281
    endloop
  endfacet
  facet normal -0.3893267810344696 -0.5579940676689148 -0.7328487038612366
    outer loop
      vertex -7.935053825378418 -7.060558319091797 65.72013854980469
      vertex -6.694815635681152 -6.707372188568115 64.79234313964844
      vertex -7.110145568847656 -7.792061805725098 65.83887481689453
    endloop
  endfacet
  facet normal -0.48135900497436523 -0.4651237726211548 -0.7429355978965759
    outer loop
      vertex -7.3566436767578125 -5.9454498291015625 64.744140625
      vertex -6.179962158203125 -5.5720415115356445 63.74797439575195
      vertex -6.694815635681152 -6.707372188568115 64.79234313964844
    endloop
  endfacet
  facet normal -0.6026491522789001 -0.3719366192817688 -0.7060291171073914
    outer loop
      vertex -6.64813232421875 -4.765317916870117 63.72261047363281
      vertex -5.6982645988464355 -4.375558376312256 62.70650100708008
      vertex -6.179962158203125 -5.5720415115356445 63.74797439575195
    endloop
  endfacet
  facet normal -0.35346680879592896 -0.649914562702179 -0.6728093028068542
    outer loop
      vertex -7.110145568847656 -7.792061805725098 65.83887481689453
      vertex -5.901412487030029 -7.412936687469482 64.83763122558594
      vertex -6.200279235839844 -8.335489273071289 65.88580322265625
    endloop
  endfacet
  facet normal -0.4588005244731903 -0.5601885914802551 -0.6897034645080566
    outer loop
      vertex -6.694815635681152 -6.707372188568115 64.79234313964844
      vertex -5.49472713470459 -6.4299774169921875 63.76872253417969
      vertex -5.901412487030029 -7.412936687469482 64.83763122558594
    endloop
  endfacet
  facet normal -0.5790309906005859 -0.47843843698501587 -0.6601665616035461
    outer loop
      vertex -6.179962158203125 -5.5720415115356445 63.74797439575195
      vertex -5.127965927124023 -5.408159255981445 62.70650100708008
      vertex -5.49472713470459 -6.4299774169921875 63.76872253417969
    endloop
  endfacet
  facet normal -0.24643750488758087 -0.7816658616065979 -0.5729460120201111
    outer loop
      vertex -6.200279235839844 -8.335489273071289 65.88580322265625
      vertex -4.791374206542969 -8.095964431762695 64.95301818847656
      vertex -4.940210342407227 -8.842137336730957 66.0350341796875
    endloop
  endfacet
  facet normal -0.37401068210601807 -0.7088592648506165 -0.5980255603790283
    outer loop
      vertex -5.901412487030029 -7.412936687469482 64.83763122558594
      vertex -4.524279594421387 -7.283743858337402 63.82322311401367
      vertex -4.791374206542969 -8.095964431762695 64.95301818847656
    endloop
  endfacet
  facet normal -0.517982006072998 -0.625985860824585 -0.5829547643661499
    outer loop
      vertex -5.49472713470459 -6.4299774169921875 63.76872253417969
      vertex -4.222986698150635 -6.493096351623535 62.70650100708008
      vertex -4.524279594421387 -7.283743858337402 63.82322311401367
    endloop
  endfacet
  facet normal -0.17519956827163696 -0.8770809173583984 -0.44725167751312256
    outer loop
      vertex -4.940210342407227 -8.842137336730957 66.0350341796875
      vertex -3.257449150085449 -8.708822250366211 65.11441802978516
      vertex -3.1470232009887695 -9.34965991973877 66.32787322998047
    endloop
  endfacet
  facet normal -0.284549742937088 -0.8358393311500549 -0.4694719910621643
    outer loop
      vertex -4.791374206542969 -8.095964431762695 64.95301818847656
      vertex -3.259345531463623 -8.028736114501953 63.904754638671875
      vertex -3.257449150085449 -8.708822250366211 65.11441802978516
    endloop
  endfacet
  facet normal -0.4298771023750305 -0.7797167897224426 -0.45524436235427856
    outer loop
      vertex -4.524279594421387 -7.283743858337402 63.82322311401367
      vertex -3.3065176010131836 -7.3031182289123535 62.70650100708008
      vertex -3.259345531463623 -8.028736114501953 63.904754638671875
    endloop
  endfacet
  facet normal -0.15974752604961395 -0.9327267408370972 -0.3232671916484833
    outer loop
      vertex -3.1470232009887695 -9.34965991973877 66.32787322998047
      vertex -1.4521455764770508 -9.2530517578125 65.21157836914062
      vertex -1.186490535736084 -9.740013122558594 66.48533630371094
    endloop
  endfacet
  facet normal -0.2558104395866394 -0.9078688025474548 -0.33216753602027893
    outer loop
      vertex -3.257449150085449 -8.708822250366211 65.11441802978516
      vertex -1.637195110321045 -8.741979598999023 63.957244873046875
      vertex -1.4521455764770508 -9.2530517578125 65.21157836914062
    endloop
  endfacet
  facet normal -0.3777186870574951 -0.8802037835121155 -0.28734996914863586
    outer loop
      vertex -3.259345531463623 -8.028736114501953 63.904754638671875
      vertex -1.8544793128967285 -8.240421295166016 62.70650100708008
      vertex -1.637195110321045 -8.741979598999023 63.957244873046875
    endloop
  endfacet
  facet normal -0.1265411376953125 -0.9625838398933411 -0.23962385952472687
    outer loop
      vertex -1.186490535736084 -9.740013122558594 66.48533630371094
      vertex 0.2704399824142456 -9.618419647216797 65.22750854492188
      vertex 0.4773740768432617 -9.952144622802734 66.45882415771484
    endloop
  endfacet
  facet normal -0.19895026087760925 -0.948697566986084 -0.24574759602546692
    outer loop
      vertex -1.4521455764770508 -9.2530517578125 65.21157836914062
      vertex 0.11812329292297363 -9.260016441345215 63.967220306396484
      vertex 0.2704399824142456 -9.618419647216797 65.22750854492188
    endloop
  endfacet
  facet normal -0.27741700410842896 -0.9434917569160461 -0.18128174543380737
    outer loop
      vertex -1.637195110321045 -8.741979598999023 63.957244873046875
      vertex -0.12493538856506348 -8.94631576538086 62.70650100708008
      vertex 0.11812329292297363 -9.260016441345215 63.967220306396484
    endloop
  endfacet
  facet normal -0.05183904990553856 -0.9758633971214294 -0.21214018762111664
    outer loop
      vertex 0.4773740768432617 -9.952144622802734 66.45882415771484
      vertex 1.8309937715530396 -9.800712585449219 65.43144989013672
      vertex 1.7276071310043335 -10.046287536621094 66.58638000488281
    endloop
  endfacet
  facet normal -0.0830952376127243 -0.9694666862487793 -0.23071514070034027
    outer loop
      vertex 0.2704399824142456 -9.618419647216797 65.22750854492188
      vertex 1.9084571599960327 -9.508081436157227 64.17391204833984
      vertex 1.8309937715530396 -9.800712585449219 65.43144989013672
    endloop
  endfacet
  facet normal -0.11579909175634384 -0.978404700756073 -0.17121580243110657
    outer loop
      vertex 0.11812329292297363 -9.260016441345215 63.967220306396484
      vertex 1.9999949932098389 -9.262125968933105 62.70650100708008
      vertex 1.9084571599960327 -9.508081436157227 64.17391204833984
    endloop
  endfacet
  facet normal 0.03049406036734581 -0.9782295823097229 -0.20527301728725433
    outer loop
      vertex 1.8309937715530396 -9.800712585449219 65.43144989013672
      vertex 2.9502077102661133 -9.98642349243164 66.48271942138672
      vertex 1.7276071310043335 -10.046287536621094 66.58638000488281
    endloop
  endfacet
  facet normal 0.06921649724245071 -0.9725741147994995 -0.22205592691898346
    outer loop
      vertex 1.9084571599960327 -9.508081436157227 64.17391204833984
      vertex 3.3617868423461914 -9.64484977722168 65.2259521484375
      vertex 1.8309937715530396 -9.800712585449219 65.43144989013672
    endloop
  endfacet
  facet normal 0.11030441522598267 -0.9813230633735657 -0.1576005220413208
    outer loop
      vertex 1.9999949932098389 -9.262125968933105 62.70650100708008
      vertex 3.693596363067627 -9.274147033691406 63.96670150756836
      vertex 1.9084571599960327 -9.508081436157227 64.17391204833984
    endloop
  endfacet
  facet normal 0.13241058588027954 -0.9666190147399902 -0.2193518429994583
    outer loop
      vertex 3.3617868423461914 -9.64484977722168 65.2259521484375
      vertex 4.3682732582092285 -9.789535522460938 66.47109985351562
      vertex 2.9502077102661133 -9.98642349243164 66.48271942138672
    endloop
  endfacet
  facet normal 0.21878144145011902 -0.9501692056655884 -0.22206583619117737
    outer loop
      vertex 3.693596363067627 -9.274147033691406 63.96670150756836
      vertex 4.901361465454102 -9.296113967895508 65.25059509277344
      vertex 3.3617868423461914 -9.64484977722168 65.2259521484375
    endloop
  endfacet
  facet normal 0.29196473956108093 -0.9452260136604309 -0.14596004784107208
    outer loop
      vertex 4.124935150146484 -8.94631576538086 62.70650100708008
      vertex 5.351768493652344 -8.764023780822754 63.98003387451172
      vertex 3.693596363067627 -9.274147033691406 63.96670150756836
    endloop
  endfacet
  facet normal 0.2226279377937317 -0.9337524175643921 -0.2802555561065674
    outer loop
      vertex 4.901361465454102 -9.296113967895508 65.25059509277344
      vertex 5.928634166717529 -9.434928894042969 66.52913665771484
      vertex 4.3682732582092285 -9.789535522460938 66.47109985351562
    endloop
  endfacet
  facet normal 0.31966432929039 -0.9090269207954407 -0.26736629009246826
    outer loop
      vertex 5.351768493652344 -8.764023780822754 63.98003387451172
      vertex 6.411876678466797 -8.779996871948242 65.30181121826172
      vertex 4.901361465454102 -9.296113967895508 65.25059509277344
    endloop
  endfacet
  facet normal 0.42275530099868774 -0.8846120238304138 -0.19682365655899048
    outer loop
      vertex 5.8544793128967285 -8.240421295166016 62.70650100708008
      vertex 6.823526859283447 -8.066604614257812 64.00669860839844
      vertex 5.351768493652344 -8.764023780822754 63.98003387451172
    endloop
  endfacet
  facet normal 0.25923341512680054 -0.8907691240310669 -0.37326741218566895
    outer loop
      vertex 6.411876678466797 -8.779996871948242 65.30181121826172
      vertex 7.360238552093506 -9.05880355834961 66.62579345703125
      vertex 5.928634166717529 -9.434928894042969 66.52913665771484
    endloop
  endfacet
  facet normal 0.36672481894493103 -0.8592206835746765 -0.3567250072956085
    outer loop
      vertex 6.823526859283447 -8.066604614257812 64.00669860839844
      vertex 7.684542655944824 -8.26445198059082 65.36839294433594
      vertex 6.411876678466797 -8.779996871948242 65.30181121826172
    endloop
  endfacet
  facet normal 0.5037884712219238 -0.8134980797767639 -0.29054778814315796
    outer loop
      vertex 7.306517601013184 -7.3031182289123535 62.70650100708008
      vertex 7.962981700897217 -7.372920513153076 64.04019927978516
      vertex 6.823526859283447 -8.066604614257812 64.00669860839844
    endloop
  endfacet
  facet normal 0.31215178966522217 -0.837471604347229 -0.44855615496635437
    outer loop
      vertex 7.684542655944824 -8.26445198059082 65.36839294433594
      vertex 8.529020309448242 -8.681821823120117 66.73531341552734
      vertex 7.360238552093506 -9.05880355834961 66.62579345703125
    endloop
  endfacet
  facet normal 0.4454459249973297 -0.7837896943092346 -0.43272578716278076
    outer loop
      vertex 7.962981700897217 -7.372920513153076 64.04019927978516
      vertex 8.76371955871582 -7.682624816894531 65.4254379272461
      vertex 7.684542655944824 -8.26445198059082 65.36839294433594
    endloop
  endfacet
  facet normal 0.6048557758331299 -0.7138276696205139 -0.35298654437065125
    outer loop
      vertex 8.222986221313477 -6.493096351623535 62.70650100708008
      vertex 8.929708480834961 -6.567516803741455 64.0679931640625
      vertex 7.962981700897217 -7.372920513153076 64.04019927978516
    endloop
  endfacet
  facet normal 0.37534207105636597 -0.7681533098220825 -0.5187088251113892
    outer loop
      vertex 8.76371955871582 -7.682624816894531 65.4254379272461
      vertex 9.704994201660156 -8.149106979370117 66.79736328125
      vertex 8.529020309448242 -8.681821823120117 66.73531341552734
    endloop
  endfacet
  facet normal 0.5014010667800903 -0.6976282000541687 -0.5117732286453247
    outer loop
      vertex 8.929708480834961 -6.567516803741455 64.0679931640625
      vertex 9.784514427185059 -6.975205898284912 65.46121978759766
      vertex 8.76371955871582 -7.682624816894531 65.4254379272461
    endloop
  endfacet
  facet normal 0.6650992035865784 -0.6135790944099426 -0.4256334602832794
    outer loop
      vertex 9.127965927124023 -5.408159255981445 62.70650100708008
      vertex 9.736945152282715 -5.704306602478027 64.08501434326172
      vertex 8.929708480834961 -6.567516803741455 64.0679931640625
    endloop
  endfacet
  facet normal 0.4274221658706665 -0.6916255950927734 -0.5822063684463501
    outer loop
      vertex 9.784514427185059 -6.975205898284912 65.46121978759766
      vertex 10.962990760803223 -7.384488582611084 66.81259155273438
      vertex 9.704994201660156 -8.149106979370117 66.79736328125
    endloop
  endfacet
  facet normal 0.5318819880485535 -0.6128774285316467 -0.5843653082847595
    outer loop
      vertex 9.736945152282715 -5.704306602478027 64.08501434326172
      vertex 10.73564624786377 -6.167972564697266 65.48030853271484
      vertex 9.784514427185059 -6.975205898284912 65.46121978759766
    endloop
  endfacet
  facet normal 0.6955288052558899 -0.5074563026428223 -0.5086528658866882
    outer loop
      vertex 9.698265075683594 -4.375558376312256 62.70650100708008
      vertex 10.348180770874023 -4.8755292892456055 64.09398651123047
      vertex 9.736945152282715 -5.704306602478027 64.08501434326172
    endloop
  endfacet
  facet normal 0.5050396919250488 -0.5927157402038574 -0.6273938417434692
    outer loop
      vertex 10.73564624786377 -6.167972564697266 65.48030853271484
      vertex 12.013898849487305 -6.485560894012451 66.80931091308594
      vertex 10.962990760803223 -7.384488582611084 66.81259155273438
    endloop
  endfacet
  facet normal 0.6105449795722961 -0.4869351387023926 -0.6246031522750854
    outer loop
      vertex 10.348180770874023 -4.8755292892456055 64.09398651123047
      vertex 11.442869186401367 -5.281287670135498 65.48036193847656
      vertex 10.73564624786377 -6.167972564697266 65.48030853271484
    endloop
  endfacet
  facet normal 0.7748596668243408 -0.3305606544017792 -0.5388156771659851
    outer loop
      vertex 9.923559188842773 -3.6092660427093506 62.70650100708008
      vertex 10.724222183227539 -3.9920942783355713 64.09278106689453
      vertex 10.348180770874023 -4.8755292892456055 64.09398651123047
    endloop
  endfacet
  facet normal 0.5973374247550964 -0.4496168792247772 -0.6641029119491577
    outer loop
      vertex 11.442869186401367 -5.281287670135498 65.48036193847656
      vertex 12.617094039916992 -5.537398338317871 66.70993041992188
      vertex 12.013898849487305 -6.485560894012451 66.80931091308594
    endloop
  endfacet
  facet normal 0.7174644470214844 -0.28445470333099365 -0.6358698010444641
    outer loop
      vertex 10.724222183227539 -3.9920942783355713 64.09278106689453
      vertex 11.758227348327637 -4.394054412841797 65.43928527832031
      vertex 11.442869186401367 -5.281287670135498 65.48036193847656
    endloop
  endfacet
  facet normal 0.8748616576194763 -0.04018217325210571 -0.4827032685279846
    outer loop
      vertex 10.019140243530273 -2.6902031898498535 62.70650100708008
      vertex 10.751173973083496 -3.137852191925049 64.07051849365234
      vertex 10.724222183227539 -3.9920942783355713 64.09278106689453
    endloop
  endfacet
  facet normal 0.6676225066184998 -0.26968973875045776 -0.6939363479614258
    outer loop
      vertex 11.758227348327637 -4.394054412841797 65.43928527832031
      vertex 12.791208267211914 -4.592903137207031 66.5103759765625
      vertex 12.617094039916992 -5.537398338317871 66.70993041992188
    endloop
  endfacet
  facet normal 0.7678940892219543 -0.07728471606969833 -0.6358975768089294
    outer loop
      vertex 10.751173973083496 -3.137852191925049 64.07051849365234
      vertex 11.787226676940918 -3.5219907760620117 65.36831665039062
      vertex 11.758227348327637 -4.394054412841797 65.43928527832031
    endloop
  endfacet
  facet normal 0.8670707941055298 0.220671147108078 -0.4466460049152374
    outer loop
      vertex 9.722305297851562 -1.855994701385498 62.70650100708008
      vertex 10.537537574768066 -2.371927261352539 64.0342025756836
      vertex 10.751173973083496 -3.137852191925049 64.07051849365234
    endloop
  endfacet
  facet normal 0.7346670031547546 -0.03384755179286003 -0.6775829792022705
    outer loop
      vertex 11.787226676940918 -3.5219907760620117 65.36831665039062
      vertex 12.895474433898926 -3.622955560684204 66.5749740600586
      vertex 12.791208267211914 -4.592903137207031 66.5103759765625
    endloop
  endfacet
  facet normal 0.7862511873245239 0.1629365235567093 -0.5960376262664795
    outer loop
      vertex 10.537537574768066 -2.371927261352539 64.0342025756836
      vertex 11.53669548034668 -2.602105140686035 65.28929901123047
      vertex 11.787226676940918 -3.5219907760620117 65.36831665039062
    endloop
  endfacet
  facet normal 0.805675208568573 0.47998324036598206 -0.34713613986968994
    outer loop
      vertex 9.294389724731445 -1.2454707622528076 62.70650100708008
      vertex 10.062399864196777 -1.6030365228652954 63.99458694458008
      vertex 10.537537574768066 -2.371927261352539 64.0342025756836
    endloop
  endfacet
  facet normal 0.7496846914291382 0.20562903583049774 -0.6290385723114014
    outer loop
      vertex 11.53669548034668 -2.602105140686035 65.28929901123047
      vertex 12.383257865905762 -2.3428144454956055 66.38298797607422
      vertex 12.895474433898926 -3.622955560684204 66.5749740600586
    endloop
  endfacet
  facet normal 0.7422946095466614 0.43612444400787354 -0.5087181329727173
    outer loop
      vertex 10.062399864196777 -1.6030365228652954 63.99458694458008
      vertex 10.906954765319824 -1.6005754470825195 65.2290267944336
      vertex 11.53669548034668 -2.602105140686035 65.28929901123047
    endloop
  endfacet
  facet normal 0.6846981644630432 0.6792290210723877 -0.26426562666893005
    outer loop
      vertex 8.593050003051758 -0.6230071783065796 62.70650100708008
      vertex 9.276921272277832 -0.822217583656311 63.96635437011719
      vertex 10.062399864196777 -1.6030365228652954 63.99458694458008
    endloop
  endfacet
  facet normal 0.6668233871459961 0.5575184226036072 -0.4944893419742584
    outer loop
      vertex 10.906954765319824 -1.6005754470825195 65.2290267944336
      vertex 11.39145565032959 -1.1470625400543213 66.3936996459961
      vertex 12.383257865905762 -2.3428144454956055 66.38298797607422
    endloop
  endfacet
  facet normal 0.6220569014549255 0.6836959719657898 -0.3815823495388031
    outer loop
      vertex 9.276921272277832 -0.822217583656311 63.96635437011719
      vertex 9.837879180908203 -0.6270016431808472 65.23060607910156
      vertex 10.906954765319824 -1.6005754470825195 65.2290267944336
    endloop
  endfacet
  facet normal 0.5398771166801453 0.8163021206855774 -0.20538602769374847
    outer loop
      vertex 7.658980846405029 -0.06914734840393066 62.70650100708008
      vertex 8.216699600219727 -0.1203082799911499 63.969181060791016
      vertex 9.276921272277832 -0.822217583656311 63.96635437011719
    endloop
  endfacet
  facet normal 0.5023171305656433 0.8071900010108948 -0.3100353479385376
    outer loop
      vertex 9.837879180908203 -0.6270016431808472 65.23060607910156
      vertex 9.81006908416748 -0.1118013858795166 66.52689361572266
      vertex 11.39145565032959 -1.1470625400543213 66.3936996459961
    endloop
  endfacet
  facet normal 0.45994123816490173 0.8524043560028076 -0.2487184703350067
    outer loop
      vertex 8.216699600219727 -0.1203082799911499 63.969181060791016
      vertex 8.471656799316406 0.10876131057739258 65.22572326660156
      vertex 9.837879180908203 -0.6270016431808472 65.23060607910156
    endloop
  endfacet
  facet normal 0.3970852792263031 0.9033557176589966 -0.1620856672525406
    outer loop
      vertex 6.557694911956787 0.38237738609313965 62.70650100708008
      vertex 7.118039131164551 0.36180925369262695 63.96462631225586
      vertex 8.216699600219727 -0.1203082799911499 63.969181060791016
    endloop
  endfacet
  facet normal 0.32425764203071594 0.9294546842575073 -0.1759856641292572
    outer loop
      vertex 8.471656799316406 0.10876131057739258 65.22572326660156
      vertex 7.8909783363342285 0.515233039855957 66.30255889892578
      vertex 9.81006908416748 -0.1118013858795166 66.52689361572266
    endloop
  endfacet
  facet normal 0.3069033920764923 0.9413070678710938 -0.14053958654403687
    outer loop
      vertex 7.118039131164551 0.36180925369262695 63.96462631225586
      vertex 6.942797660827637 0.595327615737915 65.14600372314453
      vertex 8.471656799316406 0.10876131057739258 65.22572326660156
    endloop
  endfacet
  facet normal 0.2794935703277588 0.9523268938064575 -0.1222987249493599
    outer loop
      vertex 5.824388027191162 0.579906702041626 62.70650100708008
      vertex 5.983226776123047 0.6894066333770752 63.92216491699219
      vertex 7.118039131164551 0.36180925369262695 63.96462631225586
    endloop
  endfacet
  facet normal 0.2252819836139679 0.967156171798706 -0.11771515011787415
    outer loop
      vertex 6.942797660827637 0.595327615737915 65.14600372314453
      vertex 6.154637813568115 0.9011704921722412 66.15045928955078
      vertex 7.8909783363342285 0.515233039855957 66.30255889892578
    endloop
  endfacet
  facet normal 0.21564225852489471 0.971902072429657 -0.09436573088169098
    outer loop
      vertex 5.983226776123047 0.6894066333770752 63.92216491699219
      vertex 5.486043930053711 0.9090719223022461 65.04841613769531
      vertex 6.942797660827637 0.595327615737915 65.14600372314453
    endloop
  endfacet
  facet normal 0.1979418694972992 0.9773792624473572 -0.07448995113372803
    outer loop
      vertex 5.091080665588379 0.7774362564086914 62.70650100708008
      vertex 4.895932197570801 0.9059145450592041 63.87369155883789
      vertex 5.983226776123047 0.6894066333770752 63.92216491699219
    endloop
  endfacet
  facet normal 0.17089205980300903 0.9792910814285278 -0.10855841636657715
    outer loop
      vertex 5.486043930053711 0.9090719223022461 65.04841613769531
      vertex 4.254505634307861 1.1149263381958008 64.96672058105469
      vertex 4.662966728210449 1.1749534606933594 66.15121459960938
    endloop
  endfacet
  facet normal 0.15477190911769867 0.9831594228744507 -0.09717684239149094
    outer loop
      vertex 4.895932197570801 0.9059145450592041 63.87369155883789
      vertex 3.915595054626465 1.0562386512756348 63.833187103271484
      vertex 4.254505634307861 1.1149263381958008 64.96672058105469
    endloop
  endfacet
  facet normal 0.1515345722436905 0.9847403764724731 -0.08557931333780289
    outer loop
      vertex 4.357852935791016 0.8902676105499268 62.70650100708008
      vertex 3.6246252059936523 1.003098726272583 62.70650100708008
      vertex 3.915595054626465 1.0562386512756348 63.833187103271484
    endloop
  endfacet
  facet normal 0.07695496082305908 0.9922457933425903 -0.09760264307260513
    outer loop
      vertex 4.254505634307861 1.1149263381958008 64.96672058105469
      vertex 3.020094394683838 1.2018635272979736 64.87726593017578
      vertex 3.187497615814209 1.2911128997802734 65.91658020019531
    endloop
  endfacet
  facet normal 0.06909387558698654 0.9944422841072083 -0.07944028824567795
    outer loop
      vertex 3.915595054626465 1.0562386512756348 63.833187103271484
      vertex 2.8953871726989746 1.1235113143920898 63.78797912597656
      vertex 3.020094394683838 1.2018635272979736 64.87726593017578
    endloop
  endfacet
  facet normal 0.05147208273410797 0.9957660436630249 -0.07616184651851654
    outer loop
      vertex 3.6246252059936523 1.003098726272583 62.70650100708008
      vertex 2.812310218811035 1.0450880527496338 62.70650100708008
      vertex 2.8953871726989746 1.1235113143920898 63.78797912597656
    endloop
  endfacet
  facet normal 0.011034516617655754 0.9969774484634399 -0.07690377533435822
    outer loop
      vertex 3.020094394683838 1.2018635272979736 64.87726593017578
      vertex 1.6841899156570435 1.1966111660003662 64.61749267578125
      vertex 1.5394394397735596 1.276167631149292 65.62808990478516
    endloop
  endfacet
  facet normal 0.01773643121123314 0.9979159832000732 -0.06204261630773544
    outer loop
      vertex 2.8953871726989746 1.1235113143920898 63.78797912597656
      vertex 1.8572282791137695 1.1287133693695068 63.574867248535156
      vertex 1.6841899156570435 1.1966111660003662 64.61749267578125
    endloop
  endfacet
  facet normal 0.05158202722668648 0.9978925585746765 -0.039365898817777634
    outer loop
      vertex 2.812310218811035 1.0450880527496338 62.70650100708008
      vertex 1.9999955892562866 1.0870773792266846 62.70650100708008
      vertex 1.8572282791137695 1.1287133693695068 63.574867248535156
    endloop
  endfacet
  facet normal -0.030740993097424507 0.9960905313491821 -0.08281757682561874
    outer loop
      vertex 1.5394394397735596 1.276167631149292 65.62808990478516
      vertex 1.6841899156570435 1.1966111660003662 64.61749267578125
      vertex 0.22830736637115479 1.1600654125213623 64.71834564208984
    endloop
  endfacet
  facet normal -0.03037029691040516 0.9970865845680237 -0.06997258961200714
    outer loop
      vertex 1.6841899156570435 1.1966111660003662 64.61749267578125
      vertex 1.8572282791137695 1.1287133693695068 63.574867248535156
      vertex 0.7358605861663818 1.104412317276001 63.715293884277344
    endloop
  endfacet
  facet normal -0.05154076963663101 0.9970837235450745 -0.0562814436852932
    outer loop
      vertex 1.8572282791137695 1.1287133693695068 63.574867248535156
      vertex 1.9999955892562866 1.0870773792266846 62.70650100708008
      vertex 1.1876896619796753 1.0450880527496338 62.70650100708008
    endloop
  endfacet
  facet normal -0.082613006234169 0.9890760183334351 -0.12208040058612823
    outer loop
      vertex -0.3140075206756592 1.2404608726501465 65.73668670654297
      vertex 0.22830736637115479 1.1600654125213623 64.71834564208984
      vertex -1.2306642532348633 1.030972957611084 64.65975952148438
    endloop
  endfacet
  facet normal -0.07512543350458145 0.9928185343742371 -0.09309946745634079
    outer loop
      vertex 0.22830736637115479 1.1600654125213623 64.71834564208984
      vertex 0.7358605861663818 1.104412317276001 63.715293884277344
      vertex -0.39392757415771484 1.0160715579986572 63.68489074707031
    endloop
  endfacet
  facet normal -0.0514499805867672 0.9953382015228271 -0.08157701045274734
    outer loop
      vertex 0.7358605861663818 1.104412317276001 63.715293884277344
      vertex 1.1876896619796753 1.0450880527496338 62.70650100708008
      vertex 0.3753749132156372 1.003098726272583 62.70650100708008
    endloop
  endfacet
  facet normal -0.17621006071567535 0.9663745164871216 -0.1872706264257431
    outer loop
      vertex -2.1485085487365723 1.0352201461791992 65.5453109741211
      vertex -1.2306642532348633 1.030972957611084 64.65975952148438
      vertex -2.603888511657715 0.7749872207641602 64.63091278076172
    endloop
  endfacet
  facet normal -0.1578536033630371 0.975941002368927 -0.15040463209152222
    outer loop
      vertex -1.2306642532348633 1.030972957611084 64.65975952148438
      vertex -0.39392757415771484 1.0160715579986572 63.68489074707031
      vertex -1.4575409889221191 0.8416035175323486 63.669097900390625
    endloop
  endfacet
  facet normal -0.15077093243598938 0.979777991771698 -0.13154160976409912
    outer loop
      vertex -0.39392757415771484 1.0160715579986572 63.68489074707031
      vertex 0.3753749132156372 1.003098726272583 62.70650100708008
      vertex -0.3578529357910156 0.8902676105499268 62.70650100708008
    endloop
  endfacet
  facet normal -0.28327953815460205 0.9173370599746704 -0.27972376346588135
    outer loop
      vertex -3.7444396018981934 0.6914737224578857 65.5120849609375
      vertex -2.603888511657715 0.7749872207641602 64.63091278076172
      vertex -3.8264546394348145 0.39810705184936523 64.63306427001953
    endloop
  endfacet
  facet normal -0.2395947128534317 0.945602297782898 -0.22006967663764954
    outer loop
      vertex -2.603888511657715 0.7749872207641602 64.63091278076172
      vertex -1.4575409889221191 0.8416035175323486 63.669097900390625
      vertex -2.4423866271972656 0.5920920372009277 63.669212341308594
    endloop
  endfacet
  facet normal -0.15094080567359924 0.9808796644210815 -0.12284911423921585
    outer loop
      vertex -1.4575409889221191 0.8416035175323486 63.669097900390625
      vertex -0.3578529357910156 0.8902676105499268 62.70650100708008
      vertex -1.091080665588379 0.7774362564086914 62.70650100708008
    endloop
  endfacet
  facet normal -0.3788197338581085 0.8561737537384033 -0.3513718545436859
    outer loop
      vertex -5.152853965759277 0.1862337589263916 65.54681396484375
      vertex -3.8264546394348145 0.39810705184936523 64.63306427001953
      vertex -4.897541522979736 -0.07070815563201904 64.64547729492188
    endloop
  endfacet
  facet normal -0.32432976365089417 0.9022607803344727 -0.2841404974460602
    outer loop
      vertex -3.8264546394348145 0.39810705184936523 64.63306427001953
      vertex -2.4423866271972656 0.5920920372009277 63.669212341308594
      vertex -3.349396228790283 0.268176794052124 63.67594909667969
    endloop
  endfacet
  facet normal -0.25601938366889954 0.9504445791244507 -0.17637799680233002
    outer loop
      vertex -2.4423866271972656 0.5920920372009277 63.669212341308594
      vertex -1.091080665588379 0.7774362564086914 62.70650100708008
      vertex -1.824388027191162 0.579906702041626 62.70650100708008
    endloop
  endfacet
  facet normal -0.45896661281585693 0.7831042408943176 -0.41963961720466614
    outer loop
      vertex -6.365715980529785 -0.4197582006454468 65.59986877441406
      vertex -4.897541522979736 -0.07070815563201904 64.64547729492188
      vertex -5.916096210479736 -0.6756004095077515 64.63067626953125
    endloop
  endfacet
  facet normal -0.3923642933368683 0.8601484894752502 -0.32587558031082153
    outer loop
      vertex -4.897541522979736 -0.07070815563201904 64.64547729492188
      vertex -3.349396228790283 0.268176794052124 63.67594909667969
      vertex -4.262953281402588 -0.15074992179870605 63.670143127441406
    endloop
  endfacet
  facet normal -0.2588401436805725 0.9609168171882629 -0.09818658232688904
    outer loop
      vertex -3.349396228790283 0.268176794052124 63.67594909667969
      vertex -1.824388027191162 0.579906702041626 62.70650100708008
      vertex -2.557694911956787 0.38237738609313965 62.70650100708008
    endloop
  endfacet
  facet normal -0.5330172181129456 0.6789407134056091 -0.5049080848693848
    outer loop
      vertex -7.482204437255859 -1.2104474306106567 65.56477355957031
      vertex -5.916096210479736 -0.6756004095077515 64.63067626953125
      vertex -6.946286201477051 -1.5205097198486328 64.58208465576172
    endloop
  endfacet
  facet normal -0.47704237699508667 0.7871622443199158 -0.3909045457839966
    outer loop
      vertex -5.916096210479736 -0.6756004095077515 64.63067626953125
      vertex -4.262953281402588 -0.15074992179870605 63.670143127441406
      vertex -5.292213439941406 -0.7861855030059814 63.64663314819336
    endloop
  endfacet
  facet normal -0.3746214509010315 0.9137159585952759 -0.1574230194091797
    outer loop
      vertex -4.262953281402588 -0.15074992179870605 63.670143127441406
      vertex -2.557694911956787 0.38237738609313965 62.70650100708008
      vertex -3.6589808464050293 -0.06914734840393066 62.70650100708008
    endloop
  endfacet
  facet normal -0.5867774486541748 0.5229355096817017 -0.6182480454444885
    outer loop
      vertex -8.529593467712402 -2.268404483795166 65.45220184326172
      vertex -6.946286201477051 -1.5205097198486328 64.58208465576172
      vertex -7.721182823181152 -2.448394775390625 64.53269958496094
    endloop
  endfacet
  facet normal -0.5675857663154602 0.6713241934776306 -0.4766238331794739
    outer loop
      vertex -6.946286201477051 -1.5205097198486328 64.58208465576172
      vertex -5.292213439941406 -0.7861855030059814 63.64663314819336
      vertex -6.148351669311523 -1.5283238887786865 63.6208610534668
    endloop
  endfacet
  facet normal -0.49705368280410767 0.8382676243782043 -0.2241540253162384
    outer loop
      vertex -5.292213439941406 -0.7861855030059814 63.64663314819336
      vertex -3.6589808464050293 -0.06914734840393066 62.70650100708008
      vertex -4.593050479888916 -0.6230071783065796 62.70650100708008
    endloop
  endfacet
  facet normal -0.5800086855888367 0.2545549273490906 -0.7738163471221924
    outer loop
      vertex -9.232913970947266 -3.350086212158203 65.36918640136719
      vertex -7.721182823181152 -2.448394775390625 64.53269958496094
      vertex -8.093518257141113 -3.3222804069519043 64.52430725097656
    endloop
  endfacet
  facet normal -0.6313068270683289 0.46150749921798706 -0.6232675909996033
    outer loop
      vertex -7.721182823181152 -2.448394775390625 64.53269958496094
      vertex -6.148351669311523 -1.5283238887786865 63.6208610534668
      vertex -6.687038421630859 -2.2739176750183105 63.614410400390625
    endloop
  endfacet
  facet normal -0.6187258362770081 0.6971283555030823 -0.36220210790634155
    outer loop
      vertex -6.148351669311523 -1.5283238887786865 63.6208610534668
      vertex -4.593050479888916 -0.6230071783065796 62.70650100708008
      vertex -5.2943902015686035 -1.2454707622528076 62.70650100708008
    endloop
  endfacet
  facet normal -0.5190675258636475 -0.020111408084630966 -0.8544965982437134
    outer loop
      vertex -9.425652503967285 -4.306473731994629 65.35668182373047
      vertex -8.093518257141113 -3.3222804069519043 64.52430725097656
      vertex -8.137399673461914 -4.156065940856934 64.57058715820312
    endloop
  endfacet
  facet normal -0.6295228004455566 0.19087029993534088 -0.7531731128692627
    outer loop
      vertex -8.093518257141113 -3.3222804069519043 64.52430725097656
      vertex -6.687038421630859 -2.2739176750183105 63.614410400390625
      vertex -6.938241958618164 -3.019489049911499 63.63542938232422
    endloop
  endfacet
  facet normal -0.7003476619720459 0.4908723831176758 -0.518225371837616
    outer loop
      vertex -6.687038421630859 -2.2739176750183105 63.614410400390625
      vertex -5.2943902015686035 -1.2454707622528076 62.70650100708008
      vertex -5.7223052978515625 -1.855994701385498 62.70650100708008
    endloop
  endfacet
  facet normal -0.46778586506843567 -0.21078655123710632 -0.8583388328552246
    outer loop
      vertex -9.263907432556152 -5.204384803771973 65.44196319580078
      vertex -8.137399673461914 -4.156065940856934 64.57058715820312
      vertex -7.894986152648926 -5.048177719116211 64.65755462646484
    endloop
  endfacet
  facet normal -0.5936979055404663 -0.035068463534116745 -0.8039236068725586
    outer loop
      vertex -8.137399673461914 -4.156065940856934 64.57058715820312
      vertex -6.938241958618164 -3.019489049911499 63.63542938232422
      vertex -6.945488929748535 -3.874662160873413 63.67808532714844
    endloop
  endfacet
  facet normal -0.7309051752090454 0.26007673144340515 -0.6309815049171448
    outer loop
      vertex -6.938241958618164 -3.019489049911499 63.63542938232422
      vertex -5.7223052978515625 -1.855994701385498 62.70650100708008
      vertex -6.019140243530273 -2.6902031898498535 62.70650100708008
    endloop
  endfacet
  facet normal -0.45128265023231506 -0.3499744236469269 -0.8208909034729004
    outer loop
      vertex -8.827516555786133 -6.191976547241211 65.65785217285156
      vertex -7.894986152648926 -5.048177719116211 64.65755462646484
      vertex -7.3566436767578125 -5.9454498291015625 64.744140625
    endloop
  endfacet
  facet normal -0.5515505075454712 -0.22430600225925446 -0.8034169673919678
    outer loop
      vertex -7.894986152648926 -5.048177719116211 64.65755462646484
      vertex -6.945488929748535 -3.874662160873413 63.67808532714844
      vertex -6.64813232421875 -4.765317916870117 63.72261047363281
    endloop
  endfacet
  facet normal -0.6776425242424011 -0.07047373056411743 -0.7320069074630737
    outer loop
      vertex -6.945488929748535 -3.874662160873413 63.67808532714844
      vertex -6.019140243530273 -2.6902031898498535 62.70650100708008
      vertex -5.923559188842773 -3.6092660427093506 62.70650100708008
    endloop
  endfacet
  facet normal -0.45299482345581055 -0.4424494504928589 -0.7739728689193726
    outer loop
      vertex -7.935053825378418 -7.060558319091797 65.72013854980469
      vertex -7.3566436767578125 -5.9454498291015625 64.744140625
      vertex -6.694815635681152 -6.707372188568115 64.79234313964844
    endloop
  endfacet
  facet normal -0.5428167581558228 -0.3391721546649933 -0.7683178186416626
    outer loop
      vertex -7.3566436767578125 -5.9454498291015625 64.744140625
      vertex -6.64813232421875 -4.765317916870117 63.72261047363281
      vertex -6.179962158203125 -5.5720415115356445 63.74797439575195
    endloop
  endfacet
  facet normal -0.6766850352287292 -0.19894951581954956 -0.7088840007781982
    outer loop
      vertex -6.64813232421875 -4.765317916870117 63.72261047363281
      vertex -5.923559188842773 -3.6092660427093506 62.70650100708008
      vertex -5.6982645988464355 -4.375558376312256 62.70650100708008
    endloop
  endfacet
  facet normal -0.43359869718551636 -0.534160852432251 -0.7257164120674133
    outer loop
      vertex -7.110145568847656 -7.792061805725098 65.83887481689453
      vertex -6.694815635681152 -6.707372188568115 64.79234313964844
      vertex -5.901412487030029 -7.412936687469482 64.83763122558594
    endloop
  endfacet
  facet normal -0.523604691028595 -0.4359065592288971 -0.7319998145103455
    outer loop
      vertex -6.694815635681152 -6.707372188568115 64.79234313964844
      vertex -6.179962158203125 -5.5720415115356445 63.74797439575195
      vertex -5.49472713470459 -6.4299774169921875 63.76872253417969
    endloop
  endfacet
  facet normal -0.6313881278038025 -0.3487114906311035 -0.6926394701004028
    outer loop
      vertex -6.179962158203125 -5.5720415115356445 63.74797439575195
      vertex -5.6982645988464355 -4.375558376312256 62.70650100708008
      vertex -5.127965927124023 -5.408159255981445 62.70650100708008
    endloop
  endfacet
  facet normal -0.3347405195236206 -0.6579673290252686 -0.6745575070381165
    outer loop
      vertex -6.200279235839844 -8.335489273071289 65.88580322265625
      vertex -5.901412487030029 -7.412936687469482 64.83763122558594
      vertex -4.791374206542969 -8.095964431762695 64.95301818847656
    endloop
  endfacet
  facet normal -0.45570841431617737 -0.5620500445365906 -0.6902388334274292
    outer loop
      vertex -5.901412487030029 -7.412936687469482 64.83763122558594
      vertex -5.49472713470459 -6.4299774169921875 63.76872253417969
      vertex -4.524279594421387 -7.283743858337402 63.82322311401367
    endloop
  endfacet
  facet normal -0.5761087536811829 -0.4805499017238617 -0.6611887812614441
    outer loop
      vertex -5.49472713470459 -6.4299774169921875 63.76872253417969
      vertex -5.127965927124023 -5.408159255981445 62.70650100708008
      vertex -4.222986698150635 -6.493096351623535 62.70650100708008
    endloop
  endfacet
  facet normal -0.2514849305152893 -0.7802591919898987 -0.5726701617240906
    outer loop
      vertex -4.940210342407227 -8.842137336730957 66.0350341796875
      vertex -4.791374206542969 -8.095964431762695 64.95301818847656
      vertex -3.257449150085449 -8.708822250366211 65.11441802978516
    endloop
  endfacet
  facet normal -0.37791842222213745 -0.7070825099945068 -0.5976721048355103
    outer loop
      vertex -4.791374206542969 -8.095964431762695 64.95301818847656
      vertex -4.524279594421387 -7.283743858337402 63.82322311401367
      vertex -3.259345531463623 -8.028736114501953 63.904754638671875
    endloop
  endfacet
  facet normal -0.5402001738548279 -0.6111893653869629 -0.5784732103347778
    outer loop
      vertex -4.524279594421387 -7.283743858337402 63.82322311401367
      vertex -4.222986698150635 -6.493096351623535 62.70650100708008
      vertex -3.3065176010131836 -7.3031182289123535 62.70650100708008
    endloop
  endfacet
  facet normal -0.23806002736091614 -0.8676201701164246 -0.4365350008010864
    outer loop
      vertex -3.1470232009887695 -9.34965991973877 66.32787322998047
      vertex -3.257449150085449 -8.708822250366211 65.11441802978516
      vertex -1.4521455764770508 -9.2530517578125 65.21157836914062
    endloop
  endfacet
  facet normal -0.3449729084968567 -0.8184037804603577 -0.4595748484134674
    outer loop
      vertex -3.257449150085449 -8.708822250366211 65.11441802978516
      vertex -3.259345531463623 -8.028736114501953 63.904754638671875
      vertex -1.637195110321045 -8.741979598999023 63.957244873046875
    endloop
  endfacet
  facet normal -0.4875051975250244 -0.7552266716957092 -0.4381454586982727
    outer loop
      vertex -3.259345531463623 -8.028736114501953 63.904754638671875
      vertex -3.3065176010131836 -7.3031182289123535 62.70650100708008
      vertex -1.8544793128967285 -8.240421295166016 62.70650100708008
    endloop
  endfacet
  facet normal -0.19415946304798126 -0.9291175007820129 -0.314710408449173
    outer loop
      vertex -1.186490535736084 -9.740013122558594 66.48533630371094
      vertex -1.4521455764770508 -9.2530517578125 65.21157836914062
      vertex 0.2704399824142456 -9.618419647216797 65.22750854492188
    endloop
  endfacet
  facet normal -0.26547884941101074 -0.905903160572052 -0.3299402594566345
    outer loop
      vertex -1.4521455764770508 -9.2530517578125 65.21157836914062
      vertex -1.637195110321045 -8.741979598999023 63.957244873046875
      vertex 0.11812329292297363 -9.260016441345215 63.967220306396484
    endloop
  endfacet
  facet normal -0.36137664318084717 -0.8854251503944397 -0.2922827899456024
    outer loop
      vertex -1.637195110321045 -8.741979598999023 63.957244873046875
      vertex -1.8544793128967285 -8.240421295166016 62.70650100708008
      vertex -0.12493538856506348 -8.94631576538086 62.70650100708008
    endloop
  endfacet
  facet normal -0.08034027367830276 -0.9653850197792053 -0.24814753234386444
    outer loop
      vertex 0.4773740768432617 -9.952144622802734 66.45882415771484
      vertex 0.2704399824142456 -9.618419647216797 65.22750854492188
      vertex 1.8309937715530396 -9.800712585449219 65.43144989013672
    endloop
  endfacet
  facet normal -0.10292896628379822 -0.9599567651748657 -0.2605545222759247
    outer loop
      vertex 0.2704399824142456 -9.618419647216797 65.22750854492188
      vertex 0.11812329292297363 -9.260016441345215 63.967220306396484
      vertex 1.9084571599960327 -9.508081436157227 64.17391204833984
    endloop
  endfacet
  facet normal -0.14363987743854523 -0.9664815068244934 -0.21279358863830566
    outer loop
      vertex 0.11812329292297363 -9.260016441345215 63.967220306396484
      vertex -0.12493538856506348 -8.94631576538086 62.70650100708008
      vertex 1.9999949932098389 -9.262125968933105 62.70650100708008
    endloop
  endfacet
  facet normal 0.06616073846817017 -0.9681516289710999 -0.2414645552635193
    outer loop
      vertex 1.8309937715530396 -9.800712585449219 65.43144989013672
      vertex 3.3617868423461914 -9.64484977722168 65.2259521484375
      vertex 2.9502077102661133 -9.98642349243164 66.48271942138672
    endloop
  endfacet
  facet normal 0.09607717394828796 -0.961432695388794 -0.2577139139175415
    outer loop
      vertex 1.9084571599960327 -9.508081436157227 64.17391204833984
      vertex 3.693596363067627 -9.274147033691406 63.96670150756836
      vertex 3.3617868423461914 -9.64484977722168 65.2259521484375
    endloop
  endfacet
  facet normal 0.1439543068408966 -0.968601644039154 -0.20270174741744995
    outer loop
      vertex 1.9999949932098389 -9.262125968933105 62.70650100708008
      vertex 4.124935150146484 -8.94631576538086 62.70650100708008
      vertex 3.693596363067627 -9.274147033691406 63.96670150756836
    endloop
  endfacet
  facet normal 0.21617747843265533 -0.9343453645706177 -0.28331267833709717
    outer loop
      vertex 3.3617868423461914 -9.64484977722168 65.2259521484375
      vertex 4.901361465454102 -9.296113967895508 65.25059509277344
      vertex 4.3682732582092285 -9.789535522460938 66.47109985351562
    endloop
  endfacet
  facet normal 0.28410470485687256 -0.9160969257354736 -0.2829327881336212
    outer loop
      vertex 3.693596363067627 -9.274147033691406 63.96670150756836
      vertex 5.351768493652344 -8.764023780822754 63.98003387451172
      vertex 4.901361465454102 -9.296113967895508 65.25059509277344
    endloop
  endfacet
  facet normal 0.36814209818840027 -0.9020017981529236 -0.2255311757326126
    outer loop
      vertex 4.124935150146484 -8.94631576538086 62.70650100708008
      vertex 5.8544793128967285 -8.240421295166016 62.70650100708008
      vertex 5.351768493652344 -8.764023780822754 63.98003387451172
    endloop
  endfacet
  facet normal 0.3136690557003021 -0.8834843635559082 -0.34794682264328003
    outer loop
      vertex 4.901361465454102 -9.296113967895508 65.25059509277344
      vertex 6.411876678466797 -8.779996871948242 65.30181121826172
      vertex 5.928634166717529 -9.434928894042969 66.52913665771484
    endloop
  endfacet
  facet normal 0.4080769419670105 -0.8482562899589539 -0.33754175901412964
    outer loop
      vertex 5.351768493652344 -8.764023780822754 63.98003387451172
      vertex 6.823526859283447 -8.066604614257812 64.00669860839844
      vertex 6.411876678466797 -8.779996871948242 65.30181121826172
    endloop
  endfacet
  facet normal 0.5206086039543152 -0.806509256362915 -0.2801956534385681
    outer loop
      vertex 5.8544793128967285 -8.240421295166016 62.70650100708008
      vertex 7.306517601013184 -7.3031182289123535 62.70650100708008
      vertex 6.823526859283447 -8.066604614257812 64.00669860839844
    endloop
  endfacet
  facet normal 0.358082115650177 -0.8283035159111023 -0.4309181869029999
    outer loop
      vertex 6.411876678466797 -8.779996871948242 65.30181121826172
      vertex 7.684542655944824 -8.26445198059082 65.36839294433594
      vertex 7.360238552093506 -9.05880355834961 66.62579345703125
    endloop
  endfacet
  facet normal 0.48164036870002747 -0.7710309624671936 -0.41657397150993347
    outer loop
      vertex 6.823526859283447 -8.066604614257812 64.00669860839844
      vertex 7.962981700897217 -7.372920513153076 64.04019927978516
      vertex 7.684542655944824 -8.26445198059082 65.36839294433594
    endloop
  endfacet
  facet normal 0.6220706701278687 -0.7038183212280273 -0.3430274724960327
    outer loop
      vertex 7.306517601013184 -7.3031182289123535 62.70650100708008
      vertex 8.222986221313477 -6.493096351623535 62.70650100708008
      vertex 7.962981700897217 -7.372920513153076 64.04019927978516
    endloop
  endfacet
  facet normal 0.4320671856403351 -0.7526969909667969 -0.4967546761035919
    outer loop
      vertex 7.684542655944824 -8.26445198059082 65.36839294433594
      vertex 8.76371955871582 -7.682624816894531 65.4254379272461
      vertex 8.529020309448242 -8.681821823120117 66.73531341552734
    endloop
  endfacet
  facet normal 0.5700381994247437 -0.667694628238678 -0.4787905216217041
    outer loop
      vertex 7.962981700897217 -7.372920513153076 64.04019927978516
      vertex 8.929708480834961 -6.567516803741455 64.0679931640625
      vertex 8.76371955871582 -7.682624816894531 65.4254379272461
    endloop
  endfacet
  facet normal 0.7045344710350037 -0.587674081325531 -0.3978320062160492
    outer loop
      vertex 8.222986221313477 -6.493096351623535 62.70650100708008
      vertex 9.127965927124023 -5.408159255981445 62.70650100708008
      vertex 8.929708480834961 -6.567516803741455 64.0679931640625
    endloop
  endfacet
  facet normal 0.4847833216190338 -0.671168327331543 -0.5608193278312683
    outer loop
      vertex 8.76371955871582 -7.682624816894531 65.4254379272461
      vertex 9.784514427185059 -6.975205898284912 65.46121978759766
      vertex 9.704994201660156 -8.149106979370117 66.79736328125
    endloop
  endfacet
  facet normal 0.6177558302879333 -0.5669533610343933 -0.5449236035346985
    outer loop
      vertex 8.929708480834961 -6.567516803741455 64.0679931640625
      vertex 9.736945152282715 -5.704306602478027 64.08501434326172
      vertex 9.784514427185059 -6.975205898284912 65.46121978759766
    endloop
  endfacet
  facet normal 0.7858940958976746 -0.4340445101261139 -0.44042688608169556
    outer loop
      vertex 9.127965927124023 -5.408159255981445 62.70650100708008
      vertex 9.698265075683594 -4.375558376312256 62.70650100708008
      vertex 9.736945152282715 -5.704306602478027 64.08501434326172
    endloop
  endfacet
  facet normal 0.512317955493927 -0.5888622403144836 -0.6251171827316284
    outer loop
      vertex 9.784514427185059 -6.975205898284912 65.46121978759766
      vertex 10.73564624786377 -6.167972564697266 65.48030853271484
      vertex 10.962990760803223 -7.384488582611084 66.81259155273438
    endloop
  endfacet
  facet normal 0.6394818425178528 -0.4649994373321533 -0.6122405529022217
    outer loop
      vertex 9.736945152282715 -5.704306602478027 64.08501434326172
      vertex 10.348180770874023 -4.8755292892456055 64.09398651123047
      vertex 10.73564624786377 -6.167972564697266 65.48030853271484
    endloop
  endfacet
  facet normal 0.840269923210144 -0.2470439225435257 -0.48261356353759766
    outer loop
      vertex 9.698265075683594 -4.375558376312256 62.70650100708008
      vertex 9.923559188842773 -3.6092660427093506 62.70650100708008
      vertex 10.348180770874023 -4.8755292892456055 64.09398651123047
    endloop
  endfacet
  facet normal 0.5808378458023071 -0.4632378816604614 -0.6693564653396606
    outer loop
      vertex 10.73564624786377 -6.167972564697266 65.48030853271484
      vertex 11.442869186401367 -5.281287670135498 65.48036193847656
      vertex 12.013898849487305 -6.485560894012451 66.80931091308594
    endloop
  endfacet
  facet normal 0.7038328051567078 -0.3004705607891083 -0.6436900496482849
    outer loop
      vertex 10.348180770874023 -4.8755292892456055 64.09398651123047
      vertex 10.724222183227539 -3.9920942783355713 64.09278106689453
      vertex 11.442869186401367 -5.281287670135498 65.48036193847656
    endloop
  endfacet
  facet normal 0.8517524600028992 -0.08858088403940201 -0.5164021253585815
    outer loop
      vertex 9.923559188842773 -3.6092660427093506 62.70650100708008
      vertex 10.019140243530273 -2.6902031898498535 62.70650100708008
      vertex 10.724222183227539 -3.9920942783355713 64.09278106689453
    endloop
  endfacet
  facet normal 0.6677860617637634 -0.2694818079471588 -0.6938597559928894
    outer loop
      vertex 11.442869186401367 -5.281287670135498 65.48036193847656
      vertex 11.758227348327637 -4.394054412841797 65.43928527832031
      vertex 12.617094039916992 -5.537398338317871 66.70993041992188
    endloop
  endfacet
  facet normal 0.7865326404571533 -0.04087429121136665 -0.6161945462226868
    outer loop
      vertex 10.724222183227539 -3.9920942783355713 64.09278106689453
      vertex 10.751173973083496 -3.137852191925049 64.07051849365234
      vertex 11.758227348327637 -4.394054412841797 65.43928527832031
    endloop
  endfacet
  facet normal 0.876072108745575 0.311731219291687 -0.36786049604415894
    outer loop
      vertex 10.019140243530273 -2.6902031898498535 62.70650100708008
      vertex 9.722305297851562 -1.855994701385498 62.70650100708008
      vertex 10.751173973083496 -3.137852191925049 64.07051849365234
    endloop
  endfacet
  facet normal 0.7099440097808838 -0.08054479211568832 -0.6996371150016785
    outer loop
      vertex 11.758227348327637 -4.394054412841797 65.43928527832031
      vertex 11.787226676940918 -3.5219907760620117 65.36831665039062
      vertex 12.791208267211914 -4.592903137207031 66.5103759765625
    endloop
  endfacet
  facet normal 0.7938565015792847 0.19410249590873718 -0.5762951970100403
    outer loop
      vertex 10.751173973083496 -3.137852191925049 64.07051849365234
      vertex 10.537537574768066 -2.371927261352539 64.0342025756836
      vertex 11.787226676940918 -3.5219907760620117 65.36831665039062
    endloop
  endfacet
  facet normal 0.7886035442352295 0.5527313947677612 -0.2694302201271057
    outer loop
      vertex 9.722305297851562 -1.855994701385498 62.70650100708008
      vertex 9.294389724731445 -1.2454707622528076 62.70650100708008
      vertex 10.537537574768066 -2.371927261352539 64.0342025756836
    endloop
  endfacet
  facet normal 0.7348520755767822 0.1431911140680313 -0.6629394888877869
    outer loop
      vertex 11.787226676940918 -3.5219907760620117 65.36831665039062
      vertex 11.53669548034668 -2.602105140686035 65.28929901123047
      vertex 12.895474433898926 -3.622955560684204 66.5749740600586
    endloop
  endfacet
  facet normal 0.7424085736274719 0.43240785598754883 -0.511715829372406
    outer loop
      vertex 10.537537574768066 -2.371927261352539 64.0342025756836
      vertex 10.062399864196777 -1.6030365228652954 63.99458694458008
      vertex 11.53669548034668 -2.602105140686035 65.28929901123047
    endloop
  endfacet
  facet normal 0.6523496508598328 0.7350127696990967 -0.1849222034215927
    outer loop
      vertex 9.294389724731445 -1.2454707622528076 62.70650100708008
      vertex 8.593050003051758 -0.6230071783065796 62.70650100708008
      vertex 10.062399864196777 -1.6030365228652954 63.99458694458008
    endloop
  endfacet
  facet normal 0.6807578206062317 0.3907598555088043 -0.6195768713951111
    outer loop
      vertex 11.53669548034668 -2.602105140686035 65.28929901123047
      vertex 10.906954765319824 -1.6005754470825195 65.2290267944336
      vertex 12.383257865905762 -2.3428144454956055 66.38298797607422
    endloop
  endfacet
  facet normal 0.6410481333732605 0.6289703249931335 -0.43983373045921326
    outer loop
      vertex 10.062399864196777 -1.6030365228652954 63.99458694458008
      vertex 9.276921272277832 -0.822217583656311 63.96635437011719
      vertex 10.906954765319824 -1.6005754470825195 65.2290267944336
    endloop
  endfacet
  facet normal 0.5050475001335144 0.8517484664916992 -0.13946884870529175
    outer loop
      vertex 8.593050003051758 -0.6230071783065796 62.70650100708008
      vertex 7.658980846405029 -0.06914734840393066 62.70650100708008
      vertex 9.276921272277832 -0.822217583656311 63.96635437011719
    endloop
  endfacet
  facet normal 0.585070013999939 0.6432629823684692 -0.493868350982666
    outer loop
      vertex 10.906954765319824 -1.6005754470825195 65.2290267944336
      vertex 9.837879180908203 -0.6270016431808472 65.23060607910156
      vertex 11.39145565032959 -1.1470625400543213 66.3936996459961
    endloop
  endfacet
  facet normal 0.5164921283721924 0.7815612554550171 -0.3498540222644806
    outer loop
      vertex 9.276921272277832 -0.822217583656311 63.96635437011719
      vertex 8.216699600219727 -0.1203082799911499 63.969181060791016
      vertex 9.837879180908203 -0.6270016431808472 65.23060607910156
    endloop
  endfacet
  facet normal 0.37618276476860046 0.917523980140686 -0.1289818435907364
    outer loop
      vertex 7.658980846405029 -0.06914734840393066 62.70650100708008
      vertex 6.557694911956787 0.38237738609313965 62.70650100708008
      vertex 8.216699600219727 -0.1203082799911499 63.969181060791016
    endloop
  endfacet
  facet normal 0.4498688280582428 0.8332180976867676 -0.32150527834892273
    outer loop
      vertex 9.837879180908203 -0.6270016431808472 65.23060607910156
      vertex 8.471656799316406 0.10876131057739258 65.22572326660156
      vertex 9.81006908416748 -0.1118013858795166 66.52689361572266
    endloop
  endfacet
  facet normal 0.3908064365386963 0.8882996439933777 -0.24123451113700867
    outer loop
      vertex 8.216699600219727 -0.1203082799911499 63.969181060791016
      vertex 7.118039131164551 0.36180925369262695 63.96462631225586
      vertex 8.471656799316406 0.10876131057739258 65.22572326660156
    endloop
  endfacet
  facet normal 0.25880467891693115 0.9607852101325989 -0.09955936670303345
    outer loop
      vertex 6.557694911956787 0.38237738609313965 62.70650100708008
      vertex 5.824388027191162 0.579906702041626 62.70650100708008
      vertex 7.118039131164551 0.36180925369262695 63.96462631225586
    endloop
  endfacet
  facet normal 0.3067590594291687 0.9332643151283264 -0.18685971200466156
    outer loop
      vertex 8.471656799316406 0.10876131057739258 65.22572326660156
      vertex 6.942797660827637 0.595327615737915 65.14600372314453
      vertex 7.8909783363342285 0.515233039855957 66.30255889892578
    endloop
  endfacet
  facet normal 0.2794201672077179 0.9489833116531372 -0.1461336761713028
    outer loop
      vertex 7.118039131164551 0.36180925369262695 63.96462631225586
      vertex 5.983226776123047 0.6894066333770752 63.92216491699219
      vertex 6.942797660827637 0.595327615737915 65.14600372314453
    endloop
  endfacet
  facet normal 0.25821492075920105 0.958595335483551 -0.12008308619260788
    outer loop
      vertex 5.824388027191162 0.579906702041626 62.70650100708008
      vertex 5.091080665588379 0.7774362564086914 62.70650100708008
      vertex 5.983226776123047 0.6894066333770752 63.92216491699219
    endloop
  endfacet
  facet normal 0.2168748527765274 0.9682106971740723 -0.12463299930095673
    outer loop
      vertex 6.942797660827637 0.595327615737915 65.14600372314453
      vertex 5.486043930053711 0.9090719223022461 65.04841613769531
      vertex 6.154637813568115 0.9011704921722412 66.15045928955078
    endloop
  endfacet
  facet normal 0.19865402579307556 0.9747043251991272 -0.10241173952817917
    outer loop
      vertex 5.983226776123047 0.6894066333770752 63.92216491699219
      vertex 4.895932197570801 0.9059145450592041 63.87369155883789
      vertex 5.486043930053711 0.9090719223022461 65.04841613769531
    endloop
  endfacet
  facet normal 0.15156708657741547 0.9849496483802795 -0.08307688683271408
    outer loop
      vertex 5.091080665588379 0.7774362564086914 62.70650100708008
      vertex 4.357852935791016 0.8902676105499268 62.70650100708008
      vertex 4.895932197570801 0.9059145450592041 63.87369155883789
    endloop
  endfacet
endsolid
